ISO-10303-21;
HEADER;
FILE_DESCRIPTION(('FreeCAD Model'),'2;1');
FILE_NAME('Open CASCADE Shape Model','2026-08-14T05:49:23',('Author'),(
    ''),'Open CASCADE STEP processor 7.8','FreeCAD','Unknown');
FILE_SCHEMA(('AUTOMOTIVE_DESIGN { 1 0 10303 214 1 1 1 1 }'));
ENDSEC;
DATA;
#1 = APPLICATION_PROTOCOL_DEFINITION('international standard',
  'automotive_design',2000,#2);
#2 = APPLICATION_CONTEXT(
  'core data for automotive mechanical design processes');
#3 = SHAPE_DEFINITION_REPRESENTATION(#4,#10);
#4 = PRODUCT_DEFINITION_SHAPE('','',#5);
#5 = PRODUCT_DEFINITION('design','',#6,#9);
#6 = PRODUCT_DEFINITION_FORMATION('','',#7);
#7 = PRODUCT('MARTIN','MARTIN','',(#8));
#8 = PRODUCT_CONTEXT('',#2,'mechanical');
#9 = PRODUCT_DEFINITION_CONTEXT('part definition',#2,'design');
#10 = SHAPE_REPRESENTATION('',(#11,#15,#19,#23,#27,#31,#35,#39,#43,#47,
    #51,#55,#59,#63,#67,#71,#75,#79,#83,#87,#91,#95,#99,#103,#107,#111,
    #115,#119,#123,#127,#131,#135,#139,#143,#147,#151,#155,#159,#163,
    #167,#171,#175,#179,#183,#187,#191,#195,#199,#203,#207,#211,#215,
    #219,#223,#227,#231,#235,#239,#243,#247,#251,#255,#259,#263,#267,
    #271,#275,#279,#283,#287,#291,#295,#299,#303,#307,#311,#315,#319),
  #323);
#11 = AXIS2_PLACEMENT_3D('',#12,#13,#14);
#12 = CARTESIAN_POINT('',(0.,0.,0.));
#13 = DIRECTION('',(0.,0.,1.));
#14 = DIRECTION('',(1.,0.,-0.));
#15 = AXIS2_PLACEMENT_3D('',#16,#17,#18);
#16 = CARTESIAN_POINT('',(0.,0.,0.));
#17 = DIRECTION('',(0.,0.,1.));
#18 = DIRECTION('',(1.,0.,0.));
#19 = AXIS2_PLACEMENT_3D('',#20,#21,#22);
#20 = CARTESIAN_POINT('',(0.,0.,0.));
#21 = DIRECTION('',(0.,0.,1.));
#22 = DIRECTION('',(1.,0.,0.));
#23 = AXIS2_PLACEMENT_3D('',#24,#25,#26);
#24 = CARTESIAN_POINT('',(0.,0.,0.));
#25 = DIRECTION('',(0.,0.,1.));
#26 = DIRECTION('',(1.,0.,0.));
#27 = AXIS2_PLACEMENT_3D('',#28,#29,#30);
#28 = CARTESIAN_POINT('',(0.,0.,0.));
#29 = DIRECTION('',(0.,0.,1.));
#30 = DIRECTION('',(1.,0.,0.));
#31 = AXIS2_PLACEMENT_3D('',#32,#33,#34);
#32 = CARTESIAN_POINT('',(0.,0.,0.));
#33 = DIRECTION('',(0.,0.,1.));
#34 = DIRECTION('',(1.,0.,0.));
#35 = AXIS2_PLACEMENT_3D('',#36,#37,#38);
#36 = CARTESIAN_POINT('',(0.,0.,0.));
#37 = DIRECTION('',(0.,0.,1.));
#38 = DIRECTION('',(1.,0.,0.));
#39 = AXIS2_PLACEMENT_3D('',#40,#41,#42);
#40 = CARTESIAN_POINT('',(0.,0.,0.));
#41 = DIRECTION('',(0.,0.,1.));
#42 = DIRECTION('',(1.,0.,0.));
#43 = AXIS2_PLACEMENT_3D('',#44,#45,#46);
#44 = CARTESIAN_POINT('',(0.,0.,0.));
#45 = DIRECTION('',(0.,0.,1.));
#46 = DIRECTION('',(1.,0.,0.));
#47 = AXIS2_PLACEMENT_3D('',#48,#49,#50);
#48 = CARTESIAN_POINT('',(0.,0.,0.));
#49 = DIRECTION('',(0.,0.,1.));
#50 = DIRECTION('',(1.,0.,0.));
#51 = AXIS2_PLACEMENT_3D('',#52,#53,#54);
#52 = CARTESIAN_POINT('',(0.,0.,0.));
#53 = DIRECTION('',(0.,0.,1.));
#54 = DIRECTION('',(1.,0.,0.));
#55 = AXIS2_PLACEMENT_3D('',#56,#57,#58);
#56 = CARTESIAN_POINT('',(0.,0.,0.));
#57 = DIRECTION('',(0.,0.,1.));
#58 = DIRECTION('',(1.,0.,0.));
#59 = AXIS2_PLACEMENT_3D('',#60,#61,#62);
#60 = CARTESIAN_POINT('',(0.,0.,0.));
#61 = DIRECTION('',(0.,0.,1.));
#62 = DIRECTION('',(1.,0.,0.));
#63 = AXIS2_PLACEMENT_3D('',#64,#65,#66);
#64 = CARTESIAN_POINT('',(0.,0.,0.));
#65 = DIRECTION('',(0.,0.,1.));
#66 = DIRECTION('',(1.,0.,0.));
#67 = AXIS2_PLACEMENT_3D('',#68,#69,#70);
#68 = CARTESIAN_POINT('',(0.,0.,0.));
#69 = DIRECTION('',(0.,0.,1.));
#70 = DIRECTION('',(1.,0.,0.));
#71 = AXIS2_PLACEMENT_3D('',#72,#73,#74);
#72 = CARTESIAN_POINT('',(0.,0.,0.));
#73 = DIRECTION('',(0.,0.,1.));
#74 = DIRECTION('',(1.,0.,0.));
#75 = AXIS2_PLACEMENT_3D('',#76,#77,#78);
#76 = CARTESIAN_POINT('',(0.,0.,0.));
#77 = DIRECTION('',(0.,0.,1.));
#78 = DIRECTION('',(1.,0.,0.));
#79 = AXIS2_PLACEMENT_3D('',#80,#81,#82);
#80 = CARTESIAN_POINT('',(0.,0.,0.));
#81 = DIRECTION('',(0.,0.,1.));
#82 = DIRECTION('',(1.,0.,0.));
#83 = AXIS2_PLACEMENT_3D('',#84,#85,#86);
#84 = CARTESIAN_POINT('',(0.,0.,0.));
#85 = DIRECTION('',(0.,0.,1.));
#86 = DIRECTION('',(1.,0.,0.));
#87 = AXIS2_PLACEMENT_3D('',#88,#89,#90);
#88 = CARTESIAN_POINT('',(0.,0.,0.));
#89 = DIRECTION('',(0.,0.,1.));
#90 = DIRECTION('',(1.,0.,0.));
#91 = AXIS2_PLACEMENT_3D('',#92,#93,#94);
#92 = CARTESIAN_POINT('',(0.,0.,0.));
#93 = DIRECTION('',(0.,0.,1.));
#94 = DIRECTION('',(1.,0.,0.));
#95 = AXIS2_PLACEMENT_3D('',#96,#97,#98);
#96 = CARTESIAN_POINT('',(0.,0.,0.));
#97 = DIRECTION('',(0.,0.,1.));
#98 = DIRECTION('',(1.,0.,0.));
#99 = AXIS2_PLACEMENT_3D('',#100,#101,#102);
#100 = CARTESIAN_POINT('',(0.,0.,0.));
#101 = DIRECTION('',(0.,0.,1.));
#102 = DIRECTION('',(1.,0.,0.));
#103 = AXIS2_PLACEMENT_3D('',#104,#105,#106);
#104 = CARTESIAN_POINT('',(0.,0.,0.));
#105 = DIRECTION('',(0.,0.,1.));
#106 = DIRECTION('',(1.,0.,0.));
#107 = AXIS2_PLACEMENT_3D('',#108,#109,#110);
#108 = CARTESIAN_POINT('',(0.,0.,0.));
#109 = DIRECTION('',(0.,0.,1.));
#110 = DIRECTION('',(1.,0.,0.));
#111 = AXIS2_PLACEMENT_3D('',#112,#113,#114);
#112 = CARTESIAN_POINT('',(0.,0.,0.));
#113 = DIRECTION('',(0.,0.,1.));
#114 = DIRECTION('',(1.,0.,0.));
#115 = AXIS2_PLACEMENT_3D('',#116,#117,#118);
#116 = CARTESIAN_POINT('',(0.,0.,0.));
#117 = DIRECTION('',(0.,0.,1.));
#118 = DIRECTION('',(1.,0.,0.));
#119 = AXIS2_PLACEMENT_3D('',#120,#121,#122);
#120 = CARTESIAN_POINT('',(0.,0.,0.));
#121 = DIRECTION('',(0.,0.,1.));
#122 = DIRECTION('',(1.,0.,0.));
#123 = AXIS2_PLACEMENT_3D('',#124,#125,#126);
#124 = CARTESIAN_POINT('',(0.,0.,0.));
#125 = DIRECTION('',(0.,0.,1.));
#126 = DIRECTION('',(1.,0.,0.));
#127 = AXIS2_PLACEMENT_3D('',#128,#129,#130);
#128 = CARTESIAN_POINT('',(0.,0.,0.));
#129 = DIRECTION('',(0.,0.,1.));
#130 = DIRECTION('',(1.,0.,0.));
#131 = AXIS2_PLACEMENT_3D('',#132,#133,#134);
#132 = CARTESIAN_POINT('',(0.,0.,0.));
#133 = DIRECTION('',(0.,0.,1.));
#134 = DIRECTION('',(1.,0.,0.));
#135 = AXIS2_PLACEMENT_3D('',#136,#137,#138);
#136 = CARTESIAN_POINT('',(0.,0.,0.));
#137 = DIRECTION('',(0.,0.,1.));
#138 = DIRECTION('',(1.,0.,0.));
#139 = AXIS2_PLACEMENT_3D('',#140,#141,#142);
#140 = CARTESIAN_POINT('',(0.,0.,0.));
#141 = DIRECTION('',(0.,0.,1.));
#142 = DIRECTION('',(1.,0.,0.));
#143 = AXIS2_PLACEMENT_3D('',#144,#145,#146);
#144 = CARTESIAN_POINT('',(0.,0.,0.));
#145 = DIRECTION('',(0.,0.,1.));
#146 = DIRECTION('',(1.,0.,0.));
#147 = AXIS2_PLACEMENT_3D('',#148,#149,#150);
#148 = CARTESIAN_POINT('',(0.,0.,0.));
#149 = DIRECTION('',(0.,0.,1.));
#150 = DIRECTION('',(1.,0.,0.));
#151 = AXIS2_PLACEMENT_3D('',#152,#153,#154);
#152 = CARTESIAN_POINT('',(0.,0.,0.));
#153 = DIRECTION('',(0.,0.,1.));
#154 = DIRECTION('',(1.,0.,0.));
#155 = AXIS2_PLACEMENT_3D('',#156,#157,#158);
#156 = CARTESIAN_POINT('',(0.,0.,0.));
#157 = DIRECTION('',(0.,0.,1.));
#158 = DIRECTION('',(1.,0.,0.));
#159 = AXIS2_PLACEMENT_3D('',#160,#161,#162);
#160 = CARTESIAN_POINT('',(0.,0.,0.));
#161 = DIRECTION('',(0.,0.,1.));
#162 = DIRECTION('',(1.,0.,0.));
#163 = AXIS2_PLACEMENT_3D('',#164,#165,#166);
#164 = CARTESIAN_POINT('',(0.,0.,0.));
#165 = DIRECTION('',(0.,0.,1.));
#166 = DIRECTION('',(1.,0.,0.));
#167 = AXIS2_PLACEMENT_3D('',#168,#169,#170);
#168 = CARTESIAN_POINT('',(0.,0.,0.));
#169 = DIRECTION('',(0.,0.,1.));
#170 = DIRECTION('',(1.,0.,0.));
#171 = AXIS2_PLACEMENT_3D('',#172,#173,#174);
#172 = CARTESIAN_POINT('',(0.,0.,0.));
#173 = DIRECTION('',(0.,0.,1.));
#174 = DIRECTION('',(1.,0.,0.));
#175 = AXIS2_PLACEMENT_3D('',#176,#177,#178);
#176 = CARTESIAN_POINT('',(0.,0.,0.));
#177 = DIRECTION('',(0.,0.,1.));
#178 = DIRECTION('',(1.,0.,0.));
#179 = AXIS2_PLACEMENT_3D('',#180,#181,#182);
#180 = CARTESIAN_POINT('',(0.,0.,0.));
#181 = DIRECTION('',(0.,0.,1.));
#182 = DIRECTION('',(1.,0.,0.));
#183 = AXIS2_PLACEMENT_3D('',#184,#185,#186);
#184 = CARTESIAN_POINT('',(0.,0.,0.));
#185 = DIRECTION('',(0.,0.,1.));
#186 = DIRECTION('',(1.,0.,0.));
#187 = AXIS2_PLACEMENT_3D('',#188,#189,#190);
#188 = CARTESIAN_POINT('',(0.,0.,0.));
#189 = DIRECTION('',(0.,0.,1.));
#190 = DIRECTION('',(1.,0.,0.));
#191 = AXIS2_PLACEMENT_3D('',#192,#193,#194);
#192 = CARTESIAN_POINT('',(0.,0.,0.));
#193 = DIRECTION('',(0.,0.,1.));
#194 = DIRECTION('',(1.,0.,0.));
#195 = AXIS2_PLACEMENT_3D('',#196,#197,#198);
#196 = CARTESIAN_POINT('',(0.,0.,0.));
#197 = DIRECTION('',(0.,0.,1.));
#198 = DIRECTION('',(1.,0.,0.));
#199 = AXIS2_PLACEMENT_3D('',#200,#201,#202);
#200 = CARTESIAN_POINT('',(0.,0.,0.));
#201 = DIRECTION('',(0.,0.,1.));
#202 = DIRECTION('',(1.,0.,0.));
#203 = AXIS2_PLACEMENT_3D('',#204,#205,#206);
#204 = CARTESIAN_POINT('',(0.,0.,0.));
#205 = DIRECTION('',(0.,0.,1.));
#206 = DIRECTION('',(1.,0.,0.));
#207 = AXIS2_PLACEMENT_3D('',#208,#209,#210);
#208 = CARTESIAN_POINT('',(0.,0.,0.));
#209 = DIRECTION('',(0.,0.,1.));
#210 = DIRECTION('',(1.,0.,0.));
#211 = AXIS2_PLACEMENT_3D('',#212,#213,#214);
#212 = CARTESIAN_POINT('',(0.,0.,0.));
#213 = DIRECTION('',(0.,0.,1.));
#214 = DIRECTION('',(1.,0.,0.));
#215 = AXIS2_PLACEMENT_3D('',#216,#217,#218);
#216 = CARTESIAN_POINT('',(0.,0.,0.));
#217 = DIRECTION('',(0.,0.,1.));
#218 = DIRECTION('',(1.,0.,0.));
#219 = AXIS2_PLACEMENT_3D('',#220,#221,#222);
#220 = CARTESIAN_POINT('',(0.,0.,0.));
#221 = DIRECTION('',(0.,0.,1.));
#222 = DIRECTION('',(1.,0.,0.));
#223 = AXIS2_PLACEMENT_3D('',#224,#225,#226);
#224 = CARTESIAN_POINT('',(0.,0.,0.));
#225 = DIRECTION('',(0.,0.,1.));
#226 = DIRECTION('',(1.,0.,0.));
#227 = AXIS2_PLACEMENT_3D('',#228,#229,#230);
#228 = CARTESIAN_POINT('',(0.,0.,0.));
#229 = DIRECTION('',(0.,0.,1.));
#230 = DIRECTION('',(1.,0.,0.));
#231 = AXIS2_PLACEMENT_3D('',#232,#233,#234);
#232 = CARTESIAN_POINT('',(0.,0.,0.));
#233 = DIRECTION('',(0.,0.,1.));
#234 = DIRECTION('',(1.,0.,0.));
#235 = AXIS2_PLACEMENT_3D('',#236,#237,#238);
#236 = CARTESIAN_POINT('',(0.,0.,0.));
#237 = DIRECTION('',(0.,0.,1.));
#238 = DIRECTION('',(1.,0.,0.));
#239 = AXIS2_PLACEMENT_3D('',#240,#241,#242);
#240 = CARTESIAN_POINT('',(0.,0.,0.));
#241 = DIRECTION('',(0.,0.,1.));
#242 = DIRECTION('',(1.,0.,0.));
#243 = AXIS2_PLACEMENT_3D('',#244,#245,#246);
#244 = CARTESIAN_POINT('',(0.,0.,0.));
#245 = DIRECTION('',(0.,0.,1.));
#246 = DIRECTION('',(1.,0.,0.));
#247 = AXIS2_PLACEMENT_3D('',#248,#249,#250);
#248 = CARTESIAN_POINT('',(0.,0.,0.));
#249 = DIRECTION('',(0.,0.,1.));
#250 = DIRECTION('',(1.,0.,0.));
#251 = AXIS2_PLACEMENT_3D('',#252,#253,#254);
#252 = CARTESIAN_POINT('',(0.,0.,0.));
#253 = DIRECTION('',(0.,0.,1.));
#254 = DIRECTION('',(1.,0.,0.));
#255 = AXIS2_PLACEMENT_3D('',#256,#257,#258);
#256 = CARTESIAN_POINT('',(0.,0.,0.));
#257 = DIRECTION('',(0.,0.,1.));
#258 = DIRECTION('',(1.,0.,0.));
#259 = AXIS2_PLACEMENT_3D('',#260,#261,#262);
#260 = CARTESIAN_POINT('',(0.,0.,0.));
#261 = DIRECTION('',(0.,0.,1.));
#262 = DIRECTION('',(1.,0.,0.));
#263 = AXIS2_PLACEMENT_3D('',#264,#265,#266);
#264 = CARTESIAN_POINT('',(0.,0.,0.));
#265 = DIRECTION('',(0.,0.,1.));
#266 = DIRECTION('',(1.,0.,0.));
#267 = AXIS2_PLACEMENT_3D('',#268,#269,#270);
#268 = CARTESIAN_POINT('',(0.,0.,0.));
#269 = DIRECTION('',(0.,0.,1.));
#270 = DIRECTION('',(1.,0.,0.));
#271 = AXIS2_PLACEMENT_3D('',#272,#273,#274);
#272 = CARTESIAN_POINT('',(0.,0.,0.));
#273 = DIRECTION('',(0.,0.,1.));
#274 = DIRECTION('',(1.,0.,0.));
#275 = AXIS2_PLACEMENT_3D('',#276,#277,#278);
#276 = CARTESIAN_POINT('',(0.,0.,0.));
#277 = DIRECTION('',(0.,0.,1.));
#278 = DIRECTION('',(1.,0.,0.));
#279 = AXIS2_PLACEMENT_3D('',#280,#281,#282);
#280 = CARTESIAN_POINT('',(0.,0.,0.));
#281 = DIRECTION('',(0.,0.,1.));
#282 = DIRECTION('',(1.,0.,0.));
#283 = AXIS2_PLACEMENT_3D('',#284,#285,#286);
#284 = CARTESIAN_POINT('',(0.,0.,0.));
#285 = DIRECTION('',(0.,0.,1.));
#286 = DIRECTION('',(1.,0.,0.));
#287 = AXIS2_PLACEMENT_3D('',#288,#289,#290);
#288 = CARTESIAN_POINT('',(0.,0.,0.));
#289 = DIRECTION('',(0.,0.,1.));
#290 = DIRECTION('',(1.,0.,0.));
#291 = AXIS2_PLACEMENT_3D('',#292,#293,#294);
#292 = CARTESIAN_POINT('',(0.,0.,0.));
#293 = DIRECTION('',(0.,0.,1.));
#294 = DIRECTION('',(1.,0.,0.));
#295 = AXIS2_PLACEMENT_3D('',#296,#297,#298);
#296 = CARTESIAN_POINT('',(0.,0.,0.));
#297 = DIRECTION('',(0.,0.,1.));
#298 = DIRECTION('',(1.,0.,0.));
#299 = AXIS2_PLACEMENT_3D('',#300,#301,#302);
#300 = CARTESIAN_POINT('',(0.,0.,0.));
#301 = DIRECTION('',(0.,0.,1.));
#302 = DIRECTION('',(1.,0.,0.));
#303 = AXIS2_PLACEMENT_3D('',#304,#305,#306);
#304 = CARTESIAN_POINT('',(0.,0.,0.));
#305 = DIRECTION('',(0.,0.,1.));
#306 = DIRECTION('',(1.,0.,0.));
#307 = AXIS2_PLACEMENT_3D('',#308,#309,#310);
#308 = CARTESIAN_POINT('',(0.,0.,0.));
#309 = DIRECTION('',(0.,0.,1.));
#310 = DIRECTION('',(1.,0.,0.));
#311 = AXIS2_PLACEMENT_3D('',#312,#313,#314);
#312 = CARTESIAN_POINT('',(0.,0.,0.));
#313 = DIRECTION('',(0.,0.,1.));
#314 = DIRECTION('',(1.,0.,0.));
#315 = AXIS2_PLACEMENT_3D('',#316,#317,#318);
#316 = CARTESIAN_POINT('',(0.,0.,0.));
#317 = DIRECTION('',(0.,0.,1.));
#318 = DIRECTION('',(1.,0.,0.));
#319 = AXIS2_PLACEMENT_3D('',#320,#321,#322);
#320 = CARTESIAN_POINT('',(0.,0.,0.));
#321 = DIRECTION('',(0.,0.,1.));
#322 = DIRECTION('',(1.,0.,0.));
#323 = ( GEOMETRIC_REPRESENTATION_CONTEXT(3) 
GLOBAL_UNCERTAINTY_ASSIGNED_CONTEXT((#327)) GLOBAL_UNIT_ASSIGNED_CONTEXT
((#324,#325,#326)) REPRESENTATION_CONTEXT('Context #1',
  '3D Context with UNIT and UNCERTAINTY') );
#324 = ( LENGTH_UNIT() NAMED_UNIT(*) SI_UNIT(.MILLI.,.METRE.) );
#325 = ( NAMED_UNIT(*) PLANE_ANGLE_UNIT() SI_UNIT($,.RADIAN.) );
#326 = ( NAMED_UNIT(*) SI_UNIT($,.STERADIAN.) SOLID_ANGLE_UNIT() );
#327 = UNCERTAINTY_MEASURE_WITH_UNIT(LENGTH_MEASURE(1.E-07),#324,
  'distance_accuracy_value','confusion accuracy');
#328 = PRODUCT_RELATED_PRODUCT_CATEGORY('part',$,(#7));
#329 = SHAPE_DEFINITION_REPRESENTATION(#330,#336);
#330 = PRODUCT_DEFINITION_SHAPE('','',#331);
#331 = PRODUCT_DEFINITION('design','',#332,#335);
#332 = PRODUCT_DEFINITION_FORMATION('','',#333);
#333 = PRODUCT('F001_Driveway_Sill','F001_Driveway_Sill','',(#334));
#334 = PRODUCT_CONTEXT('',#2,'mechanical');
#335 = PRODUCT_DEFINITION_CONTEXT('part definition',#2,'design');
#336 = ADVANCED_BREP_SHAPE_REPRESENTATION('',(#11,#337),#487);
#337 = MANIFOLD_SOLID_BREP('',#338);
#338 = CLOSED_SHELL('',(#339,#379,#419,#441,#463,#475));
#339 = ADVANCED_FACE('',(#340),#374,.F.);
#340 = FACE_BOUND('',#341,.F.);
#341 = EDGE_LOOP('',(#342,#352,#360,#368));
#342 = ORIENTED_EDGE('',*,*,#343,.F.);
#343 = EDGE_CURVE('',#344,#346,#348,.T.);
#344 = VERTEX_POINT('',#345);
#345 = CARTESIAN_POINT('',(-152.4,-501.65,-139.7));
#346 = VERTEX_POINT('',#347);
#347 = CARTESIAN_POINT('',(-152.4,-501.65,0.));
#348 = LINE('',#349,#350);
#349 = CARTESIAN_POINT('',(-152.4,-501.65,-139.7));
#350 = VECTOR('',#351,1.);
#351 = DIRECTION('',(0.,0.,1.));
#352 = ORIENTED_EDGE('',*,*,#353,.T.);
#353 = EDGE_CURVE('',#344,#354,#356,.T.);
#354 = VERTEX_POINT('',#355);
#355 = CARTESIAN_POINT('',(-152.4,-412.75,-139.7));
#356 = LINE('',#357,#358);
#357 = CARTESIAN_POINT('',(-152.4,-501.65,-139.7));
#358 = VECTOR('',#359,1.);
#359 = DIRECTION('',(-0.,1.,0.));
#360 = ORIENTED_EDGE('',*,*,#361,.T.);
#361 = EDGE_CURVE('',#354,#362,#364,.T.);
#362 = VERTEX_POINT('',#363);
#363 = CARTESIAN_POINT('',(-152.4,-412.75,0.));
#364 = LINE('',#365,#366);
#365 = CARTESIAN_POINT('',(-152.4,-412.75,-139.7));
#366 = VECTOR('',#367,1.);
#367 = DIRECTION('',(0.,0.,1.));
#368 = ORIENTED_EDGE('',*,*,#369,.F.);
#369 = EDGE_CURVE('',#346,#362,#370,.T.);
#370 = LINE('',#371,#372);
#371 = CARTESIAN_POINT('',(-152.4,-501.65,0.));
#372 = VECTOR('',#373,1.);
#373 = DIRECTION('',(-0.,1.,0.));
#374 = PLANE('',#375);
#375 = AXIS2_PLACEMENT_3D('',#376,#377,#378);
#376 = CARTESIAN_POINT('',(-152.4,-501.65,-139.7));
#377 = DIRECTION('',(1.,0.,-0.));
#378 = DIRECTION('',(0.,0.,1.));
#379 = ADVANCED_FACE('',(#380),#414,.T.);
#380 = FACE_BOUND('',#381,.T.);
#381 = EDGE_LOOP('',(#382,#392,#400,#408));
#382 = ORIENTED_EDGE('',*,*,#383,.F.);
#383 = EDGE_CURVE('',#384,#386,#388,.T.);
#384 = VERTEX_POINT('',#385);
#385 = CARTESIAN_POINT('',(3.7846E+03,-501.65,-139.7));
#386 = VERTEX_POINT('',#387);
#387 = CARTESIAN_POINT('',(3.7846E+03,-501.65,0.));
#388 = LINE('',#389,#390);
#389 = CARTESIAN_POINT('',(3.7846E+03,-501.65,-139.7));
#390 = VECTOR('',#391,1.);
#391 = DIRECTION('',(0.,0.,1.));
#392 = ORIENTED_EDGE('',*,*,#393,.T.);
#393 = EDGE_CURVE('',#384,#394,#396,.T.);
#394 = VERTEX_POINT('',#395);
#395 = CARTESIAN_POINT('',(3.7846E+03,-412.75,-139.7));
#396 = LINE('',#397,#398);
#397 = CARTESIAN_POINT('',(3.7846E+03,-501.65,-139.7));
#398 = VECTOR('',#399,1.);
#399 = DIRECTION('',(-0.,1.,0.));
#400 = ORIENTED_EDGE('',*,*,#401,.T.);
#401 = EDGE_CURVE('',#394,#402,#404,.T.);
#402 = VERTEX_POINT('',#403);
#403 = CARTESIAN_POINT('',(3.7846E+03,-412.75,0.));
#404 = LINE('',#405,#406);
#405 = CARTESIAN_POINT('',(3.7846E+03,-412.75,-139.7));
#406 = VECTOR('',#407,1.);
#407 = DIRECTION('',(0.,0.,1.));
#408 = ORIENTED_EDGE('',*,*,#409,.F.);
#409 = EDGE_CURVE('',#386,#402,#410,.T.);
#410 = LINE('',#411,#412);
#411 = CARTESIAN_POINT('',(3.7846E+03,-501.65,0.));
#412 = VECTOR('',#413,1.);
#413 = DIRECTION('',(-0.,1.,0.));
#414 = PLANE('',#415);
#415 = AXIS2_PLACEMENT_3D('',#416,#417,#418);
#416 = CARTESIAN_POINT('',(3.7846E+03,-501.65,-139.7));
#417 = DIRECTION('',(1.,0.,-0.));
#418 = DIRECTION('',(0.,0.,1.));
#419 = ADVANCED_FACE('',(#420),#436,.F.);
#420 = FACE_BOUND('',#421,.F.);
#421 = EDGE_LOOP('',(#422,#428,#429,#435));
#422 = ORIENTED_EDGE('',*,*,#423,.F.);
#423 = EDGE_CURVE('',#344,#384,#424,.T.);
#424 = LINE('',#425,#426);
#425 = CARTESIAN_POINT('',(-152.4,-501.65,-139.7));
#426 = VECTOR('',#427,1.);
#427 = DIRECTION('',(1.,0.,-0.));
#428 = ORIENTED_EDGE('',*,*,#343,.T.);
#429 = ORIENTED_EDGE('',*,*,#430,.T.);
#430 = EDGE_CURVE('',#346,#386,#431,.T.);
#431 = LINE('',#432,#433);
#432 = CARTESIAN_POINT('',(-152.4,-501.65,0.));
#433 = VECTOR('',#434,1.);
#434 = DIRECTION('',(1.,0.,-0.));
#435 = ORIENTED_EDGE('',*,*,#383,.F.);
#436 = PLANE('',#437);
#437 = AXIS2_PLACEMENT_3D('',#438,#439,#440);
#438 = CARTESIAN_POINT('',(-152.4,-501.65,-139.7));
#439 = DIRECTION('',(-0.,1.,0.));
#440 = DIRECTION('',(0.,0.,1.));
#441 = ADVANCED_FACE('',(#442),#458,.T.);
#442 = FACE_BOUND('',#443,.T.);
#443 = EDGE_LOOP('',(#444,#450,#451,#457));
#444 = ORIENTED_EDGE('',*,*,#445,.F.);
#445 = EDGE_CURVE('',#354,#394,#446,.T.);
#446 = LINE('',#447,#448);
#447 = CARTESIAN_POINT('',(-152.4,-412.75,-139.7));
#448 = VECTOR('',#449,1.);
#449 = DIRECTION('',(1.,0.,-0.));
#450 = ORIENTED_EDGE('',*,*,#361,.T.);
#451 = ORIENTED_EDGE('',*,*,#452,.T.);
#452 = EDGE_CURVE('',#362,#402,#453,.T.);
#453 = LINE('',#454,#455);
#454 = CARTESIAN_POINT('',(-152.4,-412.75,0.));
#455 = VECTOR('',#456,1.);
#456 = DIRECTION('',(1.,0.,-0.));
#457 = ORIENTED_EDGE('',*,*,#401,.F.);
#458 = PLANE('',#459);
#459 = AXIS2_PLACEMENT_3D('',#460,#461,#462);
#460 = CARTESIAN_POINT('',(-152.4,-412.75,-139.7));
#461 = DIRECTION('',(-0.,1.,0.));
#462 = DIRECTION('',(0.,0.,1.));
#463 = ADVANCED_FACE('',(#464),#470,.F.);
#464 = FACE_BOUND('',#465,.F.);
#465 = EDGE_LOOP('',(#466,#467,#468,#469));
#466 = ORIENTED_EDGE('',*,*,#353,.F.);
#467 = ORIENTED_EDGE('',*,*,#423,.T.);
#468 = ORIENTED_EDGE('',*,*,#393,.T.);
#469 = ORIENTED_EDGE('',*,*,#445,.F.);
#470 = PLANE('',#471);
#471 = AXIS2_PLACEMENT_3D('',#472,#473,#474);
#472 = CARTESIAN_POINT('',(-152.4,-501.65,-139.7));
#473 = DIRECTION('',(0.,0.,1.));
#474 = DIRECTION('',(1.,0.,-0.));
#475 = ADVANCED_FACE('',(#476),#482,.T.);
#476 = FACE_BOUND('',#477,.T.);
#477 = EDGE_LOOP('',(#478,#479,#480,#481));
#478 = ORIENTED_EDGE('',*,*,#369,.F.);
#479 = ORIENTED_EDGE('',*,*,#430,.T.);
#480 = ORIENTED_EDGE('',*,*,#409,.T.);
#481 = ORIENTED_EDGE('',*,*,#452,.F.);
#482 = PLANE('',#483);
#483 = AXIS2_PLACEMENT_3D('',#484,#485,#486);
#484 = CARTESIAN_POINT('',(-152.4,-501.65,0.));
#485 = DIRECTION('',(0.,0.,1.));
#486 = DIRECTION('',(1.,0.,-0.));
#487 = ( GEOMETRIC_REPRESENTATION_CONTEXT(3) 
GLOBAL_UNCERTAINTY_ASSIGNED_CONTEXT((#491)) GLOBAL_UNIT_ASSIGNED_CONTEXT
((#488,#489,#490)) REPRESENTATION_CONTEXT('Context #1',
  '3D Context with UNIT and UNCERTAINTY') );
#488 = ( LENGTH_UNIT() NAMED_UNIT(*) SI_UNIT(.MILLI.,.METRE.) );
#489 = ( NAMED_UNIT(*) PLANE_ANGLE_UNIT() SI_UNIT($,.RADIAN.) );
#490 = ( NAMED_UNIT(*) SI_UNIT($,.STERADIAN.) SOLID_ANGLE_UNIT() );
#491 = UNCERTAINTY_MEASURE_WITH_UNIT(LENGTH_MEASURE(1.E-07),#488,
  'distance_accuracy_value','confusion accuracy');
#492 = CONTEXT_DEPENDENT_SHAPE_REPRESENTATION(#493,#495);
#493 = ( REPRESENTATION_RELATIONSHIP('','',#336,#10) 
REPRESENTATION_RELATIONSHIP_WITH_TRANSFORMATION(#494) 
SHAPE_REPRESENTATION_RELATIONSHIP() );
#494 = ITEM_DEFINED_TRANSFORMATION('','',#11,#15);
#495 = PRODUCT_DEFINITION_SHAPE('Placement','Placement of an item',#496
  );
#496 = NEXT_ASSEMBLY_USAGE_OCCURRENCE('1','F001_Driveway_Sill','',#5,
  #331,$);
#497 = PRODUCT_RELATED_PRODUCT_CATEGORY('part',$,(#333));
#498 = SHAPE_DEFINITION_REPRESENTATION(#499,#505);
#499 = PRODUCT_DEFINITION_SHAPE('','',#500);
#500 = PRODUCT_DEFINITION('design','',#501,#504);
#501 = PRODUCT_DEFINITION_FORMATION('','',#502);
#502 = PRODUCT('F002_Garden_Sill','F002_Garden_Sill','',(#503));
#503 = PRODUCT_CONTEXT('',#2,'mechanical');
#504 = PRODUCT_DEFINITION_CONTEXT('part definition',#2,'design');
#505 = ADVANCED_BREP_SHAPE_REPRESENTATION('',(#11,#506),#656);
#506 = MANIFOLD_SOLID_BREP('',#507);
#507 = CLOSED_SHELL('',(#508,#548,#588,#610,#632,#644));
#508 = ADVANCED_FACE('',(#509),#543,.F.);
#509 = FACE_BOUND('',#510,.F.);
#510 = EDGE_LOOP('',(#511,#521,#529,#537));
#511 = ORIENTED_EDGE('',*,*,#512,.F.);
#512 = EDGE_CURVE('',#513,#515,#517,.T.);
#513 = VERTEX_POINT('',#514);
#514 = CARTESIAN_POINT('',(-152.4,412.75,-139.7));
#515 = VERTEX_POINT('',#516);
#516 = CARTESIAN_POINT('',(-152.4,412.75,0.));
#517 = LINE('',#518,#519);
#518 = CARTESIAN_POINT('',(-152.4,412.75,-139.7));
#519 = VECTOR('',#520,1.);
#520 = DIRECTION('',(0.,0.,1.));
#521 = ORIENTED_EDGE('',*,*,#522,.T.);
#522 = EDGE_CURVE('',#513,#523,#525,.T.);
#523 = VERTEX_POINT('',#524);
#524 = CARTESIAN_POINT('',(-152.4,501.65,-139.7));
#525 = LINE('',#526,#527);
#526 = CARTESIAN_POINT('',(-152.4,412.75,-139.7));
#527 = VECTOR('',#528,1.);
#528 = DIRECTION('',(-0.,1.,0.));
#529 = ORIENTED_EDGE('',*,*,#530,.T.);
#530 = EDGE_CURVE('',#523,#531,#533,.T.);
#531 = VERTEX_POINT('',#532);
#532 = CARTESIAN_POINT('',(-152.4,501.65,0.));
#533 = LINE('',#534,#535);
#534 = CARTESIAN_POINT('',(-152.4,501.65,-139.7));
#535 = VECTOR('',#536,1.);
#536 = DIRECTION('',(0.,0.,1.));
#537 = ORIENTED_EDGE('',*,*,#538,.F.);
#538 = EDGE_CURVE('',#515,#531,#539,.T.);
#539 = LINE('',#540,#541);
#540 = CARTESIAN_POINT('',(-152.4,412.75,0.));
#541 = VECTOR('',#542,1.);
#542 = DIRECTION('',(-0.,1.,0.));
#543 = PLANE('',#544);
#544 = AXIS2_PLACEMENT_3D('',#545,#546,#547);
#545 = CARTESIAN_POINT('',(-152.4,412.75,-139.7));
#546 = DIRECTION('',(1.,0.,-0.));
#547 = DIRECTION('',(0.,0.,1.));
#548 = ADVANCED_FACE('',(#549),#583,.T.);
#549 = FACE_BOUND('',#550,.T.);
#550 = EDGE_LOOP('',(#551,#561,#569,#577));
#551 = ORIENTED_EDGE('',*,*,#552,.F.);
#552 = EDGE_CURVE('',#553,#555,#557,.T.);
#553 = VERTEX_POINT('',#554);
#554 = CARTESIAN_POINT('',(3.7846E+03,412.75,-139.7));
#555 = VERTEX_POINT('',#556);
#556 = CARTESIAN_POINT('',(3.7846E+03,412.75,0.));
#557 = LINE('',#558,#559);
#558 = CARTESIAN_POINT('',(3.7846E+03,412.75,-139.7));
#559 = VECTOR('',#560,1.);
#560 = DIRECTION('',(0.,0.,1.));
#561 = ORIENTED_EDGE('',*,*,#562,.T.);
#562 = EDGE_CURVE('',#553,#563,#565,.T.);
#563 = VERTEX_POINT('',#564);
#564 = CARTESIAN_POINT('',(3.7846E+03,501.65,-139.7));
#565 = LINE('',#566,#567);
#566 = CARTESIAN_POINT('',(3.7846E+03,412.75,-139.7));
#567 = VECTOR('',#568,1.);
#568 = DIRECTION('',(-0.,1.,0.));
#569 = ORIENTED_EDGE('',*,*,#570,.T.);
#570 = EDGE_CURVE('',#563,#571,#573,.T.);
#571 = VERTEX_POINT('',#572);
#572 = CARTESIAN_POINT('',(3.7846E+03,501.65,0.));
#573 = LINE('',#574,#575);
#574 = CARTESIAN_POINT('',(3.7846E+03,501.65,-139.7));
#575 = VECTOR('',#576,1.);
#576 = DIRECTION('',(0.,0.,1.));
#577 = ORIENTED_EDGE('',*,*,#578,.F.);
#578 = EDGE_CURVE('',#555,#571,#579,.T.);
#579 = LINE('',#580,#581);
#580 = CARTESIAN_POINT('',(3.7846E+03,412.75,0.));
#581 = VECTOR('',#582,1.);
#582 = DIRECTION('',(-0.,1.,0.));
#583 = PLANE('',#584);
#584 = AXIS2_PLACEMENT_3D('',#585,#586,#587);
#585 = CARTESIAN_POINT('',(3.7846E+03,412.75,-139.7));
#586 = DIRECTION('',(1.,0.,-0.));
#587 = DIRECTION('',(0.,0.,1.));
#588 = ADVANCED_FACE('',(#589),#605,.F.);
#589 = FACE_BOUND('',#590,.F.);
#590 = EDGE_LOOP('',(#591,#597,#598,#604));
#591 = ORIENTED_EDGE('',*,*,#592,.F.);
#592 = EDGE_CURVE('',#513,#553,#593,.T.);
#593 = LINE('',#594,#595);
#594 = CARTESIAN_POINT('',(-152.4,412.75,-139.7));
#595 = VECTOR('',#596,1.);
#596 = DIRECTION('',(1.,0.,-0.));
#597 = ORIENTED_EDGE('',*,*,#512,.T.);
#598 = ORIENTED_EDGE('',*,*,#599,.T.);
#599 = EDGE_CURVE('',#515,#555,#600,.T.);
#600 = LINE('',#601,#602);
#601 = CARTESIAN_POINT('',(-152.4,412.75,0.));
#602 = VECTOR('',#603,1.);
#603 = DIRECTION('',(1.,0.,-0.));
#604 = ORIENTED_EDGE('',*,*,#552,.F.);
#605 = PLANE('',#606);
#606 = AXIS2_PLACEMENT_3D('',#607,#608,#609);
#607 = CARTESIAN_POINT('',(-152.4,412.75,-139.7));
#608 = DIRECTION('',(-0.,1.,0.));
#609 = DIRECTION('',(0.,0.,1.));
#610 = ADVANCED_FACE('',(#611),#627,.T.);
#611 = FACE_BOUND('',#612,.T.);
#612 = EDGE_LOOP('',(#613,#619,#620,#626));
#613 = ORIENTED_EDGE('',*,*,#614,.F.);
#614 = EDGE_CURVE('',#523,#563,#615,.T.);
#615 = LINE('',#616,#617);
#616 = CARTESIAN_POINT('',(-152.4,501.65,-139.7));
#617 = VECTOR('',#618,1.);
#618 = DIRECTION('',(1.,0.,-0.));
#619 = ORIENTED_EDGE('',*,*,#530,.T.);
#620 = ORIENTED_EDGE('',*,*,#621,.T.);
#621 = EDGE_CURVE('',#531,#571,#622,.T.);
#622 = LINE('',#623,#624);
#623 = CARTESIAN_POINT('',(-152.4,501.65,0.));
#624 = VECTOR('',#625,1.);
#625 = DIRECTION('',(1.,0.,-0.));
#626 = ORIENTED_EDGE('',*,*,#570,.F.);
#627 = PLANE('',#628);
#628 = AXIS2_PLACEMENT_3D('',#629,#630,#631);
#629 = CARTESIAN_POINT('',(-152.4,501.65,-139.7));
#630 = DIRECTION('',(-0.,1.,0.));
#631 = DIRECTION('',(0.,0.,1.));
#632 = ADVANCED_FACE('',(#633),#639,.F.);
#633 = FACE_BOUND('',#634,.F.);
#634 = EDGE_LOOP('',(#635,#636,#637,#638));
#635 = ORIENTED_EDGE('',*,*,#522,.F.);
#636 = ORIENTED_EDGE('',*,*,#592,.T.);
#637 = ORIENTED_EDGE('',*,*,#562,.T.);
#638 = ORIENTED_EDGE('',*,*,#614,.F.);
#639 = PLANE('',#640);
#640 = AXIS2_PLACEMENT_3D('',#641,#642,#643);
#641 = CARTESIAN_POINT('',(-152.4,412.75,-139.7));
#642 = DIRECTION('',(0.,0.,1.));
#643 = DIRECTION('',(1.,0.,-0.));
#644 = ADVANCED_FACE('',(#645),#651,.T.);
#645 = FACE_BOUND('',#646,.T.);
#646 = EDGE_LOOP('',(#647,#648,#649,#650));
#647 = ORIENTED_EDGE('',*,*,#538,.F.);
#648 = ORIENTED_EDGE('',*,*,#599,.T.);
#649 = ORIENTED_EDGE('',*,*,#578,.T.);
#650 = ORIENTED_EDGE('',*,*,#621,.F.);
#651 = PLANE('',#652);
#652 = AXIS2_PLACEMENT_3D('',#653,#654,#655);
#653 = CARTESIAN_POINT('',(-152.4,412.75,0.));
#654 = DIRECTION('',(0.,0.,1.));
#655 = DIRECTION('',(1.,0.,-0.));
#656 = ( GEOMETRIC_REPRESENTATION_CONTEXT(3) 
GLOBAL_UNCERTAINTY_ASSIGNED_CONTEXT((#660)) GLOBAL_UNIT_ASSIGNED_CONTEXT
((#657,#658,#659)) REPRESENTATION_CONTEXT('Context #1',
  '3D Context with UNIT and UNCERTAINTY') );
#657 = ( LENGTH_UNIT() NAMED_UNIT(*) SI_UNIT(.MILLI.,.METRE.) );
#658 = ( NAMED_UNIT(*) PLANE_ANGLE_UNIT() SI_UNIT($,.RADIAN.) );
#659 = ( NAMED_UNIT(*) SI_UNIT($,.STERADIAN.) SOLID_ANGLE_UNIT() );
#660 = UNCERTAINTY_MEASURE_WITH_UNIT(LENGTH_MEASURE(1.E-07),#657,
  'distance_accuracy_value','confusion accuracy');
#661 = CONTEXT_DEPENDENT_SHAPE_REPRESENTATION(#662,#664);
#662 = ( REPRESENTATION_RELATIONSHIP('','',#505,#10) 
REPRESENTATION_RELATIONSHIP_WITH_TRANSFORMATION(#663) 
SHAPE_REPRESENTATION_RELATIONSHIP() );
#663 = ITEM_DEFINED_TRANSFORMATION('','',#11,#19);
#664 = PRODUCT_DEFINITION_SHAPE('Placement','Placement of an item',#665
  );
#665 = NEXT_ASSEMBLY_USAGE_OCCURRENCE('2','F002_Garden_Sill','',#5,#500,
  $);
#666 = PRODUCT_RELATED_PRODUCT_CATEGORY('part',$,(#502));
#667 = SHAPE_DEFINITION_REPRESENTATION(#668,#674);
#668 = PRODUCT_DEFINITION_SHAPE('','',#669);
#669 = PRODUCT_DEFINITION('design','',#670,#673);
#670 = PRODUCT_DEFINITION_FORMATION('','',#671);
#671 = PRODUCT('L001_P0_latch_post','L001_P0_latch_post','',(#672));
#672 = PRODUCT_CONTEXT('',#2,'mechanical');
#673 = PRODUCT_DEFINITION_CONTEXT('part definition',#2,'design');
#674 = ADVANCED_BREP_SHAPE_REPRESENTATION('',(#11,#675),#967);
#675 = MANIFOLD_SOLID_BREP('',#676);
#676 = CLOSED_SHELL('',(#677,#717,#748,#772,#796,#847,#859,#890,#914,
    #938,#955));
#677 = ADVANCED_FACE('',(#678),#712,.F.);
#678 = FACE_BOUND('',#679,.F.);
#679 = EDGE_LOOP('',(#680,#690,#698,#706));
#680 = ORIENTED_EDGE('',*,*,#681,.F.);
#681 = EDGE_CURVE('',#682,#684,#686,.T.);
#682 = VERTEX_POINT('',#683);
#683 = CARTESIAN_POINT('',(0.,-69.85,0.));
#684 = VERTEX_POINT('',#685);
#685 = CARTESIAN_POINT('',(0.,-69.85,1.6129E+03));
#686 = LINE('',#687,#688);
#687 = CARTESIAN_POINT('',(0.,-69.85,0.));
#688 = VECTOR('',#689,1.);
#689 = DIRECTION('',(0.,0.,1.));
#690 = ORIENTED_EDGE('',*,*,#691,.T.);
#691 = EDGE_CURVE('',#682,#692,#694,.T.);
#692 = VERTEX_POINT('',#693);
#693 = CARTESIAN_POINT('',(0.,69.85,0.));
#694 = LINE('',#695,#696);
#695 = CARTESIAN_POINT('',(0.,-69.85,0.));
#696 = VECTOR('',#697,1.);
#697 = DIRECTION('',(-0.,1.,0.));
#698 = ORIENTED_EDGE('',*,*,#699,.T.);
#699 = EDGE_CURVE('',#692,#700,#702,.T.);
#700 = VERTEX_POINT('',#701);
#701 = CARTESIAN_POINT('',(0.,69.85,1.6129E+03));
#702 = LINE('',#703,#704);
#703 = CARTESIAN_POINT('',(0.,69.85,0.));
#704 = VECTOR('',#705,1.);
#705 = DIRECTION('',(0.,0.,1.));
#706 = ORIENTED_EDGE('',*,*,#707,.F.);
#707 = EDGE_CURVE('',#684,#700,#708,.T.);
#708 = LINE('',#709,#710);
#709 = CARTESIAN_POINT('',(0.,-69.85,1.6129E+03));
#710 = VECTOR('',#711,1.);
#711 = DIRECTION('',(-0.,1.,0.));
#712 = PLANE('',#713);
#713 = AXIS2_PLACEMENT_3D('',#714,#715,#716);
#714 = CARTESIAN_POINT('',(0.,-69.85,0.));
#715 = DIRECTION('',(1.,0.,-0.));
#716 = DIRECTION('',(0.,0.,1.));
#717 = ADVANCED_FACE('',(#718),#743,.F.);
#718 = FACE_BOUND('',#719,.F.);
#719 = EDGE_LOOP('',(#720,#728,#729,#737));
#720 = ORIENTED_EDGE('',*,*,#721,.F.);
#721 = EDGE_CURVE('',#682,#722,#724,.T.);
#722 = VERTEX_POINT('',#723);
#723 = CARTESIAN_POINT('',(88.9,-69.85,0.));
#724 = LINE('',#725,#726);
#725 = CARTESIAN_POINT('',(0.,-69.85,0.));
#726 = VECTOR('',#727,1.);
#727 = DIRECTION('',(1.,0.,-0.));
#728 = ORIENTED_EDGE('',*,*,#681,.T.);
#729 = ORIENTED_EDGE('',*,*,#730,.T.);
#730 = EDGE_CURVE('',#684,#731,#733,.T.);
#731 = VERTEX_POINT('',#732);
#732 = CARTESIAN_POINT('',(88.9,-69.85,1.6129E+03));
#733 = LINE('',#734,#735);
#734 = CARTESIAN_POINT('',(0.,-69.85,1.6129E+03));
#735 = VECTOR('',#736,1.);
#736 = DIRECTION('',(1.,0.,-0.));
#737 = ORIENTED_EDGE('',*,*,#738,.F.);
#738 = EDGE_CURVE('',#722,#731,#739,.T.);
#739 = LINE('',#740,#741);
#740 = CARTESIAN_POINT('',(88.9,-69.85,0.));
#741 = VECTOR('',#742,1.);
#742 = DIRECTION('',(0.,0.,1.));
#743 = PLANE('',#744);
#744 = AXIS2_PLACEMENT_3D('',#745,#746,#747);
#745 = CARTESIAN_POINT('',(0.,-69.85,0.));
#746 = DIRECTION('',(-0.,1.,0.));
#747 = DIRECTION('',(0.,0.,1.));
#748 = ADVANCED_FACE('',(#749),#767,.T.);
#749 = FACE_BOUND('',#750,.T.);
#750 = EDGE_LOOP('',(#751,#752,#753,#761));
#751 = ORIENTED_EDGE('',*,*,#707,.F.);
#752 = ORIENTED_EDGE('',*,*,#730,.T.);
#753 = ORIENTED_EDGE('',*,*,#754,.T.);
#754 = EDGE_CURVE('',#731,#755,#757,.T.);
#755 = VERTEX_POINT('',#756);
#756 = CARTESIAN_POINT('',(88.9,69.85,1.6129E+03));
#757 = LINE('',#758,#759);
#758 = CARTESIAN_POINT('',(88.9,-69.85,1.6129E+03));
#759 = VECTOR('',#760,1.);
#760 = DIRECTION('',(-0.,1.,0.));
#761 = ORIENTED_EDGE('',*,*,#762,.F.);
#762 = EDGE_CURVE('',#700,#755,#763,.T.);
#763 = LINE('',#764,#765);
#764 = CARTESIAN_POINT('',(0.,69.85,1.6129E+03));
#765 = VECTOR('',#766,1.);
#766 = DIRECTION('',(1.,0.,-0.));
#767 = PLANE('',#768);
#768 = AXIS2_PLACEMENT_3D('',#769,#770,#771);
#769 = CARTESIAN_POINT('',(0.,-69.85,1.6129E+03));
#770 = DIRECTION('',(0.,0.,1.));
#771 = DIRECTION('',(1.,0.,-0.));
#772 = ADVANCED_FACE('',(#773),#791,.T.);
#773 = FACE_BOUND('',#774,.T.);
#774 = EDGE_LOOP('',(#775,#783,#784,#785));
#775 = ORIENTED_EDGE('',*,*,#776,.F.);
#776 = EDGE_CURVE('',#692,#777,#779,.T.);
#777 = VERTEX_POINT('',#778);
#778 = CARTESIAN_POINT('',(88.9,69.85,0.));
#779 = LINE('',#780,#781);
#780 = CARTESIAN_POINT('',(0.,69.85,0.));
#781 = VECTOR('',#782,1.);
#782 = DIRECTION('',(1.,0.,-0.));
#783 = ORIENTED_EDGE('',*,*,#699,.T.);
#784 = ORIENTED_EDGE('',*,*,#762,.T.);
#785 = ORIENTED_EDGE('',*,*,#786,.F.);
#786 = EDGE_CURVE('',#777,#755,#787,.T.);
#787 = LINE('',#788,#789);
#788 = CARTESIAN_POINT('',(88.9,69.85,0.));
#789 = VECTOR('',#790,1.);
#790 = DIRECTION('',(0.,0.,1.));
#791 = PLANE('',#792);
#792 = AXIS2_PLACEMENT_3D('',#793,#794,#795);
#793 = CARTESIAN_POINT('',(0.,69.85,0.));
#794 = DIRECTION('',(-0.,1.,0.));
#795 = DIRECTION('',(0.,0.,1.));
#796 = ADVANCED_FACE('',(#797,#808),#842,.F.);
#797 = FACE_BOUND('',#798,.F.);
#798 = EDGE_LOOP('',(#799,#800,#801,#807));
#799 = ORIENTED_EDGE('',*,*,#691,.F.);
#800 = ORIENTED_EDGE('',*,*,#721,.T.);
#801 = ORIENTED_EDGE('',*,*,#802,.T.);
#802 = EDGE_CURVE('',#722,#777,#803,.T.);
#803 = LINE('',#804,#805);
#804 = CARTESIAN_POINT('',(88.9,-69.85,0.));
#805 = VECTOR('',#806,1.);
#806 = DIRECTION('',(-0.,1.,0.));
#807 = ORIENTED_EDGE('',*,*,#776,.F.);
#808 = FACE_BOUND('',#809,.F.);
#809 = EDGE_LOOP('',(#810,#820,#828,#836));
#810 = ORIENTED_EDGE('',*,*,#811,.F.);
#811 = EDGE_CURVE('',#812,#814,#816,.T.);
#812 = VERTEX_POINT('',#813);
#813 = CARTESIAN_POINT('',(12.7,-57.15,0.));
#814 = VERTEX_POINT('',#815);
#815 = CARTESIAN_POINT('',(76.2,-57.15,0.));
#816 = LINE('',#817,#818);
#817 = CARTESIAN_POINT('',(12.7,-57.15,0.));
#818 = VECTOR('',#819,1.);
#819 = DIRECTION('',(1.,0.,-0.));
#820 = ORIENTED_EDGE('',*,*,#821,.T.);
#821 = EDGE_CURVE('',#812,#822,#824,.T.);
#822 = VERTEX_POINT('',#823);
#823 = CARTESIAN_POINT('',(12.7,57.15,0.));
#824 = LINE('',#825,#826);
#825 = CARTESIAN_POINT('',(12.7,-57.15,0.));
#826 = VECTOR('',#827,1.);
#827 = DIRECTION('',(-0.,1.,0.));
#828 = ORIENTED_EDGE('',*,*,#829,.T.);
#829 = EDGE_CURVE('',#822,#830,#832,.T.);
#830 = VERTEX_POINT('',#831);
#831 = CARTESIAN_POINT('',(76.2,57.15,0.));
#832 = LINE('',#833,#834);
#833 = CARTESIAN_POINT('',(12.7,57.15,0.));
#834 = VECTOR('',#835,1.);
#835 = DIRECTION('',(1.,0.,-0.));
#836 = ORIENTED_EDGE('',*,*,#837,.F.);
#837 = EDGE_CURVE('',#814,#830,#838,.T.);
#838 = LINE('',#839,#840);
#839 = CARTESIAN_POINT('',(76.2,-57.15,0.));
#840 = VECTOR('',#841,1.);
#841 = DIRECTION('',(-0.,1.,0.));
#842 = PLANE('',#843);
#843 = AXIS2_PLACEMENT_3D('',#844,#845,#846);
#844 = CARTESIAN_POINT('',(0.,-69.85,0.));
#845 = DIRECTION('',(0.,0.,1.));
#846 = DIRECTION('',(1.,0.,-0.));
#847 = ADVANCED_FACE('',(#848),#854,.T.);
#848 = FACE_BOUND('',#849,.T.);
#849 = EDGE_LOOP('',(#850,#851,#852,#853));
#850 = ORIENTED_EDGE('',*,*,#738,.F.);
#851 = ORIENTED_EDGE('',*,*,#802,.T.);
#852 = ORIENTED_EDGE('',*,*,#786,.T.);
#853 = ORIENTED_EDGE('',*,*,#754,.F.);
#854 = PLANE('',#855);
#855 = AXIS2_PLACEMENT_3D('',#856,#857,#858);
#856 = CARTESIAN_POINT('',(88.9,-69.85,0.));
#857 = DIRECTION('',(1.,0.,-0.));
#858 = DIRECTION('',(0.,0.,1.));
#859 = ADVANCED_FACE('',(#860),#885,.F.);
#860 = FACE_BOUND('',#861,.F.);
#861 = EDGE_LOOP('',(#862,#872,#878,#879));
#862 = ORIENTED_EDGE('',*,*,#863,.F.);
#863 = EDGE_CURVE('',#864,#866,#868,.T.);
#864 = VERTEX_POINT('',#865);
#865 = CARTESIAN_POINT('',(12.7,-57.15,-88.9));
#866 = VERTEX_POINT('',#867);
#867 = CARTESIAN_POINT('',(76.2,-57.15,-88.9));
#868 = LINE('',#869,#870);
#869 = CARTESIAN_POINT('',(12.7,-57.15,-88.9));
#870 = VECTOR('',#871,1.);
#871 = DIRECTION('',(1.,0.,-0.));
#872 = ORIENTED_EDGE('',*,*,#873,.T.);
#873 = EDGE_CURVE('',#864,#812,#874,.T.);
#874 = LINE('',#875,#876);
#875 = CARTESIAN_POINT('',(12.7,-57.15,-88.9));
#876 = VECTOR('',#877,1.);
#877 = DIRECTION('',(0.,0.,1.));
#878 = ORIENTED_EDGE('',*,*,#811,.T.);
#879 = ORIENTED_EDGE('',*,*,#880,.F.);
#880 = EDGE_CURVE('',#866,#814,#881,.T.);
#881 = LINE('',#882,#883);
#882 = CARTESIAN_POINT('',(76.2,-57.15,-88.9));
#883 = VECTOR('',#884,1.);
#884 = DIRECTION('',(0.,0.,1.));
#885 = PLANE('',#886);
#886 = AXIS2_PLACEMENT_3D('',#887,#888,#889);
#887 = CARTESIAN_POINT('',(12.7,-57.15,-88.9));
#888 = DIRECTION('',(-0.,1.,0.));
#889 = DIRECTION('',(0.,0.,1.));
#890 = ADVANCED_FACE('',(#891),#909,.T.);
#891 = FACE_BOUND('',#892,.T.);
#892 = EDGE_LOOP('',(#893,#894,#902,#908));
#893 = ORIENTED_EDGE('',*,*,#880,.F.);
#894 = ORIENTED_EDGE('',*,*,#895,.T.);
#895 = EDGE_CURVE('',#866,#896,#898,.T.);
#896 = VERTEX_POINT('',#897);
#897 = CARTESIAN_POINT('',(76.2,57.15,-88.9));
#898 = LINE('',#899,#900);
#899 = CARTESIAN_POINT('',(76.2,-57.15,-88.9));
#900 = VECTOR('',#901,1.);
#901 = DIRECTION('',(-0.,1.,0.));
#902 = ORIENTED_EDGE('',*,*,#903,.T.);
#903 = EDGE_CURVE('',#896,#830,#904,.T.);
#904 = LINE('',#905,#906);
#905 = CARTESIAN_POINT('',(76.2,57.15,-88.9));
#906 = VECTOR('',#907,1.);
#907 = DIRECTION('',(0.,0.,1.));
#908 = ORIENTED_EDGE('',*,*,#837,.F.);
#909 = PLANE('',#910);
#910 = AXIS2_PLACEMENT_3D('',#911,#912,#913);
#911 = CARTESIAN_POINT('',(76.2,-57.15,-88.9));
#912 = DIRECTION('',(1.,0.,-0.));
#913 = DIRECTION('',(0.,0.,1.));
#914 = ADVANCED_FACE('',(#915),#933,.T.);
#915 = FACE_BOUND('',#916,.T.);
#916 = EDGE_LOOP('',(#917,#925,#931,#932));
#917 = ORIENTED_EDGE('',*,*,#918,.F.);
#918 = EDGE_CURVE('',#919,#896,#921,.T.);
#919 = VERTEX_POINT('',#920);
#920 = CARTESIAN_POINT('',(12.7,57.15,-88.9));
#921 = LINE('',#922,#923);
#922 = CARTESIAN_POINT('',(12.7,57.15,-88.9));
#923 = VECTOR('',#924,1.);
#924 = DIRECTION('',(1.,0.,-0.));
#925 = ORIENTED_EDGE('',*,*,#926,.T.);
#926 = EDGE_CURVE('',#919,#822,#927,.T.);
#927 = LINE('',#928,#929);
#928 = CARTESIAN_POINT('',(12.7,57.15,-88.9));
#929 = VECTOR('',#930,1.);
#930 = DIRECTION('',(0.,0.,1.));
#931 = ORIENTED_EDGE('',*,*,#829,.T.);
#932 = ORIENTED_EDGE('',*,*,#903,.F.);
#933 = PLANE('',#934);
#934 = AXIS2_PLACEMENT_3D('',#935,#936,#937);
#935 = CARTESIAN_POINT('',(12.7,57.15,-88.9));
#936 = DIRECTION('',(-0.,1.,0.));
#937 = DIRECTION('',(0.,0.,1.));
#938 = ADVANCED_FACE('',(#939),#950,.F.);
#939 = FACE_BOUND('',#940,.F.);
#940 = EDGE_LOOP('',(#941,#942,#948,#949));
#941 = ORIENTED_EDGE('',*,*,#873,.F.);
#942 = ORIENTED_EDGE('',*,*,#943,.T.);
#943 = EDGE_CURVE('',#864,#919,#944,.T.);
#944 = LINE('',#945,#946);
#945 = CARTESIAN_POINT('',(12.7,-57.15,-88.9));
#946 = VECTOR('',#947,1.);
#947 = DIRECTION('',(-0.,1.,0.));
#948 = ORIENTED_EDGE('',*,*,#926,.T.);
#949 = ORIENTED_EDGE('',*,*,#821,.F.);
#950 = PLANE('',#951);
#951 = AXIS2_PLACEMENT_3D('',#952,#953,#954);
#952 = CARTESIAN_POINT('',(12.7,-57.15,-88.9));
#953 = DIRECTION('',(1.,0.,-0.));
#954 = DIRECTION('',(0.,0.,1.));
#955 = ADVANCED_FACE('',(#956),#962,.F.);
#956 = FACE_BOUND('',#957,.F.);
#957 = EDGE_LOOP('',(#958,#959,#960,#961));
#958 = ORIENTED_EDGE('',*,*,#943,.F.);
#959 = ORIENTED_EDGE('',*,*,#863,.T.);
#960 = ORIENTED_EDGE('',*,*,#895,.T.);
#961 = ORIENTED_EDGE('',*,*,#918,.F.);
#962 = PLANE('',#963);
#963 = AXIS2_PLACEMENT_3D('',#964,#965,#966);
#964 = CARTESIAN_POINT('',(12.7,-57.15,-88.9));
#965 = DIRECTION('',(0.,0.,1.));
#966 = DIRECTION('',(1.,0.,-0.));
#967 = ( GEOMETRIC_REPRESENTATION_CONTEXT(3) 
GLOBAL_UNCERTAINTY_ASSIGNED_CONTEXT((#971)) GLOBAL_UNIT_ASSIGNED_CONTEXT
((#968,#969,#970)) REPRESENTATION_CONTEXT('Context #1',
  '3D Context with UNIT and UNCERTAINTY') );
#968 = ( LENGTH_UNIT() NAMED_UNIT(*) SI_UNIT(.MILLI.,.METRE.) );
#969 = ( NAMED_UNIT(*) PLANE_ANGLE_UNIT() SI_UNIT($,.RADIAN.) );
#970 = ( NAMED_UNIT(*) SI_UNIT($,.STERADIAN.) SOLID_ANGLE_UNIT() );
#971 = UNCERTAINTY_MEASURE_WITH_UNIT(LENGTH_MEASURE(1.E-07),#968,
  'distance_accuracy_value','confusion accuracy');
#972 = CONTEXT_DEPENDENT_SHAPE_REPRESENTATION(#973,#975);
#973 = ( REPRESENTATION_RELATIONSHIP('','',#674,#10) 
REPRESENTATION_RELATIONSHIP_WITH_TRANSFORMATION(#974) 
SHAPE_REPRESENTATION_RELATIONSHIP() );
#974 = ITEM_DEFINED_TRANSFORMATION('','',#11,#23);
#975 = PRODUCT_DEFINITION_SHAPE('Placement','Placement of an item',#976
  );
#976 = NEXT_ASSEMBLY_USAGE_OCCURRENCE('3','L001_P0_latch_post','',#5,
  #669,$);
#977 = PRODUCT_RELATED_PRODUCT_CATEGORY('part',$,(#671));
#978 = SHAPE_DEFINITION_REPRESENTATION(#979,#985);
#979 = PRODUCT_DEFINITION_SHAPE('','',#980);
#980 = PRODUCT_DEFINITION('design','',#981,#984);
#981 = PRODUCT_DEFINITION_FORMATION('','',#982);
#982 = PRODUCT('F003_Tie_P0','F003_Tie_P0','',(#983));
#983 = PRODUCT_CONTEXT('',#2,'mechanical');
#984 = PRODUCT_DEFINITION_CONTEXT('part definition',#2,'design');
#985 = ADVANCED_BREP_SHAPE_REPRESENTATION('',(#11,#986),#1278);
#986 = MANIFOLD_SOLID_BREP('',#987);
#987 = CLOSED_SHELL('',(#988,#1028,#1059,#1117,#1141,#1158,#1170,#1201,
    #1225,#1249,#1266));
#988 = ADVANCED_FACE('',(#989),#1023,.F.);
#989 = FACE_BOUND('',#990,.F.);
#990 = EDGE_LOOP('',(#991,#1001,#1009,#1017));
#991 = ORIENTED_EDGE('',*,*,#992,.F.);
#992 = EDGE_CURVE('',#993,#995,#997,.T.);
#993 = VERTEX_POINT('',#994);
#994 = CARTESIAN_POINT('',(0.,-527.05,-139.7));
#995 = VERTEX_POINT('',#996);
#996 = CARTESIAN_POINT('',(0.,-527.05,0.));
#997 = LINE('',#998,#999);
#998 = CARTESIAN_POINT('',(0.,-527.05,-139.7));
#999 = VECTOR('',#1000,1.);
#1000 = DIRECTION('',(0.,0.,1.));
#1001 = ORIENTED_EDGE('',*,*,#1002,.T.);
#1002 = EDGE_CURVE('',#993,#1003,#1005,.T.);
#1003 = VERTEX_POINT('',#1004);
#1004 = CARTESIAN_POINT('',(0.,527.05,-139.7));
#1005 = LINE('',#1006,#1007);
#1006 = CARTESIAN_POINT('',(0.,-527.05,-139.7));
#1007 = VECTOR('',#1008,1.);
#1008 = DIRECTION('',(-0.,1.,0.));
#1009 = ORIENTED_EDGE('',*,*,#1010,.T.);
#1010 = EDGE_CURVE('',#1003,#1011,#1013,.T.);
#1011 = VERTEX_POINT('',#1012);
#1012 = CARTESIAN_POINT('',(0.,527.05,0.));
#1013 = LINE('',#1014,#1015);
#1014 = CARTESIAN_POINT('',(0.,527.05,-139.7));
#1015 = VECTOR('',#1016,1.);
#1016 = DIRECTION('',(0.,0.,1.));
#1017 = ORIENTED_EDGE('',*,*,#1018,.F.);
#1018 = EDGE_CURVE('',#995,#1011,#1019,.T.);
#1019 = LINE('',#1020,#1021);
#1020 = CARTESIAN_POINT('',(0.,-527.05,0.));
#1021 = VECTOR('',#1022,1.);
#1022 = DIRECTION('',(-0.,1.,0.));
#1023 = PLANE('',#1024);
#1024 = AXIS2_PLACEMENT_3D('',#1025,#1026,#1027);
#1025 = CARTESIAN_POINT('',(0.,-527.05,-139.7));
#1026 = DIRECTION('',(1.,0.,-0.));
#1027 = DIRECTION('',(0.,0.,1.));
#1028 = ADVANCED_FACE('',(#1029),#1054,.F.);
#1029 = FACE_BOUND('',#1030,.F.);
#1030 = EDGE_LOOP('',(#1031,#1039,#1040,#1048));
#1031 = ORIENTED_EDGE('',*,*,#1032,.F.);
#1032 = EDGE_CURVE('',#993,#1033,#1035,.T.);
#1033 = VERTEX_POINT('',#1034);
#1034 = CARTESIAN_POINT('',(88.9,-527.05,-139.7));
#1035 = LINE('',#1036,#1037);
#1036 = CARTESIAN_POINT('',(0.,-527.05,-139.7));
#1037 = VECTOR('',#1038,1.);
#1038 = DIRECTION('',(1.,0.,-0.));
#1039 = ORIENTED_EDGE('',*,*,#992,.T.);
#1040 = ORIENTED_EDGE('',*,*,#1041,.T.);
#1041 = EDGE_CURVE('',#995,#1042,#1044,.T.);
#1042 = VERTEX_POINT('',#1043);
#1043 = CARTESIAN_POINT('',(88.9,-527.05,0.));
#1044 = LINE('',#1045,#1046);
#1045 = CARTESIAN_POINT('',(0.,-527.05,0.));
#1046 = VECTOR('',#1047,1.);
#1047 = DIRECTION('',(1.,0.,-0.));
#1048 = ORIENTED_EDGE('',*,*,#1049,.F.);
#1049 = EDGE_CURVE('',#1033,#1042,#1050,.T.);
#1050 = LINE('',#1051,#1052);
#1051 = CARTESIAN_POINT('',(88.9,-527.05,-139.7));
#1052 = VECTOR('',#1053,1.);
#1053 = DIRECTION('',(0.,0.,1.));
#1054 = PLANE('',#1055);
#1055 = AXIS2_PLACEMENT_3D('',#1056,#1057,#1058);
#1056 = CARTESIAN_POINT('',(0.,-527.05,-139.7));
#1057 = DIRECTION('',(-0.,1.,0.));
#1058 = DIRECTION('',(0.,0.,1.));
#1059 = ADVANCED_FACE('',(#1060,#1078),#1112,.T.);
#1060 = FACE_BOUND('',#1061,.T.);
#1061 = EDGE_LOOP('',(#1062,#1063,#1064,#1072));
#1062 = ORIENTED_EDGE('',*,*,#1018,.F.);
#1063 = ORIENTED_EDGE('',*,*,#1041,.T.);
#1064 = ORIENTED_EDGE('',*,*,#1065,.T.);
#1065 = EDGE_CURVE('',#1042,#1066,#1068,.T.);
#1066 = VERTEX_POINT('',#1067);
#1067 = CARTESIAN_POINT('',(88.9,527.05,0.));
#1068 = LINE('',#1069,#1070);
#1069 = CARTESIAN_POINT('',(88.9,-527.05,0.));
#1070 = VECTOR('',#1071,1.);
#1071 = DIRECTION('',(-0.,1.,0.));
#1072 = ORIENTED_EDGE('',*,*,#1073,.F.);
#1073 = EDGE_CURVE('',#1011,#1066,#1074,.T.);
#1074 = LINE('',#1075,#1076);
#1075 = CARTESIAN_POINT('',(0.,527.05,0.));
#1076 = VECTOR('',#1077,1.);
#1077 = DIRECTION('',(1.,0.,-0.));
#1078 = FACE_BOUND('',#1079,.T.);
#1079 = EDGE_LOOP('',(#1080,#1090,#1098,#1106));
#1080 = ORIENTED_EDGE('',*,*,#1081,.T.);
#1081 = EDGE_CURVE('',#1082,#1084,#1086,.T.);
#1082 = VERTEX_POINT('',#1083);
#1083 = CARTESIAN_POINT('',(76.708,-57.658,0.));
#1084 = VERTEX_POINT('',#1085);
#1085 = CARTESIAN_POINT('',(12.192,-57.658,0.));
#1086 = LINE('',#1087,#1088);
#1087 = CARTESIAN_POINT('',(6.096,-57.658,0.));
#1088 = VECTOR('',#1089,1.);
#1089 = DIRECTION('',(-1.,-0.,0.));
#1090 = ORIENTED_EDGE('',*,*,#1091,.T.);
#1091 = EDGE_CURVE('',#1084,#1092,#1094,.T.);
#1092 = VERTEX_POINT('',#1093);
#1093 = CARTESIAN_POINT('',(12.192,57.658,0.));
#1094 = LINE('',#1095,#1096);
#1095 = CARTESIAN_POINT('',(12.192,-292.354,0.));
#1096 = VECTOR('',#1097,1.);
#1097 = DIRECTION('',(-0.,1.,0.));
#1098 = ORIENTED_EDGE('',*,*,#1099,.F.);
#1099 = EDGE_CURVE('',#1100,#1092,#1102,.T.);
#1100 = VERTEX_POINT('',#1101);
#1101 = CARTESIAN_POINT('',(76.708,57.658,0.));
#1102 = LINE('',#1103,#1104);
#1103 = CARTESIAN_POINT('',(6.096,57.658,0.));
#1104 = VECTOR('',#1105,1.);
#1105 = DIRECTION('',(-1.,-0.,0.));
#1106 = ORIENTED_EDGE('',*,*,#1107,.F.);
#1107 = EDGE_CURVE('',#1082,#1100,#1108,.T.);
#1108 = LINE('',#1109,#1110);
#1109 = CARTESIAN_POINT('',(76.708,-292.354,0.));
#1110 = VECTOR('',#1111,1.);
#1111 = DIRECTION('',(-0.,1.,0.));
#1112 = PLANE('',#1113);
#1113 = AXIS2_PLACEMENT_3D('',#1114,#1115,#1116);
#1114 = CARTESIAN_POINT('',(0.,-527.05,0.));
#1115 = DIRECTION('',(0.,0.,1.));
#1116 = DIRECTION('',(1.,0.,-0.));
#1117 = ADVANCED_FACE('',(#1118),#1136,.T.);
#1118 = FACE_BOUND('',#1119,.T.);
#1119 = EDGE_LOOP('',(#1120,#1128,#1129,#1130));
#1120 = ORIENTED_EDGE('',*,*,#1121,.F.);
#1121 = EDGE_CURVE('',#1003,#1122,#1124,.T.);
#1122 = VERTEX_POINT('',#1123);
#1123 = CARTESIAN_POINT('',(88.9,527.05,-139.7));
#1124 = LINE('',#1125,#1126);
#1125 = CARTESIAN_POINT('',(0.,527.05,-139.7));
#1126 = VECTOR('',#1127,1.);
#1127 = DIRECTION('',(1.,0.,-0.));
#1128 = ORIENTED_EDGE('',*,*,#1010,.T.);
#1129 = ORIENTED_EDGE('',*,*,#1073,.T.);
#1130 = ORIENTED_EDGE('',*,*,#1131,.F.);
#1131 = EDGE_CURVE('',#1122,#1066,#1132,.T.);
#1132 = LINE('',#1133,#1134);
#1133 = CARTESIAN_POINT('',(88.9,527.05,-139.7));
#1134 = VECTOR('',#1135,1.);
#1135 = DIRECTION('',(0.,0.,1.));
#1136 = PLANE('',#1137);
#1137 = AXIS2_PLACEMENT_3D('',#1138,#1139,#1140);
#1138 = CARTESIAN_POINT('',(0.,527.05,-139.7));
#1139 = DIRECTION('',(-0.,1.,0.));
#1140 = DIRECTION('',(0.,0.,1.));
#1141 = ADVANCED_FACE('',(#1142),#1153,.F.);
#1142 = FACE_BOUND('',#1143,.F.);
#1143 = EDGE_LOOP('',(#1144,#1145,#1146,#1152));
#1144 = ORIENTED_EDGE('',*,*,#1002,.F.);
#1145 = ORIENTED_EDGE('',*,*,#1032,.T.);
#1146 = ORIENTED_EDGE('',*,*,#1147,.T.);
#1147 = EDGE_CURVE('',#1033,#1122,#1148,.T.);
#1148 = LINE('',#1149,#1150);
#1149 = CARTESIAN_POINT('',(88.9,-527.05,-139.7));
#1150 = VECTOR('',#1151,1.);
#1151 = DIRECTION('',(-0.,1.,0.));
#1152 = ORIENTED_EDGE('',*,*,#1121,.F.);
#1153 = PLANE('',#1154);
#1154 = AXIS2_PLACEMENT_3D('',#1155,#1156,#1157);
#1155 = CARTESIAN_POINT('',(0.,-527.05,-139.7));
#1156 = DIRECTION('',(0.,0.,1.));
#1157 = DIRECTION('',(1.,0.,-0.));
#1158 = ADVANCED_FACE('',(#1159),#1165,.T.);
#1159 = FACE_BOUND('',#1160,.T.);
#1160 = EDGE_LOOP('',(#1161,#1162,#1163,#1164));
#1161 = ORIENTED_EDGE('',*,*,#1049,.F.);
#1162 = ORIENTED_EDGE('',*,*,#1147,.T.);
#1163 = ORIENTED_EDGE('',*,*,#1131,.T.);
#1164 = ORIENTED_EDGE('',*,*,#1065,.F.);
#1165 = PLANE('',#1166);
#1166 = AXIS2_PLACEMENT_3D('',#1167,#1168,#1169);
#1167 = CARTESIAN_POINT('',(88.9,-527.05,-139.7));
#1168 = DIRECTION('',(1.,0.,-0.));
#1169 = DIRECTION('',(0.,0.,1.));
#1170 = ADVANCED_FACE('',(#1171),#1196,.T.);
#1171 = FACE_BOUND('',#1172,.T.);
#1172 = EDGE_LOOP('',(#1173,#1181,#1189,#1195));
#1173 = ORIENTED_EDGE('',*,*,#1174,.F.);
#1174 = EDGE_CURVE('',#1175,#1082,#1177,.T.);
#1175 = VERTEX_POINT('',#1176);
#1176 = CARTESIAN_POINT('',(76.708,-57.658,-88.9));
#1177 = LINE('',#1178,#1179);
#1178 = CARTESIAN_POINT('',(76.708,-57.658,-88.9));
#1179 = VECTOR('',#1180,1.);
#1180 = DIRECTION('',(0.,0.,1.));
#1181 = ORIENTED_EDGE('',*,*,#1182,.F.);
#1182 = EDGE_CURVE('',#1183,#1175,#1185,.T.);
#1183 = VERTEX_POINT('',#1184);
#1184 = CARTESIAN_POINT('',(12.192,-57.658,-88.9));
#1185 = LINE('',#1186,#1187);
#1186 = CARTESIAN_POINT('',(12.192,-57.658,-88.9));
#1187 = VECTOR('',#1188,1.);
#1188 = DIRECTION('',(1.,0.,-0.));
#1189 = ORIENTED_EDGE('',*,*,#1190,.T.);
#1190 = EDGE_CURVE('',#1183,#1084,#1191,.T.);
#1191 = LINE('',#1192,#1193);
#1192 = CARTESIAN_POINT('',(12.192,-57.658,-88.9));
#1193 = VECTOR('',#1194,1.);
#1194 = DIRECTION('',(0.,0.,1.));
#1195 = ORIENTED_EDGE('',*,*,#1081,.F.);
#1196 = PLANE('',#1197);
#1197 = AXIS2_PLACEMENT_3D('',#1198,#1199,#1200);
#1198 = CARTESIAN_POINT('',(12.192,-57.658,-88.9));
#1199 = DIRECTION('',(-0.,1.,0.));
#1200 = DIRECTION('',(0.,0.,1.));
#1201 = ADVANCED_FACE('',(#1202),#1220,.F.);
#1202 = FACE_BOUND('',#1203,.F.);
#1203 = EDGE_LOOP('',(#1204,#1205,#1213,#1219));
#1204 = ORIENTED_EDGE('',*,*,#1174,.F.);
#1205 = ORIENTED_EDGE('',*,*,#1206,.T.);
#1206 = EDGE_CURVE('',#1175,#1207,#1209,.T.);
#1207 = VERTEX_POINT('',#1208);
#1208 = CARTESIAN_POINT('',(76.708,57.658,-88.9));
#1209 = LINE('',#1210,#1211);
#1210 = CARTESIAN_POINT('',(76.708,-57.658,-88.9));
#1211 = VECTOR('',#1212,1.);
#1212 = DIRECTION('',(-0.,1.,0.));
#1213 = ORIENTED_EDGE('',*,*,#1214,.T.);
#1214 = EDGE_CURVE('',#1207,#1100,#1215,.T.);
#1215 = LINE('',#1216,#1217);
#1216 = CARTESIAN_POINT('',(76.708,57.658,-88.9));
#1217 = VECTOR('',#1218,1.);
#1218 = DIRECTION('',(0.,0.,1.));
#1219 = ORIENTED_EDGE('',*,*,#1107,.F.);
#1220 = PLANE('',#1221);
#1221 = AXIS2_PLACEMENT_3D('',#1222,#1223,#1224);
#1222 = CARTESIAN_POINT('',(76.708,-57.658,-88.9));
#1223 = DIRECTION('',(1.,0.,-0.));
#1224 = DIRECTION('',(0.,0.,1.));
#1225 = ADVANCED_FACE('',(#1226),#1244,.F.);
#1226 = FACE_BOUND('',#1227,.F.);
#1227 = EDGE_LOOP('',(#1228,#1229,#1237,#1243));
#1228 = ORIENTED_EDGE('',*,*,#1214,.F.);
#1229 = ORIENTED_EDGE('',*,*,#1230,.F.);
#1230 = EDGE_CURVE('',#1231,#1207,#1233,.T.);
#1231 = VERTEX_POINT('',#1232);
#1232 = CARTESIAN_POINT('',(12.192,57.658,-88.9));
#1233 = LINE('',#1234,#1235);
#1234 = CARTESIAN_POINT('',(12.192,57.658,-88.9));
#1235 = VECTOR('',#1236,1.);
#1236 = DIRECTION('',(1.,0.,-0.));
#1237 = ORIENTED_EDGE('',*,*,#1238,.T.);
#1238 = EDGE_CURVE('',#1231,#1092,#1239,.T.);
#1239 = LINE('',#1240,#1241);
#1240 = CARTESIAN_POINT('',(12.192,57.658,-88.9));
#1241 = VECTOR('',#1242,1.);
#1242 = DIRECTION('',(0.,0.,1.));
#1243 = ORIENTED_EDGE('',*,*,#1099,.F.);
#1244 = PLANE('',#1245);
#1245 = AXIS2_PLACEMENT_3D('',#1246,#1247,#1248);
#1246 = CARTESIAN_POINT('',(12.192,57.658,-88.9));
#1247 = DIRECTION('',(-0.,1.,0.));
#1248 = DIRECTION('',(0.,0.,1.));
#1249 = ADVANCED_FACE('',(#1250),#1261,.T.);
#1250 = FACE_BOUND('',#1251,.T.);
#1251 = EDGE_LOOP('',(#1252,#1253,#1259,#1260));
#1252 = ORIENTED_EDGE('',*,*,#1190,.F.);
#1253 = ORIENTED_EDGE('',*,*,#1254,.T.);
#1254 = EDGE_CURVE('',#1183,#1231,#1255,.T.);
#1255 = LINE('',#1256,#1257);
#1256 = CARTESIAN_POINT('',(12.192,-57.658,-88.9));
#1257 = VECTOR('',#1258,1.);
#1258 = DIRECTION('',(-0.,1.,0.));
#1259 = ORIENTED_EDGE('',*,*,#1238,.T.);
#1260 = ORIENTED_EDGE('',*,*,#1091,.F.);
#1261 = PLANE('',#1262);
#1262 = AXIS2_PLACEMENT_3D('',#1263,#1264,#1265);
#1263 = CARTESIAN_POINT('',(12.192,-57.658,-88.9));
#1264 = DIRECTION('',(1.,0.,-0.));
#1265 = DIRECTION('',(0.,0.,1.));
#1266 = ADVANCED_FACE('',(#1267),#1273,.T.);
#1267 = FACE_BOUND('',#1268,.T.);
#1268 = EDGE_LOOP('',(#1269,#1270,#1271,#1272));
#1269 = ORIENTED_EDGE('',*,*,#1254,.F.);
#1270 = ORIENTED_EDGE('',*,*,#1182,.T.);
#1271 = ORIENTED_EDGE('',*,*,#1206,.T.);
#1272 = ORIENTED_EDGE('',*,*,#1230,.F.);
#1273 = PLANE('',#1274);
#1274 = AXIS2_PLACEMENT_3D('',#1275,#1276,#1277);
#1275 = CARTESIAN_POINT('',(12.192,-57.658,-88.9));
#1276 = DIRECTION('',(0.,0.,1.));
#1277 = DIRECTION('',(1.,0.,-0.));
#1278 = ( GEOMETRIC_REPRESENTATION_CONTEXT(3) 
GLOBAL_UNCERTAINTY_ASSIGNED_CONTEXT((#1282)) 
GLOBAL_UNIT_ASSIGNED_CONTEXT((#1279,#1280,#1281)) REPRESENTATION_CONTEXT
('Context #1','3D Context with UNIT and UNCERTAINTY') );
#1279 = ( LENGTH_UNIT() NAMED_UNIT(*) SI_UNIT(.MILLI.,.METRE.) );
#1280 = ( NAMED_UNIT(*) PLANE_ANGLE_UNIT() SI_UNIT($,.RADIAN.) );
#1281 = ( NAMED_UNIT(*) SI_UNIT($,.STERADIAN.) SOLID_ANGLE_UNIT() );
#1282 = UNCERTAINTY_MEASURE_WITH_UNIT(LENGTH_MEASURE(1.E-07),#1279,
  'distance_accuracy_value','confusion accuracy');
#1283 = CONTEXT_DEPENDENT_SHAPE_REPRESENTATION(#1284,#1286);
#1284 = ( REPRESENTATION_RELATIONSHIP('','',#985,#10) 
REPRESENTATION_RELATIONSHIP_WITH_TRANSFORMATION(#1285) 
SHAPE_REPRESENTATION_RELATIONSHIP() );
#1285 = ITEM_DEFINED_TRANSFORMATION('','',#11,#27);
#1286 = PRODUCT_DEFINITION_SHAPE('Placement','Placement of an item',
  #1287);
#1287 = NEXT_ASSEMBLY_USAGE_OCCURRENCE('4','F003_Tie_P0','',#5,#980,$);
#1288 = PRODUCT_RELATED_PRODUCT_CATEGORY('part',$,(#982));
#1289 = SHAPE_DEFINITION_REPRESENTATION(#1290,#1296);
#1290 = PRODUCT_DEFINITION_SHAPE('','',#1291);
#1291 = PRODUCT_DEFINITION('design','',#1292,#1295);
#1292 = PRODUCT_DEFINITION_FORMATION('','',#1293);
#1293 = PRODUCT('L002_P1_hinge_post','L002_P1_hinge_post','',(#1294));
#1294 = PRODUCT_CONTEXT('',#2,'mechanical');
#1295 = PRODUCT_DEFINITION_CONTEXT('part definition',#2,'design');
#1296 = ADVANCED_BREP_SHAPE_REPRESENTATION('',(#11,#1297),#3731);
#1297 = MANIFOLD_SOLID_BREP('',#1298);
#1298 = CLOSED_SHELL('',(#1299,#1541,#1572,#1698,#1824,#1880,#1936,#2001
    ,#2066,#2083,#2114,#2138,#2162,#2179,#2210,#2268,#2326,#2343,#2374,
    #2398,#2422,#2439,#2470,#2528,#2586,#2603,#2634,#2658,#2682,#2699,
    #2829,#2851,#2868,#2885,#2897,#2919,#2936,#2953,#2965,#2987,#3004,
    #3021,#3033,#3055,#3072,#3089,#3101,#3123,#3140,#3157,#3169,#3191,
    #3208,#3225,#3237,#3275,#3299,#3330,#3347,#3359,#3371,#3383,#3395,
    #3426,#3450,#3474,#3491,#3522,#3546,#3570,#3587,#3618,#3642,#3666,
    #3683,#3695,#3707,#3719));
#1299 = ADVANCED_FACE('',(#1300,#1366,#1400,#1434,#1468,#1502),#1536,.F.
  );
#1300 = FACE_BOUND('',#1301,.F.);
#1301 = EDGE_LOOP('',(#1302,#1312,#1320,#1328,#1336,#1344,#1352,#1360));
#1302 = ORIENTED_EDGE('',*,*,#1303,.F.);
#1303 = EDGE_CURVE('',#1304,#1306,#1308,.T.);
#1304 = VERTEX_POINT('',#1305);
#1305 = CARTESIAN_POINT('',(1.0033E+03,-69.85,1.6129E+03));
#1306 = VERTEX_POINT('',#1307);
#1307 = CARTESIAN_POINT('',(1.0033E+03,69.85,1.6129E+03));
#1308 = LINE('',#1309,#1310);
#1309 = CARTESIAN_POINT('',(1.0033E+03,-69.85,1.6129E+03));
#1310 = VECTOR('',#1311,1.);
#1311 = DIRECTION('',(-0.,1.,0.));
#1312 = ORIENTED_EDGE('',*,*,#1313,.F.);
#1313 = EDGE_CURVE('',#1314,#1304,#1316,.T.);
#1314 = VERTEX_POINT('',#1315);
#1315 = CARTESIAN_POINT('',(1.0033E+03,-69.85,0.));
#1316 = LINE('',#1317,#1318);
#1317 = CARTESIAN_POINT('',(1.0033E+03,-69.85,0.));
#1318 = VECTOR('',#1319,1.);
#1319 = DIRECTION('',(0.,0.,1.));
#1320 = ORIENTED_EDGE('',*,*,#1321,.T.);
#1321 = EDGE_CURVE('',#1314,#1322,#1324,.T.);
#1322 = VERTEX_POINT('',#1323);
#1323 = CARTESIAN_POINT('',(1.0033E+03,-19.431,0.));
#1324 = LINE('',#1325,#1326);
#1325 = CARTESIAN_POINT('',(1.0033E+03,-69.85,0.));
#1326 = VECTOR('',#1327,1.);
#1327 = DIRECTION('',(-0.,1.,0.));
#1328 = ORIENTED_EDGE('',*,*,#1329,.T.);
#1329 = EDGE_CURVE('',#1322,#1330,#1332,.T.);
#1330 = VERTEX_POINT('',#1331);
#1331 = CARTESIAN_POINT('',(1.0033E+03,-19.431,286.766));
#1332 = LINE('',#1333,#1334);
#1333 = CARTESIAN_POINT('',(1.0033E+03,-19.431,0.));
#1334 = VECTOR('',#1335,1.);
#1335 = DIRECTION('',(0.,0.,1.));
#1336 = ORIENTED_EDGE('',*,*,#1337,.F.);
#1337 = EDGE_CURVE('',#1338,#1330,#1340,.T.);
#1338 = VERTEX_POINT('',#1339);
#1339 = CARTESIAN_POINT('',(1.0033E+03,19.431,286.766));
#1340 = LINE('',#1341,#1342);
#1341 = CARTESIAN_POINT('',(1.0033E+03,-44.6405,286.766));
#1342 = VECTOR('',#1343,1.);
#1343 = DIRECTION('',(0.,-1.,0.));
#1344 = ORIENTED_EDGE('',*,*,#1345,.F.);
#1345 = EDGE_CURVE('',#1346,#1338,#1348,.T.);
#1346 = VERTEX_POINT('',#1347);
#1347 = CARTESIAN_POINT('',(1.0033E+03,19.431,0.));
#1348 = LINE('',#1349,#1350);
#1349 = CARTESIAN_POINT('',(1.0033E+03,19.431,0.));
#1350 = VECTOR('',#1351,1.);
#1351 = DIRECTION('',(0.,0.,1.));
#1352 = ORIENTED_EDGE('',*,*,#1353,.T.);
#1353 = EDGE_CURVE('',#1346,#1354,#1356,.T.);
#1354 = VERTEX_POINT('',#1355);
#1355 = CARTESIAN_POINT('',(1.0033E+03,69.85,0.));
#1356 = LINE('',#1357,#1358);
#1357 = CARTESIAN_POINT('',(1.0033E+03,-69.85,0.));
#1358 = VECTOR('',#1359,1.);
#1359 = DIRECTION('',(-0.,1.,0.));
#1360 = ORIENTED_EDGE('',*,*,#1361,.T.);
#1361 = EDGE_CURVE('',#1354,#1306,#1362,.T.);
#1362 = LINE('',#1363,#1364);
#1363 = CARTESIAN_POINT('',(1.0033E+03,69.85,0.));
#1364 = VECTOR('',#1365,1.);
#1365 = DIRECTION('',(0.,0.,1.));
#1366 = FACE_BOUND('',#1367,.F.);
#1367 = EDGE_LOOP('',(#1368,#1378,#1386,#1394));
#1368 = ORIENTED_EDGE('',*,*,#1369,.T.);
#1369 = EDGE_CURVE('',#1370,#1372,#1374,.T.);
#1370 = VERTEX_POINT('',#1371);
#1371 = CARTESIAN_POINT('',(1.0033E+03,9.906,304.8));
#1372 = VERTEX_POINT('',#1373);
#1373 = CARTESIAN_POINT('',(1.0033E+03,-9.906,304.8));
#1374 = LINE('',#1375,#1376);
#1375 = CARTESIAN_POINT('',(1.0033E+03,-39.878,304.8));
#1376 = VECTOR('',#1377,1.);
#1377 = DIRECTION('',(0.,-1.,0.));
#1378 = ORIENTED_EDGE('',*,*,#1379,.T.);
#1379 = EDGE_CURVE('',#1372,#1380,#1382,.T.);
#1380 = VERTEX_POINT('',#1381);
#1381 = CARTESIAN_POINT('',(1.0033E+03,-9.906,511.175));
#1382 = LINE('',#1383,#1384);
#1383 = CARTESIAN_POINT('',(1.0033E+03,-9.906,152.4));
#1384 = VECTOR('',#1385,1.);
#1385 = DIRECTION('',(0.,0.,1.));
#1386 = ORIENTED_EDGE('',*,*,#1387,.F.);
#1387 = EDGE_CURVE('',#1388,#1380,#1390,.T.);
#1388 = VERTEX_POINT('',#1389);
#1389 = CARTESIAN_POINT('',(1.0033E+03,9.906,511.175));
#1390 = LINE('',#1391,#1392);
#1391 = CARTESIAN_POINT('',(1.0033E+03,-39.878,511.175));
#1392 = VECTOR('',#1393,1.);
#1393 = DIRECTION('',(0.,-1.,0.));
#1394 = ORIENTED_EDGE('',*,*,#1395,.F.);
#1395 = EDGE_CURVE('',#1370,#1388,#1396,.T.);
#1396 = LINE('',#1397,#1398);
#1397 = CARTESIAN_POINT('',(1.0033E+03,9.906,152.4));
#1398 = VECTOR('',#1399,1.);
#1399 = DIRECTION('',(0.,0.,1.));
#1400 = FACE_BOUND('',#1401,.F.);
#1401 = EDGE_LOOP('',(#1402,#1412,#1420,#1428));
#1402 = ORIENTED_EDGE('',*,*,#1403,.T.);
#1403 = EDGE_CURVE('',#1404,#1406,#1408,.T.);
#1404 = VERTEX_POINT('',#1405);
#1405 = CARTESIAN_POINT('',(1.0033E+03,19.431,529.209));
#1406 = VERTEX_POINT('',#1407);
#1407 = CARTESIAN_POINT('',(1.0033E+03,-19.431,529.209));
#1408 = LINE('',#1409,#1410);
#1409 = CARTESIAN_POINT('',(1.0033E+03,-44.6405,529.209));
#1410 = VECTOR('',#1411,1.);
#1411 = DIRECTION('',(0.,-1.,0.));
#1412 = ORIENTED_EDGE('',*,*,#1413,.T.);
#1413 = EDGE_CURVE('',#1406,#1414,#1416,.T.);
#1414 = VERTEX_POINT('',#1415);
#1415 = CARTESIAN_POINT('',(1.0033E+03,-19.431,765.175));
#1416 = LINE('',#1417,#1418);
#1417 = CARTESIAN_POINT('',(1.0033E+03,-19.431,264.6045));
#1418 = VECTOR('',#1419,1.);
#1419 = DIRECTION('',(0.,0.,1.));
#1420 = ORIENTED_EDGE('',*,*,#1421,.F.);
#1421 = EDGE_CURVE('',#1422,#1414,#1424,.T.);
#1422 = VERTEX_POINT('',#1423);
#1423 = CARTESIAN_POINT('',(1.0033E+03,19.431,765.175));
#1424 = LINE('',#1425,#1426);
#1425 = CARTESIAN_POINT('',(1.0033E+03,-44.6405,765.175));
#1426 = VECTOR('',#1427,1.);
#1427 = DIRECTION('',(0.,-1.,0.));
#1428 = ORIENTED_EDGE('',*,*,#1429,.F.);
#1429 = EDGE_CURVE('',#1404,#1422,#1430,.T.);
#1430 = LINE('',#1431,#1432);
#1431 = CARTESIAN_POINT('',(1.0033E+03,19.431,264.6045));
#1432 = VECTOR('',#1433,1.);
#1433 = DIRECTION('',(0.,0.,1.));
#1434 = FACE_BOUND('',#1435,.F.);
#1435 = EDGE_LOOP('',(#1436,#1446,#1454,#1462));
#1436 = ORIENTED_EDGE('',*,*,#1437,.T.);
#1437 = EDGE_CURVE('',#1438,#1440,#1442,.T.);
#1438 = VERTEX_POINT('',#1439);
#1439 = CARTESIAN_POINT('',(1.0033E+03,9.906,783.209));
#1440 = VERTEX_POINT('',#1441);
#1441 = CARTESIAN_POINT('',(1.0033E+03,-9.906,783.209));
#1442 = LINE('',#1443,#1444);
#1443 = CARTESIAN_POINT('',(1.0033E+03,-39.878,783.209));
#1444 = VECTOR('',#1445,1.);
#1445 = DIRECTION('',(0.,-1.,0.));
#1446 = ORIENTED_EDGE('',*,*,#1447,.T.);
#1447 = EDGE_CURVE('',#1440,#1448,#1450,.T.);
#1448 = VERTEX_POINT('',#1449);
#1449 = CARTESIAN_POINT('',(1.0033E+03,-9.906,1.1164824E+03));
#1450 = LINE('',#1451,#1452);
#1451 = CARTESIAN_POINT('',(1.0033E+03,-9.906,391.6045));
#1452 = VECTOR('',#1453,1.);
#1453 = DIRECTION('',(0.,0.,1.));
#1454 = ORIENTED_EDGE('',*,*,#1455,.F.);
#1455 = EDGE_CURVE('',#1456,#1448,#1458,.T.);
#1456 = VERTEX_POINT('',#1457);
#1457 = CARTESIAN_POINT('',(1.0033E+03,9.906,1.1164824E+03));
#1458 = LINE('',#1459,#1460);
#1459 = CARTESIAN_POINT('',(1.0033E+03,-39.878,1.1164824E+03));
#1460 = VECTOR('',#1461,1.);
#1461 = DIRECTION('',(0.,-1.,0.));
#1462 = ORIENTED_EDGE('',*,*,#1463,.F.);
#1463 = EDGE_CURVE('',#1438,#1456,#1464,.T.);
#1464 = LINE('',#1465,#1466);
#1465 = CARTESIAN_POINT('',(1.0033E+03,9.906,391.6045));
#1466 = VECTOR('',#1467,1.);
#1467 = DIRECTION('',(0.,0.,1.));
#1468 = FACE_BOUND('',#1469,.F.);
#1469 = EDGE_LOOP('',(#1470,#1480,#1488,#1496));
#1470 = ORIENTED_EDGE('',*,*,#1471,.T.);
#1471 = EDGE_CURVE('',#1472,#1474,#1476,.T.);
#1472 = VERTEX_POINT('',#1473);
#1473 = CARTESIAN_POINT('',(1.0033E+03,19.431,1.1345164E+03));
#1474 = VERTEX_POINT('',#1475);
#1475 = CARTESIAN_POINT('',(1.0033E+03,-19.431,1.1345164E+03));
#1476 = LINE('',#1477,#1478);
#1477 = CARTESIAN_POINT('',(1.0033E+03,-44.6405,1.1345164E+03));
#1478 = VECTOR('',#1479,1.);
#1479 = DIRECTION('',(0.,-1.,0.));
#1480 = ORIENTED_EDGE('',*,*,#1481,.T.);
#1481 = EDGE_CURVE('',#1474,#1482,#1484,.T.);
#1482 = VERTEX_POINT('',#1483);
#1483 = CARTESIAN_POINT('',(1.0033E+03,-19.431,1.3704824E+03));
#1484 = LINE('',#1485,#1486);
#1485 = CARTESIAN_POINT('',(1.0033E+03,-19.431,567.2582));
#1486 = VECTOR('',#1487,1.);
#1487 = DIRECTION('',(0.,0.,1.));
#1488 = ORIENTED_EDGE('',*,*,#1489,.F.);
#1489 = EDGE_CURVE('',#1490,#1482,#1492,.T.);
#1490 = VERTEX_POINT('',#1491);
#1491 = CARTESIAN_POINT('',(1.0033E+03,19.431,1.3704824E+03));
#1492 = LINE('',#1493,#1494);
#1493 = CARTESIAN_POINT('',(1.0033E+03,-44.6405,1.3704824E+03));
#1494 = VECTOR('',#1495,1.);
#1495 = DIRECTION('',(0.,-1.,0.));
#1496 = ORIENTED_EDGE('',*,*,#1497,.F.);
#1497 = EDGE_CURVE('',#1472,#1490,#1498,.T.);
#1498 = LINE('',#1499,#1500);
#1499 = CARTESIAN_POINT('',(1.0033E+03,19.431,567.2582));
#1500 = VECTOR('',#1501,1.);
#1501 = DIRECTION('',(0.,0.,1.));
#1502 = FACE_BOUND('',#1503,.F.);
#1503 = EDGE_LOOP('',(#1504,#1514,#1522,#1530));
#1504 = ORIENTED_EDGE('',*,*,#1505,.T.);
#1505 = EDGE_CURVE('',#1506,#1508,#1510,.T.);
#1506 = VERTEX_POINT('',#1507);
#1507 = CARTESIAN_POINT('',(1.0033E+03,9.906,1.3885164E+03));
#1508 = VERTEX_POINT('',#1509);
#1509 = CARTESIAN_POINT('',(1.0033E+03,-9.906,1.3885164E+03));
#1510 = LINE('',#1511,#1512);
#1511 = CARTESIAN_POINT('',(1.0033E+03,-39.878,1.3885164E+03));
#1512 = VECTOR('',#1513,1.);
#1513 = DIRECTION('',(0.,-1.,0.));
#1514 = ORIENTED_EDGE('',*,*,#1515,.T.);
#1515 = EDGE_CURVE('',#1508,#1516,#1518,.T.);
#1516 = VERTEX_POINT('',#1517);
#1517 = CARTESIAN_POINT('',(1.0033E+03,-9.906,1.5948914E+03));
#1518 = LINE('',#1519,#1520);
#1519 = CARTESIAN_POINT('',(1.0033E+03,-9.906,694.2582));
#1520 = VECTOR('',#1521,1.);
#1521 = DIRECTION('',(0.,0.,1.));
#1522 = ORIENTED_EDGE('',*,*,#1523,.F.);
#1523 = EDGE_CURVE('',#1524,#1516,#1526,.T.);
#1524 = VERTEX_POINT('',#1525);
#1525 = CARTESIAN_POINT('',(1.0033E+03,9.906,1.5948914E+03));
#1526 = LINE('',#1527,#1528);
#1527 = CARTESIAN_POINT('',(1.0033E+03,-39.878,1.5948914E+03));
#1528 = VECTOR('',#1529,1.);
#1529 = DIRECTION('',(0.,-1.,0.));
#1530 = ORIENTED_EDGE('',*,*,#1531,.F.);
#1531 = EDGE_CURVE('',#1506,#1524,#1532,.T.);
#1532 = LINE('',#1533,#1534);
#1533 = CARTESIAN_POINT('',(1.0033E+03,9.906,694.2582));
#1534 = VECTOR('',#1535,1.);
#1535 = DIRECTION('',(0.,0.,1.));
#1536 = PLANE('',#1537);
#1537 = AXIS2_PLACEMENT_3D('',#1538,#1539,#1540);
#1538 = CARTESIAN_POINT('',(1.0033E+03,-69.85,0.));
#1539 = DIRECTION('',(1.,0.,-0.));
#1540 = DIRECTION('',(0.,0.,1.));
#1541 = ADVANCED_FACE('',(#1542),#1567,.T.);
#1542 = FACE_BOUND('',#1543,.T.);
#1543 = EDGE_LOOP('',(#1544,#1545,#1553,#1561));
#1544 = ORIENTED_EDGE('',*,*,#1303,.F.);
#1545 = ORIENTED_EDGE('',*,*,#1546,.T.);
#1546 = EDGE_CURVE('',#1304,#1547,#1549,.T.);
#1547 = VERTEX_POINT('',#1548);
#1548 = CARTESIAN_POINT('',(1.0922E+03,-69.85,1.6129E+03));
#1549 = LINE('',#1550,#1551);
#1550 = CARTESIAN_POINT('',(1.0033E+03,-69.85,1.6129E+03));
#1551 = VECTOR('',#1552,1.);
#1552 = DIRECTION('',(1.,0.,-0.));
#1553 = ORIENTED_EDGE('',*,*,#1554,.T.);
#1554 = EDGE_CURVE('',#1547,#1555,#1557,.T.);
#1555 = VERTEX_POINT('',#1556);
#1556 = CARTESIAN_POINT('',(1.0922E+03,69.85,1.6129E+03));
#1557 = LINE('',#1558,#1559);
#1558 = CARTESIAN_POINT('',(1.0922E+03,-69.85,1.6129E+03));
#1559 = VECTOR('',#1560,1.);
#1560 = DIRECTION('',(-0.,1.,0.));
#1561 = ORIENTED_EDGE('',*,*,#1562,.F.);
#1562 = EDGE_CURVE('',#1306,#1555,#1563,.T.);
#1563 = LINE('',#1564,#1565);
#1564 = CARTESIAN_POINT('',(1.0033E+03,69.85,1.6129E+03));
#1565 = VECTOR('',#1566,1.);
#1566 = DIRECTION('',(1.,0.,-0.));
#1567 = PLANE('',#1568);
#1568 = AXIS2_PLACEMENT_3D('',#1569,#1570,#1571);
#1569 = CARTESIAN_POINT('',(1.0033E+03,-69.85,1.6129E+03));
#1570 = DIRECTION('',(0.,0.,1.));
#1571 = DIRECTION('',(1.,0.,-0.));
#1572 = ADVANCED_FACE('',(#1573,#1591,#1625,#1659),#1693,.T.);
#1573 = FACE_BOUND('',#1574,.T.);
#1574 = EDGE_LOOP('',(#1575,#1583,#1584,#1585));
#1575 = ORIENTED_EDGE('',*,*,#1576,.F.);
#1576 = EDGE_CURVE('',#1354,#1577,#1579,.T.);
#1577 = VERTEX_POINT('',#1578);
#1578 = CARTESIAN_POINT('',(1.0922E+03,69.85,0.));
#1579 = LINE('',#1580,#1581);
#1580 = CARTESIAN_POINT('',(1.0033E+03,69.85,0.));
#1581 = VECTOR('',#1582,1.);
#1582 = DIRECTION('',(1.,0.,-0.));
#1583 = ORIENTED_EDGE('',*,*,#1361,.T.);
#1584 = ORIENTED_EDGE('',*,*,#1562,.T.);
#1585 = ORIENTED_EDGE('',*,*,#1586,.F.);
#1586 = EDGE_CURVE('',#1577,#1555,#1587,.T.);
#1587 = LINE('',#1588,#1589);
#1588 = CARTESIAN_POINT('',(1.0922E+03,69.85,0.));
#1589 = VECTOR('',#1590,1.);
#1590 = DIRECTION('',(0.,0.,1.));
#1591 = FACE_BOUND('',#1592,.T.);
#1592 = EDGE_LOOP('',(#1593,#1603,#1611,#1619));
#1593 = ORIENTED_EDGE('',*,*,#1594,.F.);
#1594 = EDGE_CURVE('',#1595,#1597,#1599,.T.);
#1595 = VERTEX_POINT('',#1596);
#1596 = CARTESIAN_POINT('',(1.0647045E+03,69.85,171.45));
#1597 = VERTEX_POINT('',#1598);
#1598 = CARTESIAN_POINT('',(1.0805795E+03,69.85,171.45));
#1599 = LINE('',#1600,#1601);
#1600 = CARTESIAN_POINT('',(1.03400225E+03,69.85,171.45));
#1601 = VECTOR('',#1602,1.);
#1602 = DIRECTION('',(1.,0.,-0.));
#1603 = ORIENTED_EDGE('',*,*,#1604,.T.);
#1604 = EDGE_CURVE('',#1595,#1605,#1607,.T.);
#1605 = VERTEX_POINT('',#1606);
#1606 = CARTESIAN_POINT('',(1.0647045E+03,69.85,142.875));
#1607 = LINE('',#1608,#1609);
#1608 = CARTESIAN_POINT('',(1.0647045E+03,69.85,71.4375));
#1609 = VECTOR('',#1610,1.);
#1610 = DIRECTION('',(-0.,0.,-1.));
#1611 = ORIENTED_EDGE('',*,*,#1612,.T.);
#1612 = EDGE_CURVE('',#1605,#1613,#1615,.T.);
#1613 = VERTEX_POINT('',#1614);
#1614 = CARTESIAN_POINT('',(1.0805795E+03,69.85,142.875));
#1615 = LINE('',#1616,#1617);
#1616 = CARTESIAN_POINT('',(1.03400225E+03,69.85,142.875));
#1617 = VECTOR('',#1618,1.);
#1618 = DIRECTION('',(1.,0.,-0.));
#1619 = ORIENTED_EDGE('',*,*,#1620,.F.);
#1620 = EDGE_CURVE('',#1597,#1613,#1621,.T.);
#1621 = LINE('',#1622,#1623);
#1622 = CARTESIAN_POINT('',(1.0805795E+03,69.85,71.4375));
#1623 = VECTOR('',#1624,1.);
#1624 = DIRECTION('',(-0.,0.,-1.));
#1625 = FACE_BOUND('',#1626,.T.);
#1626 = EDGE_LOOP('',(#1627,#1637,#1645,#1653));
#1627 = ORIENTED_EDGE('',*,*,#1628,.F.);
#1628 = EDGE_CURVE('',#1629,#1631,#1633,.T.);
#1629 = VERTEX_POINT('',#1630);
#1630 = CARTESIAN_POINT('',(1.0647045E+03,69.85,675.259));
#1631 = VERTEX_POINT('',#1632);
#1632 = CARTESIAN_POINT('',(1.0805795E+03,69.85,675.259));
#1633 = LINE('',#1634,#1635);
#1634 = CARTESIAN_POINT('',(1.03400225E+03,69.85,675.259));
#1635 = VECTOR('',#1636,1.);
#1636 = DIRECTION('',(1.,0.,-0.));
#1637 = ORIENTED_EDGE('',*,*,#1638,.T.);
#1638 = EDGE_CURVE('',#1629,#1639,#1641,.T.);
#1639 = VERTEX_POINT('',#1640);
#1640 = CARTESIAN_POINT('',(1.0647045E+03,69.85,646.684));
#1641 = LINE('',#1642,#1643);
#1642 = CARTESIAN_POINT('',(1.0647045E+03,69.85,323.342));
#1643 = VECTOR('',#1644,1.);
#1644 = DIRECTION('',(-0.,0.,-1.));
#1645 = ORIENTED_EDGE('',*,*,#1646,.T.);
#1646 = EDGE_CURVE('',#1639,#1647,#1649,.T.);
#1647 = VERTEX_POINT('',#1648);
#1648 = CARTESIAN_POINT('',(1.0805795E+03,69.85,646.684));
#1649 = LINE('',#1650,#1651);
#1650 = CARTESIAN_POINT('',(1.03400225E+03,69.85,646.684));
#1651 = VECTOR('',#1652,1.);
#1652 = DIRECTION('',(1.,0.,-0.));
#1653 = ORIENTED_EDGE('',*,*,#1654,.F.);
#1654 = EDGE_CURVE('',#1631,#1647,#1655,.T.);
#1655 = LINE('',#1656,#1657);
#1656 = CARTESIAN_POINT('',(1.0805795E+03,69.85,323.342));
#1657 = VECTOR('',#1658,1.);
#1658 = DIRECTION('',(-0.,0.,-1.));
#1659 = FACE_BOUND('',#1660,.T.);
#1660 = EDGE_LOOP('',(#1661,#1671,#1679,#1687));
#1661 = ORIENTED_EDGE('',*,*,#1662,.F.);
#1662 = EDGE_CURVE('',#1663,#1665,#1667,.T.);
#1663 = VERTEX_POINT('',#1664);
#1664 = CARTESIAN_POINT('',(1.0647045E+03,69.85,1.2805664E+03));
#1665 = VERTEX_POINT('',#1666);
#1666 = CARTESIAN_POINT('',(1.0805795E+03,69.85,1.2805664E+03));
#1667 = LINE('',#1668,#1669);
#1668 = CARTESIAN_POINT('',(1.03400225E+03,69.85,1.2805664E+03));
#1669 = VECTOR('',#1670,1.);
#1670 = DIRECTION('',(1.,0.,-0.));
#1671 = ORIENTED_EDGE('',*,*,#1672,.T.);
#1672 = EDGE_CURVE('',#1663,#1673,#1675,.T.);
#1673 = VERTEX_POINT('',#1674);
#1674 = CARTESIAN_POINT('',(1.0647045E+03,69.85,1.2519914E+03));
#1675 = LINE('',#1676,#1677);
#1676 = CARTESIAN_POINT('',(1.0647045E+03,69.85,625.9957));
#1677 = VECTOR('',#1678,1.);
#1678 = DIRECTION('',(-0.,0.,-1.));
#1679 = ORIENTED_EDGE('',*,*,#1680,.T.);
#1680 = EDGE_CURVE('',#1673,#1681,#1683,.T.);
#1681 = VERTEX_POINT('',#1682);
#1682 = CARTESIAN_POINT('',(1.0805795E+03,69.85,1.2519914E+03));
#1683 = LINE('',#1684,#1685);
#1684 = CARTESIAN_POINT('',(1.03400225E+03,69.85,1.2519914E+03));
#1685 = VECTOR('',#1686,1.);
#1686 = DIRECTION('',(1.,0.,-0.));
#1687 = ORIENTED_EDGE('',*,*,#1688,.F.);
#1688 = EDGE_CURVE('',#1665,#1681,#1689,.T.);
#1689 = LINE('',#1690,#1691);
#1690 = CARTESIAN_POINT('',(1.0805795E+03,69.85,625.9957));
#1691 = VECTOR('',#1692,1.);
#1692 = DIRECTION('',(-0.,0.,-1.));
#1693 = PLANE('',#1694);
#1694 = AXIS2_PLACEMENT_3D('',#1695,#1696,#1697);
#1695 = CARTESIAN_POINT('',(1.0033E+03,69.85,0.));
#1696 = DIRECTION('',(-0.,1.,0.));
#1697 = DIRECTION('',(0.,0.,1.));
#1698 = ADVANCED_FACE('',(#1699,#1717,#1751,#1785),#1819,.F.);
#1699 = FACE_BOUND('',#1700,.F.);
#1700 = EDGE_LOOP('',(#1701,#1709,#1710,#1711));
#1701 = ORIENTED_EDGE('',*,*,#1702,.F.);
#1702 = EDGE_CURVE('',#1314,#1703,#1705,.T.);
#1703 = VERTEX_POINT('',#1704);
#1704 = CARTESIAN_POINT('',(1.0922E+03,-69.85,0.));
#1705 = LINE('',#1706,#1707);
#1706 = CARTESIAN_POINT('',(1.0033E+03,-69.85,0.));
#1707 = VECTOR('',#1708,1.);
#1708 = DIRECTION('',(1.,0.,-0.));
#1709 = ORIENTED_EDGE('',*,*,#1313,.T.);
#1710 = ORIENTED_EDGE('',*,*,#1546,.T.);
#1711 = ORIENTED_EDGE('',*,*,#1712,.F.);
#1712 = EDGE_CURVE('',#1703,#1547,#1713,.T.);
#1713 = LINE('',#1714,#1715);
#1714 = CARTESIAN_POINT('',(1.0922E+03,-69.85,0.));
#1715 = VECTOR('',#1716,1.);
#1716 = DIRECTION('',(0.,0.,1.));
#1717 = FACE_BOUND('',#1718,.F.);
#1718 = EDGE_LOOP('',(#1719,#1729,#1737,#1745));
#1719 = ORIENTED_EDGE('',*,*,#1720,.F.);
#1720 = EDGE_CURVE('',#1721,#1723,#1725,.T.);
#1721 = VERTEX_POINT('',#1722);
#1722 = CARTESIAN_POINT('',(1.0647045E+03,-69.85,171.45));
#1723 = VERTEX_POINT('',#1724);
#1724 = CARTESIAN_POINT('',(1.0805795E+03,-69.85,171.45));
#1725 = LINE('',#1726,#1727);
#1726 = CARTESIAN_POINT('',(1.03400225E+03,-69.85,171.45));
#1727 = VECTOR('',#1728,1.);
#1728 = DIRECTION('',(1.,0.,-0.));
#1729 = ORIENTED_EDGE('',*,*,#1730,.T.);
#1730 = EDGE_CURVE('',#1721,#1731,#1733,.T.);
#1731 = VERTEX_POINT('',#1732);
#1732 = CARTESIAN_POINT('',(1.0647045E+03,-69.85,142.875));
#1733 = LINE('',#1734,#1735);
#1734 = CARTESIAN_POINT('',(1.0647045E+03,-69.85,71.4375));
#1735 = VECTOR('',#1736,1.);
#1736 = DIRECTION('',(-0.,0.,-1.));
#1737 = ORIENTED_EDGE('',*,*,#1738,.T.);
#1738 = EDGE_CURVE('',#1731,#1739,#1741,.T.);
#1739 = VERTEX_POINT('',#1740);
#1740 = CARTESIAN_POINT('',(1.0805795E+03,-69.85,142.875));
#1741 = LINE('',#1742,#1743);
#1742 = CARTESIAN_POINT('',(1.03400225E+03,-69.85,142.875));
#1743 = VECTOR('',#1744,1.);
#1744 = DIRECTION('',(1.,0.,-0.));
#1745 = ORIENTED_EDGE('',*,*,#1746,.F.);
#1746 = EDGE_CURVE('',#1723,#1739,#1747,.T.);
#1747 = LINE('',#1748,#1749);
#1748 = CARTESIAN_POINT('',(1.0805795E+03,-69.85,71.4375));
#1749 = VECTOR('',#1750,1.);
#1750 = DIRECTION('',(-0.,0.,-1.));
#1751 = FACE_BOUND('',#1752,.F.);
#1752 = EDGE_LOOP('',(#1753,#1763,#1771,#1779));
#1753 = ORIENTED_EDGE('',*,*,#1754,.F.);
#1754 = EDGE_CURVE('',#1755,#1757,#1759,.T.);
#1755 = VERTEX_POINT('',#1756);
#1756 = CARTESIAN_POINT('',(1.0647045E+03,-69.85,675.259));
#1757 = VERTEX_POINT('',#1758);
#1758 = CARTESIAN_POINT('',(1.0805795E+03,-69.85,675.259));
#1759 = LINE('',#1760,#1761);
#1760 = CARTESIAN_POINT('',(1.03400225E+03,-69.85,675.259));
#1761 = VECTOR('',#1762,1.);
#1762 = DIRECTION('',(1.,0.,-0.));
#1763 = ORIENTED_EDGE('',*,*,#1764,.T.);
#1764 = EDGE_CURVE('',#1755,#1765,#1767,.T.);
#1765 = VERTEX_POINT('',#1766);
#1766 = CARTESIAN_POINT('',(1.0647045E+03,-69.85,646.684));
#1767 = LINE('',#1768,#1769);
#1768 = CARTESIAN_POINT('',(1.0647045E+03,-69.85,323.342));
#1769 = VECTOR('',#1770,1.);
#1770 = DIRECTION('',(-0.,0.,-1.));
#1771 = ORIENTED_EDGE('',*,*,#1772,.T.);
#1772 = EDGE_CURVE('',#1765,#1773,#1775,.T.);
#1773 = VERTEX_POINT('',#1774);
#1774 = CARTESIAN_POINT('',(1.0805795E+03,-69.85,646.684));
#1775 = LINE('',#1776,#1777);
#1776 = CARTESIAN_POINT('',(1.03400225E+03,-69.85,646.684));
#1777 = VECTOR('',#1778,1.);
#1778 = DIRECTION('',(1.,0.,-0.));
#1779 = ORIENTED_EDGE('',*,*,#1780,.F.);
#1780 = EDGE_CURVE('',#1757,#1773,#1781,.T.);
#1781 = LINE('',#1782,#1783);
#1782 = CARTESIAN_POINT('',(1.0805795E+03,-69.85,323.342));
#1783 = VECTOR('',#1784,1.);
#1784 = DIRECTION('',(-0.,0.,-1.));
#1785 = FACE_BOUND('',#1786,.F.);
#1786 = EDGE_LOOP('',(#1787,#1797,#1805,#1813));
#1787 = ORIENTED_EDGE('',*,*,#1788,.F.);
#1788 = EDGE_CURVE('',#1789,#1791,#1793,.T.);
#1789 = VERTEX_POINT('',#1790);
#1790 = CARTESIAN_POINT('',(1.0647045E+03,-69.85,1.2805664E+03));
#1791 = VERTEX_POINT('',#1792);
#1792 = CARTESIAN_POINT('',(1.0805795E+03,-69.85,1.2805664E+03));
#1793 = LINE('',#1794,#1795);
#1794 = CARTESIAN_POINT('',(1.03400225E+03,-69.85,1.2805664E+03));
#1795 = VECTOR('',#1796,1.);
#1796 = DIRECTION('',(1.,0.,-0.));
#1797 = ORIENTED_EDGE('',*,*,#1798,.T.);
#1798 = EDGE_CURVE('',#1789,#1799,#1801,.T.);
#1799 = VERTEX_POINT('',#1800);
#1800 = CARTESIAN_POINT('',(1.0647045E+03,-69.85,1.2519914E+03));
#1801 = LINE('',#1802,#1803);
#1802 = CARTESIAN_POINT('',(1.0647045E+03,-69.85,625.9957));
#1803 = VECTOR('',#1804,1.);
#1804 = DIRECTION('',(-0.,0.,-1.));
#1805 = ORIENTED_EDGE('',*,*,#1806,.T.);
#1806 = EDGE_CURVE('',#1799,#1807,#1809,.T.);
#1807 = VERTEX_POINT('',#1808);
#1808 = CARTESIAN_POINT('',(1.0805795E+03,-69.85,1.2519914E+03));
#1809 = LINE('',#1810,#1811);
#1810 = CARTESIAN_POINT('',(1.03400225E+03,-69.85,1.2519914E+03));
#1811 = VECTOR('',#1812,1.);
#1812 = DIRECTION('',(1.,0.,-0.));
#1813 = ORIENTED_EDGE('',*,*,#1814,.F.);
#1814 = EDGE_CURVE('',#1791,#1807,#1815,.T.);
#1815 = LINE('',#1816,#1817);
#1816 = CARTESIAN_POINT('',(1.0805795E+03,-69.85,625.9957));
#1817 = VECTOR('',#1818,1.);
#1818 = DIRECTION('',(-0.,0.,-1.));
#1819 = PLANE('',#1820);
#1820 = AXIS2_PLACEMENT_3D('',#1821,#1822,#1823);
#1821 = CARTESIAN_POINT('',(1.0033E+03,-69.85,0.));
#1822 = DIRECTION('',(-0.,1.,0.));
#1823 = DIRECTION('',(0.,0.,1.));
#1824 = ADVANCED_FACE('',(#1825),#1875,.F.);
#1825 = FACE_BOUND('',#1826,.F.);
#1826 = EDGE_LOOP('',(#1827,#1828,#1836,#1844,#1852,#1860,#1868,#1874));
#1827 = ORIENTED_EDGE('',*,*,#1353,.F.);
#1828 = ORIENTED_EDGE('',*,*,#1829,.T.);
#1829 = EDGE_CURVE('',#1346,#1830,#1832,.T.);
#1830 = VERTEX_POINT('',#1831);
#1831 = CARTESIAN_POINT('',(1.016E+03,19.431,0.));
#1832 = LINE('',#1833,#1834);
#1833 = CARTESIAN_POINT('',(1.002284E+03,19.431,0.));
#1834 = VECTOR('',#1835,1.);
#1835 = DIRECTION('',(1.,0.,-0.));
#1836 = ORIENTED_EDGE('',*,*,#1837,.T.);
#1837 = EDGE_CURVE('',#1830,#1838,#1840,.T.);
#1838 = VERTEX_POINT('',#1839);
#1839 = CARTESIAN_POINT('',(1.016E+03,57.15,0.));
#1840 = LINE('',#1841,#1842);
#1841 = CARTESIAN_POINT('',(1.016E+03,-57.15,0.));
#1842 = VECTOR('',#1843,1.);
#1843 = DIRECTION('',(-0.,1.,0.));
#1844 = ORIENTED_EDGE('',*,*,#1845,.T.);
#1845 = EDGE_CURVE('',#1838,#1846,#1848,.T.);
#1846 = VERTEX_POINT('',#1847);
#1847 = CARTESIAN_POINT('',(1.0795E+03,57.15,0.));
#1848 = LINE('',#1849,#1850);
#1849 = CARTESIAN_POINT('',(1.016E+03,57.15,0.));
#1850 = VECTOR('',#1851,1.);
#1851 = DIRECTION('',(1.,0.,-0.));
#1852 = ORIENTED_EDGE('',*,*,#1853,.F.);
#1853 = EDGE_CURVE('',#1854,#1846,#1856,.T.);
#1854 = VERTEX_POINT('',#1855);
#1855 = CARTESIAN_POINT('',(1.0795E+03,19.431,0.));
#1856 = LINE('',#1857,#1858);
#1857 = CARTESIAN_POINT('',(1.0795E+03,-57.15,0.));
#1858 = VECTOR('',#1859,1.);
#1859 = DIRECTION('',(-0.,1.,0.));
#1860 = ORIENTED_EDGE('',*,*,#1861,.T.);
#1861 = EDGE_CURVE('',#1854,#1862,#1864,.T.);
#1862 = VERTEX_POINT('',#1863);
#1863 = CARTESIAN_POINT('',(1.0922E+03,19.431,0.));
#1864 = LINE('',#1865,#1866);
#1865 = CARTESIAN_POINT('',(1.002284E+03,19.431,0.));
#1866 = VECTOR('',#1867,1.);
#1867 = DIRECTION('',(1.,0.,-0.));
#1868 = ORIENTED_EDGE('',*,*,#1869,.T.);
#1869 = EDGE_CURVE('',#1862,#1577,#1870,.T.);
#1870 = LINE('',#1871,#1872);
#1871 = CARTESIAN_POINT('',(1.0922E+03,-69.85,0.));
#1872 = VECTOR('',#1873,1.);
#1873 = DIRECTION('',(-0.,1.,0.));
#1874 = ORIENTED_EDGE('',*,*,#1576,.F.);
#1875 = PLANE('',#1876);
#1876 = AXIS2_PLACEMENT_3D('',#1877,#1878,#1879);
#1877 = CARTESIAN_POINT('',(1.0033E+03,-69.85,0.));
#1878 = DIRECTION('',(0.,0.,1.));
#1879 = DIRECTION('',(1.,0.,-0.));
#1880 = ADVANCED_FACE('',(#1881),#1931,.F.);
#1881 = FACE_BOUND('',#1882,.F.);
#1882 = EDGE_LOOP('',(#1883,#1884,#1885,#1893,#1901,#1909,#1917,#1925));
#1883 = ORIENTED_EDGE('',*,*,#1321,.F.);
#1884 = ORIENTED_EDGE('',*,*,#1702,.T.);
#1885 = ORIENTED_EDGE('',*,*,#1886,.T.);
#1886 = EDGE_CURVE('',#1703,#1887,#1889,.T.);
#1887 = VERTEX_POINT('',#1888);
#1888 = CARTESIAN_POINT('',(1.0922E+03,-19.431,0.));
#1889 = LINE('',#1890,#1891);
#1890 = CARTESIAN_POINT('',(1.0922E+03,-69.85,0.));
#1891 = VECTOR('',#1892,1.);
#1892 = DIRECTION('',(-0.,1.,0.));
#1893 = ORIENTED_EDGE('',*,*,#1894,.F.);
#1894 = EDGE_CURVE('',#1895,#1887,#1897,.T.);
#1895 = VERTEX_POINT('',#1896);
#1896 = CARTESIAN_POINT('',(1.0795E+03,-19.431,0.));
#1897 = LINE('',#1898,#1899);
#1898 = CARTESIAN_POINT('',(1.002284E+03,-19.431,0.));
#1899 = VECTOR('',#1900,1.);
#1900 = DIRECTION('',(1.,0.,-0.));
#1901 = ORIENTED_EDGE('',*,*,#1902,.F.);
#1902 = EDGE_CURVE('',#1903,#1895,#1905,.T.);
#1903 = VERTEX_POINT('',#1904);
#1904 = CARTESIAN_POINT('',(1.0795E+03,-57.15,0.));
#1905 = LINE('',#1906,#1907);
#1906 = CARTESIAN_POINT('',(1.0795E+03,-57.15,0.));
#1907 = VECTOR('',#1908,1.);
#1908 = DIRECTION('',(-0.,1.,0.));
#1909 = ORIENTED_EDGE('',*,*,#1910,.F.);
#1910 = EDGE_CURVE('',#1911,#1903,#1913,.T.);
#1911 = VERTEX_POINT('',#1912);
#1912 = CARTESIAN_POINT('',(1.016E+03,-57.15,0.));
#1913 = LINE('',#1914,#1915);
#1914 = CARTESIAN_POINT('',(1.016E+03,-57.15,0.));
#1915 = VECTOR('',#1916,1.);
#1916 = DIRECTION('',(1.,0.,-0.));
#1917 = ORIENTED_EDGE('',*,*,#1918,.T.);
#1918 = EDGE_CURVE('',#1911,#1919,#1921,.T.);
#1919 = VERTEX_POINT('',#1920);
#1920 = CARTESIAN_POINT('',(1.016E+03,-19.431,0.));
#1921 = LINE('',#1922,#1923);
#1922 = CARTESIAN_POINT('',(1.016E+03,-57.15,0.));
#1923 = VECTOR('',#1924,1.);
#1924 = DIRECTION('',(-0.,1.,0.));
#1925 = ORIENTED_EDGE('',*,*,#1926,.F.);
#1926 = EDGE_CURVE('',#1322,#1919,#1927,.T.);
#1927 = LINE('',#1928,#1929);
#1928 = CARTESIAN_POINT('',(1.002284E+03,-19.431,0.));
#1929 = VECTOR('',#1930,1.);
#1930 = DIRECTION('',(1.,0.,-0.));
#1931 = PLANE('',#1932);
#1932 = AXIS2_PLACEMENT_3D('',#1933,#1934,#1935);
#1933 = CARTESIAN_POINT('',(1.0033E+03,-69.85,0.));
#1934 = DIRECTION('',(0.,0.,1.));
#1935 = DIRECTION('',(1.,0.,-0.));
#1936 = ADVANCED_FACE('',(#1937,#1962),#1996,.F.);
#1937 = FACE_BOUND('',#1938,.F.);
#1938 = EDGE_LOOP('',(#1939,#1940,#1941,#1949,#1955,#1956));
#1939 = ORIENTED_EDGE('',*,*,#1829,.F.);
#1940 = ORIENTED_EDGE('',*,*,#1345,.T.);
#1941 = ORIENTED_EDGE('',*,*,#1942,.T.);
#1942 = EDGE_CURVE('',#1338,#1943,#1945,.T.);
#1943 = VERTEX_POINT('',#1944);
#1944 = CARTESIAN_POINT('',(1.0922E+03,19.431,286.766));
#1945 = LINE('',#1946,#1947);
#1946 = CARTESIAN_POINT('',(1.002284E+03,19.431,286.766));
#1947 = VECTOR('',#1948,1.);
#1948 = DIRECTION('',(1.,0.,-0.));
#1949 = ORIENTED_EDGE('',*,*,#1950,.F.);
#1950 = EDGE_CURVE('',#1862,#1943,#1951,.T.);
#1951 = LINE('',#1952,#1953);
#1952 = CARTESIAN_POINT('',(1.0922E+03,19.431,0.));
#1953 = VECTOR('',#1954,1.);
#1954 = DIRECTION('',(0.,0.,1.));
#1955 = ORIENTED_EDGE('',*,*,#1861,.F.);
#1956 = ORIENTED_EDGE('',*,*,#1957,.F.);
#1957 = EDGE_CURVE('',#1830,#1854,#1958,.T.);
#1958 = LINE('',#1959,#1960);
#1959 = CARTESIAN_POINT('',(1.002284E+03,19.431,0.));
#1960 = VECTOR('',#1961,1.);
#1961 = DIRECTION('',(1.,0.,-0.));
#1962 = FACE_BOUND('',#1963,.F.);
#1963 = EDGE_LOOP('',(#1964,#1974,#1982,#1990));
#1964 = ORIENTED_EDGE('',*,*,#1965,.F.);
#1965 = EDGE_CURVE('',#1966,#1968,#1970,.T.);
#1966 = VERTEX_POINT('',#1967);
#1967 = CARTESIAN_POINT('',(1.0647045E+03,19.431,171.45));
#1968 = VERTEX_POINT('',#1969);
#1969 = CARTESIAN_POINT('',(1.0805795E+03,19.431,171.45));
#1970 = LINE('',#1971,#1972);
#1971 = CARTESIAN_POINT('',(1.03349425E+03,19.431,171.45));
#1972 = VECTOR('',#1973,1.);
#1973 = DIRECTION('',(1.,0.,-0.));
#1974 = ORIENTED_EDGE('',*,*,#1975,.T.);
#1975 = EDGE_CURVE('',#1966,#1976,#1978,.T.);
#1976 = VERTEX_POINT('',#1977);
#1977 = CARTESIAN_POINT('',(1.0647045E+03,19.431,142.875));
#1978 = LINE('',#1979,#1980);
#1979 = CARTESIAN_POINT('',(1.0647045E+03,19.431,71.4375));
#1980 = VECTOR('',#1981,1.);
#1981 = DIRECTION('',(-0.,0.,-1.));
#1982 = ORIENTED_EDGE('',*,*,#1983,.T.);
#1983 = EDGE_CURVE('',#1976,#1984,#1986,.T.);
#1984 = VERTEX_POINT('',#1985);
#1985 = CARTESIAN_POINT('',(1.0805795E+03,19.431,142.875));
#1986 = LINE('',#1987,#1988);
#1987 = CARTESIAN_POINT('',(1.03349425E+03,19.431,142.875));
#1988 = VECTOR('',#1989,1.);
#1989 = DIRECTION('',(1.,0.,-0.));
#1990 = ORIENTED_EDGE('',*,*,#1991,.F.);
#1991 = EDGE_CURVE('',#1968,#1984,#1992,.T.);
#1992 = LINE('',#1993,#1994);
#1993 = CARTESIAN_POINT('',(1.0805795E+03,19.431,71.4375));
#1994 = VECTOR('',#1995,1.);
#1995 = DIRECTION('',(-0.,0.,-1.));
#1996 = PLANE('',#1997);
#1997 = AXIS2_PLACEMENT_3D('',#1998,#1999,#2000);
#1998 = CARTESIAN_POINT('',(1.002284E+03,19.431,0.));
#1999 = DIRECTION('',(-0.,1.,0.));
#2000 = DIRECTION('',(0.,0.,1.));
#2001 = ADVANCED_FACE('',(#2002,#2027),#2061,.T.);
#2002 = FACE_BOUND('',#2003,.T.);
#2003 = EDGE_LOOP('',(#2004,#2005,#2006,#2014,#2020,#2021));
#2004 = ORIENTED_EDGE('',*,*,#1926,.F.);
#2005 = ORIENTED_EDGE('',*,*,#1329,.T.);
#2006 = ORIENTED_EDGE('',*,*,#2007,.T.);
#2007 = EDGE_CURVE('',#1330,#2008,#2010,.T.);
#2008 = VERTEX_POINT('',#2009);
#2009 = CARTESIAN_POINT('',(1.0922E+03,-19.431,286.766));
#2010 = LINE('',#2011,#2012);
#2011 = CARTESIAN_POINT('',(1.002284E+03,-19.431,286.766));
#2012 = VECTOR('',#2013,1.);
#2013 = DIRECTION('',(1.,0.,-0.));
#2014 = ORIENTED_EDGE('',*,*,#2015,.F.);
#2015 = EDGE_CURVE('',#1887,#2008,#2016,.T.);
#2016 = LINE('',#2017,#2018);
#2017 = CARTESIAN_POINT('',(1.0922E+03,-19.431,0.));
#2018 = VECTOR('',#2019,1.);
#2019 = DIRECTION('',(0.,0.,1.));
#2020 = ORIENTED_EDGE('',*,*,#1894,.F.);
#2021 = ORIENTED_EDGE('',*,*,#2022,.F.);
#2022 = EDGE_CURVE('',#1919,#1895,#2023,.T.);
#2023 = LINE('',#2024,#2025);
#2024 = CARTESIAN_POINT('',(1.002284E+03,-19.431,0.));
#2025 = VECTOR('',#2026,1.);
#2026 = DIRECTION('',(1.,0.,-0.));
#2027 = FACE_BOUND('',#2028,.T.);
#2028 = EDGE_LOOP('',(#2029,#2039,#2047,#2055));
#2029 = ORIENTED_EDGE('',*,*,#2030,.F.);
#2030 = EDGE_CURVE('',#2031,#2033,#2035,.T.);
#2031 = VERTEX_POINT('',#2032);
#2032 = CARTESIAN_POINT('',(1.0647045E+03,-19.431,171.45));
#2033 = VERTEX_POINT('',#2034);
#2034 = CARTESIAN_POINT('',(1.0805795E+03,-19.431,171.45));
#2035 = LINE('',#2036,#2037);
#2036 = CARTESIAN_POINT('',(1.03349425E+03,-19.431,171.45));
#2037 = VECTOR('',#2038,1.);
#2038 = DIRECTION('',(1.,0.,-0.));
#2039 = ORIENTED_EDGE('',*,*,#2040,.T.);
#2040 = EDGE_CURVE('',#2031,#2041,#2043,.T.);
#2041 = VERTEX_POINT('',#2042);
#2042 = CARTESIAN_POINT('',(1.0647045E+03,-19.431,142.875));
#2043 = LINE('',#2044,#2045);
#2044 = CARTESIAN_POINT('',(1.0647045E+03,-19.431,71.4375));
#2045 = VECTOR('',#2046,1.);
#2046 = DIRECTION('',(-0.,0.,-1.));
#2047 = ORIENTED_EDGE('',*,*,#2048,.T.);
#2048 = EDGE_CURVE('',#2041,#2049,#2051,.T.);
#2049 = VERTEX_POINT('',#2050);
#2050 = CARTESIAN_POINT('',(1.0805795E+03,-19.431,142.875));
#2051 = LINE('',#2052,#2053);
#2052 = CARTESIAN_POINT('',(1.03349425E+03,-19.431,142.875));
#2053 = VECTOR('',#2054,1.);
#2054 = DIRECTION('',(1.,0.,-0.));
#2055 = ORIENTED_EDGE('',*,*,#2056,.F.);
#2056 = EDGE_CURVE('',#2033,#2049,#2057,.T.);
#2057 = LINE('',#2058,#2059);
#2058 = CARTESIAN_POINT('',(1.0805795E+03,-19.431,71.4375));
#2059 = VECTOR('',#2060,1.);
#2060 = DIRECTION('',(-0.,0.,-1.));
#2061 = PLANE('',#2062);
#2062 = AXIS2_PLACEMENT_3D('',#2063,#2064,#2065);
#2063 = CARTESIAN_POINT('',(1.002284E+03,-19.431,0.));
#2064 = DIRECTION('',(-0.,1.,0.));
#2065 = DIRECTION('',(0.,0.,1.));
#2066 = ADVANCED_FACE('',(#2067),#2078,.F.);
#2067 = FACE_BOUND('',#2068,.F.);
#2068 = EDGE_LOOP('',(#2069,#2070,#2071,#2072));
#2069 = ORIENTED_EDGE('',*,*,#1942,.F.);
#2070 = ORIENTED_EDGE('',*,*,#1337,.T.);
#2071 = ORIENTED_EDGE('',*,*,#2007,.T.);
#2072 = ORIENTED_EDGE('',*,*,#2073,.F.);
#2073 = EDGE_CURVE('',#1943,#2008,#2074,.T.);
#2074 = LINE('',#2075,#2076);
#2075 = CARTESIAN_POINT('',(1.0922E+03,-44.6405,286.766));
#2076 = VECTOR('',#2077,1.);
#2077 = DIRECTION('',(0.,-1.,0.));
#2078 = PLANE('',#2079);
#2079 = AXIS2_PLACEMENT_3D('',#2080,#2081,#2082);
#2080 = CARTESIAN_POINT('',(1.002284E+03,-19.431,286.766));
#2081 = DIRECTION('',(0.,0.,1.));
#2082 = DIRECTION('',(1.,0.,-0.));
#2083 = ADVANCED_FACE('',(#2084),#2109,.T.);
#2084 = FACE_BOUND('',#2085,.T.);
#2085 = EDGE_LOOP('',(#2086,#2094,#2095,#2103));
#2086 = ORIENTED_EDGE('',*,*,#2087,.F.);
#2087 = EDGE_CURVE('',#1370,#2088,#2090,.T.);
#2088 = VERTEX_POINT('',#2089);
#2089 = CARTESIAN_POINT('',(1.013333E+03,9.906,304.8));
#2090 = LINE('',#2091,#2092);
#2091 = CARTESIAN_POINT('',(1.002792E+03,9.906,304.8));
#2092 = VECTOR('',#2093,1.);
#2093 = DIRECTION('',(1.,0.,-0.));
#2094 = ORIENTED_EDGE('',*,*,#1369,.T.);
#2095 = ORIENTED_EDGE('',*,*,#2096,.T.);
#2096 = EDGE_CURVE('',#1372,#2097,#2099,.T.);
#2097 = VERTEX_POINT('',#2098);
#2098 = CARTESIAN_POINT('',(1.013333E+03,-9.906,304.8));
#2099 = LINE('',#2100,#2101);
#2100 = CARTESIAN_POINT('',(1.002792E+03,-9.906,304.8));
#2101 = VECTOR('',#2102,1.);
#2102 = DIRECTION('',(1.,0.,-0.));
#2103 = ORIENTED_EDGE('',*,*,#2104,.T.);
#2104 = EDGE_CURVE('',#2097,#2088,#2105,.T.);
#2105 = LINE('',#2106,#2107);
#2106 = CARTESIAN_POINT('',(1.013333E+03,-9.906,304.8));
#2107 = VECTOR('',#2108,1.);
#2108 = DIRECTION('',(-0.,1.,0.));
#2109 = PLANE('',#2110);
#2110 = AXIS2_PLACEMENT_3D('',#2111,#2112,#2113);
#2111 = CARTESIAN_POINT('',(1.002792E+03,-9.906,304.8));
#2112 = DIRECTION('',(0.,0.,1.));
#2113 = DIRECTION('',(1.,0.,-0.));
#2114 = ADVANCED_FACE('',(#2115),#2133,.F.);
#2115 = FACE_BOUND('',#2116,.F.);
#2116 = EDGE_LOOP('',(#2117,#2118,#2119,#2127));
#2117 = ORIENTED_EDGE('',*,*,#2087,.F.);
#2118 = ORIENTED_EDGE('',*,*,#1395,.T.);
#2119 = ORIENTED_EDGE('',*,*,#2120,.T.);
#2120 = EDGE_CURVE('',#1388,#2121,#2123,.T.);
#2121 = VERTEX_POINT('',#2122);
#2122 = CARTESIAN_POINT('',(1.013333E+03,9.906,511.175));
#2123 = LINE('',#2124,#2125);
#2124 = CARTESIAN_POINT('',(1.002792E+03,9.906,511.175));
#2125 = VECTOR('',#2126,1.);
#2126 = DIRECTION('',(1.,0.,-0.));
#2127 = ORIENTED_EDGE('',*,*,#2128,.F.);
#2128 = EDGE_CURVE('',#2088,#2121,#2129,.T.);
#2129 = LINE('',#2130,#2131);
#2130 = CARTESIAN_POINT('',(1.013333E+03,9.906,304.8));
#2131 = VECTOR('',#2132,1.);
#2132 = DIRECTION('',(0.,0.,1.));
#2133 = PLANE('',#2134);
#2134 = AXIS2_PLACEMENT_3D('',#2135,#2136,#2137);
#2135 = CARTESIAN_POINT('',(1.002792E+03,9.906,304.8));
#2136 = DIRECTION('',(-0.,1.,0.));
#2137 = DIRECTION('',(0.,0.,1.));
#2138 = ADVANCED_FACE('',(#2139),#2157,.T.);
#2139 = FACE_BOUND('',#2140,.T.);
#2140 = EDGE_LOOP('',(#2141,#2142,#2143,#2151));
#2141 = ORIENTED_EDGE('',*,*,#2096,.F.);
#2142 = ORIENTED_EDGE('',*,*,#1379,.T.);
#2143 = ORIENTED_EDGE('',*,*,#2144,.T.);
#2144 = EDGE_CURVE('',#1380,#2145,#2147,.T.);
#2145 = VERTEX_POINT('',#2146);
#2146 = CARTESIAN_POINT('',(1.013333E+03,-9.906,511.175));
#2147 = LINE('',#2148,#2149);
#2148 = CARTESIAN_POINT('',(1.002792E+03,-9.906,511.175));
#2149 = VECTOR('',#2150,1.);
#2150 = DIRECTION('',(1.,0.,-0.));
#2151 = ORIENTED_EDGE('',*,*,#2152,.F.);
#2152 = EDGE_CURVE('',#2097,#2145,#2153,.T.);
#2153 = LINE('',#2154,#2155);
#2154 = CARTESIAN_POINT('',(1.013333E+03,-9.906,304.8));
#2155 = VECTOR('',#2156,1.);
#2156 = DIRECTION('',(0.,0.,1.));
#2157 = PLANE('',#2158);
#2158 = AXIS2_PLACEMENT_3D('',#2159,#2160,#2161);
#2159 = CARTESIAN_POINT('',(1.002792E+03,-9.906,304.8));
#2160 = DIRECTION('',(-0.,1.,0.));
#2161 = DIRECTION('',(0.,0.,1.));
#2162 = ADVANCED_FACE('',(#2163),#2174,.F.);
#2163 = FACE_BOUND('',#2164,.F.);
#2164 = EDGE_LOOP('',(#2165,#2166,#2167,#2168));
#2165 = ORIENTED_EDGE('',*,*,#2120,.F.);
#2166 = ORIENTED_EDGE('',*,*,#1387,.T.);
#2167 = ORIENTED_EDGE('',*,*,#2144,.T.);
#2168 = ORIENTED_EDGE('',*,*,#2169,.T.);
#2169 = EDGE_CURVE('',#2145,#2121,#2170,.T.);
#2170 = LINE('',#2171,#2172);
#2171 = CARTESIAN_POINT('',(1.013333E+03,-9.906,511.175));
#2172 = VECTOR('',#2173,1.);
#2173 = DIRECTION('',(-0.,1.,0.));
#2174 = PLANE('',#2175);
#2175 = AXIS2_PLACEMENT_3D('',#2176,#2177,#2178);
#2176 = CARTESIAN_POINT('',(1.002792E+03,-9.906,511.175));
#2177 = DIRECTION('',(0.,0.,1.));
#2178 = DIRECTION('',(1.,0.,-0.));
#2179 = ADVANCED_FACE('',(#2180),#2205,.T.);
#2180 = FACE_BOUND('',#2181,.T.);
#2181 = EDGE_LOOP('',(#2182,#2190,#2191,#2199));
#2182 = ORIENTED_EDGE('',*,*,#2183,.F.);
#2183 = EDGE_CURVE('',#1404,#2184,#2186,.T.);
#2184 = VERTEX_POINT('',#2185);
#2185 = CARTESIAN_POINT('',(1.0922E+03,19.431,529.209));
#2186 = LINE('',#2187,#2188);
#2187 = CARTESIAN_POINT('',(1.002284E+03,19.431,529.209));
#2188 = VECTOR('',#2189,1.);
#2189 = DIRECTION('',(1.,0.,-0.));
#2190 = ORIENTED_EDGE('',*,*,#1403,.T.);
#2191 = ORIENTED_EDGE('',*,*,#2192,.T.);
#2192 = EDGE_CURVE('',#1406,#2193,#2195,.T.);
#2193 = VERTEX_POINT('',#2194);
#2194 = CARTESIAN_POINT('',(1.0922E+03,-19.431,529.209));
#2195 = LINE('',#2196,#2197);
#2196 = CARTESIAN_POINT('',(1.002284E+03,-19.431,529.209));
#2197 = VECTOR('',#2198,1.);
#2198 = DIRECTION('',(1.,0.,-0.));
#2199 = ORIENTED_EDGE('',*,*,#2200,.F.);
#2200 = EDGE_CURVE('',#2184,#2193,#2201,.T.);
#2201 = LINE('',#2202,#2203);
#2202 = CARTESIAN_POINT('',(1.0922E+03,-44.6405,529.209));
#2203 = VECTOR('',#2204,1.);
#2204 = DIRECTION('',(0.,-1.,0.));
#2205 = PLANE('',#2206);
#2206 = AXIS2_PLACEMENT_3D('',#2207,#2208,#2209);
#2207 = CARTESIAN_POINT('',(1.002284E+03,-19.431,529.209));
#2208 = DIRECTION('',(0.,0.,1.));
#2209 = DIRECTION('',(1.,0.,-0.));
#2210 = ADVANCED_FACE('',(#2211,#2229),#2263,.F.);
#2211 = FACE_BOUND('',#2212,.F.);
#2212 = EDGE_LOOP('',(#2213,#2214,#2215,#2223));
#2213 = ORIENTED_EDGE('',*,*,#2183,.F.);
#2214 = ORIENTED_EDGE('',*,*,#1429,.T.);
#2215 = ORIENTED_EDGE('',*,*,#2216,.T.);
#2216 = EDGE_CURVE('',#1422,#2217,#2219,.T.);
#2217 = VERTEX_POINT('',#2218);
#2218 = CARTESIAN_POINT('',(1.0922E+03,19.431,765.175));
#2219 = LINE('',#2220,#2221);
#2220 = CARTESIAN_POINT('',(1.002284E+03,19.431,765.175));
#2221 = VECTOR('',#2222,1.);
#2222 = DIRECTION('',(1.,0.,-0.));
#2223 = ORIENTED_EDGE('',*,*,#2224,.F.);
#2224 = EDGE_CURVE('',#2184,#2217,#2225,.T.);
#2225 = LINE('',#2226,#2227);
#2226 = CARTESIAN_POINT('',(1.0922E+03,19.431,264.6045));
#2227 = VECTOR('',#2228,1.);
#2228 = DIRECTION('',(0.,0.,1.));
#2229 = FACE_BOUND('',#2230,.F.);
#2230 = EDGE_LOOP('',(#2231,#2241,#2249,#2257));
#2231 = ORIENTED_EDGE('',*,*,#2232,.F.);
#2232 = EDGE_CURVE('',#2233,#2235,#2237,.T.);
#2233 = VERTEX_POINT('',#2234);
#2234 = CARTESIAN_POINT('',(1.0647045E+03,19.431,675.259));
#2235 = VERTEX_POINT('',#2236);
#2236 = CARTESIAN_POINT('',(1.0805795E+03,19.431,675.259));
#2237 = LINE('',#2238,#2239);
#2238 = CARTESIAN_POINT('',(1.03349425E+03,19.431,675.259));
#2239 = VECTOR('',#2240,1.);
#2240 = DIRECTION('',(1.,0.,-0.));
#2241 = ORIENTED_EDGE('',*,*,#2242,.T.);
#2242 = EDGE_CURVE('',#2233,#2243,#2245,.T.);
#2243 = VERTEX_POINT('',#2244);
#2244 = CARTESIAN_POINT('',(1.0647045E+03,19.431,646.684));
#2245 = LINE('',#2246,#2247);
#2246 = CARTESIAN_POINT('',(1.0647045E+03,19.431,587.9465));
#2247 = VECTOR('',#2248,1.);
#2248 = DIRECTION('',(-0.,0.,-1.));
#2249 = ORIENTED_EDGE('',*,*,#2250,.T.);
#2250 = EDGE_CURVE('',#2243,#2251,#2253,.T.);
#2251 = VERTEX_POINT('',#2252);
#2252 = CARTESIAN_POINT('',(1.0805795E+03,19.431,646.684));
#2253 = LINE('',#2254,#2255);
#2254 = CARTESIAN_POINT('',(1.03349425E+03,19.431,646.684));
#2255 = VECTOR('',#2256,1.);
#2256 = DIRECTION('',(1.,0.,-0.));
#2257 = ORIENTED_EDGE('',*,*,#2258,.F.);
#2258 = EDGE_CURVE('',#2235,#2251,#2259,.T.);
#2259 = LINE('',#2260,#2261);
#2260 = CARTESIAN_POINT('',(1.0805795E+03,19.431,587.9465));
#2261 = VECTOR('',#2262,1.);
#2262 = DIRECTION('',(-0.,0.,-1.));
#2263 = PLANE('',#2264);
#2264 = AXIS2_PLACEMENT_3D('',#2265,#2266,#2267);
#2265 = CARTESIAN_POINT('',(1.002284E+03,19.431,529.209));
#2266 = DIRECTION('',(-0.,1.,0.));
#2267 = DIRECTION('',(0.,0.,1.));
#2268 = ADVANCED_FACE('',(#2269,#2287),#2321,.T.);
#2269 = FACE_BOUND('',#2270,.T.);
#2270 = EDGE_LOOP('',(#2271,#2272,#2273,#2281));
#2271 = ORIENTED_EDGE('',*,*,#2192,.F.);
#2272 = ORIENTED_EDGE('',*,*,#1413,.T.);
#2273 = ORIENTED_EDGE('',*,*,#2274,.T.);
#2274 = EDGE_CURVE('',#1414,#2275,#2277,.T.);
#2275 = VERTEX_POINT('',#2276);
#2276 = CARTESIAN_POINT('',(1.0922E+03,-19.431,765.175));
#2277 = LINE('',#2278,#2279);
#2278 = CARTESIAN_POINT('',(1.002284E+03,-19.431,765.175));
#2279 = VECTOR('',#2280,1.);
#2280 = DIRECTION('',(1.,0.,-0.));
#2281 = ORIENTED_EDGE('',*,*,#2282,.F.);
#2282 = EDGE_CURVE('',#2193,#2275,#2283,.T.);
#2283 = LINE('',#2284,#2285);
#2284 = CARTESIAN_POINT('',(1.0922E+03,-19.431,264.6045));
#2285 = VECTOR('',#2286,1.);
#2286 = DIRECTION('',(0.,0.,1.));
#2287 = FACE_BOUND('',#2288,.T.);
#2288 = EDGE_LOOP('',(#2289,#2299,#2307,#2315));
#2289 = ORIENTED_EDGE('',*,*,#2290,.F.);
#2290 = EDGE_CURVE('',#2291,#2293,#2295,.T.);
#2291 = VERTEX_POINT('',#2292);
#2292 = CARTESIAN_POINT('',(1.0647045E+03,-19.431,675.259));
#2293 = VERTEX_POINT('',#2294);
#2294 = CARTESIAN_POINT('',(1.0805795E+03,-19.431,675.259));
#2295 = LINE('',#2296,#2297);
#2296 = CARTESIAN_POINT('',(1.03349425E+03,-19.431,675.259));
#2297 = VECTOR('',#2298,1.);
#2298 = DIRECTION('',(1.,0.,-0.));
#2299 = ORIENTED_EDGE('',*,*,#2300,.T.);
#2300 = EDGE_CURVE('',#2291,#2301,#2303,.T.);
#2301 = VERTEX_POINT('',#2302);
#2302 = CARTESIAN_POINT('',(1.0647045E+03,-19.431,646.684));
#2303 = LINE('',#2304,#2305);
#2304 = CARTESIAN_POINT('',(1.0647045E+03,-19.431,587.9465));
#2305 = VECTOR('',#2306,1.);
#2306 = DIRECTION('',(-0.,0.,-1.));
#2307 = ORIENTED_EDGE('',*,*,#2308,.T.);
#2308 = EDGE_CURVE('',#2301,#2309,#2311,.T.);
#2309 = VERTEX_POINT('',#2310);
#2310 = CARTESIAN_POINT('',(1.0805795E+03,-19.431,646.684));
#2311 = LINE('',#2312,#2313);
#2312 = CARTESIAN_POINT('',(1.03349425E+03,-19.431,646.684));
#2313 = VECTOR('',#2314,1.);
#2314 = DIRECTION('',(1.,0.,-0.));
#2315 = ORIENTED_EDGE('',*,*,#2316,.F.);
#2316 = EDGE_CURVE('',#2293,#2309,#2317,.T.);
#2317 = LINE('',#2318,#2319);
#2318 = CARTESIAN_POINT('',(1.0805795E+03,-19.431,587.9465));
#2319 = VECTOR('',#2320,1.);
#2320 = DIRECTION('',(-0.,0.,-1.));
#2321 = PLANE('',#2322);
#2322 = AXIS2_PLACEMENT_3D('',#2323,#2324,#2325);
#2323 = CARTESIAN_POINT('',(1.002284E+03,-19.431,529.209));
#2324 = DIRECTION('',(-0.,1.,0.));
#2325 = DIRECTION('',(0.,0.,1.));
#2326 = ADVANCED_FACE('',(#2327),#2338,.F.);
#2327 = FACE_BOUND('',#2328,.F.);
#2328 = EDGE_LOOP('',(#2329,#2330,#2331,#2332));
#2329 = ORIENTED_EDGE('',*,*,#2216,.F.);
#2330 = ORIENTED_EDGE('',*,*,#1421,.T.);
#2331 = ORIENTED_EDGE('',*,*,#2274,.T.);
#2332 = ORIENTED_EDGE('',*,*,#2333,.F.);
#2333 = EDGE_CURVE('',#2217,#2275,#2334,.T.);
#2334 = LINE('',#2335,#2336);
#2335 = CARTESIAN_POINT('',(1.0922E+03,-44.6405,765.175));
#2336 = VECTOR('',#2337,1.);
#2337 = DIRECTION('',(0.,-1.,0.));
#2338 = PLANE('',#2339);
#2339 = AXIS2_PLACEMENT_3D('',#2340,#2341,#2342);
#2340 = CARTESIAN_POINT('',(1.002284E+03,-19.431,765.175));
#2341 = DIRECTION('',(0.,0.,1.));
#2342 = DIRECTION('',(1.,0.,-0.));
#2343 = ADVANCED_FACE('',(#2344),#2369,.T.);
#2344 = FACE_BOUND('',#2345,.T.);
#2345 = EDGE_LOOP('',(#2346,#2354,#2355,#2363));
#2346 = ORIENTED_EDGE('',*,*,#2347,.F.);
#2347 = EDGE_CURVE('',#1438,#2348,#2350,.T.);
#2348 = VERTEX_POINT('',#2349);
#2349 = CARTESIAN_POINT('',(1.013333E+03,9.906,783.209));
#2350 = LINE('',#2351,#2352);
#2351 = CARTESIAN_POINT('',(1.002792E+03,9.906,783.209));
#2352 = VECTOR('',#2353,1.);
#2353 = DIRECTION('',(1.,0.,-0.));
#2354 = ORIENTED_EDGE('',*,*,#1437,.T.);
#2355 = ORIENTED_EDGE('',*,*,#2356,.T.);
#2356 = EDGE_CURVE('',#1440,#2357,#2359,.T.);
#2357 = VERTEX_POINT('',#2358);
#2358 = CARTESIAN_POINT('',(1.013333E+03,-9.906,783.209));
#2359 = LINE('',#2360,#2361);
#2360 = CARTESIAN_POINT('',(1.002792E+03,-9.906,783.209));
#2361 = VECTOR('',#2362,1.);
#2362 = DIRECTION('',(1.,0.,-0.));
#2363 = ORIENTED_EDGE('',*,*,#2364,.T.);
#2364 = EDGE_CURVE('',#2357,#2348,#2365,.T.);
#2365 = LINE('',#2366,#2367);
#2366 = CARTESIAN_POINT('',(1.013333E+03,-9.906,783.209));
#2367 = VECTOR('',#2368,1.);
#2368 = DIRECTION('',(-0.,1.,0.));
#2369 = PLANE('',#2370);
#2370 = AXIS2_PLACEMENT_3D('',#2371,#2372,#2373);
#2371 = CARTESIAN_POINT('',(1.002792E+03,-9.906,783.209));
#2372 = DIRECTION('',(0.,0.,1.));
#2373 = DIRECTION('',(1.,0.,-0.));
#2374 = ADVANCED_FACE('',(#2375),#2393,.F.);
#2375 = FACE_BOUND('',#2376,.F.);
#2376 = EDGE_LOOP('',(#2377,#2378,#2379,#2387));
#2377 = ORIENTED_EDGE('',*,*,#2347,.F.);
#2378 = ORIENTED_EDGE('',*,*,#1463,.T.);
#2379 = ORIENTED_EDGE('',*,*,#2380,.T.);
#2380 = EDGE_CURVE('',#1456,#2381,#2383,.T.);
#2381 = VERTEX_POINT('',#2382);
#2382 = CARTESIAN_POINT('',(1.013333E+03,9.906,1.1164824E+03));
#2383 = LINE('',#2384,#2385);
#2384 = CARTESIAN_POINT('',(1.002792E+03,9.906,1.1164824E+03));
#2385 = VECTOR('',#2386,1.);
#2386 = DIRECTION('',(1.,0.,-0.));
#2387 = ORIENTED_EDGE('',*,*,#2388,.F.);
#2388 = EDGE_CURVE('',#2348,#2381,#2389,.T.);
#2389 = LINE('',#2390,#2391);
#2390 = CARTESIAN_POINT('',(1.013333E+03,9.906,783.209));
#2391 = VECTOR('',#2392,1.);
#2392 = DIRECTION('',(0.,0.,1.));
#2393 = PLANE('',#2394);
#2394 = AXIS2_PLACEMENT_3D('',#2395,#2396,#2397);
#2395 = CARTESIAN_POINT('',(1.002792E+03,9.906,783.209));
#2396 = DIRECTION('',(-0.,1.,0.));
#2397 = DIRECTION('',(0.,0.,1.));
#2398 = ADVANCED_FACE('',(#2399),#2417,.T.);
#2399 = FACE_BOUND('',#2400,.T.);
#2400 = EDGE_LOOP('',(#2401,#2402,#2403,#2411));
#2401 = ORIENTED_EDGE('',*,*,#2356,.F.);
#2402 = ORIENTED_EDGE('',*,*,#1447,.T.);
#2403 = ORIENTED_EDGE('',*,*,#2404,.T.);
#2404 = EDGE_CURVE('',#1448,#2405,#2407,.T.);
#2405 = VERTEX_POINT('',#2406);
#2406 = CARTESIAN_POINT('',(1.013333E+03,-9.906,1.1164824E+03));
#2407 = LINE('',#2408,#2409);
#2408 = CARTESIAN_POINT('',(1.002792E+03,-9.906,1.1164824E+03));
#2409 = VECTOR('',#2410,1.);
#2410 = DIRECTION('',(1.,0.,-0.));
#2411 = ORIENTED_EDGE('',*,*,#2412,.F.);
#2412 = EDGE_CURVE('',#2357,#2405,#2413,.T.);
#2413 = LINE('',#2414,#2415);
#2414 = CARTESIAN_POINT('',(1.013333E+03,-9.906,783.209));
#2415 = VECTOR('',#2416,1.);
#2416 = DIRECTION('',(0.,0.,1.));
#2417 = PLANE('',#2418);
#2418 = AXIS2_PLACEMENT_3D('',#2419,#2420,#2421);
#2419 = CARTESIAN_POINT('',(1.002792E+03,-9.906,783.209));
#2420 = DIRECTION('',(-0.,1.,0.));
#2421 = DIRECTION('',(0.,0.,1.));
#2422 = ADVANCED_FACE('',(#2423),#2434,.F.);
#2423 = FACE_BOUND('',#2424,.F.);
#2424 = EDGE_LOOP('',(#2425,#2426,#2427,#2428));
#2425 = ORIENTED_EDGE('',*,*,#2380,.F.);
#2426 = ORIENTED_EDGE('',*,*,#1455,.T.);
#2427 = ORIENTED_EDGE('',*,*,#2404,.T.);
#2428 = ORIENTED_EDGE('',*,*,#2429,.T.);
#2429 = EDGE_CURVE('',#2405,#2381,#2430,.T.);
#2430 = LINE('',#2431,#2432);
#2431 = CARTESIAN_POINT('',(1.013333E+03,-9.906,1.1164824E+03));
#2432 = VECTOR('',#2433,1.);
#2433 = DIRECTION('',(-0.,1.,0.));
#2434 = PLANE('',#2435);
#2435 = AXIS2_PLACEMENT_3D('',#2436,#2437,#2438);
#2436 = CARTESIAN_POINT('',(1.002792E+03,-9.906,1.1164824E+03));
#2437 = DIRECTION('',(0.,0.,1.));
#2438 = DIRECTION('',(1.,0.,-0.));
#2439 = ADVANCED_FACE('',(#2440),#2465,.T.);
#2440 = FACE_BOUND('',#2441,.T.);
#2441 = EDGE_LOOP('',(#2442,#2450,#2451,#2459));
#2442 = ORIENTED_EDGE('',*,*,#2443,.F.);
#2443 = EDGE_CURVE('',#1472,#2444,#2446,.T.);
#2444 = VERTEX_POINT('',#2445);
#2445 = CARTESIAN_POINT('',(1.0922E+03,19.431,1.1345164E+03));
#2446 = LINE('',#2447,#2448);
#2447 = CARTESIAN_POINT('',(1.002284E+03,19.431,1.1345164E+03));
#2448 = VECTOR('',#2449,1.);
#2449 = DIRECTION('',(1.,0.,-0.));
#2450 = ORIENTED_EDGE('',*,*,#1471,.T.);
#2451 = ORIENTED_EDGE('',*,*,#2452,.T.);
#2452 = EDGE_CURVE('',#1474,#2453,#2455,.T.);
#2453 = VERTEX_POINT('',#2454);
#2454 = CARTESIAN_POINT('',(1.0922E+03,-19.431,1.1345164E+03));
#2455 = LINE('',#2456,#2457);
#2456 = CARTESIAN_POINT('',(1.002284E+03,-19.431,1.1345164E+03));
#2457 = VECTOR('',#2458,1.);
#2458 = DIRECTION('',(1.,0.,-0.));
#2459 = ORIENTED_EDGE('',*,*,#2460,.F.);
#2460 = EDGE_CURVE('',#2444,#2453,#2461,.T.);
#2461 = LINE('',#2462,#2463);
#2462 = CARTESIAN_POINT('',(1.0922E+03,-44.6405,1.1345164E+03));
#2463 = VECTOR('',#2464,1.);
#2464 = DIRECTION('',(0.,-1.,0.));
#2465 = PLANE('',#2466);
#2466 = AXIS2_PLACEMENT_3D('',#2467,#2468,#2469);
#2467 = CARTESIAN_POINT('',(1.002284E+03,-19.431,1.1345164E+03));
#2468 = DIRECTION('',(0.,0.,1.));
#2469 = DIRECTION('',(1.,0.,-0.));
#2470 = ADVANCED_FACE('',(#2471,#2489),#2523,.F.);
#2471 = FACE_BOUND('',#2472,.F.);
#2472 = EDGE_LOOP('',(#2473,#2474,#2475,#2483));
#2473 = ORIENTED_EDGE('',*,*,#2443,.F.);
#2474 = ORIENTED_EDGE('',*,*,#1497,.T.);
#2475 = ORIENTED_EDGE('',*,*,#2476,.T.);
#2476 = EDGE_CURVE('',#1490,#2477,#2479,.T.);
#2477 = VERTEX_POINT('',#2478);
#2478 = CARTESIAN_POINT('',(1.0922E+03,19.431,1.3704824E+03));
#2479 = LINE('',#2480,#2481);
#2480 = CARTESIAN_POINT('',(1.002284E+03,19.431,1.3704824E+03));
#2481 = VECTOR('',#2482,1.);
#2482 = DIRECTION('',(1.,0.,-0.));
#2483 = ORIENTED_EDGE('',*,*,#2484,.F.);
#2484 = EDGE_CURVE('',#2444,#2477,#2485,.T.);
#2485 = LINE('',#2486,#2487);
#2486 = CARTESIAN_POINT('',(1.0922E+03,19.431,567.2582));
#2487 = VECTOR('',#2488,1.);
#2488 = DIRECTION('',(0.,0.,1.));
#2489 = FACE_BOUND('',#2490,.F.);
#2490 = EDGE_LOOP('',(#2491,#2501,#2509,#2517));
#2491 = ORIENTED_EDGE('',*,*,#2492,.F.);
#2492 = EDGE_CURVE('',#2493,#2495,#2497,.T.);
#2493 = VERTEX_POINT('',#2494);
#2494 = CARTESIAN_POINT('',(1.0647045E+03,19.431,1.2805664E+03));
#2495 = VERTEX_POINT('',#2496);
#2496 = CARTESIAN_POINT('',(1.0805795E+03,19.431,1.2805664E+03));
#2497 = LINE('',#2498,#2499);
#2498 = CARTESIAN_POINT('',(1.03349425E+03,19.431,1.2805664E+03));
#2499 = VECTOR('',#2500,1.);
#2500 = DIRECTION('',(1.,0.,-0.));
#2501 = ORIENTED_EDGE('',*,*,#2502,.T.);
#2502 = EDGE_CURVE('',#2493,#2503,#2505,.T.);
#2503 = VERTEX_POINT('',#2504);
#2504 = CARTESIAN_POINT('',(1.0647045E+03,19.431,1.2519914E+03));
#2505 = LINE('',#2506,#2507);
#2506 = CARTESIAN_POINT('',(1.0647045E+03,19.431,1.1932539E+03));
#2507 = VECTOR('',#2508,1.);
#2508 = DIRECTION('',(-0.,0.,-1.));
#2509 = ORIENTED_EDGE('',*,*,#2510,.T.);
#2510 = EDGE_CURVE('',#2503,#2511,#2513,.T.);
#2511 = VERTEX_POINT('',#2512);
#2512 = CARTESIAN_POINT('',(1.0805795E+03,19.431,1.2519914E+03));
#2513 = LINE('',#2514,#2515);
#2514 = CARTESIAN_POINT('',(1.03349425E+03,19.431,1.2519914E+03));
#2515 = VECTOR('',#2516,1.);
#2516 = DIRECTION('',(1.,0.,-0.));
#2517 = ORIENTED_EDGE('',*,*,#2518,.F.);
#2518 = EDGE_CURVE('',#2495,#2511,#2519,.T.);
#2519 = LINE('',#2520,#2521);
#2520 = CARTESIAN_POINT('',(1.0805795E+03,19.431,1.1932539E+03));
#2521 = VECTOR('',#2522,1.);
#2522 = DIRECTION('',(-0.,0.,-1.));
#2523 = PLANE('',#2524);
#2524 = AXIS2_PLACEMENT_3D('',#2525,#2526,#2527);
#2525 = CARTESIAN_POINT('',(1.002284E+03,19.431,1.1345164E+03));
#2526 = DIRECTION('',(-0.,1.,0.));
#2527 = DIRECTION('',(0.,0.,1.));
#2528 = ADVANCED_FACE('',(#2529,#2547),#2581,.T.);
#2529 = FACE_BOUND('',#2530,.T.);
#2530 = EDGE_LOOP('',(#2531,#2532,#2533,#2541));
#2531 = ORIENTED_EDGE('',*,*,#2452,.F.);
#2532 = ORIENTED_EDGE('',*,*,#1481,.T.);
#2533 = ORIENTED_EDGE('',*,*,#2534,.T.);
#2534 = EDGE_CURVE('',#1482,#2535,#2537,.T.);
#2535 = VERTEX_POINT('',#2536);
#2536 = CARTESIAN_POINT('',(1.0922E+03,-19.431,1.3704824E+03));
#2537 = LINE('',#2538,#2539);
#2538 = CARTESIAN_POINT('',(1.002284E+03,-19.431,1.3704824E+03));
#2539 = VECTOR('',#2540,1.);
#2540 = DIRECTION('',(1.,0.,-0.));
#2541 = ORIENTED_EDGE('',*,*,#2542,.F.);
#2542 = EDGE_CURVE('',#2453,#2535,#2543,.T.);
#2543 = LINE('',#2544,#2545);
#2544 = CARTESIAN_POINT('',(1.0922E+03,-19.431,567.2582));
#2545 = VECTOR('',#2546,1.);
#2546 = DIRECTION('',(0.,0.,1.));
#2547 = FACE_BOUND('',#2548,.T.);
#2548 = EDGE_LOOP('',(#2549,#2559,#2567,#2575));
#2549 = ORIENTED_EDGE('',*,*,#2550,.F.);
#2550 = EDGE_CURVE('',#2551,#2553,#2555,.T.);
#2551 = VERTEX_POINT('',#2552);
#2552 = CARTESIAN_POINT('',(1.0647045E+03,-19.431,1.2805664E+03));
#2553 = VERTEX_POINT('',#2554);
#2554 = CARTESIAN_POINT('',(1.0805795E+03,-19.431,1.2805664E+03));
#2555 = LINE('',#2556,#2557);
#2556 = CARTESIAN_POINT('',(1.03349425E+03,-19.431,1.2805664E+03));
#2557 = VECTOR('',#2558,1.);
#2558 = DIRECTION('',(1.,0.,-0.));
#2559 = ORIENTED_EDGE('',*,*,#2560,.T.);
#2560 = EDGE_CURVE('',#2551,#2561,#2563,.T.);
#2561 = VERTEX_POINT('',#2562);
#2562 = CARTESIAN_POINT('',(1.0647045E+03,-19.431,1.2519914E+03));
#2563 = LINE('',#2564,#2565);
#2564 = CARTESIAN_POINT('',(1.0647045E+03,-19.431,1.1932539E+03));
#2565 = VECTOR('',#2566,1.);
#2566 = DIRECTION('',(-0.,0.,-1.));
#2567 = ORIENTED_EDGE('',*,*,#2568,.T.);
#2568 = EDGE_CURVE('',#2561,#2569,#2571,.T.);
#2569 = VERTEX_POINT('',#2570);
#2570 = CARTESIAN_POINT('',(1.0805795E+03,-19.431,1.2519914E+03));
#2571 = LINE('',#2572,#2573);
#2572 = CARTESIAN_POINT('',(1.03349425E+03,-19.431,1.2519914E+03));
#2573 = VECTOR('',#2574,1.);
#2574 = DIRECTION('',(1.,0.,-0.));
#2575 = ORIENTED_EDGE('',*,*,#2576,.F.);
#2576 = EDGE_CURVE('',#2553,#2569,#2577,.T.);
#2577 = LINE('',#2578,#2579);
#2578 = CARTESIAN_POINT('',(1.0805795E+03,-19.431,1.1932539E+03));
#2579 = VECTOR('',#2580,1.);
#2580 = DIRECTION('',(-0.,0.,-1.));
#2581 = PLANE('',#2582);
#2582 = AXIS2_PLACEMENT_3D('',#2583,#2584,#2585);
#2583 = CARTESIAN_POINT('',(1.002284E+03,-19.431,1.1345164E+03));
#2584 = DIRECTION('',(-0.,1.,0.));
#2585 = DIRECTION('',(0.,0.,1.));
#2586 = ADVANCED_FACE('',(#2587),#2598,.F.);
#2587 = FACE_BOUND('',#2588,.F.);
#2588 = EDGE_LOOP('',(#2589,#2590,#2591,#2592));
#2589 = ORIENTED_EDGE('',*,*,#2476,.F.);
#2590 = ORIENTED_EDGE('',*,*,#1489,.T.);
#2591 = ORIENTED_EDGE('',*,*,#2534,.T.);
#2592 = ORIENTED_EDGE('',*,*,#2593,.F.);
#2593 = EDGE_CURVE('',#2477,#2535,#2594,.T.);
#2594 = LINE('',#2595,#2596);
#2595 = CARTESIAN_POINT('',(1.0922E+03,-44.6405,1.3704824E+03));
#2596 = VECTOR('',#2597,1.);
#2597 = DIRECTION('',(0.,-1.,0.));
#2598 = PLANE('',#2599);
#2599 = AXIS2_PLACEMENT_3D('',#2600,#2601,#2602);
#2600 = CARTESIAN_POINT('',(1.002284E+03,-19.431,1.3704824E+03));
#2601 = DIRECTION('',(0.,0.,1.));
#2602 = DIRECTION('',(1.,0.,-0.));
#2603 = ADVANCED_FACE('',(#2604),#2629,.T.);
#2604 = FACE_BOUND('',#2605,.T.);
#2605 = EDGE_LOOP('',(#2606,#2614,#2615,#2623));
#2606 = ORIENTED_EDGE('',*,*,#2607,.F.);
#2607 = EDGE_CURVE('',#1506,#2608,#2610,.T.);
#2608 = VERTEX_POINT('',#2609);
#2609 = CARTESIAN_POINT('',(1.013333E+03,9.906,1.3885164E+03));
#2610 = LINE('',#2611,#2612);
#2611 = CARTESIAN_POINT('',(1.002792E+03,9.906,1.3885164E+03));
#2612 = VECTOR('',#2613,1.);
#2613 = DIRECTION('',(1.,0.,-0.));
#2614 = ORIENTED_EDGE('',*,*,#1505,.T.);
#2615 = ORIENTED_EDGE('',*,*,#2616,.T.);
#2616 = EDGE_CURVE('',#1508,#2617,#2619,.T.);
#2617 = VERTEX_POINT('',#2618);
#2618 = CARTESIAN_POINT('',(1.013333E+03,-9.906,1.3885164E+03));
#2619 = LINE('',#2620,#2621);
#2620 = CARTESIAN_POINT('',(1.002792E+03,-9.906,1.3885164E+03));
#2621 = VECTOR('',#2622,1.);
#2622 = DIRECTION('',(1.,0.,-0.));
#2623 = ORIENTED_EDGE('',*,*,#2624,.T.);
#2624 = EDGE_CURVE('',#2617,#2608,#2625,.T.);
#2625 = LINE('',#2626,#2627);
#2626 = CARTESIAN_POINT('',(1.013333E+03,-9.906,1.3885164E+03));
#2627 = VECTOR('',#2628,1.);
#2628 = DIRECTION('',(-0.,1.,0.));
#2629 = PLANE('',#2630);
#2630 = AXIS2_PLACEMENT_3D('',#2631,#2632,#2633);
#2631 = CARTESIAN_POINT('',(1.002792E+03,-9.906,1.3885164E+03));
#2632 = DIRECTION('',(0.,0.,1.));
#2633 = DIRECTION('',(1.,0.,-0.));
#2634 = ADVANCED_FACE('',(#2635),#2653,.F.);
#2635 = FACE_BOUND('',#2636,.F.);
#2636 = EDGE_LOOP('',(#2637,#2638,#2639,#2647));
#2637 = ORIENTED_EDGE('',*,*,#2607,.F.);
#2638 = ORIENTED_EDGE('',*,*,#1531,.T.);
#2639 = ORIENTED_EDGE('',*,*,#2640,.T.);
#2640 = EDGE_CURVE('',#1524,#2641,#2643,.T.);
#2641 = VERTEX_POINT('',#2642);
#2642 = CARTESIAN_POINT('',(1.013333E+03,9.906,1.5948914E+03));
#2643 = LINE('',#2644,#2645);
#2644 = CARTESIAN_POINT('',(1.002792E+03,9.906,1.5948914E+03));
#2645 = VECTOR('',#2646,1.);
#2646 = DIRECTION('',(1.,0.,-0.));
#2647 = ORIENTED_EDGE('',*,*,#2648,.F.);
#2648 = EDGE_CURVE('',#2608,#2641,#2649,.T.);
#2649 = LINE('',#2650,#2651);
#2650 = CARTESIAN_POINT('',(1.013333E+03,9.906,1.3885164E+03));
#2651 = VECTOR('',#2652,1.);
#2652 = DIRECTION('',(0.,0.,1.));
#2653 = PLANE('',#2654);
#2654 = AXIS2_PLACEMENT_3D('',#2655,#2656,#2657);
#2655 = CARTESIAN_POINT('',(1.002792E+03,9.906,1.3885164E+03));
#2656 = DIRECTION('',(-0.,1.,0.));
#2657 = DIRECTION('',(0.,0.,1.));
#2658 = ADVANCED_FACE('',(#2659),#2677,.F.);
#2659 = FACE_BOUND('',#2660,.F.);
#2660 = EDGE_LOOP('',(#2661,#2662,#2663,#2671));
#2661 = ORIENTED_EDGE('',*,*,#2640,.F.);
#2662 = ORIENTED_EDGE('',*,*,#1523,.T.);
#2663 = ORIENTED_EDGE('',*,*,#2664,.T.);
#2664 = EDGE_CURVE('',#1516,#2665,#2667,.T.);
#2665 = VERTEX_POINT('',#2666);
#2666 = CARTESIAN_POINT('',(1.013333E+03,-9.906,1.5948914E+03));
#2667 = LINE('',#2668,#2669);
#2668 = CARTESIAN_POINT('',(1.002792E+03,-9.906,1.5948914E+03));
#2669 = VECTOR('',#2670,1.);
#2670 = DIRECTION('',(1.,0.,-0.));
#2671 = ORIENTED_EDGE('',*,*,#2672,.T.);
#2672 = EDGE_CURVE('',#2665,#2641,#2673,.T.);
#2673 = LINE('',#2674,#2675);
#2674 = CARTESIAN_POINT('',(1.013333E+03,-9.906,1.5948914E+03));
#2675 = VECTOR('',#2676,1.);
#2676 = DIRECTION('',(-0.,1.,0.));
#2677 = PLANE('',#2678);
#2678 = AXIS2_PLACEMENT_3D('',#2679,#2680,#2681);
#2679 = CARTESIAN_POINT('',(1.002792E+03,-9.906,1.5948914E+03));
#2680 = DIRECTION('',(0.,0.,1.));
#2681 = DIRECTION('',(1.,0.,-0.));
#2682 = ADVANCED_FACE('',(#2683),#2694,.T.);
#2683 = FACE_BOUND('',#2684,.T.);
#2684 = EDGE_LOOP('',(#2685,#2686,#2687,#2688));
#2685 = ORIENTED_EDGE('',*,*,#2616,.F.);
#2686 = ORIENTED_EDGE('',*,*,#1515,.T.);
#2687 = ORIENTED_EDGE('',*,*,#2664,.T.);
#2688 = ORIENTED_EDGE('',*,*,#2689,.F.);
#2689 = EDGE_CURVE('',#2617,#2665,#2690,.T.);
#2690 = LINE('',#2691,#2692);
#2691 = CARTESIAN_POINT('',(1.013333E+03,-9.906,1.3885164E+03));
#2692 = VECTOR('',#2693,1.);
#2693 = DIRECTION('',(0.,0.,1.));
#2694 = PLANE('',#2695);
#2695 = AXIS2_PLACEMENT_3D('',#2696,#2697,#2698);
#2696 = CARTESIAN_POINT('',(1.002792E+03,-9.906,1.3885164E+03));
#2697 = DIRECTION('',(-0.,1.,0.));
#2698 = DIRECTION('',(0.,0.,1.));
#2699 = ADVANCED_FACE('',(#2700,#2710,#2744,#2750,#2784,#2790),#2824,.T.
  );
#2700 = FACE_BOUND('',#2701,.T.);
#2701 = EDGE_LOOP('',(#2702,#2703,#2704,#2705,#2706,#2707,#2708,#2709));
#2702 = ORIENTED_EDGE('',*,*,#1554,.F.);
#2703 = ORIENTED_EDGE('',*,*,#1712,.F.);
#2704 = ORIENTED_EDGE('',*,*,#1886,.T.);
#2705 = ORIENTED_EDGE('',*,*,#2015,.T.);
#2706 = ORIENTED_EDGE('',*,*,#2073,.F.);
#2707 = ORIENTED_EDGE('',*,*,#1950,.F.);
#2708 = ORIENTED_EDGE('',*,*,#1869,.T.);
#2709 = ORIENTED_EDGE('',*,*,#1586,.T.);
#2710 = FACE_BOUND('',#2711,.T.);
#2711 = EDGE_LOOP('',(#2712,#2722,#2730,#2738));
#2712 = ORIENTED_EDGE('',*,*,#2713,.T.);
#2713 = EDGE_CURVE('',#2714,#2716,#2718,.T.);
#2714 = VERTEX_POINT('',#2715);
#2715 = CARTESIAN_POINT('',(1.0922E+03,9.906,304.8));
#2716 = VERTEX_POINT('',#2717);
#2717 = CARTESIAN_POINT('',(1.0922E+03,-9.906,304.8));
#2718 = LINE('',#2719,#2720);
#2719 = CARTESIAN_POINT('',(1.0922E+03,-39.878,304.8));
#2720 = VECTOR('',#2721,1.);
#2721 = DIRECTION('',(0.,-1.,0.));
#2722 = ORIENTED_EDGE('',*,*,#2723,.T.);
#2723 = EDGE_CURVE('',#2716,#2724,#2726,.T.);
#2724 = VERTEX_POINT('',#2725);
#2725 = CARTESIAN_POINT('',(1.0922E+03,-9.906,511.175));
#2726 = LINE('',#2727,#2728);
#2727 = CARTESIAN_POINT('',(1.0922E+03,-9.906,152.4));
#2728 = VECTOR('',#2729,1.);
#2729 = DIRECTION('',(0.,0.,1.));
#2730 = ORIENTED_EDGE('',*,*,#2731,.F.);
#2731 = EDGE_CURVE('',#2732,#2724,#2734,.T.);
#2732 = VERTEX_POINT('',#2733);
#2733 = CARTESIAN_POINT('',(1.0922E+03,9.906,511.175));
#2734 = LINE('',#2735,#2736);
#2735 = CARTESIAN_POINT('',(1.0922E+03,-39.878,511.175));
#2736 = VECTOR('',#2737,1.);
#2737 = DIRECTION('',(0.,-1.,0.));
#2738 = ORIENTED_EDGE('',*,*,#2739,.F.);
#2739 = EDGE_CURVE('',#2714,#2732,#2740,.T.);
#2740 = LINE('',#2741,#2742);
#2741 = CARTESIAN_POINT('',(1.0922E+03,9.906,152.4));
#2742 = VECTOR('',#2743,1.);
#2743 = DIRECTION('',(0.,0.,1.));
#2744 = FACE_BOUND('',#2745,.T.);
#2745 = EDGE_LOOP('',(#2746,#2747,#2748,#2749));
#2746 = ORIENTED_EDGE('',*,*,#2200,.T.);
#2747 = ORIENTED_EDGE('',*,*,#2282,.T.);
#2748 = ORIENTED_EDGE('',*,*,#2333,.F.);
#2749 = ORIENTED_EDGE('',*,*,#2224,.F.);
#2750 = FACE_BOUND('',#2751,.T.);
#2751 = EDGE_LOOP('',(#2752,#2762,#2770,#2778));
#2752 = ORIENTED_EDGE('',*,*,#2753,.T.);
#2753 = EDGE_CURVE('',#2754,#2756,#2758,.T.);
#2754 = VERTEX_POINT('',#2755);
#2755 = CARTESIAN_POINT('',(1.0922E+03,9.906,783.209));
#2756 = VERTEX_POINT('',#2757);
#2757 = CARTESIAN_POINT('',(1.0922E+03,-9.906,783.209));
#2758 = LINE('',#2759,#2760);
#2759 = CARTESIAN_POINT('',(1.0922E+03,-39.878,783.209));
#2760 = VECTOR('',#2761,1.);
#2761 = DIRECTION('',(0.,-1.,0.));
#2762 = ORIENTED_EDGE('',*,*,#2763,.T.);
#2763 = EDGE_CURVE('',#2756,#2764,#2766,.T.);
#2764 = VERTEX_POINT('',#2765);
#2765 = CARTESIAN_POINT('',(1.0922E+03,-9.906,1.1164824E+03));
#2766 = LINE('',#2767,#2768);
#2767 = CARTESIAN_POINT('',(1.0922E+03,-9.906,391.6045));
#2768 = VECTOR('',#2769,1.);
#2769 = DIRECTION('',(0.,0.,1.));
#2770 = ORIENTED_EDGE('',*,*,#2771,.F.);
#2771 = EDGE_CURVE('',#2772,#2764,#2774,.T.);
#2772 = VERTEX_POINT('',#2773);
#2773 = CARTESIAN_POINT('',(1.0922E+03,9.906,1.1164824E+03));
#2774 = LINE('',#2775,#2776);
#2775 = CARTESIAN_POINT('',(1.0922E+03,-39.878,1.1164824E+03));
#2776 = VECTOR('',#2777,1.);
#2777 = DIRECTION('',(0.,-1.,0.));
#2778 = ORIENTED_EDGE('',*,*,#2779,.F.);
#2779 = EDGE_CURVE('',#2754,#2772,#2780,.T.);
#2780 = LINE('',#2781,#2782);
#2781 = CARTESIAN_POINT('',(1.0922E+03,9.906,391.6045));
#2782 = VECTOR('',#2783,1.);
#2783 = DIRECTION('',(0.,0.,1.));
#2784 = FACE_BOUND('',#2785,.T.);
#2785 = EDGE_LOOP('',(#2786,#2787,#2788,#2789));
#2786 = ORIENTED_EDGE('',*,*,#2460,.T.);
#2787 = ORIENTED_EDGE('',*,*,#2542,.T.);
#2788 = ORIENTED_EDGE('',*,*,#2593,.F.);
#2789 = ORIENTED_EDGE('',*,*,#2484,.F.);
#2790 = FACE_BOUND('',#2791,.T.);
#2791 = EDGE_LOOP('',(#2792,#2802,#2810,#2818));
#2792 = ORIENTED_EDGE('',*,*,#2793,.T.);
#2793 = EDGE_CURVE('',#2794,#2796,#2798,.T.);
#2794 = VERTEX_POINT('',#2795);
#2795 = CARTESIAN_POINT('',(1.0922E+03,9.906,1.3885164E+03));
#2796 = VERTEX_POINT('',#2797);
#2797 = CARTESIAN_POINT('',(1.0922E+03,-9.906,1.3885164E+03));
#2798 = LINE('',#2799,#2800);
#2799 = CARTESIAN_POINT('',(1.0922E+03,-39.878,1.3885164E+03));
#2800 = VECTOR('',#2801,1.);
#2801 = DIRECTION('',(0.,-1.,0.));
#2802 = ORIENTED_EDGE('',*,*,#2803,.T.);
#2803 = EDGE_CURVE('',#2796,#2804,#2806,.T.);
#2804 = VERTEX_POINT('',#2805);
#2805 = CARTESIAN_POINT('',(1.0922E+03,-9.906,1.5948914E+03));
#2806 = LINE('',#2807,#2808);
#2807 = CARTESIAN_POINT('',(1.0922E+03,-9.906,694.2582));
#2808 = VECTOR('',#2809,1.);
#2809 = DIRECTION('',(0.,0.,1.));
#2810 = ORIENTED_EDGE('',*,*,#2811,.F.);
#2811 = EDGE_CURVE('',#2812,#2804,#2814,.T.);
#2812 = VERTEX_POINT('',#2813);
#2813 = CARTESIAN_POINT('',(1.0922E+03,9.906,1.5948914E+03));
#2814 = LINE('',#2815,#2816);
#2815 = CARTESIAN_POINT('',(1.0922E+03,-39.878,1.5948914E+03));
#2816 = VECTOR('',#2817,1.);
#2817 = DIRECTION('',(0.,-1.,0.));
#2818 = ORIENTED_EDGE('',*,*,#2819,.F.);
#2819 = EDGE_CURVE('',#2794,#2812,#2820,.T.);
#2820 = LINE('',#2821,#2822);
#2821 = CARTESIAN_POINT('',(1.0922E+03,9.906,694.2582));
#2822 = VECTOR('',#2823,1.);
#2823 = DIRECTION('',(0.,0.,1.));
#2824 = PLANE('',#2825);
#2825 = AXIS2_PLACEMENT_3D('',#2826,#2827,#2828);
#2826 = CARTESIAN_POINT('',(1.0922E+03,-69.85,0.));
#2827 = DIRECTION('',(1.,0.,-0.));
#2828 = DIRECTION('',(0.,0.,1.));
#2829 = ADVANCED_FACE('',(#2830),#2846,.F.);
#2830 = FACE_BOUND('',#2831,.F.);
#2831 = EDGE_LOOP('',(#2832,#2838,#2839,#2845));
#2832 = ORIENTED_EDGE('',*,*,#2833,.F.);
#2833 = EDGE_CURVE('',#1966,#1595,#2834,.T.);
#2834 = LINE('',#2835,#2836);
#2835 = CARTESIAN_POINT('',(1.0647045E+03,-70.866,171.45));
#2836 = VECTOR('',#2837,1.);
#2837 = DIRECTION('',(-0.,1.,0.));
#2838 = ORIENTED_EDGE('',*,*,#1965,.T.);
#2839 = ORIENTED_EDGE('',*,*,#2840,.T.);
#2840 = EDGE_CURVE('',#1968,#1597,#2841,.T.);
#2841 = LINE('',#2842,#2843);
#2842 = CARTESIAN_POINT('',(1.0805795E+03,-70.866,171.45));
#2843 = VECTOR('',#2844,1.);
#2844 = DIRECTION('',(-0.,1.,0.));
#2845 = ORIENTED_EDGE('',*,*,#1594,.F.);
#2846 = PLANE('',#2847);
#2847 = AXIS2_PLACEMENT_3D('',#2848,#2849,#2850);
#2848 = CARTESIAN_POINT('',(1.0647045E+03,-70.866,171.45));
#2849 = DIRECTION('',(0.,0.,1.));
#2850 = DIRECTION('',(1.,0.,-0.));
#2851 = ADVANCED_FACE('',(#2852),#2863,.T.);
#2852 = FACE_BOUND('',#2853,.T.);
#2853 = EDGE_LOOP('',(#2854,#2855,#2856,#2862));
#2854 = ORIENTED_EDGE('',*,*,#2833,.F.);
#2855 = ORIENTED_EDGE('',*,*,#1975,.T.);
#2856 = ORIENTED_EDGE('',*,*,#2857,.T.);
#2857 = EDGE_CURVE('',#1976,#1605,#2858,.T.);
#2858 = LINE('',#2859,#2860);
#2859 = CARTESIAN_POINT('',(1.0647045E+03,-70.866,142.875));
#2860 = VECTOR('',#2861,1.);
#2861 = DIRECTION('',(-0.,1.,0.));
#2862 = ORIENTED_EDGE('',*,*,#1604,.F.);
#2863 = PLANE('',#2864);
#2864 = AXIS2_PLACEMENT_3D('',#2865,#2866,#2867);
#2865 = CARTESIAN_POINT('',(1.0647045E+03,-70.866,142.875));
#2866 = DIRECTION('',(1.,0.,-0.));
#2867 = DIRECTION('',(0.,0.,1.));
#2868 = ADVANCED_FACE('',(#2869),#2880,.F.);
#2869 = FACE_BOUND('',#2870,.F.);
#2870 = EDGE_LOOP('',(#2871,#2872,#2873,#2879));
#2871 = ORIENTED_EDGE('',*,*,#2840,.F.);
#2872 = ORIENTED_EDGE('',*,*,#1991,.T.);
#2873 = ORIENTED_EDGE('',*,*,#2874,.T.);
#2874 = EDGE_CURVE('',#1984,#1613,#2875,.T.);
#2875 = LINE('',#2876,#2877);
#2876 = CARTESIAN_POINT('',(1.0805795E+03,-70.866,142.875));
#2877 = VECTOR('',#2878,1.);
#2878 = DIRECTION('',(-0.,1.,0.));
#2879 = ORIENTED_EDGE('',*,*,#1620,.F.);
#2880 = PLANE('',#2881);
#2881 = AXIS2_PLACEMENT_3D('',#2882,#2883,#2884);
#2882 = CARTESIAN_POINT('',(1.0805795E+03,-70.866,142.875));
#2883 = DIRECTION('',(1.,0.,-0.));
#2884 = DIRECTION('',(0.,0.,1.));
#2885 = ADVANCED_FACE('',(#2886),#2892,.T.);
#2886 = FACE_BOUND('',#2887,.T.);
#2887 = EDGE_LOOP('',(#2888,#2889,#2890,#2891));
#2888 = ORIENTED_EDGE('',*,*,#2857,.F.);
#2889 = ORIENTED_EDGE('',*,*,#1983,.T.);
#2890 = ORIENTED_EDGE('',*,*,#2874,.T.);
#2891 = ORIENTED_EDGE('',*,*,#1612,.F.);
#2892 = PLANE('',#2893);
#2893 = AXIS2_PLACEMENT_3D('',#2894,#2895,#2896);
#2894 = CARTESIAN_POINT('',(1.0647045E+03,-70.866,142.875));
#2895 = DIRECTION('',(0.,0.,1.));
#2896 = DIRECTION('',(1.,0.,-0.));
#2897 = ADVANCED_FACE('',(#2898),#2914,.F.);
#2898 = FACE_BOUND('',#2899,.F.);
#2899 = EDGE_LOOP('',(#2900,#2906,#2907,#2913));
#2900 = ORIENTED_EDGE('',*,*,#2901,.F.);
#2901 = EDGE_CURVE('',#2233,#1629,#2902,.T.);
#2902 = LINE('',#2903,#2904);
#2903 = CARTESIAN_POINT('',(1.0647045E+03,-70.866,675.259));
#2904 = VECTOR('',#2905,1.);
#2905 = DIRECTION('',(-0.,1.,0.));
#2906 = ORIENTED_EDGE('',*,*,#2232,.T.);
#2907 = ORIENTED_EDGE('',*,*,#2908,.T.);
#2908 = EDGE_CURVE('',#2235,#1631,#2909,.T.);
#2909 = LINE('',#2910,#2911);
#2910 = CARTESIAN_POINT('',(1.0805795E+03,-70.866,675.259));
#2911 = VECTOR('',#2912,1.);
#2912 = DIRECTION('',(-0.,1.,0.));
#2913 = ORIENTED_EDGE('',*,*,#1628,.F.);
#2914 = PLANE('',#2915);
#2915 = AXIS2_PLACEMENT_3D('',#2916,#2917,#2918);
#2916 = CARTESIAN_POINT('',(1.0647045E+03,-70.866,675.259));
#2917 = DIRECTION('',(0.,0.,1.));
#2918 = DIRECTION('',(1.,0.,-0.));
#2919 = ADVANCED_FACE('',(#2920),#2931,.T.);
#2920 = FACE_BOUND('',#2921,.T.);
#2921 = EDGE_LOOP('',(#2922,#2923,#2924,#2930));
#2922 = ORIENTED_EDGE('',*,*,#2901,.F.);
#2923 = ORIENTED_EDGE('',*,*,#2242,.T.);
#2924 = ORIENTED_EDGE('',*,*,#2925,.T.);
#2925 = EDGE_CURVE('',#2243,#1639,#2926,.T.);
#2926 = LINE('',#2927,#2928);
#2927 = CARTESIAN_POINT('',(1.0647045E+03,-70.866,646.684));
#2928 = VECTOR('',#2929,1.);
#2929 = DIRECTION('',(-0.,1.,0.));
#2930 = ORIENTED_EDGE('',*,*,#1638,.F.);
#2931 = PLANE('',#2932);
#2932 = AXIS2_PLACEMENT_3D('',#2933,#2934,#2935);
#2933 = CARTESIAN_POINT('',(1.0647045E+03,-70.866,646.684));
#2934 = DIRECTION('',(1.,0.,-0.));
#2935 = DIRECTION('',(0.,0.,1.));
#2936 = ADVANCED_FACE('',(#2937),#2948,.F.);
#2937 = FACE_BOUND('',#2938,.F.);
#2938 = EDGE_LOOP('',(#2939,#2940,#2941,#2947));
#2939 = ORIENTED_EDGE('',*,*,#2908,.F.);
#2940 = ORIENTED_EDGE('',*,*,#2258,.T.);
#2941 = ORIENTED_EDGE('',*,*,#2942,.T.);
#2942 = EDGE_CURVE('',#2251,#1647,#2943,.T.);
#2943 = LINE('',#2944,#2945);
#2944 = CARTESIAN_POINT('',(1.0805795E+03,-70.866,646.684));
#2945 = VECTOR('',#2946,1.);
#2946 = DIRECTION('',(-0.,1.,0.));
#2947 = ORIENTED_EDGE('',*,*,#1654,.F.);
#2948 = PLANE('',#2949);
#2949 = AXIS2_PLACEMENT_3D('',#2950,#2951,#2952);
#2950 = CARTESIAN_POINT('',(1.0805795E+03,-70.866,646.684));
#2951 = DIRECTION('',(1.,0.,-0.));
#2952 = DIRECTION('',(0.,0.,1.));
#2953 = ADVANCED_FACE('',(#2954),#2960,.T.);
#2954 = FACE_BOUND('',#2955,.T.);
#2955 = EDGE_LOOP('',(#2956,#2957,#2958,#2959));
#2956 = ORIENTED_EDGE('',*,*,#2925,.F.);
#2957 = ORIENTED_EDGE('',*,*,#2250,.T.);
#2958 = ORIENTED_EDGE('',*,*,#2942,.T.);
#2959 = ORIENTED_EDGE('',*,*,#1646,.F.);
#2960 = PLANE('',#2961);
#2961 = AXIS2_PLACEMENT_3D('',#2962,#2963,#2964);
#2962 = CARTESIAN_POINT('',(1.0647045E+03,-70.866,646.684));
#2963 = DIRECTION('',(0.,0.,1.));
#2964 = DIRECTION('',(1.,0.,-0.));
#2965 = ADVANCED_FACE('',(#2966),#2982,.F.);
#2966 = FACE_BOUND('',#2967,.F.);
#2967 = EDGE_LOOP('',(#2968,#2974,#2975,#2981));
#2968 = ORIENTED_EDGE('',*,*,#2969,.F.);
#2969 = EDGE_CURVE('',#2493,#1663,#2970,.T.);
#2970 = LINE('',#2971,#2972);
#2971 = CARTESIAN_POINT('',(1.0647045E+03,-70.866,1.2805664E+03));
#2972 = VECTOR('',#2973,1.);
#2973 = DIRECTION('',(-0.,1.,0.));
#2974 = ORIENTED_EDGE('',*,*,#2492,.T.);
#2975 = ORIENTED_EDGE('',*,*,#2976,.T.);
#2976 = EDGE_CURVE('',#2495,#1665,#2977,.T.);
#2977 = LINE('',#2978,#2979);
#2978 = CARTESIAN_POINT('',(1.0805795E+03,-70.866,1.2805664E+03));
#2979 = VECTOR('',#2980,1.);
#2980 = DIRECTION('',(-0.,1.,0.));
#2981 = ORIENTED_EDGE('',*,*,#1662,.F.);
#2982 = PLANE('',#2983);
#2983 = AXIS2_PLACEMENT_3D('',#2984,#2985,#2986);
#2984 = CARTESIAN_POINT('',(1.0647045E+03,-70.866,1.2805664E+03));
#2985 = DIRECTION('',(0.,0.,1.));
#2986 = DIRECTION('',(1.,0.,-0.));
#2987 = ADVANCED_FACE('',(#2988),#2999,.F.);
#2988 = FACE_BOUND('',#2989,.F.);
#2989 = EDGE_LOOP('',(#2990,#2991,#2992,#2998));
#2990 = ORIENTED_EDGE('',*,*,#2976,.F.);
#2991 = ORIENTED_EDGE('',*,*,#2518,.T.);
#2992 = ORIENTED_EDGE('',*,*,#2993,.T.);
#2993 = EDGE_CURVE('',#2511,#1681,#2994,.T.);
#2994 = LINE('',#2995,#2996);
#2995 = CARTESIAN_POINT('',(1.0805795E+03,-70.866,1.2519914E+03));
#2996 = VECTOR('',#2997,1.);
#2997 = DIRECTION('',(-0.,1.,0.));
#2998 = ORIENTED_EDGE('',*,*,#1688,.F.);
#2999 = PLANE('',#3000);
#3000 = AXIS2_PLACEMENT_3D('',#3001,#3002,#3003);
#3001 = CARTESIAN_POINT('',(1.0805795E+03,-70.866,1.2519914E+03));
#3002 = DIRECTION('',(1.,0.,-0.));
#3003 = DIRECTION('',(0.,0.,1.));
#3004 = ADVANCED_FACE('',(#3005),#3016,.T.);
#3005 = FACE_BOUND('',#3006,.T.);
#3006 = EDGE_LOOP('',(#3007,#3013,#3014,#3015));
#3007 = ORIENTED_EDGE('',*,*,#3008,.F.);
#3008 = EDGE_CURVE('',#2503,#1673,#3009,.T.);
#3009 = LINE('',#3010,#3011);
#3010 = CARTESIAN_POINT('',(1.0647045E+03,-70.866,1.2519914E+03));
#3011 = VECTOR('',#3012,1.);
#3012 = DIRECTION('',(-0.,1.,0.));
#3013 = ORIENTED_EDGE('',*,*,#2510,.T.);
#3014 = ORIENTED_EDGE('',*,*,#2993,.T.);
#3015 = ORIENTED_EDGE('',*,*,#1680,.F.);
#3016 = PLANE('',#3017);
#3017 = AXIS2_PLACEMENT_3D('',#3018,#3019,#3020);
#3018 = CARTESIAN_POINT('',(1.0647045E+03,-70.866,1.2519914E+03));
#3019 = DIRECTION('',(0.,0.,1.));
#3020 = DIRECTION('',(1.,0.,-0.));
#3021 = ADVANCED_FACE('',(#3022),#3028,.T.);
#3022 = FACE_BOUND('',#3023,.T.);
#3023 = EDGE_LOOP('',(#3024,#3025,#3026,#3027));
#3024 = ORIENTED_EDGE('',*,*,#2969,.F.);
#3025 = ORIENTED_EDGE('',*,*,#2502,.T.);
#3026 = ORIENTED_EDGE('',*,*,#3008,.T.);
#3027 = ORIENTED_EDGE('',*,*,#1672,.F.);
#3028 = PLANE('',#3029);
#3029 = AXIS2_PLACEMENT_3D('',#3030,#3031,#3032);
#3030 = CARTESIAN_POINT('',(1.0647045E+03,-70.866,1.2519914E+03));
#3031 = DIRECTION('',(1.,0.,-0.));
#3032 = DIRECTION('',(0.,0.,1.));
#3033 = ADVANCED_FACE('',(#3034),#3050,.F.);
#3034 = FACE_BOUND('',#3035,.F.);
#3035 = EDGE_LOOP('',(#3036,#3042,#3043,#3049));
#3036 = ORIENTED_EDGE('',*,*,#3037,.F.);
#3037 = EDGE_CURVE('',#1721,#2031,#3038,.T.);
#3038 = LINE('',#3039,#3040);
#3039 = CARTESIAN_POINT('',(1.0647045E+03,-70.866,171.45));
#3040 = VECTOR('',#3041,1.);
#3041 = DIRECTION('',(-0.,1.,0.));
#3042 = ORIENTED_EDGE('',*,*,#1720,.T.);
#3043 = ORIENTED_EDGE('',*,*,#3044,.T.);
#3044 = EDGE_CURVE('',#1723,#2033,#3045,.T.);
#3045 = LINE('',#3046,#3047);
#3046 = CARTESIAN_POINT('',(1.0805795E+03,-70.866,171.45));
#3047 = VECTOR('',#3048,1.);
#3048 = DIRECTION('',(-0.,1.,0.));
#3049 = ORIENTED_EDGE('',*,*,#2030,.F.);
#3050 = PLANE('',#3051);
#3051 = AXIS2_PLACEMENT_3D('',#3052,#3053,#3054);
#3052 = CARTESIAN_POINT('',(1.0647045E+03,-70.866,171.45));
#3053 = DIRECTION('',(0.,0.,1.));
#3054 = DIRECTION('',(1.,0.,-0.));
#3055 = ADVANCED_FACE('',(#3056),#3067,.T.);
#3056 = FACE_BOUND('',#3057,.T.);
#3057 = EDGE_LOOP('',(#3058,#3059,#3060,#3066));
#3058 = ORIENTED_EDGE('',*,*,#3037,.F.);
#3059 = ORIENTED_EDGE('',*,*,#1730,.T.);
#3060 = ORIENTED_EDGE('',*,*,#3061,.T.);
#3061 = EDGE_CURVE('',#1731,#2041,#3062,.T.);
#3062 = LINE('',#3063,#3064);
#3063 = CARTESIAN_POINT('',(1.0647045E+03,-70.866,142.875));
#3064 = VECTOR('',#3065,1.);
#3065 = DIRECTION('',(-0.,1.,0.));
#3066 = ORIENTED_EDGE('',*,*,#2040,.F.);
#3067 = PLANE('',#3068);
#3068 = AXIS2_PLACEMENT_3D('',#3069,#3070,#3071);
#3069 = CARTESIAN_POINT('',(1.0647045E+03,-70.866,142.875));
#3070 = DIRECTION('',(1.,0.,-0.));
#3071 = DIRECTION('',(0.,0.,1.));
#3072 = ADVANCED_FACE('',(#3073),#3084,.F.);
#3073 = FACE_BOUND('',#3074,.F.);
#3074 = EDGE_LOOP('',(#3075,#3076,#3077,#3083));
#3075 = ORIENTED_EDGE('',*,*,#3044,.F.);
#3076 = ORIENTED_EDGE('',*,*,#1746,.T.);
#3077 = ORIENTED_EDGE('',*,*,#3078,.T.);
#3078 = EDGE_CURVE('',#1739,#2049,#3079,.T.);
#3079 = LINE('',#3080,#3081);
#3080 = CARTESIAN_POINT('',(1.0805795E+03,-70.866,142.875));
#3081 = VECTOR('',#3082,1.);
#3082 = DIRECTION('',(-0.,1.,0.));
#3083 = ORIENTED_EDGE('',*,*,#2056,.F.);
#3084 = PLANE('',#3085);
#3085 = AXIS2_PLACEMENT_3D('',#3086,#3087,#3088);
#3086 = CARTESIAN_POINT('',(1.0805795E+03,-70.866,142.875));
#3087 = DIRECTION('',(1.,0.,-0.));
#3088 = DIRECTION('',(0.,0.,1.));
#3089 = ADVANCED_FACE('',(#3090),#3096,.T.);
#3090 = FACE_BOUND('',#3091,.T.);
#3091 = EDGE_LOOP('',(#3092,#3093,#3094,#3095));
#3092 = ORIENTED_EDGE('',*,*,#3061,.F.);
#3093 = ORIENTED_EDGE('',*,*,#1738,.T.);
#3094 = ORIENTED_EDGE('',*,*,#3078,.T.);
#3095 = ORIENTED_EDGE('',*,*,#2048,.F.);
#3096 = PLANE('',#3097);
#3097 = AXIS2_PLACEMENT_3D('',#3098,#3099,#3100);
#3098 = CARTESIAN_POINT('',(1.0647045E+03,-70.866,142.875));
#3099 = DIRECTION('',(0.,0.,1.));
#3100 = DIRECTION('',(1.,0.,-0.));
#3101 = ADVANCED_FACE('',(#3102),#3118,.F.);
#3102 = FACE_BOUND('',#3103,.F.);
#3103 = EDGE_LOOP('',(#3104,#3110,#3111,#3117));
#3104 = ORIENTED_EDGE('',*,*,#3105,.F.);
#3105 = EDGE_CURVE('',#1755,#2291,#3106,.T.);
#3106 = LINE('',#3107,#3108);
#3107 = CARTESIAN_POINT('',(1.0647045E+03,-70.866,675.259));
#3108 = VECTOR('',#3109,1.);
#3109 = DIRECTION('',(-0.,1.,0.));
#3110 = ORIENTED_EDGE('',*,*,#1754,.T.);
#3111 = ORIENTED_EDGE('',*,*,#3112,.T.);
#3112 = EDGE_CURVE('',#1757,#2293,#3113,.T.);
#3113 = LINE('',#3114,#3115);
#3114 = CARTESIAN_POINT('',(1.0805795E+03,-70.866,675.259));
#3115 = VECTOR('',#3116,1.);
#3116 = DIRECTION('',(-0.,1.,0.));
#3117 = ORIENTED_EDGE('',*,*,#2290,.F.);
#3118 = PLANE('',#3119);
#3119 = AXIS2_PLACEMENT_3D('',#3120,#3121,#3122);
#3120 = CARTESIAN_POINT('',(1.0647045E+03,-70.866,675.259));
#3121 = DIRECTION('',(0.,0.,1.));
#3122 = DIRECTION('',(1.,0.,-0.));
#3123 = ADVANCED_FACE('',(#3124),#3135,.T.);
#3124 = FACE_BOUND('',#3125,.T.);
#3125 = EDGE_LOOP('',(#3126,#3127,#3128,#3134));
#3126 = ORIENTED_EDGE('',*,*,#3105,.F.);
#3127 = ORIENTED_EDGE('',*,*,#1764,.T.);
#3128 = ORIENTED_EDGE('',*,*,#3129,.T.);
#3129 = EDGE_CURVE('',#1765,#2301,#3130,.T.);
#3130 = LINE('',#3131,#3132);
#3131 = CARTESIAN_POINT('',(1.0647045E+03,-70.866,646.684));
#3132 = VECTOR('',#3133,1.);
#3133 = DIRECTION('',(-0.,1.,0.));
#3134 = ORIENTED_EDGE('',*,*,#2300,.F.);
#3135 = PLANE('',#3136);
#3136 = AXIS2_PLACEMENT_3D('',#3137,#3138,#3139);
#3137 = CARTESIAN_POINT('',(1.0647045E+03,-70.866,646.684));
#3138 = DIRECTION('',(1.,0.,-0.));
#3139 = DIRECTION('',(0.,0.,1.));
#3140 = ADVANCED_FACE('',(#3141),#3152,.F.);
#3141 = FACE_BOUND('',#3142,.F.);
#3142 = EDGE_LOOP('',(#3143,#3144,#3145,#3151));
#3143 = ORIENTED_EDGE('',*,*,#3112,.F.);
#3144 = ORIENTED_EDGE('',*,*,#1780,.T.);
#3145 = ORIENTED_EDGE('',*,*,#3146,.T.);
#3146 = EDGE_CURVE('',#1773,#2309,#3147,.T.);
#3147 = LINE('',#3148,#3149);
#3148 = CARTESIAN_POINT('',(1.0805795E+03,-70.866,646.684));
#3149 = VECTOR('',#3150,1.);
#3150 = DIRECTION('',(-0.,1.,0.));
#3151 = ORIENTED_EDGE('',*,*,#2316,.F.);
#3152 = PLANE('',#3153);
#3153 = AXIS2_PLACEMENT_3D('',#3154,#3155,#3156);
#3154 = CARTESIAN_POINT('',(1.0805795E+03,-70.866,646.684));
#3155 = DIRECTION('',(1.,0.,-0.));
#3156 = DIRECTION('',(0.,0.,1.));
#3157 = ADVANCED_FACE('',(#3158),#3164,.T.);
#3158 = FACE_BOUND('',#3159,.T.);
#3159 = EDGE_LOOP('',(#3160,#3161,#3162,#3163));
#3160 = ORIENTED_EDGE('',*,*,#3129,.F.);
#3161 = ORIENTED_EDGE('',*,*,#1772,.T.);
#3162 = ORIENTED_EDGE('',*,*,#3146,.T.);
#3163 = ORIENTED_EDGE('',*,*,#2308,.F.);
#3164 = PLANE('',#3165);
#3165 = AXIS2_PLACEMENT_3D('',#3166,#3167,#3168);
#3166 = CARTESIAN_POINT('',(1.0647045E+03,-70.866,646.684));
#3167 = DIRECTION('',(0.,0.,1.));
#3168 = DIRECTION('',(1.,0.,-0.));
#3169 = ADVANCED_FACE('',(#3170),#3186,.F.);
#3170 = FACE_BOUND('',#3171,.F.);
#3171 = EDGE_LOOP('',(#3172,#3178,#3179,#3185));
#3172 = ORIENTED_EDGE('',*,*,#3173,.F.);
#3173 = EDGE_CURVE('',#1789,#2551,#3174,.T.);
#3174 = LINE('',#3175,#3176);
#3175 = CARTESIAN_POINT('',(1.0647045E+03,-70.866,1.2805664E+03));
#3176 = VECTOR('',#3177,1.);
#3177 = DIRECTION('',(-0.,1.,0.));
#3178 = ORIENTED_EDGE('',*,*,#1788,.T.);
#3179 = ORIENTED_EDGE('',*,*,#3180,.T.);
#3180 = EDGE_CURVE('',#1791,#2553,#3181,.T.);
#3181 = LINE('',#3182,#3183);
#3182 = CARTESIAN_POINT('',(1.0805795E+03,-70.866,1.2805664E+03));
#3183 = VECTOR('',#3184,1.);
#3184 = DIRECTION('',(-0.,1.,0.));
#3185 = ORIENTED_EDGE('',*,*,#2550,.F.);
#3186 = PLANE('',#3187);
#3187 = AXIS2_PLACEMENT_3D('',#3188,#3189,#3190);
#3188 = CARTESIAN_POINT('',(1.0647045E+03,-70.866,1.2805664E+03));
#3189 = DIRECTION('',(0.,0.,1.));
#3190 = DIRECTION('',(1.,0.,-0.));
#3191 = ADVANCED_FACE('',(#3192),#3203,.F.);
#3192 = FACE_BOUND('',#3193,.F.);
#3193 = EDGE_LOOP('',(#3194,#3195,#3196,#3202));
#3194 = ORIENTED_EDGE('',*,*,#3180,.F.);
#3195 = ORIENTED_EDGE('',*,*,#1814,.T.);
#3196 = ORIENTED_EDGE('',*,*,#3197,.T.);
#3197 = EDGE_CURVE('',#1807,#2569,#3198,.T.);
#3198 = LINE('',#3199,#3200);
#3199 = CARTESIAN_POINT('',(1.0805795E+03,-70.866,1.2519914E+03));
#3200 = VECTOR('',#3201,1.);
#3201 = DIRECTION('',(-0.,1.,0.));
#3202 = ORIENTED_EDGE('',*,*,#2576,.F.);
#3203 = PLANE('',#3204);
#3204 = AXIS2_PLACEMENT_3D('',#3205,#3206,#3207);
#3205 = CARTESIAN_POINT('',(1.0805795E+03,-70.866,1.2519914E+03));
#3206 = DIRECTION('',(1.,0.,-0.));
#3207 = DIRECTION('',(0.,0.,1.));
#3208 = ADVANCED_FACE('',(#3209),#3220,.T.);
#3209 = FACE_BOUND('',#3210,.T.);
#3210 = EDGE_LOOP('',(#3211,#3217,#3218,#3219));
#3211 = ORIENTED_EDGE('',*,*,#3212,.F.);
#3212 = EDGE_CURVE('',#1799,#2561,#3213,.T.);
#3213 = LINE('',#3214,#3215);
#3214 = CARTESIAN_POINT('',(1.0647045E+03,-70.866,1.2519914E+03));
#3215 = VECTOR('',#3216,1.);
#3216 = DIRECTION('',(-0.,1.,0.));
#3217 = ORIENTED_EDGE('',*,*,#1806,.T.);
#3218 = ORIENTED_EDGE('',*,*,#3197,.T.);
#3219 = ORIENTED_EDGE('',*,*,#2568,.F.);
#3220 = PLANE('',#3221);
#3221 = AXIS2_PLACEMENT_3D('',#3222,#3223,#3224);
#3222 = CARTESIAN_POINT('',(1.0647045E+03,-70.866,1.2519914E+03));
#3223 = DIRECTION('',(0.,0.,1.));
#3224 = DIRECTION('',(1.,0.,-0.));
#3225 = ADVANCED_FACE('',(#3226),#3232,.T.);
#3226 = FACE_BOUND('',#3227,.T.);
#3227 = EDGE_LOOP('',(#3228,#3229,#3230,#3231));
#3228 = ORIENTED_EDGE('',*,*,#3173,.F.);
#3229 = ORIENTED_EDGE('',*,*,#1798,.T.);
#3230 = ORIENTED_EDGE('',*,*,#3212,.T.);
#3231 = ORIENTED_EDGE('',*,*,#2560,.F.);
#3232 = PLANE('',#3233);
#3233 = AXIS2_PLACEMENT_3D('',#3234,#3235,#3236);
#3234 = CARTESIAN_POINT('',(1.0647045E+03,-70.866,1.2519914E+03));
#3235 = DIRECTION('',(1.,0.,-0.));
#3236 = DIRECTION('',(0.,0.,1.));
#3237 = ADVANCED_FACE('',(#3238),#3270,.T.);
#3238 = FACE_BOUND('',#3239,.T.);
#3239 = EDGE_LOOP('',(#3240,#3248,#3256,#3262,#3263,#3269));
#3240 = ORIENTED_EDGE('',*,*,#3241,.F.);
#3241 = EDGE_CURVE('',#3242,#1903,#3244,.T.);
#3242 = VERTEX_POINT('',#3243);
#3243 = CARTESIAN_POINT('',(1.0795E+03,-57.15,-88.9));
#3244 = LINE('',#3245,#3246);
#3245 = CARTESIAN_POINT('',(1.0795E+03,-57.15,-88.9));
#3246 = VECTOR('',#3247,1.);
#3247 = DIRECTION('',(0.,0.,1.));
#3248 = ORIENTED_EDGE('',*,*,#3249,.T.);
#3249 = EDGE_CURVE('',#3242,#3250,#3252,.T.);
#3250 = VERTEX_POINT('',#3251);
#3251 = CARTESIAN_POINT('',(1.0795E+03,57.15,-88.9));
#3252 = LINE('',#3253,#3254);
#3253 = CARTESIAN_POINT('',(1.0795E+03,-57.15,-88.9));
#3254 = VECTOR('',#3255,1.);
#3255 = DIRECTION('',(-0.,1.,0.));
#3256 = ORIENTED_EDGE('',*,*,#3257,.T.);
#3257 = EDGE_CURVE('',#3250,#1846,#3258,.T.);
#3258 = LINE('',#3259,#3260);
#3259 = CARTESIAN_POINT('',(1.0795E+03,57.15,-88.9));
#3260 = VECTOR('',#3261,1.);
#3261 = DIRECTION('',(0.,0.,1.));
#3262 = ORIENTED_EDGE('',*,*,#1853,.F.);
#3263 = ORIENTED_EDGE('',*,*,#3264,.F.);
#3264 = EDGE_CURVE('',#1895,#1854,#3265,.T.);
#3265 = LINE('',#3266,#3267);
#3266 = CARTESIAN_POINT('',(1.0795E+03,-57.15,0.));
#3267 = VECTOR('',#3268,1.);
#3268 = DIRECTION('',(-0.,1.,0.));
#3269 = ORIENTED_EDGE('',*,*,#1902,.F.);
#3270 = PLANE('',#3271);
#3271 = AXIS2_PLACEMENT_3D('',#3272,#3273,#3274);
#3272 = CARTESIAN_POINT('',(1.0795E+03,-57.15,-88.9));
#3273 = DIRECTION('',(1.,0.,-0.));
#3274 = DIRECTION('',(0.,0.,1.));
#3275 = ADVANCED_FACE('',(#3276),#3294,.T.);
#3276 = FACE_BOUND('',#3277,.T.);
#3277 = EDGE_LOOP('',(#3278,#3286,#3292,#3293));
#3278 = ORIENTED_EDGE('',*,*,#3279,.F.);
#3279 = EDGE_CURVE('',#3280,#3250,#3282,.T.);
#3280 = VERTEX_POINT('',#3281);
#3281 = CARTESIAN_POINT('',(1.016E+03,57.15,-88.9));
#3282 = LINE('',#3283,#3284);
#3283 = CARTESIAN_POINT('',(1.016E+03,57.15,-88.9));
#3284 = VECTOR('',#3285,1.);
#3285 = DIRECTION('',(1.,0.,-0.));
#3286 = ORIENTED_EDGE('',*,*,#3287,.T.);
#3287 = EDGE_CURVE('',#3280,#1838,#3288,.T.);
#3288 = LINE('',#3289,#3290);
#3289 = CARTESIAN_POINT('',(1.016E+03,57.15,-88.9));
#3290 = VECTOR('',#3291,1.);
#3291 = DIRECTION('',(0.,0.,1.));
#3292 = ORIENTED_EDGE('',*,*,#1845,.T.);
#3293 = ORIENTED_EDGE('',*,*,#3257,.F.);
#3294 = PLANE('',#3295);
#3295 = AXIS2_PLACEMENT_3D('',#3296,#3297,#3298);
#3296 = CARTESIAN_POINT('',(1.016E+03,57.15,-88.9));
#3297 = DIRECTION('',(-0.,1.,0.));
#3298 = DIRECTION('',(0.,0.,1.));
#3299 = ADVANCED_FACE('',(#3300),#3325,.F.);
#3300 = FACE_BOUND('',#3301,.F.);
#3301 = EDGE_LOOP('',(#3302,#3310,#3316,#3317,#3318,#3324));
#3302 = ORIENTED_EDGE('',*,*,#3303,.F.);
#3303 = EDGE_CURVE('',#3304,#1911,#3306,.T.);
#3304 = VERTEX_POINT('',#3305);
#3305 = CARTESIAN_POINT('',(1.016E+03,-57.15,-88.9));
#3306 = LINE('',#3307,#3308);
#3307 = CARTESIAN_POINT('',(1.016E+03,-57.15,-88.9));
#3308 = VECTOR('',#3309,1.);
#3309 = DIRECTION('',(0.,0.,1.));
#3310 = ORIENTED_EDGE('',*,*,#3311,.T.);
#3311 = EDGE_CURVE('',#3304,#3280,#3312,.T.);
#3312 = LINE('',#3313,#3314);
#3313 = CARTESIAN_POINT('',(1.016E+03,-57.15,-88.9));
#3314 = VECTOR('',#3315,1.);
#3315 = DIRECTION('',(-0.,1.,0.));
#3316 = ORIENTED_EDGE('',*,*,#3287,.T.);
#3317 = ORIENTED_EDGE('',*,*,#1837,.F.);
#3318 = ORIENTED_EDGE('',*,*,#3319,.F.);
#3319 = EDGE_CURVE('',#1919,#1830,#3320,.T.);
#3320 = LINE('',#3321,#3322);
#3321 = CARTESIAN_POINT('',(1.016E+03,-57.15,0.));
#3322 = VECTOR('',#3323,1.);
#3323 = DIRECTION('',(-0.,1.,0.));
#3324 = ORIENTED_EDGE('',*,*,#1918,.F.);
#3325 = PLANE('',#3326);
#3326 = AXIS2_PLACEMENT_3D('',#3327,#3328,#3329);
#3327 = CARTESIAN_POINT('',(1.016E+03,-57.15,-88.9));
#3328 = DIRECTION('',(1.,0.,-0.));
#3329 = DIRECTION('',(0.,0.,1.));
#3330 = ADVANCED_FACE('',(#3331),#3342,.F.);
#3331 = FACE_BOUND('',#3332,.F.);
#3332 = EDGE_LOOP('',(#3333,#3339,#3340,#3341));
#3333 = ORIENTED_EDGE('',*,*,#3334,.F.);
#3334 = EDGE_CURVE('',#3304,#3242,#3335,.T.);
#3335 = LINE('',#3336,#3337);
#3336 = CARTESIAN_POINT('',(1.016E+03,-57.15,-88.9));
#3337 = VECTOR('',#3338,1.);
#3338 = DIRECTION('',(1.,0.,-0.));
#3339 = ORIENTED_EDGE('',*,*,#3303,.T.);
#3340 = ORIENTED_EDGE('',*,*,#1910,.T.);
#3341 = ORIENTED_EDGE('',*,*,#3241,.F.);
#3342 = PLANE('',#3343);
#3343 = AXIS2_PLACEMENT_3D('',#3344,#3345,#3346);
#3344 = CARTESIAN_POINT('',(1.016E+03,-57.15,-88.9));
#3345 = DIRECTION('',(-0.,1.,0.));
#3346 = DIRECTION('',(0.,0.,1.));
#3347 = ADVANCED_FACE('',(#3348),#3354,.T.);
#3348 = FACE_BOUND('',#3349,.T.);
#3349 = EDGE_LOOP('',(#3350,#3351,#3352,#3353));
#3350 = ORIENTED_EDGE('',*,*,#1957,.F.);
#3351 = ORIENTED_EDGE('',*,*,#3319,.F.);
#3352 = ORIENTED_EDGE('',*,*,#2022,.T.);
#3353 = ORIENTED_EDGE('',*,*,#3264,.T.);
#3354 = PLANE('',#3355);
#3355 = AXIS2_PLACEMENT_3D('',#3356,#3357,#3358);
#3356 = CARTESIAN_POINT('',(1.002284E+03,-19.431,0.));
#3357 = DIRECTION('',(0.,0.,1.));
#3358 = DIRECTION('',(1.,0.,-0.));
#3359 = ADVANCED_FACE('',(#3360),#3366,.F.);
#3360 = FACE_BOUND('',#3361,.F.);
#3361 = EDGE_LOOP('',(#3362,#3363,#3364,#3365));
#3362 = ORIENTED_EDGE('',*,*,#2152,.F.);
#3363 = ORIENTED_EDGE('',*,*,#2104,.T.);
#3364 = ORIENTED_EDGE('',*,*,#2128,.T.);
#3365 = ORIENTED_EDGE('',*,*,#2169,.F.);
#3366 = PLANE('',#3367);
#3367 = AXIS2_PLACEMENT_3D('',#3368,#3369,#3370);
#3368 = CARTESIAN_POINT('',(1.013333E+03,-9.906,304.8));
#3369 = DIRECTION('',(1.,0.,-0.));
#3370 = DIRECTION('',(0.,0.,1.));
#3371 = ADVANCED_FACE('',(#3372),#3378,.F.);
#3372 = FACE_BOUND('',#3373,.F.);
#3373 = EDGE_LOOP('',(#3374,#3375,#3376,#3377));
#3374 = ORIENTED_EDGE('',*,*,#2412,.F.);
#3375 = ORIENTED_EDGE('',*,*,#2364,.T.);
#3376 = ORIENTED_EDGE('',*,*,#2388,.T.);
#3377 = ORIENTED_EDGE('',*,*,#2429,.F.);
#3378 = PLANE('',#3379);
#3379 = AXIS2_PLACEMENT_3D('',#3380,#3381,#3382);
#3380 = CARTESIAN_POINT('',(1.013333E+03,-9.906,783.209));
#3381 = DIRECTION('',(1.,0.,-0.));
#3382 = DIRECTION('',(0.,0.,1.));
#3383 = ADVANCED_FACE('',(#3384),#3390,.F.);
#3384 = FACE_BOUND('',#3385,.F.);
#3385 = EDGE_LOOP('',(#3386,#3387,#3388,#3389));
#3386 = ORIENTED_EDGE('',*,*,#2689,.F.);
#3387 = ORIENTED_EDGE('',*,*,#2624,.T.);
#3388 = ORIENTED_EDGE('',*,*,#2648,.T.);
#3389 = ORIENTED_EDGE('',*,*,#2672,.F.);
#3390 = PLANE('',#3391);
#3391 = AXIS2_PLACEMENT_3D('',#3392,#3393,#3394);
#3392 = CARTESIAN_POINT('',(1.013333E+03,-9.906,1.3885164E+03));
#3393 = DIRECTION('',(1.,0.,-0.));
#3394 = DIRECTION('',(0.,0.,1.));
#3395 = ADVANCED_FACE('',(#3396),#3421,.T.);
#3396 = FACE_BOUND('',#3397,.T.);
#3397 = EDGE_LOOP('',(#3398,#3406,#3414,#3420));
#3398 = ORIENTED_EDGE('',*,*,#3399,.F.);
#3399 = EDGE_CURVE('',#3400,#2714,#3402,.T.);
#3400 = VERTEX_POINT('',#3401);
#3401 = CARTESIAN_POINT('',(1.082167E+03,9.906,304.8));
#3402 = LINE('',#3403,#3404);
#3403 = CARTESIAN_POINT('',(1.082167E+03,9.906,304.8));
#3404 = VECTOR('',#3405,1.);
#3405 = DIRECTION('',(1.,0.,-0.));
#3406 = ORIENTED_EDGE('',*,*,#3407,.F.);
#3407 = EDGE_CURVE('',#3408,#3400,#3410,.T.);
#3408 = VERTEX_POINT('',#3409);
#3409 = CARTESIAN_POINT('',(1.082167E+03,-9.906,304.8));
#3410 = LINE('',#3411,#3412);
#3411 = CARTESIAN_POINT('',(1.082167E+03,-9.906,304.8));
#3412 = VECTOR('',#3413,1.);
#3413 = DIRECTION('',(-0.,1.,0.));
#3414 = ORIENTED_EDGE('',*,*,#3415,.T.);
#3415 = EDGE_CURVE('',#3408,#2716,#3416,.T.);
#3416 = LINE('',#3417,#3418);
#3417 = CARTESIAN_POINT('',(1.082167E+03,-9.906,304.8));
#3418 = VECTOR('',#3419,1.);
#3419 = DIRECTION('',(1.,0.,-0.));
#3420 = ORIENTED_EDGE('',*,*,#2713,.F.);
#3421 = PLANE('',#3422);
#3422 = AXIS2_PLACEMENT_3D('',#3423,#3424,#3425);
#3423 = CARTESIAN_POINT('',(1.082167E+03,-9.906,304.8));
#3424 = DIRECTION('',(0.,0.,1.));
#3425 = DIRECTION('',(1.,0.,-0.));
#3426 = ADVANCED_FACE('',(#3427),#3445,.F.);
#3427 = FACE_BOUND('',#3428,.F.);
#3428 = EDGE_LOOP('',(#3429,#3430,#3438,#3444));
#3429 = ORIENTED_EDGE('',*,*,#3399,.F.);
#3430 = ORIENTED_EDGE('',*,*,#3431,.T.);
#3431 = EDGE_CURVE('',#3400,#3432,#3434,.T.);
#3432 = VERTEX_POINT('',#3433);
#3433 = CARTESIAN_POINT('',(1.082167E+03,9.906,511.175));
#3434 = LINE('',#3435,#3436);
#3435 = CARTESIAN_POINT('',(1.082167E+03,9.906,304.8));
#3436 = VECTOR('',#3437,1.);
#3437 = DIRECTION('',(0.,0.,1.));
#3438 = ORIENTED_EDGE('',*,*,#3439,.T.);
#3439 = EDGE_CURVE('',#3432,#2732,#3440,.T.);
#3440 = LINE('',#3441,#3442);
#3441 = CARTESIAN_POINT('',(1.082167E+03,9.906,511.175));
#3442 = VECTOR('',#3443,1.);
#3443 = DIRECTION('',(1.,0.,-0.));
#3444 = ORIENTED_EDGE('',*,*,#2739,.F.);
#3445 = PLANE('',#3446);
#3446 = AXIS2_PLACEMENT_3D('',#3447,#3448,#3449);
#3447 = CARTESIAN_POINT('',(1.082167E+03,9.906,304.8));
#3448 = DIRECTION('',(-0.,1.,0.));
#3449 = DIRECTION('',(0.,0.,1.));
#3450 = ADVANCED_FACE('',(#3451),#3469,.T.);
#3451 = FACE_BOUND('',#3452,.T.);
#3452 = EDGE_LOOP('',(#3453,#3454,#3462,#3468));
#3453 = ORIENTED_EDGE('',*,*,#3415,.F.);
#3454 = ORIENTED_EDGE('',*,*,#3455,.T.);
#3455 = EDGE_CURVE('',#3408,#3456,#3458,.T.);
#3456 = VERTEX_POINT('',#3457);
#3457 = CARTESIAN_POINT('',(1.082167E+03,-9.906,511.175));
#3458 = LINE('',#3459,#3460);
#3459 = CARTESIAN_POINT('',(1.082167E+03,-9.906,304.8));
#3460 = VECTOR('',#3461,1.);
#3461 = DIRECTION('',(0.,0.,1.));
#3462 = ORIENTED_EDGE('',*,*,#3463,.T.);
#3463 = EDGE_CURVE('',#3456,#2724,#3464,.T.);
#3464 = LINE('',#3465,#3466);
#3465 = CARTESIAN_POINT('',(1.082167E+03,-9.906,511.175));
#3466 = VECTOR('',#3467,1.);
#3467 = DIRECTION('',(1.,0.,-0.));
#3468 = ORIENTED_EDGE('',*,*,#2723,.F.);
#3469 = PLANE('',#3470);
#3470 = AXIS2_PLACEMENT_3D('',#3471,#3472,#3473);
#3471 = CARTESIAN_POINT('',(1.082167E+03,-9.906,304.8));
#3472 = DIRECTION('',(-0.,1.,0.));
#3473 = DIRECTION('',(0.,0.,1.));
#3474 = ADVANCED_FACE('',(#3475),#3486,.F.);
#3475 = FACE_BOUND('',#3476,.F.);
#3476 = EDGE_LOOP('',(#3477,#3478,#3484,#3485));
#3477 = ORIENTED_EDGE('',*,*,#3439,.F.);
#3478 = ORIENTED_EDGE('',*,*,#3479,.F.);
#3479 = EDGE_CURVE('',#3456,#3432,#3480,.T.);
#3480 = LINE('',#3481,#3482);
#3481 = CARTESIAN_POINT('',(1.082167E+03,-9.906,511.175));
#3482 = VECTOR('',#3483,1.);
#3483 = DIRECTION('',(-0.,1.,0.));
#3484 = ORIENTED_EDGE('',*,*,#3463,.T.);
#3485 = ORIENTED_EDGE('',*,*,#2731,.F.);
#3486 = PLANE('',#3487);
#3487 = AXIS2_PLACEMENT_3D('',#3488,#3489,#3490);
#3488 = CARTESIAN_POINT('',(1.082167E+03,-9.906,511.175));
#3489 = DIRECTION('',(0.,0.,1.));
#3490 = DIRECTION('',(1.,0.,-0.));
#3491 = ADVANCED_FACE('',(#3492),#3517,.T.);
#3492 = FACE_BOUND('',#3493,.T.);
#3493 = EDGE_LOOP('',(#3494,#3502,#3510,#3516));
#3494 = ORIENTED_EDGE('',*,*,#3495,.F.);
#3495 = EDGE_CURVE('',#3496,#2754,#3498,.T.);
#3496 = VERTEX_POINT('',#3497);
#3497 = CARTESIAN_POINT('',(1.082167E+03,9.906,783.209));
#3498 = LINE('',#3499,#3500);
#3499 = CARTESIAN_POINT('',(1.082167E+03,9.906,783.209));
#3500 = VECTOR('',#3501,1.);
#3501 = DIRECTION('',(1.,0.,-0.));
#3502 = ORIENTED_EDGE('',*,*,#3503,.F.);
#3503 = EDGE_CURVE('',#3504,#3496,#3506,.T.);
#3504 = VERTEX_POINT('',#3505);
#3505 = CARTESIAN_POINT('',(1.082167E+03,-9.906,783.209));
#3506 = LINE('',#3507,#3508);
#3507 = CARTESIAN_POINT('',(1.082167E+03,-9.906,783.209));
#3508 = VECTOR('',#3509,1.);
#3509 = DIRECTION('',(-0.,1.,0.));
#3510 = ORIENTED_EDGE('',*,*,#3511,.T.);
#3511 = EDGE_CURVE('',#3504,#2756,#3512,.T.);
#3512 = LINE('',#3513,#3514);
#3513 = CARTESIAN_POINT('',(1.082167E+03,-9.906,783.209));
#3514 = VECTOR('',#3515,1.);
#3515 = DIRECTION('',(1.,0.,-0.));
#3516 = ORIENTED_EDGE('',*,*,#2753,.F.);
#3517 = PLANE('',#3518);
#3518 = AXIS2_PLACEMENT_3D('',#3519,#3520,#3521);
#3519 = CARTESIAN_POINT('',(1.082167E+03,-9.906,783.209));
#3520 = DIRECTION('',(0.,0.,1.));
#3521 = DIRECTION('',(1.,0.,-0.));
#3522 = ADVANCED_FACE('',(#3523),#3541,.F.);
#3523 = FACE_BOUND('',#3524,.F.);
#3524 = EDGE_LOOP('',(#3525,#3526,#3534,#3540));
#3525 = ORIENTED_EDGE('',*,*,#3495,.F.);
#3526 = ORIENTED_EDGE('',*,*,#3527,.T.);
#3527 = EDGE_CURVE('',#3496,#3528,#3530,.T.);
#3528 = VERTEX_POINT('',#3529);
#3529 = CARTESIAN_POINT('',(1.082167E+03,9.906,1.1164824E+03));
#3530 = LINE('',#3531,#3532);
#3531 = CARTESIAN_POINT('',(1.082167E+03,9.906,783.209));
#3532 = VECTOR('',#3533,1.);
#3533 = DIRECTION('',(0.,0.,1.));
#3534 = ORIENTED_EDGE('',*,*,#3535,.T.);
#3535 = EDGE_CURVE('',#3528,#2772,#3536,.T.);
#3536 = LINE('',#3537,#3538);
#3537 = CARTESIAN_POINT('',(1.082167E+03,9.906,1.1164824E+03));
#3538 = VECTOR('',#3539,1.);
#3539 = DIRECTION('',(1.,0.,-0.));
#3540 = ORIENTED_EDGE('',*,*,#2779,.F.);
#3541 = PLANE('',#3542);
#3542 = AXIS2_PLACEMENT_3D('',#3543,#3544,#3545);
#3543 = CARTESIAN_POINT('',(1.082167E+03,9.906,783.209));
#3544 = DIRECTION('',(-0.,1.,0.));
#3545 = DIRECTION('',(0.,0.,1.));
#3546 = ADVANCED_FACE('',(#3547),#3565,.T.);
#3547 = FACE_BOUND('',#3548,.T.);
#3548 = EDGE_LOOP('',(#3549,#3550,#3558,#3564));
#3549 = ORIENTED_EDGE('',*,*,#3511,.F.);
#3550 = ORIENTED_EDGE('',*,*,#3551,.T.);
#3551 = EDGE_CURVE('',#3504,#3552,#3554,.T.);
#3552 = VERTEX_POINT('',#3553);
#3553 = CARTESIAN_POINT('',(1.082167E+03,-9.906,1.1164824E+03));
#3554 = LINE('',#3555,#3556);
#3555 = CARTESIAN_POINT('',(1.082167E+03,-9.906,783.209));
#3556 = VECTOR('',#3557,1.);
#3557 = DIRECTION('',(0.,0.,1.));
#3558 = ORIENTED_EDGE('',*,*,#3559,.T.);
#3559 = EDGE_CURVE('',#3552,#2764,#3560,.T.);
#3560 = LINE('',#3561,#3562);
#3561 = CARTESIAN_POINT('',(1.082167E+03,-9.906,1.1164824E+03));
#3562 = VECTOR('',#3563,1.);
#3563 = DIRECTION('',(1.,0.,-0.));
#3564 = ORIENTED_EDGE('',*,*,#2763,.F.);
#3565 = PLANE('',#3566);
#3566 = AXIS2_PLACEMENT_3D('',#3567,#3568,#3569);
#3567 = CARTESIAN_POINT('',(1.082167E+03,-9.906,783.209));
#3568 = DIRECTION('',(-0.,1.,0.));
#3569 = DIRECTION('',(0.,0.,1.));
#3570 = ADVANCED_FACE('',(#3571),#3582,.F.);
#3571 = FACE_BOUND('',#3572,.F.);
#3572 = EDGE_LOOP('',(#3573,#3574,#3580,#3581));
#3573 = ORIENTED_EDGE('',*,*,#3535,.F.);
#3574 = ORIENTED_EDGE('',*,*,#3575,.F.);
#3575 = EDGE_CURVE('',#3552,#3528,#3576,.T.);
#3576 = LINE('',#3577,#3578);
#3577 = CARTESIAN_POINT('',(1.082167E+03,-9.906,1.1164824E+03));
#3578 = VECTOR('',#3579,1.);
#3579 = DIRECTION('',(-0.,1.,0.));
#3580 = ORIENTED_EDGE('',*,*,#3559,.T.);
#3581 = ORIENTED_EDGE('',*,*,#2771,.F.);
#3582 = PLANE('',#3583);
#3583 = AXIS2_PLACEMENT_3D('',#3584,#3585,#3586);
#3584 = CARTESIAN_POINT('',(1.082167E+03,-9.906,1.1164824E+03));
#3585 = DIRECTION('',(0.,0.,1.));
#3586 = DIRECTION('',(1.,0.,-0.));
#3587 = ADVANCED_FACE('',(#3588),#3613,.T.);
#3588 = FACE_BOUND('',#3589,.T.);
#3589 = EDGE_LOOP('',(#3590,#3598,#3606,#3612));
#3590 = ORIENTED_EDGE('',*,*,#3591,.F.);
#3591 = EDGE_CURVE('',#3592,#2794,#3594,.T.);
#3592 = VERTEX_POINT('',#3593);
#3593 = CARTESIAN_POINT('',(1.082167E+03,9.906,1.3885164E+03));
#3594 = LINE('',#3595,#3596);
#3595 = CARTESIAN_POINT('',(1.082167E+03,9.906,1.3885164E+03));
#3596 = VECTOR('',#3597,1.);
#3597 = DIRECTION('',(1.,0.,-0.));
#3598 = ORIENTED_EDGE('',*,*,#3599,.F.);
#3599 = EDGE_CURVE('',#3600,#3592,#3602,.T.);
#3600 = VERTEX_POINT('',#3601);
#3601 = CARTESIAN_POINT('',(1.082167E+03,-9.906,1.3885164E+03));
#3602 = LINE('',#3603,#3604);
#3603 = CARTESIAN_POINT('',(1.082167E+03,-9.906,1.3885164E+03));
#3604 = VECTOR('',#3605,1.);
#3605 = DIRECTION('',(-0.,1.,0.));
#3606 = ORIENTED_EDGE('',*,*,#3607,.T.);
#3607 = EDGE_CURVE('',#3600,#2796,#3608,.T.);
#3608 = LINE('',#3609,#3610);
#3609 = CARTESIAN_POINT('',(1.082167E+03,-9.906,1.3885164E+03));
#3610 = VECTOR('',#3611,1.);
#3611 = DIRECTION('',(1.,0.,-0.));
#3612 = ORIENTED_EDGE('',*,*,#2793,.F.);
#3613 = PLANE('',#3614);
#3614 = AXIS2_PLACEMENT_3D('',#3615,#3616,#3617);
#3615 = CARTESIAN_POINT('',(1.082167E+03,-9.906,1.3885164E+03));
#3616 = DIRECTION('',(0.,0.,1.));
#3617 = DIRECTION('',(1.,0.,-0.));
#3618 = ADVANCED_FACE('',(#3619),#3637,.F.);
#3619 = FACE_BOUND('',#3620,.F.);
#3620 = EDGE_LOOP('',(#3621,#3622,#3630,#3636));
#3621 = ORIENTED_EDGE('',*,*,#3591,.F.);
#3622 = ORIENTED_EDGE('',*,*,#3623,.T.);
#3623 = EDGE_CURVE('',#3592,#3624,#3626,.T.);
#3624 = VERTEX_POINT('',#3625);
#3625 = CARTESIAN_POINT('',(1.082167E+03,9.906,1.5948914E+03));
#3626 = LINE('',#3627,#3628);
#3627 = CARTESIAN_POINT('',(1.082167E+03,9.906,1.3885164E+03));
#3628 = VECTOR('',#3629,1.);
#3629 = DIRECTION('',(0.,0.,1.));
#3630 = ORIENTED_EDGE('',*,*,#3631,.T.);
#3631 = EDGE_CURVE('',#3624,#2812,#3632,.T.);
#3632 = LINE('',#3633,#3634);
#3633 = CARTESIAN_POINT('',(1.082167E+03,9.906,1.5948914E+03));
#3634 = VECTOR('',#3635,1.);
#3635 = DIRECTION('',(1.,0.,-0.));
#3636 = ORIENTED_EDGE('',*,*,#2819,.F.);
#3637 = PLANE('',#3638);
#3638 = AXIS2_PLACEMENT_3D('',#3639,#3640,#3641);
#3639 = CARTESIAN_POINT('',(1.082167E+03,9.906,1.3885164E+03));
#3640 = DIRECTION('',(-0.,1.,0.));
#3641 = DIRECTION('',(0.,0.,1.));
#3642 = ADVANCED_FACE('',(#3643),#3661,.F.);
#3643 = FACE_BOUND('',#3644,.F.);
#3644 = EDGE_LOOP('',(#3645,#3646,#3654,#3660));
#3645 = ORIENTED_EDGE('',*,*,#3631,.F.);
#3646 = ORIENTED_EDGE('',*,*,#3647,.F.);
#3647 = EDGE_CURVE('',#3648,#3624,#3650,.T.);
#3648 = VERTEX_POINT('',#3649);
#3649 = CARTESIAN_POINT('',(1.082167E+03,-9.906,1.5948914E+03));
#3650 = LINE('',#3651,#3652);
#3651 = CARTESIAN_POINT('',(1.082167E+03,-9.906,1.5948914E+03));
#3652 = VECTOR('',#3653,1.);
#3653 = DIRECTION('',(-0.,1.,0.));
#3654 = ORIENTED_EDGE('',*,*,#3655,.T.);
#3655 = EDGE_CURVE('',#3648,#2804,#3656,.T.);
#3656 = LINE('',#3657,#3658);
#3657 = CARTESIAN_POINT('',(1.082167E+03,-9.906,1.5948914E+03));
#3658 = VECTOR('',#3659,1.);
#3659 = DIRECTION('',(1.,0.,-0.));
#3660 = ORIENTED_EDGE('',*,*,#2811,.F.);
#3661 = PLANE('',#3662);
#3662 = AXIS2_PLACEMENT_3D('',#3663,#3664,#3665);
#3663 = CARTESIAN_POINT('',(1.082167E+03,-9.906,1.5948914E+03));
#3664 = DIRECTION('',(0.,0.,1.));
#3665 = DIRECTION('',(1.,0.,-0.));
#3666 = ADVANCED_FACE('',(#3667),#3678,.T.);
#3667 = FACE_BOUND('',#3668,.T.);
#3668 = EDGE_LOOP('',(#3669,#3670,#3676,#3677));
#3669 = ORIENTED_EDGE('',*,*,#3607,.F.);
#3670 = ORIENTED_EDGE('',*,*,#3671,.T.);
#3671 = EDGE_CURVE('',#3600,#3648,#3672,.T.);
#3672 = LINE('',#3673,#3674);
#3673 = CARTESIAN_POINT('',(1.082167E+03,-9.906,1.3885164E+03));
#3674 = VECTOR('',#3675,1.);
#3675 = DIRECTION('',(0.,0.,1.));
#3676 = ORIENTED_EDGE('',*,*,#3655,.T.);
#3677 = ORIENTED_EDGE('',*,*,#2803,.F.);
#3678 = PLANE('',#3679);
#3679 = AXIS2_PLACEMENT_3D('',#3680,#3681,#3682);
#3680 = CARTESIAN_POINT('',(1.082167E+03,-9.906,1.3885164E+03));
#3681 = DIRECTION('',(-0.,1.,0.));
#3682 = DIRECTION('',(0.,0.,1.));
#3683 = ADVANCED_FACE('',(#3684),#3690,.F.);
#3684 = FACE_BOUND('',#3685,.F.);
#3685 = EDGE_LOOP('',(#3686,#3687,#3688,#3689));
#3686 = ORIENTED_EDGE('',*,*,#3311,.F.);
#3687 = ORIENTED_EDGE('',*,*,#3334,.T.);
#3688 = ORIENTED_EDGE('',*,*,#3249,.T.);
#3689 = ORIENTED_EDGE('',*,*,#3279,.F.);
#3690 = PLANE('',#3691);
#3691 = AXIS2_PLACEMENT_3D('',#3692,#3693,#3694);
#3692 = CARTESIAN_POINT('',(1.016E+03,-57.15,-88.9));
#3693 = DIRECTION('',(0.,0.,1.));
#3694 = DIRECTION('',(1.,0.,-0.));
#3695 = ADVANCED_FACE('',(#3696),#3702,.T.);
#3696 = FACE_BOUND('',#3697,.T.);
#3697 = EDGE_LOOP('',(#3698,#3699,#3700,#3701));
#3698 = ORIENTED_EDGE('',*,*,#3455,.F.);
#3699 = ORIENTED_EDGE('',*,*,#3407,.T.);
#3700 = ORIENTED_EDGE('',*,*,#3431,.T.);
#3701 = ORIENTED_EDGE('',*,*,#3479,.F.);
#3702 = PLANE('',#3703);
#3703 = AXIS2_PLACEMENT_3D('',#3704,#3705,#3706);
#3704 = CARTESIAN_POINT('',(1.082167E+03,-9.906,304.8));
#3705 = DIRECTION('',(1.,0.,-0.));
#3706 = DIRECTION('',(0.,0.,1.));
#3707 = ADVANCED_FACE('',(#3708),#3714,.T.);
#3708 = FACE_BOUND('',#3709,.T.);
#3709 = EDGE_LOOP('',(#3710,#3711,#3712,#3713));
#3710 = ORIENTED_EDGE('',*,*,#3551,.F.);
#3711 = ORIENTED_EDGE('',*,*,#3503,.T.);
#3712 = ORIENTED_EDGE('',*,*,#3527,.T.);
#3713 = ORIENTED_EDGE('',*,*,#3575,.F.);
#3714 = PLANE('',#3715);
#3715 = AXIS2_PLACEMENT_3D('',#3716,#3717,#3718);
#3716 = CARTESIAN_POINT('',(1.082167E+03,-9.906,783.209));
#3717 = DIRECTION('',(1.,0.,-0.));
#3718 = DIRECTION('',(0.,0.,1.));
#3719 = ADVANCED_FACE('',(#3720),#3726,.T.);
#3720 = FACE_BOUND('',#3721,.T.);
#3721 = EDGE_LOOP('',(#3722,#3723,#3724,#3725));
#3722 = ORIENTED_EDGE('',*,*,#3671,.F.);
#3723 = ORIENTED_EDGE('',*,*,#3599,.T.);
#3724 = ORIENTED_EDGE('',*,*,#3623,.T.);
#3725 = ORIENTED_EDGE('',*,*,#3647,.F.);
#3726 = PLANE('',#3727);
#3727 = AXIS2_PLACEMENT_3D('',#3728,#3729,#3730);
#3728 = CARTESIAN_POINT('',(1.082167E+03,-9.906,1.3885164E+03));
#3729 = DIRECTION('',(1.,0.,-0.));
#3730 = DIRECTION('',(0.,0.,1.));
#3731 = ( GEOMETRIC_REPRESENTATION_CONTEXT(3) 
GLOBAL_UNCERTAINTY_ASSIGNED_CONTEXT((#3735)) 
GLOBAL_UNIT_ASSIGNED_CONTEXT((#3732,#3733,#3734)) REPRESENTATION_CONTEXT
('Context #1','3D Context with UNIT and UNCERTAINTY') );
#3732 = ( LENGTH_UNIT() NAMED_UNIT(*) SI_UNIT(.MILLI.,.METRE.) );
#3733 = ( NAMED_UNIT(*) PLANE_ANGLE_UNIT() SI_UNIT($,.RADIAN.) );
#3734 = ( NAMED_UNIT(*) SI_UNIT($,.STERADIAN.) SOLID_ANGLE_UNIT() );
#3735 = UNCERTAINTY_MEASURE_WITH_UNIT(LENGTH_MEASURE(1.E-07),#3732,
  'distance_accuracy_value','confusion accuracy');
#3736 = CONTEXT_DEPENDENT_SHAPE_REPRESENTATION(#3737,#3739);
#3737 = ( REPRESENTATION_RELATIONSHIP('','',#1296,#10) 
REPRESENTATION_RELATIONSHIP_WITH_TRANSFORMATION(#3738) 
SHAPE_REPRESENTATION_RELATIONSHIP() );
#3738 = ITEM_DEFINED_TRANSFORMATION('','',#11,#31);
#3739 = PRODUCT_DEFINITION_SHAPE('Placement','Placement of an item',
  #3740);
#3740 = NEXT_ASSEMBLY_USAGE_OCCURRENCE('5','L002_P1_hinge_post','',#5,
  #1291,$);
#3741 = PRODUCT_RELATED_PRODUCT_CATEGORY('part',$,(#1293));
#3742 = SHAPE_DEFINITION_REPRESENTATION(#3743,#3749);
#3743 = PRODUCT_DEFINITION_SHAPE('','',#3744);
#3744 = PRODUCT_DEFINITION('design','',#3745,#3748);
#3745 = PRODUCT_DEFINITION_FORMATION('','',#3746);
#3746 = PRODUCT('F003_Tie_P1','F003_Tie_P1','',(#3747));
#3747 = PRODUCT_CONTEXT('',#2,'mechanical');
#3748 = PRODUCT_DEFINITION_CONTEXT('part definition',#2,'design');
#3749 = ADVANCED_BREP_SHAPE_REPRESENTATION('',(#11,#3750),#4042);
#3750 = MANIFOLD_SOLID_BREP('',#3751);
#3751 = CLOSED_SHELL('',(#3752,#3792,#3823,#3881,#3905,#3922,#3934,#3965
    ,#3989,#4013,#4030));
#3752 = ADVANCED_FACE('',(#3753),#3787,.F.);
#3753 = FACE_BOUND('',#3754,.F.);
#3754 = EDGE_LOOP('',(#3755,#3765,#3773,#3781));
#3755 = ORIENTED_EDGE('',*,*,#3756,.F.);
#3756 = EDGE_CURVE('',#3757,#3759,#3761,.T.);
#3757 = VERTEX_POINT('',#3758);
#3758 = CARTESIAN_POINT('',(1.0033E+03,-527.05,-139.7));
#3759 = VERTEX_POINT('',#3760);
#3760 = CARTESIAN_POINT('',(1.0033E+03,-527.05,0.));
#3761 = LINE('',#3762,#3763);
#3762 = CARTESIAN_POINT('',(1.0033E+03,-527.05,-139.7));
#3763 = VECTOR('',#3764,1.);
#3764 = DIRECTION('',(0.,0.,1.));
#3765 = ORIENTED_EDGE('',*,*,#3766,.T.);
#3766 = EDGE_CURVE('',#3757,#3767,#3769,.T.);
#3767 = VERTEX_POINT('',#3768);
#3768 = CARTESIAN_POINT('',(1.0033E+03,527.05,-139.7));
#3769 = LINE('',#3770,#3771);
#3770 = CARTESIAN_POINT('',(1.0033E+03,-527.05,-139.7));
#3771 = VECTOR('',#3772,1.);
#3772 = DIRECTION('',(-0.,1.,0.));
#3773 = ORIENTED_EDGE('',*,*,#3774,.T.);
#3774 = EDGE_CURVE('',#3767,#3775,#3777,.T.);
#3775 = VERTEX_POINT('',#3776);
#3776 = CARTESIAN_POINT('',(1.0033E+03,527.05,0.));
#3777 = LINE('',#3778,#3779);
#3778 = CARTESIAN_POINT('',(1.0033E+03,527.05,-139.7));
#3779 = VECTOR('',#3780,1.);
#3780 = DIRECTION('',(0.,0.,1.));
#3781 = ORIENTED_EDGE('',*,*,#3782,.F.);
#3782 = EDGE_CURVE('',#3759,#3775,#3783,.T.);
#3783 = LINE('',#3784,#3785);
#3784 = CARTESIAN_POINT('',(1.0033E+03,-527.05,0.));
#3785 = VECTOR('',#3786,1.);
#3786 = DIRECTION('',(-0.,1.,0.));
#3787 = PLANE('',#3788);
#3788 = AXIS2_PLACEMENT_3D('',#3789,#3790,#3791);
#3789 = CARTESIAN_POINT('',(1.0033E+03,-527.05,-139.7));
#3790 = DIRECTION('',(1.,0.,-0.));
#3791 = DIRECTION('',(0.,0.,1.));
#3792 = ADVANCED_FACE('',(#3793),#3818,.F.);
#3793 = FACE_BOUND('',#3794,.F.);
#3794 = EDGE_LOOP('',(#3795,#3803,#3804,#3812));
#3795 = ORIENTED_EDGE('',*,*,#3796,.F.);
#3796 = EDGE_CURVE('',#3757,#3797,#3799,.T.);
#3797 = VERTEX_POINT('',#3798);
#3798 = CARTESIAN_POINT('',(1.0922E+03,-527.05,-139.7));
#3799 = LINE('',#3800,#3801);
#3800 = CARTESIAN_POINT('',(1.0033E+03,-527.05,-139.7));
#3801 = VECTOR('',#3802,1.);
#3802 = DIRECTION('',(1.,0.,-0.));
#3803 = ORIENTED_EDGE('',*,*,#3756,.T.);
#3804 = ORIENTED_EDGE('',*,*,#3805,.T.);
#3805 = EDGE_CURVE('',#3759,#3806,#3808,.T.);
#3806 = VERTEX_POINT('',#3807);
#3807 = CARTESIAN_POINT('',(1.0922E+03,-527.05,0.));
#3808 = LINE('',#3809,#3810);
#3809 = CARTESIAN_POINT('',(1.0033E+03,-527.05,0.));
#3810 = VECTOR('',#3811,1.);
#3811 = DIRECTION('',(1.,0.,-0.));
#3812 = ORIENTED_EDGE('',*,*,#3813,.F.);
#3813 = EDGE_CURVE('',#3797,#3806,#3814,.T.);
#3814 = LINE('',#3815,#3816);
#3815 = CARTESIAN_POINT('',(1.0922E+03,-527.05,-139.7));
#3816 = VECTOR('',#3817,1.);
#3817 = DIRECTION('',(0.,0.,1.));
#3818 = PLANE('',#3819);
#3819 = AXIS2_PLACEMENT_3D('',#3820,#3821,#3822);
#3820 = CARTESIAN_POINT('',(1.0033E+03,-527.05,-139.7));
#3821 = DIRECTION('',(-0.,1.,0.));
#3822 = DIRECTION('',(0.,0.,1.));
#3823 = ADVANCED_FACE('',(#3824,#3842),#3876,.T.);
#3824 = FACE_BOUND('',#3825,.T.);
#3825 = EDGE_LOOP('',(#3826,#3827,#3828,#3836));
#3826 = ORIENTED_EDGE('',*,*,#3782,.F.);
#3827 = ORIENTED_EDGE('',*,*,#3805,.T.);
#3828 = ORIENTED_EDGE('',*,*,#3829,.T.);
#3829 = EDGE_CURVE('',#3806,#3830,#3832,.T.);
#3830 = VERTEX_POINT('',#3831);
#3831 = CARTESIAN_POINT('',(1.0922E+03,527.05,0.));
#3832 = LINE('',#3833,#3834);
#3833 = CARTESIAN_POINT('',(1.0922E+03,-527.05,0.));
#3834 = VECTOR('',#3835,1.);
#3835 = DIRECTION('',(-0.,1.,0.));
#3836 = ORIENTED_EDGE('',*,*,#3837,.F.);
#3837 = EDGE_CURVE('',#3775,#3830,#3838,.T.);
#3838 = LINE('',#3839,#3840);
#3839 = CARTESIAN_POINT('',(1.0033E+03,527.05,0.));
#3840 = VECTOR('',#3841,1.);
#3841 = DIRECTION('',(1.,0.,-0.));
#3842 = FACE_BOUND('',#3843,.T.);
#3843 = EDGE_LOOP('',(#3844,#3854,#3862,#3870));
#3844 = ORIENTED_EDGE('',*,*,#3845,.T.);
#3845 = EDGE_CURVE('',#3846,#3848,#3850,.T.);
#3846 = VERTEX_POINT('',#3847);
#3847 = CARTESIAN_POINT('',(1.080008E+03,-57.658,0.));
#3848 = VERTEX_POINT('',#3849);
#3849 = CARTESIAN_POINT('',(1.015492E+03,-57.658,0.));
#3850 = LINE('',#3851,#3852);
#3851 = CARTESIAN_POINT('',(1.009396E+03,-57.658,0.));
#3852 = VECTOR('',#3853,1.);
#3853 = DIRECTION('',(-1.,-0.,0.));
#3854 = ORIENTED_EDGE('',*,*,#3855,.T.);
#3855 = EDGE_CURVE('',#3848,#3856,#3858,.T.);
#3856 = VERTEX_POINT('',#3857);
#3857 = CARTESIAN_POINT('',(1.015492E+03,57.658,0.));
#3858 = LINE('',#3859,#3860);
#3859 = CARTESIAN_POINT('',(1.015492E+03,-292.354,0.));
#3860 = VECTOR('',#3861,1.);
#3861 = DIRECTION('',(-0.,1.,0.));
#3862 = ORIENTED_EDGE('',*,*,#3863,.F.);
#3863 = EDGE_CURVE('',#3864,#3856,#3866,.T.);
#3864 = VERTEX_POINT('',#3865);
#3865 = CARTESIAN_POINT('',(1.080008E+03,57.658,0.));
#3866 = LINE('',#3867,#3868);
#3867 = CARTESIAN_POINT('',(1.009396E+03,57.658,0.));
#3868 = VECTOR('',#3869,1.);
#3869 = DIRECTION('',(-1.,-0.,0.));
#3870 = ORIENTED_EDGE('',*,*,#3871,.F.);
#3871 = EDGE_CURVE('',#3846,#3864,#3872,.T.);
#3872 = LINE('',#3873,#3874);
#3873 = CARTESIAN_POINT('',(1.080008E+03,-292.354,0.));
#3874 = VECTOR('',#3875,1.);
#3875 = DIRECTION('',(-0.,1.,0.));
#3876 = PLANE('',#3877);
#3877 = AXIS2_PLACEMENT_3D('',#3878,#3879,#3880);
#3878 = CARTESIAN_POINT('',(1.0033E+03,-527.05,0.));
#3879 = DIRECTION('',(0.,0.,1.));
#3880 = DIRECTION('',(1.,0.,-0.));
#3881 = ADVANCED_FACE('',(#3882),#3900,.T.);
#3882 = FACE_BOUND('',#3883,.T.);
#3883 = EDGE_LOOP('',(#3884,#3892,#3893,#3894));
#3884 = ORIENTED_EDGE('',*,*,#3885,.F.);
#3885 = EDGE_CURVE('',#3767,#3886,#3888,.T.);
#3886 = VERTEX_POINT('',#3887);
#3887 = CARTESIAN_POINT('',(1.0922E+03,527.05,-139.7));
#3888 = LINE('',#3889,#3890);
#3889 = CARTESIAN_POINT('',(1.0033E+03,527.05,-139.7));
#3890 = VECTOR('',#3891,1.);
#3891 = DIRECTION('',(1.,0.,-0.));
#3892 = ORIENTED_EDGE('',*,*,#3774,.T.);
#3893 = ORIENTED_EDGE('',*,*,#3837,.T.);
#3894 = ORIENTED_EDGE('',*,*,#3895,.F.);
#3895 = EDGE_CURVE('',#3886,#3830,#3896,.T.);
#3896 = LINE('',#3897,#3898);
#3897 = CARTESIAN_POINT('',(1.0922E+03,527.05,-139.7));
#3898 = VECTOR('',#3899,1.);
#3899 = DIRECTION('',(0.,0.,1.));
#3900 = PLANE('',#3901);
#3901 = AXIS2_PLACEMENT_3D('',#3902,#3903,#3904);
#3902 = CARTESIAN_POINT('',(1.0033E+03,527.05,-139.7));
#3903 = DIRECTION('',(-0.,1.,0.));
#3904 = DIRECTION('',(0.,0.,1.));
#3905 = ADVANCED_FACE('',(#3906),#3917,.F.);
#3906 = FACE_BOUND('',#3907,.F.);
#3907 = EDGE_LOOP('',(#3908,#3909,#3910,#3916));
#3908 = ORIENTED_EDGE('',*,*,#3766,.F.);
#3909 = ORIENTED_EDGE('',*,*,#3796,.T.);
#3910 = ORIENTED_EDGE('',*,*,#3911,.T.);
#3911 = EDGE_CURVE('',#3797,#3886,#3912,.T.);
#3912 = LINE('',#3913,#3914);
#3913 = CARTESIAN_POINT('',(1.0922E+03,-527.05,-139.7));
#3914 = VECTOR('',#3915,1.);
#3915 = DIRECTION('',(-0.,1.,0.));
#3916 = ORIENTED_EDGE('',*,*,#3885,.F.);
#3917 = PLANE('',#3918);
#3918 = AXIS2_PLACEMENT_3D('',#3919,#3920,#3921);
#3919 = CARTESIAN_POINT('',(1.0033E+03,-527.05,-139.7));
#3920 = DIRECTION('',(0.,0.,1.));
#3921 = DIRECTION('',(1.,0.,-0.));
#3922 = ADVANCED_FACE('',(#3923),#3929,.T.);
#3923 = FACE_BOUND('',#3924,.T.);
#3924 = EDGE_LOOP('',(#3925,#3926,#3927,#3928));
#3925 = ORIENTED_EDGE('',*,*,#3813,.F.);
#3926 = ORIENTED_EDGE('',*,*,#3911,.T.);
#3927 = ORIENTED_EDGE('',*,*,#3895,.T.);
#3928 = ORIENTED_EDGE('',*,*,#3829,.F.);
#3929 = PLANE('',#3930);
#3930 = AXIS2_PLACEMENT_3D('',#3931,#3932,#3933);
#3931 = CARTESIAN_POINT('',(1.0922E+03,-527.05,-139.7));
#3932 = DIRECTION('',(1.,0.,-0.));
#3933 = DIRECTION('',(0.,0.,1.));
#3934 = ADVANCED_FACE('',(#3935),#3960,.T.);
#3935 = FACE_BOUND('',#3936,.T.);
#3936 = EDGE_LOOP('',(#3937,#3945,#3953,#3959));
#3937 = ORIENTED_EDGE('',*,*,#3938,.F.);
#3938 = EDGE_CURVE('',#3939,#3846,#3941,.T.);
#3939 = VERTEX_POINT('',#3940);
#3940 = CARTESIAN_POINT('',(1.080008E+03,-57.658,-88.9));
#3941 = LINE('',#3942,#3943);
#3942 = CARTESIAN_POINT('',(1.080008E+03,-57.658,-88.9));
#3943 = VECTOR('',#3944,1.);
#3944 = DIRECTION('',(0.,0.,1.));
#3945 = ORIENTED_EDGE('',*,*,#3946,.F.);
#3946 = EDGE_CURVE('',#3947,#3939,#3949,.T.);
#3947 = VERTEX_POINT('',#3948);
#3948 = CARTESIAN_POINT('',(1.015492E+03,-57.658,-88.9));
#3949 = LINE('',#3950,#3951);
#3950 = CARTESIAN_POINT('',(1.015492E+03,-57.658,-88.9));
#3951 = VECTOR('',#3952,1.);
#3952 = DIRECTION('',(1.,0.,-0.));
#3953 = ORIENTED_EDGE('',*,*,#3954,.T.);
#3954 = EDGE_CURVE('',#3947,#3848,#3955,.T.);
#3955 = LINE('',#3956,#3957);
#3956 = CARTESIAN_POINT('',(1.015492E+03,-57.658,-88.9));
#3957 = VECTOR('',#3958,1.);
#3958 = DIRECTION('',(0.,0.,1.));
#3959 = ORIENTED_EDGE('',*,*,#3845,.F.);
#3960 = PLANE('',#3961);
#3961 = AXIS2_PLACEMENT_3D('',#3962,#3963,#3964);
#3962 = CARTESIAN_POINT('',(1.015492E+03,-57.658,-88.9));
#3963 = DIRECTION('',(-0.,1.,0.));
#3964 = DIRECTION('',(0.,0.,1.));
#3965 = ADVANCED_FACE('',(#3966),#3984,.F.);
#3966 = FACE_BOUND('',#3967,.F.);
#3967 = EDGE_LOOP('',(#3968,#3969,#3977,#3983));
#3968 = ORIENTED_EDGE('',*,*,#3938,.F.);
#3969 = ORIENTED_EDGE('',*,*,#3970,.T.);
#3970 = EDGE_CURVE('',#3939,#3971,#3973,.T.);
#3971 = VERTEX_POINT('',#3972);
#3972 = CARTESIAN_POINT('',(1.080008E+03,57.658,-88.9));
#3973 = LINE('',#3974,#3975);
#3974 = CARTESIAN_POINT('',(1.080008E+03,-57.658,-88.9));
#3975 = VECTOR('',#3976,1.);
#3976 = DIRECTION('',(-0.,1.,0.));
#3977 = ORIENTED_EDGE('',*,*,#3978,.T.);
#3978 = EDGE_CURVE('',#3971,#3864,#3979,.T.);
#3979 = LINE('',#3980,#3981);
#3980 = CARTESIAN_POINT('',(1.080008E+03,57.658,-88.9));
#3981 = VECTOR('',#3982,1.);
#3982 = DIRECTION('',(0.,0.,1.));
#3983 = ORIENTED_EDGE('',*,*,#3871,.F.);
#3984 = PLANE('',#3985);
#3985 = AXIS2_PLACEMENT_3D('',#3986,#3987,#3988);
#3986 = CARTESIAN_POINT('',(1.080008E+03,-57.658,-88.9));
#3987 = DIRECTION('',(1.,0.,-0.));
#3988 = DIRECTION('',(0.,0.,1.));
#3989 = ADVANCED_FACE('',(#3990),#4008,.F.);
#3990 = FACE_BOUND('',#3991,.F.);
#3991 = EDGE_LOOP('',(#3992,#3993,#4001,#4007));
#3992 = ORIENTED_EDGE('',*,*,#3978,.F.);
#3993 = ORIENTED_EDGE('',*,*,#3994,.F.);
#3994 = EDGE_CURVE('',#3995,#3971,#3997,.T.);
#3995 = VERTEX_POINT('',#3996);
#3996 = CARTESIAN_POINT('',(1.015492E+03,57.658,-88.9));
#3997 = LINE('',#3998,#3999);
#3998 = CARTESIAN_POINT('',(1.015492E+03,57.658,-88.9));
#3999 = VECTOR('',#4000,1.);
#4000 = DIRECTION('',(1.,0.,-0.));
#4001 = ORIENTED_EDGE('',*,*,#4002,.T.);
#4002 = EDGE_CURVE('',#3995,#3856,#4003,.T.);
#4003 = LINE('',#4004,#4005);
#4004 = CARTESIAN_POINT('',(1.015492E+03,57.658,-88.9));
#4005 = VECTOR('',#4006,1.);
#4006 = DIRECTION('',(0.,0.,1.));
#4007 = ORIENTED_EDGE('',*,*,#3863,.F.);
#4008 = PLANE('',#4009);
#4009 = AXIS2_PLACEMENT_3D('',#4010,#4011,#4012);
#4010 = CARTESIAN_POINT('',(1.015492E+03,57.658,-88.9));
#4011 = DIRECTION('',(-0.,1.,0.));
#4012 = DIRECTION('',(0.,0.,1.));
#4013 = ADVANCED_FACE('',(#4014),#4025,.T.);
#4014 = FACE_BOUND('',#4015,.T.);
#4015 = EDGE_LOOP('',(#4016,#4017,#4023,#4024));
#4016 = ORIENTED_EDGE('',*,*,#3954,.F.);
#4017 = ORIENTED_EDGE('',*,*,#4018,.T.);
#4018 = EDGE_CURVE('',#3947,#3995,#4019,.T.);
#4019 = LINE('',#4020,#4021);
#4020 = CARTESIAN_POINT('',(1.015492E+03,-57.658,-88.9));
#4021 = VECTOR('',#4022,1.);
#4022 = DIRECTION('',(-0.,1.,0.));
#4023 = ORIENTED_EDGE('',*,*,#4002,.T.);
#4024 = ORIENTED_EDGE('',*,*,#3855,.F.);
#4025 = PLANE('',#4026);
#4026 = AXIS2_PLACEMENT_3D('',#4027,#4028,#4029);
#4027 = CARTESIAN_POINT('',(1.015492E+03,-57.658,-88.9));
#4028 = DIRECTION('',(1.,0.,-0.));
#4029 = DIRECTION('',(0.,0.,1.));
#4030 = ADVANCED_FACE('',(#4031),#4037,.T.);
#4031 = FACE_BOUND('',#4032,.T.);
#4032 = EDGE_LOOP('',(#4033,#4034,#4035,#4036));
#4033 = ORIENTED_EDGE('',*,*,#4018,.F.);
#4034 = ORIENTED_EDGE('',*,*,#3946,.T.);
#4035 = ORIENTED_EDGE('',*,*,#3970,.T.);
#4036 = ORIENTED_EDGE('',*,*,#3994,.F.);
#4037 = PLANE('',#4038);
#4038 = AXIS2_PLACEMENT_3D('',#4039,#4040,#4041);
#4039 = CARTESIAN_POINT('',(1.015492E+03,-57.658,-88.9));
#4040 = DIRECTION('',(0.,0.,1.));
#4041 = DIRECTION('',(1.,0.,-0.));
#4042 = ( GEOMETRIC_REPRESENTATION_CONTEXT(3) 
GLOBAL_UNCERTAINTY_ASSIGNED_CONTEXT((#4046)) 
GLOBAL_UNIT_ASSIGNED_CONTEXT((#4043,#4044,#4045)) REPRESENTATION_CONTEXT
('Context #1','3D Context with UNIT and UNCERTAINTY') );
#4043 = ( LENGTH_UNIT() NAMED_UNIT(*) SI_UNIT(.MILLI.,.METRE.) );
#4044 = ( NAMED_UNIT(*) PLANE_ANGLE_UNIT() SI_UNIT($,.RADIAN.) );
#4045 = ( NAMED_UNIT(*) SI_UNIT($,.STERADIAN.) SOLID_ANGLE_UNIT() );
#4046 = UNCERTAINTY_MEASURE_WITH_UNIT(LENGTH_MEASURE(1.E-07),#4043,
  'distance_accuracy_value','confusion accuracy');
#4047 = CONTEXT_DEPENDENT_SHAPE_REPRESENTATION(#4048,#4050);
#4048 = ( REPRESENTATION_RELATIONSHIP('','',#3749,#10) 
REPRESENTATION_RELATIONSHIP_WITH_TRANSFORMATION(#4049) 
SHAPE_REPRESENTATION_RELATIONSHIP() );
#4049 = ITEM_DEFINED_TRANSFORMATION('','',#11,#35);
#4050 = PRODUCT_DEFINITION_SHAPE('Placement','Placement of an item',
  #4051);
#4051 = NEXT_ASSEMBLY_USAGE_OCCURRENCE('6','F003_Tie_P1','',#5,#3744,$);
#4052 = PRODUCT_RELATED_PRODUCT_CATEGORY('part',$,(#3746));
#4053 = SHAPE_DEFINITION_REPRESENTATION(#4054,#4060);
#4054 = PRODUCT_DEFINITION_SHAPE('','',#4055);
#4055 = PRODUCT_DEFINITION('design','',#4056,#4059);
#4056 = PRODUCT_DEFINITION_FORMATION('','',#4057);
#4057 = PRODUCT('L003_P2_mid_post_/_cap_scarf',
  'L003_P2_mid_post_/_cap_scarf','',(#4058));
#4058 = PRODUCT_CONTEXT('',#2,'mechanical');
#4059 = PRODUCT_DEFINITION_CONTEXT('part definition',#2,'design');
#4060 = ADVANCED_BREP_SHAPE_REPRESENTATION('',(#11,#4061),#6495);
#4061 = MANIFOLD_SOLID_BREP('',#4062);
#4062 = CLOSED_SHELL('',(#4063,#4305,#4336,#4462,#4588,#4644,#4700,#4765
    ,#4830,#4847,#4878,#4902,#4926,#4943,#4974,#5032,#5090,#5107,#5138,
    #5162,#5186,#5203,#5234,#5292,#5350,#5367,#5398,#5422,#5446,#5463,
    #5593,#5615,#5632,#5649,#5661,#5683,#5700,#5717,#5729,#5751,#5768,
    #5785,#5797,#5819,#5836,#5853,#5865,#5887,#5904,#5921,#5933,#5955,
    #5972,#5989,#6001,#6039,#6063,#6094,#6111,#6123,#6135,#6147,#6159,
    #6190,#6214,#6238,#6255,#6286,#6310,#6334,#6351,#6382,#6406,#6430,
    #6447,#6459,#6471,#6483));
#4063 = ADVANCED_FACE('',(#4064,#4130,#4164,#4198,#4232,#4266),#4300,.F.
  );
#4064 = FACE_BOUND('',#4065,.F.);
#4065 = EDGE_LOOP('',(#4066,#4076,#4084,#4092,#4100,#4108,#4116,#4124));
#4066 = ORIENTED_EDGE('',*,*,#4067,.F.);
#4067 = EDGE_CURVE('',#4068,#4070,#4072,.T.);
#4068 = VERTEX_POINT('',#4069);
#4069 = CARTESIAN_POINT('',(2.2733E+03,-69.85,1.6129E+03));
#4070 = VERTEX_POINT('',#4071);
#4071 = CARTESIAN_POINT('',(2.2733E+03,69.85,1.6129E+03));
#4072 = LINE('',#4073,#4074);
#4073 = CARTESIAN_POINT('',(2.2733E+03,-69.85,1.6129E+03));
#4074 = VECTOR('',#4075,1.);
#4075 = DIRECTION('',(-0.,1.,0.));
#4076 = ORIENTED_EDGE('',*,*,#4077,.F.);
#4077 = EDGE_CURVE('',#4078,#4068,#4080,.T.);
#4078 = VERTEX_POINT('',#4079);
#4079 = CARTESIAN_POINT('',(2.2733E+03,-69.85,0.));
#4080 = LINE('',#4081,#4082);
#4081 = CARTESIAN_POINT('',(2.2733E+03,-69.85,0.));
#4082 = VECTOR('',#4083,1.);
#4083 = DIRECTION('',(0.,0.,1.));
#4084 = ORIENTED_EDGE('',*,*,#4085,.T.);
#4085 = EDGE_CURVE('',#4078,#4086,#4088,.T.);
#4086 = VERTEX_POINT('',#4087);
#4087 = CARTESIAN_POINT('',(2.2733E+03,-19.431,0.));
#4088 = LINE('',#4089,#4090);
#4089 = CARTESIAN_POINT('',(2.2733E+03,-69.85,0.));
#4090 = VECTOR('',#4091,1.);
#4091 = DIRECTION('',(-0.,1.,0.));
#4092 = ORIENTED_EDGE('',*,*,#4093,.T.);
#4093 = EDGE_CURVE('',#4086,#4094,#4096,.T.);
#4094 = VERTEX_POINT('',#4095);
#4095 = CARTESIAN_POINT('',(2.2733E+03,-19.431,286.766));
#4096 = LINE('',#4097,#4098);
#4097 = CARTESIAN_POINT('',(2.2733E+03,-19.431,0.));
#4098 = VECTOR('',#4099,1.);
#4099 = DIRECTION('',(0.,0.,1.));
#4100 = ORIENTED_EDGE('',*,*,#4101,.F.);
#4101 = EDGE_CURVE('',#4102,#4094,#4104,.T.);
#4102 = VERTEX_POINT('',#4103);
#4103 = CARTESIAN_POINT('',(2.2733E+03,19.431,286.766));
#4104 = LINE('',#4105,#4106);
#4105 = CARTESIAN_POINT('',(2.2733E+03,-44.6405,286.766));
#4106 = VECTOR('',#4107,1.);
#4107 = DIRECTION('',(0.,-1.,0.));
#4108 = ORIENTED_EDGE('',*,*,#4109,.F.);
#4109 = EDGE_CURVE('',#4110,#4102,#4112,.T.);
#4110 = VERTEX_POINT('',#4111);
#4111 = CARTESIAN_POINT('',(2.2733E+03,19.431,0.));
#4112 = LINE('',#4113,#4114);
#4113 = CARTESIAN_POINT('',(2.2733E+03,19.431,0.));
#4114 = VECTOR('',#4115,1.);
#4115 = DIRECTION('',(0.,0.,1.));
#4116 = ORIENTED_EDGE('',*,*,#4117,.T.);
#4117 = EDGE_CURVE('',#4110,#4118,#4120,.T.);
#4118 = VERTEX_POINT('',#4119);
#4119 = CARTESIAN_POINT('',(2.2733E+03,69.85,0.));
#4120 = LINE('',#4121,#4122);
#4121 = CARTESIAN_POINT('',(2.2733E+03,-69.85,0.));
#4122 = VECTOR('',#4123,1.);
#4123 = DIRECTION('',(-0.,1.,0.));
#4124 = ORIENTED_EDGE('',*,*,#4125,.T.);
#4125 = EDGE_CURVE('',#4118,#4070,#4126,.T.);
#4126 = LINE('',#4127,#4128);
#4127 = CARTESIAN_POINT('',(2.2733E+03,69.85,0.));
#4128 = VECTOR('',#4129,1.);
#4129 = DIRECTION('',(0.,0.,1.));
#4130 = FACE_BOUND('',#4131,.F.);
#4131 = EDGE_LOOP('',(#4132,#4142,#4150,#4158));
#4132 = ORIENTED_EDGE('',*,*,#4133,.T.);
#4133 = EDGE_CURVE('',#4134,#4136,#4138,.T.);
#4134 = VERTEX_POINT('',#4135);
#4135 = CARTESIAN_POINT('',(2.2733E+03,9.906,304.8));
#4136 = VERTEX_POINT('',#4137);
#4137 = CARTESIAN_POINT('',(2.2733E+03,-9.906,304.8));
#4138 = LINE('',#4139,#4140);
#4139 = CARTESIAN_POINT('',(2.2733E+03,-39.878,304.8));
#4140 = VECTOR('',#4141,1.);
#4141 = DIRECTION('',(0.,-1.,0.));
#4142 = ORIENTED_EDGE('',*,*,#4143,.T.);
#4143 = EDGE_CURVE('',#4136,#4144,#4146,.T.);
#4144 = VERTEX_POINT('',#4145);
#4145 = CARTESIAN_POINT('',(2.2733E+03,-9.906,511.175));
#4146 = LINE('',#4147,#4148);
#4147 = CARTESIAN_POINT('',(2.2733E+03,-9.906,152.4));
#4148 = VECTOR('',#4149,1.);
#4149 = DIRECTION('',(0.,0.,1.));
#4150 = ORIENTED_EDGE('',*,*,#4151,.F.);
#4151 = EDGE_CURVE('',#4152,#4144,#4154,.T.);
#4152 = VERTEX_POINT('',#4153);
#4153 = CARTESIAN_POINT('',(2.2733E+03,9.906,511.175));
#4154 = LINE('',#4155,#4156);
#4155 = CARTESIAN_POINT('',(2.2733E+03,-39.878,511.175));
#4156 = VECTOR('',#4157,1.);
#4157 = DIRECTION('',(0.,-1.,0.));
#4158 = ORIENTED_EDGE('',*,*,#4159,.F.);
#4159 = EDGE_CURVE('',#4134,#4152,#4160,.T.);
#4160 = LINE('',#4161,#4162);
#4161 = CARTESIAN_POINT('',(2.2733E+03,9.906,152.4));
#4162 = VECTOR('',#4163,1.);
#4163 = DIRECTION('',(0.,0.,1.));
#4164 = FACE_BOUND('',#4165,.F.);
#4165 = EDGE_LOOP('',(#4166,#4176,#4184,#4192));
#4166 = ORIENTED_EDGE('',*,*,#4167,.T.);
#4167 = EDGE_CURVE('',#4168,#4170,#4172,.T.);
#4168 = VERTEX_POINT('',#4169);
#4169 = CARTESIAN_POINT('',(2.2733E+03,19.431,529.209));
#4170 = VERTEX_POINT('',#4171);
#4171 = CARTESIAN_POINT('',(2.2733E+03,-19.431,529.209));
#4172 = LINE('',#4173,#4174);
#4173 = CARTESIAN_POINT('',(2.2733E+03,-44.6405,529.209));
#4174 = VECTOR('',#4175,1.);
#4175 = DIRECTION('',(0.,-1.,0.));
#4176 = ORIENTED_EDGE('',*,*,#4177,.T.);
#4177 = EDGE_CURVE('',#4170,#4178,#4180,.T.);
#4178 = VERTEX_POINT('',#4179);
#4179 = CARTESIAN_POINT('',(2.2733E+03,-19.431,765.175));
#4180 = LINE('',#4181,#4182);
#4181 = CARTESIAN_POINT('',(2.2733E+03,-19.431,264.6045));
#4182 = VECTOR('',#4183,1.);
#4183 = DIRECTION('',(0.,0.,1.));
#4184 = ORIENTED_EDGE('',*,*,#4185,.F.);
#4185 = EDGE_CURVE('',#4186,#4178,#4188,.T.);
#4186 = VERTEX_POINT('',#4187);
#4187 = CARTESIAN_POINT('',(2.2733E+03,19.431,765.175));
#4188 = LINE('',#4189,#4190);
#4189 = CARTESIAN_POINT('',(2.2733E+03,-44.6405,765.175));
#4190 = VECTOR('',#4191,1.);
#4191 = DIRECTION('',(0.,-1.,0.));
#4192 = ORIENTED_EDGE('',*,*,#4193,.F.);
#4193 = EDGE_CURVE('',#4168,#4186,#4194,.T.);
#4194 = LINE('',#4195,#4196);
#4195 = CARTESIAN_POINT('',(2.2733E+03,19.431,264.6045));
#4196 = VECTOR('',#4197,1.);
#4197 = DIRECTION('',(0.,0.,1.));
#4198 = FACE_BOUND('',#4199,.F.);
#4199 = EDGE_LOOP('',(#4200,#4210,#4218,#4226));
#4200 = ORIENTED_EDGE('',*,*,#4201,.T.);
#4201 = EDGE_CURVE('',#4202,#4204,#4206,.T.);
#4202 = VERTEX_POINT('',#4203);
#4203 = CARTESIAN_POINT('',(2.2733E+03,9.906,783.209));
#4204 = VERTEX_POINT('',#4205);
#4205 = CARTESIAN_POINT('',(2.2733E+03,-9.906,783.209));
#4206 = LINE('',#4207,#4208);
#4207 = CARTESIAN_POINT('',(2.2733E+03,-39.878,783.209));
#4208 = VECTOR('',#4209,1.);
#4209 = DIRECTION('',(0.,-1.,0.));
#4210 = ORIENTED_EDGE('',*,*,#4211,.T.);
#4211 = EDGE_CURVE('',#4204,#4212,#4214,.T.);
#4212 = VERTEX_POINT('',#4213);
#4213 = CARTESIAN_POINT('',(2.2733E+03,-9.906,1.1164824E+03));
#4214 = LINE('',#4215,#4216);
#4215 = CARTESIAN_POINT('',(2.2733E+03,-9.906,391.6045));
#4216 = VECTOR('',#4217,1.);
#4217 = DIRECTION('',(0.,0.,1.));
#4218 = ORIENTED_EDGE('',*,*,#4219,.F.);
#4219 = EDGE_CURVE('',#4220,#4212,#4222,.T.);
#4220 = VERTEX_POINT('',#4221);
#4221 = CARTESIAN_POINT('',(2.2733E+03,9.906,1.1164824E+03));
#4222 = LINE('',#4223,#4224);
#4223 = CARTESIAN_POINT('',(2.2733E+03,-39.878,1.1164824E+03));
#4224 = VECTOR('',#4225,1.);
#4225 = DIRECTION('',(0.,-1.,0.));
#4226 = ORIENTED_EDGE('',*,*,#4227,.F.);
#4227 = EDGE_CURVE('',#4202,#4220,#4228,.T.);
#4228 = LINE('',#4229,#4230);
#4229 = CARTESIAN_POINT('',(2.2733E+03,9.906,391.6045));
#4230 = VECTOR('',#4231,1.);
#4231 = DIRECTION('',(0.,0.,1.));
#4232 = FACE_BOUND('',#4233,.F.);
#4233 = EDGE_LOOP('',(#4234,#4244,#4252,#4260));
#4234 = ORIENTED_EDGE('',*,*,#4235,.T.);
#4235 = EDGE_CURVE('',#4236,#4238,#4240,.T.);
#4236 = VERTEX_POINT('',#4237);
#4237 = CARTESIAN_POINT('',(2.2733E+03,19.431,1.1345164E+03));
#4238 = VERTEX_POINT('',#4239);
#4239 = CARTESIAN_POINT('',(2.2733E+03,-19.431,1.1345164E+03));
#4240 = LINE('',#4241,#4242);
#4241 = CARTESIAN_POINT('',(2.2733E+03,-44.6405,1.1345164E+03));
#4242 = VECTOR('',#4243,1.);
#4243 = DIRECTION('',(0.,-1.,0.));
#4244 = ORIENTED_EDGE('',*,*,#4245,.T.);
#4245 = EDGE_CURVE('',#4238,#4246,#4248,.T.);
#4246 = VERTEX_POINT('',#4247);
#4247 = CARTESIAN_POINT('',(2.2733E+03,-19.431,1.3704824E+03));
#4248 = LINE('',#4249,#4250);
#4249 = CARTESIAN_POINT('',(2.2733E+03,-19.431,567.2582));
#4250 = VECTOR('',#4251,1.);
#4251 = DIRECTION('',(0.,0.,1.));
#4252 = ORIENTED_EDGE('',*,*,#4253,.F.);
#4253 = EDGE_CURVE('',#4254,#4246,#4256,.T.);
#4254 = VERTEX_POINT('',#4255);
#4255 = CARTESIAN_POINT('',(2.2733E+03,19.431,1.3704824E+03));
#4256 = LINE('',#4257,#4258);
#4257 = CARTESIAN_POINT('',(2.2733E+03,-44.6405,1.3704824E+03));
#4258 = VECTOR('',#4259,1.);
#4259 = DIRECTION('',(0.,-1.,0.));
#4260 = ORIENTED_EDGE('',*,*,#4261,.F.);
#4261 = EDGE_CURVE('',#4236,#4254,#4262,.T.);
#4262 = LINE('',#4263,#4264);
#4263 = CARTESIAN_POINT('',(2.2733E+03,19.431,567.2582));
#4264 = VECTOR('',#4265,1.);
#4265 = DIRECTION('',(0.,0.,1.));
#4266 = FACE_BOUND('',#4267,.F.);
#4267 = EDGE_LOOP('',(#4268,#4278,#4286,#4294));
#4268 = ORIENTED_EDGE('',*,*,#4269,.T.);
#4269 = EDGE_CURVE('',#4270,#4272,#4274,.T.);
#4270 = VERTEX_POINT('',#4271);
#4271 = CARTESIAN_POINT('',(2.2733E+03,9.906,1.3885164E+03));
#4272 = VERTEX_POINT('',#4273);
#4273 = CARTESIAN_POINT('',(2.2733E+03,-9.906,1.3885164E+03));
#4274 = LINE('',#4275,#4276);
#4275 = CARTESIAN_POINT('',(2.2733E+03,-39.878,1.3885164E+03));
#4276 = VECTOR('',#4277,1.);
#4277 = DIRECTION('',(0.,-1.,0.));
#4278 = ORIENTED_EDGE('',*,*,#4279,.T.);
#4279 = EDGE_CURVE('',#4272,#4280,#4282,.T.);
#4280 = VERTEX_POINT('',#4281);
#4281 = CARTESIAN_POINT('',(2.2733E+03,-9.906,1.5948914E+03));
#4282 = LINE('',#4283,#4284);
#4283 = CARTESIAN_POINT('',(2.2733E+03,-9.906,694.2582));
#4284 = VECTOR('',#4285,1.);
#4285 = DIRECTION('',(0.,0.,1.));
#4286 = ORIENTED_EDGE('',*,*,#4287,.F.);
#4287 = EDGE_CURVE('',#4288,#4280,#4290,.T.);
#4288 = VERTEX_POINT('',#4289);
#4289 = CARTESIAN_POINT('',(2.2733E+03,9.906,1.5948914E+03));
#4290 = LINE('',#4291,#4292);
#4291 = CARTESIAN_POINT('',(2.2733E+03,-39.878,1.5948914E+03));
#4292 = VECTOR('',#4293,1.);
#4293 = DIRECTION('',(0.,-1.,0.));
#4294 = ORIENTED_EDGE('',*,*,#4295,.F.);
#4295 = EDGE_CURVE('',#4270,#4288,#4296,.T.);
#4296 = LINE('',#4297,#4298);
#4297 = CARTESIAN_POINT('',(2.2733E+03,9.906,694.2582));
#4298 = VECTOR('',#4299,1.);
#4299 = DIRECTION('',(0.,0.,1.));
#4300 = PLANE('',#4301);
#4301 = AXIS2_PLACEMENT_3D('',#4302,#4303,#4304);
#4302 = CARTESIAN_POINT('',(2.2733E+03,-69.85,0.));
#4303 = DIRECTION('',(1.,0.,-0.));
#4304 = DIRECTION('',(0.,0.,1.));
#4305 = ADVANCED_FACE('',(#4306),#4331,.T.);
#4306 = FACE_BOUND('',#4307,.T.);
#4307 = EDGE_LOOP('',(#4308,#4309,#4317,#4325));
#4308 = ORIENTED_EDGE('',*,*,#4067,.F.);
#4309 = ORIENTED_EDGE('',*,*,#4310,.T.);
#4310 = EDGE_CURVE('',#4068,#4311,#4313,.T.);
#4311 = VERTEX_POINT('',#4312);
#4312 = CARTESIAN_POINT('',(2.3622E+03,-69.85,1.6129E+03));
#4313 = LINE('',#4314,#4315);
#4314 = CARTESIAN_POINT('',(2.2733E+03,-69.85,1.6129E+03));
#4315 = VECTOR('',#4316,1.);
#4316 = DIRECTION('',(1.,0.,-0.));
#4317 = ORIENTED_EDGE('',*,*,#4318,.T.);
#4318 = EDGE_CURVE('',#4311,#4319,#4321,.T.);
#4319 = VERTEX_POINT('',#4320);
#4320 = CARTESIAN_POINT('',(2.3622E+03,69.85,1.6129E+03));
#4321 = LINE('',#4322,#4323);
#4322 = CARTESIAN_POINT('',(2.3622E+03,-69.85,1.6129E+03));
#4323 = VECTOR('',#4324,1.);
#4324 = DIRECTION('',(-0.,1.,0.));
#4325 = ORIENTED_EDGE('',*,*,#4326,.F.);
#4326 = EDGE_CURVE('',#4070,#4319,#4327,.T.);
#4327 = LINE('',#4328,#4329);
#4328 = CARTESIAN_POINT('',(2.2733E+03,69.85,1.6129E+03));
#4329 = VECTOR('',#4330,1.);
#4330 = DIRECTION('',(1.,0.,-0.));
#4331 = PLANE('',#4332);
#4332 = AXIS2_PLACEMENT_3D('',#4333,#4334,#4335);
#4333 = CARTESIAN_POINT('',(2.2733E+03,-69.85,1.6129E+03));
#4334 = DIRECTION('',(0.,0.,1.));
#4335 = DIRECTION('',(1.,0.,-0.));
#4336 = ADVANCED_FACE('',(#4337,#4355,#4389,#4423),#4457,.T.);
#4337 = FACE_BOUND('',#4338,.T.);
#4338 = EDGE_LOOP('',(#4339,#4347,#4348,#4349));
#4339 = ORIENTED_EDGE('',*,*,#4340,.F.);
#4340 = EDGE_CURVE('',#4118,#4341,#4343,.T.);
#4341 = VERTEX_POINT('',#4342);
#4342 = CARTESIAN_POINT('',(2.3622E+03,69.85,0.));
#4343 = LINE('',#4344,#4345);
#4344 = CARTESIAN_POINT('',(2.2733E+03,69.85,0.));
#4345 = VECTOR('',#4346,1.);
#4346 = DIRECTION('',(1.,0.,-0.));
#4347 = ORIENTED_EDGE('',*,*,#4125,.T.);
#4348 = ORIENTED_EDGE('',*,*,#4326,.T.);
#4349 = ORIENTED_EDGE('',*,*,#4350,.F.);
#4350 = EDGE_CURVE('',#4341,#4319,#4351,.T.);
#4351 = LINE('',#4352,#4353);
#4352 = CARTESIAN_POINT('',(2.3622E+03,69.85,0.));
#4353 = VECTOR('',#4354,1.);
#4354 = DIRECTION('',(0.,0.,1.));
#4355 = FACE_BOUND('',#4356,.T.);
#4356 = EDGE_LOOP('',(#4357,#4367,#4375,#4383));
#4357 = ORIENTED_EDGE('',*,*,#4358,.F.);
#4358 = EDGE_CURVE('',#4359,#4361,#4363,.T.);
#4359 = VERTEX_POINT('',#4360);
#4360 = CARTESIAN_POINT('',(2.3347045E+03,69.85,171.45));
#4361 = VERTEX_POINT('',#4362);
#4362 = CARTESIAN_POINT('',(2.3505795E+03,69.85,171.45));
#4363 = LINE('',#4364,#4365);
#4364 = CARTESIAN_POINT('',(2.30400225E+03,69.85,171.45));
#4365 = VECTOR('',#4366,1.);
#4366 = DIRECTION('',(1.,0.,-0.));
#4367 = ORIENTED_EDGE('',*,*,#4368,.T.);
#4368 = EDGE_CURVE('',#4359,#4369,#4371,.T.);
#4369 = VERTEX_POINT('',#4370);
#4370 = CARTESIAN_POINT('',(2.3347045E+03,69.85,142.875));
#4371 = LINE('',#4372,#4373);
#4372 = CARTESIAN_POINT('',(2.3347045E+03,69.85,71.4375));
#4373 = VECTOR('',#4374,1.);
#4374 = DIRECTION('',(-0.,0.,-1.));
#4375 = ORIENTED_EDGE('',*,*,#4376,.T.);
#4376 = EDGE_CURVE('',#4369,#4377,#4379,.T.);
#4377 = VERTEX_POINT('',#4378);
#4378 = CARTESIAN_POINT('',(2.3505795E+03,69.85,142.875));
#4379 = LINE('',#4380,#4381);
#4380 = CARTESIAN_POINT('',(2.30400225E+03,69.85,142.875));
#4381 = VECTOR('',#4382,1.);
#4382 = DIRECTION('',(1.,0.,-0.));
#4383 = ORIENTED_EDGE('',*,*,#4384,.F.);
#4384 = EDGE_CURVE('',#4361,#4377,#4385,.T.);
#4385 = LINE('',#4386,#4387);
#4386 = CARTESIAN_POINT('',(2.3505795E+03,69.85,71.4375));
#4387 = VECTOR('',#4388,1.);
#4388 = DIRECTION('',(-0.,0.,-1.));
#4389 = FACE_BOUND('',#4390,.T.);
#4390 = EDGE_LOOP('',(#4391,#4401,#4409,#4417));
#4391 = ORIENTED_EDGE('',*,*,#4392,.F.);
#4392 = EDGE_CURVE('',#4393,#4395,#4397,.T.);
#4393 = VERTEX_POINT('',#4394);
#4394 = CARTESIAN_POINT('',(2.3347045E+03,69.85,675.259));
#4395 = VERTEX_POINT('',#4396);
#4396 = CARTESIAN_POINT('',(2.3505795E+03,69.85,675.259));
#4397 = LINE('',#4398,#4399);
#4398 = CARTESIAN_POINT('',(2.30400225E+03,69.85,675.259));
#4399 = VECTOR('',#4400,1.);
#4400 = DIRECTION('',(1.,0.,-0.));
#4401 = ORIENTED_EDGE('',*,*,#4402,.T.);
#4402 = EDGE_CURVE('',#4393,#4403,#4405,.T.);
#4403 = VERTEX_POINT('',#4404);
#4404 = CARTESIAN_POINT('',(2.3347045E+03,69.85,646.684));
#4405 = LINE('',#4406,#4407);
#4406 = CARTESIAN_POINT('',(2.3347045E+03,69.85,323.342));
#4407 = VECTOR('',#4408,1.);
#4408 = DIRECTION('',(-0.,0.,-1.));
#4409 = ORIENTED_EDGE('',*,*,#4410,.T.);
#4410 = EDGE_CURVE('',#4403,#4411,#4413,.T.);
#4411 = VERTEX_POINT('',#4412);
#4412 = CARTESIAN_POINT('',(2.3505795E+03,69.85,646.684));
#4413 = LINE('',#4414,#4415);
#4414 = CARTESIAN_POINT('',(2.30400225E+03,69.85,646.684));
#4415 = VECTOR('',#4416,1.);
#4416 = DIRECTION('',(1.,0.,-0.));
#4417 = ORIENTED_EDGE('',*,*,#4418,.F.);
#4418 = EDGE_CURVE('',#4395,#4411,#4419,.T.);
#4419 = LINE('',#4420,#4421);
#4420 = CARTESIAN_POINT('',(2.3505795E+03,69.85,323.342));
#4421 = VECTOR('',#4422,1.);
#4422 = DIRECTION('',(-0.,0.,-1.));
#4423 = FACE_BOUND('',#4424,.T.);
#4424 = EDGE_LOOP('',(#4425,#4435,#4443,#4451));
#4425 = ORIENTED_EDGE('',*,*,#4426,.F.);
#4426 = EDGE_CURVE('',#4427,#4429,#4431,.T.);
#4427 = VERTEX_POINT('',#4428);
#4428 = CARTESIAN_POINT('',(2.3347045E+03,69.85,1.2805664E+03));
#4429 = VERTEX_POINT('',#4430);
#4430 = CARTESIAN_POINT('',(2.3505795E+03,69.85,1.2805664E+03));
#4431 = LINE('',#4432,#4433);
#4432 = CARTESIAN_POINT('',(2.30400225E+03,69.85,1.2805664E+03));
#4433 = VECTOR('',#4434,1.);
#4434 = DIRECTION('',(1.,0.,-0.));
#4435 = ORIENTED_EDGE('',*,*,#4436,.T.);
#4436 = EDGE_CURVE('',#4427,#4437,#4439,.T.);
#4437 = VERTEX_POINT('',#4438);
#4438 = CARTESIAN_POINT('',(2.3347045E+03,69.85,1.2519914E+03));
#4439 = LINE('',#4440,#4441);
#4440 = CARTESIAN_POINT('',(2.3347045E+03,69.85,625.9957));
#4441 = VECTOR('',#4442,1.);
#4442 = DIRECTION('',(-0.,0.,-1.));
#4443 = ORIENTED_EDGE('',*,*,#4444,.T.);
#4444 = EDGE_CURVE('',#4437,#4445,#4447,.T.);
#4445 = VERTEX_POINT('',#4446);
#4446 = CARTESIAN_POINT('',(2.3505795E+03,69.85,1.2519914E+03));
#4447 = LINE('',#4448,#4449);
#4448 = CARTESIAN_POINT('',(2.30400225E+03,69.85,1.2519914E+03));
#4449 = VECTOR('',#4450,1.);
#4450 = DIRECTION('',(1.,0.,-0.));
#4451 = ORIENTED_EDGE('',*,*,#4452,.F.);
#4452 = EDGE_CURVE('',#4429,#4445,#4453,.T.);
#4453 = LINE('',#4454,#4455);
#4454 = CARTESIAN_POINT('',(2.3505795E+03,69.85,625.9957));
#4455 = VECTOR('',#4456,1.);
#4456 = DIRECTION('',(-0.,0.,-1.));
#4457 = PLANE('',#4458);
#4458 = AXIS2_PLACEMENT_3D('',#4459,#4460,#4461);
#4459 = CARTESIAN_POINT('',(2.2733E+03,69.85,0.));
#4460 = DIRECTION('',(-0.,1.,0.));
#4461 = DIRECTION('',(0.,0.,1.));
#4462 = ADVANCED_FACE('',(#4463,#4481,#4515,#4549),#4583,.F.);
#4463 = FACE_BOUND('',#4464,.F.);
#4464 = EDGE_LOOP('',(#4465,#4473,#4474,#4475));
#4465 = ORIENTED_EDGE('',*,*,#4466,.F.);
#4466 = EDGE_CURVE('',#4078,#4467,#4469,.T.);
#4467 = VERTEX_POINT('',#4468);
#4468 = CARTESIAN_POINT('',(2.3622E+03,-69.85,0.));
#4469 = LINE('',#4470,#4471);
#4470 = CARTESIAN_POINT('',(2.2733E+03,-69.85,0.));
#4471 = VECTOR('',#4472,1.);
#4472 = DIRECTION('',(1.,0.,-0.));
#4473 = ORIENTED_EDGE('',*,*,#4077,.T.);
#4474 = ORIENTED_EDGE('',*,*,#4310,.T.);
#4475 = ORIENTED_EDGE('',*,*,#4476,.F.);
#4476 = EDGE_CURVE('',#4467,#4311,#4477,.T.);
#4477 = LINE('',#4478,#4479);
#4478 = CARTESIAN_POINT('',(2.3622E+03,-69.85,0.));
#4479 = VECTOR('',#4480,1.);
#4480 = DIRECTION('',(0.,0.,1.));
#4481 = FACE_BOUND('',#4482,.F.);
#4482 = EDGE_LOOP('',(#4483,#4493,#4501,#4509));
#4483 = ORIENTED_EDGE('',*,*,#4484,.F.);
#4484 = EDGE_CURVE('',#4485,#4487,#4489,.T.);
#4485 = VERTEX_POINT('',#4486);
#4486 = CARTESIAN_POINT('',(2.3347045E+03,-69.85,171.45));
#4487 = VERTEX_POINT('',#4488);
#4488 = CARTESIAN_POINT('',(2.3505795E+03,-69.85,171.45));
#4489 = LINE('',#4490,#4491);
#4490 = CARTESIAN_POINT('',(2.30400225E+03,-69.85,171.45));
#4491 = VECTOR('',#4492,1.);
#4492 = DIRECTION('',(1.,0.,-0.));
#4493 = ORIENTED_EDGE('',*,*,#4494,.T.);
#4494 = EDGE_CURVE('',#4485,#4495,#4497,.T.);
#4495 = VERTEX_POINT('',#4496);
#4496 = CARTESIAN_POINT('',(2.3347045E+03,-69.85,142.875));
#4497 = LINE('',#4498,#4499);
#4498 = CARTESIAN_POINT('',(2.3347045E+03,-69.85,71.4375));
#4499 = VECTOR('',#4500,1.);
#4500 = DIRECTION('',(-0.,0.,-1.));
#4501 = ORIENTED_EDGE('',*,*,#4502,.T.);
#4502 = EDGE_CURVE('',#4495,#4503,#4505,.T.);
#4503 = VERTEX_POINT('',#4504);
#4504 = CARTESIAN_POINT('',(2.3505795E+03,-69.85,142.875));
#4505 = LINE('',#4506,#4507);
#4506 = CARTESIAN_POINT('',(2.30400225E+03,-69.85,142.875));
#4507 = VECTOR('',#4508,1.);
#4508 = DIRECTION('',(1.,0.,-0.));
#4509 = ORIENTED_EDGE('',*,*,#4510,.F.);
#4510 = EDGE_CURVE('',#4487,#4503,#4511,.T.);
#4511 = LINE('',#4512,#4513);
#4512 = CARTESIAN_POINT('',(2.3505795E+03,-69.85,71.4375));
#4513 = VECTOR('',#4514,1.);
#4514 = DIRECTION('',(-0.,0.,-1.));
#4515 = FACE_BOUND('',#4516,.F.);
#4516 = EDGE_LOOP('',(#4517,#4527,#4535,#4543));
#4517 = ORIENTED_EDGE('',*,*,#4518,.F.);
#4518 = EDGE_CURVE('',#4519,#4521,#4523,.T.);
#4519 = VERTEX_POINT('',#4520);
#4520 = CARTESIAN_POINT('',(2.3347045E+03,-69.85,675.259));
#4521 = VERTEX_POINT('',#4522);
#4522 = CARTESIAN_POINT('',(2.3505795E+03,-69.85,675.259));
#4523 = LINE('',#4524,#4525);
#4524 = CARTESIAN_POINT('',(2.30400225E+03,-69.85,675.259));
#4525 = VECTOR('',#4526,1.);
#4526 = DIRECTION('',(1.,0.,-0.));
#4527 = ORIENTED_EDGE('',*,*,#4528,.T.);
#4528 = EDGE_CURVE('',#4519,#4529,#4531,.T.);
#4529 = VERTEX_POINT('',#4530);
#4530 = CARTESIAN_POINT('',(2.3347045E+03,-69.85,646.684));
#4531 = LINE('',#4532,#4533);
#4532 = CARTESIAN_POINT('',(2.3347045E+03,-69.85,323.342));
#4533 = VECTOR('',#4534,1.);
#4534 = DIRECTION('',(-0.,0.,-1.));
#4535 = ORIENTED_EDGE('',*,*,#4536,.T.);
#4536 = EDGE_CURVE('',#4529,#4537,#4539,.T.);
#4537 = VERTEX_POINT('',#4538);
#4538 = CARTESIAN_POINT('',(2.3505795E+03,-69.85,646.684));
#4539 = LINE('',#4540,#4541);
#4540 = CARTESIAN_POINT('',(2.30400225E+03,-69.85,646.684));
#4541 = VECTOR('',#4542,1.);
#4542 = DIRECTION('',(1.,0.,-0.));
#4543 = ORIENTED_EDGE('',*,*,#4544,.F.);
#4544 = EDGE_CURVE('',#4521,#4537,#4545,.T.);
#4545 = LINE('',#4546,#4547);
#4546 = CARTESIAN_POINT('',(2.3505795E+03,-69.85,323.342));
#4547 = VECTOR('',#4548,1.);
#4548 = DIRECTION('',(-0.,0.,-1.));
#4549 = FACE_BOUND('',#4550,.F.);
#4550 = EDGE_LOOP('',(#4551,#4561,#4569,#4577));
#4551 = ORIENTED_EDGE('',*,*,#4552,.F.);
#4552 = EDGE_CURVE('',#4553,#4555,#4557,.T.);
#4553 = VERTEX_POINT('',#4554);
#4554 = CARTESIAN_POINT('',(2.3347045E+03,-69.85,1.2805664E+03));
#4555 = VERTEX_POINT('',#4556);
#4556 = CARTESIAN_POINT('',(2.3505795E+03,-69.85,1.2805664E+03));
#4557 = LINE('',#4558,#4559);
#4558 = CARTESIAN_POINT('',(2.30400225E+03,-69.85,1.2805664E+03));
#4559 = VECTOR('',#4560,1.);
#4560 = DIRECTION('',(1.,0.,-0.));
#4561 = ORIENTED_EDGE('',*,*,#4562,.T.);
#4562 = EDGE_CURVE('',#4553,#4563,#4565,.T.);
#4563 = VERTEX_POINT('',#4564);
#4564 = CARTESIAN_POINT('',(2.3347045E+03,-69.85,1.2519914E+03));
#4565 = LINE('',#4566,#4567);
#4566 = CARTESIAN_POINT('',(2.3347045E+03,-69.85,625.9957));
#4567 = VECTOR('',#4568,1.);
#4568 = DIRECTION('',(-0.,0.,-1.));
#4569 = ORIENTED_EDGE('',*,*,#4570,.T.);
#4570 = EDGE_CURVE('',#4563,#4571,#4573,.T.);
#4571 = VERTEX_POINT('',#4572);
#4572 = CARTESIAN_POINT('',(2.3505795E+03,-69.85,1.2519914E+03));
#4573 = LINE('',#4574,#4575);
#4574 = CARTESIAN_POINT('',(2.30400225E+03,-69.85,1.2519914E+03));
#4575 = VECTOR('',#4576,1.);
#4576 = DIRECTION('',(1.,0.,-0.));
#4577 = ORIENTED_EDGE('',*,*,#4578,.F.);
#4578 = EDGE_CURVE('',#4555,#4571,#4579,.T.);
#4579 = LINE('',#4580,#4581);
#4580 = CARTESIAN_POINT('',(2.3505795E+03,-69.85,625.9957));
#4581 = VECTOR('',#4582,1.);
#4582 = DIRECTION('',(-0.,0.,-1.));
#4583 = PLANE('',#4584);
#4584 = AXIS2_PLACEMENT_3D('',#4585,#4586,#4587);
#4585 = CARTESIAN_POINT('',(2.2733E+03,-69.85,0.));
#4586 = DIRECTION('',(-0.,1.,0.));
#4587 = DIRECTION('',(0.,0.,1.));
#4588 = ADVANCED_FACE('',(#4589),#4639,.F.);
#4589 = FACE_BOUND('',#4590,.F.);
#4590 = EDGE_LOOP('',(#4591,#4592,#4600,#4608,#4616,#4624,#4632,#4638));
#4591 = ORIENTED_EDGE('',*,*,#4117,.F.);
#4592 = ORIENTED_EDGE('',*,*,#4593,.T.);
#4593 = EDGE_CURVE('',#4110,#4594,#4596,.T.);
#4594 = VERTEX_POINT('',#4595);
#4595 = CARTESIAN_POINT('',(2.286E+03,19.431,0.));
#4596 = LINE('',#4597,#4598);
#4597 = CARTESIAN_POINT('',(2.272284E+03,19.431,0.));
#4598 = VECTOR('',#4599,1.);
#4599 = DIRECTION('',(1.,0.,-0.));
#4600 = ORIENTED_EDGE('',*,*,#4601,.T.);
#4601 = EDGE_CURVE('',#4594,#4602,#4604,.T.);
#4602 = VERTEX_POINT('',#4603);
#4603 = CARTESIAN_POINT('',(2.286E+03,57.15,0.));
#4604 = LINE('',#4605,#4606);
#4605 = CARTESIAN_POINT('',(2.286E+03,-57.15,0.));
#4606 = VECTOR('',#4607,1.);
#4607 = DIRECTION('',(-0.,1.,0.));
#4608 = ORIENTED_EDGE('',*,*,#4609,.T.);
#4609 = EDGE_CURVE('',#4602,#4610,#4612,.T.);
#4610 = VERTEX_POINT('',#4611);
#4611 = CARTESIAN_POINT('',(2.3495E+03,57.15,0.));
#4612 = LINE('',#4613,#4614);
#4613 = CARTESIAN_POINT('',(2.286E+03,57.15,0.));
#4614 = VECTOR('',#4615,1.);
#4615 = DIRECTION('',(1.,0.,-0.));
#4616 = ORIENTED_EDGE('',*,*,#4617,.F.);
#4617 = EDGE_CURVE('',#4618,#4610,#4620,.T.);
#4618 = VERTEX_POINT('',#4619);
#4619 = CARTESIAN_POINT('',(2.3495E+03,19.431,0.));
#4620 = LINE('',#4621,#4622);
#4621 = CARTESIAN_POINT('',(2.3495E+03,-57.15,0.));
#4622 = VECTOR('',#4623,1.);
#4623 = DIRECTION('',(-0.,1.,0.));
#4624 = ORIENTED_EDGE('',*,*,#4625,.T.);
#4625 = EDGE_CURVE('',#4618,#4626,#4628,.T.);
#4626 = VERTEX_POINT('',#4627);
#4627 = CARTESIAN_POINT('',(2.3622E+03,19.431,0.));
#4628 = LINE('',#4629,#4630);
#4629 = CARTESIAN_POINT('',(2.272284E+03,19.431,0.));
#4630 = VECTOR('',#4631,1.);
#4631 = DIRECTION('',(1.,0.,-0.));
#4632 = ORIENTED_EDGE('',*,*,#4633,.T.);
#4633 = EDGE_CURVE('',#4626,#4341,#4634,.T.);
#4634 = LINE('',#4635,#4636);
#4635 = CARTESIAN_POINT('',(2.3622E+03,-69.85,0.));
#4636 = VECTOR('',#4637,1.);
#4637 = DIRECTION('',(-0.,1.,0.));
#4638 = ORIENTED_EDGE('',*,*,#4340,.F.);
#4639 = PLANE('',#4640);
#4640 = AXIS2_PLACEMENT_3D('',#4641,#4642,#4643);
#4641 = CARTESIAN_POINT('',(2.2733E+03,-69.85,0.));
#4642 = DIRECTION('',(0.,0.,1.));
#4643 = DIRECTION('',(1.,0.,-0.));
#4644 = ADVANCED_FACE('',(#4645),#4695,.F.);
#4645 = FACE_BOUND('',#4646,.F.);
#4646 = EDGE_LOOP('',(#4647,#4648,#4649,#4657,#4665,#4673,#4681,#4689));
#4647 = ORIENTED_EDGE('',*,*,#4085,.F.);
#4648 = ORIENTED_EDGE('',*,*,#4466,.T.);
#4649 = ORIENTED_EDGE('',*,*,#4650,.T.);
#4650 = EDGE_CURVE('',#4467,#4651,#4653,.T.);
#4651 = VERTEX_POINT('',#4652);
#4652 = CARTESIAN_POINT('',(2.3622E+03,-19.431,0.));
#4653 = LINE('',#4654,#4655);
#4654 = CARTESIAN_POINT('',(2.3622E+03,-69.85,0.));
#4655 = VECTOR('',#4656,1.);
#4656 = DIRECTION('',(-0.,1.,0.));
#4657 = ORIENTED_EDGE('',*,*,#4658,.F.);
#4658 = EDGE_CURVE('',#4659,#4651,#4661,.T.);
#4659 = VERTEX_POINT('',#4660);
#4660 = CARTESIAN_POINT('',(2.3495E+03,-19.431,0.));
#4661 = LINE('',#4662,#4663);
#4662 = CARTESIAN_POINT('',(2.272284E+03,-19.431,0.));
#4663 = VECTOR('',#4664,1.);
#4664 = DIRECTION('',(1.,0.,-0.));
#4665 = ORIENTED_EDGE('',*,*,#4666,.F.);
#4666 = EDGE_CURVE('',#4667,#4659,#4669,.T.);
#4667 = VERTEX_POINT('',#4668);
#4668 = CARTESIAN_POINT('',(2.3495E+03,-57.15,0.));
#4669 = LINE('',#4670,#4671);
#4670 = CARTESIAN_POINT('',(2.3495E+03,-57.15,0.));
#4671 = VECTOR('',#4672,1.);
#4672 = DIRECTION('',(-0.,1.,0.));
#4673 = ORIENTED_EDGE('',*,*,#4674,.F.);
#4674 = EDGE_CURVE('',#4675,#4667,#4677,.T.);
#4675 = VERTEX_POINT('',#4676);
#4676 = CARTESIAN_POINT('',(2.286E+03,-57.15,0.));
#4677 = LINE('',#4678,#4679);
#4678 = CARTESIAN_POINT('',(2.286E+03,-57.15,0.));
#4679 = VECTOR('',#4680,1.);
#4680 = DIRECTION('',(1.,0.,-0.));
#4681 = ORIENTED_EDGE('',*,*,#4682,.T.);
#4682 = EDGE_CURVE('',#4675,#4683,#4685,.T.);
#4683 = VERTEX_POINT('',#4684);
#4684 = CARTESIAN_POINT('',(2.286E+03,-19.431,0.));
#4685 = LINE('',#4686,#4687);
#4686 = CARTESIAN_POINT('',(2.286E+03,-57.15,0.));
#4687 = VECTOR('',#4688,1.);
#4688 = DIRECTION('',(-0.,1.,0.));
#4689 = ORIENTED_EDGE('',*,*,#4690,.F.);
#4690 = EDGE_CURVE('',#4086,#4683,#4691,.T.);
#4691 = LINE('',#4692,#4693);
#4692 = CARTESIAN_POINT('',(2.272284E+03,-19.431,0.));
#4693 = VECTOR('',#4694,1.);
#4694 = DIRECTION('',(1.,0.,-0.));
#4695 = PLANE('',#4696);
#4696 = AXIS2_PLACEMENT_3D('',#4697,#4698,#4699);
#4697 = CARTESIAN_POINT('',(2.2733E+03,-69.85,0.));
#4698 = DIRECTION('',(0.,0.,1.));
#4699 = DIRECTION('',(1.,0.,-0.));
#4700 = ADVANCED_FACE('',(#4701,#4726),#4760,.F.);
#4701 = FACE_BOUND('',#4702,.F.);
#4702 = EDGE_LOOP('',(#4703,#4704,#4705,#4713,#4719,#4720));
#4703 = ORIENTED_EDGE('',*,*,#4593,.F.);
#4704 = ORIENTED_EDGE('',*,*,#4109,.T.);
#4705 = ORIENTED_EDGE('',*,*,#4706,.T.);
#4706 = EDGE_CURVE('',#4102,#4707,#4709,.T.);
#4707 = VERTEX_POINT('',#4708);
#4708 = CARTESIAN_POINT('',(2.3622E+03,19.431,286.766));
#4709 = LINE('',#4710,#4711);
#4710 = CARTESIAN_POINT('',(2.272284E+03,19.431,286.766));
#4711 = VECTOR('',#4712,1.);
#4712 = DIRECTION('',(1.,0.,-0.));
#4713 = ORIENTED_EDGE('',*,*,#4714,.F.);
#4714 = EDGE_CURVE('',#4626,#4707,#4715,.T.);
#4715 = LINE('',#4716,#4717);
#4716 = CARTESIAN_POINT('',(2.3622E+03,19.431,0.));
#4717 = VECTOR('',#4718,1.);
#4718 = DIRECTION('',(0.,0.,1.));
#4719 = ORIENTED_EDGE('',*,*,#4625,.F.);
#4720 = ORIENTED_EDGE('',*,*,#4721,.F.);
#4721 = EDGE_CURVE('',#4594,#4618,#4722,.T.);
#4722 = LINE('',#4723,#4724);
#4723 = CARTESIAN_POINT('',(2.272284E+03,19.431,0.));
#4724 = VECTOR('',#4725,1.);
#4725 = DIRECTION('',(1.,0.,-0.));
#4726 = FACE_BOUND('',#4727,.F.);
#4727 = EDGE_LOOP('',(#4728,#4738,#4746,#4754));
#4728 = ORIENTED_EDGE('',*,*,#4729,.F.);
#4729 = EDGE_CURVE('',#4730,#4732,#4734,.T.);
#4730 = VERTEX_POINT('',#4731);
#4731 = CARTESIAN_POINT('',(2.3347045E+03,19.431,171.45));
#4732 = VERTEX_POINT('',#4733);
#4733 = CARTESIAN_POINT('',(2.3505795E+03,19.431,171.45));
#4734 = LINE('',#4735,#4736);
#4735 = CARTESIAN_POINT('',(2.30349425E+03,19.431,171.45));
#4736 = VECTOR('',#4737,1.);
#4737 = DIRECTION('',(1.,0.,-0.));
#4738 = ORIENTED_EDGE('',*,*,#4739,.T.);
#4739 = EDGE_CURVE('',#4730,#4740,#4742,.T.);
#4740 = VERTEX_POINT('',#4741);
#4741 = CARTESIAN_POINT('',(2.3347045E+03,19.431,142.875));
#4742 = LINE('',#4743,#4744);
#4743 = CARTESIAN_POINT('',(2.3347045E+03,19.431,71.4375));
#4744 = VECTOR('',#4745,1.);
#4745 = DIRECTION('',(-0.,0.,-1.));
#4746 = ORIENTED_EDGE('',*,*,#4747,.T.);
#4747 = EDGE_CURVE('',#4740,#4748,#4750,.T.);
#4748 = VERTEX_POINT('',#4749);
#4749 = CARTESIAN_POINT('',(2.3505795E+03,19.431,142.875));
#4750 = LINE('',#4751,#4752);
#4751 = CARTESIAN_POINT('',(2.30349425E+03,19.431,142.875));
#4752 = VECTOR('',#4753,1.);
#4753 = DIRECTION('',(1.,0.,-0.));
#4754 = ORIENTED_EDGE('',*,*,#4755,.F.);
#4755 = EDGE_CURVE('',#4732,#4748,#4756,.T.);
#4756 = LINE('',#4757,#4758);
#4757 = CARTESIAN_POINT('',(2.3505795E+03,19.431,71.4375));
#4758 = VECTOR('',#4759,1.);
#4759 = DIRECTION('',(-0.,0.,-1.));
#4760 = PLANE('',#4761);
#4761 = AXIS2_PLACEMENT_3D('',#4762,#4763,#4764);
#4762 = CARTESIAN_POINT('',(2.272284E+03,19.431,0.));
#4763 = DIRECTION('',(-0.,1.,0.));
#4764 = DIRECTION('',(0.,0.,1.));
#4765 = ADVANCED_FACE('',(#4766,#4791),#4825,.T.);
#4766 = FACE_BOUND('',#4767,.T.);
#4767 = EDGE_LOOP('',(#4768,#4769,#4770,#4778,#4784,#4785));
#4768 = ORIENTED_EDGE('',*,*,#4690,.F.);
#4769 = ORIENTED_EDGE('',*,*,#4093,.T.);
#4770 = ORIENTED_EDGE('',*,*,#4771,.T.);
#4771 = EDGE_CURVE('',#4094,#4772,#4774,.T.);
#4772 = VERTEX_POINT('',#4773);
#4773 = CARTESIAN_POINT('',(2.3622E+03,-19.431,286.766));
#4774 = LINE('',#4775,#4776);
#4775 = CARTESIAN_POINT('',(2.272284E+03,-19.431,286.766));
#4776 = VECTOR('',#4777,1.);
#4777 = DIRECTION('',(1.,0.,-0.));
#4778 = ORIENTED_EDGE('',*,*,#4779,.F.);
#4779 = EDGE_CURVE('',#4651,#4772,#4780,.T.);
#4780 = LINE('',#4781,#4782);
#4781 = CARTESIAN_POINT('',(2.3622E+03,-19.431,0.));
#4782 = VECTOR('',#4783,1.);
#4783 = DIRECTION('',(0.,0.,1.));
#4784 = ORIENTED_EDGE('',*,*,#4658,.F.);
#4785 = ORIENTED_EDGE('',*,*,#4786,.F.);
#4786 = EDGE_CURVE('',#4683,#4659,#4787,.T.);
#4787 = LINE('',#4788,#4789);
#4788 = CARTESIAN_POINT('',(2.272284E+03,-19.431,0.));
#4789 = VECTOR('',#4790,1.);
#4790 = DIRECTION('',(1.,0.,-0.));
#4791 = FACE_BOUND('',#4792,.T.);
#4792 = EDGE_LOOP('',(#4793,#4803,#4811,#4819));
#4793 = ORIENTED_EDGE('',*,*,#4794,.F.);
#4794 = EDGE_CURVE('',#4795,#4797,#4799,.T.);
#4795 = VERTEX_POINT('',#4796);
#4796 = CARTESIAN_POINT('',(2.3347045E+03,-19.431,171.45));
#4797 = VERTEX_POINT('',#4798);
#4798 = CARTESIAN_POINT('',(2.3505795E+03,-19.431,171.45));
#4799 = LINE('',#4800,#4801);
#4800 = CARTESIAN_POINT('',(2.30349425E+03,-19.431,171.45));
#4801 = VECTOR('',#4802,1.);
#4802 = DIRECTION('',(1.,0.,-0.));
#4803 = ORIENTED_EDGE('',*,*,#4804,.T.);
#4804 = EDGE_CURVE('',#4795,#4805,#4807,.T.);
#4805 = VERTEX_POINT('',#4806);
#4806 = CARTESIAN_POINT('',(2.3347045E+03,-19.431,142.875));
#4807 = LINE('',#4808,#4809);
#4808 = CARTESIAN_POINT('',(2.3347045E+03,-19.431,71.4375));
#4809 = VECTOR('',#4810,1.);
#4810 = DIRECTION('',(-0.,0.,-1.));
#4811 = ORIENTED_EDGE('',*,*,#4812,.T.);
#4812 = EDGE_CURVE('',#4805,#4813,#4815,.T.);
#4813 = VERTEX_POINT('',#4814);
#4814 = CARTESIAN_POINT('',(2.3505795E+03,-19.431,142.875));
#4815 = LINE('',#4816,#4817);
#4816 = CARTESIAN_POINT('',(2.30349425E+03,-19.431,142.875));
#4817 = VECTOR('',#4818,1.);
#4818 = DIRECTION('',(1.,0.,-0.));
#4819 = ORIENTED_EDGE('',*,*,#4820,.F.);
#4820 = EDGE_CURVE('',#4797,#4813,#4821,.T.);
#4821 = LINE('',#4822,#4823);
#4822 = CARTESIAN_POINT('',(2.3505795E+03,-19.431,71.4375));
#4823 = VECTOR('',#4824,1.);
#4824 = DIRECTION('',(-0.,0.,-1.));
#4825 = PLANE('',#4826);
#4826 = AXIS2_PLACEMENT_3D('',#4827,#4828,#4829);
#4827 = CARTESIAN_POINT('',(2.272284E+03,-19.431,0.));
#4828 = DIRECTION('',(-0.,1.,0.));
#4829 = DIRECTION('',(0.,0.,1.));
#4830 = ADVANCED_FACE('',(#4831),#4842,.F.);
#4831 = FACE_BOUND('',#4832,.F.);
#4832 = EDGE_LOOP('',(#4833,#4834,#4835,#4836));
#4833 = ORIENTED_EDGE('',*,*,#4706,.F.);
#4834 = ORIENTED_EDGE('',*,*,#4101,.T.);
#4835 = ORIENTED_EDGE('',*,*,#4771,.T.);
#4836 = ORIENTED_EDGE('',*,*,#4837,.F.);
#4837 = EDGE_CURVE('',#4707,#4772,#4838,.T.);
#4838 = LINE('',#4839,#4840);
#4839 = CARTESIAN_POINT('',(2.3622E+03,-44.6405,286.766));
#4840 = VECTOR('',#4841,1.);
#4841 = DIRECTION('',(0.,-1.,0.));
#4842 = PLANE('',#4843);
#4843 = AXIS2_PLACEMENT_3D('',#4844,#4845,#4846);
#4844 = CARTESIAN_POINT('',(2.272284E+03,-19.431,286.766));
#4845 = DIRECTION('',(0.,0.,1.));
#4846 = DIRECTION('',(1.,0.,-0.));
#4847 = ADVANCED_FACE('',(#4848),#4873,.T.);
#4848 = FACE_BOUND('',#4849,.T.);
#4849 = EDGE_LOOP('',(#4850,#4858,#4859,#4867));
#4850 = ORIENTED_EDGE('',*,*,#4851,.F.);
#4851 = EDGE_CURVE('',#4134,#4852,#4854,.T.);
#4852 = VERTEX_POINT('',#4853);
#4853 = CARTESIAN_POINT('',(2.283333E+03,9.906,304.8));
#4854 = LINE('',#4855,#4856);
#4855 = CARTESIAN_POINT('',(2.272792E+03,9.906,304.8));
#4856 = VECTOR('',#4857,1.);
#4857 = DIRECTION('',(1.,0.,-0.));
#4858 = ORIENTED_EDGE('',*,*,#4133,.T.);
#4859 = ORIENTED_EDGE('',*,*,#4860,.T.);
#4860 = EDGE_CURVE('',#4136,#4861,#4863,.T.);
#4861 = VERTEX_POINT('',#4862);
#4862 = CARTESIAN_POINT('',(2.283333E+03,-9.906,304.8));
#4863 = LINE('',#4864,#4865);
#4864 = CARTESIAN_POINT('',(2.272792E+03,-9.906,304.8));
#4865 = VECTOR('',#4866,1.);
#4866 = DIRECTION('',(1.,0.,-0.));
#4867 = ORIENTED_EDGE('',*,*,#4868,.T.);
#4868 = EDGE_CURVE('',#4861,#4852,#4869,.T.);
#4869 = LINE('',#4870,#4871);
#4870 = CARTESIAN_POINT('',(2.283333E+03,-9.906,304.8));
#4871 = VECTOR('',#4872,1.);
#4872 = DIRECTION('',(-0.,1.,0.));
#4873 = PLANE('',#4874);
#4874 = AXIS2_PLACEMENT_3D('',#4875,#4876,#4877);
#4875 = CARTESIAN_POINT('',(2.272792E+03,-9.906,304.8));
#4876 = DIRECTION('',(0.,0.,1.));
#4877 = DIRECTION('',(1.,0.,-0.));
#4878 = ADVANCED_FACE('',(#4879),#4897,.F.);
#4879 = FACE_BOUND('',#4880,.F.);
#4880 = EDGE_LOOP('',(#4881,#4882,#4883,#4891));
#4881 = ORIENTED_EDGE('',*,*,#4851,.F.);
#4882 = ORIENTED_EDGE('',*,*,#4159,.T.);
#4883 = ORIENTED_EDGE('',*,*,#4884,.T.);
#4884 = EDGE_CURVE('',#4152,#4885,#4887,.T.);
#4885 = VERTEX_POINT('',#4886);
#4886 = CARTESIAN_POINT('',(2.283333E+03,9.906,511.175));
#4887 = LINE('',#4888,#4889);
#4888 = CARTESIAN_POINT('',(2.272792E+03,9.906,511.175));
#4889 = VECTOR('',#4890,1.);
#4890 = DIRECTION('',(1.,0.,-0.));
#4891 = ORIENTED_EDGE('',*,*,#4892,.F.);
#4892 = EDGE_CURVE('',#4852,#4885,#4893,.T.);
#4893 = LINE('',#4894,#4895);
#4894 = CARTESIAN_POINT('',(2.283333E+03,9.906,304.8));
#4895 = VECTOR('',#4896,1.);
#4896 = DIRECTION('',(0.,0.,1.));
#4897 = PLANE('',#4898);
#4898 = AXIS2_PLACEMENT_3D('',#4899,#4900,#4901);
#4899 = CARTESIAN_POINT('',(2.272792E+03,9.906,304.8));
#4900 = DIRECTION('',(-0.,1.,0.));
#4901 = DIRECTION('',(0.,0.,1.));
#4902 = ADVANCED_FACE('',(#4903),#4921,.T.);
#4903 = FACE_BOUND('',#4904,.T.);
#4904 = EDGE_LOOP('',(#4905,#4906,#4907,#4915));
#4905 = ORIENTED_EDGE('',*,*,#4860,.F.);
#4906 = ORIENTED_EDGE('',*,*,#4143,.T.);
#4907 = ORIENTED_EDGE('',*,*,#4908,.T.);
#4908 = EDGE_CURVE('',#4144,#4909,#4911,.T.);
#4909 = VERTEX_POINT('',#4910);
#4910 = CARTESIAN_POINT('',(2.283333E+03,-9.906,511.175));
#4911 = LINE('',#4912,#4913);
#4912 = CARTESIAN_POINT('',(2.272792E+03,-9.906,511.175));
#4913 = VECTOR('',#4914,1.);
#4914 = DIRECTION('',(1.,0.,-0.));
#4915 = ORIENTED_EDGE('',*,*,#4916,.F.);
#4916 = EDGE_CURVE('',#4861,#4909,#4917,.T.);
#4917 = LINE('',#4918,#4919);
#4918 = CARTESIAN_POINT('',(2.283333E+03,-9.906,304.8));
#4919 = VECTOR('',#4920,1.);
#4920 = DIRECTION('',(0.,0.,1.));
#4921 = PLANE('',#4922);
#4922 = AXIS2_PLACEMENT_3D('',#4923,#4924,#4925);
#4923 = CARTESIAN_POINT('',(2.272792E+03,-9.906,304.8));
#4924 = DIRECTION('',(-0.,1.,0.));
#4925 = DIRECTION('',(0.,0.,1.));
#4926 = ADVANCED_FACE('',(#4927),#4938,.F.);
#4927 = FACE_BOUND('',#4928,.F.);
#4928 = EDGE_LOOP('',(#4929,#4930,#4931,#4932));
#4929 = ORIENTED_EDGE('',*,*,#4884,.F.);
#4930 = ORIENTED_EDGE('',*,*,#4151,.T.);
#4931 = ORIENTED_EDGE('',*,*,#4908,.T.);
#4932 = ORIENTED_EDGE('',*,*,#4933,.T.);
#4933 = EDGE_CURVE('',#4909,#4885,#4934,.T.);
#4934 = LINE('',#4935,#4936);
#4935 = CARTESIAN_POINT('',(2.283333E+03,-9.906,511.175));
#4936 = VECTOR('',#4937,1.);
#4937 = DIRECTION('',(-0.,1.,0.));
#4938 = PLANE('',#4939);
#4939 = AXIS2_PLACEMENT_3D('',#4940,#4941,#4942);
#4940 = CARTESIAN_POINT('',(2.272792E+03,-9.906,511.175));
#4941 = DIRECTION('',(0.,0.,1.));
#4942 = DIRECTION('',(1.,0.,-0.));
#4943 = ADVANCED_FACE('',(#4944),#4969,.T.);
#4944 = FACE_BOUND('',#4945,.T.);
#4945 = EDGE_LOOP('',(#4946,#4954,#4955,#4963));
#4946 = ORIENTED_EDGE('',*,*,#4947,.F.);
#4947 = EDGE_CURVE('',#4168,#4948,#4950,.T.);
#4948 = VERTEX_POINT('',#4949);
#4949 = CARTESIAN_POINT('',(2.3622E+03,19.431,529.209));
#4950 = LINE('',#4951,#4952);
#4951 = CARTESIAN_POINT('',(2.272284E+03,19.431,529.209));
#4952 = VECTOR('',#4953,1.);
#4953 = DIRECTION('',(1.,0.,-0.));
#4954 = ORIENTED_EDGE('',*,*,#4167,.T.);
#4955 = ORIENTED_EDGE('',*,*,#4956,.T.);
#4956 = EDGE_CURVE('',#4170,#4957,#4959,.T.);
#4957 = VERTEX_POINT('',#4958);
#4958 = CARTESIAN_POINT('',(2.3622E+03,-19.431,529.209));
#4959 = LINE('',#4960,#4961);
#4960 = CARTESIAN_POINT('',(2.272284E+03,-19.431,529.209));
#4961 = VECTOR('',#4962,1.);
#4962 = DIRECTION('',(1.,0.,-0.));
#4963 = ORIENTED_EDGE('',*,*,#4964,.F.);
#4964 = EDGE_CURVE('',#4948,#4957,#4965,.T.);
#4965 = LINE('',#4966,#4967);
#4966 = CARTESIAN_POINT('',(2.3622E+03,-44.6405,529.209));
#4967 = VECTOR('',#4968,1.);
#4968 = DIRECTION('',(0.,-1.,0.));
#4969 = PLANE('',#4970);
#4970 = AXIS2_PLACEMENT_3D('',#4971,#4972,#4973);
#4971 = CARTESIAN_POINT('',(2.272284E+03,-19.431,529.209));
#4972 = DIRECTION('',(0.,0.,1.));
#4973 = DIRECTION('',(1.,0.,-0.));
#4974 = ADVANCED_FACE('',(#4975,#4993),#5027,.F.);
#4975 = FACE_BOUND('',#4976,.F.);
#4976 = EDGE_LOOP('',(#4977,#4978,#4979,#4987));
#4977 = ORIENTED_EDGE('',*,*,#4947,.F.);
#4978 = ORIENTED_EDGE('',*,*,#4193,.T.);
#4979 = ORIENTED_EDGE('',*,*,#4980,.T.);
#4980 = EDGE_CURVE('',#4186,#4981,#4983,.T.);
#4981 = VERTEX_POINT('',#4982);
#4982 = CARTESIAN_POINT('',(2.3622E+03,19.431,765.175));
#4983 = LINE('',#4984,#4985);
#4984 = CARTESIAN_POINT('',(2.272284E+03,19.431,765.175));
#4985 = VECTOR('',#4986,1.);
#4986 = DIRECTION('',(1.,0.,-0.));
#4987 = ORIENTED_EDGE('',*,*,#4988,.F.);
#4988 = EDGE_CURVE('',#4948,#4981,#4989,.T.);
#4989 = LINE('',#4990,#4991);
#4990 = CARTESIAN_POINT('',(2.3622E+03,19.431,264.6045));
#4991 = VECTOR('',#4992,1.);
#4992 = DIRECTION('',(0.,0.,1.));
#4993 = FACE_BOUND('',#4994,.F.);
#4994 = EDGE_LOOP('',(#4995,#5005,#5013,#5021));
#4995 = ORIENTED_EDGE('',*,*,#4996,.F.);
#4996 = EDGE_CURVE('',#4997,#4999,#5001,.T.);
#4997 = VERTEX_POINT('',#4998);
#4998 = CARTESIAN_POINT('',(2.3347045E+03,19.431,675.259));
#4999 = VERTEX_POINT('',#5000);
#5000 = CARTESIAN_POINT('',(2.3505795E+03,19.431,675.259));
#5001 = LINE('',#5002,#5003);
#5002 = CARTESIAN_POINT('',(2.30349425E+03,19.431,675.259));
#5003 = VECTOR('',#5004,1.);
#5004 = DIRECTION('',(1.,0.,-0.));
#5005 = ORIENTED_EDGE('',*,*,#5006,.T.);
#5006 = EDGE_CURVE('',#4997,#5007,#5009,.T.);
#5007 = VERTEX_POINT('',#5008);
#5008 = CARTESIAN_POINT('',(2.3347045E+03,19.431,646.684));
#5009 = LINE('',#5010,#5011);
#5010 = CARTESIAN_POINT('',(2.3347045E+03,19.431,587.9465));
#5011 = VECTOR('',#5012,1.);
#5012 = DIRECTION('',(-0.,0.,-1.));
#5013 = ORIENTED_EDGE('',*,*,#5014,.T.);
#5014 = EDGE_CURVE('',#5007,#5015,#5017,.T.);
#5015 = VERTEX_POINT('',#5016);
#5016 = CARTESIAN_POINT('',(2.3505795E+03,19.431,646.684));
#5017 = LINE('',#5018,#5019);
#5018 = CARTESIAN_POINT('',(2.30349425E+03,19.431,646.684));
#5019 = VECTOR('',#5020,1.);
#5020 = DIRECTION('',(1.,0.,-0.));
#5021 = ORIENTED_EDGE('',*,*,#5022,.F.);
#5022 = EDGE_CURVE('',#4999,#5015,#5023,.T.);
#5023 = LINE('',#5024,#5025);
#5024 = CARTESIAN_POINT('',(2.3505795E+03,19.431,587.9465));
#5025 = VECTOR('',#5026,1.);
#5026 = DIRECTION('',(-0.,0.,-1.));
#5027 = PLANE('',#5028);
#5028 = AXIS2_PLACEMENT_3D('',#5029,#5030,#5031);
#5029 = CARTESIAN_POINT('',(2.272284E+03,19.431,529.209));
#5030 = DIRECTION('',(-0.,1.,0.));
#5031 = DIRECTION('',(0.,0.,1.));
#5032 = ADVANCED_FACE('',(#5033,#5051),#5085,.T.);
#5033 = FACE_BOUND('',#5034,.T.);
#5034 = EDGE_LOOP('',(#5035,#5036,#5037,#5045));
#5035 = ORIENTED_EDGE('',*,*,#4956,.F.);
#5036 = ORIENTED_EDGE('',*,*,#4177,.T.);
#5037 = ORIENTED_EDGE('',*,*,#5038,.T.);
#5038 = EDGE_CURVE('',#4178,#5039,#5041,.T.);
#5039 = VERTEX_POINT('',#5040);
#5040 = CARTESIAN_POINT('',(2.3622E+03,-19.431,765.175));
#5041 = LINE('',#5042,#5043);
#5042 = CARTESIAN_POINT('',(2.272284E+03,-19.431,765.175));
#5043 = VECTOR('',#5044,1.);
#5044 = DIRECTION('',(1.,0.,-0.));
#5045 = ORIENTED_EDGE('',*,*,#5046,.F.);
#5046 = EDGE_CURVE('',#4957,#5039,#5047,.T.);
#5047 = LINE('',#5048,#5049);
#5048 = CARTESIAN_POINT('',(2.3622E+03,-19.431,264.6045));
#5049 = VECTOR('',#5050,1.);
#5050 = DIRECTION('',(0.,0.,1.));
#5051 = FACE_BOUND('',#5052,.T.);
#5052 = EDGE_LOOP('',(#5053,#5063,#5071,#5079));
#5053 = ORIENTED_EDGE('',*,*,#5054,.F.);
#5054 = EDGE_CURVE('',#5055,#5057,#5059,.T.);
#5055 = VERTEX_POINT('',#5056);
#5056 = CARTESIAN_POINT('',(2.3347045E+03,-19.431,675.259));
#5057 = VERTEX_POINT('',#5058);
#5058 = CARTESIAN_POINT('',(2.3505795E+03,-19.431,675.259));
#5059 = LINE('',#5060,#5061);
#5060 = CARTESIAN_POINT('',(2.30349425E+03,-19.431,675.259));
#5061 = VECTOR('',#5062,1.);
#5062 = DIRECTION('',(1.,0.,-0.));
#5063 = ORIENTED_EDGE('',*,*,#5064,.T.);
#5064 = EDGE_CURVE('',#5055,#5065,#5067,.T.);
#5065 = VERTEX_POINT('',#5066);
#5066 = CARTESIAN_POINT('',(2.3347045E+03,-19.431,646.684));
#5067 = LINE('',#5068,#5069);
#5068 = CARTESIAN_POINT('',(2.3347045E+03,-19.431,587.9465));
#5069 = VECTOR('',#5070,1.);
#5070 = DIRECTION('',(-0.,0.,-1.));
#5071 = ORIENTED_EDGE('',*,*,#5072,.T.);
#5072 = EDGE_CURVE('',#5065,#5073,#5075,.T.);
#5073 = VERTEX_POINT('',#5074);
#5074 = CARTESIAN_POINT('',(2.3505795E+03,-19.431,646.684));
#5075 = LINE('',#5076,#5077);
#5076 = CARTESIAN_POINT('',(2.30349425E+03,-19.431,646.684));
#5077 = VECTOR('',#5078,1.);
#5078 = DIRECTION('',(1.,0.,-0.));
#5079 = ORIENTED_EDGE('',*,*,#5080,.F.);
#5080 = EDGE_CURVE('',#5057,#5073,#5081,.T.);
#5081 = LINE('',#5082,#5083);
#5082 = CARTESIAN_POINT('',(2.3505795E+03,-19.431,587.9465));
#5083 = VECTOR('',#5084,1.);
#5084 = DIRECTION('',(-0.,0.,-1.));
#5085 = PLANE('',#5086);
#5086 = AXIS2_PLACEMENT_3D('',#5087,#5088,#5089);
#5087 = CARTESIAN_POINT('',(2.272284E+03,-19.431,529.209));
#5088 = DIRECTION('',(-0.,1.,0.));
#5089 = DIRECTION('',(0.,0.,1.));
#5090 = ADVANCED_FACE('',(#5091),#5102,.F.);
#5091 = FACE_BOUND('',#5092,.F.);
#5092 = EDGE_LOOP('',(#5093,#5094,#5095,#5096));
#5093 = ORIENTED_EDGE('',*,*,#4980,.F.);
#5094 = ORIENTED_EDGE('',*,*,#4185,.T.);
#5095 = ORIENTED_EDGE('',*,*,#5038,.T.);
#5096 = ORIENTED_EDGE('',*,*,#5097,.F.);
#5097 = EDGE_CURVE('',#4981,#5039,#5098,.T.);
#5098 = LINE('',#5099,#5100);
#5099 = CARTESIAN_POINT('',(2.3622E+03,-44.6405,765.175));
#5100 = VECTOR('',#5101,1.);
#5101 = DIRECTION('',(0.,-1.,0.));
#5102 = PLANE('',#5103);
#5103 = AXIS2_PLACEMENT_3D('',#5104,#5105,#5106);
#5104 = CARTESIAN_POINT('',(2.272284E+03,-19.431,765.175));
#5105 = DIRECTION('',(0.,0.,1.));
#5106 = DIRECTION('',(1.,0.,-0.));
#5107 = ADVANCED_FACE('',(#5108),#5133,.T.);
#5108 = FACE_BOUND('',#5109,.T.);
#5109 = EDGE_LOOP('',(#5110,#5118,#5119,#5127));
#5110 = ORIENTED_EDGE('',*,*,#5111,.F.);
#5111 = EDGE_CURVE('',#4202,#5112,#5114,.T.);
#5112 = VERTEX_POINT('',#5113);
#5113 = CARTESIAN_POINT('',(2.283333E+03,9.906,783.209));
#5114 = LINE('',#5115,#5116);
#5115 = CARTESIAN_POINT('',(2.272792E+03,9.906,783.209));
#5116 = VECTOR('',#5117,1.);
#5117 = DIRECTION('',(1.,0.,-0.));
#5118 = ORIENTED_EDGE('',*,*,#4201,.T.);
#5119 = ORIENTED_EDGE('',*,*,#5120,.T.);
#5120 = EDGE_CURVE('',#4204,#5121,#5123,.T.);
#5121 = VERTEX_POINT('',#5122);
#5122 = CARTESIAN_POINT('',(2.283333E+03,-9.906,783.209));
#5123 = LINE('',#5124,#5125);
#5124 = CARTESIAN_POINT('',(2.272792E+03,-9.906,783.209));
#5125 = VECTOR('',#5126,1.);
#5126 = DIRECTION('',(1.,0.,-0.));
#5127 = ORIENTED_EDGE('',*,*,#5128,.T.);
#5128 = EDGE_CURVE('',#5121,#5112,#5129,.T.);
#5129 = LINE('',#5130,#5131);
#5130 = CARTESIAN_POINT('',(2.283333E+03,-9.906,783.209));
#5131 = VECTOR('',#5132,1.);
#5132 = DIRECTION('',(-0.,1.,0.));
#5133 = PLANE('',#5134);
#5134 = AXIS2_PLACEMENT_3D('',#5135,#5136,#5137);
#5135 = CARTESIAN_POINT('',(2.272792E+03,-9.906,783.209));
#5136 = DIRECTION('',(0.,0.,1.));
#5137 = DIRECTION('',(1.,0.,-0.));
#5138 = ADVANCED_FACE('',(#5139),#5157,.F.);
#5139 = FACE_BOUND('',#5140,.F.);
#5140 = EDGE_LOOP('',(#5141,#5142,#5143,#5151));
#5141 = ORIENTED_EDGE('',*,*,#5111,.F.);
#5142 = ORIENTED_EDGE('',*,*,#4227,.T.);
#5143 = ORIENTED_EDGE('',*,*,#5144,.T.);
#5144 = EDGE_CURVE('',#4220,#5145,#5147,.T.);
#5145 = VERTEX_POINT('',#5146);
#5146 = CARTESIAN_POINT('',(2.283333E+03,9.906,1.1164824E+03));
#5147 = LINE('',#5148,#5149);
#5148 = CARTESIAN_POINT('',(2.272792E+03,9.906,1.1164824E+03));
#5149 = VECTOR('',#5150,1.);
#5150 = DIRECTION('',(1.,0.,-0.));
#5151 = ORIENTED_EDGE('',*,*,#5152,.F.);
#5152 = EDGE_CURVE('',#5112,#5145,#5153,.T.);
#5153 = LINE('',#5154,#5155);
#5154 = CARTESIAN_POINT('',(2.283333E+03,9.906,783.209));
#5155 = VECTOR('',#5156,1.);
#5156 = DIRECTION('',(0.,0.,1.));
#5157 = PLANE('',#5158);
#5158 = AXIS2_PLACEMENT_3D('',#5159,#5160,#5161);
#5159 = CARTESIAN_POINT('',(2.272792E+03,9.906,783.209));
#5160 = DIRECTION('',(-0.,1.,0.));
#5161 = DIRECTION('',(0.,0.,1.));
#5162 = ADVANCED_FACE('',(#5163),#5181,.T.);
#5163 = FACE_BOUND('',#5164,.T.);
#5164 = EDGE_LOOP('',(#5165,#5166,#5167,#5175));
#5165 = ORIENTED_EDGE('',*,*,#5120,.F.);
#5166 = ORIENTED_EDGE('',*,*,#4211,.T.);
#5167 = ORIENTED_EDGE('',*,*,#5168,.T.);
#5168 = EDGE_CURVE('',#4212,#5169,#5171,.T.);
#5169 = VERTEX_POINT('',#5170);
#5170 = CARTESIAN_POINT('',(2.283333E+03,-9.906,1.1164824E+03));
#5171 = LINE('',#5172,#5173);
#5172 = CARTESIAN_POINT('',(2.272792E+03,-9.906,1.1164824E+03));
#5173 = VECTOR('',#5174,1.);
#5174 = DIRECTION('',(1.,0.,-0.));
#5175 = ORIENTED_EDGE('',*,*,#5176,.F.);
#5176 = EDGE_CURVE('',#5121,#5169,#5177,.T.);
#5177 = LINE('',#5178,#5179);
#5178 = CARTESIAN_POINT('',(2.283333E+03,-9.906,783.209));
#5179 = VECTOR('',#5180,1.);
#5180 = DIRECTION('',(0.,0.,1.));
#5181 = PLANE('',#5182);
#5182 = AXIS2_PLACEMENT_3D('',#5183,#5184,#5185);
#5183 = CARTESIAN_POINT('',(2.272792E+03,-9.906,783.209));
#5184 = DIRECTION('',(-0.,1.,0.));
#5185 = DIRECTION('',(0.,0.,1.));
#5186 = ADVANCED_FACE('',(#5187),#5198,.F.);
#5187 = FACE_BOUND('',#5188,.F.);
#5188 = EDGE_LOOP('',(#5189,#5190,#5191,#5192));
#5189 = ORIENTED_EDGE('',*,*,#5144,.F.);
#5190 = ORIENTED_EDGE('',*,*,#4219,.T.);
#5191 = ORIENTED_EDGE('',*,*,#5168,.T.);
#5192 = ORIENTED_EDGE('',*,*,#5193,.T.);
#5193 = EDGE_CURVE('',#5169,#5145,#5194,.T.);
#5194 = LINE('',#5195,#5196);
#5195 = CARTESIAN_POINT('',(2.283333E+03,-9.906,1.1164824E+03));
#5196 = VECTOR('',#5197,1.);
#5197 = DIRECTION('',(-0.,1.,0.));
#5198 = PLANE('',#5199);
#5199 = AXIS2_PLACEMENT_3D('',#5200,#5201,#5202);
#5200 = CARTESIAN_POINT('',(2.272792E+03,-9.906,1.1164824E+03));
#5201 = DIRECTION('',(0.,0.,1.));
#5202 = DIRECTION('',(1.,0.,-0.));
#5203 = ADVANCED_FACE('',(#5204),#5229,.T.);
#5204 = FACE_BOUND('',#5205,.T.);
#5205 = EDGE_LOOP('',(#5206,#5214,#5215,#5223));
#5206 = ORIENTED_EDGE('',*,*,#5207,.F.);
#5207 = EDGE_CURVE('',#4236,#5208,#5210,.T.);
#5208 = VERTEX_POINT('',#5209);
#5209 = CARTESIAN_POINT('',(2.3622E+03,19.431,1.1345164E+03));
#5210 = LINE('',#5211,#5212);
#5211 = CARTESIAN_POINT('',(2.272284E+03,19.431,1.1345164E+03));
#5212 = VECTOR('',#5213,1.);
#5213 = DIRECTION('',(1.,0.,-0.));
#5214 = ORIENTED_EDGE('',*,*,#4235,.T.);
#5215 = ORIENTED_EDGE('',*,*,#5216,.T.);
#5216 = EDGE_CURVE('',#4238,#5217,#5219,.T.);
#5217 = VERTEX_POINT('',#5218);
#5218 = CARTESIAN_POINT('',(2.3622E+03,-19.431,1.1345164E+03));
#5219 = LINE('',#5220,#5221);
#5220 = CARTESIAN_POINT('',(2.272284E+03,-19.431,1.1345164E+03));
#5221 = VECTOR('',#5222,1.);
#5222 = DIRECTION('',(1.,0.,-0.));
#5223 = ORIENTED_EDGE('',*,*,#5224,.F.);
#5224 = EDGE_CURVE('',#5208,#5217,#5225,.T.);
#5225 = LINE('',#5226,#5227);
#5226 = CARTESIAN_POINT('',(2.3622E+03,-44.6405,1.1345164E+03));
#5227 = VECTOR('',#5228,1.);
#5228 = DIRECTION('',(0.,-1.,0.));
#5229 = PLANE('',#5230);
#5230 = AXIS2_PLACEMENT_3D('',#5231,#5232,#5233);
#5231 = CARTESIAN_POINT('',(2.272284E+03,-19.431,1.1345164E+03));
#5232 = DIRECTION('',(0.,0.,1.));
#5233 = DIRECTION('',(1.,0.,-0.));
#5234 = ADVANCED_FACE('',(#5235,#5253),#5287,.F.);
#5235 = FACE_BOUND('',#5236,.F.);
#5236 = EDGE_LOOP('',(#5237,#5238,#5239,#5247));
#5237 = ORIENTED_EDGE('',*,*,#5207,.F.);
#5238 = ORIENTED_EDGE('',*,*,#4261,.T.);
#5239 = ORIENTED_EDGE('',*,*,#5240,.T.);
#5240 = EDGE_CURVE('',#4254,#5241,#5243,.T.);
#5241 = VERTEX_POINT('',#5242);
#5242 = CARTESIAN_POINT('',(2.3622E+03,19.431,1.3704824E+03));
#5243 = LINE('',#5244,#5245);
#5244 = CARTESIAN_POINT('',(2.272284E+03,19.431,1.3704824E+03));
#5245 = VECTOR('',#5246,1.);
#5246 = DIRECTION('',(1.,0.,-0.));
#5247 = ORIENTED_EDGE('',*,*,#5248,.F.);
#5248 = EDGE_CURVE('',#5208,#5241,#5249,.T.);
#5249 = LINE('',#5250,#5251);
#5250 = CARTESIAN_POINT('',(2.3622E+03,19.431,567.2582));
#5251 = VECTOR('',#5252,1.);
#5252 = DIRECTION('',(0.,0.,1.));
#5253 = FACE_BOUND('',#5254,.F.);
#5254 = EDGE_LOOP('',(#5255,#5265,#5273,#5281));
#5255 = ORIENTED_EDGE('',*,*,#5256,.F.);
#5256 = EDGE_CURVE('',#5257,#5259,#5261,.T.);
#5257 = VERTEX_POINT('',#5258);
#5258 = CARTESIAN_POINT('',(2.3347045E+03,19.431,1.2805664E+03));
#5259 = VERTEX_POINT('',#5260);
#5260 = CARTESIAN_POINT('',(2.3505795E+03,19.431,1.2805664E+03));
#5261 = LINE('',#5262,#5263);
#5262 = CARTESIAN_POINT('',(2.30349425E+03,19.431,1.2805664E+03));
#5263 = VECTOR('',#5264,1.);
#5264 = DIRECTION('',(1.,0.,-0.));
#5265 = ORIENTED_EDGE('',*,*,#5266,.T.);
#5266 = EDGE_CURVE('',#5257,#5267,#5269,.T.);
#5267 = VERTEX_POINT('',#5268);
#5268 = CARTESIAN_POINT('',(2.3347045E+03,19.431,1.2519914E+03));
#5269 = LINE('',#5270,#5271);
#5270 = CARTESIAN_POINT('',(2.3347045E+03,19.431,1.1932539E+03));
#5271 = VECTOR('',#5272,1.);
#5272 = DIRECTION('',(-0.,0.,-1.));
#5273 = ORIENTED_EDGE('',*,*,#5274,.T.);
#5274 = EDGE_CURVE('',#5267,#5275,#5277,.T.);
#5275 = VERTEX_POINT('',#5276);
#5276 = CARTESIAN_POINT('',(2.3505795E+03,19.431,1.2519914E+03));
#5277 = LINE('',#5278,#5279);
#5278 = CARTESIAN_POINT('',(2.30349425E+03,19.431,1.2519914E+03));
#5279 = VECTOR('',#5280,1.);
#5280 = DIRECTION('',(1.,0.,-0.));
#5281 = ORIENTED_EDGE('',*,*,#5282,.F.);
#5282 = EDGE_CURVE('',#5259,#5275,#5283,.T.);
#5283 = LINE('',#5284,#5285);
#5284 = CARTESIAN_POINT('',(2.3505795E+03,19.431,1.1932539E+03));
#5285 = VECTOR('',#5286,1.);
#5286 = DIRECTION('',(-0.,0.,-1.));
#5287 = PLANE('',#5288);
#5288 = AXIS2_PLACEMENT_3D('',#5289,#5290,#5291);
#5289 = CARTESIAN_POINT('',(2.272284E+03,19.431,1.1345164E+03));
#5290 = DIRECTION('',(-0.,1.,0.));
#5291 = DIRECTION('',(0.,0.,1.));
#5292 = ADVANCED_FACE('',(#5293,#5311),#5345,.T.);
#5293 = FACE_BOUND('',#5294,.T.);
#5294 = EDGE_LOOP('',(#5295,#5296,#5297,#5305));
#5295 = ORIENTED_EDGE('',*,*,#5216,.F.);
#5296 = ORIENTED_EDGE('',*,*,#4245,.T.);
#5297 = ORIENTED_EDGE('',*,*,#5298,.T.);
#5298 = EDGE_CURVE('',#4246,#5299,#5301,.T.);
#5299 = VERTEX_POINT('',#5300);
#5300 = CARTESIAN_POINT('',(2.3622E+03,-19.431,1.3704824E+03));
#5301 = LINE('',#5302,#5303);
#5302 = CARTESIAN_POINT('',(2.272284E+03,-19.431,1.3704824E+03));
#5303 = VECTOR('',#5304,1.);
#5304 = DIRECTION('',(1.,0.,-0.));
#5305 = ORIENTED_EDGE('',*,*,#5306,.F.);
#5306 = EDGE_CURVE('',#5217,#5299,#5307,.T.);
#5307 = LINE('',#5308,#5309);
#5308 = CARTESIAN_POINT('',(2.3622E+03,-19.431,567.2582));
#5309 = VECTOR('',#5310,1.);
#5310 = DIRECTION('',(0.,0.,1.));
#5311 = FACE_BOUND('',#5312,.T.);
#5312 = EDGE_LOOP('',(#5313,#5323,#5331,#5339));
#5313 = ORIENTED_EDGE('',*,*,#5314,.F.);
#5314 = EDGE_CURVE('',#5315,#5317,#5319,.T.);
#5315 = VERTEX_POINT('',#5316);
#5316 = CARTESIAN_POINT('',(2.3347045E+03,-19.431,1.2805664E+03));
#5317 = VERTEX_POINT('',#5318);
#5318 = CARTESIAN_POINT('',(2.3505795E+03,-19.431,1.2805664E+03));
#5319 = LINE('',#5320,#5321);
#5320 = CARTESIAN_POINT('',(2.30349425E+03,-19.431,1.2805664E+03));
#5321 = VECTOR('',#5322,1.);
#5322 = DIRECTION('',(1.,0.,-0.));
#5323 = ORIENTED_EDGE('',*,*,#5324,.T.);
#5324 = EDGE_CURVE('',#5315,#5325,#5327,.T.);
#5325 = VERTEX_POINT('',#5326);
#5326 = CARTESIAN_POINT('',(2.3347045E+03,-19.431,1.2519914E+03));
#5327 = LINE('',#5328,#5329);
#5328 = CARTESIAN_POINT('',(2.3347045E+03,-19.431,1.1932539E+03));
#5329 = VECTOR('',#5330,1.);
#5330 = DIRECTION('',(-0.,0.,-1.));
#5331 = ORIENTED_EDGE('',*,*,#5332,.T.);
#5332 = EDGE_CURVE('',#5325,#5333,#5335,.T.);
#5333 = VERTEX_POINT('',#5334);
#5334 = CARTESIAN_POINT('',(2.3505795E+03,-19.431,1.2519914E+03));
#5335 = LINE('',#5336,#5337);
#5336 = CARTESIAN_POINT('',(2.30349425E+03,-19.431,1.2519914E+03));
#5337 = VECTOR('',#5338,1.);
#5338 = DIRECTION('',(1.,0.,-0.));
#5339 = ORIENTED_EDGE('',*,*,#5340,.F.);
#5340 = EDGE_CURVE('',#5317,#5333,#5341,.T.);
#5341 = LINE('',#5342,#5343);
#5342 = CARTESIAN_POINT('',(2.3505795E+03,-19.431,1.1932539E+03));
#5343 = VECTOR('',#5344,1.);
#5344 = DIRECTION('',(-0.,0.,-1.));
#5345 = PLANE('',#5346);
#5346 = AXIS2_PLACEMENT_3D('',#5347,#5348,#5349);
#5347 = CARTESIAN_POINT('',(2.272284E+03,-19.431,1.1345164E+03));
#5348 = DIRECTION('',(-0.,1.,0.));
#5349 = DIRECTION('',(0.,0.,1.));
#5350 = ADVANCED_FACE('',(#5351),#5362,.F.);
#5351 = FACE_BOUND('',#5352,.F.);
#5352 = EDGE_LOOP('',(#5353,#5354,#5355,#5356));
#5353 = ORIENTED_EDGE('',*,*,#5240,.F.);
#5354 = ORIENTED_EDGE('',*,*,#4253,.T.);
#5355 = ORIENTED_EDGE('',*,*,#5298,.T.);
#5356 = ORIENTED_EDGE('',*,*,#5357,.F.);
#5357 = EDGE_CURVE('',#5241,#5299,#5358,.T.);
#5358 = LINE('',#5359,#5360);
#5359 = CARTESIAN_POINT('',(2.3622E+03,-44.6405,1.3704824E+03));
#5360 = VECTOR('',#5361,1.);
#5361 = DIRECTION('',(0.,-1.,0.));
#5362 = PLANE('',#5363);
#5363 = AXIS2_PLACEMENT_3D('',#5364,#5365,#5366);
#5364 = CARTESIAN_POINT('',(2.272284E+03,-19.431,1.3704824E+03));
#5365 = DIRECTION('',(0.,0.,1.));
#5366 = DIRECTION('',(1.,0.,-0.));
#5367 = ADVANCED_FACE('',(#5368),#5393,.T.);
#5368 = FACE_BOUND('',#5369,.T.);
#5369 = EDGE_LOOP('',(#5370,#5378,#5379,#5387));
#5370 = ORIENTED_EDGE('',*,*,#5371,.F.);
#5371 = EDGE_CURVE('',#4270,#5372,#5374,.T.);
#5372 = VERTEX_POINT('',#5373);
#5373 = CARTESIAN_POINT('',(2.283333E+03,9.906,1.3885164E+03));
#5374 = LINE('',#5375,#5376);
#5375 = CARTESIAN_POINT('',(2.272792E+03,9.906,1.3885164E+03));
#5376 = VECTOR('',#5377,1.);
#5377 = DIRECTION('',(1.,0.,-0.));
#5378 = ORIENTED_EDGE('',*,*,#4269,.T.);
#5379 = ORIENTED_EDGE('',*,*,#5380,.T.);
#5380 = EDGE_CURVE('',#4272,#5381,#5383,.T.);
#5381 = VERTEX_POINT('',#5382);
#5382 = CARTESIAN_POINT('',(2.283333E+03,-9.906,1.3885164E+03));
#5383 = LINE('',#5384,#5385);
#5384 = CARTESIAN_POINT('',(2.272792E+03,-9.906,1.3885164E+03));
#5385 = VECTOR('',#5386,1.);
#5386 = DIRECTION('',(1.,0.,-0.));
#5387 = ORIENTED_EDGE('',*,*,#5388,.T.);
#5388 = EDGE_CURVE('',#5381,#5372,#5389,.T.);
#5389 = LINE('',#5390,#5391);
#5390 = CARTESIAN_POINT('',(2.283333E+03,-9.906,1.3885164E+03));
#5391 = VECTOR('',#5392,1.);
#5392 = DIRECTION('',(-0.,1.,0.));
#5393 = PLANE('',#5394);
#5394 = AXIS2_PLACEMENT_3D('',#5395,#5396,#5397);
#5395 = CARTESIAN_POINT('',(2.272792E+03,-9.906,1.3885164E+03));
#5396 = DIRECTION('',(0.,0.,1.));
#5397 = DIRECTION('',(1.,0.,-0.));
#5398 = ADVANCED_FACE('',(#5399),#5417,.F.);
#5399 = FACE_BOUND('',#5400,.F.);
#5400 = EDGE_LOOP('',(#5401,#5402,#5403,#5411));
#5401 = ORIENTED_EDGE('',*,*,#5371,.F.);
#5402 = ORIENTED_EDGE('',*,*,#4295,.T.);
#5403 = ORIENTED_EDGE('',*,*,#5404,.T.);
#5404 = EDGE_CURVE('',#4288,#5405,#5407,.T.);
#5405 = VERTEX_POINT('',#5406);
#5406 = CARTESIAN_POINT('',(2.283333E+03,9.906,1.5948914E+03));
#5407 = LINE('',#5408,#5409);
#5408 = CARTESIAN_POINT('',(2.272792E+03,9.906,1.5948914E+03));
#5409 = VECTOR('',#5410,1.);
#5410 = DIRECTION('',(1.,0.,-0.));
#5411 = ORIENTED_EDGE('',*,*,#5412,.F.);
#5412 = EDGE_CURVE('',#5372,#5405,#5413,.T.);
#5413 = LINE('',#5414,#5415);
#5414 = CARTESIAN_POINT('',(2.283333E+03,9.906,1.3885164E+03));
#5415 = VECTOR('',#5416,1.);
#5416 = DIRECTION('',(0.,0.,1.));
#5417 = PLANE('',#5418);
#5418 = AXIS2_PLACEMENT_3D('',#5419,#5420,#5421);
#5419 = CARTESIAN_POINT('',(2.272792E+03,9.906,1.3885164E+03));
#5420 = DIRECTION('',(-0.,1.,0.));
#5421 = DIRECTION('',(0.,0.,1.));
#5422 = ADVANCED_FACE('',(#5423),#5441,.F.);
#5423 = FACE_BOUND('',#5424,.F.);
#5424 = EDGE_LOOP('',(#5425,#5426,#5427,#5435));
#5425 = ORIENTED_EDGE('',*,*,#5404,.F.);
#5426 = ORIENTED_EDGE('',*,*,#4287,.T.);
#5427 = ORIENTED_EDGE('',*,*,#5428,.T.);
#5428 = EDGE_CURVE('',#4280,#5429,#5431,.T.);
#5429 = VERTEX_POINT('',#5430);
#5430 = CARTESIAN_POINT('',(2.283333E+03,-9.906,1.5948914E+03));
#5431 = LINE('',#5432,#5433);
#5432 = CARTESIAN_POINT('',(2.272792E+03,-9.906,1.5948914E+03));
#5433 = VECTOR('',#5434,1.);
#5434 = DIRECTION('',(1.,0.,-0.));
#5435 = ORIENTED_EDGE('',*,*,#5436,.T.);
#5436 = EDGE_CURVE('',#5429,#5405,#5437,.T.);
#5437 = LINE('',#5438,#5439);
#5438 = CARTESIAN_POINT('',(2.283333E+03,-9.906,1.5948914E+03));
#5439 = VECTOR('',#5440,1.);
#5440 = DIRECTION('',(-0.,1.,0.));
#5441 = PLANE('',#5442);
#5442 = AXIS2_PLACEMENT_3D('',#5443,#5444,#5445);
#5443 = CARTESIAN_POINT('',(2.272792E+03,-9.906,1.5948914E+03));
#5444 = DIRECTION('',(0.,0.,1.));
#5445 = DIRECTION('',(1.,0.,-0.));
#5446 = ADVANCED_FACE('',(#5447),#5458,.T.);
#5447 = FACE_BOUND('',#5448,.T.);
#5448 = EDGE_LOOP('',(#5449,#5450,#5451,#5452));
#5449 = ORIENTED_EDGE('',*,*,#5380,.F.);
#5450 = ORIENTED_EDGE('',*,*,#4279,.T.);
#5451 = ORIENTED_EDGE('',*,*,#5428,.T.);
#5452 = ORIENTED_EDGE('',*,*,#5453,.F.);
#5453 = EDGE_CURVE('',#5381,#5429,#5454,.T.);
#5454 = LINE('',#5455,#5456);
#5455 = CARTESIAN_POINT('',(2.283333E+03,-9.906,1.3885164E+03));
#5456 = VECTOR('',#5457,1.);
#5457 = DIRECTION('',(0.,0.,1.));
#5458 = PLANE('',#5459);
#5459 = AXIS2_PLACEMENT_3D('',#5460,#5461,#5462);
#5460 = CARTESIAN_POINT('',(2.272792E+03,-9.906,1.3885164E+03));
#5461 = DIRECTION('',(-0.,1.,0.));
#5462 = DIRECTION('',(0.,0.,1.));
#5463 = ADVANCED_FACE('',(#5464,#5474,#5508,#5514,#5548,#5554),#5588,.T.
  );
#5464 = FACE_BOUND('',#5465,.T.);
#5465 = EDGE_LOOP('',(#5466,#5467,#5468,#5469,#5470,#5471,#5472,#5473));
#5466 = ORIENTED_EDGE('',*,*,#4318,.F.);
#5467 = ORIENTED_EDGE('',*,*,#4476,.F.);
#5468 = ORIENTED_EDGE('',*,*,#4650,.T.);
#5469 = ORIENTED_EDGE('',*,*,#4779,.T.);
#5470 = ORIENTED_EDGE('',*,*,#4837,.F.);
#5471 = ORIENTED_EDGE('',*,*,#4714,.F.);
#5472 = ORIENTED_EDGE('',*,*,#4633,.T.);
#5473 = ORIENTED_EDGE('',*,*,#4350,.T.);
#5474 = FACE_BOUND('',#5475,.T.);
#5475 = EDGE_LOOP('',(#5476,#5486,#5494,#5502));
#5476 = ORIENTED_EDGE('',*,*,#5477,.T.);
#5477 = EDGE_CURVE('',#5478,#5480,#5482,.T.);
#5478 = VERTEX_POINT('',#5479);
#5479 = CARTESIAN_POINT('',(2.3622E+03,9.906,304.8));
#5480 = VERTEX_POINT('',#5481);
#5481 = CARTESIAN_POINT('',(2.3622E+03,-9.906,304.8));
#5482 = LINE('',#5483,#5484);
#5483 = CARTESIAN_POINT('',(2.3622E+03,-39.878,304.8));
#5484 = VECTOR('',#5485,1.);
#5485 = DIRECTION('',(0.,-1.,0.));
#5486 = ORIENTED_EDGE('',*,*,#5487,.T.);
#5487 = EDGE_CURVE('',#5480,#5488,#5490,.T.);
#5488 = VERTEX_POINT('',#5489);
#5489 = CARTESIAN_POINT('',(2.3622E+03,-9.906,511.175));
#5490 = LINE('',#5491,#5492);
#5491 = CARTESIAN_POINT('',(2.3622E+03,-9.906,152.4));
#5492 = VECTOR('',#5493,1.);
#5493 = DIRECTION('',(0.,0.,1.));
#5494 = ORIENTED_EDGE('',*,*,#5495,.F.);
#5495 = EDGE_CURVE('',#5496,#5488,#5498,.T.);
#5496 = VERTEX_POINT('',#5497);
#5497 = CARTESIAN_POINT('',(2.3622E+03,9.906,511.175));
#5498 = LINE('',#5499,#5500);
#5499 = CARTESIAN_POINT('',(2.3622E+03,-39.878,511.175));
#5500 = VECTOR('',#5501,1.);
#5501 = DIRECTION('',(0.,-1.,0.));
#5502 = ORIENTED_EDGE('',*,*,#5503,.F.);
#5503 = EDGE_CURVE('',#5478,#5496,#5504,.T.);
#5504 = LINE('',#5505,#5506);
#5505 = CARTESIAN_POINT('',(2.3622E+03,9.906,152.4));
#5506 = VECTOR('',#5507,1.);
#5507 = DIRECTION('',(0.,0.,1.));
#5508 = FACE_BOUND('',#5509,.T.);
#5509 = EDGE_LOOP('',(#5510,#5511,#5512,#5513));
#5510 = ORIENTED_EDGE('',*,*,#4964,.T.);
#5511 = ORIENTED_EDGE('',*,*,#5046,.T.);
#5512 = ORIENTED_EDGE('',*,*,#5097,.F.);
#5513 = ORIENTED_EDGE('',*,*,#4988,.F.);
#5514 = FACE_BOUND('',#5515,.T.);
#5515 = EDGE_LOOP('',(#5516,#5526,#5534,#5542));
#5516 = ORIENTED_EDGE('',*,*,#5517,.T.);
#5517 = EDGE_CURVE('',#5518,#5520,#5522,.T.);
#5518 = VERTEX_POINT('',#5519);
#5519 = CARTESIAN_POINT('',(2.3622E+03,9.906,783.209));
#5520 = VERTEX_POINT('',#5521);
#5521 = CARTESIAN_POINT('',(2.3622E+03,-9.906,783.209));
#5522 = LINE('',#5523,#5524);
#5523 = CARTESIAN_POINT('',(2.3622E+03,-39.878,783.209));
#5524 = VECTOR('',#5525,1.);
#5525 = DIRECTION('',(0.,-1.,0.));
#5526 = ORIENTED_EDGE('',*,*,#5527,.T.);
#5527 = EDGE_CURVE('',#5520,#5528,#5530,.T.);
#5528 = VERTEX_POINT('',#5529);
#5529 = CARTESIAN_POINT('',(2.3622E+03,-9.906,1.1164824E+03));
#5530 = LINE('',#5531,#5532);
#5531 = CARTESIAN_POINT('',(2.3622E+03,-9.906,391.6045));
#5532 = VECTOR('',#5533,1.);
#5533 = DIRECTION('',(0.,0.,1.));
#5534 = ORIENTED_EDGE('',*,*,#5535,.F.);
#5535 = EDGE_CURVE('',#5536,#5528,#5538,.T.);
#5536 = VERTEX_POINT('',#5537);
#5537 = CARTESIAN_POINT('',(2.3622E+03,9.906,1.1164824E+03));
#5538 = LINE('',#5539,#5540);
#5539 = CARTESIAN_POINT('',(2.3622E+03,-39.878,1.1164824E+03));
#5540 = VECTOR('',#5541,1.);
#5541 = DIRECTION('',(0.,-1.,0.));
#5542 = ORIENTED_EDGE('',*,*,#5543,.F.);
#5543 = EDGE_CURVE('',#5518,#5536,#5544,.T.);
#5544 = LINE('',#5545,#5546);
#5545 = CARTESIAN_POINT('',(2.3622E+03,9.906,391.6045));
#5546 = VECTOR('',#5547,1.);
#5547 = DIRECTION('',(0.,0.,1.));
#5548 = FACE_BOUND('',#5549,.T.);
#5549 = EDGE_LOOP('',(#5550,#5551,#5552,#5553));
#5550 = ORIENTED_EDGE('',*,*,#5224,.T.);
#5551 = ORIENTED_EDGE('',*,*,#5306,.T.);
#5552 = ORIENTED_EDGE('',*,*,#5357,.F.);
#5553 = ORIENTED_EDGE('',*,*,#5248,.F.);
#5554 = FACE_BOUND('',#5555,.T.);
#5555 = EDGE_LOOP('',(#5556,#5566,#5574,#5582));
#5556 = ORIENTED_EDGE('',*,*,#5557,.T.);
#5557 = EDGE_CURVE('',#5558,#5560,#5562,.T.);
#5558 = VERTEX_POINT('',#5559);
#5559 = CARTESIAN_POINT('',(2.3622E+03,9.906,1.3885164E+03));
#5560 = VERTEX_POINT('',#5561);
#5561 = CARTESIAN_POINT('',(2.3622E+03,-9.906,1.3885164E+03));
#5562 = LINE('',#5563,#5564);
#5563 = CARTESIAN_POINT('',(2.3622E+03,-39.878,1.3885164E+03));
#5564 = VECTOR('',#5565,1.);
#5565 = DIRECTION('',(0.,-1.,0.));
#5566 = ORIENTED_EDGE('',*,*,#5567,.T.);
#5567 = EDGE_CURVE('',#5560,#5568,#5570,.T.);
#5568 = VERTEX_POINT('',#5569);
#5569 = CARTESIAN_POINT('',(2.3622E+03,-9.906,1.5948914E+03));
#5570 = LINE('',#5571,#5572);
#5571 = CARTESIAN_POINT('',(2.3622E+03,-9.906,694.2582));
#5572 = VECTOR('',#5573,1.);
#5573 = DIRECTION('',(0.,0.,1.));
#5574 = ORIENTED_EDGE('',*,*,#5575,.F.);
#5575 = EDGE_CURVE('',#5576,#5568,#5578,.T.);
#5576 = VERTEX_POINT('',#5577);
#5577 = CARTESIAN_POINT('',(2.3622E+03,9.906,1.5948914E+03));
#5578 = LINE('',#5579,#5580);
#5579 = CARTESIAN_POINT('',(2.3622E+03,-39.878,1.5948914E+03));
#5580 = VECTOR('',#5581,1.);
#5581 = DIRECTION('',(0.,-1.,0.));
#5582 = ORIENTED_EDGE('',*,*,#5583,.F.);
#5583 = EDGE_CURVE('',#5558,#5576,#5584,.T.);
#5584 = LINE('',#5585,#5586);
#5585 = CARTESIAN_POINT('',(2.3622E+03,9.906,694.2582));
#5586 = VECTOR('',#5587,1.);
#5587 = DIRECTION('',(0.,0.,1.));
#5588 = PLANE('',#5589);
#5589 = AXIS2_PLACEMENT_3D('',#5590,#5591,#5592);
#5590 = CARTESIAN_POINT('',(2.3622E+03,-69.85,0.));
#5591 = DIRECTION('',(1.,0.,-0.));
#5592 = DIRECTION('',(0.,0.,1.));
#5593 = ADVANCED_FACE('',(#5594),#5610,.F.);
#5594 = FACE_BOUND('',#5595,.F.);
#5595 = EDGE_LOOP('',(#5596,#5602,#5603,#5609));
#5596 = ORIENTED_EDGE('',*,*,#5597,.F.);
#5597 = EDGE_CURVE('',#4730,#4359,#5598,.T.);
#5598 = LINE('',#5599,#5600);
#5599 = CARTESIAN_POINT('',(2.3347045E+03,-70.866,171.45));
#5600 = VECTOR('',#5601,1.);
#5601 = DIRECTION('',(-0.,1.,0.));
#5602 = ORIENTED_EDGE('',*,*,#4729,.T.);
#5603 = ORIENTED_EDGE('',*,*,#5604,.T.);
#5604 = EDGE_CURVE('',#4732,#4361,#5605,.T.);
#5605 = LINE('',#5606,#5607);
#5606 = CARTESIAN_POINT('',(2.3505795E+03,-70.866,171.45));
#5607 = VECTOR('',#5608,1.);
#5608 = DIRECTION('',(-0.,1.,0.));
#5609 = ORIENTED_EDGE('',*,*,#4358,.F.);
#5610 = PLANE('',#5611);
#5611 = AXIS2_PLACEMENT_3D('',#5612,#5613,#5614);
#5612 = CARTESIAN_POINT('',(2.3347045E+03,-70.866,171.45));
#5613 = DIRECTION('',(0.,0.,1.));
#5614 = DIRECTION('',(1.,0.,-0.));
#5615 = ADVANCED_FACE('',(#5616),#5627,.T.);
#5616 = FACE_BOUND('',#5617,.T.);
#5617 = EDGE_LOOP('',(#5618,#5619,#5620,#5626));
#5618 = ORIENTED_EDGE('',*,*,#5597,.F.);
#5619 = ORIENTED_EDGE('',*,*,#4739,.T.);
#5620 = ORIENTED_EDGE('',*,*,#5621,.T.);
#5621 = EDGE_CURVE('',#4740,#4369,#5622,.T.);
#5622 = LINE('',#5623,#5624);
#5623 = CARTESIAN_POINT('',(2.3347045E+03,-70.866,142.875));
#5624 = VECTOR('',#5625,1.);
#5625 = DIRECTION('',(-0.,1.,0.));
#5626 = ORIENTED_EDGE('',*,*,#4368,.F.);
#5627 = PLANE('',#5628);
#5628 = AXIS2_PLACEMENT_3D('',#5629,#5630,#5631);
#5629 = CARTESIAN_POINT('',(2.3347045E+03,-70.866,142.875));
#5630 = DIRECTION('',(1.,0.,-0.));
#5631 = DIRECTION('',(0.,0.,1.));
#5632 = ADVANCED_FACE('',(#5633),#5644,.F.);
#5633 = FACE_BOUND('',#5634,.F.);
#5634 = EDGE_LOOP('',(#5635,#5636,#5637,#5643));
#5635 = ORIENTED_EDGE('',*,*,#5604,.F.);
#5636 = ORIENTED_EDGE('',*,*,#4755,.T.);
#5637 = ORIENTED_EDGE('',*,*,#5638,.T.);
#5638 = EDGE_CURVE('',#4748,#4377,#5639,.T.);
#5639 = LINE('',#5640,#5641);
#5640 = CARTESIAN_POINT('',(2.3505795E+03,-70.866,142.875));
#5641 = VECTOR('',#5642,1.);
#5642 = DIRECTION('',(-0.,1.,0.));
#5643 = ORIENTED_EDGE('',*,*,#4384,.F.);
#5644 = PLANE('',#5645);
#5645 = AXIS2_PLACEMENT_3D('',#5646,#5647,#5648);
#5646 = CARTESIAN_POINT('',(2.3505795E+03,-70.866,142.875));
#5647 = DIRECTION('',(1.,0.,-0.));
#5648 = DIRECTION('',(0.,0.,1.));
#5649 = ADVANCED_FACE('',(#5650),#5656,.T.);
#5650 = FACE_BOUND('',#5651,.T.);
#5651 = EDGE_LOOP('',(#5652,#5653,#5654,#5655));
#5652 = ORIENTED_EDGE('',*,*,#5621,.F.);
#5653 = ORIENTED_EDGE('',*,*,#4747,.T.);
#5654 = ORIENTED_EDGE('',*,*,#5638,.T.);
#5655 = ORIENTED_EDGE('',*,*,#4376,.F.);
#5656 = PLANE('',#5657);
#5657 = AXIS2_PLACEMENT_3D('',#5658,#5659,#5660);
#5658 = CARTESIAN_POINT('',(2.3347045E+03,-70.866,142.875));
#5659 = DIRECTION('',(0.,0.,1.));
#5660 = DIRECTION('',(1.,0.,-0.));
#5661 = ADVANCED_FACE('',(#5662),#5678,.F.);
#5662 = FACE_BOUND('',#5663,.F.);
#5663 = EDGE_LOOP('',(#5664,#5670,#5671,#5677));
#5664 = ORIENTED_EDGE('',*,*,#5665,.F.);
#5665 = EDGE_CURVE('',#4997,#4393,#5666,.T.);
#5666 = LINE('',#5667,#5668);
#5667 = CARTESIAN_POINT('',(2.3347045E+03,-70.866,675.259));
#5668 = VECTOR('',#5669,1.);
#5669 = DIRECTION('',(-0.,1.,0.));
#5670 = ORIENTED_EDGE('',*,*,#4996,.T.);
#5671 = ORIENTED_EDGE('',*,*,#5672,.T.);
#5672 = EDGE_CURVE('',#4999,#4395,#5673,.T.);
#5673 = LINE('',#5674,#5675);
#5674 = CARTESIAN_POINT('',(2.3505795E+03,-70.866,675.259));
#5675 = VECTOR('',#5676,1.);
#5676 = DIRECTION('',(-0.,1.,0.));
#5677 = ORIENTED_EDGE('',*,*,#4392,.F.);
#5678 = PLANE('',#5679);
#5679 = AXIS2_PLACEMENT_3D('',#5680,#5681,#5682);
#5680 = CARTESIAN_POINT('',(2.3347045E+03,-70.866,675.259));
#5681 = DIRECTION('',(0.,0.,1.));
#5682 = DIRECTION('',(1.,0.,-0.));
#5683 = ADVANCED_FACE('',(#5684),#5695,.T.);
#5684 = FACE_BOUND('',#5685,.T.);
#5685 = EDGE_LOOP('',(#5686,#5687,#5688,#5694));
#5686 = ORIENTED_EDGE('',*,*,#5665,.F.);
#5687 = ORIENTED_EDGE('',*,*,#5006,.T.);
#5688 = ORIENTED_EDGE('',*,*,#5689,.T.);
#5689 = EDGE_CURVE('',#5007,#4403,#5690,.T.);
#5690 = LINE('',#5691,#5692);
#5691 = CARTESIAN_POINT('',(2.3347045E+03,-70.866,646.684));
#5692 = VECTOR('',#5693,1.);
#5693 = DIRECTION('',(-0.,1.,0.));
#5694 = ORIENTED_EDGE('',*,*,#4402,.F.);
#5695 = PLANE('',#5696);
#5696 = AXIS2_PLACEMENT_3D('',#5697,#5698,#5699);
#5697 = CARTESIAN_POINT('',(2.3347045E+03,-70.866,646.684));
#5698 = DIRECTION('',(1.,0.,-0.));
#5699 = DIRECTION('',(0.,0.,1.));
#5700 = ADVANCED_FACE('',(#5701),#5712,.F.);
#5701 = FACE_BOUND('',#5702,.F.);
#5702 = EDGE_LOOP('',(#5703,#5704,#5705,#5711));
#5703 = ORIENTED_EDGE('',*,*,#5672,.F.);
#5704 = ORIENTED_EDGE('',*,*,#5022,.T.);
#5705 = ORIENTED_EDGE('',*,*,#5706,.T.);
#5706 = EDGE_CURVE('',#5015,#4411,#5707,.T.);
#5707 = LINE('',#5708,#5709);
#5708 = CARTESIAN_POINT('',(2.3505795E+03,-70.866,646.684));
#5709 = VECTOR('',#5710,1.);
#5710 = DIRECTION('',(-0.,1.,0.));
#5711 = ORIENTED_EDGE('',*,*,#4418,.F.);
#5712 = PLANE('',#5713);
#5713 = AXIS2_PLACEMENT_3D('',#5714,#5715,#5716);
#5714 = CARTESIAN_POINT('',(2.3505795E+03,-70.866,646.684));
#5715 = DIRECTION('',(1.,0.,-0.));
#5716 = DIRECTION('',(0.,0.,1.));
#5717 = ADVANCED_FACE('',(#5718),#5724,.T.);
#5718 = FACE_BOUND('',#5719,.T.);
#5719 = EDGE_LOOP('',(#5720,#5721,#5722,#5723));
#5720 = ORIENTED_EDGE('',*,*,#5689,.F.);
#5721 = ORIENTED_EDGE('',*,*,#5014,.T.);
#5722 = ORIENTED_EDGE('',*,*,#5706,.T.);
#5723 = ORIENTED_EDGE('',*,*,#4410,.F.);
#5724 = PLANE('',#5725);
#5725 = AXIS2_PLACEMENT_3D('',#5726,#5727,#5728);
#5726 = CARTESIAN_POINT('',(2.3347045E+03,-70.866,646.684));
#5727 = DIRECTION('',(0.,0.,1.));
#5728 = DIRECTION('',(1.,0.,-0.));
#5729 = ADVANCED_FACE('',(#5730),#5746,.F.);
#5730 = FACE_BOUND('',#5731,.F.);
#5731 = EDGE_LOOP('',(#5732,#5738,#5739,#5745));
#5732 = ORIENTED_EDGE('',*,*,#5733,.F.);
#5733 = EDGE_CURVE('',#5257,#4427,#5734,.T.);
#5734 = LINE('',#5735,#5736);
#5735 = CARTESIAN_POINT('',(2.3347045E+03,-70.866,1.2805664E+03));
#5736 = VECTOR('',#5737,1.);
#5737 = DIRECTION('',(-0.,1.,0.));
#5738 = ORIENTED_EDGE('',*,*,#5256,.T.);
#5739 = ORIENTED_EDGE('',*,*,#5740,.T.);
#5740 = EDGE_CURVE('',#5259,#4429,#5741,.T.);
#5741 = LINE('',#5742,#5743);
#5742 = CARTESIAN_POINT('',(2.3505795E+03,-70.866,1.2805664E+03));
#5743 = VECTOR('',#5744,1.);
#5744 = DIRECTION('',(-0.,1.,0.));
#5745 = ORIENTED_EDGE('',*,*,#4426,.F.);
#5746 = PLANE('',#5747);
#5747 = AXIS2_PLACEMENT_3D('',#5748,#5749,#5750);
#5748 = CARTESIAN_POINT('',(2.3347045E+03,-70.866,1.2805664E+03));
#5749 = DIRECTION('',(0.,0.,1.));
#5750 = DIRECTION('',(1.,0.,-0.));
#5751 = ADVANCED_FACE('',(#5752),#5763,.F.);
#5752 = FACE_BOUND('',#5753,.F.);
#5753 = EDGE_LOOP('',(#5754,#5755,#5756,#5762));
#5754 = ORIENTED_EDGE('',*,*,#5740,.F.);
#5755 = ORIENTED_EDGE('',*,*,#5282,.T.);
#5756 = ORIENTED_EDGE('',*,*,#5757,.T.);
#5757 = EDGE_CURVE('',#5275,#4445,#5758,.T.);
#5758 = LINE('',#5759,#5760);
#5759 = CARTESIAN_POINT('',(2.3505795E+03,-70.866,1.2519914E+03));
#5760 = VECTOR('',#5761,1.);
#5761 = DIRECTION('',(-0.,1.,0.));
#5762 = ORIENTED_EDGE('',*,*,#4452,.F.);
#5763 = PLANE('',#5764);
#5764 = AXIS2_PLACEMENT_3D('',#5765,#5766,#5767);
#5765 = CARTESIAN_POINT('',(2.3505795E+03,-70.866,1.2519914E+03));
#5766 = DIRECTION('',(1.,0.,-0.));
#5767 = DIRECTION('',(0.,0.,1.));
#5768 = ADVANCED_FACE('',(#5769),#5780,.T.);
#5769 = FACE_BOUND('',#5770,.T.);
#5770 = EDGE_LOOP('',(#5771,#5777,#5778,#5779));
#5771 = ORIENTED_EDGE('',*,*,#5772,.F.);
#5772 = EDGE_CURVE('',#5267,#4437,#5773,.T.);
#5773 = LINE('',#5774,#5775);
#5774 = CARTESIAN_POINT('',(2.3347045E+03,-70.866,1.2519914E+03));
#5775 = VECTOR('',#5776,1.);
#5776 = DIRECTION('',(-0.,1.,0.));
#5777 = ORIENTED_EDGE('',*,*,#5274,.T.);
#5778 = ORIENTED_EDGE('',*,*,#5757,.T.);
#5779 = ORIENTED_EDGE('',*,*,#4444,.F.);
#5780 = PLANE('',#5781);
#5781 = AXIS2_PLACEMENT_3D('',#5782,#5783,#5784);
#5782 = CARTESIAN_POINT('',(2.3347045E+03,-70.866,1.2519914E+03));
#5783 = DIRECTION('',(0.,0.,1.));
#5784 = DIRECTION('',(1.,0.,-0.));
#5785 = ADVANCED_FACE('',(#5786),#5792,.T.);
#5786 = FACE_BOUND('',#5787,.T.);
#5787 = EDGE_LOOP('',(#5788,#5789,#5790,#5791));
#5788 = ORIENTED_EDGE('',*,*,#5733,.F.);
#5789 = ORIENTED_EDGE('',*,*,#5266,.T.);
#5790 = ORIENTED_EDGE('',*,*,#5772,.T.);
#5791 = ORIENTED_EDGE('',*,*,#4436,.F.);
#5792 = PLANE('',#5793);
#5793 = AXIS2_PLACEMENT_3D('',#5794,#5795,#5796);
#5794 = CARTESIAN_POINT('',(2.3347045E+03,-70.866,1.2519914E+03));
#5795 = DIRECTION('',(1.,0.,-0.));
#5796 = DIRECTION('',(0.,0.,1.));
#5797 = ADVANCED_FACE('',(#5798),#5814,.F.);
#5798 = FACE_BOUND('',#5799,.F.);
#5799 = EDGE_LOOP('',(#5800,#5806,#5807,#5813));
#5800 = ORIENTED_EDGE('',*,*,#5801,.F.);
#5801 = EDGE_CURVE('',#4485,#4795,#5802,.T.);
#5802 = LINE('',#5803,#5804);
#5803 = CARTESIAN_POINT('',(2.3347045E+03,-70.866,171.45));
#5804 = VECTOR('',#5805,1.);
#5805 = DIRECTION('',(-0.,1.,0.));
#5806 = ORIENTED_EDGE('',*,*,#4484,.T.);
#5807 = ORIENTED_EDGE('',*,*,#5808,.T.);
#5808 = EDGE_CURVE('',#4487,#4797,#5809,.T.);
#5809 = LINE('',#5810,#5811);
#5810 = CARTESIAN_POINT('',(2.3505795E+03,-70.866,171.45));
#5811 = VECTOR('',#5812,1.);
#5812 = DIRECTION('',(-0.,1.,0.));
#5813 = ORIENTED_EDGE('',*,*,#4794,.F.);
#5814 = PLANE('',#5815);
#5815 = AXIS2_PLACEMENT_3D('',#5816,#5817,#5818);
#5816 = CARTESIAN_POINT('',(2.3347045E+03,-70.866,171.45));
#5817 = DIRECTION('',(0.,0.,1.));
#5818 = DIRECTION('',(1.,0.,-0.));
#5819 = ADVANCED_FACE('',(#5820),#5831,.T.);
#5820 = FACE_BOUND('',#5821,.T.);
#5821 = EDGE_LOOP('',(#5822,#5823,#5824,#5830));
#5822 = ORIENTED_EDGE('',*,*,#5801,.F.);
#5823 = ORIENTED_EDGE('',*,*,#4494,.T.);
#5824 = ORIENTED_EDGE('',*,*,#5825,.T.);
#5825 = EDGE_CURVE('',#4495,#4805,#5826,.T.);
#5826 = LINE('',#5827,#5828);
#5827 = CARTESIAN_POINT('',(2.3347045E+03,-70.866,142.875));
#5828 = VECTOR('',#5829,1.);
#5829 = DIRECTION('',(-0.,1.,0.));
#5830 = ORIENTED_EDGE('',*,*,#4804,.F.);
#5831 = PLANE('',#5832);
#5832 = AXIS2_PLACEMENT_3D('',#5833,#5834,#5835);
#5833 = CARTESIAN_POINT('',(2.3347045E+03,-70.866,142.875));
#5834 = DIRECTION('',(1.,0.,-0.));
#5835 = DIRECTION('',(0.,0.,1.));
#5836 = ADVANCED_FACE('',(#5837),#5848,.F.);
#5837 = FACE_BOUND('',#5838,.F.);
#5838 = EDGE_LOOP('',(#5839,#5840,#5841,#5847));
#5839 = ORIENTED_EDGE('',*,*,#5808,.F.);
#5840 = ORIENTED_EDGE('',*,*,#4510,.T.);
#5841 = ORIENTED_EDGE('',*,*,#5842,.T.);
#5842 = EDGE_CURVE('',#4503,#4813,#5843,.T.);
#5843 = LINE('',#5844,#5845);
#5844 = CARTESIAN_POINT('',(2.3505795E+03,-70.866,142.875));
#5845 = VECTOR('',#5846,1.);
#5846 = DIRECTION('',(-0.,1.,0.));
#5847 = ORIENTED_EDGE('',*,*,#4820,.F.);
#5848 = PLANE('',#5849);
#5849 = AXIS2_PLACEMENT_3D('',#5850,#5851,#5852);
#5850 = CARTESIAN_POINT('',(2.3505795E+03,-70.866,142.875));
#5851 = DIRECTION('',(1.,0.,-0.));
#5852 = DIRECTION('',(0.,0.,1.));
#5853 = ADVANCED_FACE('',(#5854),#5860,.T.);
#5854 = FACE_BOUND('',#5855,.T.);
#5855 = EDGE_LOOP('',(#5856,#5857,#5858,#5859));
#5856 = ORIENTED_EDGE('',*,*,#5825,.F.);
#5857 = ORIENTED_EDGE('',*,*,#4502,.T.);
#5858 = ORIENTED_EDGE('',*,*,#5842,.T.);
#5859 = ORIENTED_EDGE('',*,*,#4812,.F.);
#5860 = PLANE('',#5861);
#5861 = AXIS2_PLACEMENT_3D('',#5862,#5863,#5864);
#5862 = CARTESIAN_POINT('',(2.3347045E+03,-70.866,142.875));
#5863 = DIRECTION('',(0.,0.,1.));
#5864 = DIRECTION('',(1.,0.,-0.));
#5865 = ADVANCED_FACE('',(#5866),#5882,.F.);
#5866 = FACE_BOUND('',#5867,.F.);
#5867 = EDGE_LOOP('',(#5868,#5874,#5875,#5881));
#5868 = ORIENTED_EDGE('',*,*,#5869,.F.);
#5869 = EDGE_CURVE('',#4519,#5055,#5870,.T.);
#5870 = LINE('',#5871,#5872);
#5871 = CARTESIAN_POINT('',(2.3347045E+03,-70.866,675.259));
#5872 = VECTOR('',#5873,1.);
#5873 = DIRECTION('',(-0.,1.,0.));
#5874 = ORIENTED_EDGE('',*,*,#4518,.T.);
#5875 = ORIENTED_EDGE('',*,*,#5876,.T.);
#5876 = EDGE_CURVE('',#4521,#5057,#5877,.T.);
#5877 = LINE('',#5878,#5879);
#5878 = CARTESIAN_POINT('',(2.3505795E+03,-70.866,675.259));
#5879 = VECTOR('',#5880,1.);
#5880 = DIRECTION('',(-0.,1.,0.));
#5881 = ORIENTED_EDGE('',*,*,#5054,.F.);
#5882 = PLANE('',#5883);
#5883 = AXIS2_PLACEMENT_3D('',#5884,#5885,#5886);
#5884 = CARTESIAN_POINT('',(2.3347045E+03,-70.866,675.259));
#5885 = DIRECTION('',(0.,0.,1.));
#5886 = DIRECTION('',(1.,0.,-0.));
#5887 = ADVANCED_FACE('',(#5888),#5899,.T.);
#5888 = FACE_BOUND('',#5889,.T.);
#5889 = EDGE_LOOP('',(#5890,#5891,#5892,#5898));
#5890 = ORIENTED_EDGE('',*,*,#5869,.F.);
#5891 = ORIENTED_EDGE('',*,*,#4528,.T.);
#5892 = ORIENTED_EDGE('',*,*,#5893,.T.);
#5893 = EDGE_CURVE('',#4529,#5065,#5894,.T.);
#5894 = LINE('',#5895,#5896);
#5895 = CARTESIAN_POINT('',(2.3347045E+03,-70.866,646.684));
#5896 = VECTOR('',#5897,1.);
#5897 = DIRECTION('',(-0.,1.,0.));
#5898 = ORIENTED_EDGE('',*,*,#5064,.F.);
#5899 = PLANE('',#5900);
#5900 = AXIS2_PLACEMENT_3D('',#5901,#5902,#5903);
#5901 = CARTESIAN_POINT('',(2.3347045E+03,-70.866,646.684));
#5902 = DIRECTION('',(1.,0.,-0.));
#5903 = DIRECTION('',(0.,0.,1.));
#5904 = ADVANCED_FACE('',(#5905),#5916,.F.);
#5905 = FACE_BOUND('',#5906,.F.);
#5906 = EDGE_LOOP('',(#5907,#5908,#5909,#5915));
#5907 = ORIENTED_EDGE('',*,*,#5876,.F.);
#5908 = ORIENTED_EDGE('',*,*,#4544,.T.);
#5909 = ORIENTED_EDGE('',*,*,#5910,.T.);
#5910 = EDGE_CURVE('',#4537,#5073,#5911,.T.);
#5911 = LINE('',#5912,#5913);
#5912 = CARTESIAN_POINT('',(2.3505795E+03,-70.866,646.684));
#5913 = VECTOR('',#5914,1.);
#5914 = DIRECTION('',(-0.,1.,0.));
#5915 = ORIENTED_EDGE('',*,*,#5080,.F.);
#5916 = PLANE('',#5917);
#5917 = AXIS2_PLACEMENT_3D('',#5918,#5919,#5920);
#5918 = CARTESIAN_POINT('',(2.3505795E+03,-70.866,646.684));
#5919 = DIRECTION('',(1.,0.,-0.));
#5920 = DIRECTION('',(0.,0.,1.));
#5921 = ADVANCED_FACE('',(#5922),#5928,.T.);
#5922 = FACE_BOUND('',#5923,.T.);
#5923 = EDGE_LOOP('',(#5924,#5925,#5926,#5927));
#5924 = ORIENTED_EDGE('',*,*,#5893,.F.);
#5925 = ORIENTED_EDGE('',*,*,#4536,.T.);
#5926 = ORIENTED_EDGE('',*,*,#5910,.T.);
#5927 = ORIENTED_EDGE('',*,*,#5072,.F.);
#5928 = PLANE('',#5929);
#5929 = AXIS2_PLACEMENT_3D('',#5930,#5931,#5932);
#5930 = CARTESIAN_POINT('',(2.3347045E+03,-70.866,646.684));
#5931 = DIRECTION('',(0.,0.,1.));
#5932 = DIRECTION('',(1.,0.,-0.));
#5933 = ADVANCED_FACE('',(#5934),#5950,.F.);
#5934 = FACE_BOUND('',#5935,.F.);
#5935 = EDGE_LOOP('',(#5936,#5942,#5943,#5949));
#5936 = ORIENTED_EDGE('',*,*,#5937,.F.);
#5937 = EDGE_CURVE('',#4553,#5315,#5938,.T.);
#5938 = LINE('',#5939,#5940);
#5939 = CARTESIAN_POINT('',(2.3347045E+03,-70.866,1.2805664E+03));
#5940 = VECTOR('',#5941,1.);
#5941 = DIRECTION('',(-0.,1.,0.));
#5942 = ORIENTED_EDGE('',*,*,#4552,.T.);
#5943 = ORIENTED_EDGE('',*,*,#5944,.T.);
#5944 = EDGE_CURVE('',#4555,#5317,#5945,.T.);
#5945 = LINE('',#5946,#5947);
#5946 = CARTESIAN_POINT('',(2.3505795E+03,-70.866,1.2805664E+03));
#5947 = VECTOR('',#5948,1.);
#5948 = DIRECTION('',(-0.,1.,0.));
#5949 = ORIENTED_EDGE('',*,*,#5314,.F.);
#5950 = PLANE('',#5951);
#5951 = AXIS2_PLACEMENT_3D('',#5952,#5953,#5954);
#5952 = CARTESIAN_POINT('',(2.3347045E+03,-70.866,1.2805664E+03));
#5953 = DIRECTION('',(0.,0.,1.));
#5954 = DIRECTION('',(1.,0.,-0.));
#5955 = ADVANCED_FACE('',(#5956),#5967,.F.);
#5956 = FACE_BOUND('',#5957,.F.);
#5957 = EDGE_LOOP('',(#5958,#5959,#5960,#5966));
#5958 = ORIENTED_EDGE('',*,*,#5944,.F.);
#5959 = ORIENTED_EDGE('',*,*,#4578,.T.);
#5960 = ORIENTED_EDGE('',*,*,#5961,.T.);
#5961 = EDGE_CURVE('',#4571,#5333,#5962,.T.);
#5962 = LINE('',#5963,#5964);
#5963 = CARTESIAN_POINT('',(2.3505795E+03,-70.866,1.2519914E+03));
#5964 = VECTOR('',#5965,1.);
#5965 = DIRECTION('',(-0.,1.,0.));
#5966 = ORIENTED_EDGE('',*,*,#5340,.F.);
#5967 = PLANE('',#5968);
#5968 = AXIS2_PLACEMENT_3D('',#5969,#5970,#5971);
#5969 = CARTESIAN_POINT('',(2.3505795E+03,-70.866,1.2519914E+03));
#5970 = DIRECTION('',(1.,0.,-0.));
#5971 = DIRECTION('',(0.,0.,1.));
#5972 = ADVANCED_FACE('',(#5973),#5984,.T.);
#5973 = FACE_BOUND('',#5974,.T.);
#5974 = EDGE_LOOP('',(#5975,#5981,#5982,#5983));
#5975 = ORIENTED_EDGE('',*,*,#5976,.F.);
#5976 = EDGE_CURVE('',#4563,#5325,#5977,.T.);
#5977 = LINE('',#5978,#5979);
#5978 = CARTESIAN_POINT('',(2.3347045E+03,-70.866,1.2519914E+03));
#5979 = VECTOR('',#5980,1.);
#5980 = DIRECTION('',(-0.,1.,0.));
#5981 = ORIENTED_EDGE('',*,*,#4570,.T.);
#5982 = ORIENTED_EDGE('',*,*,#5961,.T.);
#5983 = ORIENTED_EDGE('',*,*,#5332,.F.);
#5984 = PLANE('',#5985);
#5985 = AXIS2_PLACEMENT_3D('',#5986,#5987,#5988);
#5986 = CARTESIAN_POINT('',(2.3347045E+03,-70.866,1.2519914E+03));
#5987 = DIRECTION('',(0.,0.,1.));
#5988 = DIRECTION('',(1.,0.,-0.));
#5989 = ADVANCED_FACE('',(#5990),#5996,.T.);
#5990 = FACE_BOUND('',#5991,.T.);
#5991 = EDGE_LOOP('',(#5992,#5993,#5994,#5995));
#5992 = ORIENTED_EDGE('',*,*,#5937,.F.);
#5993 = ORIENTED_EDGE('',*,*,#4562,.T.);
#5994 = ORIENTED_EDGE('',*,*,#5976,.T.);
#5995 = ORIENTED_EDGE('',*,*,#5324,.F.);
#5996 = PLANE('',#5997);
#5997 = AXIS2_PLACEMENT_3D('',#5998,#5999,#6000);
#5998 = CARTESIAN_POINT('',(2.3347045E+03,-70.866,1.2519914E+03));
#5999 = DIRECTION('',(1.,0.,-0.));
#6000 = DIRECTION('',(0.,0.,1.));
#6001 = ADVANCED_FACE('',(#6002),#6034,.T.);
#6002 = FACE_BOUND('',#6003,.T.);
#6003 = EDGE_LOOP('',(#6004,#6012,#6020,#6026,#6027,#6033));
#6004 = ORIENTED_EDGE('',*,*,#6005,.F.);
#6005 = EDGE_CURVE('',#6006,#4667,#6008,.T.);
#6006 = VERTEX_POINT('',#6007);
#6007 = CARTESIAN_POINT('',(2.3495E+03,-57.15,-88.9));
#6008 = LINE('',#6009,#6010);
#6009 = CARTESIAN_POINT('',(2.3495E+03,-57.15,-88.9));
#6010 = VECTOR('',#6011,1.);
#6011 = DIRECTION('',(0.,0.,1.));
#6012 = ORIENTED_EDGE('',*,*,#6013,.T.);
#6013 = EDGE_CURVE('',#6006,#6014,#6016,.T.);
#6014 = VERTEX_POINT('',#6015);
#6015 = CARTESIAN_POINT('',(2.3495E+03,57.15,-88.9));
#6016 = LINE('',#6017,#6018);
#6017 = CARTESIAN_POINT('',(2.3495E+03,-57.15,-88.9));
#6018 = VECTOR('',#6019,1.);
#6019 = DIRECTION('',(-0.,1.,0.));
#6020 = ORIENTED_EDGE('',*,*,#6021,.T.);
#6021 = EDGE_CURVE('',#6014,#4610,#6022,.T.);
#6022 = LINE('',#6023,#6024);
#6023 = CARTESIAN_POINT('',(2.3495E+03,57.15,-88.9));
#6024 = VECTOR('',#6025,1.);
#6025 = DIRECTION('',(0.,0.,1.));
#6026 = ORIENTED_EDGE('',*,*,#4617,.F.);
#6027 = ORIENTED_EDGE('',*,*,#6028,.F.);
#6028 = EDGE_CURVE('',#4659,#4618,#6029,.T.);
#6029 = LINE('',#6030,#6031);
#6030 = CARTESIAN_POINT('',(2.3495E+03,-57.15,0.));
#6031 = VECTOR('',#6032,1.);
#6032 = DIRECTION('',(-0.,1.,0.));
#6033 = ORIENTED_EDGE('',*,*,#4666,.F.);
#6034 = PLANE('',#6035);
#6035 = AXIS2_PLACEMENT_3D('',#6036,#6037,#6038);
#6036 = CARTESIAN_POINT('',(2.3495E+03,-57.15,-88.9));
#6037 = DIRECTION('',(1.,0.,-0.));
#6038 = DIRECTION('',(0.,0.,1.));
#6039 = ADVANCED_FACE('',(#6040),#6058,.T.);
#6040 = FACE_BOUND('',#6041,.T.);
#6041 = EDGE_LOOP('',(#6042,#6050,#6056,#6057));
#6042 = ORIENTED_EDGE('',*,*,#6043,.F.);
#6043 = EDGE_CURVE('',#6044,#6014,#6046,.T.);
#6044 = VERTEX_POINT('',#6045);
#6045 = CARTESIAN_POINT('',(2.286E+03,57.15,-88.9));
#6046 = LINE('',#6047,#6048);
#6047 = CARTESIAN_POINT('',(2.286E+03,57.15,-88.9));
#6048 = VECTOR('',#6049,1.);
#6049 = DIRECTION('',(1.,0.,-0.));
#6050 = ORIENTED_EDGE('',*,*,#6051,.T.);
#6051 = EDGE_CURVE('',#6044,#4602,#6052,.T.);
#6052 = LINE('',#6053,#6054);
#6053 = CARTESIAN_POINT('',(2.286E+03,57.15,-88.9));
#6054 = VECTOR('',#6055,1.);
#6055 = DIRECTION('',(0.,0.,1.));
#6056 = ORIENTED_EDGE('',*,*,#4609,.T.);
#6057 = ORIENTED_EDGE('',*,*,#6021,.F.);
#6058 = PLANE('',#6059);
#6059 = AXIS2_PLACEMENT_3D('',#6060,#6061,#6062);
#6060 = CARTESIAN_POINT('',(2.286E+03,57.15,-88.9));
#6061 = DIRECTION('',(-0.,1.,0.));
#6062 = DIRECTION('',(0.,0.,1.));
#6063 = ADVANCED_FACE('',(#6064),#6089,.F.);
#6064 = FACE_BOUND('',#6065,.F.);
#6065 = EDGE_LOOP('',(#6066,#6074,#6080,#6081,#6082,#6088));
#6066 = ORIENTED_EDGE('',*,*,#6067,.F.);
#6067 = EDGE_CURVE('',#6068,#4675,#6070,.T.);
#6068 = VERTEX_POINT('',#6069);
#6069 = CARTESIAN_POINT('',(2.286E+03,-57.15,-88.9));
#6070 = LINE('',#6071,#6072);
#6071 = CARTESIAN_POINT('',(2.286E+03,-57.15,-88.9));
#6072 = VECTOR('',#6073,1.);
#6073 = DIRECTION('',(0.,0.,1.));
#6074 = ORIENTED_EDGE('',*,*,#6075,.T.);
#6075 = EDGE_CURVE('',#6068,#6044,#6076,.T.);
#6076 = LINE('',#6077,#6078);
#6077 = CARTESIAN_POINT('',(2.286E+03,-57.15,-88.9));
#6078 = VECTOR('',#6079,1.);
#6079 = DIRECTION('',(-0.,1.,0.));
#6080 = ORIENTED_EDGE('',*,*,#6051,.T.);
#6081 = ORIENTED_EDGE('',*,*,#4601,.F.);
#6082 = ORIENTED_EDGE('',*,*,#6083,.F.);
#6083 = EDGE_CURVE('',#4683,#4594,#6084,.T.);
#6084 = LINE('',#6085,#6086);
#6085 = CARTESIAN_POINT('',(2.286E+03,-57.15,0.));
#6086 = VECTOR('',#6087,1.);
#6087 = DIRECTION('',(-0.,1.,0.));
#6088 = ORIENTED_EDGE('',*,*,#4682,.F.);
#6089 = PLANE('',#6090);
#6090 = AXIS2_PLACEMENT_3D('',#6091,#6092,#6093);
#6091 = CARTESIAN_POINT('',(2.286E+03,-57.15,-88.9));
#6092 = DIRECTION('',(1.,0.,-0.));
#6093 = DIRECTION('',(0.,0.,1.));
#6094 = ADVANCED_FACE('',(#6095),#6106,.F.);
#6095 = FACE_BOUND('',#6096,.F.);
#6096 = EDGE_LOOP('',(#6097,#6103,#6104,#6105));
#6097 = ORIENTED_EDGE('',*,*,#6098,.F.);
#6098 = EDGE_CURVE('',#6068,#6006,#6099,.T.);
#6099 = LINE('',#6100,#6101);
#6100 = CARTESIAN_POINT('',(2.286E+03,-57.15,-88.9));
#6101 = VECTOR('',#6102,1.);
#6102 = DIRECTION('',(1.,0.,-0.));
#6103 = ORIENTED_EDGE('',*,*,#6067,.T.);
#6104 = ORIENTED_EDGE('',*,*,#4674,.T.);
#6105 = ORIENTED_EDGE('',*,*,#6005,.F.);
#6106 = PLANE('',#6107);
#6107 = AXIS2_PLACEMENT_3D('',#6108,#6109,#6110);
#6108 = CARTESIAN_POINT('',(2.286E+03,-57.15,-88.9));
#6109 = DIRECTION('',(-0.,1.,0.));
#6110 = DIRECTION('',(0.,0.,1.));
#6111 = ADVANCED_FACE('',(#6112),#6118,.T.);
#6112 = FACE_BOUND('',#6113,.T.);
#6113 = EDGE_LOOP('',(#6114,#6115,#6116,#6117));
#6114 = ORIENTED_EDGE('',*,*,#4721,.F.);
#6115 = ORIENTED_EDGE('',*,*,#6083,.F.);
#6116 = ORIENTED_EDGE('',*,*,#4786,.T.);
#6117 = ORIENTED_EDGE('',*,*,#6028,.T.);
#6118 = PLANE('',#6119);
#6119 = AXIS2_PLACEMENT_3D('',#6120,#6121,#6122);
#6120 = CARTESIAN_POINT('',(2.272284E+03,-19.431,0.));
#6121 = DIRECTION('',(0.,0.,1.));
#6122 = DIRECTION('',(1.,0.,-0.));
#6123 = ADVANCED_FACE('',(#6124),#6130,.F.);
#6124 = FACE_BOUND('',#6125,.F.);
#6125 = EDGE_LOOP('',(#6126,#6127,#6128,#6129));
#6126 = ORIENTED_EDGE('',*,*,#4916,.F.);
#6127 = ORIENTED_EDGE('',*,*,#4868,.T.);
#6128 = ORIENTED_EDGE('',*,*,#4892,.T.);
#6129 = ORIENTED_EDGE('',*,*,#4933,.F.);
#6130 = PLANE('',#6131);
#6131 = AXIS2_PLACEMENT_3D('',#6132,#6133,#6134);
#6132 = CARTESIAN_POINT('',(2.283333E+03,-9.906,304.8));
#6133 = DIRECTION('',(1.,0.,-0.));
#6134 = DIRECTION('',(0.,0.,1.));
#6135 = ADVANCED_FACE('',(#6136),#6142,.F.);
#6136 = FACE_BOUND('',#6137,.F.);
#6137 = EDGE_LOOP('',(#6138,#6139,#6140,#6141));
#6138 = ORIENTED_EDGE('',*,*,#5176,.F.);
#6139 = ORIENTED_EDGE('',*,*,#5128,.T.);
#6140 = ORIENTED_EDGE('',*,*,#5152,.T.);
#6141 = ORIENTED_EDGE('',*,*,#5193,.F.);
#6142 = PLANE('',#6143);
#6143 = AXIS2_PLACEMENT_3D('',#6144,#6145,#6146);
#6144 = CARTESIAN_POINT('',(2.283333E+03,-9.906,783.209));
#6145 = DIRECTION('',(1.,0.,-0.));
#6146 = DIRECTION('',(0.,0.,1.));
#6147 = ADVANCED_FACE('',(#6148),#6154,.F.);
#6148 = FACE_BOUND('',#6149,.F.);
#6149 = EDGE_LOOP('',(#6150,#6151,#6152,#6153));
#6150 = ORIENTED_EDGE('',*,*,#5453,.F.);
#6151 = ORIENTED_EDGE('',*,*,#5388,.T.);
#6152 = ORIENTED_EDGE('',*,*,#5412,.T.);
#6153 = ORIENTED_EDGE('',*,*,#5436,.F.);
#6154 = PLANE('',#6155);
#6155 = AXIS2_PLACEMENT_3D('',#6156,#6157,#6158);
#6156 = CARTESIAN_POINT('',(2.283333E+03,-9.906,1.3885164E+03));
#6157 = DIRECTION('',(1.,0.,-0.));
#6158 = DIRECTION('',(0.,0.,1.));
#6159 = ADVANCED_FACE('',(#6160),#6185,.T.);
#6160 = FACE_BOUND('',#6161,.T.);
#6161 = EDGE_LOOP('',(#6162,#6170,#6178,#6184));
#6162 = ORIENTED_EDGE('',*,*,#6163,.F.);
#6163 = EDGE_CURVE('',#6164,#5478,#6166,.T.);
#6164 = VERTEX_POINT('',#6165);
#6165 = CARTESIAN_POINT('',(2.352167E+03,9.906,304.8));
#6166 = LINE('',#6167,#6168);
#6167 = CARTESIAN_POINT('',(2.352167E+03,9.906,304.8));
#6168 = VECTOR('',#6169,1.);
#6169 = DIRECTION('',(1.,0.,-0.));
#6170 = ORIENTED_EDGE('',*,*,#6171,.F.);
#6171 = EDGE_CURVE('',#6172,#6164,#6174,.T.);
#6172 = VERTEX_POINT('',#6173);
#6173 = CARTESIAN_POINT('',(2.352167E+03,-9.906,304.8));
#6174 = LINE('',#6175,#6176);
#6175 = CARTESIAN_POINT('',(2.352167E+03,-9.906,304.8));
#6176 = VECTOR('',#6177,1.);
#6177 = DIRECTION('',(-0.,1.,0.));
#6178 = ORIENTED_EDGE('',*,*,#6179,.T.);
#6179 = EDGE_CURVE('',#6172,#5480,#6180,.T.);
#6180 = LINE('',#6181,#6182);
#6181 = CARTESIAN_POINT('',(2.352167E+03,-9.906,304.8));
#6182 = VECTOR('',#6183,1.);
#6183 = DIRECTION('',(1.,0.,-0.));
#6184 = ORIENTED_EDGE('',*,*,#5477,.F.);
#6185 = PLANE('',#6186);
#6186 = AXIS2_PLACEMENT_3D('',#6187,#6188,#6189);
#6187 = CARTESIAN_POINT('',(2.352167E+03,-9.906,304.8));
#6188 = DIRECTION('',(0.,0.,1.));
#6189 = DIRECTION('',(1.,0.,-0.));
#6190 = ADVANCED_FACE('',(#6191),#6209,.F.);
#6191 = FACE_BOUND('',#6192,.F.);
#6192 = EDGE_LOOP('',(#6193,#6194,#6202,#6208));
#6193 = ORIENTED_EDGE('',*,*,#6163,.F.);
#6194 = ORIENTED_EDGE('',*,*,#6195,.T.);
#6195 = EDGE_CURVE('',#6164,#6196,#6198,.T.);
#6196 = VERTEX_POINT('',#6197);
#6197 = CARTESIAN_POINT('',(2.352167E+03,9.906,511.175));
#6198 = LINE('',#6199,#6200);
#6199 = CARTESIAN_POINT('',(2.352167E+03,9.906,304.8));
#6200 = VECTOR('',#6201,1.);
#6201 = DIRECTION('',(0.,0.,1.));
#6202 = ORIENTED_EDGE('',*,*,#6203,.T.);
#6203 = EDGE_CURVE('',#6196,#5496,#6204,.T.);
#6204 = LINE('',#6205,#6206);
#6205 = CARTESIAN_POINT('',(2.352167E+03,9.906,511.175));
#6206 = VECTOR('',#6207,1.);
#6207 = DIRECTION('',(1.,0.,-0.));
#6208 = ORIENTED_EDGE('',*,*,#5503,.F.);
#6209 = PLANE('',#6210);
#6210 = AXIS2_PLACEMENT_3D('',#6211,#6212,#6213);
#6211 = CARTESIAN_POINT('',(2.352167E+03,9.906,304.8));
#6212 = DIRECTION('',(-0.,1.,0.));
#6213 = DIRECTION('',(0.,0.,1.));
#6214 = ADVANCED_FACE('',(#6215),#6233,.T.);
#6215 = FACE_BOUND('',#6216,.T.);
#6216 = EDGE_LOOP('',(#6217,#6218,#6226,#6232));
#6217 = ORIENTED_EDGE('',*,*,#6179,.F.);
#6218 = ORIENTED_EDGE('',*,*,#6219,.T.);
#6219 = EDGE_CURVE('',#6172,#6220,#6222,.T.);
#6220 = VERTEX_POINT('',#6221);
#6221 = CARTESIAN_POINT('',(2.352167E+03,-9.906,511.175));
#6222 = LINE('',#6223,#6224);
#6223 = CARTESIAN_POINT('',(2.352167E+03,-9.906,304.8));
#6224 = VECTOR('',#6225,1.);
#6225 = DIRECTION('',(0.,0.,1.));
#6226 = ORIENTED_EDGE('',*,*,#6227,.T.);
#6227 = EDGE_CURVE('',#6220,#5488,#6228,.T.);
#6228 = LINE('',#6229,#6230);
#6229 = CARTESIAN_POINT('',(2.352167E+03,-9.906,511.175));
#6230 = VECTOR('',#6231,1.);
#6231 = DIRECTION('',(1.,0.,-0.));
#6232 = ORIENTED_EDGE('',*,*,#5487,.F.);
#6233 = PLANE('',#6234);
#6234 = AXIS2_PLACEMENT_3D('',#6235,#6236,#6237);
#6235 = CARTESIAN_POINT('',(2.352167E+03,-9.906,304.8));
#6236 = DIRECTION('',(-0.,1.,0.));
#6237 = DIRECTION('',(0.,0.,1.));
#6238 = ADVANCED_FACE('',(#6239),#6250,.F.);
#6239 = FACE_BOUND('',#6240,.F.);
#6240 = EDGE_LOOP('',(#6241,#6242,#6248,#6249));
#6241 = ORIENTED_EDGE('',*,*,#6203,.F.);
#6242 = ORIENTED_EDGE('',*,*,#6243,.F.);
#6243 = EDGE_CURVE('',#6220,#6196,#6244,.T.);
#6244 = LINE('',#6245,#6246);
#6245 = CARTESIAN_POINT('',(2.352167E+03,-9.906,511.175));
#6246 = VECTOR('',#6247,1.);
#6247 = DIRECTION('',(-0.,1.,0.));
#6248 = ORIENTED_EDGE('',*,*,#6227,.T.);
#6249 = ORIENTED_EDGE('',*,*,#5495,.F.);
#6250 = PLANE('',#6251);
#6251 = AXIS2_PLACEMENT_3D('',#6252,#6253,#6254);
#6252 = CARTESIAN_POINT('',(2.352167E+03,-9.906,511.175));
#6253 = DIRECTION('',(0.,0.,1.));
#6254 = DIRECTION('',(1.,0.,-0.));
#6255 = ADVANCED_FACE('',(#6256),#6281,.T.);
#6256 = FACE_BOUND('',#6257,.T.);
#6257 = EDGE_LOOP('',(#6258,#6266,#6274,#6280));
#6258 = ORIENTED_EDGE('',*,*,#6259,.F.);
#6259 = EDGE_CURVE('',#6260,#5518,#6262,.T.);
#6260 = VERTEX_POINT('',#6261);
#6261 = CARTESIAN_POINT('',(2.352167E+03,9.906,783.209));
#6262 = LINE('',#6263,#6264);
#6263 = CARTESIAN_POINT('',(2.352167E+03,9.906,783.209));
#6264 = VECTOR('',#6265,1.);
#6265 = DIRECTION('',(1.,0.,-0.));
#6266 = ORIENTED_EDGE('',*,*,#6267,.F.);
#6267 = EDGE_CURVE('',#6268,#6260,#6270,.T.);
#6268 = VERTEX_POINT('',#6269);
#6269 = CARTESIAN_POINT('',(2.352167E+03,-9.906,783.209));
#6270 = LINE('',#6271,#6272);
#6271 = CARTESIAN_POINT('',(2.352167E+03,-9.906,783.209));
#6272 = VECTOR('',#6273,1.);
#6273 = DIRECTION('',(-0.,1.,0.));
#6274 = ORIENTED_EDGE('',*,*,#6275,.T.);
#6275 = EDGE_CURVE('',#6268,#5520,#6276,.T.);
#6276 = LINE('',#6277,#6278);
#6277 = CARTESIAN_POINT('',(2.352167E+03,-9.906,783.209));
#6278 = VECTOR('',#6279,1.);
#6279 = DIRECTION('',(1.,0.,-0.));
#6280 = ORIENTED_EDGE('',*,*,#5517,.F.);
#6281 = PLANE('',#6282);
#6282 = AXIS2_PLACEMENT_3D('',#6283,#6284,#6285);
#6283 = CARTESIAN_POINT('',(2.352167E+03,-9.906,783.209));
#6284 = DIRECTION('',(0.,0.,1.));
#6285 = DIRECTION('',(1.,0.,-0.));
#6286 = ADVANCED_FACE('',(#6287),#6305,.F.);
#6287 = FACE_BOUND('',#6288,.F.);
#6288 = EDGE_LOOP('',(#6289,#6290,#6298,#6304));
#6289 = ORIENTED_EDGE('',*,*,#6259,.F.);
#6290 = ORIENTED_EDGE('',*,*,#6291,.T.);
#6291 = EDGE_CURVE('',#6260,#6292,#6294,.T.);
#6292 = VERTEX_POINT('',#6293);
#6293 = CARTESIAN_POINT('',(2.352167E+03,9.906,1.1164824E+03));
#6294 = LINE('',#6295,#6296);
#6295 = CARTESIAN_POINT('',(2.352167E+03,9.906,783.209));
#6296 = VECTOR('',#6297,1.);
#6297 = DIRECTION('',(0.,0.,1.));
#6298 = ORIENTED_EDGE('',*,*,#6299,.T.);
#6299 = EDGE_CURVE('',#6292,#5536,#6300,.T.);
#6300 = LINE('',#6301,#6302);
#6301 = CARTESIAN_POINT('',(2.352167E+03,9.906,1.1164824E+03));
#6302 = VECTOR('',#6303,1.);
#6303 = DIRECTION('',(1.,0.,-0.));
#6304 = ORIENTED_EDGE('',*,*,#5543,.F.);
#6305 = PLANE('',#6306);
#6306 = AXIS2_PLACEMENT_3D('',#6307,#6308,#6309);
#6307 = CARTESIAN_POINT('',(2.352167E+03,9.906,783.209));
#6308 = DIRECTION('',(-0.,1.,0.));
#6309 = DIRECTION('',(0.,0.,1.));
#6310 = ADVANCED_FACE('',(#6311),#6329,.T.);
#6311 = FACE_BOUND('',#6312,.T.);
#6312 = EDGE_LOOP('',(#6313,#6314,#6322,#6328));
#6313 = ORIENTED_EDGE('',*,*,#6275,.F.);
#6314 = ORIENTED_EDGE('',*,*,#6315,.T.);
#6315 = EDGE_CURVE('',#6268,#6316,#6318,.T.);
#6316 = VERTEX_POINT('',#6317);
#6317 = CARTESIAN_POINT('',(2.352167E+03,-9.906,1.1164824E+03));
#6318 = LINE('',#6319,#6320);
#6319 = CARTESIAN_POINT('',(2.352167E+03,-9.906,783.209));
#6320 = VECTOR('',#6321,1.);
#6321 = DIRECTION('',(0.,0.,1.));
#6322 = ORIENTED_EDGE('',*,*,#6323,.T.);
#6323 = EDGE_CURVE('',#6316,#5528,#6324,.T.);
#6324 = LINE('',#6325,#6326);
#6325 = CARTESIAN_POINT('',(2.352167E+03,-9.906,1.1164824E+03));
#6326 = VECTOR('',#6327,1.);
#6327 = DIRECTION('',(1.,0.,-0.));
#6328 = ORIENTED_EDGE('',*,*,#5527,.F.);
#6329 = PLANE('',#6330);
#6330 = AXIS2_PLACEMENT_3D('',#6331,#6332,#6333);
#6331 = CARTESIAN_POINT('',(2.352167E+03,-9.906,783.209));
#6332 = DIRECTION('',(-0.,1.,0.));
#6333 = DIRECTION('',(0.,0.,1.));
#6334 = ADVANCED_FACE('',(#6335),#6346,.F.);
#6335 = FACE_BOUND('',#6336,.F.);
#6336 = EDGE_LOOP('',(#6337,#6338,#6344,#6345));
#6337 = ORIENTED_EDGE('',*,*,#6299,.F.);
#6338 = ORIENTED_EDGE('',*,*,#6339,.F.);
#6339 = EDGE_CURVE('',#6316,#6292,#6340,.T.);
#6340 = LINE('',#6341,#6342);
#6341 = CARTESIAN_POINT('',(2.352167E+03,-9.906,1.1164824E+03));
#6342 = VECTOR('',#6343,1.);
#6343 = DIRECTION('',(-0.,1.,0.));
#6344 = ORIENTED_EDGE('',*,*,#6323,.T.);
#6345 = ORIENTED_EDGE('',*,*,#5535,.F.);
#6346 = PLANE('',#6347);
#6347 = AXIS2_PLACEMENT_3D('',#6348,#6349,#6350);
#6348 = CARTESIAN_POINT('',(2.352167E+03,-9.906,1.1164824E+03));
#6349 = DIRECTION('',(0.,0.,1.));
#6350 = DIRECTION('',(1.,0.,-0.));
#6351 = ADVANCED_FACE('',(#6352),#6377,.T.);
#6352 = FACE_BOUND('',#6353,.T.);
#6353 = EDGE_LOOP('',(#6354,#6362,#6370,#6376));
#6354 = ORIENTED_EDGE('',*,*,#6355,.F.);
#6355 = EDGE_CURVE('',#6356,#5558,#6358,.T.);
#6356 = VERTEX_POINT('',#6357);
#6357 = CARTESIAN_POINT('',(2.352167E+03,9.906,1.3885164E+03));
#6358 = LINE('',#6359,#6360);
#6359 = CARTESIAN_POINT('',(2.352167E+03,9.906,1.3885164E+03));
#6360 = VECTOR('',#6361,1.);
#6361 = DIRECTION('',(1.,0.,-0.));
#6362 = ORIENTED_EDGE('',*,*,#6363,.F.);
#6363 = EDGE_CURVE('',#6364,#6356,#6366,.T.);
#6364 = VERTEX_POINT('',#6365);
#6365 = CARTESIAN_POINT('',(2.352167E+03,-9.906,1.3885164E+03));
#6366 = LINE('',#6367,#6368);
#6367 = CARTESIAN_POINT('',(2.352167E+03,-9.906,1.3885164E+03));
#6368 = VECTOR('',#6369,1.);
#6369 = DIRECTION('',(-0.,1.,0.));
#6370 = ORIENTED_EDGE('',*,*,#6371,.T.);
#6371 = EDGE_CURVE('',#6364,#5560,#6372,.T.);
#6372 = LINE('',#6373,#6374);
#6373 = CARTESIAN_POINT('',(2.352167E+03,-9.906,1.3885164E+03));
#6374 = VECTOR('',#6375,1.);
#6375 = DIRECTION('',(1.,0.,-0.));
#6376 = ORIENTED_EDGE('',*,*,#5557,.F.);
#6377 = PLANE('',#6378);
#6378 = AXIS2_PLACEMENT_3D('',#6379,#6380,#6381);
#6379 = CARTESIAN_POINT('',(2.352167E+03,-9.906,1.3885164E+03));
#6380 = DIRECTION('',(0.,0.,1.));
#6381 = DIRECTION('',(1.,0.,-0.));
#6382 = ADVANCED_FACE('',(#6383),#6401,.F.);
#6383 = FACE_BOUND('',#6384,.F.);
#6384 = EDGE_LOOP('',(#6385,#6386,#6394,#6400));
#6385 = ORIENTED_EDGE('',*,*,#6355,.F.);
#6386 = ORIENTED_EDGE('',*,*,#6387,.T.);
#6387 = EDGE_CURVE('',#6356,#6388,#6390,.T.);
#6388 = VERTEX_POINT('',#6389);
#6389 = CARTESIAN_POINT('',(2.352167E+03,9.906,1.5948914E+03));
#6390 = LINE('',#6391,#6392);
#6391 = CARTESIAN_POINT('',(2.352167E+03,9.906,1.3885164E+03));
#6392 = VECTOR('',#6393,1.);
#6393 = DIRECTION('',(0.,0.,1.));
#6394 = ORIENTED_EDGE('',*,*,#6395,.T.);
#6395 = EDGE_CURVE('',#6388,#5576,#6396,.T.);
#6396 = LINE('',#6397,#6398);
#6397 = CARTESIAN_POINT('',(2.352167E+03,9.906,1.5948914E+03));
#6398 = VECTOR('',#6399,1.);
#6399 = DIRECTION('',(1.,0.,-0.));
#6400 = ORIENTED_EDGE('',*,*,#5583,.F.);
#6401 = PLANE('',#6402);
#6402 = AXIS2_PLACEMENT_3D('',#6403,#6404,#6405);
#6403 = CARTESIAN_POINT('',(2.352167E+03,9.906,1.3885164E+03));
#6404 = DIRECTION('',(-0.,1.,0.));
#6405 = DIRECTION('',(0.,0.,1.));
#6406 = ADVANCED_FACE('',(#6407),#6425,.F.);
#6407 = FACE_BOUND('',#6408,.F.);
#6408 = EDGE_LOOP('',(#6409,#6410,#6418,#6424));
#6409 = ORIENTED_EDGE('',*,*,#6395,.F.);
#6410 = ORIENTED_EDGE('',*,*,#6411,.F.);
#6411 = EDGE_CURVE('',#6412,#6388,#6414,.T.);
#6412 = VERTEX_POINT('',#6413);
#6413 = CARTESIAN_POINT('',(2.352167E+03,-9.906,1.5948914E+03));
#6414 = LINE('',#6415,#6416);
#6415 = CARTESIAN_POINT('',(2.352167E+03,-9.906,1.5948914E+03));
#6416 = VECTOR('',#6417,1.);
#6417 = DIRECTION('',(-0.,1.,0.));
#6418 = ORIENTED_EDGE('',*,*,#6419,.T.);
#6419 = EDGE_CURVE('',#6412,#5568,#6420,.T.);
#6420 = LINE('',#6421,#6422);
#6421 = CARTESIAN_POINT('',(2.352167E+03,-9.906,1.5948914E+03));
#6422 = VECTOR('',#6423,1.);
#6423 = DIRECTION('',(1.,0.,-0.));
#6424 = ORIENTED_EDGE('',*,*,#5575,.F.);
#6425 = PLANE('',#6426);
#6426 = AXIS2_PLACEMENT_3D('',#6427,#6428,#6429);
#6427 = CARTESIAN_POINT('',(2.352167E+03,-9.906,1.5948914E+03));
#6428 = DIRECTION('',(0.,0.,1.));
#6429 = DIRECTION('',(1.,0.,-0.));
#6430 = ADVANCED_FACE('',(#6431),#6442,.T.);
#6431 = FACE_BOUND('',#6432,.T.);
#6432 = EDGE_LOOP('',(#6433,#6434,#6440,#6441));
#6433 = ORIENTED_EDGE('',*,*,#6371,.F.);
#6434 = ORIENTED_EDGE('',*,*,#6435,.T.);
#6435 = EDGE_CURVE('',#6364,#6412,#6436,.T.);
#6436 = LINE('',#6437,#6438);
#6437 = CARTESIAN_POINT('',(2.352167E+03,-9.906,1.3885164E+03));
#6438 = VECTOR('',#6439,1.);
#6439 = DIRECTION('',(0.,0.,1.));
#6440 = ORIENTED_EDGE('',*,*,#6419,.T.);
#6441 = ORIENTED_EDGE('',*,*,#5567,.F.);
#6442 = PLANE('',#6443);
#6443 = AXIS2_PLACEMENT_3D('',#6444,#6445,#6446);
#6444 = CARTESIAN_POINT('',(2.352167E+03,-9.906,1.3885164E+03));
#6445 = DIRECTION('',(-0.,1.,0.));
#6446 = DIRECTION('',(0.,0.,1.));
#6447 = ADVANCED_FACE('',(#6448),#6454,.F.);
#6448 = FACE_BOUND('',#6449,.F.);
#6449 = EDGE_LOOP('',(#6450,#6451,#6452,#6453));
#6450 = ORIENTED_EDGE('',*,*,#6075,.F.);
#6451 = ORIENTED_EDGE('',*,*,#6098,.T.);
#6452 = ORIENTED_EDGE('',*,*,#6013,.T.);
#6453 = ORIENTED_EDGE('',*,*,#6043,.F.);
#6454 = PLANE('',#6455);
#6455 = AXIS2_PLACEMENT_3D('',#6456,#6457,#6458);
#6456 = CARTESIAN_POINT('',(2.286E+03,-57.15,-88.9));
#6457 = DIRECTION('',(0.,0.,1.));
#6458 = DIRECTION('',(1.,0.,-0.));
#6459 = ADVANCED_FACE('',(#6460),#6466,.T.);
#6460 = FACE_BOUND('',#6461,.T.);
#6461 = EDGE_LOOP('',(#6462,#6463,#6464,#6465));
#6462 = ORIENTED_EDGE('',*,*,#6219,.F.);
#6463 = ORIENTED_EDGE('',*,*,#6171,.T.);
#6464 = ORIENTED_EDGE('',*,*,#6195,.T.);
#6465 = ORIENTED_EDGE('',*,*,#6243,.F.);
#6466 = PLANE('',#6467);
#6467 = AXIS2_PLACEMENT_3D('',#6468,#6469,#6470);
#6468 = CARTESIAN_POINT('',(2.352167E+03,-9.906,304.8));
#6469 = DIRECTION('',(1.,0.,-0.));
#6470 = DIRECTION('',(0.,0.,1.));
#6471 = ADVANCED_FACE('',(#6472),#6478,.T.);
#6472 = FACE_BOUND('',#6473,.T.);
#6473 = EDGE_LOOP('',(#6474,#6475,#6476,#6477));
#6474 = ORIENTED_EDGE('',*,*,#6315,.F.);
#6475 = ORIENTED_EDGE('',*,*,#6267,.T.);
#6476 = ORIENTED_EDGE('',*,*,#6291,.T.);
#6477 = ORIENTED_EDGE('',*,*,#6339,.F.);
#6478 = PLANE('',#6479);
#6479 = AXIS2_PLACEMENT_3D('',#6480,#6481,#6482);
#6480 = CARTESIAN_POINT('',(2.352167E+03,-9.906,783.209));
#6481 = DIRECTION('',(1.,0.,-0.));
#6482 = DIRECTION('',(0.,0.,1.));
#6483 = ADVANCED_FACE('',(#6484),#6490,.T.);
#6484 = FACE_BOUND('',#6485,.T.);
#6485 = EDGE_LOOP('',(#6486,#6487,#6488,#6489));
#6486 = ORIENTED_EDGE('',*,*,#6435,.F.);
#6487 = ORIENTED_EDGE('',*,*,#6363,.T.);
#6488 = ORIENTED_EDGE('',*,*,#6387,.T.);
#6489 = ORIENTED_EDGE('',*,*,#6411,.F.);
#6490 = PLANE('',#6491);
#6491 = AXIS2_PLACEMENT_3D('',#6492,#6493,#6494);
#6492 = CARTESIAN_POINT('',(2.352167E+03,-9.906,1.3885164E+03));
#6493 = DIRECTION('',(1.,0.,-0.));
#6494 = DIRECTION('',(0.,0.,1.));
#6495 = ( GEOMETRIC_REPRESENTATION_CONTEXT(3) 
GLOBAL_UNCERTAINTY_ASSIGNED_CONTEXT((#6499)) 
GLOBAL_UNIT_ASSIGNED_CONTEXT((#6496,#6497,#6498)) REPRESENTATION_CONTEXT
('Context #1','3D Context with UNIT and UNCERTAINTY') );
#6496 = ( LENGTH_UNIT() NAMED_UNIT(*) SI_UNIT(.MILLI.,.METRE.) );
#6497 = ( NAMED_UNIT(*) PLANE_ANGLE_UNIT() SI_UNIT($,.RADIAN.) );
#6498 = ( NAMED_UNIT(*) SI_UNIT($,.STERADIAN.) SOLID_ANGLE_UNIT() );
#6499 = UNCERTAINTY_MEASURE_WITH_UNIT(LENGTH_MEASURE(1.E-07),#6496,
  'distance_accuracy_value','confusion accuracy');
#6500 = CONTEXT_DEPENDENT_SHAPE_REPRESENTATION(#6501,#6503);
#6501 = ( REPRESENTATION_RELATIONSHIP('','',#4060,#10) 
REPRESENTATION_RELATIONSHIP_WITH_TRANSFORMATION(#6502) 
SHAPE_REPRESENTATION_RELATIONSHIP() );
#6502 = ITEM_DEFINED_TRANSFORMATION('','',#11,#39);
#6503 = PRODUCT_DEFINITION_SHAPE('Placement','Placement of an item',
  #6504);
#6504 = NEXT_ASSEMBLY_USAGE_OCCURRENCE('7',
  'L003_P2_mid_post_/_cap_scarf','',#5,#4055,$);
#6505 = PRODUCT_RELATED_PRODUCT_CATEGORY('part',$,(#4057));
#6506 = SHAPE_DEFINITION_REPRESENTATION(#6507,#6513);
#6507 = PRODUCT_DEFINITION_SHAPE('','',#6508);
#6508 = PRODUCT_DEFINITION('design','',#6509,#6512);
#6509 = PRODUCT_DEFINITION_FORMATION('','',#6510);
#6510 = PRODUCT('F003_Tie_P2','F003_Tie_P2','',(#6511));
#6511 = PRODUCT_CONTEXT('',#2,'mechanical');
#6512 = PRODUCT_DEFINITION_CONTEXT('part definition',#2,'design');
#6513 = ADVANCED_BREP_SHAPE_REPRESENTATION('',(#11,#6514),#6806);
#6514 = MANIFOLD_SOLID_BREP('',#6515);
#6515 = CLOSED_SHELL('',(#6516,#6556,#6587,#6645,#6669,#6686,#6698,#6729
    ,#6753,#6777,#6794));
#6516 = ADVANCED_FACE('',(#6517),#6551,.F.);
#6517 = FACE_BOUND('',#6518,.F.);
#6518 = EDGE_LOOP('',(#6519,#6529,#6537,#6545));
#6519 = ORIENTED_EDGE('',*,*,#6520,.F.);
#6520 = EDGE_CURVE('',#6521,#6523,#6525,.T.);
#6521 = VERTEX_POINT('',#6522);
#6522 = CARTESIAN_POINT('',(2.2733E+03,-527.05,-139.7));
#6523 = VERTEX_POINT('',#6524);
#6524 = CARTESIAN_POINT('',(2.2733E+03,-527.05,0.));
#6525 = LINE('',#6526,#6527);
#6526 = CARTESIAN_POINT('',(2.2733E+03,-527.05,-139.7));
#6527 = VECTOR('',#6528,1.);
#6528 = DIRECTION('',(0.,0.,1.));
#6529 = ORIENTED_EDGE('',*,*,#6530,.T.);
#6530 = EDGE_CURVE('',#6521,#6531,#6533,.T.);
#6531 = VERTEX_POINT('',#6532);
#6532 = CARTESIAN_POINT('',(2.2733E+03,527.05,-139.7));
#6533 = LINE('',#6534,#6535);
#6534 = CARTESIAN_POINT('',(2.2733E+03,-527.05,-139.7));
#6535 = VECTOR('',#6536,1.);
#6536 = DIRECTION('',(-0.,1.,0.));
#6537 = ORIENTED_EDGE('',*,*,#6538,.T.);
#6538 = EDGE_CURVE('',#6531,#6539,#6541,.T.);
#6539 = VERTEX_POINT('',#6540);
#6540 = CARTESIAN_POINT('',(2.2733E+03,527.05,0.));
#6541 = LINE('',#6542,#6543);
#6542 = CARTESIAN_POINT('',(2.2733E+03,527.05,-139.7));
#6543 = VECTOR('',#6544,1.);
#6544 = DIRECTION('',(0.,0.,1.));
#6545 = ORIENTED_EDGE('',*,*,#6546,.F.);
#6546 = EDGE_CURVE('',#6523,#6539,#6547,.T.);
#6547 = LINE('',#6548,#6549);
#6548 = CARTESIAN_POINT('',(2.2733E+03,-527.05,0.));
#6549 = VECTOR('',#6550,1.);
#6550 = DIRECTION('',(-0.,1.,0.));
#6551 = PLANE('',#6552);
#6552 = AXIS2_PLACEMENT_3D('',#6553,#6554,#6555);
#6553 = CARTESIAN_POINT('',(2.2733E+03,-527.05,-139.7));
#6554 = DIRECTION('',(1.,0.,-0.));
#6555 = DIRECTION('',(0.,0.,1.));
#6556 = ADVANCED_FACE('',(#6557),#6582,.F.);
#6557 = FACE_BOUND('',#6558,.F.);
#6558 = EDGE_LOOP('',(#6559,#6567,#6568,#6576));
#6559 = ORIENTED_EDGE('',*,*,#6560,.F.);
#6560 = EDGE_CURVE('',#6521,#6561,#6563,.T.);
#6561 = VERTEX_POINT('',#6562);
#6562 = CARTESIAN_POINT('',(2.3622E+03,-527.05,-139.7));
#6563 = LINE('',#6564,#6565);
#6564 = CARTESIAN_POINT('',(2.2733E+03,-527.05,-139.7));
#6565 = VECTOR('',#6566,1.);
#6566 = DIRECTION('',(1.,0.,-0.));
#6567 = ORIENTED_EDGE('',*,*,#6520,.T.);
#6568 = ORIENTED_EDGE('',*,*,#6569,.T.);
#6569 = EDGE_CURVE('',#6523,#6570,#6572,.T.);
#6570 = VERTEX_POINT('',#6571);
#6571 = CARTESIAN_POINT('',(2.3622E+03,-527.05,0.));
#6572 = LINE('',#6573,#6574);
#6573 = CARTESIAN_POINT('',(2.2733E+03,-527.05,0.));
#6574 = VECTOR('',#6575,1.);
#6575 = DIRECTION('',(1.,0.,-0.));
#6576 = ORIENTED_EDGE('',*,*,#6577,.F.);
#6577 = EDGE_CURVE('',#6561,#6570,#6578,.T.);
#6578 = LINE('',#6579,#6580);
#6579 = CARTESIAN_POINT('',(2.3622E+03,-527.05,-139.7));
#6580 = VECTOR('',#6581,1.);
#6581 = DIRECTION('',(0.,0.,1.));
#6582 = PLANE('',#6583);
#6583 = AXIS2_PLACEMENT_3D('',#6584,#6585,#6586);
#6584 = CARTESIAN_POINT('',(2.2733E+03,-527.05,-139.7));
#6585 = DIRECTION('',(-0.,1.,0.));
#6586 = DIRECTION('',(0.,0.,1.));
#6587 = ADVANCED_FACE('',(#6588,#6606),#6640,.T.);
#6588 = FACE_BOUND('',#6589,.T.);
#6589 = EDGE_LOOP('',(#6590,#6591,#6592,#6600));
#6590 = ORIENTED_EDGE('',*,*,#6546,.F.);
#6591 = ORIENTED_EDGE('',*,*,#6569,.T.);
#6592 = ORIENTED_EDGE('',*,*,#6593,.T.);
#6593 = EDGE_CURVE('',#6570,#6594,#6596,.T.);
#6594 = VERTEX_POINT('',#6595);
#6595 = CARTESIAN_POINT('',(2.3622E+03,527.05,0.));
#6596 = LINE('',#6597,#6598);
#6597 = CARTESIAN_POINT('',(2.3622E+03,-527.05,0.));
#6598 = VECTOR('',#6599,1.);
#6599 = DIRECTION('',(-0.,1.,0.));
#6600 = ORIENTED_EDGE('',*,*,#6601,.F.);
#6601 = EDGE_CURVE('',#6539,#6594,#6602,.T.);
#6602 = LINE('',#6603,#6604);
#6603 = CARTESIAN_POINT('',(2.2733E+03,527.05,0.));
#6604 = VECTOR('',#6605,1.);
#6605 = DIRECTION('',(1.,0.,-0.));
#6606 = FACE_BOUND('',#6607,.T.);
#6607 = EDGE_LOOP('',(#6608,#6618,#6626,#6634));
#6608 = ORIENTED_EDGE('',*,*,#6609,.T.);
#6609 = EDGE_CURVE('',#6610,#6612,#6614,.T.);
#6610 = VERTEX_POINT('',#6611);
#6611 = CARTESIAN_POINT('',(2.350008E+03,-57.658,0.));
#6612 = VERTEX_POINT('',#6613);
#6613 = CARTESIAN_POINT('',(2.285492E+03,-57.658,0.));
#6614 = LINE('',#6615,#6616);
#6615 = CARTESIAN_POINT('',(2.279396E+03,-57.658,0.));
#6616 = VECTOR('',#6617,1.);
#6617 = DIRECTION('',(-1.,-0.,0.));
#6618 = ORIENTED_EDGE('',*,*,#6619,.T.);
#6619 = EDGE_CURVE('',#6612,#6620,#6622,.T.);
#6620 = VERTEX_POINT('',#6621);
#6621 = CARTESIAN_POINT('',(2.285492E+03,57.658,0.));
#6622 = LINE('',#6623,#6624);
#6623 = CARTESIAN_POINT('',(2.285492E+03,-292.354,0.));
#6624 = VECTOR('',#6625,1.);
#6625 = DIRECTION('',(-0.,1.,0.));
#6626 = ORIENTED_EDGE('',*,*,#6627,.F.);
#6627 = EDGE_CURVE('',#6628,#6620,#6630,.T.);
#6628 = VERTEX_POINT('',#6629);
#6629 = CARTESIAN_POINT('',(2.350008E+03,57.658,0.));
#6630 = LINE('',#6631,#6632);
#6631 = CARTESIAN_POINT('',(2.279396E+03,57.658,0.));
#6632 = VECTOR('',#6633,1.);
#6633 = DIRECTION('',(-1.,-0.,0.));
#6634 = ORIENTED_EDGE('',*,*,#6635,.F.);
#6635 = EDGE_CURVE('',#6610,#6628,#6636,.T.);
#6636 = LINE('',#6637,#6638);
#6637 = CARTESIAN_POINT('',(2.350008E+03,-292.354,0.));
#6638 = VECTOR('',#6639,1.);
#6639 = DIRECTION('',(-0.,1.,0.));
#6640 = PLANE('',#6641);
#6641 = AXIS2_PLACEMENT_3D('',#6642,#6643,#6644);
#6642 = CARTESIAN_POINT('',(2.2733E+03,-527.05,0.));
#6643 = DIRECTION('',(0.,0.,1.));
#6644 = DIRECTION('',(1.,0.,-0.));
#6645 = ADVANCED_FACE('',(#6646),#6664,.T.);
#6646 = FACE_BOUND('',#6647,.T.);
#6647 = EDGE_LOOP('',(#6648,#6656,#6657,#6658));
#6648 = ORIENTED_EDGE('',*,*,#6649,.F.);
#6649 = EDGE_CURVE('',#6531,#6650,#6652,.T.);
#6650 = VERTEX_POINT('',#6651);
#6651 = CARTESIAN_POINT('',(2.3622E+03,527.05,-139.7));
#6652 = LINE('',#6653,#6654);
#6653 = CARTESIAN_POINT('',(2.2733E+03,527.05,-139.7));
#6654 = VECTOR('',#6655,1.);
#6655 = DIRECTION('',(1.,0.,-0.));
#6656 = ORIENTED_EDGE('',*,*,#6538,.T.);
#6657 = ORIENTED_EDGE('',*,*,#6601,.T.);
#6658 = ORIENTED_EDGE('',*,*,#6659,.F.);
#6659 = EDGE_CURVE('',#6650,#6594,#6660,.T.);
#6660 = LINE('',#6661,#6662);
#6661 = CARTESIAN_POINT('',(2.3622E+03,527.05,-139.7));
#6662 = VECTOR('',#6663,1.);
#6663 = DIRECTION('',(0.,0.,1.));
#6664 = PLANE('',#6665);
#6665 = AXIS2_PLACEMENT_3D('',#6666,#6667,#6668);
#6666 = CARTESIAN_POINT('',(2.2733E+03,527.05,-139.7));
#6667 = DIRECTION('',(-0.,1.,0.));
#6668 = DIRECTION('',(0.,0.,1.));
#6669 = ADVANCED_FACE('',(#6670),#6681,.F.);
#6670 = FACE_BOUND('',#6671,.F.);
#6671 = EDGE_LOOP('',(#6672,#6673,#6674,#6680));
#6672 = ORIENTED_EDGE('',*,*,#6530,.F.);
#6673 = ORIENTED_EDGE('',*,*,#6560,.T.);
#6674 = ORIENTED_EDGE('',*,*,#6675,.T.);
#6675 = EDGE_CURVE('',#6561,#6650,#6676,.T.);
#6676 = LINE('',#6677,#6678);
#6677 = CARTESIAN_POINT('',(2.3622E+03,-527.05,-139.7));
#6678 = VECTOR('',#6679,1.);
#6679 = DIRECTION('',(-0.,1.,0.));
#6680 = ORIENTED_EDGE('',*,*,#6649,.F.);
#6681 = PLANE('',#6682);
#6682 = AXIS2_PLACEMENT_3D('',#6683,#6684,#6685);
#6683 = CARTESIAN_POINT('',(2.2733E+03,-527.05,-139.7));
#6684 = DIRECTION('',(0.,0.,1.));
#6685 = DIRECTION('',(1.,0.,-0.));
#6686 = ADVANCED_FACE('',(#6687),#6693,.T.);
#6687 = FACE_BOUND('',#6688,.T.);
#6688 = EDGE_LOOP('',(#6689,#6690,#6691,#6692));
#6689 = ORIENTED_EDGE('',*,*,#6577,.F.);
#6690 = ORIENTED_EDGE('',*,*,#6675,.T.);
#6691 = ORIENTED_EDGE('',*,*,#6659,.T.);
#6692 = ORIENTED_EDGE('',*,*,#6593,.F.);
#6693 = PLANE('',#6694);
#6694 = AXIS2_PLACEMENT_3D('',#6695,#6696,#6697);
#6695 = CARTESIAN_POINT('',(2.3622E+03,-527.05,-139.7));
#6696 = DIRECTION('',(1.,0.,-0.));
#6697 = DIRECTION('',(0.,0.,1.));
#6698 = ADVANCED_FACE('',(#6699),#6724,.T.);
#6699 = FACE_BOUND('',#6700,.T.);
#6700 = EDGE_LOOP('',(#6701,#6709,#6717,#6723));
#6701 = ORIENTED_EDGE('',*,*,#6702,.F.);
#6702 = EDGE_CURVE('',#6703,#6610,#6705,.T.);
#6703 = VERTEX_POINT('',#6704);
#6704 = CARTESIAN_POINT('',(2.350008E+03,-57.658,-88.9));
#6705 = LINE('',#6706,#6707);
#6706 = CARTESIAN_POINT('',(2.350008E+03,-57.658,-88.9));
#6707 = VECTOR('',#6708,1.);
#6708 = DIRECTION('',(0.,0.,1.));
#6709 = ORIENTED_EDGE('',*,*,#6710,.F.);
#6710 = EDGE_CURVE('',#6711,#6703,#6713,.T.);
#6711 = VERTEX_POINT('',#6712);
#6712 = CARTESIAN_POINT('',(2.285492E+03,-57.658,-88.9));
#6713 = LINE('',#6714,#6715);
#6714 = CARTESIAN_POINT('',(2.285492E+03,-57.658,-88.9));
#6715 = VECTOR('',#6716,1.);
#6716 = DIRECTION('',(1.,0.,-0.));
#6717 = ORIENTED_EDGE('',*,*,#6718,.T.);
#6718 = EDGE_CURVE('',#6711,#6612,#6719,.T.);
#6719 = LINE('',#6720,#6721);
#6720 = CARTESIAN_POINT('',(2.285492E+03,-57.658,-88.9));
#6721 = VECTOR('',#6722,1.);
#6722 = DIRECTION('',(0.,0.,1.));
#6723 = ORIENTED_EDGE('',*,*,#6609,.F.);
#6724 = PLANE('',#6725);
#6725 = AXIS2_PLACEMENT_3D('',#6726,#6727,#6728);
#6726 = CARTESIAN_POINT('',(2.285492E+03,-57.658,-88.9));
#6727 = DIRECTION('',(-0.,1.,0.));
#6728 = DIRECTION('',(0.,0.,1.));
#6729 = ADVANCED_FACE('',(#6730),#6748,.F.);
#6730 = FACE_BOUND('',#6731,.F.);
#6731 = EDGE_LOOP('',(#6732,#6733,#6741,#6747));
#6732 = ORIENTED_EDGE('',*,*,#6702,.F.);
#6733 = ORIENTED_EDGE('',*,*,#6734,.T.);
#6734 = EDGE_CURVE('',#6703,#6735,#6737,.T.);
#6735 = VERTEX_POINT('',#6736);
#6736 = CARTESIAN_POINT('',(2.350008E+03,57.658,-88.9));
#6737 = LINE('',#6738,#6739);
#6738 = CARTESIAN_POINT('',(2.350008E+03,-57.658,-88.9));
#6739 = VECTOR('',#6740,1.);
#6740 = DIRECTION('',(-0.,1.,0.));
#6741 = ORIENTED_EDGE('',*,*,#6742,.T.);
#6742 = EDGE_CURVE('',#6735,#6628,#6743,.T.);
#6743 = LINE('',#6744,#6745);
#6744 = CARTESIAN_POINT('',(2.350008E+03,57.658,-88.9));
#6745 = VECTOR('',#6746,1.);
#6746 = DIRECTION('',(0.,0.,1.));
#6747 = ORIENTED_EDGE('',*,*,#6635,.F.);
#6748 = PLANE('',#6749);
#6749 = AXIS2_PLACEMENT_3D('',#6750,#6751,#6752);
#6750 = CARTESIAN_POINT('',(2.350008E+03,-57.658,-88.9));
#6751 = DIRECTION('',(1.,0.,-0.));
#6752 = DIRECTION('',(0.,0.,1.));
#6753 = ADVANCED_FACE('',(#6754),#6772,.F.);
#6754 = FACE_BOUND('',#6755,.F.);
#6755 = EDGE_LOOP('',(#6756,#6757,#6765,#6771));
#6756 = ORIENTED_EDGE('',*,*,#6742,.F.);
#6757 = ORIENTED_EDGE('',*,*,#6758,.F.);
#6758 = EDGE_CURVE('',#6759,#6735,#6761,.T.);
#6759 = VERTEX_POINT('',#6760);
#6760 = CARTESIAN_POINT('',(2.285492E+03,57.658,-88.9));
#6761 = LINE('',#6762,#6763);
#6762 = CARTESIAN_POINT('',(2.285492E+03,57.658,-88.9));
#6763 = VECTOR('',#6764,1.);
#6764 = DIRECTION('',(1.,0.,-0.));
#6765 = ORIENTED_EDGE('',*,*,#6766,.T.);
#6766 = EDGE_CURVE('',#6759,#6620,#6767,.T.);
#6767 = LINE('',#6768,#6769);
#6768 = CARTESIAN_POINT('',(2.285492E+03,57.658,-88.9));
#6769 = VECTOR('',#6770,1.);
#6770 = DIRECTION('',(0.,0.,1.));
#6771 = ORIENTED_EDGE('',*,*,#6627,.F.);
#6772 = PLANE('',#6773);
#6773 = AXIS2_PLACEMENT_3D('',#6774,#6775,#6776);
#6774 = CARTESIAN_POINT('',(2.285492E+03,57.658,-88.9));
#6775 = DIRECTION('',(-0.,1.,0.));
#6776 = DIRECTION('',(0.,0.,1.));
#6777 = ADVANCED_FACE('',(#6778),#6789,.T.);
#6778 = FACE_BOUND('',#6779,.T.);
#6779 = EDGE_LOOP('',(#6780,#6781,#6787,#6788));
#6780 = ORIENTED_EDGE('',*,*,#6718,.F.);
#6781 = ORIENTED_EDGE('',*,*,#6782,.T.);
#6782 = EDGE_CURVE('',#6711,#6759,#6783,.T.);
#6783 = LINE('',#6784,#6785);
#6784 = CARTESIAN_POINT('',(2.285492E+03,-57.658,-88.9));
#6785 = VECTOR('',#6786,1.);
#6786 = DIRECTION('',(-0.,1.,0.));
#6787 = ORIENTED_EDGE('',*,*,#6766,.T.);
#6788 = ORIENTED_EDGE('',*,*,#6619,.F.);
#6789 = PLANE('',#6790);
#6790 = AXIS2_PLACEMENT_3D('',#6791,#6792,#6793);
#6791 = CARTESIAN_POINT('',(2.285492E+03,-57.658,-88.9));
#6792 = DIRECTION('',(1.,0.,-0.));
#6793 = DIRECTION('',(0.,0.,1.));
#6794 = ADVANCED_FACE('',(#6795),#6801,.T.);
#6795 = FACE_BOUND('',#6796,.T.);
#6796 = EDGE_LOOP('',(#6797,#6798,#6799,#6800));
#6797 = ORIENTED_EDGE('',*,*,#6782,.F.);
#6798 = ORIENTED_EDGE('',*,*,#6710,.T.);
#6799 = ORIENTED_EDGE('',*,*,#6734,.T.);
#6800 = ORIENTED_EDGE('',*,*,#6758,.F.);
#6801 = PLANE('',#6802);
#6802 = AXIS2_PLACEMENT_3D('',#6803,#6804,#6805);
#6803 = CARTESIAN_POINT('',(2.285492E+03,-57.658,-88.9));
#6804 = DIRECTION('',(0.,0.,1.));
#6805 = DIRECTION('',(1.,0.,-0.));
#6806 = ( GEOMETRIC_REPRESENTATION_CONTEXT(3) 
GLOBAL_UNCERTAINTY_ASSIGNED_CONTEXT((#6810)) 
GLOBAL_UNIT_ASSIGNED_CONTEXT((#6807,#6808,#6809)) REPRESENTATION_CONTEXT
('Context #1','3D Context with UNIT and UNCERTAINTY') );
#6807 = ( LENGTH_UNIT() NAMED_UNIT(*) SI_UNIT(.MILLI.,.METRE.) );
#6808 = ( NAMED_UNIT(*) PLANE_ANGLE_UNIT() SI_UNIT($,.RADIAN.) );
#6809 = ( NAMED_UNIT(*) SI_UNIT($,.STERADIAN.) SOLID_ANGLE_UNIT() );
#6810 = UNCERTAINTY_MEASURE_WITH_UNIT(LENGTH_MEASURE(1.E-07),#6807,
  'distance_accuracy_value','confusion accuracy');
#6811 = CONTEXT_DEPENDENT_SHAPE_REPRESENTATION(#6812,#6814);
#6812 = ( REPRESENTATION_RELATIONSHIP('','',#6513,#10) 
REPRESENTATION_RELATIONSHIP_WITH_TRANSFORMATION(#6813) 
SHAPE_REPRESENTATION_RELATIONSHIP() );
#6813 = ITEM_DEFINED_TRANSFORMATION('','',#11,#43);
#6814 = PRODUCT_DEFINITION_SHAPE('Placement','Placement of an item',
  #6815);
#6815 = NEXT_ASSEMBLY_USAGE_OCCURRENCE('8','F003_Tie_P2','',#5,#6508,$);
#6816 = PRODUCT_RELATED_PRODUCT_CATEGORY('part',$,(#6510));
#6817 = SHAPE_DEFINITION_REPRESENTATION(#6818,#6824);
#6818 = PRODUCT_DEFINITION_SHAPE('','',#6819);
#6819 = PRODUCT_DEFINITION('design','',#6820,#6823);
#6820 = PRODUCT_DEFINITION_FORMATION('','',#6821);
#6821 = PRODUCT('L004_P3_end_post','L004_P3_end_post','',(#6822));
#6822 = PRODUCT_CONTEXT('',#2,'mechanical');
#6823 = PRODUCT_DEFINITION_CONTEXT('part definition',#2,'design');
#6824 = ADVANCED_BREP_SHAPE_REPRESENTATION('',(#11,#6825),#9259);
#6825 = MANIFOLD_SOLID_BREP('',#6826);
#6826 = CLOSED_SHELL('',(#6827,#7069,#7100,#7226,#7352,#7408,#7464,#7529
    ,#7594,#7611,#7642,#7666,#7690,#7707,#7738,#7796,#7854,#7871,#7902,
    #7926,#7950,#7967,#7998,#8056,#8114,#8131,#8162,#8186,#8210,#8227,
    #8357,#8379,#8396,#8413,#8425,#8447,#8464,#8481,#8493,#8515,#8532,
    #8549,#8561,#8583,#8600,#8617,#8629,#8651,#8668,#8685,#8697,#8719,
    #8736,#8753,#8765,#8803,#8827,#8858,#8875,#8887,#8899,#8911,#8923,
    #8954,#8978,#9002,#9019,#9050,#9074,#9098,#9115,#9146,#9170,#9194,
    #9211,#9223,#9235,#9247));
#6827 = ADVANCED_FACE('',(#6828,#6894,#6928,#6962,#6996,#7030),#7064,.F.
  );
#6828 = FACE_BOUND('',#6829,.F.);
#6829 = EDGE_LOOP('',(#6830,#6840,#6848,#6856,#6864,#6872,#6880,#6888));
#6830 = ORIENTED_EDGE('',*,*,#6831,.F.);
#6831 = EDGE_CURVE('',#6832,#6834,#6836,.T.);
#6832 = VERTEX_POINT('',#6833);
#6833 = CARTESIAN_POINT('',(3.5433E+03,-69.85,1.6129E+03));
#6834 = VERTEX_POINT('',#6835);
#6835 = CARTESIAN_POINT('',(3.5433E+03,69.85,1.6129E+03));
#6836 = LINE('',#6837,#6838);
#6837 = CARTESIAN_POINT('',(3.5433E+03,-69.85,1.6129E+03));
#6838 = VECTOR('',#6839,1.);
#6839 = DIRECTION('',(-0.,1.,0.));
#6840 = ORIENTED_EDGE('',*,*,#6841,.F.);
#6841 = EDGE_CURVE('',#6842,#6832,#6844,.T.);
#6842 = VERTEX_POINT('',#6843);
#6843 = CARTESIAN_POINT('',(3.5433E+03,-69.85,0.));
#6844 = LINE('',#6845,#6846);
#6845 = CARTESIAN_POINT('',(3.5433E+03,-69.85,0.));
#6846 = VECTOR('',#6847,1.);
#6847 = DIRECTION('',(0.,0.,1.));
#6848 = ORIENTED_EDGE('',*,*,#6849,.T.);
#6849 = EDGE_CURVE('',#6842,#6850,#6852,.T.);
#6850 = VERTEX_POINT('',#6851);
#6851 = CARTESIAN_POINT('',(3.5433E+03,-19.431,0.));
#6852 = LINE('',#6853,#6854);
#6853 = CARTESIAN_POINT('',(3.5433E+03,-69.85,0.));
#6854 = VECTOR('',#6855,1.);
#6855 = DIRECTION('',(-0.,1.,0.));
#6856 = ORIENTED_EDGE('',*,*,#6857,.T.);
#6857 = EDGE_CURVE('',#6850,#6858,#6860,.T.);
#6858 = VERTEX_POINT('',#6859);
#6859 = CARTESIAN_POINT('',(3.5433E+03,-19.431,286.766));
#6860 = LINE('',#6861,#6862);
#6861 = CARTESIAN_POINT('',(3.5433E+03,-19.431,0.));
#6862 = VECTOR('',#6863,1.);
#6863 = DIRECTION('',(0.,0.,1.));
#6864 = ORIENTED_EDGE('',*,*,#6865,.F.);
#6865 = EDGE_CURVE('',#6866,#6858,#6868,.T.);
#6866 = VERTEX_POINT('',#6867);
#6867 = CARTESIAN_POINT('',(3.5433E+03,19.431,286.766));
#6868 = LINE('',#6869,#6870);
#6869 = CARTESIAN_POINT('',(3.5433E+03,-44.6405,286.766));
#6870 = VECTOR('',#6871,1.);
#6871 = DIRECTION('',(0.,-1.,0.));
#6872 = ORIENTED_EDGE('',*,*,#6873,.F.);
#6873 = EDGE_CURVE('',#6874,#6866,#6876,.T.);
#6874 = VERTEX_POINT('',#6875);
#6875 = CARTESIAN_POINT('',(3.5433E+03,19.431,0.));
#6876 = LINE('',#6877,#6878);
#6877 = CARTESIAN_POINT('',(3.5433E+03,19.431,0.));
#6878 = VECTOR('',#6879,1.);
#6879 = DIRECTION('',(0.,0.,1.));
#6880 = ORIENTED_EDGE('',*,*,#6881,.T.);
#6881 = EDGE_CURVE('',#6874,#6882,#6884,.T.);
#6882 = VERTEX_POINT('',#6883);
#6883 = CARTESIAN_POINT('',(3.5433E+03,69.85,0.));
#6884 = LINE('',#6885,#6886);
#6885 = CARTESIAN_POINT('',(3.5433E+03,-69.85,0.));
#6886 = VECTOR('',#6887,1.);
#6887 = DIRECTION('',(-0.,1.,0.));
#6888 = ORIENTED_EDGE('',*,*,#6889,.T.);
#6889 = EDGE_CURVE('',#6882,#6834,#6890,.T.);
#6890 = LINE('',#6891,#6892);
#6891 = CARTESIAN_POINT('',(3.5433E+03,69.85,0.));
#6892 = VECTOR('',#6893,1.);
#6893 = DIRECTION('',(0.,0.,1.));
#6894 = FACE_BOUND('',#6895,.F.);
#6895 = EDGE_LOOP('',(#6896,#6906,#6914,#6922));
#6896 = ORIENTED_EDGE('',*,*,#6897,.T.);
#6897 = EDGE_CURVE('',#6898,#6900,#6902,.T.);
#6898 = VERTEX_POINT('',#6899);
#6899 = CARTESIAN_POINT('',(3.5433E+03,9.906,304.8));
#6900 = VERTEX_POINT('',#6901);
#6901 = CARTESIAN_POINT('',(3.5433E+03,-9.906,304.8));
#6902 = LINE('',#6903,#6904);
#6903 = CARTESIAN_POINT('',(3.5433E+03,-39.878,304.8));
#6904 = VECTOR('',#6905,1.);
#6905 = DIRECTION('',(0.,-1.,0.));
#6906 = ORIENTED_EDGE('',*,*,#6907,.T.);
#6907 = EDGE_CURVE('',#6900,#6908,#6910,.T.);
#6908 = VERTEX_POINT('',#6909);
#6909 = CARTESIAN_POINT('',(3.5433E+03,-9.906,511.175));
#6910 = LINE('',#6911,#6912);
#6911 = CARTESIAN_POINT('',(3.5433E+03,-9.906,152.4));
#6912 = VECTOR('',#6913,1.);
#6913 = DIRECTION('',(0.,0.,1.));
#6914 = ORIENTED_EDGE('',*,*,#6915,.F.);
#6915 = EDGE_CURVE('',#6916,#6908,#6918,.T.);
#6916 = VERTEX_POINT('',#6917);
#6917 = CARTESIAN_POINT('',(3.5433E+03,9.906,511.175));
#6918 = LINE('',#6919,#6920);
#6919 = CARTESIAN_POINT('',(3.5433E+03,-39.878,511.175));
#6920 = VECTOR('',#6921,1.);
#6921 = DIRECTION('',(0.,-1.,0.));
#6922 = ORIENTED_EDGE('',*,*,#6923,.F.);
#6923 = EDGE_CURVE('',#6898,#6916,#6924,.T.);
#6924 = LINE('',#6925,#6926);
#6925 = CARTESIAN_POINT('',(3.5433E+03,9.906,152.4));
#6926 = VECTOR('',#6927,1.);
#6927 = DIRECTION('',(0.,0.,1.));
#6928 = FACE_BOUND('',#6929,.F.);
#6929 = EDGE_LOOP('',(#6930,#6940,#6948,#6956));
#6930 = ORIENTED_EDGE('',*,*,#6931,.T.);
#6931 = EDGE_CURVE('',#6932,#6934,#6936,.T.);
#6932 = VERTEX_POINT('',#6933);
#6933 = CARTESIAN_POINT('',(3.5433E+03,19.431,529.209));
#6934 = VERTEX_POINT('',#6935);
#6935 = CARTESIAN_POINT('',(3.5433E+03,-19.431,529.209));
#6936 = LINE('',#6937,#6938);
#6937 = CARTESIAN_POINT('',(3.5433E+03,-44.6405,529.209));
#6938 = VECTOR('',#6939,1.);
#6939 = DIRECTION('',(0.,-1.,0.));
#6940 = ORIENTED_EDGE('',*,*,#6941,.T.);
#6941 = EDGE_CURVE('',#6934,#6942,#6944,.T.);
#6942 = VERTEX_POINT('',#6943);
#6943 = CARTESIAN_POINT('',(3.5433E+03,-19.431,765.175));
#6944 = LINE('',#6945,#6946);
#6945 = CARTESIAN_POINT('',(3.5433E+03,-19.431,264.6045));
#6946 = VECTOR('',#6947,1.);
#6947 = DIRECTION('',(0.,0.,1.));
#6948 = ORIENTED_EDGE('',*,*,#6949,.F.);
#6949 = EDGE_CURVE('',#6950,#6942,#6952,.T.);
#6950 = VERTEX_POINT('',#6951);
#6951 = CARTESIAN_POINT('',(3.5433E+03,19.431,765.175));
#6952 = LINE('',#6953,#6954);
#6953 = CARTESIAN_POINT('',(3.5433E+03,-44.6405,765.175));
#6954 = VECTOR('',#6955,1.);
#6955 = DIRECTION('',(0.,-1.,0.));
#6956 = ORIENTED_EDGE('',*,*,#6957,.F.);
#6957 = EDGE_CURVE('',#6932,#6950,#6958,.T.);
#6958 = LINE('',#6959,#6960);
#6959 = CARTESIAN_POINT('',(3.5433E+03,19.431,264.6045));
#6960 = VECTOR('',#6961,1.);
#6961 = DIRECTION('',(0.,0.,1.));
#6962 = FACE_BOUND('',#6963,.F.);
#6963 = EDGE_LOOP('',(#6964,#6974,#6982,#6990));
#6964 = ORIENTED_EDGE('',*,*,#6965,.T.);
#6965 = EDGE_CURVE('',#6966,#6968,#6970,.T.);
#6966 = VERTEX_POINT('',#6967);
#6967 = CARTESIAN_POINT('',(3.5433E+03,9.906,783.209));
#6968 = VERTEX_POINT('',#6969);
#6969 = CARTESIAN_POINT('',(3.5433E+03,-9.906,783.209));
#6970 = LINE('',#6971,#6972);
#6971 = CARTESIAN_POINT('',(3.5433E+03,-39.878,783.209));
#6972 = VECTOR('',#6973,1.);
#6973 = DIRECTION('',(0.,-1.,0.));
#6974 = ORIENTED_EDGE('',*,*,#6975,.T.);
#6975 = EDGE_CURVE('',#6968,#6976,#6978,.T.);
#6976 = VERTEX_POINT('',#6977);
#6977 = CARTESIAN_POINT('',(3.5433E+03,-9.906,1.1164824E+03));
#6978 = LINE('',#6979,#6980);
#6979 = CARTESIAN_POINT('',(3.5433E+03,-9.906,391.6045));
#6980 = VECTOR('',#6981,1.);
#6981 = DIRECTION('',(0.,0.,1.));
#6982 = ORIENTED_EDGE('',*,*,#6983,.F.);
#6983 = EDGE_CURVE('',#6984,#6976,#6986,.T.);
#6984 = VERTEX_POINT('',#6985);
#6985 = CARTESIAN_POINT('',(3.5433E+03,9.906,1.1164824E+03));
#6986 = LINE('',#6987,#6988);
#6987 = CARTESIAN_POINT('',(3.5433E+03,-39.878,1.1164824E+03));
#6988 = VECTOR('',#6989,1.);
#6989 = DIRECTION('',(0.,-1.,0.));
#6990 = ORIENTED_EDGE('',*,*,#6991,.F.);
#6991 = EDGE_CURVE('',#6966,#6984,#6992,.T.);
#6992 = LINE('',#6993,#6994);
#6993 = CARTESIAN_POINT('',(3.5433E+03,9.906,391.6045));
#6994 = VECTOR('',#6995,1.);
#6995 = DIRECTION('',(0.,0.,1.));
#6996 = FACE_BOUND('',#6997,.F.);
#6997 = EDGE_LOOP('',(#6998,#7008,#7016,#7024));
#6998 = ORIENTED_EDGE('',*,*,#6999,.T.);
#6999 = EDGE_CURVE('',#7000,#7002,#7004,.T.);
#7000 = VERTEX_POINT('',#7001);
#7001 = CARTESIAN_POINT('',(3.5433E+03,19.431,1.1345164E+03));
#7002 = VERTEX_POINT('',#7003);
#7003 = CARTESIAN_POINT('',(3.5433E+03,-19.431,1.1345164E+03));
#7004 = LINE('',#7005,#7006);
#7005 = CARTESIAN_POINT('',(3.5433E+03,-44.6405,1.1345164E+03));
#7006 = VECTOR('',#7007,1.);
#7007 = DIRECTION('',(0.,-1.,0.));
#7008 = ORIENTED_EDGE('',*,*,#7009,.T.);
#7009 = EDGE_CURVE('',#7002,#7010,#7012,.T.);
#7010 = VERTEX_POINT('',#7011);
#7011 = CARTESIAN_POINT('',(3.5433E+03,-19.431,1.3704824E+03));
#7012 = LINE('',#7013,#7014);
#7013 = CARTESIAN_POINT('',(3.5433E+03,-19.431,567.2582));
#7014 = VECTOR('',#7015,1.);
#7015 = DIRECTION('',(0.,0.,1.));
#7016 = ORIENTED_EDGE('',*,*,#7017,.F.);
#7017 = EDGE_CURVE('',#7018,#7010,#7020,.T.);
#7018 = VERTEX_POINT('',#7019);
#7019 = CARTESIAN_POINT('',(3.5433E+03,19.431,1.3704824E+03));
#7020 = LINE('',#7021,#7022);
#7021 = CARTESIAN_POINT('',(3.5433E+03,-44.6405,1.3704824E+03));
#7022 = VECTOR('',#7023,1.);
#7023 = DIRECTION('',(0.,-1.,0.));
#7024 = ORIENTED_EDGE('',*,*,#7025,.F.);
#7025 = EDGE_CURVE('',#7000,#7018,#7026,.T.);
#7026 = LINE('',#7027,#7028);
#7027 = CARTESIAN_POINT('',(3.5433E+03,19.431,567.2582));
#7028 = VECTOR('',#7029,1.);
#7029 = DIRECTION('',(0.,0.,1.));
#7030 = FACE_BOUND('',#7031,.F.);
#7031 = EDGE_LOOP('',(#7032,#7042,#7050,#7058));
#7032 = ORIENTED_EDGE('',*,*,#7033,.T.);
#7033 = EDGE_CURVE('',#7034,#7036,#7038,.T.);
#7034 = VERTEX_POINT('',#7035);
#7035 = CARTESIAN_POINT('',(3.5433E+03,9.906,1.3885164E+03));
#7036 = VERTEX_POINT('',#7037);
#7037 = CARTESIAN_POINT('',(3.5433E+03,-9.906,1.3885164E+03));
#7038 = LINE('',#7039,#7040);
#7039 = CARTESIAN_POINT('',(3.5433E+03,-39.878,1.3885164E+03));
#7040 = VECTOR('',#7041,1.);
#7041 = DIRECTION('',(0.,-1.,0.));
#7042 = ORIENTED_EDGE('',*,*,#7043,.T.);
#7043 = EDGE_CURVE('',#7036,#7044,#7046,.T.);
#7044 = VERTEX_POINT('',#7045);
#7045 = CARTESIAN_POINT('',(3.5433E+03,-9.906,1.5948914E+03));
#7046 = LINE('',#7047,#7048);
#7047 = CARTESIAN_POINT('',(3.5433E+03,-9.906,694.2582));
#7048 = VECTOR('',#7049,1.);
#7049 = DIRECTION('',(0.,0.,1.));
#7050 = ORIENTED_EDGE('',*,*,#7051,.F.);
#7051 = EDGE_CURVE('',#7052,#7044,#7054,.T.);
#7052 = VERTEX_POINT('',#7053);
#7053 = CARTESIAN_POINT('',(3.5433E+03,9.906,1.5948914E+03));
#7054 = LINE('',#7055,#7056);
#7055 = CARTESIAN_POINT('',(3.5433E+03,-39.878,1.5948914E+03));
#7056 = VECTOR('',#7057,1.);
#7057 = DIRECTION('',(0.,-1.,0.));
#7058 = ORIENTED_EDGE('',*,*,#7059,.F.);
#7059 = EDGE_CURVE('',#7034,#7052,#7060,.T.);
#7060 = LINE('',#7061,#7062);
#7061 = CARTESIAN_POINT('',(3.5433E+03,9.906,694.2582));
#7062 = VECTOR('',#7063,1.);
#7063 = DIRECTION('',(0.,0.,1.));
#7064 = PLANE('',#7065);
#7065 = AXIS2_PLACEMENT_3D('',#7066,#7067,#7068);
#7066 = CARTESIAN_POINT('',(3.5433E+03,-69.85,0.));
#7067 = DIRECTION('',(1.,0.,-0.));
#7068 = DIRECTION('',(0.,0.,1.));
#7069 = ADVANCED_FACE('',(#7070),#7095,.T.);
#7070 = FACE_BOUND('',#7071,.T.);
#7071 = EDGE_LOOP('',(#7072,#7073,#7081,#7089));
#7072 = ORIENTED_EDGE('',*,*,#6831,.F.);
#7073 = ORIENTED_EDGE('',*,*,#7074,.T.);
#7074 = EDGE_CURVE('',#6832,#7075,#7077,.T.);
#7075 = VERTEX_POINT('',#7076);
#7076 = CARTESIAN_POINT('',(3.6322E+03,-69.85,1.6129E+03));
#7077 = LINE('',#7078,#7079);
#7078 = CARTESIAN_POINT('',(3.5433E+03,-69.85,1.6129E+03));
#7079 = VECTOR('',#7080,1.);
#7080 = DIRECTION('',(1.,0.,-0.));
#7081 = ORIENTED_EDGE('',*,*,#7082,.T.);
#7082 = EDGE_CURVE('',#7075,#7083,#7085,.T.);
#7083 = VERTEX_POINT('',#7084);
#7084 = CARTESIAN_POINT('',(3.6322E+03,69.85,1.6129E+03));
#7085 = LINE('',#7086,#7087);
#7086 = CARTESIAN_POINT('',(3.6322E+03,-69.85,1.6129E+03));
#7087 = VECTOR('',#7088,1.);
#7088 = DIRECTION('',(-0.,1.,0.));
#7089 = ORIENTED_EDGE('',*,*,#7090,.F.);
#7090 = EDGE_CURVE('',#6834,#7083,#7091,.T.);
#7091 = LINE('',#7092,#7093);
#7092 = CARTESIAN_POINT('',(3.5433E+03,69.85,1.6129E+03));
#7093 = VECTOR('',#7094,1.);
#7094 = DIRECTION('',(1.,0.,-0.));
#7095 = PLANE('',#7096);
#7096 = AXIS2_PLACEMENT_3D('',#7097,#7098,#7099);
#7097 = CARTESIAN_POINT('',(3.5433E+03,-69.85,1.6129E+03));
#7098 = DIRECTION('',(0.,0.,1.));
#7099 = DIRECTION('',(1.,0.,-0.));
#7100 = ADVANCED_FACE('',(#7101,#7119,#7153,#7187),#7221,.T.);
#7101 = FACE_BOUND('',#7102,.T.);
#7102 = EDGE_LOOP('',(#7103,#7111,#7112,#7113));
#7103 = ORIENTED_EDGE('',*,*,#7104,.F.);
#7104 = EDGE_CURVE('',#6882,#7105,#7107,.T.);
#7105 = VERTEX_POINT('',#7106);
#7106 = CARTESIAN_POINT('',(3.6322E+03,69.85,0.));
#7107 = LINE('',#7108,#7109);
#7108 = CARTESIAN_POINT('',(3.5433E+03,69.85,0.));
#7109 = VECTOR('',#7110,1.);
#7110 = DIRECTION('',(1.,0.,-0.));
#7111 = ORIENTED_EDGE('',*,*,#6889,.T.);
#7112 = ORIENTED_EDGE('',*,*,#7090,.T.);
#7113 = ORIENTED_EDGE('',*,*,#7114,.F.);
#7114 = EDGE_CURVE('',#7105,#7083,#7115,.T.);
#7115 = LINE('',#7116,#7117);
#7116 = CARTESIAN_POINT('',(3.6322E+03,69.85,0.));
#7117 = VECTOR('',#7118,1.);
#7118 = DIRECTION('',(0.,0.,1.));
#7119 = FACE_BOUND('',#7120,.T.);
#7120 = EDGE_LOOP('',(#7121,#7131,#7139,#7147));
#7121 = ORIENTED_EDGE('',*,*,#7122,.F.);
#7122 = EDGE_CURVE('',#7123,#7125,#7127,.T.);
#7123 = VERTEX_POINT('',#7124);
#7124 = CARTESIAN_POINT('',(3.6047045E+03,69.85,171.45));
#7125 = VERTEX_POINT('',#7126);
#7126 = CARTESIAN_POINT('',(3.6205795E+03,69.85,171.45));
#7127 = LINE('',#7128,#7129);
#7128 = CARTESIAN_POINT('',(3.57400225E+03,69.85,171.45));
#7129 = VECTOR('',#7130,1.);
#7130 = DIRECTION('',(1.,0.,-0.));
#7131 = ORIENTED_EDGE('',*,*,#7132,.T.);
#7132 = EDGE_CURVE('',#7123,#7133,#7135,.T.);
#7133 = VERTEX_POINT('',#7134);
#7134 = CARTESIAN_POINT('',(3.6047045E+03,69.85,142.875));
#7135 = LINE('',#7136,#7137);
#7136 = CARTESIAN_POINT('',(3.6047045E+03,69.85,71.4375));
#7137 = VECTOR('',#7138,1.);
#7138 = DIRECTION('',(-0.,0.,-1.));
#7139 = ORIENTED_EDGE('',*,*,#7140,.T.);
#7140 = EDGE_CURVE('',#7133,#7141,#7143,.T.);
#7141 = VERTEX_POINT('',#7142);
#7142 = CARTESIAN_POINT('',(3.6205795E+03,69.85,142.875));
#7143 = LINE('',#7144,#7145);
#7144 = CARTESIAN_POINT('',(3.57400225E+03,69.85,142.875));
#7145 = VECTOR('',#7146,1.);
#7146 = DIRECTION('',(1.,0.,-0.));
#7147 = ORIENTED_EDGE('',*,*,#7148,.F.);
#7148 = EDGE_CURVE('',#7125,#7141,#7149,.T.);
#7149 = LINE('',#7150,#7151);
#7150 = CARTESIAN_POINT('',(3.6205795E+03,69.85,71.4375));
#7151 = VECTOR('',#7152,1.);
#7152 = DIRECTION('',(-0.,0.,-1.));
#7153 = FACE_BOUND('',#7154,.T.);
#7154 = EDGE_LOOP('',(#7155,#7165,#7173,#7181));
#7155 = ORIENTED_EDGE('',*,*,#7156,.F.);
#7156 = EDGE_CURVE('',#7157,#7159,#7161,.T.);
#7157 = VERTEX_POINT('',#7158);
#7158 = CARTESIAN_POINT('',(3.6047045E+03,69.85,675.259));
#7159 = VERTEX_POINT('',#7160);
#7160 = CARTESIAN_POINT('',(3.6205795E+03,69.85,675.259));
#7161 = LINE('',#7162,#7163);
#7162 = CARTESIAN_POINT('',(3.57400225E+03,69.85,675.259));
#7163 = VECTOR('',#7164,1.);
#7164 = DIRECTION('',(1.,0.,-0.));
#7165 = ORIENTED_EDGE('',*,*,#7166,.T.);
#7166 = EDGE_CURVE('',#7157,#7167,#7169,.T.);
#7167 = VERTEX_POINT('',#7168);
#7168 = CARTESIAN_POINT('',(3.6047045E+03,69.85,646.684));
#7169 = LINE('',#7170,#7171);
#7170 = CARTESIAN_POINT('',(3.6047045E+03,69.85,323.342));
#7171 = VECTOR('',#7172,1.);
#7172 = DIRECTION('',(-0.,0.,-1.));
#7173 = ORIENTED_EDGE('',*,*,#7174,.T.);
#7174 = EDGE_CURVE('',#7167,#7175,#7177,.T.);
#7175 = VERTEX_POINT('',#7176);
#7176 = CARTESIAN_POINT('',(3.6205795E+03,69.85,646.684));
#7177 = LINE('',#7178,#7179);
#7178 = CARTESIAN_POINT('',(3.57400225E+03,69.85,646.684));
#7179 = VECTOR('',#7180,1.);
#7180 = DIRECTION('',(1.,0.,-0.));
#7181 = ORIENTED_EDGE('',*,*,#7182,.F.);
#7182 = EDGE_CURVE('',#7159,#7175,#7183,.T.);
#7183 = LINE('',#7184,#7185);
#7184 = CARTESIAN_POINT('',(3.6205795E+03,69.85,323.342));
#7185 = VECTOR('',#7186,1.);
#7186 = DIRECTION('',(-0.,0.,-1.));
#7187 = FACE_BOUND('',#7188,.T.);
#7188 = EDGE_LOOP('',(#7189,#7199,#7207,#7215));
#7189 = ORIENTED_EDGE('',*,*,#7190,.F.);
#7190 = EDGE_CURVE('',#7191,#7193,#7195,.T.);
#7191 = VERTEX_POINT('',#7192);
#7192 = CARTESIAN_POINT('',(3.6047045E+03,69.85,1.2805664E+03));
#7193 = VERTEX_POINT('',#7194);
#7194 = CARTESIAN_POINT('',(3.6205795E+03,69.85,1.2805664E+03));
#7195 = LINE('',#7196,#7197);
#7196 = CARTESIAN_POINT('',(3.57400225E+03,69.85,1.2805664E+03));
#7197 = VECTOR('',#7198,1.);
#7198 = DIRECTION('',(1.,0.,-0.));
#7199 = ORIENTED_EDGE('',*,*,#7200,.T.);
#7200 = EDGE_CURVE('',#7191,#7201,#7203,.T.);
#7201 = VERTEX_POINT('',#7202);
#7202 = CARTESIAN_POINT('',(3.6047045E+03,69.85,1.2519914E+03));
#7203 = LINE('',#7204,#7205);
#7204 = CARTESIAN_POINT('',(3.6047045E+03,69.85,625.9957));
#7205 = VECTOR('',#7206,1.);
#7206 = DIRECTION('',(-0.,0.,-1.));
#7207 = ORIENTED_EDGE('',*,*,#7208,.T.);
#7208 = EDGE_CURVE('',#7201,#7209,#7211,.T.);
#7209 = VERTEX_POINT('',#7210);
#7210 = CARTESIAN_POINT('',(3.6205795E+03,69.85,1.2519914E+03));
#7211 = LINE('',#7212,#7213);
#7212 = CARTESIAN_POINT('',(3.57400225E+03,69.85,1.2519914E+03));
#7213 = VECTOR('',#7214,1.);
#7214 = DIRECTION('',(1.,0.,-0.));
#7215 = ORIENTED_EDGE('',*,*,#7216,.F.);
#7216 = EDGE_CURVE('',#7193,#7209,#7217,.T.);
#7217 = LINE('',#7218,#7219);
#7218 = CARTESIAN_POINT('',(3.6205795E+03,69.85,625.9957));
#7219 = VECTOR('',#7220,1.);
#7220 = DIRECTION('',(-0.,0.,-1.));
#7221 = PLANE('',#7222);
#7222 = AXIS2_PLACEMENT_3D('',#7223,#7224,#7225);
#7223 = CARTESIAN_POINT('',(3.5433E+03,69.85,0.));
#7224 = DIRECTION('',(-0.,1.,0.));
#7225 = DIRECTION('',(0.,0.,1.));
#7226 = ADVANCED_FACE('',(#7227,#7245,#7279,#7313),#7347,.F.);
#7227 = FACE_BOUND('',#7228,.F.);
#7228 = EDGE_LOOP('',(#7229,#7237,#7238,#7239));
#7229 = ORIENTED_EDGE('',*,*,#7230,.F.);
#7230 = EDGE_CURVE('',#6842,#7231,#7233,.T.);
#7231 = VERTEX_POINT('',#7232);
#7232 = CARTESIAN_POINT('',(3.6322E+03,-69.85,0.));
#7233 = LINE('',#7234,#7235);
#7234 = CARTESIAN_POINT('',(3.5433E+03,-69.85,0.));
#7235 = VECTOR('',#7236,1.);
#7236 = DIRECTION('',(1.,0.,-0.));
#7237 = ORIENTED_EDGE('',*,*,#6841,.T.);
#7238 = ORIENTED_EDGE('',*,*,#7074,.T.);
#7239 = ORIENTED_EDGE('',*,*,#7240,.F.);
#7240 = EDGE_CURVE('',#7231,#7075,#7241,.T.);
#7241 = LINE('',#7242,#7243);
#7242 = CARTESIAN_POINT('',(3.6322E+03,-69.85,0.));
#7243 = VECTOR('',#7244,1.);
#7244 = DIRECTION('',(0.,0.,1.));
#7245 = FACE_BOUND('',#7246,.F.);
#7246 = EDGE_LOOP('',(#7247,#7257,#7265,#7273));
#7247 = ORIENTED_EDGE('',*,*,#7248,.F.);
#7248 = EDGE_CURVE('',#7249,#7251,#7253,.T.);
#7249 = VERTEX_POINT('',#7250);
#7250 = CARTESIAN_POINT('',(3.6047045E+03,-69.85,171.45));
#7251 = VERTEX_POINT('',#7252);
#7252 = CARTESIAN_POINT('',(3.6205795E+03,-69.85,171.45));
#7253 = LINE('',#7254,#7255);
#7254 = CARTESIAN_POINT('',(3.57400225E+03,-69.85,171.45));
#7255 = VECTOR('',#7256,1.);
#7256 = DIRECTION('',(1.,0.,-0.));
#7257 = ORIENTED_EDGE('',*,*,#7258,.T.);
#7258 = EDGE_CURVE('',#7249,#7259,#7261,.T.);
#7259 = VERTEX_POINT('',#7260);
#7260 = CARTESIAN_POINT('',(3.6047045E+03,-69.85,142.875));
#7261 = LINE('',#7262,#7263);
#7262 = CARTESIAN_POINT('',(3.6047045E+03,-69.85,71.4375));
#7263 = VECTOR('',#7264,1.);
#7264 = DIRECTION('',(-0.,0.,-1.));
#7265 = ORIENTED_EDGE('',*,*,#7266,.T.);
#7266 = EDGE_CURVE('',#7259,#7267,#7269,.T.);
#7267 = VERTEX_POINT('',#7268);
#7268 = CARTESIAN_POINT('',(3.6205795E+03,-69.85,142.875));
#7269 = LINE('',#7270,#7271);
#7270 = CARTESIAN_POINT('',(3.57400225E+03,-69.85,142.875));
#7271 = VECTOR('',#7272,1.);
#7272 = DIRECTION('',(1.,0.,-0.));
#7273 = ORIENTED_EDGE('',*,*,#7274,.F.);
#7274 = EDGE_CURVE('',#7251,#7267,#7275,.T.);
#7275 = LINE('',#7276,#7277);
#7276 = CARTESIAN_POINT('',(3.6205795E+03,-69.85,71.4375));
#7277 = VECTOR('',#7278,1.);
#7278 = DIRECTION('',(-0.,0.,-1.));
#7279 = FACE_BOUND('',#7280,.F.);
#7280 = EDGE_LOOP('',(#7281,#7291,#7299,#7307));
#7281 = ORIENTED_EDGE('',*,*,#7282,.F.);
#7282 = EDGE_CURVE('',#7283,#7285,#7287,.T.);
#7283 = VERTEX_POINT('',#7284);
#7284 = CARTESIAN_POINT('',(3.6047045E+03,-69.85,675.259));
#7285 = VERTEX_POINT('',#7286);
#7286 = CARTESIAN_POINT('',(3.6205795E+03,-69.85,675.259));
#7287 = LINE('',#7288,#7289);
#7288 = CARTESIAN_POINT('',(3.57400225E+03,-69.85,675.259));
#7289 = VECTOR('',#7290,1.);
#7290 = DIRECTION('',(1.,0.,-0.));
#7291 = ORIENTED_EDGE('',*,*,#7292,.T.);
#7292 = EDGE_CURVE('',#7283,#7293,#7295,.T.);
#7293 = VERTEX_POINT('',#7294);
#7294 = CARTESIAN_POINT('',(3.6047045E+03,-69.85,646.684));
#7295 = LINE('',#7296,#7297);
#7296 = CARTESIAN_POINT('',(3.6047045E+03,-69.85,323.342));
#7297 = VECTOR('',#7298,1.);
#7298 = DIRECTION('',(-0.,0.,-1.));
#7299 = ORIENTED_EDGE('',*,*,#7300,.T.);
#7300 = EDGE_CURVE('',#7293,#7301,#7303,.T.);
#7301 = VERTEX_POINT('',#7302);
#7302 = CARTESIAN_POINT('',(3.6205795E+03,-69.85,646.684));
#7303 = LINE('',#7304,#7305);
#7304 = CARTESIAN_POINT('',(3.57400225E+03,-69.85,646.684));
#7305 = VECTOR('',#7306,1.);
#7306 = DIRECTION('',(1.,0.,-0.));
#7307 = ORIENTED_EDGE('',*,*,#7308,.F.);
#7308 = EDGE_CURVE('',#7285,#7301,#7309,.T.);
#7309 = LINE('',#7310,#7311);
#7310 = CARTESIAN_POINT('',(3.6205795E+03,-69.85,323.342));
#7311 = VECTOR('',#7312,1.);
#7312 = DIRECTION('',(-0.,0.,-1.));
#7313 = FACE_BOUND('',#7314,.F.);
#7314 = EDGE_LOOP('',(#7315,#7325,#7333,#7341));
#7315 = ORIENTED_EDGE('',*,*,#7316,.F.);
#7316 = EDGE_CURVE('',#7317,#7319,#7321,.T.);
#7317 = VERTEX_POINT('',#7318);
#7318 = CARTESIAN_POINT('',(3.6047045E+03,-69.85,1.2805664E+03));
#7319 = VERTEX_POINT('',#7320);
#7320 = CARTESIAN_POINT('',(3.6205795E+03,-69.85,1.2805664E+03));
#7321 = LINE('',#7322,#7323);
#7322 = CARTESIAN_POINT('',(3.57400225E+03,-69.85,1.2805664E+03));
#7323 = VECTOR('',#7324,1.);
#7324 = DIRECTION('',(1.,0.,-0.));
#7325 = ORIENTED_EDGE('',*,*,#7326,.T.);
#7326 = EDGE_CURVE('',#7317,#7327,#7329,.T.);
#7327 = VERTEX_POINT('',#7328);
#7328 = CARTESIAN_POINT('',(3.6047045E+03,-69.85,1.2519914E+03));
#7329 = LINE('',#7330,#7331);
#7330 = CARTESIAN_POINT('',(3.6047045E+03,-69.85,625.9957));
#7331 = VECTOR('',#7332,1.);
#7332 = DIRECTION('',(-0.,0.,-1.));
#7333 = ORIENTED_EDGE('',*,*,#7334,.T.);
#7334 = EDGE_CURVE('',#7327,#7335,#7337,.T.);
#7335 = VERTEX_POINT('',#7336);
#7336 = CARTESIAN_POINT('',(3.6205795E+03,-69.85,1.2519914E+03));
#7337 = LINE('',#7338,#7339);
#7338 = CARTESIAN_POINT('',(3.57400225E+03,-69.85,1.2519914E+03));
#7339 = VECTOR('',#7340,1.);
#7340 = DIRECTION('',(1.,0.,-0.));
#7341 = ORIENTED_EDGE('',*,*,#7342,.F.);
#7342 = EDGE_CURVE('',#7319,#7335,#7343,.T.);
#7343 = LINE('',#7344,#7345);
#7344 = CARTESIAN_POINT('',(3.6205795E+03,-69.85,625.9957));
#7345 = VECTOR('',#7346,1.);
#7346 = DIRECTION('',(-0.,0.,-1.));
#7347 = PLANE('',#7348);
#7348 = AXIS2_PLACEMENT_3D('',#7349,#7350,#7351);
#7349 = CARTESIAN_POINT('',(3.5433E+03,-69.85,0.));
#7350 = DIRECTION('',(-0.,1.,0.));
#7351 = DIRECTION('',(0.,0.,1.));
#7352 = ADVANCED_FACE('',(#7353),#7403,.F.);
#7353 = FACE_BOUND('',#7354,.F.);
#7354 = EDGE_LOOP('',(#7355,#7356,#7364,#7372,#7380,#7388,#7396,#7402));
#7355 = ORIENTED_EDGE('',*,*,#6881,.F.);
#7356 = ORIENTED_EDGE('',*,*,#7357,.T.);
#7357 = EDGE_CURVE('',#6874,#7358,#7360,.T.);
#7358 = VERTEX_POINT('',#7359);
#7359 = CARTESIAN_POINT('',(3.556E+03,19.431,0.));
#7360 = LINE('',#7361,#7362);
#7361 = CARTESIAN_POINT('',(3.542284E+03,19.431,0.));
#7362 = VECTOR('',#7363,1.);
#7363 = DIRECTION('',(1.,0.,-0.));
#7364 = ORIENTED_EDGE('',*,*,#7365,.T.);
#7365 = EDGE_CURVE('',#7358,#7366,#7368,.T.);
#7366 = VERTEX_POINT('',#7367);
#7367 = CARTESIAN_POINT('',(3.556E+03,57.15,0.));
#7368 = LINE('',#7369,#7370);
#7369 = CARTESIAN_POINT('',(3.556E+03,-57.15,0.));
#7370 = VECTOR('',#7371,1.);
#7371 = DIRECTION('',(-0.,1.,0.));
#7372 = ORIENTED_EDGE('',*,*,#7373,.T.);
#7373 = EDGE_CURVE('',#7366,#7374,#7376,.T.);
#7374 = VERTEX_POINT('',#7375);
#7375 = CARTESIAN_POINT('',(3.6195E+03,57.15,0.));
#7376 = LINE('',#7377,#7378);
#7377 = CARTESIAN_POINT('',(3.556E+03,57.15,0.));
#7378 = VECTOR('',#7379,1.);
#7379 = DIRECTION('',(1.,0.,-0.));
#7380 = ORIENTED_EDGE('',*,*,#7381,.F.);
#7381 = EDGE_CURVE('',#7382,#7374,#7384,.T.);
#7382 = VERTEX_POINT('',#7383);
#7383 = CARTESIAN_POINT('',(3.6195E+03,19.431,0.));
#7384 = LINE('',#7385,#7386);
#7385 = CARTESIAN_POINT('',(3.6195E+03,-57.15,0.));
#7386 = VECTOR('',#7387,1.);
#7387 = DIRECTION('',(-0.,1.,0.));
#7388 = ORIENTED_EDGE('',*,*,#7389,.T.);
#7389 = EDGE_CURVE('',#7382,#7390,#7392,.T.);
#7390 = VERTEX_POINT('',#7391);
#7391 = CARTESIAN_POINT('',(3.6322E+03,19.431,0.));
#7392 = LINE('',#7393,#7394);
#7393 = CARTESIAN_POINT('',(3.542284E+03,19.431,0.));
#7394 = VECTOR('',#7395,1.);
#7395 = DIRECTION('',(1.,0.,-0.));
#7396 = ORIENTED_EDGE('',*,*,#7397,.T.);
#7397 = EDGE_CURVE('',#7390,#7105,#7398,.T.);
#7398 = LINE('',#7399,#7400);
#7399 = CARTESIAN_POINT('',(3.6322E+03,-69.85,0.));
#7400 = VECTOR('',#7401,1.);
#7401 = DIRECTION('',(-0.,1.,0.));
#7402 = ORIENTED_EDGE('',*,*,#7104,.F.);
#7403 = PLANE('',#7404);
#7404 = AXIS2_PLACEMENT_3D('',#7405,#7406,#7407);
#7405 = CARTESIAN_POINT('',(3.5433E+03,-69.85,0.));
#7406 = DIRECTION('',(0.,0.,1.));
#7407 = DIRECTION('',(1.,0.,-0.));
#7408 = ADVANCED_FACE('',(#7409),#7459,.F.);
#7409 = FACE_BOUND('',#7410,.F.);
#7410 = EDGE_LOOP('',(#7411,#7412,#7413,#7421,#7429,#7437,#7445,#7453));
#7411 = ORIENTED_EDGE('',*,*,#6849,.F.);
#7412 = ORIENTED_EDGE('',*,*,#7230,.T.);
#7413 = ORIENTED_EDGE('',*,*,#7414,.T.);
#7414 = EDGE_CURVE('',#7231,#7415,#7417,.T.);
#7415 = VERTEX_POINT('',#7416);
#7416 = CARTESIAN_POINT('',(3.6322E+03,-19.431,0.));
#7417 = LINE('',#7418,#7419);
#7418 = CARTESIAN_POINT('',(3.6322E+03,-69.85,0.));
#7419 = VECTOR('',#7420,1.);
#7420 = DIRECTION('',(-0.,1.,0.));
#7421 = ORIENTED_EDGE('',*,*,#7422,.F.);
#7422 = EDGE_CURVE('',#7423,#7415,#7425,.T.);
#7423 = VERTEX_POINT('',#7424);
#7424 = CARTESIAN_POINT('',(3.6195E+03,-19.431,0.));
#7425 = LINE('',#7426,#7427);
#7426 = CARTESIAN_POINT('',(3.542284E+03,-19.431,0.));
#7427 = VECTOR('',#7428,1.);
#7428 = DIRECTION('',(1.,0.,-0.));
#7429 = ORIENTED_EDGE('',*,*,#7430,.F.);
#7430 = EDGE_CURVE('',#7431,#7423,#7433,.T.);
#7431 = VERTEX_POINT('',#7432);
#7432 = CARTESIAN_POINT('',(3.6195E+03,-57.15,0.));
#7433 = LINE('',#7434,#7435);
#7434 = CARTESIAN_POINT('',(3.6195E+03,-57.15,0.));
#7435 = VECTOR('',#7436,1.);
#7436 = DIRECTION('',(-0.,1.,0.));
#7437 = ORIENTED_EDGE('',*,*,#7438,.F.);
#7438 = EDGE_CURVE('',#7439,#7431,#7441,.T.);
#7439 = VERTEX_POINT('',#7440);
#7440 = CARTESIAN_POINT('',(3.556E+03,-57.15,0.));
#7441 = LINE('',#7442,#7443);
#7442 = CARTESIAN_POINT('',(3.556E+03,-57.15,0.));
#7443 = VECTOR('',#7444,1.);
#7444 = DIRECTION('',(1.,0.,-0.));
#7445 = ORIENTED_EDGE('',*,*,#7446,.T.);
#7446 = EDGE_CURVE('',#7439,#7447,#7449,.T.);
#7447 = VERTEX_POINT('',#7448);
#7448 = CARTESIAN_POINT('',(3.556E+03,-19.431,0.));
#7449 = LINE('',#7450,#7451);
#7450 = CARTESIAN_POINT('',(3.556E+03,-57.15,0.));
#7451 = VECTOR('',#7452,1.);
#7452 = DIRECTION('',(-0.,1.,0.));
#7453 = ORIENTED_EDGE('',*,*,#7454,.F.);
#7454 = EDGE_CURVE('',#6850,#7447,#7455,.T.);
#7455 = LINE('',#7456,#7457);
#7456 = CARTESIAN_POINT('',(3.542284E+03,-19.431,0.));
#7457 = VECTOR('',#7458,1.);
#7458 = DIRECTION('',(1.,0.,-0.));
#7459 = PLANE('',#7460);
#7460 = AXIS2_PLACEMENT_3D('',#7461,#7462,#7463);
#7461 = CARTESIAN_POINT('',(3.5433E+03,-69.85,0.));
#7462 = DIRECTION('',(0.,0.,1.));
#7463 = DIRECTION('',(1.,0.,-0.));
#7464 = ADVANCED_FACE('',(#7465,#7490),#7524,.F.);
#7465 = FACE_BOUND('',#7466,.F.);
#7466 = EDGE_LOOP('',(#7467,#7468,#7469,#7477,#7483,#7484));
#7467 = ORIENTED_EDGE('',*,*,#7357,.F.);
#7468 = ORIENTED_EDGE('',*,*,#6873,.T.);
#7469 = ORIENTED_EDGE('',*,*,#7470,.T.);
#7470 = EDGE_CURVE('',#6866,#7471,#7473,.T.);
#7471 = VERTEX_POINT('',#7472);
#7472 = CARTESIAN_POINT('',(3.6322E+03,19.431,286.766));
#7473 = LINE('',#7474,#7475);
#7474 = CARTESIAN_POINT('',(3.542284E+03,19.431,286.766));
#7475 = VECTOR('',#7476,1.);
#7476 = DIRECTION('',(1.,0.,-0.));
#7477 = ORIENTED_EDGE('',*,*,#7478,.F.);
#7478 = EDGE_CURVE('',#7390,#7471,#7479,.T.);
#7479 = LINE('',#7480,#7481);
#7480 = CARTESIAN_POINT('',(3.6322E+03,19.431,0.));
#7481 = VECTOR('',#7482,1.);
#7482 = DIRECTION('',(0.,0.,1.));
#7483 = ORIENTED_EDGE('',*,*,#7389,.F.);
#7484 = ORIENTED_EDGE('',*,*,#7485,.F.);
#7485 = EDGE_CURVE('',#7358,#7382,#7486,.T.);
#7486 = LINE('',#7487,#7488);
#7487 = CARTESIAN_POINT('',(3.542284E+03,19.431,0.));
#7488 = VECTOR('',#7489,1.);
#7489 = DIRECTION('',(1.,0.,-0.));
#7490 = FACE_BOUND('',#7491,.F.);
#7491 = EDGE_LOOP('',(#7492,#7502,#7510,#7518));
#7492 = ORIENTED_EDGE('',*,*,#7493,.F.);
#7493 = EDGE_CURVE('',#7494,#7496,#7498,.T.);
#7494 = VERTEX_POINT('',#7495);
#7495 = CARTESIAN_POINT('',(3.6047045E+03,19.431,171.45));
#7496 = VERTEX_POINT('',#7497);
#7497 = CARTESIAN_POINT('',(3.6205795E+03,19.431,171.45));
#7498 = LINE('',#7499,#7500);
#7499 = CARTESIAN_POINT('',(3.57349425E+03,19.431,171.45));
#7500 = VECTOR('',#7501,1.);
#7501 = DIRECTION('',(1.,0.,-0.));
#7502 = ORIENTED_EDGE('',*,*,#7503,.T.);
#7503 = EDGE_CURVE('',#7494,#7504,#7506,.T.);
#7504 = VERTEX_POINT('',#7505);
#7505 = CARTESIAN_POINT('',(3.6047045E+03,19.431,142.875));
#7506 = LINE('',#7507,#7508);
#7507 = CARTESIAN_POINT('',(3.6047045E+03,19.431,71.4375));
#7508 = VECTOR('',#7509,1.);
#7509 = DIRECTION('',(-0.,0.,-1.));
#7510 = ORIENTED_EDGE('',*,*,#7511,.T.);
#7511 = EDGE_CURVE('',#7504,#7512,#7514,.T.);
#7512 = VERTEX_POINT('',#7513);
#7513 = CARTESIAN_POINT('',(3.6205795E+03,19.431,142.875));
#7514 = LINE('',#7515,#7516);
#7515 = CARTESIAN_POINT('',(3.57349425E+03,19.431,142.875));
#7516 = VECTOR('',#7517,1.);
#7517 = DIRECTION('',(1.,0.,-0.));
#7518 = ORIENTED_EDGE('',*,*,#7519,.F.);
#7519 = EDGE_CURVE('',#7496,#7512,#7520,.T.);
#7520 = LINE('',#7521,#7522);
#7521 = CARTESIAN_POINT('',(3.6205795E+03,19.431,71.4375));
#7522 = VECTOR('',#7523,1.);
#7523 = DIRECTION('',(-0.,0.,-1.));
#7524 = PLANE('',#7525);
#7525 = AXIS2_PLACEMENT_3D('',#7526,#7527,#7528);
#7526 = CARTESIAN_POINT('',(3.542284E+03,19.431,0.));
#7527 = DIRECTION('',(-0.,1.,0.));
#7528 = DIRECTION('',(0.,0.,1.));
#7529 = ADVANCED_FACE('',(#7530,#7555),#7589,.T.);
#7530 = FACE_BOUND('',#7531,.T.);
#7531 = EDGE_LOOP('',(#7532,#7533,#7534,#7542,#7548,#7549));
#7532 = ORIENTED_EDGE('',*,*,#7454,.F.);
#7533 = ORIENTED_EDGE('',*,*,#6857,.T.);
#7534 = ORIENTED_EDGE('',*,*,#7535,.T.);
#7535 = EDGE_CURVE('',#6858,#7536,#7538,.T.);
#7536 = VERTEX_POINT('',#7537);
#7537 = CARTESIAN_POINT('',(3.6322E+03,-19.431,286.766));
#7538 = LINE('',#7539,#7540);
#7539 = CARTESIAN_POINT('',(3.542284E+03,-19.431,286.766));
#7540 = VECTOR('',#7541,1.);
#7541 = DIRECTION('',(1.,0.,-0.));
#7542 = ORIENTED_EDGE('',*,*,#7543,.F.);
#7543 = EDGE_CURVE('',#7415,#7536,#7544,.T.);
#7544 = LINE('',#7545,#7546);
#7545 = CARTESIAN_POINT('',(3.6322E+03,-19.431,0.));
#7546 = VECTOR('',#7547,1.);
#7547 = DIRECTION('',(0.,0.,1.));
#7548 = ORIENTED_EDGE('',*,*,#7422,.F.);
#7549 = ORIENTED_EDGE('',*,*,#7550,.F.);
#7550 = EDGE_CURVE('',#7447,#7423,#7551,.T.);
#7551 = LINE('',#7552,#7553);
#7552 = CARTESIAN_POINT('',(3.542284E+03,-19.431,0.));
#7553 = VECTOR('',#7554,1.);
#7554 = DIRECTION('',(1.,0.,-0.));
#7555 = FACE_BOUND('',#7556,.T.);
#7556 = EDGE_LOOP('',(#7557,#7567,#7575,#7583));
#7557 = ORIENTED_EDGE('',*,*,#7558,.F.);
#7558 = EDGE_CURVE('',#7559,#7561,#7563,.T.);
#7559 = VERTEX_POINT('',#7560);
#7560 = CARTESIAN_POINT('',(3.6047045E+03,-19.431,171.45));
#7561 = VERTEX_POINT('',#7562);
#7562 = CARTESIAN_POINT('',(3.6205795E+03,-19.431,171.45));
#7563 = LINE('',#7564,#7565);
#7564 = CARTESIAN_POINT('',(3.57349425E+03,-19.431,171.45));
#7565 = VECTOR('',#7566,1.);
#7566 = DIRECTION('',(1.,0.,-0.));
#7567 = ORIENTED_EDGE('',*,*,#7568,.T.);
#7568 = EDGE_CURVE('',#7559,#7569,#7571,.T.);
#7569 = VERTEX_POINT('',#7570);
#7570 = CARTESIAN_POINT('',(3.6047045E+03,-19.431,142.875));
#7571 = LINE('',#7572,#7573);
#7572 = CARTESIAN_POINT('',(3.6047045E+03,-19.431,71.4375));
#7573 = VECTOR('',#7574,1.);
#7574 = DIRECTION('',(-0.,0.,-1.));
#7575 = ORIENTED_EDGE('',*,*,#7576,.T.);
#7576 = EDGE_CURVE('',#7569,#7577,#7579,.T.);
#7577 = VERTEX_POINT('',#7578);
#7578 = CARTESIAN_POINT('',(3.6205795E+03,-19.431,142.875));
#7579 = LINE('',#7580,#7581);
#7580 = CARTESIAN_POINT('',(3.57349425E+03,-19.431,142.875));
#7581 = VECTOR('',#7582,1.);
#7582 = DIRECTION('',(1.,0.,-0.));
#7583 = ORIENTED_EDGE('',*,*,#7584,.F.);
#7584 = EDGE_CURVE('',#7561,#7577,#7585,.T.);
#7585 = LINE('',#7586,#7587);
#7586 = CARTESIAN_POINT('',(3.6205795E+03,-19.431,71.4375));
#7587 = VECTOR('',#7588,1.);
#7588 = DIRECTION('',(-0.,0.,-1.));
#7589 = PLANE('',#7590);
#7590 = AXIS2_PLACEMENT_3D('',#7591,#7592,#7593);
#7591 = CARTESIAN_POINT('',(3.542284E+03,-19.431,0.));
#7592 = DIRECTION('',(-0.,1.,0.));
#7593 = DIRECTION('',(0.,0.,1.));
#7594 = ADVANCED_FACE('',(#7595),#7606,.F.);
#7595 = FACE_BOUND('',#7596,.F.);
#7596 = EDGE_LOOP('',(#7597,#7598,#7599,#7600));
#7597 = ORIENTED_EDGE('',*,*,#7470,.F.);
#7598 = ORIENTED_EDGE('',*,*,#6865,.T.);
#7599 = ORIENTED_EDGE('',*,*,#7535,.T.);
#7600 = ORIENTED_EDGE('',*,*,#7601,.F.);
#7601 = EDGE_CURVE('',#7471,#7536,#7602,.T.);
#7602 = LINE('',#7603,#7604);
#7603 = CARTESIAN_POINT('',(3.6322E+03,-44.6405,286.766));
#7604 = VECTOR('',#7605,1.);
#7605 = DIRECTION('',(0.,-1.,0.));
#7606 = PLANE('',#7607);
#7607 = AXIS2_PLACEMENT_3D('',#7608,#7609,#7610);
#7608 = CARTESIAN_POINT('',(3.542284E+03,-19.431,286.766));
#7609 = DIRECTION('',(0.,0.,1.));
#7610 = DIRECTION('',(1.,0.,-0.));
#7611 = ADVANCED_FACE('',(#7612),#7637,.T.);
#7612 = FACE_BOUND('',#7613,.T.);
#7613 = EDGE_LOOP('',(#7614,#7622,#7623,#7631));
#7614 = ORIENTED_EDGE('',*,*,#7615,.F.);
#7615 = EDGE_CURVE('',#6898,#7616,#7618,.T.);
#7616 = VERTEX_POINT('',#7617);
#7617 = CARTESIAN_POINT('',(3.553333E+03,9.906,304.8));
#7618 = LINE('',#7619,#7620);
#7619 = CARTESIAN_POINT('',(3.542792E+03,9.906,304.8));
#7620 = VECTOR('',#7621,1.);
#7621 = DIRECTION('',(1.,0.,-0.));
#7622 = ORIENTED_EDGE('',*,*,#6897,.T.);
#7623 = ORIENTED_EDGE('',*,*,#7624,.T.);
#7624 = EDGE_CURVE('',#6900,#7625,#7627,.T.);
#7625 = VERTEX_POINT('',#7626);
#7626 = CARTESIAN_POINT('',(3.553333E+03,-9.906,304.8));
#7627 = LINE('',#7628,#7629);
#7628 = CARTESIAN_POINT('',(3.542792E+03,-9.906,304.8));
#7629 = VECTOR('',#7630,1.);
#7630 = DIRECTION('',(1.,0.,-0.));
#7631 = ORIENTED_EDGE('',*,*,#7632,.T.);
#7632 = EDGE_CURVE('',#7625,#7616,#7633,.T.);
#7633 = LINE('',#7634,#7635);
#7634 = CARTESIAN_POINT('',(3.553333E+03,-9.906,304.8));
#7635 = VECTOR('',#7636,1.);
#7636 = DIRECTION('',(-0.,1.,0.));
#7637 = PLANE('',#7638);
#7638 = AXIS2_PLACEMENT_3D('',#7639,#7640,#7641);
#7639 = CARTESIAN_POINT('',(3.542792E+03,-9.906,304.8));
#7640 = DIRECTION('',(0.,0.,1.));
#7641 = DIRECTION('',(1.,0.,-0.));
#7642 = ADVANCED_FACE('',(#7643),#7661,.F.);
#7643 = FACE_BOUND('',#7644,.F.);
#7644 = EDGE_LOOP('',(#7645,#7646,#7647,#7655));
#7645 = ORIENTED_EDGE('',*,*,#7615,.F.);
#7646 = ORIENTED_EDGE('',*,*,#6923,.T.);
#7647 = ORIENTED_EDGE('',*,*,#7648,.T.);
#7648 = EDGE_CURVE('',#6916,#7649,#7651,.T.);
#7649 = VERTEX_POINT('',#7650);
#7650 = CARTESIAN_POINT('',(3.553333E+03,9.906,511.175));
#7651 = LINE('',#7652,#7653);
#7652 = CARTESIAN_POINT('',(3.542792E+03,9.906,511.175));
#7653 = VECTOR('',#7654,1.);
#7654 = DIRECTION('',(1.,0.,-0.));
#7655 = ORIENTED_EDGE('',*,*,#7656,.F.);
#7656 = EDGE_CURVE('',#7616,#7649,#7657,.T.);
#7657 = LINE('',#7658,#7659);
#7658 = CARTESIAN_POINT('',(3.553333E+03,9.906,304.8));
#7659 = VECTOR('',#7660,1.);
#7660 = DIRECTION('',(0.,0.,1.));
#7661 = PLANE('',#7662);
#7662 = AXIS2_PLACEMENT_3D('',#7663,#7664,#7665);
#7663 = CARTESIAN_POINT('',(3.542792E+03,9.906,304.8));
#7664 = DIRECTION('',(-0.,1.,0.));
#7665 = DIRECTION('',(0.,0.,1.));
#7666 = ADVANCED_FACE('',(#7667),#7685,.T.);
#7667 = FACE_BOUND('',#7668,.T.);
#7668 = EDGE_LOOP('',(#7669,#7670,#7671,#7679));
#7669 = ORIENTED_EDGE('',*,*,#7624,.F.);
#7670 = ORIENTED_EDGE('',*,*,#6907,.T.);
#7671 = ORIENTED_EDGE('',*,*,#7672,.T.);
#7672 = EDGE_CURVE('',#6908,#7673,#7675,.T.);
#7673 = VERTEX_POINT('',#7674);
#7674 = CARTESIAN_POINT('',(3.553333E+03,-9.906,511.175));
#7675 = LINE('',#7676,#7677);
#7676 = CARTESIAN_POINT('',(3.542792E+03,-9.906,511.175));
#7677 = VECTOR('',#7678,1.);
#7678 = DIRECTION('',(1.,0.,-0.));
#7679 = ORIENTED_EDGE('',*,*,#7680,.F.);
#7680 = EDGE_CURVE('',#7625,#7673,#7681,.T.);
#7681 = LINE('',#7682,#7683);
#7682 = CARTESIAN_POINT('',(3.553333E+03,-9.906,304.8));
#7683 = VECTOR('',#7684,1.);
#7684 = DIRECTION('',(0.,0.,1.));
#7685 = PLANE('',#7686);
#7686 = AXIS2_PLACEMENT_3D('',#7687,#7688,#7689);
#7687 = CARTESIAN_POINT('',(3.542792E+03,-9.906,304.8));
#7688 = DIRECTION('',(-0.,1.,0.));
#7689 = DIRECTION('',(0.,0.,1.));
#7690 = ADVANCED_FACE('',(#7691),#7702,.F.);
#7691 = FACE_BOUND('',#7692,.F.);
#7692 = EDGE_LOOP('',(#7693,#7694,#7695,#7696));
#7693 = ORIENTED_EDGE('',*,*,#7648,.F.);
#7694 = ORIENTED_EDGE('',*,*,#6915,.T.);
#7695 = ORIENTED_EDGE('',*,*,#7672,.T.);
#7696 = ORIENTED_EDGE('',*,*,#7697,.T.);
#7697 = EDGE_CURVE('',#7673,#7649,#7698,.T.);
#7698 = LINE('',#7699,#7700);
#7699 = CARTESIAN_POINT('',(3.553333E+03,-9.906,511.175));
#7700 = VECTOR('',#7701,1.);
#7701 = DIRECTION('',(-0.,1.,0.));
#7702 = PLANE('',#7703);
#7703 = AXIS2_PLACEMENT_3D('',#7704,#7705,#7706);
#7704 = CARTESIAN_POINT('',(3.542792E+03,-9.906,511.175));
#7705 = DIRECTION('',(0.,0.,1.));
#7706 = DIRECTION('',(1.,0.,-0.));
#7707 = ADVANCED_FACE('',(#7708),#7733,.T.);
#7708 = FACE_BOUND('',#7709,.T.);
#7709 = EDGE_LOOP('',(#7710,#7718,#7719,#7727));
#7710 = ORIENTED_EDGE('',*,*,#7711,.F.);
#7711 = EDGE_CURVE('',#6932,#7712,#7714,.T.);
#7712 = VERTEX_POINT('',#7713);
#7713 = CARTESIAN_POINT('',(3.6322E+03,19.431,529.209));
#7714 = LINE('',#7715,#7716);
#7715 = CARTESIAN_POINT('',(3.542284E+03,19.431,529.209));
#7716 = VECTOR('',#7717,1.);
#7717 = DIRECTION('',(1.,0.,-0.));
#7718 = ORIENTED_EDGE('',*,*,#6931,.T.);
#7719 = ORIENTED_EDGE('',*,*,#7720,.T.);
#7720 = EDGE_CURVE('',#6934,#7721,#7723,.T.);
#7721 = VERTEX_POINT('',#7722);
#7722 = CARTESIAN_POINT('',(3.6322E+03,-19.431,529.209));
#7723 = LINE('',#7724,#7725);
#7724 = CARTESIAN_POINT('',(3.542284E+03,-19.431,529.209));
#7725 = VECTOR('',#7726,1.);
#7726 = DIRECTION('',(1.,0.,-0.));
#7727 = ORIENTED_EDGE('',*,*,#7728,.F.);
#7728 = EDGE_CURVE('',#7712,#7721,#7729,.T.);
#7729 = LINE('',#7730,#7731);
#7730 = CARTESIAN_POINT('',(3.6322E+03,-44.6405,529.209));
#7731 = VECTOR('',#7732,1.);
#7732 = DIRECTION('',(0.,-1.,0.));
#7733 = PLANE('',#7734);
#7734 = AXIS2_PLACEMENT_3D('',#7735,#7736,#7737);
#7735 = CARTESIAN_POINT('',(3.542284E+03,-19.431,529.209));
#7736 = DIRECTION('',(0.,0.,1.));
#7737 = DIRECTION('',(1.,0.,-0.));
#7738 = ADVANCED_FACE('',(#7739,#7757),#7791,.F.);
#7739 = FACE_BOUND('',#7740,.F.);
#7740 = EDGE_LOOP('',(#7741,#7742,#7743,#7751));
#7741 = ORIENTED_EDGE('',*,*,#7711,.F.);
#7742 = ORIENTED_EDGE('',*,*,#6957,.T.);
#7743 = ORIENTED_EDGE('',*,*,#7744,.T.);
#7744 = EDGE_CURVE('',#6950,#7745,#7747,.T.);
#7745 = VERTEX_POINT('',#7746);
#7746 = CARTESIAN_POINT('',(3.6322E+03,19.431,765.175));
#7747 = LINE('',#7748,#7749);
#7748 = CARTESIAN_POINT('',(3.542284E+03,19.431,765.175));
#7749 = VECTOR('',#7750,1.);
#7750 = DIRECTION('',(1.,0.,-0.));
#7751 = ORIENTED_EDGE('',*,*,#7752,.F.);
#7752 = EDGE_CURVE('',#7712,#7745,#7753,.T.);
#7753 = LINE('',#7754,#7755);
#7754 = CARTESIAN_POINT('',(3.6322E+03,19.431,264.6045));
#7755 = VECTOR('',#7756,1.);
#7756 = DIRECTION('',(0.,0.,1.));
#7757 = FACE_BOUND('',#7758,.F.);
#7758 = EDGE_LOOP('',(#7759,#7769,#7777,#7785));
#7759 = ORIENTED_EDGE('',*,*,#7760,.F.);
#7760 = EDGE_CURVE('',#7761,#7763,#7765,.T.);
#7761 = VERTEX_POINT('',#7762);
#7762 = CARTESIAN_POINT('',(3.6047045E+03,19.431,675.259));
#7763 = VERTEX_POINT('',#7764);
#7764 = CARTESIAN_POINT('',(3.6205795E+03,19.431,675.259));
#7765 = LINE('',#7766,#7767);
#7766 = CARTESIAN_POINT('',(3.57349425E+03,19.431,675.259));
#7767 = VECTOR('',#7768,1.);
#7768 = DIRECTION('',(1.,0.,-0.));
#7769 = ORIENTED_EDGE('',*,*,#7770,.T.);
#7770 = EDGE_CURVE('',#7761,#7771,#7773,.T.);
#7771 = VERTEX_POINT('',#7772);
#7772 = CARTESIAN_POINT('',(3.6047045E+03,19.431,646.684));
#7773 = LINE('',#7774,#7775);
#7774 = CARTESIAN_POINT('',(3.6047045E+03,19.431,587.9465));
#7775 = VECTOR('',#7776,1.);
#7776 = DIRECTION('',(-0.,0.,-1.));
#7777 = ORIENTED_EDGE('',*,*,#7778,.T.);
#7778 = EDGE_CURVE('',#7771,#7779,#7781,.T.);
#7779 = VERTEX_POINT('',#7780);
#7780 = CARTESIAN_POINT('',(3.6205795E+03,19.431,646.684));
#7781 = LINE('',#7782,#7783);
#7782 = CARTESIAN_POINT('',(3.57349425E+03,19.431,646.684));
#7783 = VECTOR('',#7784,1.);
#7784 = DIRECTION('',(1.,0.,-0.));
#7785 = ORIENTED_EDGE('',*,*,#7786,.F.);
#7786 = EDGE_CURVE('',#7763,#7779,#7787,.T.);
#7787 = LINE('',#7788,#7789);
#7788 = CARTESIAN_POINT('',(3.6205795E+03,19.431,587.9465));
#7789 = VECTOR('',#7790,1.);
#7790 = DIRECTION('',(-0.,0.,-1.));
#7791 = PLANE('',#7792);
#7792 = AXIS2_PLACEMENT_3D('',#7793,#7794,#7795);
#7793 = CARTESIAN_POINT('',(3.542284E+03,19.431,529.209));
#7794 = DIRECTION('',(-0.,1.,0.));
#7795 = DIRECTION('',(0.,0.,1.));
#7796 = ADVANCED_FACE('',(#7797,#7815),#7849,.T.);
#7797 = FACE_BOUND('',#7798,.T.);
#7798 = EDGE_LOOP('',(#7799,#7800,#7801,#7809));
#7799 = ORIENTED_EDGE('',*,*,#7720,.F.);
#7800 = ORIENTED_EDGE('',*,*,#6941,.T.);
#7801 = ORIENTED_EDGE('',*,*,#7802,.T.);
#7802 = EDGE_CURVE('',#6942,#7803,#7805,.T.);
#7803 = VERTEX_POINT('',#7804);
#7804 = CARTESIAN_POINT('',(3.6322E+03,-19.431,765.175));
#7805 = LINE('',#7806,#7807);
#7806 = CARTESIAN_POINT('',(3.542284E+03,-19.431,765.175));
#7807 = VECTOR('',#7808,1.);
#7808 = DIRECTION('',(1.,0.,-0.));
#7809 = ORIENTED_EDGE('',*,*,#7810,.F.);
#7810 = EDGE_CURVE('',#7721,#7803,#7811,.T.);
#7811 = LINE('',#7812,#7813);
#7812 = CARTESIAN_POINT('',(3.6322E+03,-19.431,264.6045));
#7813 = VECTOR('',#7814,1.);
#7814 = DIRECTION('',(0.,0.,1.));
#7815 = FACE_BOUND('',#7816,.T.);
#7816 = EDGE_LOOP('',(#7817,#7827,#7835,#7843));
#7817 = ORIENTED_EDGE('',*,*,#7818,.F.);
#7818 = EDGE_CURVE('',#7819,#7821,#7823,.T.);
#7819 = VERTEX_POINT('',#7820);
#7820 = CARTESIAN_POINT('',(3.6047045E+03,-19.431,675.259));
#7821 = VERTEX_POINT('',#7822);
#7822 = CARTESIAN_POINT('',(3.6205795E+03,-19.431,675.259));
#7823 = LINE('',#7824,#7825);
#7824 = CARTESIAN_POINT('',(3.57349425E+03,-19.431,675.259));
#7825 = VECTOR('',#7826,1.);
#7826 = DIRECTION('',(1.,0.,-0.));
#7827 = ORIENTED_EDGE('',*,*,#7828,.T.);
#7828 = EDGE_CURVE('',#7819,#7829,#7831,.T.);
#7829 = VERTEX_POINT('',#7830);
#7830 = CARTESIAN_POINT('',(3.6047045E+03,-19.431,646.684));
#7831 = LINE('',#7832,#7833);
#7832 = CARTESIAN_POINT('',(3.6047045E+03,-19.431,587.9465));
#7833 = VECTOR('',#7834,1.);
#7834 = DIRECTION('',(-0.,0.,-1.));
#7835 = ORIENTED_EDGE('',*,*,#7836,.T.);
#7836 = EDGE_CURVE('',#7829,#7837,#7839,.T.);
#7837 = VERTEX_POINT('',#7838);
#7838 = CARTESIAN_POINT('',(3.6205795E+03,-19.431,646.684));
#7839 = LINE('',#7840,#7841);
#7840 = CARTESIAN_POINT('',(3.57349425E+03,-19.431,646.684));
#7841 = VECTOR('',#7842,1.);
#7842 = DIRECTION('',(1.,0.,-0.));
#7843 = ORIENTED_EDGE('',*,*,#7844,.F.);
#7844 = EDGE_CURVE('',#7821,#7837,#7845,.T.);
#7845 = LINE('',#7846,#7847);
#7846 = CARTESIAN_POINT('',(3.6205795E+03,-19.431,587.9465));
#7847 = VECTOR('',#7848,1.);
#7848 = DIRECTION('',(-0.,0.,-1.));
#7849 = PLANE('',#7850);
#7850 = AXIS2_PLACEMENT_3D('',#7851,#7852,#7853);
#7851 = CARTESIAN_POINT('',(3.542284E+03,-19.431,529.209));
#7852 = DIRECTION('',(-0.,1.,0.));
#7853 = DIRECTION('',(0.,0.,1.));
#7854 = ADVANCED_FACE('',(#7855),#7866,.F.);
#7855 = FACE_BOUND('',#7856,.F.);
#7856 = EDGE_LOOP('',(#7857,#7858,#7859,#7860));
#7857 = ORIENTED_EDGE('',*,*,#7744,.F.);
#7858 = ORIENTED_EDGE('',*,*,#6949,.T.);
#7859 = ORIENTED_EDGE('',*,*,#7802,.T.);
#7860 = ORIENTED_EDGE('',*,*,#7861,.F.);
#7861 = EDGE_CURVE('',#7745,#7803,#7862,.T.);
#7862 = LINE('',#7863,#7864);
#7863 = CARTESIAN_POINT('',(3.6322E+03,-44.6405,765.175));
#7864 = VECTOR('',#7865,1.);
#7865 = DIRECTION('',(0.,-1.,0.));
#7866 = PLANE('',#7867);
#7867 = AXIS2_PLACEMENT_3D('',#7868,#7869,#7870);
#7868 = CARTESIAN_POINT('',(3.542284E+03,-19.431,765.175));
#7869 = DIRECTION('',(0.,0.,1.));
#7870 = DIRECTION('',(1.,0.,-0.));
#7871 = ADVANCED_FACE('',(#7872),#7897,.T.);
#7872 = FACE_BOUND('',#7873,.T.);
#7873 = EDGE_LOOP('',(#7874,#7882,#7883,#7891));
#7874 = ORIENTED_EDGE('',*,*,#7875,.F.);
#7875 = EDGE_CURVE('',#6966,#7876,#7878,.T.);
#7876 = VERTEX_POINT('',#7877);
#7877 = CARTESIAN_POINT('',(3.553333E+03,9.906,783.209));
#7878 = LINE('',#7879,#7880);
#7879 = CARTESIAN_POINT('',(3.542792E+03,9.906,783.209));
#7880 = VECTOR('',#7881,1.);
#7881 = DIRECTION('',(1.,0.,-0.));
#7882 = ORIENTED_EDGE('',*,*,#6965,.T.);
#7883 = ORIENTED_EDGE('',*,*,#7884,.T.);
#7884 = EDGE_CURVE('',#6968,#7885,#7887,.T.);
#7885 = VERTEX_POINT('',#7886);
#7886 = CARTESIAN_POINT('',(3.553333E+03,-9.906,783.209));
#7887 = LINE('',#7888,#7889);
#7888 = CARTESIAN_POINT('',(3.542792E+03,-9.906,783.209));
#7889 = VECTOR('',#7890,1.);
#7890 = DIRECTION('',(1.,0.,-0.));
#7891 = ORIENTED_EDGE('',*,*,#7892,.T.);
#7892 = EDGE_CURVE('',#7885,#7876,#7893,.T.);
#7893 = LINE('',#7894,#7895);
#7894 = CARTESIAN_POINT('',(3.553333E+03,-9.906,783.209));
#7895 = VECTOR('',#7896,1.);
#7896 = DIRECTION('',(-0.,1.,0.));
#7897 = PLANE('',#7898);
#7898 = AXIS2_PLACEMENT_3D('',#7899,#7900,#7901);
#7899 = CARTESIAN_POINT('',(3.542792E+03,-9.906,783.209));
#7900 = DIRECTION('',(0.,0.,1.));
#7901 = DIRECTION('',(1.,0.,-0.));
#7902 = ADVANCED_FACE('',(#7903),#7921,.F.);
#7903 = FACE_BOUND('',#7904,.F.);
#7904 = EDGE_LOOP('',(#7905,#7906,#7907,#7915));
#7905 = ORIENTED_EDGE('',*,*,#7875,.F.);
#7906 = ORIENTED_EDGE('',*,*,#6991,.T.);
#7907 = ORIENTED_EDGE('',*,*,#7908,.T.);
#7908 = EDGE_CURVE('',#6984,#7909,#7911,.T.);
#7909 = VERTEX_POINT('',#7910);
#7910 = CARTESIAN_POINT('',(3.553333E+03,9.906,1.1164824E+03));
#7911 = LINE('',#7912,#7913);
#7912 = CARTESIAN_POINT('',(3.542792E+03,9.906,1.1164824E+03));
#7913 = VECTOR('',#7914,1.);
#7914 = DIRECTION('',(1.,0.,-0.));
#7915 = ORIENTED_EDGE('',*,*,#7916,.F.);
#7916 = EDGE_CURVE('',#7876,#7909,#7917,.T.);
#7917 = LINE('',#7918,#7919);
#7918 = CARTESIAN_POINT('',(3.553333E+03,9.906,783.209));
#7919 = VECTOR('',#7920,1.);
#7920 = DIRECTION('',(0.,0.,1.));
#7921 = PLANE('',#7922);
#7922 = AXIS2_PLACEMENT_3D('',#7923,#7924,#7925);
#7923 = CARTESIAN_POINT('',(3.542792E+03,9.906,783.209));
#7924 = DIRECTION('',(-0.,1.,0.));
#7925 = DIRECTION('',(0.,0.,1.));
#7926 = ADVANCED_FACE('',(#7927),#7945,.T.);
#7927 = FACE_BOUND('',#7928,.T.);
#7928 = EDGE_LOOP('',(#7929,#7930,#7931,#7939));
#7929 = ORIENTED_EDGE('',*,*,#7884,.F.);
#7930 = ORIENTED_EDGE('',*,*,#6975,.T.);
#7931 = ORIENTED_EDGE('',*,*,#7932,.T.);
#7932 = EDGE_CURVE('',#6976,#7933,#7935,.T.);
#7933 = VERTEX_POINT('',#7934);
#7934 = CARTESIAN_POINT('',(3.553333E+03,-9.906,1.1164824E+03));
#7935 = LINE('',#7936,#7937);
#7936 = CARTESIAN_POINT('',(3.542792E+03,-9.906,1.1164824E+03));
#7937 = VECTOR('',#7938,1.);
#7938 = DIRECTION('',(1.,0.,-0.));
#7939 = ORIENTED_EDGE('',*,*,#7940,.F.);
#7940 = EDGE_CURVE('',#7885,#7933,#7941,.T.);
#7941 = LINE('',#7942,#7943);
#7942 = CARTESIAN_POINT('',(3.553333E+03,-9.906,783.209));
#7943 = VECTOR('',#7944,1.);
#7944 = DIRECTION('',(0.,0.,1.));
#7945 = PLANE('',#7946);
#7946 = AXIS2_PLACEMENT_3D('',#7947,#7948,#7949);
#7947 = CARTESIAN_POINT('',(3.542792E+03,-9.906,783.209));
#7948 = DIRECTION('',(-0.,1.,0.));
#7949 = DIRECTION('',(0.,0.,1.));
#7950 = ADVANCED_FACE('',(#7951),#7962,.F.);
#7951 = FACE_BOUND('',#7952,.F.);
#7952 = EDGE_LOOP('',(#7953,#7954,#7955,#7956));
#7953 = ORIENTED_EDGE('',*,*,#7908,.F.);
#7954 = ORIENTED_EDGE('',*,*,#6983,.T.);
#7955 = ORIENTED_EDGE('',*,*,#7932,.T.);
#7956 = ORIENTED_EDGE('',*,*,#7957,.T.);
#7957 = EDGE_CURVE('',#7933,#7909,#7958,.T.);
#7958 = LINE('',#7959,#7960);
#7959 = CARTESIAN_POINT('',(3.553333E+03,-9.906,1.1164824E+03));
#7960 = VECTOR('',#7961,1.);
#7961 = DIRECTION('',(-0.,1.,0.));
#7962 = PLANE('',#7963);
#7963 = AXIS2_PLACEMENT_3D('',#7964,#7965,#7966);
#7964 = CARTESIAN_POINT('',(3.542792E+03,-9.906,1.1164824E+03));
#7965 = DIRECTION('',(0.,0.,1.));
#7966 = DIRECTION('',(1.,0.,-0.));
#7967 = ADVANCED_FACE('',(#7968),#7993,.T.);
#7968 = FACE_BOUND('',#7969,.T.);
#7969 = EDGE_LOOP('',(#7970,#7978,#7979,#7987));
#7970 = ORIENTED_EDGE('',*,*,#7971,.F.);
#7971 = EDGE_CURVE('',#7000,#7972,#7974,.T.);
#7972 = VERTEX_POINT('',#7973);
#7973 = CARTESIAN_POINT('',(3.6322E+03,19.431,1.1345164E+03));
#7974 = LINE('',#7975,#7976);
#7975 = CARTESIAN_POINT('',(3.542284E+03,19.431,1.1345164E+03));
#7976 = VECTOR('',#7977,1.);
#7977 = DIRECTION('',(1.,0.,-0.));
#7978 = ORIENTED_EDGE('',*,*,#6999,.T.);
#7979 = ORIENTED_EDGE('',*,*,#7980,.T.);
#7980 = EDGE_CURVE('',#7002,#7981,#7983,.T.);
#7981 = VERTEX_POINT('',#7982);
#7982 = CARTESIAN_POINT('',(3.6322E+03,-19.431,1.1345164E+03));
#7983 = LINE('',#7984,#7985);
#7984 = CARTESIAN_POINT('',(3.542284E+03,-19.431,1.1345164E+03));
#7985 = VECTOR('',#7986,1.);
#7986 = DIRECTION('',(1.,0.,-0.));
#7987 = ORIENTED_EDGE('',*,*,#7988,.F.);
#7988 = EDGE_CURVE('',#7972,#7981,#7989,.T.);
#7989 = LINE('',#7990,#7991);
#7990 = CARTESIAN_POINT('',(3.6322E+03,-44.6405,1.1345164E+03));
#7991 = VECTOR('',#7992,1.);
#7992 = DIRECTION('',(0.,-1.,0.));
#7993 = PLANE('',#7994);
#7994 = AXIS2_PLACEMENT_3D('',#7995,#7996,#7997);
#7995 = CARTESIAN_POINT('',(3.542284E+03,-19.431,1.1345164E+03));
#7996 = DIRECTION('',(0.,0.,1.));
#7997 = DIRECTION('',(1.,0.,-0.));
#7998 = ADVANCED_FACE('',(#7999,#8017),#8051,.F.);
#7999 = FACE_BOUND('',#8000,.F.);
#8000 = EDGE_LOOP('',(#8001,#8002,#8003,#8011));
#8001 = ORIENTED_EDGE('',*,*,#7971,.F.);
#8002 = ORIENTED_EDGE('',*,*,#7025,.T.);
#8003 = ORIENTED_EDGE('',*,*,#8004,.T.);
#8004 = EDGE_CURVE('',#7018,#8005,#8007,.T.);
#8005 = VERTEX_POINT('',#8006);
#8006 = CARTESIAN_POINT('',(3.6322E+03,19.431,1.3704824E+03));
#8007 = LINE('',#8008,#8009);
#8008 = CARTESIAN_POINT('',(3.542284E+03,19.431,1.3704824E+03));
#8009 = VECTOR('',#8010,1.);
#8010 = DIRECTION('',(1.,0.,-0.));
#8011 = ORIENTED_EDGE('',*,*,#8012,.F.);
#8012 = EDGE_CURVE('',#7972,#8005,#8013,.T.);
#8013 = LINE('',#8014,#8015);
#8014 = CARTESIAN_POINT('',(3.6322E+03,19.431,567.2582));
#8015 = VECTOR('',#8016,1.);
#8016 = DIRECTION('',(0.,0.,1.));
#8017 = FACE_BOUND('',#8018,.F.);
#8018 = EDGE_LOOP('',(#8019,#8029,#8037,#8045));
#8019 = ORIENTED_EDGE('',*,*,#8020,.F.);
#8020 = EDGE_CURVE('',#8021,#8023,#8025,.T.);
#8021 = VERTEX_POINT('',#8022);
#8022 = CARTESIAN_POINT('',(3.6047045E+03,19.431,1.2805664E+03));
#8023 = VERTEX_POINT('',#8024);
#8024 = CARTESIAN_POINT('',(3.6205795E+03,19.431,1.2805664E+03));
#8025 = LINE('',#8026,#8027);
#8026 = CARTESIAN_POINT('',(3.57349425E+03,19.431,1.2805664E+03));
#8027 = VECTOR('',#8028,1.);
#8028 = DIRECTION('',(1.,0.,-0.));
#8029 = ORIENTED_EDGE('',*,*,#8030,.T.);
#8030 = EDGE_CURVE('',#8021,#8031,#8033,.T.);
#8031 = VERTEX_POINT('',#8032);
#8032 = CARTESIAN_POINT('',(3.6047045E+03,19.431,1.2519914E+03));
#8033 = LINE('',#8034,#8035);
#8034 = CARTESIAN_POINT('',(3.6047045E+03,19.431,1.1932539E+03));
#8035 = VECTOR('',#8036,1.);
#8036 = DIRECTION('',(-0.,0.,-1.));
#8037 = ORIENTED_EDGE('',*,*,#8038,.T.);
#8038 = EDGE_CURVE('',#8031,#8039,#8041,.T.);
#8039 = VERTEX_POINT('',#8040);
#8040 = CARTESIAN_POINT('',(3.6205795E+03,19.431,1.2519914E+03));
#8041 = LINE('',#8042,#8043);
#8042 = CARTESIAN_POINT('',(3.57349425E+03,19.431,1.2519914E+03));
#8043 = VECTOR('',#8044,1.);
#8044 = DIRECTION('',(1.,0.,-0.));
#8045 = ORIENTED_EDGE('',*,*,#8046,.F.);
#8046 = EDGE_CURVE('',#8023,#8039,#8047,.T.);
#8047 = LINE('',#8048,#8049);
#8048 = CARTESIAN_POINT('',(3.6205795E+03,19.431,1.1932539E+03));
#8049 = VECTOR('',#8050,1.);
#8050 = DIRECTION('',(-0.,0.,-1.));
#8051 = PLANE('',#8052);
#8052 = AXIS2_PLACEMENT_3D('',#8053,#8054,#8055);
#8053 = CARTESIAN_POINT('',(3.542284E+03,19.431,1.1345164E+03));
#8054 = DIRECTION('',(-0.,1.,0.));
#8055 = DIRECTION('',(0.,0.,1.));
#8056 = ADVANCED_FACE('',(#8057,#8075),#8109,.T.);
#8057 = FACE_BOUND('',#8058,.T.);
#8058 = EDGE_LOOP('',(#8059,#8060,#8061,#8069));
#8059 = ORIENTED_EDGE('',*,*,#7980,.F.);
#8060 = ORIENTED_EDGE('',*,*,#7009,.T.);
#8061 = ORIENTED_EDGE('',*,*,#8062,.T.);
#8062 = EDGE_CURVE('',#7010,#8063,#8065,.T.);
#8063 = VERTEX_POINT('',#8064);
#8064 = CARTESIAN_POINT('',(3.6322E+03,-19.431,1.3704824E+03));
#8065 = LINE('',#8066,#8067);
#8066 = CARTESIAN_POINT('',(3.542284E+03,-19.431,1.3704824E+03));
#8067 = VECTOR('',#8068,1.);
#8068 = DIRECTION('',(1.,0.,-0.));
#8069 = ORIENTED_EDGE('',*,*,#8070,.F.);
#8070 = EDGE_CURVE('',#7981,#8063,#8071,.T.);
#8071 = LINE('',#8072,#8073);
#8072 = CARTESIAN_POINT('',(3.6322E+03,-19.431,567.2582));
#8073 = VECTOR('',#8074,1.);
#8074 = DIRECTION('',(0.,0.,1.));
#8075 = FACE_BOUND('',#8076,.T.);
#8076 = EDGE_LOOP('',(#8077,#8087,#8095,#8103));
#8077 = ORIENTED_EDGE('',*,*,#8078,.F.);
#8078 = EDGE_CURVE('',#8079,#8081,#8083,.T.);
#8079 = VERTEX_POINT('',#8080);
#8080 = CARTESIAN_POINT('',(3.6047045E+03,-19.431,1.2805664E+03));
#8081 = VERTEX_POINT('',#8082);
#8082 = CARTESIAN_POINT('',(3.6205795E+03,-19.431,1.2805664E+03));
#8083 = LINE('',#8084,#8085);
#8084 = CARTESIAN_POINT('',(3.57349425E+03,-19.431,1.2805664E+03));
#8085 = VECTOR('',#8086,1.);
#8086 = DIRECTION('',(1.,0.,-0.));
#8087 = ORIENTED_EDGE('',*,*,#8088,.T.);
#8088 = EDGE_CURVE('',#8079,#8089,#8091,.T.);
#8089 = VERTEX_POINT('',#8090);
#8090 = CARTESIAN_POINT('',(3.6047045E+03,-19.431,1.2519914E+03));
#8091 = LINE('',#8092,#8093);
#8092 = CARTESIAN_POINT('',(3.6047045E+03,-19.431,1.1932539E+03));
#8093 = VECTOR('',#8094,1.);
#8094 = DIRECTION('',(-0.,0.,-1.));
#8095 = ORIENTED_EDGE('',*,*,#8096,.T.);
#8096 = EDGE_CURVE('',#8089,#8097,#8099,.T.);
#8097 = VERTEX_POINT('',#8098);
#8098 = CARTESIAN_POINT('',(3.6205795E+03,-19.431,1.2519914E+03));
#8099 = LINE('',#8100,#8101);
#8100 = CARTESIAN_POINT('',(3.57349425E+03,-19.431,1.2519914E+03));
#8101 = VECTOR('',#8102,1.);
#8102 = DIRECTION('',(1.,0.,-0.));
#8103 = ORIENTED_EDGE('',*,*,#8104,.F.);
#8104 = EDGE_CURVE('',#8081,#8097,#8105,.T.);
#8105 = LINE('',#8106,#8107);
#8106 = CARTESIAN_POINT('',(3.6205795E+03,-19.431,1.1932539E+03));
#8107 = VECTOR('',#8108,1.);
#8108 = DIRECTION('',(-0.,0.,-1.));
#8109 = PLANE('',#8110);
#8110 = AXIS2_PLACEMENT_3D('',#8111,#8112,#8113);
#8111 = CARTESIAN_POINT('',(3.542284E+03,-19.431,1.1345164E+03));
#8112 = DIRECTION('',(-0.,1.,0.));
#8113 = DIRECTION('',(0.,0.,1.));
#8114 = ADVANCED_FACE('',(#8115),#8126,.F.);
#8115 = FACE_BOUND('',#8116,.F.);
#8116 = EDGE_LOOP('',(#8117,#8118,#8119,#8120));
#8117 = ORIENTED_EDGE('',*,*,#8004,.F.);
#8118 = ORIENTED_EDGE('',*,*,#7017,.T.);
#8119 = ORIENTED_EDGE('',*,*,#8062,.T.);
#8120 = ORIENTED_EDGE('',*,*,#8121,.F.);
#8121 = EDGE_CURVE('',#8005,#8063,#8122,.T.);
#8122 = LINE('',#8123,#8124);
#8123 = CARTESIAN_POINT('',(3.6322E+03,-44.6405,1.3704824E+03));
#8124 = VECTOR('',#8125,1.);
#8125 = DIRECTION('',(0.,-1.,0.));
#8126 = PLANE('',#8127);
#8127 = AXIS2_PLACEMENT_3D('',#8128,#8129,#8130);
#8128 = CARTESIAN_POINT('',(3.542284E+03,-19.431,1.3704824E+03));
#8129 = DIRECTION('',(0.,0.,1.));
#8130 = DIRECTION('',(1.,0.,-0.));
#8131 = ADVANCED_FACE('',(#8132),#8157,.T.);
#8132 = FACE_BOUND('',#8133,.T.);
#8133 = EDGE_LOOP('',(#8134,#8142,#8143,#8151));
#8134 = ORIENTED_EDGE('',*,*,#8135,.F.);
#8135 = EDGE_CURVE('',#7034,#8136,#8138,.T.);
#8136 = VERTEX_POINT('',#8137);
#8137 = CARTESIAN_POINT('',(3.553333E+03,9.906,1.3885164E+03));
#8138 = LINE('',#8139,#8140);
#8139 = CARTESIAN_POINT('',(3.542792E+03,9.906,1.3885164E+03));
#8140 = VECTOR('',#8141,1.);
#8141 = DIRECTION('',(1.,0.,-0.));
#8142 = ORIENTED_EDGE('',*,*,#7033,.T.);
#8143 = ORIENTED_EDGE('',*,*,#8144,.T.);
#8144 = EDGE_CURVE('',#7036,#8145,#8147,.T.);
#8145 = VERTEX_POINT('',#8146);
#8146 = CARTESIAN_POINT('',(3.553333E+03,-9.906,1.3885164E+03));
#8147 = LINE('',#8148,#8149);
#8148 = CARTESIAN_POINT('',(3.542792E+03,-9.906,1.3885164E+03));
#8149 = VECTOR('',#8150,1.);
#8150 = DIRECTION('',(1.,0.,-0.));
#8151 = ORIENTED_EDGE('',*,*,#8152,.T.);
#8152 = EDGE_CURVE('',#8145,#8136,#8153,.T.);
#8153 = LINE('',#8154,#8155);
#8154 = CARTESIAN_POINT('',(3.553333E+03,-9.906,1.3885164E+03));
#8155 = VECTOR('',#8156,1.);
#8156 = DIRECTION('',(-0.,1.,0.));
#8157 = PLANE('',#8158);
#8158 = AXIS2_PLACEMENT_3D('',#8159,#8160,#8161);
#8159 = CARTESIAN_POINT('',(3.542792E+03,-9.906,1.3885164E+03));
#8160 = DIRECTION('',(0.,0.,1.));
#8161 = DIRECTION('',(1.,0.,-0.));
#8162 = ADVANCED_FACE('',(#8163),#8181,.F.);
#8163 = FACE_BOUND('',#8164,.F.);
#8164 = EDGE_LOOP('',(#8165,#8166,#8167,#8175));
#8165 = ORIENTED_EDGE('',*,*,#8135,.F.);
#8166 = ORIENTED_EDGE('',*,*,#7059,.T.);
#8167 = ORIENTED_EDGE('',*,*,#8168,.T.);
#8168 = EDGE_CURVE('',#7052,#8169,#8171,.T.);
#8169 = VERTEX_POINT('',#8170);
#8170 = CARTESIAN_POINT('',(3.553333E+03,9.906,1.5948914E+03));
#8171 = LINE('',#8172,#8173);
#8172 = CARTESIAN_POINT('',(3.542792E+03,9.906,1.5948914E+03));
#8173 = VECTOR('',#8174,1.);
#8174 = DIRECTION('',(1.,0.,-0.));
#8175 = ORIENTED_EDGE('',*,*,#8176,.F.);
#8176 = EDGE_CURVE('',#8136,#8169,#8177,.T.);
#8177 = LINE('',#8178,#8179);
#8178 = CARTESIAN_POINT('',(3.553333E+03,9.906,1.3885164E+03));
#8179 = VECTOR('',#8180,1.);
#8180 = DIRECTION('',(0.,0.,1.));
#8181 = PLANE('',#8182);
#8182 = AXIS2_PLACEMENT_3D('',#8183,#8184,#8185);
#8183 = CARTESIAN_POINT('',(3.542792E+03,9.906,1.3885164E+03));
#8184 = DIRECTION('',(-0.,1.,0.));
#8185 = DIRECTION('',(0.,0.,1.));
#8186 = ADVANCED_FACE('',(#8187),#8205,.F.);
#8187 = FACE_BOUND('',#8188,.F.);
#8188 = EDGE_LOOP('',(#8189,#8190,#8191,#8199));
#8189 = ORIENTED_EDGE('',*,*,#8168,.F.);
#8190 = ORIENTED_EDGE('',*,*,#7051,.T.);
#8191 = ORIENTED_EDGE('',*,*,#8192,.T.);
#8192 = EDGE_CURVE('',#7044,#8193,#8195,.T.);
#8193 = VERTEX_POINT('',#8194);
#8194 = CARTESIAN_POINT('',(3.553333E+03,-9.906,1.5948914E+03));
#8195 = LINE('',#8196,#8197);
#8196 = CARTESIAN_POINT('',(3.542792E+03,-9.906,1.5948914E+03));
#8197 = VECTOR('',#8198,1.);
#8198 = DIRECTION('',(1.,0.,-0.));
#8199 = ORIENTED_EDGE('',*,*,#8200,.T.);
#8200 = EDGE_CURVE('',#8193,#8169,#8201,.T.);
#8201 = LINE('',#8202,#8203);
#8202 = CARTESIAN_POINT('',(3.553333E+03,-9.906,1.5948914E+03));
#8203 = VECTOR('',#8204,1.);
#8204 = DIRECTION('',(-0.,1.,0.));
#8205 = PLANE('',#8206);
#8206 = AXIS2_PLACEMENT_3D('',#8207,#8208,#8209);
#8207 = CARTESIAN_POINT('',(3.542792E+03,-9.906,1.5948914E+03));
#8208 = DIRECTION('',(0.,0.,1.));
#8209 = DIRECTION('',(1.,0.,-0.));
#8210 = ADVANCED_FACE('',(#8211),#8222,.T.);
#8211 = FACE_BOUND('',#8212,.T.);
#8212 = EDGE_LOOP('',(#8213,#8214,#8215,#8216));
#8213 = ORIENTED_EDGE('',*,*,#8144,.F.);
#8214 = ORIENTED_EDGE('',*,*,#7043,.T.);
#8215 = ORIENTED_EDGE('',*,*,#8192,.T.);
#8216 = ORIENTED_EDGE('',*,*,#8217,.F.);
#8217 = EDGE_CURVE('',#8145,#8193,#8218,.T.);
#8218 = LINE('',#8219,#8220);
#8219 = CARTESIAN_POINT('',(3.553333E+03,-9.906,1.3885164E+03));
#8220 = VECTOR('',#8221,1.);
#8221 = DIRECTION('',(0.,0.,1.));
#8222 = PLANE('',#8223);
#8223 = AXIS2_PLACEMENT_3D('',#8224,#8225,#8226);
#8224 = CARTESIAN_POINT('',(3.542792E+03,-9.906,1.3885164E+03));
#8225 = DIRECTION('',(-0.,1.,0.));
#8226 = DIRECTION('',(0.,0.,1.));
#8227 = ADVANCED_FACE('',(#8228,#8238,#8272,#8278,#8312,#8318),#8352,.T.
  );
#8228 = FACE_BOUND('',#8229,.T.);
#8229 = EDGE_LOOP('',(#8230,#8231,#8232,#8233,#8234,#8235,#8236,#8237));
#8230 = ORIENTED_EDGE('',*,*,#7082,.F.);
#8231 = ORIENTED_EDGE('',*,*,#7240,.F.);
#8232 = ORIENTED_EDGE('',*,*,#7414,.T.);
#8233 = ORIENTED_EDGE('',*,*,#7543,.T.);
#8234 = ORIENTED_EDGE('',*,*,#7601,.F.);
#8235 = ORIENTED_EDGE('',*,*,#7478,.F.);
#8236 = ORIENTED_EDGE('',*,*,#7397,.T.);
#8237 = ORIENTED_EDGE('',*,*,#7114,.T.);
#8238 = FACE_BOUND('',#8239,.T.);
#8239 = EDGE_LOOP('',(#8240,#8250,#8258,#8266));
#8240 = ORIENTED_EDGE('',*,*,#8241,.T.);
#8241 = EDGE_CURVE('',#8242,#8244,#8246,.T.);
#8242 = VERTEX_POINT('',#8243);
#8243 = CARTESIAN_POINT('',(3.6322E+03,9.906,304.8));
#8244 = VERTEX_POINT('',#8245);
#8245 = CARTESIAN_POINT('',(3.6322E+03,-9.906,304.8));
#8246 = LINE('',#8247,#8248);
#8247 = CARTESIAN_POINT('',(3.6322E+03,-39.878,304.8));
#8248 = VECTOR('',#8249,1.);
#8249 = DIRECTION('',(0.,-1.,0.));
#8250 = ORIENTED_EDGE('',*,*,#8251,.T.);
#8251 = EDGE_CURVE('',#8244,#8252,#8254,.T.);
#8252 = VERTEX_POINT('',#8253);
#8253 = CARTESIAN_POINT('',(3.6322E+03,-9.906,511.175));
#8254 = LINE('',#8255,#8256);
#8255 = CARTESIAN_POINT('',(3.6322E+03,-9.906,152.4));
#8256 = VECTOR('',#8257,1.);
#8257 = DIRECTION('',(0.,0.,1.));
#8258 = ORIENTED_EDGE('',*,*,#8259,.F.);
#8259 = EDGE_CURVE('',#8260,#8252,#8262,.T.);
#8260 = VERTEX_POINT('',#8261);
#8261 = CARTESIAN_POINT('',(3.6322E+03,9.906,511.175));
#8262 = LINE('',#8263,#8264);
#8263 = CARTESIAN_POINT('',(3.6322E+03,-39.878,511.175));
#8264 = VECTOR('',#8265,1.);
#8265 = DIRECTION('',(0.,-1.,0.));
#8266 = ORIENTED_EDGE('',*,*,#8267,.F.);
#8267 = EDGE_CURVE('',#8242,#8260,#8268,.T.);
#8268 = LINE('',#8269,#8270);
#8269 = CARTESIAN_POINT('',(3.6322E+03,9.906,152.4));
#8270 = VECTOR('',#8271,1.);
#8271 = DIRECTION('',(0.,0.,1.));
#8272 = FACE_BOUND('',#8273,.T.);
#8273 = EDGE_LOOP('',(#8274,#8275,#8276,#8277));
#8274 = ORIENTED_EDGE('',*,*,#7728,.T.);
#8275 = ORIENTED_EDGE('',*,*,#7810,.T.);
#8276 = ORIENTED_EDGE('',*,*,#7861,.F.);
#8277 = ORIENTED_EDGE('',*,*,#7752,.F.);
#8278 = FACE_BOUND('',#8279,.T.);
#8279 = EDGE_LOOP('',(#8280,#8290,#8298,#8306));
#8280 = ORIENTED_EDGE('',*,*,#8281,.T.);
#8281 = EDGE_CURVE('',#8282,#8284,#8286,.T.);
#8282 = VERTEX_POINT('',#8283);
#8283 = CARTESIAN_POINT('',(3.6322E+03,9.906,783.209));
#8284 = VERTEX_POINT('',#8285);
#8285 = CARTESIAN_POINT('',(3.6322E+03,-9.906,783.209));
#8286 = LINE('',#8287,#8288);
#8287 = CARTESIAN_POINT('',(3.6322E+03,-39.878,783.209));
#8288 = VECTOR('',#8289,1.);
#8289 = DIRECTION('',(0.,-1.,0.));
#8290 = ORIENTED_EDGE('',*,*,#8291,.T.);
#8291 = EDGE_CURVE('',#8284,#8292,#8294,.T.);
#8292 = VERTEX_POINT('',#8293);
#8293 = CARTESIAN_POINT('',(3.6322E+03,-9.906,1.1164824E+03));
#8294 = LINE('',#8295,#8296);
#8295 = CARTESIAN_POINT('',(3.6322E+03,-9.906,391.6045));
#8296 = VECTOR('',#8297,1.);
#8297 = DIRECTION('',(0.,0.,1.));
#8298 = ORIENTED_EDGE('',*,*,#8299,.F.);
#8299 = EDGE_CURVE('',#8300,#8292,#8302,.T.);
#8300 = VERTEX_POINT('',#8301);
#8301 = CARTESIAN_POINT('',(3.6322E+03,9.906,1.1164824E+03));
#8302 = LINE('',#8303,#8304);
#8303 = CARTESIAN_POINT('',(3.6322E+03,-39.878,1.1164824E+03));
#8304 = VECTOR('',#8305,1.);
#8305 = DIRECTION('',(0.,-1.,0.));
#8306 = ORIENTED_EDGE('',*,*,#8307,.F.);
#8307 = EDGE_CURVE('',#8282,#8300,#8308,.T.);
#8308 = LINE('',#8309,#8310);
#8309 = CARTESIAN_POINT('',(3.6322E+03,9.906,391.6045));
#8310 = VECTOR('',#8311,1.);
#8311 = DIRECTION('',(0.,0.,1.));
#8312 = FACE_BOUND('',#8313,.T.);
#8313 = EDGE_LOOP('',(#8314,#8315,#8316,#8317));
#8314 = ORIENTED_EDGE('',*,*,#7988,.T.);
#8315 = ORIENTED_EDGE('',*,*,#8070,.T.);
#8316 = ORIENTED_EDGE('',*,*,#8121,.F.);
#8317 = ORIENTED_EDGE('',*,*,#8012,.F.);
#8318 = FACE_BOUND('',#8319,.T.);
#8319 = EDGE_LOOP('',(#8320,#8330,#8338,#8346));
#8320 = ORIENTED_EDGE('',*,*,#8321,.T.);
#8321 = EDGE_CURVE('',#8322,#8324,#8326,.T.);
#8322 = VERTEX_POINT('',#8323);
#8323 = CARTESIAN_POINT('',(3.6322E+03,9.906,1.3885164E+03));
#8324 = VERTEX_POINT('',#8325);
#8325 = CARTESIAN_POINT('',(3.6322E+03,-9.906,1.3885164E+03));
#8326 = LINE('',#8327,#8328);
#8327 = CARTESIAN_POINT('',(3.6322E+03,-39.878,1.3885164E+03));
#8328 = VECTOR('',#8329,1.);
#8329 = DIRECTION('',(0.,-1.,0.));
#8330 = ORIENTED_EDGE('',*,*,#8331,.T.);
#8331 = EDGE_CURVE('',#8324,#8332,#8334,.T.);
#8332 = VERTEX_POINT('',#8333);
#8333 = CARTESIAN_POINT('',(3.6322E+03,-9.906,1.5948914E+03));
#8334 = LINE('',#8335,#8336);
#8335 = CARTESIAN_POINT('',(3.6322E+03,-9.906,694.2582));
#8336 = VECTOR('',#8337,1.);
#8337 = DIRECTION('',(0.,0.,1.));
#8338 = ORIENTED_EDGE('',*,*,#8339,.F.);
#8339 = EDGE_CURVE('',#8340,#8332,#8342,.T.);
#8340 = VERTEX_POINT('',#8341);
#8341 = CARTESIAN_POINT('',(3.6322E+03,9.906,1.5948914E+03));
#8342 = LINE('',#8343,#8344);
#8343 = CARTESIAN_POINT('',(3.6322E+03,-39.878,1.5948914E+03));
#8344 = VECTOR('',#8345,1.);
#8345 = DIRECTION('',(0.,-1.,0.));
#8346 = ORIENTED_EDGE('',*,*,#8347,.F.);
#8347 = EDGE_CURVE('',#8322,#8340,#8348,.T.);
#8348 = LINE('',#8349,#8350);
#8349 = CARTESIAN_POINT('',(3.6322E+03,9.906,694.2582));
#8350 = VECTOR('',#8351,1.);
#8351 = DIRECTION('',(0.,0.,1.));
#8352 = PLANE('',#8353);
#8353 = AXIS2_PLACEMENT_3D('',#8354,#8355,#8356);
#8354 = CARTESIAN_POINT('',(3.6322E+03,-69.85,0.));
#8355 = DIRECTION('',(1.,0.,-0.));
#8356 = DIRECTION('',(0.,0.,1.));
#8357 = ADVANCED_FACE('',(#8358),#8374,.F.);
#8358 = FACE_BOUND('',#8359,.F.);
#8359 = EDGE_LOOP('',(#8360,#8366,#8367,#8373));
#8360 = ORIENTED_EDGE('',*,*,#8361,.F.);
#8361 = EDGE_CURVE('',#7494,#7123,#8362,.T.);
#8362 = LINE('',#8363,#8364);
#8363 = CARTESIAN_POINT('',(3.6047045E+03,-70.866,171.45));
#8364 = VECTOR('',#8365,1.);
#8365 = DIRECTION('',(-0.,1.,0.));
#8366 = ORIENTED_EDGE('',*,*,#7493,.T.);
#8367 = ORIENTED_EDGE('',*,*,#8368,.T.);
#8368 = EDGE_CURVE('',#7496,#7125,#8369,.T.);
#8369 = LINE('',#8370,#8371);
#8370 = CARTESIAN_POINT('',(3.6205795E+03,-70.866,171.45));
#8371 = VECTOR('',#8372,1.);
#8372 = DIRECTION('',(-0.,1.,0.));
#8373 = ORIENTED_EDGE('',*,*,#7122,.F.);
#8374 = PLANE('',#8375);
#8375 = AXIS2_PLACEMENT_3D('',#8376,#8377,#8378);
#8376 = CARTESIAN_POINT('',(3.6047045E+03,-70.866,171.45));
#8377 = DIRECTION('',(0.,0.,1.));
#8378 = DIRECTION('',(1.,0.,-0.));
#8379 = ADVANCED_FACE('',(#8380),#8391,.T.);
#8380 = FACE_BOUND('',#8381,.T.);
#8381 = EDGE_LOOP('',(#8382,#8383,#8384,#8390));
#8382 = ORIENTED_EDGE('',*,*,#8361,.F.);
#8383 = ORIENTED_EDGE('',*,*,#7503,.T.);
#8384 = ORIENTED_EDGE('',*,*,#8385,.T.);
#8385 = EDGE_CURVE('',#7504,#7133,#8386,.T.);
#8386 = LINE('',#8387,#8388);
#8387 = CARTESIAN_POINT('',(3.6047045E+03,-70.866,142.875));
#8388 = VECTOR('',#8389,1.);
#8389 = DIRECTION('',(-0.,1.,0.));
#8390 = ORIENTED_EDGE('',*,*,#7132,.F.);
#8391 = PLANE('',#8392);
#8392 = AXIS2_PLACEMENT_3D('',#8393,#8394,#8395);
#8393 = CARTESIAN_POINT('',(3.6047045E+03,-70.866,142.875));
#8394 = DIRECTION('',(1.,0.,-0.));
#8395 = DIRECTION('',(0.,0.,1.));
#8396 = ADVANCED_FACE('',(#8397),#8408,.F.);
#8397 = FACE_BOUND('',#8398,.F.);
#8398 = EDGE_LOOP('',(#8399,#8400,#8401,#8407));
#8399 = ORIENTED_EDGE('',*,*,#8368,.F.);
#8400 = ORIENTED_EDGE('',*,*,#7519,.T.);
#8401 = ORIENTED_EDGE('',*,*,#8402,.T.);
#8402 = EDGE_CURVE('',#7512,#7141,#8403,.T.);
#8403 = LINE('',#8404,#8405);
#8404 = CARTESIAN_POINT('',(3.6205795E+03,-70.866,142.875));
#8405 = VECTOR('',#8406,1.);
#8406 = DIRECTION('',(-0.,1.,0.));
#8407 = ORIENTED_EDGE('',*,*,#7148,.F.);
#8408 = PLANE('',#8409);
#8409 = AXIS2_PLACEMENT_3D('',#8410,#8411,#8412);
#8410 = CARTESIAN_POINT('',(3.6205795E+03,-70.866,142.875));
#8411 = DIRECTION('',(1.,0.,-0.));
#8412 = DIRECTION('',(0.,0.,1.));
#8413 = ADVANCED_FACE('',(#8414),#8420,.T.);
#8414 = FACE_BOUND('',#8415,.T.);
#8415 = EDGE_LOOP('',(#8416,#8417,#8418,#8419));
#8416 = ORIENTED_EDGE('',*,*,#8385,.F.);
#8417 = ORIENTED_EDGE('',*,*,#7511,.T.);
#8418 = ORIENTED_EDGE('',*,*,#8402,.T.);
#8419 = ORIENTED_EDGE('',*,*,#7140,.F.);
#8420 = PLANE('',#8421);
#8421 = AXIS2_PLACEMENT_3D('',#8422,#8423,#8424);
#8422 = CARTESIAN_POINT('',(3.6047045E+03,-70.866,142.875));
#8423 = DIRECTION('',(0.,0.,1.));
#8424 = DIRECTION('',(1.,0.,-0.));
#8425 = ADVANCED_FACE('',(#8426),#8442,.F.);
#8426 = FACE_BOUND('',#8427,.F.);
#8427 = EDGE_LOOP('',(#8428,#8434,#8435,#8441));
#8428 = ORIENTED_EDGE('',*,*,#8429,.F.);
#8429 = EDGE_CURVE('',#7761,#7157,#8430,.T.);
#8430 = LINE('',#8431,#8432);
#8431 = CARTESIAN_POINT('',(3.6047045E+03,-70.866,675.259));
#8432 = VECTOR('',#8433,1.);
#8433 = DIRECTION('',(-0.,1.,0.));
#8434 = ORIENTED_EDGE('',*,*,#7760,.T.);
#8435 = ORIENTED_EDGE('',*,*,#8436,.T.);
#8436 = EDGE_CURVE('',#7763,#7159,#8437,.T.);
#8437 = LINE('',#8438,#8439);
#8438 = CARTESIAN_POINT('',(3.6205795E+03,-70.866,675.259));
#8439 = VECTOR('',#8440,1.);
#8440 = DIRECTION('',(-0.,1.,0.));
#8441 = ORIENTED_EDGE('',*,*,#7156,.F.);
#8442 = PLANE('',#8443);
#8443 = AXIS2_PLACEMENT_3D('',#8444,#8445,#8446);
#8444 = CARTESIAN_POINT('',(3.6047045E+03,-70.866,675.259));
#8445 = DIRECTION('',(0.,0.,1.));
#8446 = DIRECTION('',(1.,0.,-0.));
#8447 = ADVANCED_FACE('',(#8448),#8459,.T.);
#8448 = FACE_BOUND('',#8449,.T.);
#8449 = EDGE_LOOP('',(#8450,#8451,#8452,#8458));
#8450 = ORIENTED_EDGE('',*,*,#8429,.F.);
#8451 = ORIENTED_EDGE('',*,*,#7770,.T.);
#8452 = ORIENTED_EDGE('',*,*,#8453,.T.);
#8453 = EDGE_CURVE('',#7771,#7167,#8454,.T.);
#8454 = LINE('',#8455,#8456);
#8455 = CARTESIAN_POINT('',(3.6047045E+03,-70.866,646.684));
#8456 = VECTOR('',#8457,1.);
#8457 = DIRECTION('',(-0.,1.,0.));
#8458 = ORIENTED_EDGE('',*,*,#7166,.F.);
#8459 = PLANE('',#8460);
#8460 = AXIS2_PLACEMENT_3D('',#8461,#8462,#8463);
#8461 = CARTESIAN_POINT('',(3.6047045E+03,-70.866,646.684));
#8462 = DIRECTION('',(1.,0.,-0.));
#8463 = DIRECTION('',(0.,0.,1.));
#8464 = ADVANCED_FACE('',(#8465),#8476,.F.);
#8465 = FACE_BOUND('',#8466,.F.);
#8466 = EDGE_LOOP('',(#8467,#8468,#8469,#8475));
#8467 = ORIENTED_EDGE('',*,*,#8436,.F.);
#8468 = ORIENTED_EDGE('',*,*,#7786,.T.);
#8469 = ORIENTED_EDGE('',*,*,#8470,.T.);
#8470 = EDGE_CURVE('',#7779,#7175,#8471,.T.);
#8471 = LINE('',#8472,#8473);
#8472 = CARTESIAN_POINT('',(3.6205795E+03,-70.866,646.684));
#8473 = VECTOR('',#8474,1.);
#8474 = DIRECTION('',(-0.,1.,0.));
#8475 = ORIENTED_EDGE('',*,*,#7182,.F.);
#8476 = PLANE('',#8477);
#8477 = AXIS2_PLACEMENT_3D('',#8478,#8479,#8480);
#8478 = CARTESIAN_POINT('',(3.6205795E+03,-70.866,646.684));
#8479 = DIRECTION('',(1.,0.,-0.));
#8480 = DIRECTION('',(0.,0.,1.));
#8481 = ADVANCED_FACE('',(#8482),#8488,.T.);
#8482 = FACE_BOUND('',#8483,.T.);
#8483 = EDGE_LOOP('',(#8484,#8485,#8486,#8487));
#8484 = ORIENTED_EDGE('',*,*,#8453,.F.);
#8485 = ORIENTED_EDGE('',*,*,#7778,.T.);
#8486 = ORIENTED_EDGE('',*,*,#8470,.T.);
#8487 = ORIENTED_EDGE('',*,*,#7174,.F.);
#8488 = PLANE('',#8489);
#8489 = AXIS2_PLACEMENT_3D('',#8490,#8491,#8492);
#8490 = CARTESIAN_POINT('',(3.6047045E+03,-70.866,646.684));
#8491 = DIRECTION('',(0.,0.,1.));
#8492 = DIRECTION('',(1.,0.,-0.));
#8493 = ADVANCED_FACE('',(#8494),#8510,.F.);
#8494 = FACE_BOUND('',#8495,.F.);
#8495 = EDGE_LOOP('',(#8496,#8502,#8503,#8509));
#8496 = ORIENTED_EDGE('',*,*,#8497,.F.);
#8497 = EDGE_CURVE('',#8021,#7191,#8498,.T.);
#8498 = LINE('',#8499,#8500);
#8499 = CARTESIAN_POINT('',(3.6047045E+03,-70.866,1.2805664E+03));
#8500 = VECTOR('',#8501,1.);
#8501 = DIRECTION('',(-0.,1.,0.));
#8502 = ORIENTED_EDGE('',*,*,#8020,.T.);
#8503 = ORIENTED_EDGE('',*,*,#8504,.T.);
#8504 = EDGE_CURVE('',#8023,#7193,#8505,.T.);
#8505 = LINE('',#8506,#8507);
#8506 = CARTESIAN_POINT('',(3.6205795E+03,-70.866,1.2805664E+03));
#8507 = VECTOR('',#8508,1.);
#8508 = DIRECTION('',(-0.,1.,0.));
#8509 = ORIENTED_EDGE('',*,*,#7190,.F.);
#8510 = PLANE('',#8511);
#8511 = AXIS2_PLACEMENT_3D('',#8512,#8513,#8514);
#8512 = CARTESIAN_POINT('',(3.6047045E+03,-70.866,1.2805664E+03));
#8513 = DIRECTION('',(0.,0.,1.));
#8514 = DIRECTION('',(1.,0.,-0.));
#8515 = ADVANCED_FACE('',(#8516),#8527,.F.);
#8516 = FACE_BOUND('',#8517,.F.);
#8517 = EDGE_LOOP('',(#8518,#8519,#8520,#8526));
#8518 = ORIENTED_EDGE('',*,*,#8504,.F.);
#8519 = ORIENTED_EDGE('',*,*,#8046,.T.);
#8520 = ORIENTED_EDGE('',*,*,#8521,.T.);
#8521 = EDGE_CURVE('',#8039,#7209,#8522,.T.);
#8522 = LINE('',#8523,#8524);
#8523 = CARTESIAN_POINT('',(3.6205795E+03,-70.866,1.2519914E+03));
#8524 = VECTOR('',#8525,1.);
#8525 = DIRECTION('',(-0.,1.,0.));
#8526 = ORIENTED_EDGE('',*,*,#7216,.F.);
#8527 = PLANE('',#8528);
#8528 = AXIS2_PLACEMENT_3D('',#8529,#8530,#8531);
#8529 = CARTESIAN_POINT('',(3.6205795E+03,-70.866,1.2519914E+03));
#8530 = DIRECTION('',(1.,0.,-0.));
#8531 = DIRECTION('',(0.,0.,1.));
#8532 = ADVANCED_FACE('',(#8533),#8544,.T.);
#8533 = FACE_BOUND('',#8534,.T.);
#8534 = EDGE_LOOP('',(#8535,#8541,#8542,#8543));
#8535 = ORIENTED_EDGE('',*,*,#8536,.F.);
#8536 = EDGE_CURVE('',#8031,#7201,#8537,.T.);
#8537 = LINE('',#8538,#8539);
#8538 = CARTESIAN_POINT('',(3.6047045E+03,-70.866,1.2519914E+03));
#8539 = VECTOR('',#8540,1.);
#8540 = DIRECTION('',(-0.,1.,0.));
#8541 = ORIENTED_EDGE('',*,*,#8038,.T.);
#8542 = ORIENTED_EDGE('',*,*,#8521,.T.);
#8543 = ORIENTED_EDGE('',*,*,#7208,.F.);
#8544 = PLANE('',#8545);
#8545 = AXIS2_PLACEMENT_3D('',#8546,#8547,#8548);
#8546 = CARTESIAN_POINT('',(3.6047045E+03,-70.866,1.2519914E+03));
#8547 = DIRECTION('',(0.,0.,1.));
#8548 = DIRECTION('',(1.,0.,-0.));
#8549 = ADVANCED_FACE('',(#8550),#8556,.T.);
#8550 = FACE_BOUND('',#8551,.T.);
#8551 = EDGE_LOOP('',(#8552,#8553,#8554,#8555));
#8552 = ORIENTED_EDGE('',*,*,#8497,.F.);
#8553 = ORIENTED_EDGE('',*,*,#8030,.T.);
#8554 = ORIENTED_EDGE('',*,*,#8536,.T.);
#8555 = ORIENTED_EDGE('',*,*,#7200,.F.);
#8556 = PLANE('',#8557);
#8557 = AXIS2_PLACEMENT_3D('',#8558,#8559,#8560);
#8558 = CARTESIAN_POINT('',(3.6047045E+03,-70.866,1.2519914E+03));
#8559 = DIRECTION('',(1.,0.,-0.));
#8560 = DIRECTION('',(0.,0.,1.));
#8561 = ADVANCED_FACE('',(#8562),#8578,.F.);
#8562 = FACE_BOUND('',#8563,.F.);
#8563 = EDGE_LOOP('',(#8564,#8570,#8571,#8577));
#8564 = ORIENTED_EDGE('',*,*,#8565,.F.);
#8565 = EDGE_CURVE('',#7249,#7559,#8566,.T.);
#8566 = LINE('',#8567,#8568);
#8567 = CARTESIAN_POINT('',(3.6047045E+03,-70.866,171.45));
#8568 = VECTOR('',#8569,1.);
#8569 = DIRECTION('',(-0.,1.,0.));
#8570 = ORIENTED_EDGE('',*,*,#7248,.T.);
#8571 = ORIENTED_EDGE('',*,*,#8572,.T.);
#8572 = EDGE_CURVE('',#7251,#7561,#8573,.T.);
#8573 = LINE('',#8574,#8575);
#8574 = CARTESIAN_POINT('',(3.6205795E+03,-70.866,171.45));
#8575 = VECTOR('',#8576,1.);
#8576 = DIRECTION('',(-0.,1.,0.));
#8577 = ORIENTED_EDGE('',*,*,#7558,.F.);
#8578 = PLANE('',#8579);
#8579 = AXIS2_PLACEMENT_3D('',#8580,#8581,#8582);
#8580 = CARTESIAN_POINT('',(3.6047045E+03,-70.866,171.45));
#8581 = DIRECTION('',(0.,0.,1.));
#8582 = DIRECTION('',(1.,0.,-0.));
#8583 = ADVANCED_FACE('',(#8584),#8595,.T.);
#8584 = FACE_BOUND('',#8585,.T.);
#8585 = EDGE_LOOP('',(#8586,#8587,#8588,#8594));
#8586 = ORIENTED_EDGE('',*,*,#8565,.F.);
#8587 = ORIENTED_EDGE('',*,*,#7258,.T.);
#8588 = ORIENTED_EDGE('',*,*,#8589,.T.);
#8589 = EDGE_CURVE('',#7259,#7569,#8590,.T.);
#8590 = LINE('',#8591,#8592);
#8591 = CARTESIAN_POINT('',(3.6047045E+03,-70.866,142.875));
#8592 = VECTOR('',#8593,1.);
#8593 = DIRECTION('',(-0.,1.,0.));
#8594 = ORIENTED_EDGE('',*,*,#7568,.F.);
#8595 = PLANE('',#8596);
#8596 = AXIS2_PLACEMENT_3D('',#8597,#8598,#8599);
#8597 = CARTESIAN_POINT('',(3.6047045E+03,-70.866,142.875));
#8598 = DIRECTION('',(1.,0.,-0.));
#8599 = DIRECTION('',(0.,0.,1.));
#8600 = ADVANCED_FACE('',(#8601),#8612,.F.);
#8601 = FACE_BOUND('',#8602,.F.);
#8602 = EDGE_LOOP('',(#8603,#8604,#8605,#8611));
#8603 = ORIENTED_EDGE('',*,*,#8572,.F.);
#8604 = ORIENTED_EDGE('',*,*,#7274,.T.);
#8605 = ORIENTED_EDGE('',*,*,#8606,.T.);
#8606 = EDGE_CURVE('',#7267,#7577,#8607,.T.);
#8607 = LINE('',#8608,#8609);
#8608 = CARTESIAN_POINT('',(3.6205795E+03,-70.866,142.875));
#8609 = VECTOR('',#8610,1.);
#8610 = DIRECTION('',(-0.,1.,0.));
#8611 = ORIENTED_EDGE('',*,*,#7584,.F.);
#8612 = PLANE('',#8613);
#8613 = AXIS2_PLACEMENT_3D('',#8614,#8615,#8616);
#8614 = CARTESIAN_POINT('',(3.6205795E+03,-70.866,142.875));
#8615 = DIRECTION('',(1.,0.,-0.));
#8616 = DIRECTION('',(0.,0.,1.));
#8617 = ADVANCED_FACE('',(#8618),#8624,.T.);
#8618 = FACE_BOUND('',#8619,.T.);
#8619 = EDGE_LOOP('',(#8620,#8621,#8622,#8623));
#8620 = ORIENTED_EDGE('',*,*,#8589,.F.);
#8621 = ORIENTED_EDGE('',*,*,#7266,.T.);
#8622 = ORIENTED_EDGE('',*,*,#8606,.T.);
#8623 = ORIENTED_EDGE('',*,*,#7576,.F.);
#8624 = PLANE('',#8625);
#8625 = AXIS2_PLACEMENT_3D('',#8626,#8627,#8628);
#8626 = CARTESIAN_POINT('',(3.6047045E+03,-70.866,142.875));
#8627 = DIRECTION('',(0.,0.,1.));
#8628 = DIRECTION('',(1.,0.,-0.));
#8629 = ADVANCED_FACE('',(#8630),#8646,.F.);
#8630 = FACE_BOUND('',#8631,.F.);
#8631 = EDGE_LOOP('',(#8632,#8638,#8639,#8645));
#8632 = ORIENTED_EDGE('',*,*,#8633,.F.);
#8633 = EDGE_CURVE('',#7283,#7819,#8634,.T.);
#8634 = LINE('',#8635,#8636);
#8635 = CARTESIAN_POINT('',(3.6047045E+03,-70.866,675.259));
#8636 = VECTOR('',#8637,1.);
#8637 = DIRECTION('',(-0.,1.,0.));
#8638 = ORIENTED_EDGE('',*,*,#7282,.T.);
#8639 = ORIENTED_EDGE('',*,*,#8640,.T.);
#8640 = EDGE_CURVE('',#7285,#7821,#8641,.T.);
#8641 = LINE('',#8642,#8643);
#8642 = CARTESIAN_POINT('',(3.6205795E+03,-70.866,675.259));
#8643 = VECTOR('',#8644,1.);
#8644 = DIRECTION('',(-0.,1.,0.));
#8645 = ORIENTED_EDGE('',*,*,#7818,.F.);
#8646 = PLANE('',#8647);
#8647 = AXIS2_PLACEMENT_3D('',#8648,#8649,#8650);
#8648 = CARTESIAN_POINT('',(3.6047045E+03,-70.866,675.259));
#8649 = DIRECTION('',(0.,0.,1.));
#8650 = DIRECTION('',(1.,0.,-0.));
#8651 = ADVANCED_FACE('',(#8652),#8663,.T.);
#8652 = FACE_BOUND('',#8653,.T.);
#8653 = EDGE_LOOP('',(#8654,#8655,#8656,#8662));
#8654 = ORIENTED_EDGE('',*,*,#8633,.F.);
#8655 = ORIENTED_EDGE('',*,*,#7292,.T.);
#8656 = ORIENTED_EDGE('',*,*,#8657,.T.);
#8657 = EDGE_CURVE('',#7293,#7829,#8658,.T.);
#8658 = LINE('',#8659,#8660);
#8659 = CARTESIAN_POINT('',(3.6047045E+03,-70.866,646.684));
#8660 = VECTOR('',#8661,1.);
#8661 = DIRECTION('',(-0.,1.,0.));
#8662 = ORIENTED_EDGE('',*,*,#7828,.F.);
#8663 = PLANE('',#8664);
#8664 = AXIS2_PLACEMENT_3D('',#8665,#8666,#8667);
#8665 = CARTESIAN_POINT('',(3.6047045E+03,-70.866,646.684));
#8666 = DIRECTION('',(1.,0.,-0.));
#8667 = DIRECTION('',(0.,0.,1.));
#8668 = ADVANCED_FACE('',(#8669),#8680,.F.);
#8669 = FACE_BOUND('',#8670,.F.);
#8670 = EDGE_LOOP('',(#8671,#8672,#8673,#8679));
#8671 = ORIENTED_EDGE('',*,*,#8640,.F.);
#8672 = ORIENTED_EDGE('',*,*,#7308,.T.);
#8673 = ORIENTED_EDGE('',*,*,#8674,.T.);
#8674 = EDGE_CURVE('',#7301,#7837,#8675,.T.);
#8675 = LINE('',#8676,#8677);
#8676 = CARTESIAN_POINT('',(3.6205795E+03,-70.866,646.684));
#8677 = VECTOR('',#8678,1.);
#8678 = DIRECTION('',(-0.,1.,0.));
#8679 = ORIENTED_EDGE('',*,*,#7844,.F.);
#8680 = PLANE('',#8681);
#8681 = AXIS2_PLACEMENT_3D('',#8682,#8683,#8684);
#8682 = CARTESIAN_POINT('',(3.6205795E+03,-70.866,646.684));
#8683 = DIRECTION('',(1.,0.,-0.));
#8684 = DIRECTION('',(0.,0.,1.));
#8685 = ADVANCED_FACE('',(#8686),#8692,.T.);
#8686 = FACE_BOUND('',#8687,.T.);
#8687 = EDGE_LOOP('',(#8688,#8689,#8690,#8691));
#8688 = ORIENTED_EDGE('',*,*,#8657,.F.);
#8689 = ORIENTED_EDGE('',*,*,#7300,.T.);
#8690 = ORIENTED_EDGE('',*,*,#8674,.T.);
#8691 = ORIENTED_EDGE('',*,*,#7836,.F.);
#8692 = PLANE('',#8693);
#8693 = AXIS2_PLACEMENT_3D('',#8694,#8695,#8696);
#8694 = CARTESIAN_POINT('',(3.6047045E+03,-70.866,646.684));
#8695 = DIRECTION('',(0.,0.,1.));
#8696 = DIRECTION('',(1.,0.,-0.));
#8697 = ADVANCED_FACE('',(#8698),#8714,.F.);
#8698 = FACE_BOUND('',#8699,.F.);
#8699 = EDGE_LOOP('',(#8700,#8706,#8707,#8713));
#8700 = ORIENTED_EDGE('',*,*,#8701,.F.);
#8701 = EDGE_CURVE('',#7317,#8079,#8702,.T.);
#8702 = LINE('',#8703,#8704);
#8703 = CARTESIAN_POINT('',(3.6047045E+03,-70.866,1.2805664E+03));
#8704 = VECTOR('',#8705,1.);
#8705 = DIRECTION('',(-0.,1.,0.));
#8706 = ORIENTED_EDGE('',*,*,#7316,.T.);
#8707 = ORIENTED_EDGE('',*,*,#8708,.T.);
#8708 = EDGE_CURVE('',#7319,#8081,#8709,.T.);
#8709 = LINE('',#8710,#8711);
#8710 = CARTESIAN_POINT('',(3.6205795E+03,-70.866,1.2805664E+03));
#8711 = VECTOR('',#8712,1.);
#8712 = DIRECTION('',(-0.,1.,0.));
#8713 = ORIENTED_EDGE('',*,*,#8078,.F.);
#8714 = PLANE('',#8715);
#8715 = AXIS2_PLACEMENT_3D('',#8716,#8717,#8718);
#8716 = CARTESIAN_POINT('',(3.6047045E+03,-70.866,1.2805664E+03));
#8717 = DIRECTION('',(0.,0.,1.));
#8718 = DIRECTION('',(1.,0.,-0.));
#8719 = ADVANCED_FACE('',(#8720),#8731,.F.);
#8720 = FACE_BOUND('',#8721,.F.);
#8721 = EDGE_LOOP('',(#8722,#8723,#8724,#8730));
#8722 = ORIENTED_EDGE('',*,*,#8708,.F.);
#8723 = ORIENTED_EDGE('',*,*,#7342,.T.);
#8724 = ORIENTED_EDGE('',*,*,#8725,.T.);
#8725 = EDGE_CURVE('',#7335,#8097,#8726,.T.);
#8726 = LINE('',#8727,#8728);
#8727 = CARTESIAN_POINT('',(3.6205795E+03,-70.866,1.2519914E+03));
#8728 = VECTOR('',#8729,1.);
#8729 = DIRECTION('',(-0.,1.,0.));
#8730 = ORIENTED_EDGE('',*,*,#8104,.F.);
#8731 = PLANE('',#8732);
#8732 = AXIS2_PLACEMENT_3D('',#8733,#8734,#8735);
#8733 = CARTESIAN_POINT('',(3.6205795E+03,-70.866,1.2519914E+03));
#8734 = DIRECTION('',(1.,0.,-0.));
#8735 = DIRECTION('',(0.,0.,1.));
#8736 = ADVANCED_FACE('',(#8737),#8748,.T.);
#8737 = FACE_BOUND('',#8738,.T.);
#8738 = EDGE_LOOP('',(#8739,#8745,#8746,#8747));
#8739 = ORIENTED_EDGE('',*,*,#8740,.F.);
#8740 = EDGE_CURVE('',#7327,#8089,#8741,.T.);
#8741 = LINE('',#8742,#8743);
#8742 = CARTESIAN_POINT('',(3.6047045E+03,-70.866,1.2519914E+03));
#8743 = VECTOR('',#8744,1.);
#8744 = DIRECTION('',(-0.,1.,0.));
#8745 = ORIENTED_EDGE('',*,*,#7334,.T.);
#8746 = ORIENTED_EDGE('',*,*,#8725,.T.);
#8747 = ORIENTED_EDGE('',*,*,#8096,.F.);
#8748 = PLANE('',#8749);
#8749 = AXIS2_PLACEMENT_3D('',#8750,#8751,#8752);
#8750 = CARTESIAN_POINT('',(3.6047045E+03,-70.866,1.2519914E+03));
#8751 = DIRECTION('',(0.,0.,1.));
#8752 = DIRECTION('',(1.,0.,-0.));
#8753 = ADVANCED_FACE('',(#8754),#8760,.T.);
#8754 = FACE_BOUND('',#8755,.T.);
#8755 = EDGE_LOOP('',(#8756,#8757,#8758,#8759));
#8756 = ORIENTED_EDGE('',*,*,#8701,.F.);
#8757 = ORIENTED_EDGE('',*,*,#7326,.T.);
#8758 = ORIENTED_EDGE('',*,*,#8740,.T.);
#8759 = ORIENTED_EDGE('',*,*,#8088,.F.);
#8760 = PLANE('',#8761);
#8761 = AXIS2_PLACEMENT_3D('',#8762,#8763,#8764);
#8762 = CARTESIAN_POINT('',(3.6047045E+03,-70.866,1.2519914E+03));
#8763 = DIRECTION('',(1.,0.,-0.));
#8764 = DIRECTION('',(0.,0.,1.));
#8765 = ADVANCED_FACE('',(#8766),#8798,.T.);
#8766 = FACE_BOUND('',#8767,.T.);
#8767 = EDGE_LOOP('',(#8768,#8776,#8784,#8790,#8791,#8797));
#8768 = ORIENTED_EDGE('',*,*,#8769,.F.);
#8769 = EDGE_CURVE('',#8770,#7431,#8772,.T.);
#8770 = VERTEX_POINT('',#8771);
#8771 = CARTESIAN_POINT('',(3.6195E+03,-57.15,-88.9));
#8772 = LINE('',#8773,#8774);
#8773 = CARTESIAN_POINT('',(3.6195E+03,-57.15,-88.9));
#8774 = VECTOR('',#8775,1.);
#8775 = DIRECTION('',(0.,0.,1.));
#8776 = ORIENTED_EDGE('',*,*,#8777,.T.);
#8777 = EDGE_CURVE('',#8770,#8778,#8780,.T.);
#8778 = VERTEX_POINT('',#8779);
#8779 = CARTESIAN_POINT('',(3.6195E+03,57.15,-88.9));
#8780 = LINE('',#8781,#8782);
#8781 = CARTESIAN_POINT('',(3.6195E+03,-57.15,-88.9));
#8782 = VECTOR('',#8783,1.);
#8783 = DIRECTION('',(-0.,1.,0.));
#8784 = ORIENTED_EDGE('',*,*,#8785,.T.);
#8785 = EDGE_CURVE('',#8778,#7374,#8786,.T.);
#8786 = LINE('',#8787,#8788);
#8787 = CARTESIAN_POINT('',(3.6195E+03,57.15,-88.9));
#8788 = VECTOR('',#8789,1.);
#8789 = DIRECTION('',(0.,0.,1.));
#8790 = ORIENTED_EDGE('',*,*,#7381,.F.);
#8791 = ORIENTED_EDGE('',*,*,#8792,.F.);
#8792 = EDGE_CURVE('',#7423,#7382,#8793,.T.);
#8793 = LINE('',#8794,#8795);
#8794 = CARTESIAN_POINT('',(3.6195E+03,-57.15,0.));
#8795 = VECTOR('',#8796,1.);
#8796 = DIRECTION('',(-0.,1.,0.));
#8797 = ORIENTED_EDGE('',*,*,#7430,.F.);
#8798 = PLANE('',#8799);
#8799 = AXIS2_PLACEMENT_3D('',#8800,#8801,#8802);
#8800 = CARTESIAN_POINT('',(3.6195E+03,-57.15,-88.9));
#8801 = DIRECTION('',(1.,0.,-0.));
#8802 = DIRECTION('',(0.,0.,1.));
#8803 = ADVANCED_FACE('',(#8804),#8822,.T.);
#8804 = FACE_BOUND('',#8805,.T.);
#8805 = EDGE_LOOP('',(#8806,#8814,#8820,#8821));
#8806 = ORIENTED_EDGE('',*,*,#8807,.F.);
#8807 = EDGE_CURVE('',#8808,#8778,#8810,.T.);
#8808 = VERTEX_POINT('',#8809);
#8809 = CARTESIAN_POINT('',(3.556E+03,57.15,-88.9));
#8810 = LINE('',#8811,#8812);
#8811 = CARTESIAN_POINT('',(3.556E+03,57.15,-88.9));
#8812 = VECTOR('',#8813,1.);
#8813 = DIRECTION('',(1.,0.,-0.));
#8814 = ORIENTED_EDGE('',*,*,#8815,.T.);
#8815 = EDGE_CURVE('',#8808,#7366,#8816,.T.);
#8816 = LINE('',#8817,#8818);
#8817 = CARTESIAN_POINT('',(3.556E+03,57.15,-88.9));
#8818 = VECTOR('',#8819,1.);
#8819 = DIRECTION('',(0.,0.,1.));
#8820 = ORIENTED_EDGE('',*,*,#7373,.T.);
#8821 = ORIENTED_EDGE('',*,*,#8785,.F.);
#8822 = PLANE('',#8823);
#8823 = AXIS2_PLACEMENT_3D('',#8824,#8825,#8826);
#8824 = CARTESIAN_POINT('',(3.556E+03,57.15,-88.9));
#8825 = DIRECTION('',(-0.,1.,0.));
#8826 = DIRECTION('',(0.,0.,1.));
#8827 = ADVANCED_FACE('',(#8828),#8853,.F.);
#8828 = FACE_BOUND('',#8829,.F.);
#8829 = EDGE_LOOP('',(#8830,#8838,#8844,#8845,#8846,#8852));
#8830 = ORIENTED_EDGE('',*,*,#8831,.F.);
#8831 = EDGE_CURVE('',#8832,#7439,#8834,.T.);
#8832 = VERTEX_POINT('',#8833);
#8833 = CARTESIAN_POINT('',(3.556E+03,-57.15,-88.9));
#8834 = LINE('',#8835,#8836);
#8835 = CARTESIAN_POINT('',(3.556E+03,-57.15,-88.9));
#8836 = VECTOR('',#8837,1.);
#8837 = DIRECTION('',(0.,0.,1.));
#8838 = ORIENTED_EDGE('',*,*,#8839,.T.);
#8839 = EDGE_CURVE('',#8832,#8808,#8840,.T.);
#8840 = LINE('',#8841,#8842);
#8841 = CARTESIAN_POINT('',(3.556E+03,-57.15,-88.9));
#8842 = VECTOR('',#8843,1.);
#8843 = DIRECTION('',(-0.,1.,0.));
#8844 = ORIENTED_EDGE('',*,*,#8815,.T.);
#8845 = ORIENTED_EDGE('',*,*,#7365,.F.);
#8846 = ORIENTED_EDGE('',*,*,#8847,.F.);
#8847 = EDGE_CURVE('',#7447,#7358,#8848,.T.);
#8848 = LINE('',#8849,#8850);
#8849 = CARTESIAN_POINT('',(3.556E+03,-57.15,0.));
#8850 = VECTOR('',#8851,1.);
#8851 = DIRECTION('',(-0.,1.,0.));
#8852 = ORIENTED_EDGE('',*,*,#7446,.F.);
#8853 = PLANE('',#8854);
#8854 = AXIS2_PLACEMENT_3D('',#8855,#8856,#8857);
#8855 = CARTESIAN_POINT('',(3.556E+03,-57.15,-88.9));
#8856 = DIRECTION('',(1.,0.,-0.));
#8857 = DIRECTION('',(0.,0.,1.));
#8858 = ADVANCED_FACE('',(#8859),#8870,.F.);
#8859 = FACE_BOUND('',#8860,.F.);
#8860 = EDGE_LOOP('',(#8861,#8867,#8868,#8869));
#8861 = ORIENTED_EDGE('',*,*,#8862,.F.);
#8862 = EDGE_CURVE('',#8832,#8770,#8863,.T.);
#8863 = LINE('',#8864,#8865);
#8864 = CARTESIAN_POINT('',(3.556E+03,-57.15,-88.9));
#8865 = VECTOR('',#8866,1.);
#8866 = DIRECTION('',(1.,0.,-0.));
#8867 = ORIENTED_EDGE('',*,*,#8831,.T.);
#8868 = ORIENTED_EDGE('',*,*,#7438,.T.);
#8869 = ORIENTED_EDGE('',*,*,#8769,.F.);
#8870 = PLANE('',#8871);
#8871 = AXIS2_PLACEMENT_3D('',#8872,#8873,#8874);
#8872 = CARTESIAN_POINT('',(3.556E+03,-57.15,-88.9));
#8873 = DIRECTION('',(-0.,1.,0.));
#8874 = DIRECTION('',(0.,0.,1.));
#8875 = ADVANCED_FACE('',(#8876),#8882,.T.);
#8876 = FACE_BOUND('',#8877,.T.);
#8877 = EDGE_LOOP('',(#8878,#8879,#8880,#8881));
#8878 = ORIENTED_EDGE('',*,*,#7485,.F.);
#8879 = ORIENTED_EDGE('',*,*,#8847,.F.);
#8880 = ORIENTED_EDGE('',*,*,#7550,.T.);
#8881 = ORIENTED_EDGE('',*,*,#8792,.T.);
#8882 = PLANE('',#8883);
#8883 = AXIS2_PLACEMENT_3D('',#8884,#8885,#8886);
#8884 = CARTESIAN_POINT('',(3.542284E+03,-19.431,0.));
#8885 = DIRECTION('',(0.,0.,1.));
#8886 = DIRECTION('',(1.,0.,-0.));
#8887 = ADVANCED_FACE('',(#8888),#8894,.F.);
#8888 = FACE_BOUND('',#8889,.F.);
#8889 = EDGE_LOOP('',(#8890,#8891,#8892,#8893));
#8890 = ORIENTED_EDGE('',*,*,#7680,.F.);
#8891 = ORIENTED_EDGE('',*,*,#7632,.T.);
#8892 = ORIENTED_EDGE('',*,*,#7656,.T.);
#8893 = ORIENTED_EDGE('',*,*,#7697,.F.);
#8894 = PLANE('',#8895);
#8895 = AXIS2_PLACEMENT_3D('',#8896,#8897,#8898);
#8896 = CARTESIAN_POINT('',(3.553333E+03,-9.906,304.8));
#8897 = DIRECTION('',(1.,0.,-0.));
#8898 = DIRECTION('',(0.,0.,1.));
#8899 = ADVANCED_FACE('',(#8900),#8906,.F.);
#8900 = FACE_BOUND('',#8901,.F.);
#8901 = EDGE_LOOP('',(#8902,#8903,#8904,#8905));
#8902 = ORIENTED_EDGE('',*,*,#7940,.F.);
#8903 = ORIENTED_EDGE('',*,*,#7892,.T.);
#8904 = ORIENTED_EDGE('',*,*,#7916,.T.);
#8905 = ORIENTED_EDGE('',*,*,#7957,.F.);
#8906 = PLANE('',#8907);
#8907 = AXIS2_PLACEMENT_3D('',#8908,#8909,#8910);
#8908 = CARTESIAN_POINT('',(3.553333E+03,-9.906,783.209));
#8909 = DIRECTION('',(1.,0.,-0.));
#8910 = DIRECTION('',(0.,0.,1.));
#8911 = ADVANCED_FACE('',(#8912),#8918,.F.);
#8912 = FACE_BOUND('',#8913,.F.);
#8913 = EDGE_LOOP('',(#8914,#8915,#8916,#8917));
#8914 = ORIENTED_EDGE('',*,*,#8217,.F.);
#8915 = ORIENTED_EDGE('',*,*,#8152,.T.);
#8916 = ORIENTED_EDGE('',*,*,#8176,.T.);
#8917 = ORIENTED_EDGE('',*,*,#8200,.F.);
#8918 = PLANE('',#8919);
#8919 = AXIS2_PLACEMENT_3D('',#8920,#8921,#8922);
#8920 = CARTESIAN_POINT('',(3.553333E+03,-9.906,1.3885164E+03));
#8921 = DIRECTION('',(1.,0.,-0.));
#8922 = DIRECTION('',(0.,0.,1.));
#8923 = ADVANCED_FACE('',(#8924),#8949,.T.);
#8924 = FACE_BOUND('',#8925,.T.);
#8925 = EDGE_LOOP('',(#8926,#8934,#8942,#8948));
#8926 = ORIENTED_EDGE('',*,*,#8927,.F.);
#8927 = EDGE_CURVE('',#8928,#8242,#8930,.T.);
#8928 = VERTEX_POINT('',#8929);
#8929 = CARTESIAN_POINT('',(3.622167E+03,9.906,304.8));
#8930 = LINE('',#8931,#8932);
#8931 = CARTESIAN_POINT('',(3.622167E+03,9.906,304.8));
#8932 = VECTOR('',#8933,1.);
#8933 = DIRECTION('',(1.,0.,-0.));
#8934 = ORIENTED_EDGE('',*,*,#8935,.F.);
#8935 = EDGE_CURVE('',#8936,#8928,#8938,.T.);
#8936 = VERTEX_POINT('',#8937);
#8937 = CARTESIAN_POINT('',(3.622167E+03,-9.906,304.8));
#8938 = LINE('',#8939,#8940);
#8939 = CARTESIAN_POINT('',(3.622167E+03,-9.906,304.8));
#8940 = VECTOR('',#8941,1.);
#8941 = DIRECTION('',(-0.,1.,0.));
#8942 = ORIENTED_EDGE('',*,*,#8943,.T.);
#8943 = EDGE_CURVE('',#8936,#8244,#8944,.T.);
#8944 = LINE('',#8945,#8946);
#8945 = CARTESIAN_POINT('',(3.622167E+03,-9.906,304.8));
#8946 = VECTOR('',#8947,1.);
#8947 = DIRECTION('',(1.,0.,-0.));
#8948 = ORIENTED_EDGE('',*,*,#8241,.F.);
#8949 = PLANE('',#8950);
#8950 = AXIS2_PLACEMENT_3D('',#8951,#8952,#8953);
#8951 = CARTESIAN_POINT('',(3.622167E+03,-9.906,304.8));
#8952 = DIRECTION('',(0.,0.,1.));
#8953 = DIRECTION('',(1.,0.,-0.));
#8954 = ADVANCED_FACE('',(#8955),#8973,.F.);
#8955 = FACE_BOUND('',#8956,.F.);
#8956 = EDGE_LOOP('',(#8957,#8958,#8966,#8972));
#8957 = ORIENTED_EDGE('',*,*,#8927,.F.);
#8958 = ORIENTED_EDGE('',*,*,#8959,.T.);
#8959 = EDGE_CURVE('',#8928,#8960,#8962,.T.);
#8960 = VERTEX_POINT('',#8961);
#8961 = CARTESIAN_POINT('',(3.622167E+03,9.906,511.175));
#8962 = LINE('',#8963,#8964);
#8963 = CARTESIAN_POINT('',(3.622167E+03,9.906,304.8));
#8964 = VECTOR('',#8965,1.);
#8965 = DIRECTION('',(0.,0.,1.));
#8966 = ORIENTED_EDGE('',*,*,#8967,.T.);
#8967 = EDGE_CURVE('',#8960,#8260,#8968,.T.);
#8968 = LINE('',#8969,#8970);
#8969 = CARTESIAN_POINT('',(3.622167E+03,9.906,511.175));
#8970 = VECTOR('',#8971,1.);
#8971 = DIRECTION('',(1.,0.,-0.));
#8972 = ORIENTED_EDGE('',*,*,#8267,.F.);
#8973 = PLANE('',#8974);
#8974 = AXIS2_PLACEMENT_3D('',#8975,#8976,#8977);
#8975 = CARTESIAN_POINT('',(3.622167E+03,9.906,304.8));
#8976 = DIRECTION('',(-0.,1.,0.));
#8977 = DIRECTION('',(0.,0.,1.));
#8978 = ADVANCED_FACE('',(#8979),#8997,.T.);
#8979 = FACE_BOUND('',#8980,.T.);
#8980 = EDGE_LOOP('',(#8981,#8982,#8990,#8996));
#8981 = ORIENTED_EDGE('',*,*,#8943,.F.);
#8982 = ORIENTED_EDGE('',*,*,#8983,.T.);
#8983 = EDGE_CURVE('',#8936,#8984,#8986,.T.);
#8984 = VERTEX_POINT('',#8985);
#8985 = CARTESIAN_POINT('',(3.622167E+03,-9.906,511.175));
#8986 = LINE('',#8987,#8988);
#8987 = CARTESIAN_POINT('',(3.622167E+03,-9.906,304.8));
#8988 = VECTOR('',#8989,1.);
#8989 = DIRECTION('',(0.,0.,1.));
#8990 = ORIENTED_EDGE('',*,*,#8991,.T.);
#8991 = EDGE_CURVE('',#8984,#8252,#8992,.T.);
#8992 = LINE('',#8993,#8994);
#8993 = CARTESIAN_POINT('',(3.622167E+03,-9.906,511.175));
#8994 = VECTOR('',#8995,1.);
#8995 = DIRECTION('',(1.,0.,-0.));
#8996 = ORIENTED_EDGE('',*,*,#8251,.F.);
#8997 = PLANE('',#8998);
#8998 = AXIS2_PLACEMENT_3D('',#8999,#9000,#9001);
#8999 = CARTESIAN_POINT('',(3.622167E+03,-9.906,304.8));
#9000 = DIRECTION('',(-0.,1.,0.));
#9001 = DIRECTION('',(0.,0.,1.));
#9002 = ADVANCED_FACE('',(#9003),#9014,.F.);
#9003 = FACE_BOUND('',#9004,.F.);
#9004 = EDGE_LOOP('',(#9005,#9006,#9012,#9013));
#9005 = ORIENTED_EDGE('',*,*,#8967,.F.);
#9006 = ORIENTED_EDGE('',*,*,#9007,.F.);
#9007 = EDGE_CURVE('',#8984,#8960,#9008,.T.);
#9008 = LINE('',#9009,#9010);
#9009 = CARTESIAN_POINT('',(3.622167E+03,-9.906,511.175));
#9010 = VECTOR('',#9011,1.);
#9011 = DIRECTION('',(-0.,1.,0.));
#9012 = ORIENTED_EDGE('',*,*,#8991,.T.);
#9013 = ORIENTED_EDGE('',*,*,#8259,.F.);
#9014 = PLANE('',#9015);
#9015 = AXIS2_PLACEMENT_3D('',#9016,#9017,#9018);
#9016 = CARTESIAN_POINT('',(3.622167E+03,-9.906,511.175));
#9017 = DIRECTION('',(0.,0.,1.));
#9018 = DIRECTION('',(1.,0.,-0.));
#9019 = ADVANCED_FACE('',(#9020),#9045,.T.);
#9020 = FACE_BOUND('',#9021,.T.);
#9021 = EDGE_LOOP('',(#9022,#9030,#9038,#9044));
#9022 = ORIENTED_EDGE('',*,*,#9023,.F.);
#9023 = EDGE_CURVE('',#9024,#8282,#9026,.T.);
#9024 = VERTEX_POINT('',#9025);
#9025 = CARTESIAN_POINT('',(3.622167E+03,9.906,783.209));
#9026 = LINE('',#9027,#9028);
#9027 = CARTESIAN_POINT('',(3.622167E+03,9.906,783.209));
#9028 = VECTOR('',#9029,1.);
#9029 = DIRECTION('',(1.,0.,-0.));
#9030 = ORIENTED_EDGE('',*,*,#9031,.F.);
#9031 = EDGE_CURVE('',#9032,#9024,#9034,.T.);
#9032 = VERTEX_POINT('',#9033);
#9033 = CARTESIAN_POINT('',(3.622167E+03,-9.906,783.209));
#9034 = LINE('',#9035,#9036);
#9035 = CARTESIAN_POINT('',(3.622167E+03,-9.906,783.209));
#9036 = VECTOR('',#9037,1.);
#9037 = DIRECTION('',(-0.,1.,0.));
#9038 = ORIENTED_EDGE('',*,*,#9039,.T.);
#9039 = EDGE_CURVE('',#9032,#8284,#9040,.T.);
#9040 = LINE('',#9041,#9042);
#9041 = CARTESIAN_POINT('',(3.622167E+03,-9.906,783.209));
#9042 = VECTOR('',#9043,1.);
#9043 = DIRECTION('',(1.,0.,-0.));
#9044 = ORIENTED_EDGE('',*,*,#8281,.F.);
#9045 = PLANE('',#9046);
#9046 = AXIS2_PLACEMENT_3D('',#9047,#9048,#9049);
#9047 = CARTESIAN_POINT('',(3.622167E+03,-9.906,783.209));
#9048 = DIRECTION('',(0.,0.,1.));
#9049 = DIRECTION('',(1.,0.,-0.));
#9050 = ADVANCED_FACE('',(#9051),#9069,.F.);
#9051 = FACE_BOUND('',#9052,.F.);
#9052 = EDGE_LOOP('',(#9053,#9054,#9062,#9068));
#9053 = ORIENTED_EDGE('',*,*,#9023,.F.);
#9054 = ORIENTED_EDGE('',*,*,#9055,.T.);
#9055 = EDGE_CURVE('',#9024,#9056,#9058,.T.);
#9056 = VERTEX_POINT('',#9057);
#9057 = CARTESIAN_POINT('',(3.622167E+03,9.906,1.1164824E+03));
#9058 = LINE('',#9059,#9060);
#9059 = CARTESIAN_POINT('',(3.622167E+03,9.906,783.209));
#9060 = VECTOR('',#9061,1.);
#9061 = DIRECTION('',(0.,0.,1.));
#9062 = ORIENTED_EDGE('',*,*,#9063,.T.);
#9063 = EDGE_CURVE('',#9056,#8300,#9064,.T.);
#9064 = LINE('',#9065,#9066);
#9065 = CARTESIAN_POINT('',(3.622167E+03,9.906,1.1164824E+03));
#9066 = VECTOR('',#9067,1.);
#9067 = DIRECTION('',(1.,0.,-0.));
#9068 = ORIENTED_EDGE('',*,*,#8307,.F.);
#9069 = PLANE('',#9070);
#9070 = AXIS2_PLACEMENT_3D('',#9071,#9072,#9073);
#9071 = CARTESIAN_POINT('',(3.622167E+03,9.906,783.209));
#9072 = DIRECTION('',(-0.,1.,0.));
#9073 = DIRECTION('',(0.,0.,1.));
#9074 = ADVANCED_FACE('',(#9075),#9093,.T.);
#9075 = FACE_BOUND('',#9076,.T.);
#9076 = EDGE_LOOP('',(#9077,#9078,#9086,#9092));
#9077 = ORIENTED_EDGE('',*,*,#9039,.F.);
#9078 = ORIENTED_EDGE('',*,*,#9079,.T.);
#9079 = EDGE_CURVE('',#9032,#9080,#9082,.T.);
#9080 = VERTEX_POINT('',#9081);
#9081 = CARTESIAN_POINT('',(3.622167E+03,-9.906,1.1164824E+03));
#9082 = LINE('',#9083,#9084);
#9083 = CARTESIAN_POINT('',(3.622167E+03,-9.906,783.209));
#9084 = VECTOR('',#9085,1.);
#9085 = DIRECTION('',(0.,0.,1.));
#9086 = ORIENTED_EDGE('',*,*,#9087,.T.);
#9087 = EDGE_CURVE('',#9080,#8292,#9088,.T.);
#9088 = LINE('',#9089,#9090);
#9089 = CARTESIAN_POINT('',(3.622167E+03,-9.906,1.1164824E+03));
#9090 = VECTOR('',#9091,1.);
#9091 = DIRECTION('',(1.,0.,-0.));
#9092 = ORIENTED_EDGE('',*,*,#8291,.F.);
#9093 = PLANE('',#9094);
#9094 = AXIS2_PLACEMENT_3D('',#9095,#9096,#9097);
#9095 = CARTESIAN_POINT('',(3.622167E+03,-9.906,783.209));
#9096 = DIRECTION('',(-0.,1.,0.));
#9097 = DIRECTION('',(0.,0.,1.));
#9098 = ADVANCED_FACE('',(#9099),#9110,.F.);
#9099 = FACE_BOUND('',#9100,.F.);
#9100 = EDGE_LOOP('',(#9101,#9102,#9108,#9109));
#9101 = ORIENTED_EDGE('',*,*,#9063,.F.);
#9102 = ORIENTED_EDGE('',*,*,#9103,.F.);
#9103 = EDGE_CURVE('',#9080,#9056,#9104,.T.);
#9104 = LINE('',#9105,#9106);
#9105 = CARTESIAN_POINT('',(3.622167E+03,-9.906,1.1164824E+03));
#9106 = VECTOR('',#9107,1.);
#9107 = DIRECTION('',(-0.,1.,0.));
#9108 = ORIENTED_EDGE('',*,*,#9087,.T.);
#9109 = ORIENTED_EDGE('',*,*,#8299,.F.);
#9110 = PLANE('',#9111);
#9111 = AXIS2_PLACEMENT_3D('',#9112,#9113,#9114);
#9112 = CARTESIAN_POINT('',(3.622167E+03,-9.906,1.1164824E+03));
#9113 = DIRECTION('',(0.,0.,1.));
#9114 = DIRECTION('',(1.,0.,-0.));
#9115 = ADVANCED_FACE('',(#9116),#9141,.T.);
#9116 = FACE_BOUND('',#9117,.T.);
#9117 = EDGE_LOOP('',(#9118,#9126,#9134,#9140));
#9118 = ORIENTED_EDGE('',*,*,#9119,.F.);
#9119 = EDGE_CURVE('',#9120,#8322,#9122,.T.);
#9120 = VERTEX_POINT('',#9121);
#9121 = CARTESIAN_POINT('',(3.622167E+03,9.906,1.3885164E+03));
#9122 = LINE('',#9123,#9124);
#9123 = CARTESIAN_POINT('',(3.622167E+03,9.906,1.3885164E+03));
#9124 = VECTOR('',#9125,1.);
#9125 = DIRECTION('',(1.,0.,-0.));
#9126 = ORIENTED_EDGE('',*,*,#9127,.F.);
#9127 = EDGE_CURVE('',#9128,#9120,#9130,.T.);
#9128 = VERTEX_POINT('',#9129);
#9129 = CARTESIAN_POINT('',(3.622167E+03,-9.906,1.3885164E+03));
#9130 = LINE('',#9131,#9132);
#9131 = CARTESIAN_POINT('',(3.622167E+03,-9.906,1.3885164E+03));
#9132 = VECTOR('',#9133,1.);
#9133 = DIRECTION('',(-0.,1.,0.));
#9134 = ORIENTED_EDGE('',*,*,#9135,.T.);
#9135 = EDGE_CURVE('',#9128,#8324,#9136,.T.);
#9136 = LINE('',#9137,#9138);
#9137 = CARTESIAN_POINT('',(3.622167E+03,-9.906,1.3885164E+03));
#9138 = VECTOR('',#9139,1.);
#9139 = DIRECTION('',(1.,0.,-0.));
#9140 = ORIENTED_EDGE('',*,*,#8321,.F.);
#9141 = PLANE('',#9142);
#9142 = AXIS2_PLACEMENT_3D('',#9143,#9144,#9145);
#9143 = CARTESIAN_POINT('',(3.622167E+03,-9.906,1.3885164E+03));
#9144 = DIRECTION('',(0.,0.,1.));
#9145 = DIRECTION('',(1.,0.,-0.));
#9146 = ADVANCED_FACE('',(#9147),#9165,.F.);
#9147 = FACE_BOUND('',#9148,.F.);
#9148 = EDGE_LOOP('',(#9149,#9150,#9158,#9164));
#9149 = ORIENTED_EDGE('',*,*,#9119,.F.);
#9150 = ORIENTED_EDGE('',*,*,#9151,.T.);
#9151 = EDGE_CURVE('',#9120,#9152,#9154,.T.);
#9152 = VERTEX_POINT('',#9153);
#9153 = CARTESIAN_POINT('',(3.622167E+03,9.906,1.5948914E+03));
#9154 = LINE('',#9155,#9156);
#9155 = CARTESIAN_POINT('',(3.622167E+03,9.906,1.3885164E+03));
#9156 = VECTOR('',#9157,1.);
#9157 = DIRECTION('',(0.,0.,1.));
#9158 = ORIENTED_EDGE('',*,*,#9159,.T.);
#9159 = EDGE_CURVE('',#9152,#8340,#9160,.T.);
#9160 = LINE('',#9161,#9162);
#9161 = CARTESIAN_POINT('',(3.622167E+03,9.906,1.5948914E+03));
#9162 = VECTOR('',#9163,1.);
#9163 = DIRECTION('',(1.,0.,-0.));
#9164 = ORIENTED_EDGE('',*,*,#8347,.F.);
#9165 = PLANE('',#9166);
#9166 = AXIS2_PLACEMENT_3D('',#9167,#9168,#9169);
#9167 = CARTESIAN_POINT('',(3.622167E+03,9.906,1.3885164E+03));
#9168 = DIRECTION('',(-0.,1.,0.));
#9169 = DIRECTION('',(0.,0.,1.));
#9170 = ADVANCED_FACE('',(#9171),#9189,.F.);
#9171 = FACE_BOUND('',#9172,.F.);
#9172 = EDGE_LOOP('',(#9173,#9174,#9182,#9188));
#9173 = ORIENTED_EDGE('',*,*,#9159,.F.);
#9174 = ORIENTED_EDGE('',*,*,#9175,.F.);
#9175 = EDGE_CURVE('',#9176,#9152,#9178,.T.);
#9176 = VERTEX_POINT('',#9177);
#9177 = CARTESIAN_POINT('',(3.622167E+03,-9.906,1.5948914E+03));
#9178 = LINE('',#9179,#9180);
#9179 = CARTESIAN_POINT('',(3.622167E+03,-9.906,1.5948914E+03));
#9180 = VECTOR('',#9181,1.);
#9181 = DIRECTION('',(-0.,1.,0.));
#9182 = ORIENTED_EDGE('',*,*,#9183,.T.);
#9183 = EDGE_CURVE('',#9176,#8332,#9184,.T.);
#9184 = LINE('',#9185,#9186);
#9185 = CARTESIAN_POINT('',(3.622167E+03,-9.906,1.5948914E+03));
#9186 = VECTOR('',#9187,1.);
#9187 = DIRECTION('',(1.,0.,-0.));
#9188 = ORIENTED_EDGE('',*,*,#8339,.F.);
#9189 = PLANE('',#9190);
#9190 = AXIS2_PLACEMENT_3D('',#9191,#9192,#9193);
#9191 = CARTESIAN_POINT('',(3.622167E+03,-9.906,1.5948914E+03));
#9192 = DIRECTION('',(0.,0.,1.));
#9193 = DIRECTION('',(1.,0.,-0.));
#9194 = ADVANCED_FACE('',(#9195),#9206,.T.);
#9195 = FACE_BOUND('',#9196,.T.);
#9196 = EDGE_LOOP('',(#9197,#9198,#9204,#9205));
#9197 = ORIENTED_EDGE('',*,*,#9135,.F.);
#9198 = ORIENTED_EDGE('',*,*,#9199,.T.);
#9199 = EDGE_CURVE('',#9128,#9176,#9200,.T.);
#9200 = LINE('',#9201,#9202);
#9201 = CARTESIAN_POINT('',(3.622167E+03,-9.906,1.3885164E+03));
#9202 = VECTOR('',#9203,1.);
#9203 = DIRECTION('',(0.,0.,1.));
#9204 = ORIENTED_EDGE('',*,*,#9183,.T.);
#9205 = ORIENTED_EDGE('',*,*,#8331,.F.);
#9206 = PLANE('',#9207);
#9207 = AXIS2_PLACEMENT_3D('',#9208,#9209,#9210);
#9208 = CARTESIAN_POINT('',(3.622167E+03,-9.906,1.3885164E+03));
#9209 = DIRECTION('',(-0.,1.,0.));
#9210 = DIRECTION('',(0.,0.,1.));
#9211 = ADVANCED_FACE('',(#9212),#9218,.F.);
#9212 = FACE_BOUND('',#9213,.F.);
#9213 = EDGE_LOOP('',(#9214,#9215,#9216,#9217));
#9214 = ORIENTED_EDGE('',*,*,#8839,.F.);
#9215 = ORIENTED_EDGE('',*,*,#8862,.T.);
#9216 = ORIENTED_EDGE('',*,*,#8777,.T.);
#9217 = ORIENTED_EDGE('',*,*,#8807,.F.);
#9218 = PLANE('',#9219);
#9219 = AXIS2_PLACEMENT_3D('',#9220,#9221,#9222);
#9220 = CARTESIAN_POINT('',(3.556E+03,-57.15,-88.9));
#9221 = DIRECTION('',(0.,0.,1.));
#9222 = DIRECTION('',(1.,0.,-0.));
#9223 = ADVANCED_FACE('',(#9224),#9230,.T.);
#9224 = FACE_BOUND('',#9225,.T.);
#9225 = EDGE_LOOP('',(#9226,#9227,#9228,#9229));
#9226 = ORIENTED_EDGE('',*,*,#8983,.F.);
#9227 = ORIENTED_EDGE('',*,*,#8935,.T.);
#9228 = ORIENTED_EDGE('',*,*,#8959,.T.);
#9229 = ORIENTED_EDGE('',*,*,#9007,.F.);
#9230 = PLANE('',#9231);
#9231 = AXIS2_PLACEMENT_3D('',#9232,#9233,#9234);
#9232 = CARTESIAN_POINT('',(3.622167E+03,-9.906,304.8));
#9233 = DIRECTION('',(1.,0.,-0.));
#9234 = DIRECTION('',(0.,0.,1.));
#9235 = ADVANCED_FACE('',(#9236),#9242,.T.);
#9236 = FACE_BOUND('',#9237,.T.);
#9237 = EDGE_LOOP('',(#9238,#9239,#9240,#9241));
#9238 = ORIENTED_EDGE('',*,*,#9079,.F.);
#9239 = ORIENTED_EDGE('',*,*,#9031,.T.);
#9240 = ORIENTED_EDGE('',*,*,#9055,.T.);
#9241 = ORIENTED_EDGE('',*,*,#9103,.F.);
#9242 = PLANE('',#9243);
#9243 = AXIS2_PLACEMENT_3D('',#9244,#9245,#9246);
#9244 = CARTESIAN_POINT('',(3.622167E+03,-9.906,783.209));
#9245 = DIRECTION('',(1.,0.,-0.));
#9246 = DIRECTION('',(0.,0.,1.));
#9247 = ADVANCED_FACE('',(#9248),#9254,.T.);
#9248 = FACE_BOUND('',#9249,.T.);
#9249 = EDGE_LOOP('',(#9250,#9251,#9252,#9253));
#9250 = ORIENTED_EDGE('',*,*,#9199,.F.);
#9251 = ORIENTED_EDGE('',*,*,#9127,.T.);
#9252 = ORIENTED_EDGE('',*,*,#9151,.T.);
#9253 = ORIENTED_EDGE('',*,*,#9175,.F.);
#9254 = PLANE('',#9255);
#9255 = AXIS2_PLACEMENT_3D('',#9256,#9257,#9258);
#9256 = CARTESIAN_POINT('',(3.622167E+03,-9.906,1.3885164E+03));
#9257 = DIRECTION('',(1.,0.,-0.));
#9258 = DIRECTION('',(0.,0.,1.));
#9259 = ( GEOMETRIC_REPRESENTATION_CONTEXT(3) 
GLOBAL_UNCERTAINTY_ASSIGNED_CONTEXT((#9263)) 
GLOBAL_UNIT_ASSIGNED_CONTEXT((#9260,#9261,#9262)) REPRESENTATION_CONTEXT
('Context #1','3D Context with UNIT and UNCERTAINTY') );
#9260 = ( LENGTH_UNIT() NAMED_UNIT(*) SI_UNIT(.MILLI.,.METRE.) );
#9261 = ( NAMED_UNIT(*) PLANE_ANGLE_UNIT() SI_UNIT($,.RADIAN.) );
#9262 = ( NAMED_UNIT(*) SI_UNIT($,.STERADIAN.) SOLID_ANGLE_UNIT() );
#9263 = UNCERTAINTY_MEASURE_WITH_UNIT(LENGTH_MEASURE(1.E-07),#9260,
  'distance_accuracy_value','confusion accuracy');
#9264 = CONTEXT_DEPENDENT_SHAPE_REPRESENTATION(#9265,#9267);
#9265 = ( REPRESENTATION_RELATIONSHIP('','',#6824,#10) 
REPRESENTATION_RELATIONSHIP_WITH_TRANSFORMATION(#9266) 
SHAPE_REPRESENTATION_RELATIONSHIP() );
#9266 = ITEM_DEFINED_TRANSFORMATION('','',#11,#47);
#9267 = PRODUCT_DEFINITION_SHAPE('Placement','Placement of an item',
  #9268);
#9268 = NEXT_ASSEMBLY_USAGE_OCCURRENCE('9','L004_P3_end_post','',#5,
  #6819,$);
#9269 = PRODUCT_RELATED_PRODUCT_CATEGORY('part',$,(#6821));
#9270 = SHAPE_DEFINITION_REPRESENTATION(#9271,#9277);
#9271 = PRODUCT_DEFINITION_SHAPE('','',#9272);
#9272 = PRODUCT_DEFINITION('design','',#9273,#9276);
#9273 = PRODUCT_DEFINITION_FORMATION('','',#9274);
#9274 = PRODUCT('F003_Tie_P3','F003_Tie_P3','',(#9275));
#9275 = PRODUCT_CONTEXT('',#2,'mechanical');
#9276 = PRODUCT_DEFINITION_CONTEXT('part definition',#2,'design');
#9277 = ADVANCED_BREP_SHAPE_REPRESENTATION('',(#11,#9278),#9570);
#9278 = MANIFOLD_SOLID_BREP('',#9279);
#9279 = CLOSED_SHELL('',(#9280,#9320,#9351,#9409,#9433,#9450,#9462,#9493
    ,#9517,#9541,#9558));
#9280 = ADVANCED_FACE('',(#9281),#9315,.F.);
#9281 = FACE_BOUND('',#9282,.F.);
#9282 = EDGE_LOOP('',(#9283,#9293,#9301,#9309));
#9283 = ORIENTED_EDGE('',*,*,#9284,.F.);
#9284 = EDGE_CURVE('',#9285,#9287,#9289,.T.);
#9285 = VERTEX_POINT('',#9286);
#9286 = CARTESIAN_POINT('',(3.5433E+03,-527.05,-139.7));
#9287 = VERTEX_POINT('',#9288);
#9288 = CARTESIAN_POINT('',(3.5433E+03,-527.05,0.));
#9289 = LINE('',#9290,#9291);
#9290 = CARTESIAN_POINT('',(3.5433E+03,-527.05,-139.7));
#9291 = VECTOR('',#9292,1.);
#9292 = DIRECTION('',(0.,0.,1.));
#9293 = ORIENTED_EDGE('',*,*,#9294,.T.);
#9294 = EDGE_CURVE('',#9285,#9295,#9297,.T.);
#9295 = VERTEX_POINT('',#9296);
#9296 = CARTESIAN_POINT('',(3.5433E+03,527.05,-139.7));
#9297 = LINE('',#9298,#9299);
#9298 = CARTESIAN_POINT('',(3.5433E+03,-527.05,-139.7));
#9299 = VECTOR('',#9300,1.);
#9300 = DIRECTION('',(-0.,1.,0.));
#9301 = ORIENTED_EDGE('',*,*,#9302,.T.);
#9302 = EDGE_CURVE('',#9295,#9303,#9305,.T.);
#9303 = VERTEX_POINT('',#9304);
#9304 = CARTESIAN_POINT('',(3.5433E+03,527.05,0.));
#9305 = LINE('',#9306,#9307);
#9306 = CARTESIAN_POINT('',(3.5433E+03,527.05,-139.7));
#9307 = VECTOR('',#9308,1.);
#9308 = DIRECTION('',(0.,0.,1.));
#9309 = ORIENTED_EDGE('',*,*,#9310,.F.);
#9310 = EDGE_CURVE('',#9287,#9303,#9311,.T.);
#9311 = LINE('',#9312,#9313);
#9312 = CARTESIAN_POINT('',(3.5433E+03,-527.05,0.));
#9313 = VECTOR('',#9314,1.);
#9314 = DIRECTION('',(-0.,1.,0.));
#9315 = PLANE('',#9316);
#9316 = AXIS2_PLACEMENT_3D('',#9317,#9318,#9319);
#9317 = CARTESIAN_POINT('',(3.5433E+03,-527.05,-139.7));
#9318 = DIRECTION('',(1.,0.,-0.));
#9319 = DIRECTION('',(0.,0.,1.));
#9320 = ADVANCED_FACE('',(#9321),#9346,.F.);
#9321 = FACE_BOUND('',#9322,.F.);
#9322 = EDGE_LOOP('',(#9323,#9331,#9332,#9340));
#9323 = ORIENTED_EDGE('',*,*,#9324,.F.);
#9324 = EDGE_CURVE('',#9285,#9325,#9327,.T.);
#9325 = VERTEX_POINT('',#9326);
#9326 = CARTESIAN_POINT('',(3.6322E+03,-527.05,-139.7));
#9327 = LINE('',#9328,#9329);
#9328 = CARTESIAN_POINT('',(3.5433E+03,-527.05,-139.7));
#9329 = VECTOR('',#9330,1.);
#9330 = DIRECTION('',(1.,0.,-0.));
#9331 = ORIENTED_EDGE('',*,*,#9284,.T.);
#9332 = ORIENTED_EDGE('',*,*,#9333,.T.);
#9333 = EDGE_CURVE('',#9287,#9334,#9336,.T.);
#9334 = VERTEX_POINT('',#9335);
#9335 = CARTESIAN_POINT('',(3.6322E+03,-527.05,0.));
#9336 = LINE('',#9337,#9338);
#9337 = CARTESIAN_POINT('',(3.5433E+03,-527.05,0.));
#9338 = VECTOR('',#9339,1.);
#9339 = DIRECTION('',(1.,0.,-0.));
#9340 = ORIENTED_EDGE('',*,*,#9341,.F.);
#9341 = EDGE_CURVE('',#9325,#9334,#9342,.T.);
#9342 = LINE('',#9343,#9344);
#9343 = CARTESIAN_POINT('',(3.6322E+03,-527.05,-139.7));
#9344 = VECTOR('',#9345,1.);
#9345 = DIRECTION('',(0.,0.,1.));
#9346 = PLANE('',#9347);
#9347 = AXIS2_PLACEMENT_3D('',#9348,#9349,#9350);
#9348 = CARTESIAN_POINT('',(3.5433E+03,-527.05,-139.7));
#9349 = DIRECTION('',(-0.,1.,0.));
#9350 = DIRECTION('',(0.,0.,1.));
#9351 = ADVANCED_FACE('',(#9352,#9370),#9404,.T.);
#9352 = FACE_BOUND('',#9353,.T.);
#9353 = EDGE_LOOP('',(#9354,#9355,#9356,#9364));
#9354 = ORIENTED_EDGE('',*,*,#9310,.F.);
#9355 = ORIENTED_EDGE('',*,*,#9333,.T.);
#9356 = ORIENTED_EDGE('',*,*,#9357,.T.);
#9357 = EDGE_CURVE('',#9334,#9358,#9360,.T.);
#9358 = VERTEX_POINT('',#9359);
#9359 = CARTESIAN_POINT('',(3.6322E+03,527.05,0.));
#9360 = LINE('',#9361,#9362);
#9361 = CARTESIAN_POINT('',(3.6322E+03,-527.05,0.));
#9362 = VECTOR('',#9363,1.);
#9363 = DIRECTION('',(-0.,1.,0.));
#9364 = ORIENTED_EDGE('',*,*,#9365,.F.);
#9365 = EDGE_CURVE('',#9303,#9358,#9366,.T.);
#9366 = LINE('',#9367,#9368);
#9367 = CARTESIAN_POINT('',(3.5433E+03,527.05,0.));
#9368 = VECTOR('',#9369,1.);
#9369 = DIRECTION('',(1.,0.,-0.));
#9370 = FACE_BOUND('',#9371,.T.);
#9371 = EDGE_LOOP('',(#9372,#9382,#9390,#9398));
#9372 = ORIENTED_EDGE('',*,*,#9373,.T.);
#9373 = EDGE_CURVE('',#9374,#9376,#9378,.T.);
#9374 = VERTEX_POINT('',#9375);
#9375 = CARTESIAN_POINT('',(3.620008E+03,-57.658,0.));
#9376 = VERTEX_POINT('',#9377);
#9377 = CARTESIAN_POINT('',(3.555492E+03,-57.658,0.));
#9378 = LINE('',#9379,#9380);
#9379 = CARTESIAN_POINT('',(3.549396E+03,-57.658,0.));
#9380 = VECTOR('',#9381,1.);
#9381 = DIRECTION('',(-1.,-0.,0.));
#9382 = ORIENTED_EDGE('',*,*,#9383,.T.);
#9383 = EDGE_CURVE('',#9376,#9384,#9386,.T.);
#9384 = VERTEX_POINT('',#9385);
#9385 = CARTESIAN_POINT('',(3.555492E+03,57.658,0.));
#9386 = LINE('',#9387,#9388);
#9387 = CARTESIAN_POINT('',(3.555492E+03,-292.354,0.));
#9388 = VECTOR('',#9389,1.);
#9389 = DIRECTION('',(-0.,1.,0.));
#9390 = ORIENTED_EDGE('',*,*,#9391,.F.);
#9391 = EDGE_CURVE('',#9392,#9384,#9394,.T.);
#9392 = VERTEX_POINT('',#9393);
#9393 = CARTESIAN_POINT('',(3.620008E+03,57.658,0.));
#9394 = LINE('',#9395,#9396);
#9395 = CARTESIAN_POINT('',(3.549396E+03,57.658,0.));
#9396 = VECTOR('',#9397,1.);
#9397 = DIRECTION('',(-1.,-0.,0.));
#9398 = ORIENTED_EDGE('',*,*,#9399,.F.);
#9399 = EDGE_CURVE('',#9374,#9392,#9400,.T.);
#9400 = LINE('',#9401,#9402);
#9401 = CARTESIAN_POINT('',(3.620008E+03,-292.354,0.));
#9402 = VECTOR('',#9403,1.);
#9403 = DIRECTION('',(-0.,1.,0.));
#9404 = PLANE('',#9405);
#9405 = AXIS2_PLACEMENT_3D('',#9406,#9407,#9408);
#9406 = CARTESIAN_POINT('',(3.5433E+03,-527.05,0.));
#9407 = DIRECTION('',(0.,0.,1.));
#9408 = DIRECTION('',(1.,0.,-0.));
#9409 = ADVANCED_FACE('',(#9410),#9428,.T.);
#9410 = FACE_BOUND('',#9411,.T.);
#9411 = EDGE_LOOP('',(#9412,#9420,#9421,#9422));
#9412 = ORIENTED_EDGE('',*,*,#9413,.F.);
#9413 = EDGE_CURVE('',#9295,#9414,#9416,.T.);
#9414 = VERTEX_POINT('',#9415);
#9415 = CARTESIAN_POINT('',(3.6322E+03,527.05,-139.7));
#9416 = LINE('',#9417,#9418);
#9417 = CARTESIAN_POINT('',(3.5433E+03,527.05,-139.7));
#9418 = VECTOR('',#9419,1.);
#9419 = DIRECTION('',(1.,0.,-0.));
#9420 = ORIENTED_EDGE('',*,*,#9302,.T.);
#9421 = ORIENTED_EDGE('',*,*,#9365,.T.);
#9422 = ORIENTED_EDGE('',*,*,#9423,.F.);
#9423 = EDGE_CURVE('',#9414,#9358,#9424,.T.);
#9424 = LINE('',#9425,#9426);
#9425 = CARTESIAN_POINT('',(3.6322E+03,527.05,-139.7));
#9426 = VECTOR('',#9427,1.);
#9427 = DIRECTION('',(0.,0.,1.));
#9428 = PLANE('',#9429);
#9429 = AXIS2_PLACEMENT_3D('',#9430,#9431,#9432);
#9430 = CARTESIAN_POINT('',(3.5433E+03,527.05,-139.7));
#9431 = DIRECTION('',(-0.,1.,0.));
#9432 = DIRECTION('',(0.,0.,1.));
#9433 = ADVANCED_FACE('',(#9434),#9445,.F.);
#9434 = FACE_BOUND('',#9435,.F.);
#9435 = EDGE_LOOP('',(#9436,#9437,#9438,#9444));
#9436 = ORIENTED_EDGE('',*,*,#9294,.F.);
#9437 = ORIENTED_EDGE('',*,*,#9324,.T.);
#9438 = ORIENTED_EDGE('',*,*,#9439,.T.);
#9439 = EDGE_CURVE('',#9325,#9414,#9440,.T.);
#9440 = LINE('',#9441,#9442);
#9441 = CARTESIAN_POINT('',(3.6322E+03,-527.05,-139.7));
#9442 = VECTOR('',#9443,1.);
#9443 = DIRECTION('',(-0.,1.,0.));
#9444 = ORIENTED_EDGE('',*,*,#9413,.F.);
#9445 = PLANE('',#9446);
#9446 = AXIS2_PLACEMENT_3D('',#9447,#9448,#9449);
#9447 = CARTESIAN_POINT('',(3.5433E+03,-527.05,-139.7));
#9448 = DIRECTION('',(0.,0.,1.));
#9449 = DIRECTION('',(1.,0.,-0.));
#9450 = ADVANCED_FACE('',(#9451),#9457,.T.);
#9451 = FACE_BOUND('',#9452,.T.);
#9452 = EDGE_LOOP('',(#9453,#9454,#9455,#9456));
#9453 = ORIENTED_EDGE('',*,*,#9341,.F.);
#9454 = ORIENTED_EDGE('',*,*,#9439,.T.);
#9455 = ORIENTED_EDGE('',*,*,#9423,.T.);
#9456 = ORIENTED_EDGE('',*,*,#9357,.F.);
#9457 = PLANE('',#9458);
#9458 = AXIS2_PLACEMENT_3D('',#9459,#9460,#9461);
#9459 = CARTESIAN_POINT('',(3.6322E+03,-527.05,-139.7));
#9460 = DIRECTION('',(1.,0.,-0.));
#9461 = DIRECTION('',(0.,0.,1.));
#9462 = ADVANCED_FACE('',(#9463),#9488,.T.);
#9463 = FACE_BOUND('',#9464,.T.);
#9464 = EDGE_LOOP('',(#9465,#9473,#9481,#9487));
#9465 = ORIENTED_EDGE('',*,*,#9466,.F.);
#9466 = EDGE_CURVE('',#9467,#9374,#9469,.T.);
#9467 = VERTEX_POINT('',#9468);
#9468 = CARTESIAN_POINT('',(3.620008E+03,-57.658,-88.9));
#9469 = LINE('',#9470,#9471);
#9470 = CARTESIAN_POINT('',(3.620008E+03,-57.658,-88.9));
#9471 = VECTOR('',#9472,1.);
#9472 = DIRECTION('',(0.,0.,1.));
#9473 = ORIENTED_EDGE('',*,*,#9474,.F.);
#9474 = EDGE_CURVE('',#9475,#9467,#9477,.T.);
#9475 = VERTEX_POINT('',#9476);
#9476 = CARTESIAN_POINT('',(3.555492E+03,-57.658,-88.9));
#9477 = LINE('',#9478,#9479);
#9478 = CARTESIAN_POINT('',(3.555492E+03,-57.658,-88.9));
#9479 = VECTOR('',#9480,1.);
#9480 = DIRECTION('',(1.,0.,-0.));
#9481 = ORIENTED_EDGE('',*,*,#9482,.T.);
#9482 = EDGE_CURVE('',#9475,#9376,#9483,.T.);
#9483 = LINE('',#9484,#9485);
#9484 = CARTESIAN_POINT('',(3.555492E+03,-57.658,-88.9));
#9485 = VECTOR('',#9486,1.);
#9486 = DIRECTION('',(0.,0.,1.));
#9487 = ORIENTED_EDGE('',*,*,#9373,.F.);
#9488 = PLANE('',#9489);
#9489 = AXIS2_PLACEMENT_3D('',#9490,#9491,#9492);
#9490 = CARTESIAN_POINT('',(3.555492E+03,-57.658,-88.9));
#9491 = DIRECTION('',(-0.,1.,0.));
#9492 = DIRECTION('',(0.,0.,1.));
#9493 = ADVANCED_FACE('',(#9494),#9512,.F.);
#9494 = FACE_BOUND('',#9495,.F.);
#9495 = EDGE_LOOP('',(#9496,#9497,#9505,#9511));
#9496 = ORIENTED_EDGE('',*,*,#9466,.F.);
#9497 = ORIENTED_EDGE('',*,*,#9498,.T.);
#9498 = EDGE_CURVE('',#9467,#9499,#9501,.T.);
#9499 = VERTEX_POINT('',#9500);
#9500 = CARTESIAN_POINT('',(3.620008E+03,57.658,-88.9));
#9501 = LINE('',#9502,#9503);
#9502 = CARTESIAN_POINT('',(3.620008E+03,-57.658,-88.9));
#9503 = VECTOR('',#9504,1.);
#9504 = DIRECTION('',(-0.,1.,0.));
#9505 = ORIENTED_EDGE('',*,*,#9506,.T.);
#9506 = EDGE_CURVE('',#9499,#9392,#9507,.T.);
#9507 = LINE('',#9508,#9509);
#9508 = CARTESIAN_POINT('',(3.620008E+03,57.658,-88.9));
#9509 = VECTOR('',#9510,1.);
#9510 = DIRECTION('',(0.,0.,1.));
#9511 = ORIENTED_EDGE('',*,*,#9399,.F.);
#9512 = PLANE('',#9513);
#9513 = AXIS2_PLACEMENT_3D('',#9514,#9515,#9516);
#9514 = CARTESIAN_POINT('',(3.620008E+03,-57.658,-88.9));
#9515 = DIRECTION('',(1.,0.,-0.));
#9516 = DIRECTION('',(0.,0.,1.));
#9517 = ADVANCED_FACE('',(#9518),#9536,.F.);
#9518 = FACE_BOUND('',#9519,.F.);
#9519 = EDGE_LOOP('',(#9520,#9521,#9529,#9535));
#9520 = ORIENTED_EDGE('',*,*,#9506,.F.);
#9521 = ORIENTED_EDGE('',*,*,#9522,.F.);
#9522 = EDGE_CURVE('',#9523,#9499,#9525,.T.);
#9523 = VERTEX_POINT('',#9524);
#9524 = CARTESIAN_POINT('',(3.555492E+03,57.658,-88.9));
#9525 = LINE('',#9526,#9527);
#9526 = CARTESIAN_POINT('',(3.555492E+03,57.658,-88.9));
#9527 = VECTOR('',#9528,1.);
#9528 = DIRECTION('',(1.,0.,-0.));
#9529 = ORIENTED_EDGE('',*,*,#9530,.T.);
#9530 = EDGE_CURVE('',#9523,#9384,#9531,.T.);
#9531 = LINE('',#9532,#9533);
#9532 = CARTESIAN_POINT('',(3.555492E+03,57.658,-88.9));
#9533 = VECTOR('',#9534,1.);
#9534 = DIRECTION('',(0.,0.,1.));
#9535 = ORIENTED_EDGE('',*,*,#9391,.F.);
#9536 = PLANE('',#9537);
#9537 = AXIS2_PLACEMENT_3D('',#9538,#9539,#9540);
#9538 = CARTESIAN_POINT('',(3.555492E+03,57.658,-88.9));
#9539 = DIRECTION('',(-0.,1.,0.));
#9540 = DIRECTION('',(0.,0.,1.));
#9541 = ADVANCED_FACE('',(#9542),#9553,.T.);
#9542 = FACE_BOUND('',#9543,.T.);
#9543 = EDGE_LOOP('',(#9544,#9545,#9551,#9552));
#9544 = ORIENTED_EDGE('',*,*,#9482,.F.);
#9545 = ORIENTED_EDGE('',*,*,#9546,.T.);
#9546 = EDGE_CURVE('',#9475,#9523,#9547,.T.);
#9547 = LINE('',#9548,#9549);
#9548 = CARTESIAN_POINT('',(3.555492E+03,-57.658,-88.9));
#9549 = VECTOR('',#9550,1.);
#9550 = DIRECTION('',(-0.,1.,0.));
#9551 = ORIENTED_EDGE('',*,*,#9530,.T.);
#9552 = ORIENTED_EDGE('',*,*,#9383,.F.);
#9553 = PLANE('',#9554);
#9554 = AXIS2_PLACEMENT_3D('',#9555,#9556,#9557);
#9555 = CARTESIAN_POINT('',(3.555492E+03,-57.658,-88.9));
#9556 = DIRECTION('',(1.,0.,-0.));
#9557 = DIRECTION('',(0.,0.,1.));
#9558 = ADVANCED_FACE('',(#9559),#9565,.T.);
#9559 = FACE_BOUND('',#9560,.T.);
#9560 = EDGE_LOOP('',(#9561,#9562,#9563,#9564));
#9561 = ORIENTED_EDGE('',*,*,#9546,.F.);
#9562 = ORIENTED_EDGE('',*,*,#9474,.T.);
#9563 = ORIENTED_EDGE('',*,*,#9498,.T.);
#9564 = ORIENTED_EDGE('',*,*,#9522,.F.);
#9565 = PLANE('',#9566);
#9566 = AXIS2_PLACEMENT_3D('',#9567,#9568,#9569);
#9567 = CARTESIAN_POINT('',(3.555492E+03,-57.658,-88.9));
#9568 = DIRECTION('',(0.,0.,1.));
#9569 = DIRECTION('',(1.,0.,-0.));
#9570 = ( GEOMETRIC_REPRESENTATION_CONTEXT(3) 
GLOBAL_UNCERTAINTY_ASSIGNED_CONTEXT((#9574)) 
GLOBAL_UNIT_ASSIGNED_CONTEXT((#9571,#9572,#9573)) REPRESENTATION_CONTEXT
('Context #1','3D Context with UNIT and UNCERTAINTY') );
#9571 = ( LENGTH_UNIT() NAMED_UNIT(*) SI_UNIT(.MILLI.,.METRE.) );
#9572 = ( NAMED_UNIT(*) PLANE_ANGLE_UNIT() SI_UNIT($,.RADIAN.) );
#9573 = ( NAMED_UNIT(*) SI_UNIT($,.STERADIAN.) SOLID_ANGLE_UNIT() );
#9574 = UNCERTAINTY_MEASURE_WITH_UNIT(LENGTH_MEASURE(1.E-07),#9571,
  'distance_accuracy_value','confusion accuracy');
#9575 = CONTEXT_DEPENDENT_SHAPE_REPRESENTATION(#9576,#9578);
#9576 = ( REPRESENTATION_RELATIONSHIP('','',#9277,#10) 
REPRESENTATION_RELATIONSHIP_WITH_TRANSFORMATION(#9577) 
SHAPE_REPRESENTATION_RELATIONSHIP() );
#9577 = ITEM_DEFINED_TRANSFORMATION('','',#11,#51);
#9578 = PRODUCT_DEFINITION_SHAPE('Placement','Placement of an item',
  #9579);
#9579 = NEXT_ASSEMBLY_USAGE_OCCURRENCE('10','F003_Tie_P3','',#5,#9272,$
  );
#9580 = PRODUCT_RELATED_PRODUCT_CATEGORY('part',$,(#9274));
#9581 = SHAPE_DEFINITION_REPRESENTATION(#9582,#9588);
#9582 = PRODUCT_DEFINITION_SHAPE('','',#9583);
#9583 = PRODUCT_DEFINITION('design','',#9584,#9587);
#9584 = PRODUCT_DEFINITION_FORMATION('','',#9585);
#9585 = PRODUCT('F005_Planter_1','F005_Planter_1','',(#9586));
#9586 = PRODUCT_CONTEXT('',#2,'mechanical');
#9587 = PRODUCT_DEFINITION_CONTEXT('part definition',#2,'design');
#9588 = ADVANCED_BREP_SHAPE_REPRESENTATION('',(#11,#9589),#9739);
#9589 = MANIFOLD_SOLID_BREP('',#9590);
#9590 = CLOSED_SHELL('',(#9591,#9631,#9671,#9693,#9715,#9727));
#9591 = ADVANCED_FACE('',(#9592),#9626,.F.);
#9592 = FACE_BOUND('',#9593,.F.);
#9593 = EDGE_LOOP('',(#9594,#9604,#9612,#9620));
#9594 = ORIENTED_EDGE('',*,*,#9595,.F.);
#9595 = EDGE_CURVE('',#9596,#9598,#9600,.T.);
#9596 = VERTEX_POINT('',#9597);
#9597 = CARTESIAN_POINT('',(1.12395E+03,82.55,0.));
#9598 = VERTEX_POINT('',#9599);
#9599 = CARTESIAN_POINT('',(1.12395E+03,82.55,457.2));
#9600 = LINE('',#9601,#9602);
#9601 = CARTESIAN_POINT('',(1.12395E+03,82.55,0.));
#9602 = VECTOR('',#9603,1.);
#9603 = DIRECTION('',(0.,0.,1.));
#9604 = ORIENTED_EDGE('',*,*,#9605,.T.);
#9605 = EDGE_CURVE('',#9596,#9606,#9608,.T.);
#9606 = VERTEX_POINT('',#9607);
#9607 = CARTESIAN_POINT('',(1.12395E+03,539.75,0.));
#9608 = LINE('',#9609,#9610);
#9609 = CARTESIAN_POINT('',(1.12395E+03,82.55,0.));
#9610 = VECTOR('',#9611,1.);
#9611 = DIRECTION('',(-0.,1.,0.));
#9612 = ORIENTED_EDGE('',*,*,#9613,.T.);
#9613 = EDGE_CURVE('',#9606,#9614,#9616,.T.);
#9614 = VERTEX_POINT('',#9615);
#9615 = CARTESIAN_POINT('',(1.12395E+03,539.75,457.2));
#9616 = LINE('',#9617,#9618);
#9617 = CARTESIAN_POINT('',(1.12395E+03,539.75,0.));
#9618 = VECTOR('',#9619,1.);
#9619 = DIRECTION('',(0.,0.,1.));
#9620 = ORIENTED_EDGE('',*,*,#9621,.F.);
#9621 = EDGE_CURVE('',#9598,#9614,#9622,.T.);
#9622 = LINE('',#9623,#9624);
#9623 = CARTESIAN_POINT('',(1.12395E+03,82.55,457.2));
#9624 = VECTOR('',#9625,1.);
#9625 = DIRECTION('',(-0.,1.,0.));
#9626 = PLANE('',#9627);
#9627 = AXIS2_PLACEMENT_3D('',#9628,#9629,#9630);
#9628 = CARTESIAN_POINT('',(1.12395E+03,82.55,0.));
#9629 = DIRECTION('',(1.,0.,-0.));
#9630 = DIRECTION('',(0.,0.,1.));
#9631 = ADVANCED_FACE('',(#9632),#9666,.T.);
#9632 = FACE_BOUND('',#9633,.T.);
#9633 = EDGE_LOOP('',(#9634,#9644,#9652,#9660));
#9634 = ORIENTED_EDGE('',*,*,#9635,.F.);
#9635 = EDGE_CURVE('',#9636,#9638,#9640,.T.);
#9636 = VERTEX_POINT('',#9637);
#9637 = CARTESIAN_POINT('',(2.24155E+03,82.55,0.));
#9638 = VERTEX_POINT('',#9639);
#9639 = CARTESIAN_POINT('',(2.24155E+03,82.55,457.2));
#9640 = LINE('',#9641,#9642);
#9641 = CARTESIAN_POINT('',(2.24155E+03,82.55,0.));
#9642 = VECTOR('',#9643,1.);
#9643 = DIRECTION('',(0.,0.,1.));
#9644 = ORIENTED_EDGE('',*,*,#9645,.T.);
#9645 = EDGE_CURVE('',#9636,#9646,#9648,.T.);
#9646 = VERTEX_POINT('',#9647);
#9647 = CARTESIAN_POINT('',(2.24155E+03,539.75,0.));
#9648 = LINE('',#9649,#9650);
#9649 = CARTESIAN_POINT('',(2.24155E+03,82.55,0.));
#9650 = VECTOR('',#9651,1.);
#9651 = DIRECTION('',(-0.,1.,0.));
#9652 = ORIENTED_EDGE('',*,*,#9653,.T.);
#9653 = EDGE_CURVE('',#9646,#9654,#9656,.T.);
#9654 = VERTEX_POINT('',#9655);
#9655 = CARTESIAN_POINT('',(2.24155E+03,539.75,457.2));
#9656 = LINE('',#9657,#9658);
#9657 = CARTESIAN_POINT('',(2.24155E+03,539.75,0.));
#9658 = VECTOR('',#9659,1.);
#9659 = DIRECTION('',(0.,0.,1.));
#9660 = ORIENTED_EDGE('',*,*,#9661,.F.);
#9661 = EDGE_CURVE('',#9638,#9654,#9662,.T.);
#9662 = LINE('',#9663,#9664);
#9663 = CARTESIAN_POINT('',(2.24155E+03,82.55,457.2));
#9664 = VECTOR('',#9665,1.);
#9665 = DIRECTION('',(-0.,1.,0.));
#9666 = PLANE('',#9667);
#9667 = AXIS2_PLACEMENT_3D('',#9668,#9669,#9670);
#9668 = CARTESIAN_POINT('',(2.24155E+03,82.55,0.));
#9669 = DIRECTION('',(1.,0.,-0.));
#9670 = DIRECTION('',(0.,0.,1.));
#9671 = ADVANCED_FACE('',(#9672),#9688,.F.);
#9672 = FACE_BOUND('',#9673,.F.);
#9673 = EDGE_LOOP('',(#9674,#9680,#9681,#9687));
#9674 = ORIENTED_EDGE('',*,*,#9675,.F.);
#9675 = EDGE_CURVE('',#9596,#9636,#9676,.T.);
#9676 = LINE('',#9677,#9678);
#9677 = CARTESIAN_POINT('',(1.12395E+03,82.55,0.));
#9678 = VECTOR('',#9679,1.);
#9679 = DIRECTION('',(1.,0.,-0.));
#9680 = ORIENTED_EDGE('',*,*,#9595,.T.);
#9681 = ORIENTED_EDGE('',*,*,#9682,.T.);
#9682 = EDGE_CURVE('',#9598,#9638,#9683,.T.);
#9683 = LINE('',#9684,#9685);
#9684 = CARTESIAN_POINT('',(1.12395E+03,82.55,457.2));
#9685 = VECTOR('',#9686,1.);
#9686 = DIRECTION('',(1.,0.,-0.));
#9687 = ORIENTED_EDGE('',*,*,#9635,.F.);
#9688 = PLANE('',#9689);
#9689 = AXIS2_PLACEMENT_3D('',#9690,#9691,#9692);
#9690 = CARTESIAN_POINT('',(1.12395E+03,82.55,0.));
#9691 = DIRECTION('',(-0.,1.,0.));
#9692 = DIRECTION('',(0.,0.,1.));
#9693 = ADVANCED_FACE('',(#9694),#9710,.T.);
#9694 = FACE_BOUND('',#9695,.T.);
#9695 = EDGE_LOOP('',(#9696,#9702,#9703,#9709));
#9696 = ORIENTED_EDGE('',*,*,#9697,.F.);
#9697 = EDGE_CURVE('',#9606,#9646,#9698,.T.);
#9698 = LINE('',#9699,#9700);
#9699 = CARTESIAN_POINT('',(1.12395E+03,539.75,0.));
#9700 = VECTOR('',#9701,1.);
#9701 = DIRECTION('',(1.,0.,-0.));
#9702 = ORIENTED_EDGE('',*,*,#9613,.T.);
#9703 = ORIENTED_EDGE('',*,*,#9704,.T.);
#9704 = EDGE_CURVE('',#9614,#9654,#9705,.T.);
#9705 = LINE('',#9706,#9707);
#9706 = CARTESIAN_POINT('',(1.12395E+03,539.75,457.2));
#9707 = VECTOR('',#9708,1.);
#9708 = DIRECTION('',(1.,0.,-0.));
#9709 = ORIENTED_EDGE('',*,*,#9653,.F.);
#9710 = PLANE('',#9711);
#9711 = AXIS2_PLACEMENT_3D('',#9712,#9713,#9714);
#9712 = CARTESIAN_POINT('',(1.12395E+03,539.75,0.));
#9713 = DIRECTION('',(-0.,1.,0.));
#9714 = DIRECTION('',(0.,0.,1.));
#9715 = ADVANCED_FACE('',(#9716),#9722,.F.);
#9716 = FACE_BOUND('',#9717,.F.);
#9717 = EDGE_LOOP('',(#9718,#9719,#9720,#9721));
#9718 = ORIENTED_EDGE('',*,*,#9605,.F.);
#9719 = ORIENTED_EDGE('',*,*,#9675,.T.);
#9720 = ORIENTED_EDGE('',*,*,#9645,.T.);
#9721 = ORIENTED_EDGE('',*,*,#9697,.F.);
#9722 = PLANE('',#9723);
#9723 = AXIS2_PLACEMENT_3D('',#9724,#9725,#9726);
#9724 = CARTESIAN_POINT('',(1.12395E+03,82.55,0.));
#9725 = DIRECTION('',(0.,0.,1.));
#9726 = DIRECTION('',(1.,0.,-0.));
#9727 = ADVANCED_FACE('',(#9728),#9734,.T.);
#9728 = FACE_BOUND('',#9729,.T.);
#9729 = EDGE_LOOP('',(#9730,#9731,#9732,#9733));
#9730 = ORIENTED_EDGE('',*,*,#9621,.F.);
#9731 = ORIENTED_EDGE('',*,*,#9682,.T.);
#9732 = ORIENTED_EDGE('',*,*,#9661,.T.);
#9733 = ORIENTED_EDGE('',*,*,#9704,.F.);
#9734 = PLANE('',#9735);
#9735 = AXIS2_PLACEMENT_3D('',#9736,#9737,#9738);
#9736 = CARTESIAN_POINT('',(1.12395E+03,82.55,457.2));
#9737 = DIRECTION('',(0.,0.,1.));
#9738 = DIRECTION('',(1.,0.,-0.));
#9739 = ( GEOMETRIC_REPRESENTATION_CONTEXT(3) 
GLOBAL_UNCERTAINTY_ASSIGNED_CONTEXT((#9743)) 
GLOBAL_UNIT_ASSIGNED_CONTEXT((#9740,#9741,#9742)) REPRESENTATION_CONTEXT
('Context #1','3D Context with UNIT and UNCERTAINTY') );
#9740 = ( LENGTH_UNIT() NAMED_UNIT(*) SI_UNIT(.MILLI.,.METRE.) );
#9741 = ( NAMED_UNIT(*) PLANE_ANGLE_UNIT() SI_UNIT($,.RADIAN.) );
#9742 = ( NAMED_UNIT(*) SI_UNIT($,.STERADIAN.) SOLID_ANGLE_UNIT() );
#9743 = UNCERTAINTY_MEASURE_WITH_UNIT(LENGTH_MEASURE(1.E-07),#9740,
  'distance_accuracy_value','confusion accuracy');
#9744 = CONTEXT_DEPENDENT_SHAPE_REPRESENTATION(#9745,#9747);
#9745 = ( REPRESENTATION_RELATIONSHIP('','',#9588,#10) 
REPRESENTATION_RELATIONSHIP_WITH_TRANSFORMATION(#9746) 
SHAPE_REPRESENTATION_RELATIONSHIP() );
#9746 = ITEM_DEFINED_TRANSFORMATION('','',#11,#55);
#9747 = PRODUCT_DEFINITION_SHAPE('Placement','Placement of an item',
  #9748);
#9748 = NEXT_ASSEMBLY_USAGE_OCCURRENCE('11','F005_Planter_1','',#5,#9583
  ,$);
#9749 = PRODUCT_RELATED_PRODUCT_CATEGORY('part',$,(#9585));
#9750 = SHAPE_DEFINITION_REPRESENTATION(#9751,#9757);
#9751 = PRODUCT_DEFINITION_SHAPE('','',#9752);
#9752 = PRODUCT_DEFINITION('design','',#9753,#9756);
#9753 = PRODUCT_DEFINITION_FORMATION('','',#9754);
#9754 = PRODUCT('H007_Stone_1','H007_Stone_1','',(#9755));
#9755 = PRODUCT_CONTEXT('',#2,'mechanical');
#9756 = PRODUCT_DEFINITION_CONTEXT('part definition',#2,'design');
#9757 = ADVANCED_BREP_SHAPE_REPRESENTATION('',(#11,#9758),#9908);
#9758 = MANIFOLD_SOLID_BREP('',#9759);
#9759 = CLOSED_SHELL('',(#9760,#9800,#9840,#9862,#9884,#9896));
#9760 = ADVANCED_FACE('',(#9761),#9795,.F.);
#9761 = FACE_BOUND('',#9762,.F.);
#9762 = EDGE_LOOP('',(#9763,#9773,#9781,#9789));
#9763 = ORIENTED_EDGE('',*,*,#9764,.F.);
#9764 = EDGE_CURVE('',#9765,#9767,#9769,.T.);
#9765 = VERTEX_POINT('',#9766);
#9766 = CARTESIAN_POINT('',(1.14935E+03,107.95,6.35));
#9767 = VERTEX_POINT('',#9768);
#9768 = CARTESIAN_POINT('',(1.14935E+03,107.95,107.95));
#9769 = LINE('',#9770,#9771);
#9770 = CARTESIAN_POINT('',(1.14935E+03,107.95,6.35));
#9771 = VECTOR('',#9772,1.);
#9772 = DIRECTION('',(0.,0.,1.));
#9773 = ORIENTED_EDGE('',*,*,#9774,.T.);
#9774 = EDGE_CURVE('',#9765,#9775,#9777,.T.);
#9775 = VERTEX_POINT('',#9776);
#9776 = CARTESIAN_POINT('',(1.14935E+03,514.35,6.35));
#9777 = LINE('',#9778,#9779);
#9778 = CARTESIAN_POINT('',(1.14935E+03,107.95,6.35));
#9779 = VECTOR('',#9780,1.);
#9780 = DIRECTION('',(-0.,1.,0.));
#9781 = ORIENTED_EDGE('',*,*,#9782,.T.);
#9782 = EDGE_CURVE('',#9775,#9783,#9785,.T.);
#9783 = VERTEX_POINT('',#9784);
#9784 = CARTESIAN_POINT('',(1.14935E+03,514.35,107.95));
#9785 = LINE('',#9786,#9787);
#9786 = CARTESIAN_POINT('',(1.14935E+03,514.35,6.35));
#9787 = VECTOR('',#9788,1.);
#9788 = DIRECTION('',(0.,0.,1.));
#9789 = ORIENTED_EDGE('',*,*,#9790,.F.);
#9790 = EDGE_CURVE('',#9767,#9783,#9791,.T.);
#9791 = LINE('',#9792,#9793);
#9792 = CARTESIAN_POINT('',(1.14935E+03,107.95,107.95));
#9793 = VECTOR('',#9794,1.);
#9794 = DIRECTION('',(-0.,1.,0.));
#9795 = PLANE('',#9796);
#9796 = AXIS2_PLACEMENT_3D('',#9797,#9798,#9799);
#9797 = CARTESIAN_POINT('',(1.14935E+03,107.95,6.35));
#9798 = DIRECTION('',(1.,0.,-0.));
#9799 = DIRECTION('',(0.,0.,1.));
#9800 = ADVANCED_FACE('',(#9801),#9835,.T.);
#9801 = FACE_BOUND('',#9802,.T.);
#9802 = EDGE_LOOP('',(#9803,#9813,#9821,#9829));
#9803 = ORIENTED_EDGE('',*,*,#9804,.F.);
#9804 = EDGE_CURVE('',#9805,#9807,#9809,.T.);
#9805 = VERTEX_POINT('',#9806);
#9806 = CARTESIAN_POINT('',(2.21615E+03,107.95,6.35));
#9807 = VERTEX_POINT('',#9808);
#9808 = CARTESIAN_POINT('',(2.21615E+03,107.95,107.95));
#9809 = LINE('',#9810,#9811);
#9810 = CARTESIAN_POINT('',(2.21615E+03,107.95,6.35));
#9811 = VECTOR('',#9812,1.);
#9812 = DIRECTION('',(0.,0.,1.));
#9813 = ORIENTED_EDGE('',*,*,#9814,.T.);
#9814 = EDGE_CURVE('',#9805,#9815,#9817,.T.);
#9815 = VERTEX_POINT('',#9816);
#9816 = CARTESIAN_POINT('',(2.21615E+03,514.35,6.35));
#9817 = LINE('',#9818,#9819);
#9818 = CARTESIAN_POINT('',(2.21615E+03,107.95,6.35));
#9819 = VECTOR('',#9820,1.);
#9820 = DIRECTION('',(-0.,1.,0.));
#9821 = ORIENTED_EDGE('',*,*,#9822,.T.);
#9822 = EDGE_CURVE('',#9815,#9823,#9825,.T.);
#9823 = VERTEX_POINT('',#9824);
#9824 = CARTESIAN_POINT('',(2.21615E+03,514.35,107.95));
#9825 = LINE('',#9826,#9827);
#9826 = CARTESIAN_POINT('',(2.21615E+03,514.35,6.35));
#9827 = VECTOR('',#9828,1.);
#9828 = DIRECTION('',(0.,0.,1.));
#9829 = ORIENTED_EDGE('',*,*,#9830,.F.);
#9830 = EDGE_CURVE('',#9807,#9823,#9831,.T.);
#9831 = LINE('',#9832,#9833);
#9832 = CARTESIAN_POINT('',(2.21615E+03,107.95,107.95));
#9833 = VECTOR('',#9834,1.);
#9834 = DIRECTION('',(-0.,1.,0.));
#9835 = PLANE('',#9836);
#9836 = AXIS2_PLACEMENT_3D('',#9837,#9838,#9839);
#9837 = CARTESIAN_POINT('',(2.21615E+03,107.95,6.35));
#9838 = DIRECTION('',(1.,0.,-0.));
#9839 = DIRECTION('',(0.,0.,1.));
#9840 = ADVANCED_FACE('',(#9841),#9857,.F.);
#9841 = FACE_BOUND('',#9842,.F.);
#9842 = EDGE_LOOP('',(#9843,#9849,#9850,#9856));
#9843 = ORIENTED_EDGE('',*,*,#9844,.F.);
#9844 = EDGE_CURVE('',#9765,#9805,#9845,.T.);
#9845 = LINE('',#9846,#9847);
#9846 = CARTESIAN_POINT('',(1.14935E+03,107.95,6.35));
#9847 = VECTOR('',#9848,1.);
#9848 = DIRECTION('',(1.,0.,-0.));
#9849 = ORIENTED_EDGE('',*,*,#9764,.T.);
#9850 = ORIENTED_EDGE('',*,*,#9851,.T.);
#9851 = EDGE_CURVE('',#9767,#9807,#9852,.T.);
#9852 = LINE('',#9853,#9854);
#9853 = CARTESIAN_POINT('',(1.14935E+03,107.95,107.95));
#9854 = VECTOR('',#9855,1.);
#9855 = DIRECTION('',(1.,0.,-0.));
#9856 = ORIENTED_EDGE('',*,*,#9804,.F.);
#9857 = PLANE('',#9858);
#9858 = AXIS2_PLACEMENT_3D('',#9859,#9860,#9861);
#9859 = CARTESIAN_POINT('',(1.14935E+03,107.95,6.35));
#9860 = DIRECTION('',(-0.,1.,0.));
#9861 = DIRECTION('',(0.,0.,1.));
#9862 = ADVANCED_FACE('',(#9863),#9879,.T.);
#9863 = FACE_BOUND('',#9864,.T.);
#9864 = EDGE_LOOP('',(#9865,#9871,#9872,#9878));
#9865 = ORIENTED_EDGE('',*,*,#9866,.F.);
#9866 = EDGE_CURVE('',#9775,#9815,#9867,.T.);
#9867 = LINE('',#9868,#9869);
#9868 = CARTESIAN_POINT('',(1.14935E+03,514.35,6.35));
#9869 = VECTOR('',#9870,1.);
#9870 = DIRECTION('',(1.,0.,-0.));
#9871 = ORIENTED_EDGE('',*,*,#9782,.T.);
#9872 = ORIENTED_EDGE('',*,*,#9873,.T.);
#9873 = EDGE_CURVE('',#9783,#9823,#9874,.T.);
#9874 = LINE('',#9875,#9876);
#9875 = CARTESIAN_POINT('',(1.14935E+03,514.35,107.95));
#9876 = VECTOR('',#9877,1.);
#9877 = DIRECTION('',(1.,0.,-0.));
#9878 = ORIENTED_EDGE('',*,*,#9822,.F.);
#9879 = PLANE('',#9880);
#9880 = AXIS2_PLACEMENT_3D('',#9881,#9882,#9883);
#9881 = CARTESIAN_POINT('',(1.14935E+03,514.35,6.35));
#9882 = DIRECTION('',(-0.,1.,0.));
#9883 = DIRECTION('',(0.,0.,1.));
#9884 = ADVANCED_FACE('',(#9885),#9891,.F.);
#9885 = FACE_BOUND('',#9886,.F.);
#9886 = EDGE_LOOP('',(#9887,#9888,#9889,#9890));
#9887 = ORIENTED_EDGE('',*,*,#9774,.F.);
#9888 = ORIENTED_EDGE('',*,*,#9844,.T.);
#9889 = ORIENTED_EDGE('',*,*,#9814,.T.);
#9890 = ORIENTED_EDGE('',*,*,#9866,.F.);
#9891 = PLANE('',#9892);
#9892 = AXIS2_PLACEMENT_3D('',#9893,#9894,#9895);
#9893 = CARTESIAN_POINT('',(1.14935E+03,107.95,6.35));
#9894 = DIRECTION('',(0.,0.,1.));
#9895 = DIRECTION('',(1.,0.,-0.));
#9896 = ADVANCED_FACE('',(#9897),#9903,.T.);
#9897 = FACE_BOUND('',#9898,.T.);
#9898 = EDGE_LOOP('',(#9899,#9900,#9901,#9902));
#9899 = ORIENTED_EDGE('',*,*,#9790,.F.);
#9900 = ORIENTED_EDGE('',*,*,#9851,.T.);
#9901 = ORIENTED_EDGE('',*,*,#9830,.T.);
#9902 = ORIENTED_EDGE('',*,*,#9873,.F.);
#9903 = PLANE('',#9904);
#9904 = AXIS2_PLACEMENT_3D('',#9905,#9906,#9907);
#9905 = CARTESIAN_POINT('',(1.14935E+03,107.95,107.95));
#9906 = DIRECTION('',(0.,0.,1.));
#9907 = DIRECTION('',(1.,0.,-0.));
#9908 = ( GEOMETRIC_REPRESENTATION_CONTEXT(3) 
GLOBAL_UNCERTAINTY_ASSIGNED_CONTEXT((#9912)) 
GLOBAL_UNIT_ASSIGNED_CONTEXT((#9909,#9910,#9911)) REPRESENTATION_CONTEXT
('Context #1','3D Context with UNIT and UNCERTAINTY') );
#9909 = ( LENGTH_UNIT() NAMED_UNIT(*) SI_UNIT(.MILLI.,.METRE.) );
#9910 = ( NAMED_UNIT(*) PLANE_ANGLE_UNIT() SI_UNIT($,.RADIAN.) );
#9911 = ( NAMED_UNIT(*) SI_UNIT($,.STERADIAN.) SOLID_ANGLE_UNIT() );
#9912 = UNCERTAINTY_MEASURE_WITH_UNIT(LENGTH_MEASURE(1.E-07),#9909,
  'distance_accuracy_value','confusion accuracy');
#9913 = CONTEXT_DEPENDENT_SHAPE_REPRESENTATION(#9914,#9916);
#9914 = ( REPRESENTATION_RELATIONSHIP('','',#9757,#10) 
REPRESENTATION_RELATIONSHIP_WITH_TRANSFORMATION(#9915) 
SHAPE_REPRESENTATION_RELATIONSHIP() );
#9915 = ITEM_DEFINED_TRANSFORMATION('','',#11,#59);
#9916 = PRODUCT_DEFINITION_SHAPE('Placement','Placement of an item',
  #9917);
#9917 = NEXT_ASSEMBLY_USAGE_OCCURRENCE('12','H007_Stone_1','',#5,#9752,$
  );
#9918 = PRODUCT_RELATED_PRODUCT_CATEGORY('part',$,(#9754));
#9919 = SHAPE_DEFINITION_REPRESENTATION(#9920,#9926);
#9920 = PRODUCT_DEFINITION_SHAPE('','',#9921);
#9921 = PRODUCT_DEFINITION('design','',#9922,#9925);
#9922 = PRODUCT_DEFINITION_FORMATION('','',#9923);
#9923 = PRODUCT('F005_Planter_2','F005_Planter_2','',(#9924));
#9924 = PRODUCT_CONTEXT('',#2,'mechanical');
#9925 = PRODUCT_DEFINITION_CONTEXT('part definition',#2,'design');
#9926 = ADVANCED_BREP_SHAPE_REPRESENTATION('',(#11,#9927),#10077);
#9927 = MANIFOLD_SOLID_BREP('',#9928);
#9928 = CLOSED_SHELL('',(#9929,#9969,#10009,#10031,#10053,#10065));
#9929 = ADVANCED_FACE('',(#9930),#9964,.F.);
#9930 = FACE_BOUND('',#9931,.F.);
#9931 = EDGE_LOOP('',(#9932,#9942,#9950,#9958));
#9932 = ORIENTED_EDGE('',*,*,#9933,.F.);
#9933 = EDGE_CURVE('',#9934,#9936,#9938,.T.);
#9934 = VERTEX_POINT('',#9935);
#9935 = CARTESIAN_POINT('',(2.39395E+03,82.55,0.));
#9936 = VERTEX_POINT('',#9937);
#9937 = CARTESIAN_POINT('',(2.39395E+03,82.55,457.2));
#9938 = LINE('',#9939,#9940);
#9939 = CARTESIAN_POINT('',(2.39395E+03,82.55,0.));
#9940 = VECTOR('',#9941,1.);
#9941 = DIRECTION('',(0.,0.,1.));
#9942 = ORIENTED_EDGE('',*,*,#9943,.T.);
#9943 = EDGE_CURVE('',#9934,#9944,#9946,.T.);
#9944 = VERTEX_POINT('',#9945);
#9945 = CARTESIAN_POINT('',(2.39395E+03,539.75,0.));
#9946 = LINE('',#9947,#9948);
#9947 = CARTESIAN_POINT('',(2.39395E+03,82.55,0.));
#9948 = VECTOR('',#9949,1.);
#9949 = DIRECTION('',(-0.,1.,0.));
#9950 = ORIENTED_EDGE('',*,*,#9951,.T.);
#9951 = EDGE_CURVE('',#9944,#9952,#9954,.T.);
#9952 = VERTEX_POINT('',#9953);
#9953 = CARTESIAN_POINT('',(2.39395E+03,539.75,457.2));
#9954 = LINE('',#9955,#9956);
#9955 = CARTESIAN_POINT('',(2.39395E+03,539.75,0.));
#9956 = VECTOR('',#9957,1.);
#9957 = DIRECTION('',(0.,0.,1.));
#9958 = ORIENTED_EDGE('',*,*,#9959,.F.);
#9959 = EDGE_CURVE('',#9936,#9952,#9960,.T.);
#9960 = LINE('',#9961,#9962);
#9961 = CARTESIAN_POINT('',(2.39395E+03,82.55,457.2));
#9962 = VECTOR('',#9963,1.);
#9963 = DIRECTION('',(-0.,1.,0.));
#9964 = PLANE('',#9965);
#9965 = AXIS2_PLACEMENT_3D('',#9966,#9967,#9968);
#9966 = CARTESIAN_POINT('',(2.39395E+03,82.55,0.));
#9967 = DIRECTION('',(1.,0.,-0.));
#9968 = DIRECTION('',(0.,0.,1.));
#9969 = ADVANCED_FACE('',(#9970),#10004,.T.);
#9970 = FACE_BOUND('',#9971,.T.);
#9971 = EDGE_LOOP('',(#9972,#9982,#9990,#9998));
#9972 = ORIENTED_EDGE('',*,*,#9973,.F.);
#9973 = EDGE_CURVE('',#9974,#9976,#9978,.T.);
#9974 = VERTEX_POINT('',#9975);
#9975 = CARTESIAN_POINT('',(3.51155E+03,82.55,0.));
#9976 = VERTEX_POINT('',#9977);
#9977 = CARTESIAN_POINT('',(3.51155E+03,82.55,457.2));
#9978 = LINE('',#9979,#9980);
#9979 = CARTESIAN_POINT('',(3.51155E+03,82.55,0.));
#9980 = VECTOR('',#9981,1.);
#9981 = DIRECTION('',(0.,0.,1.));
#9982 = ORIENTED_EDGE('',*,*,#9983,.T.);
#9983 = EDGE_CURVE('',#9974,#9984,#9986,.T.);
#9984 = VERTEX_POINT('',#9985);
#9985 = CARTESIAN_POINT('',(3.51155E+03,539.75,0.));
#9986 = LINE('',#9987,#9988);
#9987 = CARTESIAN_POINT('',(3.51155E+03,82.55,0.));
#9988 = VECTOR('',#9989,1.);
#9989 = DIRECTION('',(-0.,1.,0.));
#9990 = ORIENTED_EDGE('',*,*,#9991,.T.);
#9991 = EDGE_CURVE('',#9984,#9992,#9994,.T.);
#9992 = VERTEX_POINT('',#9993);
#9993 = CARTESIAN_POINT('',(3.51155E+03,539.75,457.2));
#9994 = LINE('',#9995,#9996);
#9995 = CARTESIAN_POINT('',(3.51155E+03,539.75,0.));
#9996 = VECTOR('',#9997,1.);
#9997 = DIRECTION('',(0.,0.,1.));
#9998 = ORIENTED_EDGE('',*,*,#9999,.F.);
#9999 = EDGE_CURVE('',#9976,#9992,#10000,.T.);
#10000 = LINE('',#10001,#10002);
#10001 = CARTESIAN_POINT('',(3.51155E+03,82.55,457.2));
#10002 = VECTOR('',#10003,1.);
#10003 = DIRECTION('',(-0.,1.,0.));
#10004 = PLANE('',#10005);
#10005 = AXIS2_PLACEMENT_3D('',#10006,#10007,#10008);
#10006 = CARTESIAN_POINT('',(3.51155E+03,82.55,0.));
#10007 = DIRECTION('',(1.,0.,-0.));
#10008 = DIRECTION('',(0.,0.,1.));
#10009 = ADVANCED_FACE('',(#10010),#10026,.F.);
#10010 = FACE_BOUND('',#10011,.F.);
#10011 = EDGE_LOOP('',(#10012,#10018,#10019,#10025));
#10012 = ORIENTED_EDGE('',*,*,#10013,.F.);
#10013 = EDGE_CURVE('',#9934,#9974,#10014,.T.);
#10014 = LINE('',#10015,#10016);
#10015 = CARTESIAN_POINT('',(2.39395E+03,82.55,0.));
#10016 = VECTOR('',#10017,1.);
#10017 = DIRECTION('',(1.,0.,-0.));
#10018 = ORIENTED_EDGE('',*,*,#9933,.T.);
#10019 = ORIENTED_EDGE('',*,*,#10020,.T.);
#10020 = EDGE_CURVE('',#9936,#9976,#10021,.T.);
#10021 = LINE('',#10022,#10023);
#10022 = CARTESIAN_POINT('',(2.39395E+03,82.55,457.2));
#10023 = VECTOR('',#10024,1.);
#10024 = DIRECTION('',(1.,0.,-0.));
#10025 = ORIENTED_EDGE('',*,*,#9973,.F.);
#10026 = PLANE('',#10027);
#10027 = AXIS2_PLACEMENT_3D('',#10028,#10029,#10030);
#10028 = CARTESIAN_POINT('',(2.39395E+03,82.55,0.));
#10029 = DIRECTION('',(-0.,1.,0.));
#10030 = DIRECTION('',(0.,0.,1.));
#10031 = ADVANCED_FACE('',(#10032),#10048,.T.);
#10032 = FACE_BOUND('',#10033,.T.);
#10033 = EDGE_LOOP('',(#10034,#10040,#10041,#10047));
#10034 = ORIENTED_EDGE('',*,*,#10035,.F.);
#10035 = EDGE_CURVE('',#9944,#9984,#10036,.T.);
#10036 = LINE('',#10037,#10038);
#10037 = CARTESIAN_POINT('',(2.39395E+03,539.75,0.));
#10038 = VECTOR('',#10039,1.);
#10039 = DIRECTION('',(1.,0.,-0.));
#10040 = ORIENTED_EDGE('',*,*,#9951,.T.);
#10041 = ORIENTED_EDGE('',*,*,#10042,.T.);
#10042 = EDGE_CURVE('',#9952,#9992,#10043,.T.);
#10043 = LINE('',#10044,#10045);
#10044 = CARTESIAN_POINT('',(2.39395E+03,539.75,457.2));
#10045 = VECTOR('',#10046,1.);
#10046 = DIRECTION('',(1.,0.,-0.));
#10047 = ORIENTED_EDGE('',*,*,#9991,.F.);
#10048 = PLANE('',#10049);
#10049 = AXIS2_PLACEMENT_3D('',#10050,#10051,#10052);
#10050 = CARTESIAN_POINT('',(2.39395E+03,539.75,0.));
#10051 = DIRECTION('',(-0.,1.,0.));
#10052 = DIRECTION('',(0.,0.,1.));
#10053 = ADVANCED_FACE('',(#10054),#10060,.F.);
#10054 = FACE_BOUND('',#10055,.F.);
#10055 = EDGE_LOOP('',(#10056,#10057,#10058,#10059));
#10056 = ORIENTED_EDGE('',*,*,#9943,.F.);
#10057 = ORIENTED_EDGE('',*,*,#10013,.T.);
#10058 = ORIENTED_EDGE('',*,*,#9983,.T.);
#10059 = ORIENTED_EDGE('',*,*,#10035,.F.);
#10060 = PLANE('',#10061);
#10061 = AXIS2_PLACEMENT_3D('',#10062,#10063,#10064);
#10062 = CARTESIAN_POINT('',(2.39395E+03,82.55,0.));
#10063 = DIRECTION('',(0.,0.,1.));
#10064 = DIRECTION('',(1.,0.,-0.));
#10065 = ADVANCED_FACE('',(#10066),#10072,.T.);
#10066 = FACE_BOUND('',#10067,.T.);
#10067 = EDGE_LOOP('',(#10068,#10069,#10070,#10071));
#10068 = ORIENTED_EDGE('',*,*,#9959,.F.);
#10069 = ORIENTED_EDGE('',*,*,#10020,.T.);
#10070 = ORIENTED_EDGE('',*,*,#9999,.T.);
#10071 = ORIENTED_EDGE('',*,*,#10042,.F.);
#10072 = PLANE('',#10073);
#10073 = AXIS2_PLACEMENT_3D('',#10074,#10075,#10076);
#10074 = CARTESIAN_POINT('',(2.39395E+03,82.55,457.2));
#10075 = DIRECTION('',(0.,0.,1.));
#10076 = DIRECTION('',(1.,0.,-0.));
#10077 = ( GEOMETRIC_REPRESENTATION_CONTEXT(3) 
GLOBAL_UNCERTAINTY_ASSIGNED_CONTEXT((#10081)) 
GLOBAL_UNIT_ASSIGNED_CONTEXT((#10078,#10079,#10080)) 
REPRESENTATION_CONTEXT('Context #1',
  '3D Context with UNIT and UNCERTAINTY') );
#10078 = ( LENGTH_UNIT() NAMED_UNIT(*) SI_UNIT(.MILLI.,.METRE.) );
#10079 = ( NAMED_UNIT(*) PLANE_ANGLE_UNIT() SI_UNIT($,.RADIAN.) );
#10080 = ( NAMED_UNIT(*) SI_UNIT($,.STERADIAN.) SOLID_ANGLE_UNIT() );
#10081 = UNCERTAINTY_MEASURE_WITH_UNIT(LENGTH_MEASURE(1.E-07),#10078,
  'distance_accuracy_value','confusion accuracy');
#10082 = CONTEXT_DEPENDENT_SHAPE_REPRESENTATION(#10083,#10085);
#10083 = ( REPRESENTATION_RELATIONSHIP('','',#9926,#10) 
REPRESENTATION_RELATIONSHIP_WITH_TRANSFORMATION(#10084) 
SHAPE_REPRESENTATION_RELATIONSHIP() );
#10084 = ITEM_DEFINED_TRANSFORMATION('','',#11,#63);
#10085 = PRODUCT_DEFINITION_SHAPE('Placement','Placement of an item',
  #10086);
#10086 = NEXT_ASSEMBLY_USAGE_OCCURRENCE('13','F005_Planter_2','',#5,
  #9921,$);
#10087 = PRODUCT_RELATED_PRODUCT_CATEGORY('part',$,(#9923));
#10088 = SHAPE_DEFINITION_REPRESENTATION(#10089,#10095);
#10089 = PRODUCT_DEFINITION_SHAPE('','',#10090);
#10090 = PRODUCT_DEFINITION('design','',#10091,#10094);
#10091 = PRODUCT_DEFINITION_FORMATION('','',#10092);
#10092 = PRODUCT('H007_Stone_2','H007_Stone_2','',(#10093));
#10093 = PRODUCT_CONTEXT('',#2,'mechanical');
#10094 = PRODUCT_DEFINITION_CONTEXT('part definition',#2,'design');
#10095 = ADVANCED_BREP_SHAPE_REPRESENTATION('',(#11,#10096),#10246);
#10096 = MANIFOLD_SOLID_BREP('',#10097);
#10097 = CLOSED_SHELL('',(#10098,#10138,#10178,#10200,#10222,#10234));
#10098 = ADVANCED_FACE('',(#10099),#10133,.F.);
#10099 = FACE_BOUND('',#10100,.F.);
#10100 = EDGE_LOOP('',(#10101,#10111,#10119,#10127));
#10101 = ORIENTED_EDGE('',*,*,#10102,.F.);
#10102 = EDGE_CURVE('',#10103,#10105,#10107,.T.);
#10103 = VERTEX_POINT('',#10104);
#10104 = CARTESIAN_POINT('',(2.41935E+03,107.95,6.35));
#10105 = VERTEX_POINT('',#10106);
#10106 = CARTESIAN_POINT('',(2.41935E+03,107.95,107.95));
#10107 = LINE('',#10108,#10109);
#10108 = CARTESIAN_POINT('',(2.41935E+03,107.95,6.35));
#10109 = VECTOR('',#10110,1.);
#10110 = DIRECTION('',(0.,0.,1.));
#10111 = ORIENTED_EDGE('',*,*,#10112,.T.);
#10112 = EDGE_CURVE('',#10103,#10113,#10115,.T.);
#10113 = VERTEX_POINT('',#10114);
#10114 = CARTESIAN_POINT('',(2.41935E+03,514.35,6.35));
#10115 = LINE('',#10116,#10117);
#10116 = CARTESIAN_POINT('',(2.41935E+03,107.95,6.35));
#10117 = VECTOR('',#10118,1.);
#10118 = DIRECTION('',(-0.,1.,0.));
#10119 = ORIENTED_EDGE('',*,*,#10120,.T.);
#10120 = EDGE_CURVE('',#10113,#10121,#10123,.T.);
#10121 = VERTEX_POINT('',#10122);
#10122 = CARTESIAN_POINT('',(2.41935E+03,514.35,107.95));
#10123 = LINE('',#10124,#10125);
#10124 = CARTESIAN_POINT('',(2.41935E+03,514.35,6.35));
#10125 = VECTOR('',#10126,1.);
#10126 = DIRECTION('',(0.,0.,1.));
#10127 = ORIENTED_EDGE('',*,*,#10128,.F.);
#10128 = EDGE_CURVE('',#10105,#10121,#10129,.T.);
#10129 = LINE('',#10130,#10131);
#10130 = CARTESIAN_POINT('',(2.41935E+03,107.95,107.95));
#10131 = VECTOR('',#10132,1.);
#10132 = DIRECTION('',(-0.,1.,0.));
#10133 = PLANE('',#10134);
#10134 = AXIS2_PLACEMENT_3D('',#10135,#10136,#10137);
#10135 = CARTESIAN_POINT('',(2.41935E+03,107.95,6.35));
#10136 = DIRECTION('',(1.,0.,-0.));
#10137 = DIRECTION('',(0.,0.,1.));
#10138 = ADVANCED_FACE('',(#10139),#10173,.T.);
#10139 = FACE_BOUND('',#10140,.T.);
#10140 = EDGE_LOOP('',(#10141,#10151,#10159,#10167));
#10141 = ORIENTED_EDGE('',*,*,#10142,.F.);
#10142 = EDGE_CURVE('',#10143,#10145,#10147,.T.);
#10143 = VERTEX_POINT('',#10144);
#10144 = CARTESIAN_POINT('',(3.48615E+03,107.95,6.35));
#10145 = VERTEX_POINT('',#10146);
#10146 = CARTESIAN_POINT('',(3.48615E+03,107.95,107.95));
#10147 = LINE('',#10148,#10149);
#10148 = CARTESIAN_POINT('',(3.48615E+03,107.95,6.35));
#10149 = VECTOR('',#10150,1.);
#10150 = DIRECTION('',(0.,0.,1.));
#10151 = ORIENTED_EDGE('',*,*,#10152,.T.);
#10152 = EDGE_CURVE('',#10143,#10153,#10155,.T.);
#10153 = VERTEX_POINT('',#10154);
#10154 = CARTESIAN_POINT('',(3.48615E+03,514.35,6.35));
#10155 = LINE('',#10156,#10157);
#10156 = CARTESIAN_POINT('',(3.48615E+03,107.95,6.35));
#10157 = VECTOR('',#10158,1.);
#10158 = DIRECTION('',(-0.,1.,0.));
#10159 = ORIENTED_EDGE('',*,*,#10160,.T.);
#10160 = EDGE_CURVE('',#10153,#10161,#10163,.T.);
#10161 = VERTEX_POINT('',#10162);
#10162 = CARTESIAN_POINT('',(3.48615E+03,514.35,107.95));
#10163 = LINE('',#10164,#10165);
#10164 = CARTESIAN_POINT('',(3.48615E+03,514.35,6.35));
#10165 = VECTOR('',#10166,1.);
#10166 = DIRECTION('',(0.,0.,1.));
#10167 = ORIENTED_EDGE('',*,*,#10168,.F.);
#10168 = EDGE_CURVE('',#10145,#10161,#10169,.T.);
#10169 = LINE('',#10170,#10171);
#10170 = CARTESIAN_POINT('',(3.48615E+03,107.95,107.95));
#10171 = VECTOR('',#10172,1.);
#10172 = DIRECTION('',(-0.,1.,0.));
#10173 = PLANE('',#10174);
#10174 = AXIS2_PLACEMENT_3D('',#10175,#10176,#10177);
#10175 = CARTESIAN_POINT('',(3.48615E+03,107.95,6.35));
#10176 = DIRECTION('',(1.,0.,-0.));
#10177 = DIRECTION('',(0.,0.,1.));
#10178 = ADVANCED_FACE('',(#10179),#10195,.F.);
#10179 = FACE_BOUND('',#10180,.F.);
#10180 = EDGE_LOOP('',(#10181,#10187,#10188,#10194));
#10181 = ORIENTED_EDGE('',*,*,#10182,.F.);
#10182 = EDGE_CURVE('',#10103,#10143,#10183,.T.);
#10183 = LINE('',#10184,#10185);
#10184 = CARTESIAN_POINT('',(2.41935E+03,107.95,6.35));
#10185 = VECTOR('',#10186,1.);
#10186 = DIRECTION('',(1.,0.,-0.));
#10187 = ORIENTED_EDGE('',*,*,#10102,.T.);
#10188 = ORIENTED_EDGE('',*,*,#10189,.T.);
#10189 = EDGE_CURVE('',#10105,#10145,#10190,.T.);
#10190 = LINE('',#10191,#10192);
#10191 = CARTESIAN_POINT('',(2.41935E+03,107.95,107.95));
#10192 = VECTOR('',#10193,1.);
#10193 = DIRECTION('',(1.,0.,-0.));
#10194 = ORIENTED_EDGE('',*,*,#10142,.F.);
#10195 = PLANE('',#10196);
#10196 = AXIS2_PLACEMENT_3D('',#10197,#10198,#10199);
#10197 = CARTESIAN_POINT('',(2.41935E+03,107.95,6.35));
#10198 = DIRECTION('',(-0.,1.,0.));
#10199 = DIRECTION('',(0.,0.,1.));
#10200 = ADVANCED_FACE('',(#10201),#10217,.T.);
#10201 = FACE_BOUND('',#10202,.T.);
#10202 = EDGE_LOOP('',(#10203,#10209,#10210,#10216));
#10203 = ORIENTED_EDGE('',*,*,#10204,.F.);
#10204 = EDGE_CURVE('',#10113,#10153,#10205,.T.);
#10205 = LINE('',#10206,#10207);
#10206 = CARTESIAN_POINT('',(2.41935E+03,514.35,6.35));
#10207 = VECTOR('',#10208,1.);
#10208 = DIRECTION('',(1.,0.,-0.));
#10209 = ORIENTED_EDGE('',*,*,#10120,.T.);
#10210 = ORIENTED_EDGE('',*,*,#10211,.T.);
#10211 = EDGE_CURVE('',#10121,#10161,#10212,.T.);
#10212 = LINE('',#10213,#10214);
#10213 = CARTESIAN_POINT('',(2.41935E+03,514.35,107.95));
#10214 = VECTOR('',#10215,1.);
#10215 = DIRECTION('',(1.,0.,-0.));
#10216 = ORIENTED_EDGE('',*,*,#10160,.F.);
#10217 = PLANE('',#10218);
#10218 = AXIS2_PLACEMENT_3D('',#10219,#10220,#10221);
#10219 = CARTESIAN_POINT('',(2.41935E+03,514.35,6.35));
#10220 = DIRECTION('',(-0.,1.,0.));
#10221 = DIRECTION('',(0.,0.,1.));
#10222 = ADVANCED_FACE('',(#10223),#10229,.F.);
#10223 = FACE_BOUND('',#10224,.F.);
#10224 = EDGE_LOOP('',(#10225,#10226,#10227,#10228));
#10225 = ORIENTED_EDGE('',*,*,#10112,.F.);
#10226 = ORIENTED_EDGE('',*,*,#10182,.T.);
#10227 = ORIENTED_EDGE('',*,*,#10152,.T.);
#10228 = ORIENTED_EDGE('',*,*,#10204,.F.);
#10229 = PLANE('',#10230);
#10230 = AXIS2_PLACEMENT_3D('',#10231,#10232,#10233);
#10231 = CARTESIAN_POINT('',(2.41935E+03,107.95,6.35));
#10232 = DIRECTION('',(0.,0.,1.));
#10233 = DIRECTION('',(1.,0.,-0.));
#10234 = ADVANCED_FACE('',(#10235),#10241,.T.);
#10235 = FACE_BOUND('',#10236,.T.);
#10236 = EDGE_LOOP('',(#10237,#10238,#10239,#10240));
#10237 = ORIENTED_EDGE('',*,*,#10128,.F.);
#10238 = ORIENTED_EDGE('',*,*,#10189,.T.);
#10239 = ORIENTED_EDGE('',*,*,#10168,.T.);
#10240 = ORIENTED_EDGE('',*,*,#10211,.F.);
#10241 = PLANE('',#10242);
#10242 = AXIS2_PLACEMENT_3D('',#10243,#10244,#10245);
#10243 = CARTESIAN_POINT('',(2.41935E+03,107.95,107.95));
#10244 = DIRECTION('',(0.,0.,1.));
#10245 = DIRECTION('',(1.,0.,-0.));
#10246 = ( GEOMETRIC_REPRESENTATION_CONTEXT(3) 
GLOBAL_UNCERTAINTY_ASSIGNED_CONTEXT((#10250)) 
GLOBAL_UNIT_ASSIGNED_CONTEXT((#10247,#10248,#10249)) 
REPRESENTATION_CONTEXT('Context #1',
  '3D Context with UNIT and UNCERTAINTY') );
#10247 = ( LENGTH_UNIT() NAMED_UNIT(*) SI_UNIT(.MILLI.,.METRE.) );
#10248 = ( NAMED_UNIT(*) PLANE_ANGLE_UNIT() SI_UNIT($,.RADIAN.) );
#10249 = ( NAMED_UNIT(*) SI_UNIT($,.STERADIAN.) SOLID_ANGLE_UNIT() );
#10250 = UNCERTAINTY_MEASURE_WITH_UNIT(LENGTH_MEASURE(1.E-07),#10247,
  'distance_accuracy_value','confusion accuracy');
#10251 = CONTEXT_DEPENDENT_SHAPE_REPRESENTATION(#10252,#10254);
#10252 = ( REPRESENTATION_RELATIONSHIP('','',#10095,#10) 
REPRESENTATION_RELATIONSHIP_WITH_TRANSFORMATION(#10253) 
SHAPE_REPRESENTATION_RELATIONSHIP() );
#10253 = ITEM_DEFINED_TRANSFORMATION('','',#11,#67);
#10254 = PRODUCT_DEFINITION_SHAPE('Placement','Placement of an item',
  #10255);
#10255 = NEXT_ASSEMBLY_USAGE_OCCURRENCE('14','H007_Stone_2','',#5,#10090
  ,$);
#10256 = PRODUCT_RELATED_PRODUCT_CATEGORY('part',$,(#10092));
#10257 = SHAPE_DEFINITION_REPRESENTATION(#10258,#10264);
#10258 = PRODUCT_DEFINITION_SHAPE('','',#10259);
#10259 = PRODUCT_DEFINITION('design','',#10260,#10263);
#10260 = PRODUCT_DEFINITION_FORMATION('','',#10261);
#10261 = PRODUCT('F006_Brace_P0','F006_Brace_P0','',(#10262));
#10262 = PRODUCT_CONTEXT('',#2,'mechanical');
#10263 = PRODUCT_DEFINITION_CONTEXT('part definition',#2,'design');
#10264 = ADVANCED_BREP_SHAPE_REPRESENTATION('',(#11,#10265),#10415);
#10265 = MANIFOLD_SOLID_BREP('',#10266);
#10266 = CLOSED_SHELL('',(#10267,#10307,#10347,#10369,#10391,#10403));
#10267 = ADVANCED_FACE('',(#10268),#10302,.F.);
#10268 = FACE_BOUND('',#10269,.F.);
#10269 = EDGE_LOOP('',(#10270,#10280,#10288,#10296));
#10270 = ORIENTED_EDGE('',*,*,#10271,.F.);
#10271 = EDGE_CURVE('',#10272,#10274,#10276,.T.);
#10272 = VERTEX_POINT('',#10273);
#10273 = CARTESIAN_POINT('',(25.4,-501.65,0.));
#10274 = VERTEX_POINT('',#10275);
#10275 = CARTESIAN_POINT('',(25.4,-501.65,646.5824));
#10276 = LINE('',#10277,#10278);
#10277 = CARTESIAN_POINT('',(25.4,-501.65,0.));
#10278 = VECTOR('',#10279,1.);
#10279 = DIRECTION('',(0.,0.,1.));
#10280 = ORIENTED_EDGE('',*,*,#10281,.T.);
#10281 = EDGE_CURVE('',#10272,#10282,#10284,.T.);
#10282 = VERTEX_POINT('',#10283);
#10283 = CARTESIAN_POINT('',(25.4,-412.75,0.));
#10284 = LINE('',#10285,#10286);
#10285 = CARTESIAN_POINT('',(25.4,-501.65,0.));
#10286 = VECTOR('',#10287,1.);
#10287 = DIRECTION('',(-0.,1.,0.));
#10288 = ORIENTED_EDGE('',*,*,#10289,.T.);
#10289 = EDGE_CURVE('',#10282,#10290,#10292,.T.);
#10290 = VERTEX_POINT('',#10291);
#10291 = CARTESIAN_POINT('',(25.4,-412.75,646.5824));
#10292 = LINE('',#10293,#10294);
#10293 = CARTESIAN_POINT('',(25.4,-412.75,0.));
#10294 = VECTOR('',#10295,1.);
#10295 = DIRECTION('',(0.,0.,1.));
#10296 = ORIENTED_EDGE('',*,*,#10297,.F.);
#10297 = EDGE_CURVE('',#10274,#10290,#10298,.T.);
#10298 = LINE('',#10299,#10300);
#10299 = CARTESIAN_POINT('',(25.4,-501.65,646.5824));
#10300 = VECTOR('',#10301,1.);
#10301 = DIRECTION('',(-0.,1.,0.));
#10302 = PLANE('',#10303);
#10303 = AXIS2_PLACEMENT_3D('',#10304,#10305,#10306);
#10304 = CARTESIAN_POINT('',(25.4,-501.65,0.));
#10305 = DIRECTION('',(1.,0.,-0.));
#10306 = DIRECTION('',(0.,0.,1.));
#10307 = ADVANCED_FACE('',(#10308),#10342,.T.);
#10308 = FACE_BOUND('',#10309,.T.);
#10309 = EDGE_LOOP('',(#10310,#10320,#10328,#10336));
#10310 = ORIENTED_EDGE('',*,*,#10311,.F.);
#10311 = EDGE_CURVE('',#10312,#10314,#10316,.T.);
#10312 = VERTEX_POINT('',#10313);
#10313 = CARTESIAN_POINT('',(63.5,-501.65,0.));
#10314 = VERTEX_POINT('',#10315);
#10315 = CARTESIAN_POINT('',(63.5,-501.65,646.5824));
#10316 = LINE('',#10317,#10318);
#10317 = CARTESIAN_POINT('',(63.5,-501.65,0.));
#10318 = VECTOR('',#10319,1.);
#10319 = DIRECTION('',(0.,0.,1.));
#10320 = ORIENTED_EDGE('',*,*,#10321,.T.);
#10321 = EDGE_CURVE('',#10312,#10322,#10324,.T.);
#10322 = VERTEX_POINT('',#10323);
#10323 = CARTESIAN_POINT('',(63.5,-412.75,0.));
#10324 = LINE('',#10325,#10326);
#10325 = CARTESIAN_POINT('',(63.5,-501.65,0.));
#10326 = VECTOR('',#10327,1.);
#10327 = DIRECTION('',(-0.,1.,0.));
#10328 = ORIENTED_EDGE('',*,*,#10329,.T.);
#10329 = EDGE_CURVE('',#10322,#10330,#10332,.T.);
#10330 = VERTEX_POINT('',#10331);
#10331 = CARTESIAN_POINT('',(63.5,-412.75,646.5824));
#10332 = LINE('',#10333,#10334);
#10333 = CARTESIAN_POINT('',(63.5,-412.75,0.));
#10334 = VECTOR('',#10335,1.);
#10335 = DIRECTION('',(0.,0.,1.));
#10336 = ORIENTED_EDGE('',*,*,#10337,.F.);
#10337 = EDGE_CURVE('',#10314,#10330,#10338,.T.);
#10338 = LINE('',#10339,#10340);
#10339 = CARTESIAN_POINT('',(63.5,-501.65,646.5824));
#10340 = VECTOR('',#10341,1.);
#10341 = DIRECTION('',(-0.,1.,0.));
#10342 = PLANE('',#10343);
#10343 = AXIS2_PLACEMENT_3D('',#10344,#10345,#10346);
#10344 = CARTESIAN_POINT('',(63.5,-501.65,0.));
#10345 = DIRECTION('',(1.,0.,-0.));
#10346 = DIRECTION('',(0.,0.,1.));
#10347 = ADVANCED_FACE('',(#10348),#10364,.F.);
#10348 = FACE_BOUND('',#10349,.F.);
#10349 = EDGE_LOOP('',(#10350,#10356,#10357,#10363));
#10350 = ORIENTED_EDGE('',*,*,#10351,.F.);
#10351 = EDGE_CURVE('',#10272,#10312,#10352,.T.);
#10352 = LINE('',#10353,#10354);
#10353 = CARTESIAN_POINT('',(25.4,-501.65,0.));
#10354 = VECTOR('',#10355,1.);
#10355 = DIRECTION('',(1.,0.,-0.));
#10356 = ORIENTED_EDGE('',*,*,#10271,.T.);
#10357 = ORIENTED_EDGE('',*,*,#10358,.T.);
#10358 = EDGE_CURVE('',#10274,#10314,#10359,.T.);
#10359 = LINE('',#10360,#10361);
#10360 = CARTESIAN_POINT('',(25.4,-501.65,646.5824));
#10361 = VECTOR('',#10362,1.);
#10362 = DIRECTION('',(1.,0.,-0.));
#10363 = ORIENTED_EDGE('',*,*,#10311,.F.);
#10364 = PLANE('',#10365);
#10365 = AXIS2_PLACEMENT_3D('',#10366,#10367,#10368);
#10366 = CARTESIAN_POINT('',(25.4,-501.65,0.));
#10367 = DIRECTION('',(-0.,1.,0.));
#10368 = DIRECTION('',(0.,0.,1.));
#10369 = ADVANCED_FACE('',(#10370),#10386,.T.);
#10370 = FACE_BOUND('',#10371,.T.);
#10371 = EDGE_LOOP('',(#10372,#10378,#10379,#10385));
#10372 = ORIENTED_EDGE('',*,*,#10373,.F.);
#10373 = EDGE_CURVE('',#10282,#10322,#10374,.T.);
#10374 = LINE('',#10375,#10376);
#10375 = CARTESIAN_POINT('',(25.4,-412.75,0.));
#10376 = VECTOR('',#10377,1.);
#10377 = DIRECTION('',(1.,0.,-0.));
#10378 = ORIENTED_EDGE('',*,*,#10289,.T.);
#10379 = ORIENTED_EDGE('',*,*,#10380,.T.);
#10380 = EDGE_CURVE('',#10290,#10330,#10381,.T.);
#10381 = LINE('',#10382,#10383);
#10382 = CARTESIAN_POINT('',(25.4,-412.75,646.5824));
#10383 = VECTOR('',#10384,1.);
#10384 = DIRECTION('',(1.,0.,-0.));
#10385 = ORIENTED_EDGE('',*,*,#10329,.F.);
#10386 = PLANE('',#10387);
#10387 = AXIS2_PLACEMENT_3D('',#10388,#10389,#10390);
#10388 = CARTESIAN_POINT('',(25.4,-412.75,0.));
#10389 = DIRECTION('',(-0.,1.,0.));
#10390 = DIRECTION('',(0.,0.,1.));
#10391 = ADVANCED_FACE('',(#10392),#10398,.F.);
#10392 = FACE_BOUND('',#10393,.F.);
#10393 = EDGE_LOOP('',(#10394,#10395,#10396,#10397));
#10394 = ORIENTED_EDGE('',*,*,#10281,.F.);
#10395 = ORIENTED_EDGE('',*,*,#10351,.T.);
#10396 = ORIENTED_EDGE('',*,*,#10321,.T.);
#10397 = ORIENTED_EDGE('',*,*,#10373,.F.);
#10398 = PLANE('',#10399);
#10399 = AXIS2_PLACEMENT_3D('',#10400,#10401,#10402);
#10400 = CARTESIAN_POINT('',(25.4,-501.65,0.));
#10401 = DIRECTION('',(0.,0.,1.));
#10402 = DIRECTION('',(1.,0.,-0.));
#10403 = ADVANCED_FACE('',(#10404),#10410,.T.);
#10404 = FACE_BOUND('',#10405,.T.);
#10405 = EDGE_LOOP('',(#10406,#10407,#10408,#10409));
#10406 = ORIENTED_EDGE('',*,*,#10297,.F.);
#10407 = ORIENTED_EDGE('',*,*,#10358,.T.);
#10408 = ORIENTED_EDGE('',*,*,#10337,.T.);
#10409 = ORIENTED_EDGE('',*,*,#10380,.F.);
#10410 = PLANE('',#10411);
#10411 = AXIS2_PLACEMENT_3D('',#10412,#10413,#10414);
#10412 = CARTESIAN_POINT('',(25.4,-501.65,646.5824));
#10413 = DIRECTION('',(0.,0.,1.));
#10414 = DIRECTION('',(1.,0.,-0.));
#10415 = ( GEOMETRIC_REPRESENTATION_CONTEXT(3) 
GLOBAL_UNCERTAINTY_ASSIGNED_CONTEXT((#10419)) 
GLOBAL_UNIT_ASSIGNED_CONTEXT((#10416,#10417,#10418)) 
REPRESENTATION_CONTEXT('Context #1',
  '3D Context with UNIT and UNCERTAINTY') );
#10416 = ( LENGTH_UNIT() NAMED_UNIT(*) SI_UNIT(.MILLI.,.METRE.) );
#10417 = ( NAMED_UNIT(*) PLANE_ANGLE_UNIT() SI_UNIT($,.RADIAN.) );
#10418 = ( NAMED_UNIT(*) SI_UNIT($,.STERADIAN.) SOLID_ANGLE_UNIT() );
#10419 = UNCERTAINTY_MEASURE_WITH_UNIT(LENGTH_MEASURE(1.E-07),#10416,
  'distance_accuracy_value','confusion accuracy');
#10420 = CONTEXT_DEPENDENT_SHAPE_REPRESENTATION(#10421,#10423);
#10421 = ( REPRESENTATION_RELATIONSHIP('','',#10264,#10) 
REPRESENTATION_RELATIONSHIP_WITH_TRANSFORMATION(#10422) 
SHAPE_REPRESENTATION_RELATIONSHIP() );
#10422 = ITEM_DEFINED_TRANSFORMATION('','',#11,#71);
#10423 = PRODUCT_DEFINITION_SHAPE('Placement','Placement of an item',
  #10424);
#10424 = NEXT_ASSEMBLY_USAGE_OCCURRENCE('15','F006_Brace_P0','',#5,
  #10259,$);
#10425 = PRODUCT_RELATED_PRODUCT_CATEGORY('part',$,(#10261));
#10426 = SHAPE_DEFINITION_REPRESENTATION(#10427,#10433);
#10427 = PRODUCT_DEFINITION_SHAPE('','',#10428);
#10428 = PRODUCT_DEFINITION('design','',#10429,#10432);
#10429 = PRODUCT_DEFINITION_FORMATION('','',#10430);
#10430 = PRODUCT('F006_Brace_P3','F006_Brace_P3','',(#10431));
#10431 = PRODUCT_CONTEXT('',#2,'mechanical');
#10432 = PRODUCT_DEFINITION_CONTEXT('part definition',#2,'design');
#10433 = ADVANCED_BREP_SHAPE_REPRESENTATION('',(#11,#10434),#10584);
#10434 = MANIFOLD_SOLID_BREP('',#10435);
#10435 = CLOSED_SHELL('',(#10436,#10476,#10516,#10538,#10560,#10572));
#10436 = ADVANCED_FACE('',(#10437),#10471,.F.);
#10437 = FACE_BOUND('',#10438,.F.);
#10438 = EDGE_LOOP('',(#10439,#10449,#10457,#10465));
#10439 = ORIENTED_EDGE('',*,*,#10440,.F.);
#10440 = EDGE_CURVE('',#10441,#10443,#10445,.T.);
#10441 = VERTEX_POINT('',#10442);
#10442 = CARTESIAN_POINT('',(3.5687E+03,-501.65,0.));
#10443 = VERTEX_POINT('',#10444);
#10444 = CARTESIAN_POINT('',(3.5687E+03,-501.65,646.5824));
#10445 = LINE('',#10446,#10447);
#10446 = CARTESIAN_POINT('',(3.5687E+03,-501.65,0.));
#10447 = VECTOR('',#10448,1.);
#10448 = DIRECTION('',(0.,0.,1.));
#10449 = ORIENTED_EDGE('',*,*,#10450,.T.);
#10450 = EDGE_CURVE('',#10441,#10451,#10453,.T.);
#10451 = VERTEX_POINT('',#10452);
#10452 = CARTESIAN_POINT('',(3.5687E+03,-412.75,0.));
#10453 = LINE('',#10454,#10455);
#10454 = CARTESIAN_POINT('',(3.5687E+03,-501.65,0.));
#10455 = VECTOR('',#10456,1.);
#10456 = DIRECTION('',(-0.,1.,0.));
#10457 = ORIENTED_EDGE('',*,*,#10458,.T.);
#10458 = EDGE_CURVE('',#10451,#10459,#10461,.T.);
#10459 = VERTEX_POINT('',#10460);
#10460 = CARTESIAN_POINT('',(3.5687E+03,-412.75,646.5824));
#10461 = LINE('',#10462,#10463);
#10462 = CARTESIAN_POINT('',(3.5687E+03,-412.75,0.));
#10463 = VECTOR('',#10464,1.);
#10464 = DIRECTION('',(0.,0.,1.));
#10465 = ORIENTED_EDGE('',*,*,#10466,.F.);
#10466 = EDGE_CURVE('',#10443,#10459,#10467,.T.);
#10467 = LINE('',#10468,#10469);
#10468 = CARTESIAN_POINT('',(3.5687E+03,-501.65,646.5824));
#10469 = VECTOR('',#10470,1.);
#10470 = DIRECTION('',(-0.,1.,0.));
#10471 = PLANE('',#10472);
#10472 = AXIS2_PLACEMENT_3D('',#10473,#10474,#10475);
#10473 = CARTESIAN_POINT('',(3.5687E+03,-501.65,0.));
#10474 = DIRECTION('',(1.,0.,-0.));
#10475 = DIRECTION('',(0.,0.,1.));
#10476 = ADVANCED_FACE('',(#10477),#10511,.T.);
#10477 = FACE_BOUND('',#10478,.T.);
#10478 = EDGE_LOOP('',(#10479,#10489,#10497,#10505));
#10479 = ORIENTED_EDGE('',*,*,#10480,.F.);
#10480 = EDGE_CURVE('',#10481,#10483,#10485,.T.);
#10481 = VERTEX_POINT('',#10482);
#10482 = CARTESIAN_POINT('',(3.6068E+03,-501.65,0.));
#10483 = VERTEX_POINT('',#10484);
#10484 = CARTESIAN_POINT('',(3.6068E+03,-501.65,646.5824));
#10485 = LINE('',#10486,#10487);
#10486 = CARTESIAN_POINT('',(3.6068E+03,-501.65,0.));
#10487 = VECTOR('',#10488,1.);
#10488 = DIRECTION('',(0.,0.,1.));
#10489 = ORIENTED_EDGE('',*,*,#10490,.T.);
#10490 = EDGE_CURVE('',#10481,#10491,#10493,.T.);
#10491 = VERTEX_POINT('',#10492);
#10492 = CARTESIAN_POINT('',(3.6068E+03,-412.75,0.));
#10493 = LINE('',#10494,#10495);
#10494 = CARTESIAN_POINT('',(3.6068E+03,-501.65,0.));
#10495 = VECTOR('',#10496,1.);
#10496 = DIRECTION('',(-0.,1.,0.));
#10497 = ORIENTED_EDGE('',*,*,#10498,.T.);
#10498 = EDGE_CURVE('',#10491,#10499,#10501,.T.);
#10499 = VERTEX_POINT('',#10500);
#10500 = CARTESIAN_POINT('',(3.6068E+03,-412.75,646.5824));
#10501 = LINE('',#10502,#10503);
#10502 = CARTESIAN_POINT('',(3.6068E+03,-412.75,0.));
#10503 = VECTOR('',#10504,1.);
#10504 = DIRECTION('',(0.,0.,1.));
#10505 = ORIENTED_EDGE('',*,*,#10506,.F.);
#10506 = EDGE_CURVE('',#10483,#10499,#10507,.T.);
#10507 = LINE('',#10508,#10509);
#10508 = CARTESIAN_POINT('',(3.6068E+03,-501.65,646.5824));
#10509 = VECTOR('',#10510,1.);
#10510 = DIRECTION('',(-0.,1.,0.));
#10511 = PLANE('',#10512);
#10512 = AXIS2_PLACEMENT_3D('',#10513,#10514,#10515);
#10513 = CARTESIAN_POINT('',(3.6068E+03,-501.65,0.));
#10514 = DIRECTION('',(1.,0.,-0.));
#10515 = DIRECTION('',(0.,0.,1.));
#10516 = ADVANCED_FACE('',(#10517),#10533,.F.);
#10517 = FACE_BOUND('',#10518,.F.);
#10518 = EDGE_LOOP('',(#10519,#10525,#10526,#10532));
#10519 = ORIENTED_EDGE('',*,*,#10520,.F.);
#10520 = EDGE_CURVE('',#10441,#10481,#10521,.T.);
#10521 = LINE('',#10522,#10523);
#10522 = CARTESIAN_POINT('',(3.5687E+03,-501.65,0.));
#10523 = VECTOR('',#10524,1.);
#10524 = DIRECTION('',(1.,0.,-0.));
#10525 = ORIENTED_EDGE('',*,*,#10440,.T.);
#10526 = ORIENTED_EDGE('',*,*,#10527,.T.);
#10527 = EDGE_CURVE('',#10443,#10483,#10528,.T.);
#10528 = LINE('',#10529,#10530);
#10529 = CARTESIAN_POINT('',(3.5687E+03,-501.65,646.5824));
#10530 = VECTOR('',#10531,1.);
#10531 = DIRECTION('',(1.,0.,-0.));
#10532 = ORIENTED_EDGE('',*,*,#10480,.F.);
#10533 = PLANE('',#10534);
#10534 = AXIS2_PLACEMENT_3D('',#10535,#10536,#10537);
#10535 = CARTESIAN_POINT('',(3.5687E+03,-501.65,0.));
#10536 = DIRECTION('',(-0.,1.,0.));
#10537 = DIRECTION('',(0.,0.,1.));
#10538 = ADVANCED_FACE('',(#10539),#10555,.T.);
#10539 = FACE_BOUND('',#10540,.T.);
#10540 = EDGE_LOOP('',(#10541,#10547,#10548,#10554));
#10541 = ORIENTED_EDGE('',*,*,#10542,.F.);
#10542 = EDGE_CURVE('',#10451,#10491,#10543,.T.);
#10543 = LINE('',#10544,#10545);
#10544 = CARTESIAN_POINT('',(3.5687E+03,-412.75,0.));
#10545 = VECTOR('',#10546,1.);
#10546 = DIRECTION('',(1.,0.,-0.));
#10547 = ORIENTED_EDGE('',*,*,#10458,.T.);
#10548 = ORIENTED_EDGE('',*,*,#10549,.T.);
#10549 = EDGE_CURVE('',#10459,#10499,#10550,.T.);
#10550 = LINE('',#10551,#10552);
#10551 = CARTESIAN_POINT('',(3.5687E+03,-412.75,646.5824));
#10552 = VECTOR('',#10553,1.);
#10553 = DIRECTION('',(1.,0.,-0.));
#10554 = ORIENTED_EDGE('',*,*,#10498,.F.);
#10555 = PLANE('',#10556);
#10556 = AXIS2_PLACEMENT_3D('',#10557,#10558,#10559);
#10557 = CARTESIAN_POINT('',(3.5687E+03,-412.75,0.));
#10558 = DIRECTION('',(-0.,1.,0.));
#10559 = DIRECTION('',(0.,0.,1.));
#10560 = ADVANCED_FACE('',(#10561),#10567,.F.);
#10561 = FACE_BOUND('',#10562,.F.);
#10562 = EDGE_LOOP('',(#10563,#10564,#10565,#10566));
#10563 = ORIENTED_EDGE('',*,*,#10450,.F.);
#10564 = ORIENTED_EDGE('',*,*,#10520,.T.);
#10565 = ORIENTED_EDGE('',*,*,#10490,.T.);
#10566 = ORIENTED_EDGE('',*,*,#10542,.F.);
#10567 = PLANE('',#10568);
#10568 = AXIS2_PLACEMENT_3D('',#10569,#10570,#10571);
#10569 = CARTESIAN_POINT('',(3.5687E+03,-501.65,0.));
#10570 = DIRECTION('',(0.,0.,1.));
#10571 = DIRECTION('',(1.,0.,-0.));
#10572 = ADVANCED_FACE('',(#10573),#10579,.T.);
#10573 = FACE_BOUND('',#10574,.T.);
#10574 = EDGE_LOOP('',(#10575,#10576,#10577,#10578));
#10575 = ORIENTED_EDGE('',*,*,#10466,.F.);
#10576 = ORIENTED_EDGE('',*,*,#10527,.T.);
#10577 = ORIENTED_EDGE('',*,*,#10506,.T.);
#10578 = ORIENTED_EDGE('',*,*,#10549,.F.);
#10579 = PLANE('',#10580);
#10580 = AXIS2_PLACEMENT_3D('',#10581,#10582,#10583);
#10581 = CARTESIAN_POINT('',(3.5687E+03,-501.65,646.5824));
#10582 = DIRECTION('',(0.,0.,1.));
#10583 = DIRECTION('',(1.,0.,-0.));
#10584 = ( GEOMETRIC_REPRESENTATION_CONTEXT(3) 
GLOBAL_UNCERTAINTY_ASSIGNED_CONTEXT((#10588)) 
GLOBAL_UNIT_ASSIGNED_CONTEXT((#10585,#10586,#10587)) 
REPRESENTATION_CONTEXT('Context #1',
  '3D Context with UNIT and UNCERTAINTY') );
#10585 = ( LENGTH_UNIT() NAMED_UNIT(*) SI_UNIT(.MILLI.,.METRE.) );
#10586 = ( NAMED_UNIT(*) PLANE_ANGLE_UNIT() SI_UNIT($,.RADIAN.) );
#10587 = ( NAMED_UNIT(*) SI_UNIT($,.STERADIAN.) SOLID_ANGLE_UNIT() );
#10588 = UNCERTAINTY_MEASURE_WITH_UNIT(LENGTH_MEASURE(1.E-07),#10585,
  'distance_accuracy_value','confusion accuracy');
#10589 = CONTEXT_DEPENDENT_SHAPE_REPRESENTATION(#10590,#10592);
#10590 = ( REPRESENTATION_RELATIONSHIP('','',#10433,#10) 
REPRESENTATION_RELATIONSHIP_WITH_TRANSFORMATION(#10591) 
SHAPE_REPRESENTATION_RELATIONSHIP() );
#10591 = ITEM_DEFINED_TRANSFORMATION('','',#11,#75);
#10592 = PRODUCT_DEFINITION_SHAPE('Placement','Placement of an item',
  #10593);
#10593 = NEXT_ASSEMBLY_USAGE_OCCURRENCE('16','F006_Brace_P3','',#5,
  #10428,$);
#10594 = PRODUCT_RELATED_PRODUCT_CATEGORY('part',$,(#10430));
#10595 = SHAPE_DEFINITION_REPRESENTATION(#10596,#10602);
#10596 = PRODUCT_DEFINITION_SHAPE('','',#10597);
#10597 = PRODUCT_DEFINITION('design','',#10598,#10601);
#10598 = PRODUCT_DEFINITION_FORMATION('','',#10599);
#10599 = PRODUCT('K001_WaterTable','K001_WaterTable','',(#10600));
#10600 = PRODUCT_CONTEXT('',#2,'mechanical');
#10601 = PRODUCT_DEFINITION_CONTEXT('part definition',#2,'design');
#10602 = ADVANCED_BREP_SHAPE_REPRESENTATION('',(#11,#10603),#10753);
#10603 = MANIFOLD_SOLID_BREP('',#10604);
#10604 = CLOSED_SHELL('',(#10605,#10645,#10685,#10707,#10729,#10741));
#10605 = ADVANCED_FACE('',(#10606),#10640,.F.);
#10606 = FACE_BOUND('',#10607,.F.);
#10607 = EDGE_LOOP('',(#10608,#10618,#10626,#10634));
#10608 = ORIENTED_EDGE('',*,*,#10609,.F.);
#10609 = EDGE_CURVE('',#10610,#10612,#10614,.T.);
#10610 = VERTEX_POINT('',#10611);
#10611 = CARTESIAN_POINT('',(927.1,-19.05,0.));
#10612 = VERTEX_POINT('',#10613);
#10613 = CARTESIAN_POINT('',(927.1,-19.05,285.75));
#10614 = LINE('',#10615,#10616);
#10615 = CARTESIAN_POINT('',(927.1,-19.05,0.));
#10616 = VECTOR('',#10617,1.);
#10617 = DIRECTION('',(0.,0.,1.));
#10618 = ORIENTED_EDGE('',*,*,#10619,.T.);
#10619 = EDGE_CURVE('',#10610,#10620,#10622,.T.);
#10620 = VERTEX_POINT('',#10621);
#10621 = CARTESIAN_POINT('',(927.1,19.05,0.));
#10622 = LINE('',#10623,#10624);
#10623 = CARTESIAN_POINT('',(927.1,-19.05,0.));
#10624 = VECTOR('',#10625,1.);
#10625 = DIRECTION('',(-0.,1.,0.));
#10626 = ORIENTED_EDGE('',*,*,#10627,.T.);
#10627 = EDGE_CURVE('',#10620,#10628,#10630,.T.);
#10628 = VERTEX_POINT('',#10629);
#10629 = CARTESIAN_POINT('',(927.1,19.05,285.75));
#10630 = LINE('',#10631,#10632);
#10631 = CARTESIAN_POINT('',(927.1,19.05,0.));
#10632 = VECTOR('',#10633,1.);
#10633 = DIRECTION('',(0.,0.,1.));
#10634 = ORIENTED_EDGE('',*,*,#10635,.F.);
#10635 = EDGE_CURVE('',#10612,#10628,#10636,.T.);
#10636 = LINE('',#10637,#10638);
#10637 = CARTESIAN_POINT('',(927.1,-19.05,285.75));
#10638 = VECTOR('',#10639,1.);
#10639 = DIRECTION('',(-0.,1.,0.));
#10640 = PLANE('',#10641);
#10641 = AXIS2_PLACEMENT_3D('',#10642,#10643,#10644);
#10642 = CARTESIAN_POINT('',(927.1,-19.05,0.));
#10643 = DIRECTION('',(1.,0.,-0.));
#10644 = DIRECTION('',(0.,0.,1.));
#10645 = ADVANCED_FACE('',(#10646),#10680,.T.);
#10646 = FACE_BOUND('',#10647,.T.);
#10647 = EDGE_LOOP('',(#10648,#10658,#10666,#10674));
#10648 = ORIENTED_EDGE('',*,*,#10649,.F.);
#10649 = EDGE_CURVE('',#10650,#10652,#10654,.T.);
#10650 = VERTEX_POINT('',#10651);
#10651 = CARTESIAN_POINT('',(3.7084E+03,-19.05,0.));
#10652 = VERTEX_POINT('',#10653);
#10653 = CARTESIAN_POINT('',(3.7084E+03,-19.05,285.75));
#10654 = LINE('',#10655,#10656);
#10655 = CARTESIAN_POINT('',(3.7084E+03,-19.05,0.));
#10656 = VECTOR('',#10657,1.);
#10657 = DIRECTION('',(0.,0.,1.));
#10658 = ORIENTED_EDGE('',*,*,#10659,.T.);
#10659 = EDGE_CURVE('',#10650,#10660,#10662,.T.);
#10660 = VERTEX_POINT('',#10661);
#10661 = CARTESIAN_POINT('',(3.7084E+03,19.05,0.));
#10662 = LINE('',#10663,#10664);
#10663 = CARTESIAN_POINT('',(3.7084E+03,-19.05,0.));
#10664 = VECTOR('',#10665,1.);
#10665 = DIRECTION('',(-0.,1.,0.));
#10666 = ORIENTED_EDGE('',*,*,#10667,.T.);
#10667 = EDGE_CURVE('',#10660,#10668,#10670,.T.);
#10668 = VERTEX_POINT('',#10669);
#10669 = CARTESIAN_POINT('',(3.7084E+03,19.05,285.75));
#10670 = LINE('',#10671,#10672);
#10671 = CARTESIAN_POINT('',(3.7084E+03,19.05,0.));
#10672 = VECTOR('',#10673,1.);
#10673 = DIRECTION('',(0.,0.,1.));
#10674 = ORIENTED_EDGE('',*,*,#10675,.F.);
#10675 = EDGE_CURVE('',#10652,#10668,#10676,.T.);
#10676 = LINE('',#10677,#10678);
#10677 = CARTESIAN_POINT('',(3.7084E+03,-19.05,285.75));
#10678 = VECTOR('',#10679,1.);
#10679 = DIRECTION('',(-0.,1.,0.));
#10680 = PLANE('',#10681);
#10681 = AXIS2_PLACEMENT_3D('',#10682,#10683,#10684);
#10682 = CARTESIAN_POINT('',(3.7084E+03,-19.05,0.));
#10683 = DIRECTION('',(1.,0.,-0.));
#10684 = DIRECTION('',(0.,0.,1.));
#10685 = ADVANCED_FACE('',(#10686),#10702,.F.);
#10686 = FACE_BOUND('',#10687,.F.);
#10687 = EDGE_LOOP('',(#10688,#10694,#10695,#10701));
#10688 = ORIENTED_EDGE('',*,*,#10689,.F.);
#10689 = EDGE_CURVE('',#10610,#10650,#10690,.T.);
#10690 = LINE('',#10691,#10692);
#10691 = CARTESIAN_POINT('',(927.1,-19.05,0.));
#10692 = VECTOR('',#10693,1.);
#10693 = DIRECTION('',(1.,0.,-0.));
#10694 = ORIENTED_EDGE('',*,*,#10609,.T.);
#10695 = ORIENTED_EDGE('',*,*,#10696,.T.);
#10696 = EDGE_CURVE('',#10612,#10652,#10697,.T.);
#10697 = LINE('',#10698,#10699);
#10698 = CARTESIAN_POINT('',(927.1,-19.05,285.75));
#10699 = VECTOR('',#10700,1.);
#10700 = DIRECTION('',(1.,0.,-0.));
#10701 = ORIENTED_EDGE('',*,*,#10649,.F.);
#10702 = PLANE('',#10703);
#10703 = AXIS2_PLACEMENT_3D('',#10704,#10705,#10706);
#10704 = CARTESIAN_POINT('',(927.1,-19.05,0.));
#10705 = DIRECTION('',(-0.,1.,0.));
#10706 = DIRECTION('',(0.,0.,1.));
#10707 = ADVANCED_FACE('',(#10708),#10724,.T.);
#10708 = FACE_BOUND('',#10709,.T.);
#10709 = EDGE_LOOP('',(#10710,#10716,#10717,#10723));
#10710 = ORIENTED_EDGE('',*,*,#10711,.F.);
#10711 = EDGE_CURVE('',#10620,#10660,#10712,.T.);
#10712 = LINE('',#10713,#10714);
#10713 = CARTESIAN_POINT('',(927.1,19.05,0.));
#10714 = VECTOR('',#10715,1.);
#10715 = DIRECTION('',(1.,0.,-0.));
#10716 = ORIENTED_EDGE('',*,*,#10627,.T.);
#10717 = ORIENTED_EDGE('',*,*,#10718,.T.);
#10718 = EDGE_CURVE('',#10628,#10668,#10719,.T.);
#10719 = LINE('',#10720,#10721);
#10720 = CARTESIAN_POINT('',(927.1,19.05,285.75));
#10721 = VECTOR('',#10722,1.);
#10722 = DIRECTION('',(1.,0.,-0.));
#10723 = ORIENTED_EDGE('',*,*,#10667,.F.);
#10724 = PLANE('',#10725);
#10725 = AXIS2_PLACEMENT_3D('',#10726,#10727,#10728);
#10726 = CARTESIAN_POINT('',(927.1,19.05,0.));
#10727 = DIRECTION('',(-0.,1.,0.));
#10728 = DIRECTION('',(0.,0.,1.));
#10729 = ADVANCED_FACE('',(#10730),#10736,.F.);
#10730 = FACE_BOUND('',#10731,.F.);
#10731 = EDGE_LOOP('',(#10732,#10733,#10734,#10735));
#10732 = ORIENTED_EDGE('',*,*,#10619,.F.);
#10733 = ORIENTED_EDGE('',*,*,#10689,.T.);
#10734 = ORIENTED_EDGE('',*,*,#10659,.T.);
#10735 = ORIENTED_EDGE('',*,*,#10711,.F.);
#10736 = PLANE('',#10737);
#10737 = AXIS2_PLACEMENT_3D('',#10738,#10739,#10740);
#10738 = CARTESIAN_POINT('',(927.1,-19.05,0.));
#10739 = DIRECTION('',(0.,0.,1.));
#10740 = DIRECTION('',(1.,0.,-0.));
#10741 = ADVANCED_FACE('',(#10742),#10748,.T.);
#10742 = FACE_BOUND('',#10743,.T.);
#10743 = EDGE_LOOP('',(#10744,#10745,#10746,#10747));
#10744 = ORIENTED_EDGE('',*,*,#10635,.F.);
#10745 = ORIENTED_EDGE('',*,*,#10696,.T.);
#10746 = ORIENTED_EDGE('',*,*,#10675,.T.);
#10747 = ORIENTED_EDGE('',*,*,#10718,.F.);
#10748 = PLANE('',#10749);
#10749 = AXIS2_PLACEMENT_3D('',#10750,#10751,#10752);
#10750 = CARTESIAN_POINT('',(927.1,-19.05,285.75));
#10751 = DIRECTION('',(0.,0.,1.));
#10752 = DIRECTION('',(1.,0.,-0.));
#10753 = ( GEOMETRIC_REPRESENTATION_CONTEXT(3) 
GLOBAL_UNCERTAINTY_ASSIGNED_CONTEXT((#10757)) 
GLOBAL_UNIT_ASSIGNED_CONTEXT((#10754,#10755,#10756)) 
REPRESENTATION_CONTEXT('Context #1',
  '3D Context with UNIT and UNCERTAINTY') );
#10754 = ( LENGTH_UNIT() NAMED_UNIT(*) SI_UNIT(.MILLI.,.METRE.) );
#10755 = ( NAMED_UNIT(*) PLANE_ANGLE_UNIT() SI_UNIT($,.RADIAN.) );
#10756 = ( NAMED_UNIT(*) SI_UNIT($,.STERADIAN.) SOLID_ANGLE_UNIT() );
#10757 = UNCERTAINTY_MEASURE_WITH_UNIT(LENGTH_MEASURE(1.E-07),#10754,
  'distance_accuracy_value','confusion accuracy');
#10758 = CONTEXT_DEPENDENT_SHAPE_REPRESENTATION(#10759,#10761);
#10759 = ( REPRESENTATION_RELATIONSHIP('','',#10602,#10) 
REPRESENTATION_RELATIONSHIP_WITH_TRANSFORMATION(#10760) 
SHAPE_REPRESENTATION_RELATIONSHIP() );
#10760 = ITEM_DEFINED_TRANSFORMATION('','',#11,#79);
#10761 = PRODUCT_DEFINITION_SHAPE('Placement','Placement of an item',
  #10762);
#10762 = NEXT_ASSEMBLY_USAGE_OCCURRENCE('17','K001_WaterTable','',#5,
  #10597,$);
#10763 = PRODUCT_RELATED_PRODUCT_CATEGORY('part',$,(#10599));
#10764 = SHAPE_DEFINITION_REPRESENTATION(#10765,#10771);
#10765 = PRODUCT_DEFINITION_SHAPE('','',#10766);
#10766 = PRODUCT_DEFINITION('design','',#10767,#10770);
#10767 = PRODUCT_DEFINITION_FORMATION('','',#10768);
#10768 = PRODUCT('Q001_NestedRects_B0','Q001_NestedRects_B0','',(#10769)
  );
#10769 = PRODUCT_CONTEXT('',#2,'mechanical');
#10770 = PRODUCT_DEFINITION_CONTEXT('part definition',#2,'design');
#10771 = ADVANCED_BREP_SHAPE_REPRESENTATION('',(#11,#10772),#10922);
#10772 = MANIFOLD_SOLID_BREP('',#10773);
#10773 = CLOSED_SHELL('',(#10774,#10814,#10854,#10876,#10898,#10910));
#10774 = ADVANCED_FACE('',(#10775),#10809,.F.);
#10775 = FACE_BOUND('',#10776,.F.);
#10776 = EDGE_LOOP('',(#10777,#10787,#10795,#10803));
#10777 = ORIENTED_EDGE('',*,*,#10778,.F.);
#10778 = EDGE_CURVE('',#10779,#10781,#10783,.T.);
#10779 = VERTEX_POINT('',#10780);
#10780 = CARTESIAN_POINT('',(1.0922E+03,-18.415,304.8));
#10781 = VERTEX_POINT('',#10782);
#10782 = CARTESIAN_POINT('',(1.0922E+03,-18.415,510.159));
#10783 = LINE('',#10784,#10785);
#10784 = CARTESIAN_POINT('',(1.0922E+03,-18.415,304.8));
#10785 = VECTOR('',#10786,1.);
#10786 = DIRECTION('',(0.,0.,1.));
#10787 = ORIENTED_EDGE('',*,*,#10788,.T.);
#10788 = EDGE_CURVE('',#10779,#10789,#10791,.T.);
#10789 = VERTEX_POINT('',#10790);
#10790 = CARTESIAN_POINT('',(1.0922E+03,0.635,304.8));
#10791 = LINE('',#10792,#10793);
#10792 = CARTESIAN_POINT('',(1.0922E+03,-18.415,304.8));
#10793 = VECTOR('',#10794,1.);
#10794 = DIRECTION('',(-0.,1.,0.));
#10795 = ORIENTED_EDGE('',*,*,#10796,.T.);
#10796 = EDGE_CURVE('',#10789,#10797,#10799,.T.);
#10797 = VERTEX_POINT('',#10798);
#10798 = CARTESIAN_POINT('',(1.0922E+03,0.635,510.159));
#10799 = LINE('',#10800,#10801);
#10800 = CARTESIAN_POINT('',(1.0922E+03,0.635,304.8));
#10801 = VECTOR('',#10802,1.);
#10802 = DIRECTION('',(0.,0.,1.));
#10803 = ORIENTED_EDGE('',*,*,#10804,.F.);
#10804 = EDGE_CURVE('',#10781,#10797,#10805,.T.);
#10805 = LINE('',#10806,#10807);
#10806 = CARTESIAN_POINT('',(1.0922E+03,-18.415,510.159));
#10807 = VECTOR('',#10808,1.);
#10808 = DIRECTION('',(-0.,1.,0.));
#10809 = PLANE('',#10810);
#10810 = AXIS2_PLACEMENT_3D('',#10811,#10812,#10813);
#10811 = CARTESIAN_POINT('',(1.0922E+03,-18.415,304.8));
#10812 = DIRECTION('',(1.,0.,-0.));
#10813 = DIRECTION('',(0.,0.,1.));
#10814 = ADVANCED_FACE('',(#10815),#10849,.T.);
#10815 = FACE_BOUND('',#10816,.T.);
#10816 = EDGE_LOOP('',(#10817,#10827,#10835,#10843));
#10817 = ORIENTED_EDGE('',*,*,#10818,.F.);
#10818 = EDGE_CURVE('',#10819,#10821,#10823,.T.);
#10819 = VERTEX_POINT('',#10820);
#10820 = CARTESIAN_POINT('',(2.2733E+03,-18.415,304.8));
#10821 = VERTEX_POINT('',#10822);
#10822 = CARTESIAN_POINT('',(2.2733E+03,-18.415,510.159));
#10823 = LINE('',#10824,#10825);
#10824 = CARTESIAN_POINT('',(2.2733E+03,-18.415,304.8));
#10825 = VECTOR('',#10826,1.);
#10826 = DIRECTION('',(0.,0.,1.));
#10827 = ORIENTED_EDGE('',*,*,#10828,.T.);
#10828 = EDGE_CURVE('',#10819,#10829,#10831,.T.);
#10829 = VERTEX_POINT('',#10830);
#10830 = CARTESIAN_POINT('',(2.2733E+03,0.635,304.8));
#10831 = LINE('',#10832,#10833);
#10832 = CARTESIAN_POINT('',(2.2733E+03,-18.415,304.8));
#10833 = VECTOR('',#10834,1.);
#10834 = DIRECTION('',(-0.,1.,0.));
#10835 = ORIENTED_EDGE('',*,*,#10836,.T.);
#10836 = EDGE_CURVE('',#10829,#10837,#10839,.T.);
#10837 = VERTEX_POINT('',#10838);
#10838 = CARTESIAN_POINT('',(2.2733E+03,0.635,510.159));
#10839 = LINE('',#10840,#10841);
#10840 = CARTESIAN_POINT('',(2.2733E+03,0.635,304.8));
#10841 = VECTOR('',#10842,1.);
#10842 = DIRECTION('',(0.,0.,1.));
#10843 = ORIENTED_EDGE('',*,*,#10844,.F.);
#10844 = EDGE_CURVE('',#10821,#10837,#10845,.T.);
#10845 = LINE('',#10846,#10847);
#10846 = CARTESIAN_POINT('',(2.2733E+03,-18.415,510.159));
#10847 = VECTOR('',#10848,1.);
#10848 = DIRECTION('',(-0.,1.,0.));
#10849 = PLANE('',#10850);
#10850 = AXIS2_PLACEMENT_3D('',#10851,#10852,#10853);
#10851 = CARTESIAN_POINT('',(2.2733E+03,-18.415,304.8));
#10852 = DIRECTION('',(1.,0.,-0.));
#10853 = DIRECTION('',(0.,0.,1.));
#10854 = ADVANCED_FACE('',(#10855),#10871,.F.);
#10855 = FACE_BOUND('',#10856,.F.);
#10856 = EDGE_LOOP('',(#10857,#10863,#10864,#10870));
#10857 = ORIENTED_EDGE('',*,*,#10858,.F.);
#10858 = EDGE_CURVE('',#10779,#10819,#10859,.T.);
#10859 = LINE('',#10860,#10861);
#10860 = CARTESIAN_POINT('',(1.0922E+03,-18.415,304.8));
#10861 = VECTOR('',#10862,1.);
#10862 = DIRECTION('',(1.,0.,-0.));
#10863 = ORIENTED_EDGE('',*,*,#10778,.T.);
#10864 = ORIENTED_EDGE('',*,*,#10865,.T.);
#10865 = EDGE_CURVE('',#10781,#10821,#10866,.T.);
#10866 = LINE('',#10867,#10868);
#10867 = CARTESIAN_POINT('',(1.0922E+03,-18.415,510.159));
#10868 = VECTOR('',#10869,1.);
#10869 = DIRECTION('',(1.,0.,-0.));
#10870 = ORIENTED_EDGE('',*,*,#10818,.F.);
#10871 = PLANE('',#10872);
#10872 = AXIS2_PLACEMENT_3D('',#10873,#10874,#10875);
#10873 = CARTESIAN_POINT('',(1.0922E+03,-18.415,304.8));
#10874 = DIRECTION('',(-0.,1.,0.));
#10875 = DIRECTION('',(0.,0.,1.));
#10876 = ADVANCED_FACE('',(#10877),#10893,.T.);
#10877 = FACE_BOUND('',#10878,.T.);
#10878 = EDGE_LOOP('',(#10879,#10885,#10886,#10892));
#10879 = ORIENTED_EDGE('',*,*,#10880,.F.);
#10880 = EDGE_CURVE('',#10789,#10829,#10881,.T.);
#10881 = LINE('',#10882,#10883);
#10882 = CARTESIAN_POINT('',(1.0922E+03,0.635,304.8));
#10883 = VECTOR('',#10884,1.);
#10884 = DIRECTION('',(1.,0.,-0.));
#10885 = ORIENTED_EDGE('',*,*,#10796,.T.);
#10886 = ORIENTED_EDGE('',*,*,#10887,.T.);
#10887 = EDGE_CURVE('',#10797,#10837,#10888,.T.);
#10888 = LINE('',#10889,#10890);
#10889 = CARTESIAN_POINT('',(1.0922E+03,0.635,510.159));
#10890 = VECTOR('',#10891,1.);
#10891 = DIRECTION('',(1.,0.,-0.));
#10892 = ORIENTED_EDGE('',*,*,#10836,.F.);
#10893 = PLANE('',#10894);
#10894 = AXIS2_PLACEMENT_3D('',#10895,#10896,#10897);
#10895 = CARTESIAN_POINT('',(1.0922E+03,0.635,304.8));
#10896 = DIRECTION('',(-0.,1.,0.));
#10897 = DIRECTION('',(0.,0.,1.));
#10898 = ADVANCED_FACE('',(#10899),#10905,.F.);
#10899 = FACE_BOUND('',#10900,.F.);
#10900 = EDGE_LOOP('',(#10901,#10902,#10903,#10904));
#10901 = ORIENTED_EDGE('',*,*,#10788,.F.);
#10902 = ORIENTED_EDGE('',*,*,#10858,.T.);
#10903 = ORIENTED_EDGE('',*,*,#10828,.T.);
#10904 = ORIENTED_EDGE('',*,*,#10880,.F.);
#10905 = PLANE('',#10906);
#10906 = AXIS2_PLACEMENT_3D('',#10907,#10908,#10909);
#10907 = CARTESIAN_POINT('',(1.0922E+03,-18.415,304.8));
#10908 = DIRECTION('',(0.,0.,1.));
#10909 = DIRECTION('',(1.,0.,-0.));
#10910 = ADVANCED_FACE('',(#10911),#10917,.T.);
#10911 = FACE_BOUND('',#10912,.T.);
#10912 = EDGE_LOOP('',(#10913,#10914,#10915,#10916));
#10913 = ORIENTED_EDGE('',*,*,#10804,.F.);
#10914 = ORIENTED_EDGE('',*,*,#10865,.T.);
#10915 = ORIENTED_EDGE('',*,*,#10844,.T.);
#10916 = ORIENTED_EDGE('',*,*,#10887,.F.);
#10917 = PLANE('',#10918);
#10918 = AXIS2_PLACEMENT_3D('',#10919,#10920,#10921);
#10919 = CARTESIAN_POINT('',(1.0922E+03,-18.415,510.159));
#10920 = DIRECTION('',(0.,0.,1.));
#10921 = DIRECTION('',(1.,0.,-0.));
#10922 = ( GEOMETRIC_REPRESENTATION_CONTEXT(3) 
GLOBAL_UNCERTAINTY_ASSIGNED_CONTEXT((#10926)) 
GLOBAL_UNIT_ASSIGNED_CONTEXT((#10923,#10924,#10925)) 
REPRESENTATION_CONTEXT('Context #1',
  '3D Context with UNIT and UNCERTAINTY') );
#10923 = ( LENGTH_UNIT() NAMED_UNIT(*) SI_UNIT(.MILLI.,.METRE.) );
#10924 = ( NAMED_UNIT(*) PLANE_ANGLE_UNIT() SI_UNIT($,.RADIAN.) );
#10925 = ( NAMED_UNIT(*) SI_UNIT($,.STERADIAN.) SOLID_ANGLE_UNIT() );
#10926 = UNCERTAINTY_MEASURE_WITH_UNIT(LENGTH_MEASURE(1.E-07),#10923,
  'distance_accuracy_value','confusion accuracy');
#10927 = CONTEXT_DEPENDENT_SHAPE_REPRESENTATION(#10928,#10930);
#10928 = ( REPRESENTATION_RELATIONSHIP('','',#10771,#10) 
REPRESENTATION_RELATIONSHIP_WITH_TRANSFORMATION(#10929) 
SHAPE_REPRESENTATION_RELATIONSHIP() );
#10929 = ITEM_DEFINED_TRANSFORMATION('','',#11,#83);
#10930 = PRODUCT_DEFINITION_SHAPE('Placement','Placement of an item',
  #10931);
#10931 = NEXT_ASSEMBLY_USAGE_OCCURRENCE('18','Q001_NestedRects_B0','',#5
  ,#10766,$);
#10932 = PRODUCT_RELATED_PRODUCT_CATEGORY('part',$,(#10768));
#10933 = SHAPE_DEFINITION_REPRESENTATION(#10934,#10940);
#10934 = PRODUCT_DEFINITION_SHAPE('','',#10935);
#10935 = PRODUCT_DEFINITION('design','',#10936,#10939);
#10936 = PRODUCT_DEFINITION_FORMATION('','',#10937);
#10937 = PRODUCT('Q001_NestedRects_B1','Q001_NestedRects_B1','',(#10938)
  );
#10938 = PRODUCT_CONTEXT('',#2,'mechanical');
#10939 = PRODUCT_DEFINITION_CONTEXT('part definition',#2,'design');
#10940 = ADVANCED_BREP_SHAPE_REPRESENTATION('',(#11,#10941),#11091);
#10941 = MANIFOLD_SOLID_BREP('',#10942);
#10942 = CLOSED_SHELL('',(#10943,#10983,#11023,#11045,#11067,#11079));
#10943 = ADVANCED_FACE('',(#10944),#10978,.F.);
#10944 = FACE_BOUND('',#10945,.F.);
#10945 = EDGE_LOOP('',(#10946,#10956,#10964,#10972));
#10946 = ORIENTED_EDGE('',*,*,#10947,.F.);
#10947 = EDGE_CURVE('',#10948,#10950,#10952,.T.);
#10948 = VERTEX_POINT('',#10949);
#10949 = CARTESIAN_POINT('',(2.3622E+03,-18.415,304.8));
#10950 = VERTEX_POINT('',#10951);
#10951 = CARTESIAN_POINT('',(2.3622E+03,-18.415,510.159));
#10952 = LINE('',#10953,#10954);
#10953 = CARTESIAN_POINT('',(2.3622E+03,-18.415,304.8));
#10954 = VECTOR('',#10955,1.);
#10955 = DIRECTION('',(0.,0.,1.));
#10956 = ORIENTED_EDGE('',*,*,#10957,.T.);
#10957 = EDGE_CURVE('',#10948,#10958,#10960,.T.);
#10958 = VERTEX_POINT('',#10959);
#10959 = CARTESIAN_POINT('',(2.3622E+03,0.635,304.8));
#10960 = LINE('',#10961,#10962);
#10961 = CARTESIAN_POINT('',(2.3622E+03,-18.415,304.8));
#10962 = VECTOR('',#10963,1.);
#10963 = DIRECTION('',(-0.,1.,0.));
#10964 = ORIENTED_EDGE('',*,*,#10965,.T.);
#10965 = EDGE_CURVE('',#10958,#10966,#10968,.T.);
#10966 = VERTEX_POINT('',#10967);
#10967 = CARTESIAN_POINT('',(2.3622E+03,0.635,510.159));
#10968 = LINE('',#10969,#10970);
#10969 = CARTESIAN_POINT('',(2.3622E+03,0.635,304.8));
#10970 = VECTOR('',#10971,1.);
#10971 = DIRECTION('',(0.,0.,1.));
#10972 = ORIENTED_EDGE('',*,*,#10973,.F.);
#10973 = EDGE_CURVE('',#10950,#10966,#10974,.T.);
#10974 = LINE('',#10975,#10976);
#10975 = CARTESIAN_POINT('',(2.3622E+03,-18.415,510.159));
#10976 = VECTOR('',#10977,1.);
#10977 = DIRECTION('',(-0.,1.,0.));
#10978 = PLANE('',#10979);
#10979 = AXIS2_PLACEMENT_3D('',#10980,#10981,#10982);
#10980 = CARTESIAN_POINT('',(2.3622E+03,-18.415,304.8));
#10981 = DIRECTION('',(1.,0.,-0.));
#10982 = DIRECTION('',(0.,0.,1.));
#10983 = ADVANCED_FACE('',(#10984),#11018,.T.);
#10984 = FACE_BOUND('',#10985,.T.);
#10985 = EDGE_LOOP('',(#10986,#10996,#11004,#11012));
#10986 = ORIENTED_EDGE('',*,*,#10987,.F.);
#10987 = EDGE_CURVE('',#10988,#10990,#10992,.T.);
#10988 = VERTEX_POINT('',#10989);
#10989 = CARTESIAN_POINT('',(3.5433E+03,-18.415,304.8));
#10990 = VERTEX_POINT('',#10991);
#10991 = CARTESIAN_POINT('',(3.5433E+03,-18.415,510.159));
#10992 = LINE('',#10993,#10994);
#10993 = CARTESIAN_POINT('',(3.5433E+03,-18.415,304.8));
#10994 = VECTOR('',#10995,1.);
#10995 = DIRECTION('',(0.,0.,1.));
#10996 = ORIENTED_EDGE('',*,*,#10997,.T.);
#10997 = EDGE_CURVE('',#10988,#10998,#11000,.T.);
#10998 = VERTEX_POINT('',#10999);
#10999 = CARTESIAN_POINT('',(3.5433E+03,0.635,304.8));
#11000 = LINE('',#11001,#11002);
#11001 = CARTESIAN_POINT('',(3.5433E+03,-18.415,304.8));
#11002 = VECTOR('',#11003,1.);
#11003 = DIRECTION('',(-0.,1.,0.));
#11004 = ORIENTED_EDGE('',*,*,#11005,.T.);
#11005 = EDGE_CURVE('',#10998,#11006,#11008,.T.);
#11006 = VERTEX_POINT('',#11007);
#11007 = CARTESIAN_POINT('',(3.5433E+03,0.635,510.159));
#11008 = LINE('',#11009,#11010);
#11009 = CARTESIAN_POINT('',(3.5433E+03,0.635,304.8));
#11010 = VECTOR('',#11011,1.);
#11011 = DIRECTION('',(0.,0.,1.));
#11012 = ORIENTED_EDGE('',*,*,#11013,.F.);
#11013 = EDGE_CURVE('',#10990,#11006,#11014,.T.);
#11014 = LINE('',#11015,#11016);
#11015 = CARTESIAN_POINT('',(3.5433E+03,-18.415,510.159));
#11016 = VECTOR('',#11017,1.);
#11017 = DIRECTION('',(-0.,1.,0.));
#11018 = PLANE('',#11019);
#11019 = AXIS2_PLACEMENT_3D('',#11020,#11021,#11022);
#11020 = CARTESIAN_POINT('',(3.5433E+03,-18.415,304.8));
#11021 = DIRECTION('',(1.,0.,-0.));
#11022 = DIRECTION('',(0.,0.,1.));
#11023 = ADVANCED_FACE('',(#11024),#11040,.F.);
#11024 = FACE_BOUND('',#11025,.F.);
#11025 = EDGE_LOOP('',(#11026,#11032,#11033,#11039));
#11026 = ORIENTED_EDGE('',*,*,#11027,.F.);
#11027 = EDGE_CURVE('',#10948,#10988,#11028,.T.);
#11028 = LINE('',#11029,#11030);
#11029 = CARTESIAN_POINT('',(2.3622E+03,-18.415,304.8));
#11030 = VECTOR('',#11031,1.);
#11031 = DIRECTION('',(1.,0.,-0.));
#11032 = ORIENTED_EDGE('',*,*,#10947,.T.);
#11033 = ORIENTED_EDGE('',*,*,#11034,.T.);
#11034 = EDGE_CURVE('',#10950,#10990,#11035,.T.);
#11035 = LINE('',#11036,#11037);
#11036 = CARTESIAN_POINT('',(2.3622E+03,-18.415,510.159));
#11037 = VECTOR('',#11038,1.);
#11038 = DIRECTION('',(1.,0.,-0.));
#11039 = ORIENTED_EDGE('',*,*,#10987,.F.);
#11040 = PLANE('',#11041);
#11041 = AXIS2_PLACEMENT_3D('',#11042,#11043,#11044);
#11042 = CARTESIAN_POINT('',(2.3622E+03,-18.415,304.8));
#11043 = DIRECTION('',(-0.,1.,0.));
#11044 = DIRECTION('',(0.,0.,1.));
#11045 = ADVANCED_FACE('',(#11046),#11062,.T.);
#11046 = FACE_BOUND('',#11047,.T.);
#11047 = EDGE_LOOP('',(#11048,#11054,#11055,#11061));
#11048 = ORIENTED_EDGE('',*,*,#11049,.F.);
#11049 = EDGE_CURVE('',#10958,#10998,#11050,.T.);
#11050 = LINE('',#11051,#11052);
#11051 = CARTESIAN_POINT('',(2.3622E+03,0.635,304.8));
#11052 = VECTOR('',#11053,1.);
#11053 = DIRECTION('',(1.,0.,-0.));
#11054 = ORIENTED_EDGE('',*,*,#10965,.T.);
#11055 = ORIENTED_EDGE('',*,*,#11056,.T.);
#11056 = EDGE_CURVE('',#10966,#11006,#11057,.T.);
#11057 = LINE('',#11058,#11059);
#11058 = CARTESIAN_POINT('',(2.3622E+03,0.635,510.159));
#11059 = VECTOR('',#11060,1.);
#11060 = DIRECTION('',(1.,0.,-0.));
#11061 = ORIENTED_EDGE('',*,*,#11005,.F.);
#11062 = PLANE('',#11063);
#11063 = AXIS2_PLACEMENT_3D('',#11064,#11065,#11066);
#11064 = CARTESIAN_POINT('',(2.3622E+03,0.635,304.8));
#11065 = DIRECTION('',(-0.,1.,0.));
#11066 = DIRECTION('',(0.,0.,1.));
#11067 = ADVANCED_FACE('',(#11068),#11074,.F.);
#11068 = FACE_BOUND('',#11069,.F.);
#11069 = EDGE_LOOP('',(#11070,#11071,#11072,#11073));
#11070 = ORIENTED_EDGE('',*,*,#10957,.F.);
#11071 = ORIENTED_EDGE('',*,*,#11027,.T.);
#11072 = ORIENTED_EDGE('',*,*,#10997,.T.);
#11073 = ORIENTED_EDGE('',*,*,#11049,.F.);
#11074 = PLANE('',#11075);
#11075 = AXIS2_PLACEMENT_3D('',#11076,#11077,#11078);
#11076 = CARTESIAN_POINT('',(2.3622E+03,-18.415,304.8));
#11077 = DIRECTION('',(0.,0.,1.));
#11078 = DIRECTION('',(1.,0.,-0.));
#11079 = ADVANCED_FACE('',(#11080),#11086,.T.);
#11080 = FACE_BOUND('',#11081,.T.);
#11081 = EDGE_LOOP('',(#11082,#11083,#11084,#11085));
#11082 = ORIENTED_EDGE('',*,*,#10973,.F.);
#11083 = ORIENTED_EDGE('',*,*,#11034,.T.);
#11084 = ORIENTED_EDGE('',*,*,#11013,.T.);
#11085 = ORIENTED_EDGE('',*,*,#11056,.F.);
#11086 = PLANE('',#11087);
#11087 = AXIS2_PLACEMENT_3D('',#11088,#11089,#11090);
#11088 = CARTESIAN_POINT('',(2.3622E+03,-18.415,510.159));
#11089 = DIRECTION('',(0.,0.,1.));
#11090 = DIRECTION('',(1.,0.,-0.));
#11091 = ( GEOMETRIC_REPRESENTATION_CONTEXT(3) 
GLOBAL_UNCERTAINTY_ASSIGNED_CONTEXT((#11095)) 
GLOBAL_UNIT_ASSIGNED_CONTEXT((#11092,#11093,#11094)) 
REPRESENTATION_CONTEXT('Context #1',
  '3D Context with UNIT and UNCERTAINTY') );
#11092 = ( LENGTH_UNIT() NAMED_UNIT(*) SI_UNIT(.MILLI.,.METRE.) );
#11093 = ( NAMED_UNIT(*) PLANE_ANGLE_UNIT() SI_UNIT($,.RADIAN.) );
#11094 = ( NAMED_UNIT(*) SI_UNIT($,.STERADIAN.) SOLID_ANGLE_UNIT() );
#11095 = UNCERTAINTY_MEASURE_WITH_UNIT(LENGTH_MEASURE(1.E-07),#11092,
  'distance_accuracy_value','confusion accuracy');
#11096 = CONTEXT_DEPENDENT_SHAPE_REPRESENTATION(#11097,#11099);
#11097 = ( REPRESENTATION_RELATIONSHIP('','',#10940,#10) 
REPRESENTATION_RELATIONSHIP_WITH_TRANSFORMATION(#11098) 
SHAPE_REPRESENTATION_RELATIONSHIP() );
#11098 = ITEM_DEFINED_TRANSFORMATION('','',#11,#87);
#11099 = PRODUCT_DEFINITION_SHAPE('Placement','Placement of an item',
  #11100);
#11100 = NEXT_ASSEMBLY_USAGE_OCCURRENCE('19','Q001_NestedRects_B1','',#5
  ,#10935,$);
#11101 = PRODUCT_RELATED_PRODUCT_CATEGORY('part',$,(#10937));
#11102 = SHAPE_DEFINITION_REPRESENTATION(#11103,#11109);
#11103 = PRODUCT_DEFINITION_SHAPE('','',#11104);
#11104 = PRODUCT_DEFINITION('design','',#11105,#11108);
#11105 = PRODUCT_DEFINITION_FORMATION('','',#11106);
#11106 = PRODUCT('R001_Belt','R001_Belt','',(#11107));
#11107 = PRODUCT_CONTEXT('',#2,'mechanical');
#11108 = PRODUCT_DEFINITION_CONTEXT('part definition',#2,'design');
#11109 = ADVANCED_BREP_SHAPE_REPRESENTATION('',(#11,#11110),#11260);
#11110 = MANIFOLD_SOLID_BREP('',#11111);
#11111 = CLOSED_SHELL('',(#11112,#11152,#11192,#11214,#11236,#11248));
#11112 = ADVANCED_FACE('',(#11113),#11147,.F.);
#11113 = FACE_BOUND('',#11114,.F.);
#11114 = EDGE_LOOP('',(#11115,#11125,#11133,#11141));
#11115 = ORIENTED_EDGE('',*,*,#11116,.F.);
#11116 = EDGE_CURVE('',#11117,#11119,#11121,.T.);
#11117 = VERTEX_POINT('',#11118);
#11118 = CARTESIAN_POINT('',(927.1,-19.05,529.209));
#11119 = VERTEX_POINT('',#11120);
#11120 = CARTESIAN_POINT('',(927.1,-19.05,764.159));
#11121 = LINE('',#11122,#11123);
#11122 = CARTESIAN_POINT('',(927.1,-19.05,529.209));
#11123 = VECTOR('',#11124,1.);
#11124 = DIRECTION('',(0.,0.,1.));
#11125 = ORIENTED_EDGE('',*,*,#11126,.T.);
#11126 = EDGE_CURVE('',#11117,#11127,#11129,.T.);
#11127 = VERTEX_POINT('',#11128);
#11128 = CARTESIAN_POINT('',(927.1,19.05,529.209));
#11129 = LINE('',#11130,#11131);
#11130 = CARTESIAN_POINT('',(927.1,-19.05,529.209));
#11131 = VECTOR('',#11132,1.);
#11132 = DIRECTION('',(-0.,1.,0.));
#11133 = ORIENTED_EDGE('',*,*,#11134,.T.);
#11134 = EDGE_CURVE('',#11127,#11135,#11137,.T.);
#11135 = VERTEX_POINT('',#11136);
#11136 = CARTESIAN_POINT('',(927.1,19.05,764.159));
#11137 = LINE('',#11138,#11139);
#11138 = CARTESIAN_POINT('',(927.1,19.05,529.209));
#11139 = VECTOR('',#11140,1.);
#11140 = DIRECTION('',(0.,0.,1.));
#11141 = ORIENTED_EDGE('',*,*,#11142,.F.);
#11142 = EDGE_CURVE('',#11119,#11135,#11143,.T.);
#11143 = LINE('',#11144,#11145);
#11144 = CARTESIAN_POINT('',(927.1,-19.05,764.159));
#11145 = VECTOR('',#11146,1.);
#11146 = DIRECTION('',(-0.,1.,0.));
#11147 = PLANE('',#11148);
#11148 = AXIS2_PLACEMENT_3D('',#11149,#11150,#11151);
#11149 = CARTESIAN_POINT('',(927.1,-19.05,529.209));
#11150 = DIRECTION('',(1.,0.,-0.));
#11151 = DIRECTION('',(0.,0.,1.));
#11152 = ADVANCED_FACE('',(#11153),#11187,.T.);
#11153 = FACE_BOUND('',#11154,.T.);
#11154 = EDGE_LOOP('',(#11155,#11165,#11173,#11181));
#11155 = ORIENTED_EDGE('',*,*,#11156,.F.);
#11156 = EDGE_CURVE('',#11157,#11159,#11161,.T.);
#11157 = VERTEX_POINT('',#11158);
#11158 = CARTESIAN_POINT('',(3.7084E+03,-19.05,529.209));
#11159 = VERTEX_POINT('',#11160);
#11160 = CARTESIAN_POINT('',(3.7084E+03,-19.05,764.159));
#11161 = LINE('',#11162,#11163);
#11162 = CARTESIAN_POINT('',(3.7084E+03,-19.05,529.209));
#11163 = VECTOR('',#11164,1.);
#11164 = DIRECTION('',(0.,0.,1.));
#11165 = ORIENTED_EDGE('',*,*,#11166,.T.);
#11166 = EDGE_CURVE('',#11157,#11167,#11169,.T.);
#11167 = VERTEX_POINT('',#11168);
#11168 = CARTESIAN_POINT('',(3.7084E+03,19.05,529.209));
#11169 = LINE('',#11170,#11171);
#11170 = CARTESIAN_POINT('',(3.7084E+03,-19.05,529.209));
#11171 = VECTOR('',#11172,1.);
#11172 = DIRECTION('',(-0.,1.,0.));
#11173 = ORIENTED_EDGE('',*,*,#11174,.T.);
#11174 = EDGE_CURVE('',#11167,#11175,#11177,.T.);
#11175 = VERTEX_POINT('',#11176);
#11176 = CARTESIAN_POINT('',(3.7084E+03,19.05,764.159));
#11177 = LINE('',#11178,#11179);
#11178 = CARTESIAN_POINT('',(3.7084E+03,19.05,529.209));
#11179 = VECTOR('',#11180,1.);
#11180 = DIRECTION('',(0.,0.,1.));
#11181 = ORIENTED_EDGE('',*,*,#11182,.F.);
#11182 = EDGE_CURVE('',#11159,#11175,#11183,.T.);
#11183 = LINE('',#11184,#11185);
#11184 = CARTESIAN_POINT('',(3.7084E+03,-19.05,764.159));
#11185 = VECTOR('',#11186,1.);
#11186 = DIRECTION('',(-0.,1.,0.));
#11187 = PLANE('',#11188);
#11188 = AXIS2_PLACEMENT_3D('',#11189,#11190,#11191);
#11189 = CARTESIAN_POINT('',(3.7084E+03,-19.05,529.209));
#11190 = DIRECTION('',(1.,0.,-0.));
#11191 = DIRECTION('',(0.,0.,1.));
#11192 = ADVANCED_FACE('',(#11193),#11209,.F.);
#11193 = FACE_BOUND('',#11194,.F.);
#11194 = EDGE_LOOP('',(#11195,#11201,#11202,#11208));
#11195 = ORIENTED_EDGE('',*,*,#11196,.F.);
#11196 = EDGE_CURVE('',#11117,#11157,#11197,.T.);
#11197 = LINE('',#11198,#11199);
#11198 = CARTESIAN_POINT('',(927.1,-19.05,529.209));
#11199 = VECTOR('',#11200,1.);
#11200 = DIRECTION('',(1.,0.,-0.));
#11201 = ORIENTED_EDGE('',*,*,#11116,.T.);
#11202 = ORIENTED_EDGE('',*,*,#11203,.T.);
#11203 = EDGE_CURVE('',#11119,#11159,#11204,.T.);
#11204 = LINE('',#11205,#11206);
#11205 = CARTESIAN_POINT('',(927.1,-19.05,764.159));
#11206 = VECTOR('',#11207,1.);
#11207 = DIRECTION('',(1.,0.,-0.));
#11208 = ORIENTED_EDGE('',*,*,#11156,.F.);
#11209 = PLANE('',#11210);
#11210 = AXIS2_PLACEMENT_3D('',#11211,#11212,#11213);
#11211 = CARTESIAN_POINT('',(927.1,-19.05,529.209));
#11212 = DIRECTION('',(-0.,1.,0.));
#11213 = DIRECTION('',(0.,0.,1.));
#11214 = ADVANCED_FACE('',(#11215),#11231,.T.);
#11215 = FACE_BOUND('',#11216,.T.);
#11216 = EDGE_LOOP('',(#11217,#11223,#11224,#11230));
#11217 = ORIENTED_EDGE('',*,*,#11218,.F.);
#11218 = EDGE_CURVE('',#11127,#11167,#11219,.T.);
#11219 = LINE('',#11220,#11221);
#11220 = CARTESIAN_POINT('',(927.1,19.05,529.209));
#11221 = VECTOR('',#11222,1.);
#11222 = DIRECTION('',(1.,0.,-0.));
#11223 = ORIENTED_EDGE('',*,*,#11134,.T.);
#11224 = ORIENTED_EDGE('',*,*,#11225,.T.);
#11225 = EDGE_CURVE('',#11135,#11175,#11226,.T.);
#11226 = LINE('',#11227,#11228);
#11227 = CARTESIAN_POINT('',(927.1,19.05,764.159));
#11228 = VECTOR('',#11229,1.);
#11229 = DIRECTION('',(1.,0.,-0.));
#11230 = ORIENTED_EDGE('',*,*,#11174,.F.);
#11231 = PLANE('',#11232);
#11232 = AXIS2_PLACEMENT_3D('',#11233,#11234,#11235);
#11233 = CARTESIAN_POINT('',(927.1,19.05,529.209));
#11234 = DIRECTION('',(-0.,1.,0.));
#11235 = DIRECTION('',(0.,0.,1.));
#11236 = ADVANCED_FACE('',(#11237),#11243,.F.);
#11237 = FACE_BOUND('',#11238,.F.);
#11238 = EDGE_LOOP('',(#11239,#11240,#11241,#11242));
#11239 = ORIENTED_EDGE('',*,*,#11126,.F.);
#11240 = ORIENTED_EDGE('',*,*,#11196,.T.);
#11241 = ORIENTED_EDGE('',*,*,#11166,.T.);
#11242 = ORIENTED_EDGE('',*,*,#11218,.F.);
#11243 = PLANE('',#11244);
#11244 = AXIS2_PLACEMENT_3D('',#11245,#11246,#11247);
#11245 = CARTESIAN_POINT('',(927.1,-19.05,529.209));
#11246 = DIRECTION('',(0.,0.,1.));
#11247 = DIRECTION('',(1.,0.,-0.));
#11248 = ADVANCED_FACE('',(#11249),#11255,.T.);
#11249 = FACE_BOUND('',#11250,.T.);
#11250 = EDGE_LOOP('',(#11251,#11252,#11253,#11254));
#11251 = ORIENTED_EDGE('',*,*,#11142,.F.);
#11252 = ORIENTED_EDGE('',*,*,#11203,.T.);
#11253 = ORIENTED_EDGE('',*,*,#11182,.T.);
#11254 = ORIENTED_EDGE('',*,*,#11225,.F.);
#11255 = PLANE('',#11256);
#11256 = AXIS2_PLACEMENT_3D('',#11257,#11258,#11259);
#11257 = CARTESIAN_POINT('',(927.1,-19.05,764.159));
#11258 = DIRECTION('',(0.,0.,1.));
#11259 = DIRECTION('',(1.,0.,-0.));
#11260 = ( GEOMETRIC_REPRESENTATION_CONTEXT(3) 
GLOBAL_UNCERTAINTY_ASSIGNED_CONTEXT((#11264)) 
GLOBAL_UNIT_ASSIGNED_CONTEXT((#11261,#11262,#11263)) 
REPRESENTATION_CONTEXT('Context #1',
  '3D Context with UNIT and UNCERTAINTY') );
#11261 = ( LENGTH_UNIT() NAMED_UNIT(*) SI_UNIT(.MILLI.,.METRE.) );
#11262 = ( NAMED_UNIT(*) PLANE_ANGLE_UNIT() SI_UNIT($,.RADIAN.) );
#11263 = ( NAMED_UNIT(*) SI_UNIT($,.STERADIAN.) SOLID_ANGLE_UNIT() );
#11264 = UNCERTAINTY_MEASURE_WITH_UNIT(LENGTH_MEASURE(1.E-07),#11261,
  'distance_accuracy_value','confusion accuracy');
#11265 = CONTEXT_DEPENDENT_SHAPE_REPRESENTATION(#11266,#11268);
#11266 = ( REPRESENTATION_RELATIONSHIP('','',#11109,#10) 
REPRESENTATION_RELATIONSHIP_WITH_TRANSFORMATION(#11267) 
SHAPE_REPRESENTATION_RELATIONSHIP() );
#11267 = ITEM_DEFINED_TRANSFORMATION('','',#11,#91);
#11268 = PRODUCT_DEFINITION_SHAPE('Placement','Placement of an item',
  #11269);
#11269 = NEXT_ASSEMBLY_USAGE_OCCURRENCE('20','R001_Belt','',#5,#11104,$
  );
#11270 = PRODUCT_RELATED_PRODUCT_CATEGORY('part',$,(#11106));
#11271 = SHAPE_DEFINITION_REPRESENTATION(#11272,#11278);
#11272 = PRODUCT_DEFINITION_SHAPE('','',#11273);
#11273 = PRODUCT_DEFINITION('design','',#11274,#11277);
#11274 = PRODUCT_DEFINITION_FORMATION('','',#11275);
#11275 = PRODUCT('Q002_TreeOfLife_B0','Q002_TreeOfLife_B0','',(#11276));
#11276 = PRODUCT_CONTEXT('',#2,'mechanical');
#11277 = PRODUCT_DEFINITION_CONTEXT('part definition',#2,'design');
#11278 = ADVANCED_BREP_SHAPE_REPRESENTATION('',(#11,#11279),#11429);
#11279 = MANIFOLD_SOLID_BREP('',#11280);
#11280 = CLOSED_SHELL('',(#11281,#11321,#11361,#11383,#11405,#11417));
#11281 = ADVANCED_FACE('',(#11282),#11316,.F.);
#11282 = FACE_BOUND('',#11283,.F.);
#11283 = EDGE_LOOP('',(#11284,#11294,#11302,#11310));
#11284 = ORIENTED_EDGE('',*,*,#11285,.F.);
#11285 = EDGE_CURVE('',#11286,#11288,#11290,.T.);
#11286 = VERTEX_POINT('',#11287);
#11287 = CARTESIAN_POINT('',(1.0922E+03,-18.415,783.209));
#11288 = VERTEX_POINT('',#11289);
#11289 = CARTESIAN_POINT('',(1.0922E+03,-18.415,1.1154664E+03));
#11290 = LINE('',#11291,#11292);
#11291 = CARTESIAN_POINT('',(1.0922E+03,-18.415,783.209));
#11292 = VECTOR('',#11293,1.);
#11293 = DIRECTION('',(0.,0.,1.));
#11294 = ORIENTED_EDGE('',*,*,#11295,.T.);
#11295 = EDGE_CURVE('',#11286,#11296,#11298,.T.);
#11296 = VERTEX_POINT('',#11297);
#11297 = CARTESIAN_POINT('',(1.0922E+03,0.635,783.209));
#11298 = LINE('',#11299,#11300);
#11299 = CARTESIAN_POINT('',(1.0922E+03,-18.415,783.209));
#11300 = VECTOR('',#11301,1.);
#11301 = DIRECTION('',(-0.,1.,0.));
#11302 = ORIENTED_EDGE('',*,*,#11303,.T.);
#11303 = EDGE_CURVE('',#11296,#11304,#11306,.T.);
#11304 = VERTEX_POINT('',#11305);
#11305 = CARTESIAN_POINT('',(1.0922E+03,0.635,1.1154664E+03));
#11306 = LINE('',#11307,#11308);
#11307 = CARTESIAN_POINT('',(1.0922E+03,0.635,783.209));
#11308 = VECTOR('',#11309,1.);
#11309 = DIRECTION('',(0.,0.,1.));
#11310 = ORIENTED_EDGE('',*,*,#11311,.F.);
#11311 = EDGE_CURVE('',#11288,#11304,#11312,.T.);
#11312 = LINE('',#11313,#11314);
#11313 = CARTESIAN_POINT('',(1.0922E+03,-18.415,1.1154664E+03));
#11314 = VECTOR('',#11315,1.);
#11315 = DIRECTION('',(-0.,1.,0.));
#11316 = PLANE('',#11317);
#11317 = AXIS2_PLACEMENT_3D('',#11318,#11319,#11320);
#11318 = CARTESIAN_POINT('',(1.0922E+03,-18.415,783.209));
#11319 = DIRECTION('',(1.,0.,-0.));
#11320 = DIRECTION('',(0.,0.,1.));
#11321 = ADVANCED_FACE('',(#11322),#11356,.T.);
#11322 = FACE_BOUND('',#11323,.T.);
#11323 = EDGE_LOOP('',(#11324,#11334,#11342,#11350));
#11324 = ORIENTED_EDGE('',*,*,#11325,.F.);
#11325 = EDGE_CURVE('',#11326,#11328,#11330,.T.);
#11326 = VERTEX_POINT('',#11327);
#11327 = CARTESIAN_POINT('',(2.2733E+03,-18.415,783.209));
#11328 = VERTEX_POINT('',#11329);
#11329 = CARTESIAN_POINT('',(2.2733E+03,-18.415,1.1154664E+03));
#11330 = LINE('',#11331,#11332);
#11331 = CARTESIAN_POINT('',(2.2733E+03,-18.415,783.209));
#11332 = VECTOR('',#11333,1.);
#11333 = DIRECTION('',(0.,0.,1.));
#11334 = ORIENTED_EDGE('',*,*,#11335,.T.);
#11335 = EDGE_CURVE('',#11326,#11336,#11338,.T.);
#11336 = VERTEX_POINT('',#11337);
#11337 = CARTESIAN_POINT('',(2.2733E+03,0.635,783.209));
#11338 = LINE('',#11339,#11340);
#11339 = CARTESIAN_POINT('',(2.2733E+03,-18.415,783.209));
#11340 = VECTOR('',#11341,1.);
#11341 = DIRECTION('',(-0.,1.,0.));
#11342 = ORIENTED_EDGE('',*,*,#11343,.T.);
#11343 = EDGE_CURVE('',#11336,#11344,#11346,.T.);
#11344 = VERTEX_POINT('',#11345);
#11345 = CARTESIAN_POINT('',(2.2733E+03,0.635,1.1154664E+03));
#11346 = LINE('',#11347,#11348);
#11347 = CARTESIAN_POINT('',(2.2733E+03,0.635,783.209));
#11348 = VECTOR('',#11349,1.);
#11349 = DIRECTION('',(0.,0.,1.));
#11350 = ORIENTED_EDGE('',*,*,#11351,.F.);
#11351 = EDGE_CURVE('',#11328,#11344,#11352,.T.);
#11352 = LINE('',#11353,#11354);
#11353 = CARTESIAN_POINT('',(2.2733E+03,-18.415,1.1154664E+03));
#11354 = VECTOR('',#11355,1.);
#11355 = DIRECTION('',(-0.,1.,0.));
#11356 = PLANE('',#11357);
#11357 = AXIS2_PLACEMENT_3D('',#11358,#11359,#11360);
#11358 = CARTESIAN_POINT('',(2.2733E+03,-18.415,783.209));
#11359 = DIRECTION('',(1.,0.,-0.));
#11360 = DIRECTION('',(0.,0.,1.));
#11361 = ADVANCED_FACE('',(#11362),#11378,.F.);
#11362 = FACE_BOUND('',#11363,.F.);
#11363 = EDGE_LOOP('',(#11364,#11370,#11371,#11377));
#11364 = ORIENTED_EDGE('',*,*,#11365,.F.);
#11365 = EDGE_CURVE('',#11286,#11326,#11366,.T.);
#11366 = LINE('',#11367,#11368);
#11367 = CARTESIAN_POINT('',(1.0922E+03,-18.415,783.209));
#11368 = VECTOR('',#11369,1.);
#11369 = DIRECTION('',(1.,0.,-0.));
#11370 = ORIENTED_EDGE('',*,*,#11285,.T.);
#11371 = ORIENTED_EDGE('',*,*,#11372,.T.);
#11372 = EDGE_CURVE('',#11288,#11328,#11373,.T.);
#11373 = LINE('',#11374,#11375);
#11374 = CARTESIAN_POINT('',(1.0922E+03,-18.415,1.1154664E+03));
#11375 = VECTOR('',#11376,1.);
#11376 = DIRECTION('',(1.,0.,-0.));
#11377 = ORIENTED_EDGE('',*,*,#11325,.F.);
#11378 = PLANE('',#11379);
#11379 = AXIS2_PLACEMENT_3D('',#11380,#11381,#11382);
#11380 = CARTESIAN_POINT('',(1.0922E+03,-18.415,783.209));
#11381 = DIRECTION('',(-0.,1.,0.));
#11382 = DIRECTION('',(0.,0.,1.));
#11383 = ADVANCED_FACE('',(#11384),#11400,.T.);
#11384 = FACE_BOUND('',#11385,.T.);
#11385 = EDGE_LOOP('',(#11386,#11392,#11393,#11399));
#11386 = ORIENTED_EDGE('',*,*,#11387,.F.);
#11387 = EDGE_CURVE('',#11296,#11336,#11388,.T.);
#11388 = LINE('',#11389,#11390);
#11389 = CARTESIAN_POINT('',(1.0922E+03,0.635,783.209));
#11390 = VECTOR('',#11391,1.);
#11391 = DIRECTION('',(1.,0.,-0.));
#11392 = ORIENTED_EDGE('',*,*,#11303,.T.);
#11393 = ORIENTED_EDGE('',*,*,#11394,.T.);
#11394 = EDGE_CURVE('',#11304,#11344,#11395,.T.);
#11395 = LINE('',#11396,#11397);
#11396 = CARTESIAN_POINT('',(1.0922E+03,0.635,1.1154664E+03));
#11397 = VECTOR('',#11398,1.);
#11398 = DIRECTION('',(1.,0.,-0.));
#11399 = ORIENTED_EDGE('',*,*,#11343,.F.);
#11400 = PLANE('',#11401);
#11401 = AXIS2_PLACEMENT_3D('',#11402,#11403,#11404);
#11402 = CARTESIAN_POINT('',(1.0922E+03,0.635,783.209));
#11403 = DIRECTION('',(-0.,1.,0.));
#11404 = DIRECTION('',(0.,0.,1.));
#11405 = ADVANCED_FACE('',(#11406),#11412,.F.);
#11406 = FACE_BOUND('',#11407,.F.);
#11407 = EDGE_LOOP('',(#11408,#11409,#11410,#11411));
#11408 = ORIENTED_EDGE('',*,*,#11295,.F.);
#11409 = ORIENTED_EDGE('',*,*,#11365,.T.);
#11410 = ORIENTED_EDGE('',*,*,#11335,.T.);
#11411 = ORIENTED_EDGE('',*,*,#11387,.F.);
#11412 = PLANE('',#11413);
#11413 = AXIS2_PLACEMENT_3D('',#11414,#11415,#11416);
#11414 = CARTESIAN_POINT('',(1.0922E+03,-18.415,783.209));
#11415 = DIRECTION('',(0.,0.,1.));
#11416 = DIRECTION('',(1.,0.,-0.));
#11417 = ADVANCED_FACE('',(#11418),#11424,.T.);
#11418 = FACE_BOUND('',#11419,.T.);
#11419 = EDGE_LOOP('',(#11420,#11421,#11422,#11423));
#11420 = ORIENTED_EDGE('',*,*,#11311,.F.);
#11421 = ORIENTED_EDGE('',*,*,#11372,.T.);
#11422 = ORIENTED_EDGE('',*,*,#11351,.T.);
#11423 = ORIENTED_EDGE('',*,*,#11394,.F.);
#11424 = PLANE('',#11425);
#11425 = AXIS2_PLACEMENT_3D('',#11426,#11427,#11428);
#11426 = CARTESIAN_POINT('',(1.0922E+03,-18.415,1.1154664E+03));
#11427 = DIRECTION('',(0.,0.,1.));
#11428 = DIRECTION('',(1.,0.,-0.));
#11429 = ( GEOMETRIC_REPRESENTATION_CONTEXT(3) 
GLOBAL_UNCERTAINTY_ASSIGNED_CONTEXT((#11433)) 
GLOBAL_UNIT_ASSIGNED_CONTEXT((#11430,#11431,#11432)) 
REPRESENTATION_CONTEXT('Context #1',
  '3D Context with UNIT and UNCERTAINTY') );
#11430 = ( LENGTH_UNIT() NAMED_UNIT(*) SI_UNIT(.MILLI.,.METRE.) );
#11431 = ( NAMED_UNIT(*) PLANE_ANGLE_UNIT() SI_UNIT($,.RADIAN.) );
#11432 = ( NAMED_UNIT(*) SI_UNIT($,.STERADIAN.) SOLID_ANGLE_UNIT() );
#11433 = UNCERTAINTY_MEASURE_WITH_UNIT(LENGTH_MEASURE(1.E-07),#11430,
  'distance_accuracy_value','confusion accuracy');
#11434 = CONTEXT_DEPENDENT_SHAPE_REPRESENTATION(#11435,#11437);
#11435 = ( REPRESENTATION_RELATIONSHIP('','',#11278,#10) 
REPRESENTATION_RELATIONSHIP_WITH_TRANSFORMATION(#11436) 
SHAPE_REPRESENTATION_RELATIONSHIP() );
#11436 = ITEM_DEFINED_TRANSFORMATION('','',#11,#95);
#11437 = PRODUCT_DEFINITION_SHAPE('Placement','Placement of an item',
  #11438);
#11438 = NEXT_ASSEMBLY_USAGE_OCCURRENCE('21','Q002_TreeOfLife_B0','',#5,
  #11273,$);
#11439 = PRODUCT_RELATED_PRODUCT_CATEGORY('part',$,(#11275));
#11440 = SHAPE_DEFINITION_REPRESENTATION(#11441,#11447);
#11441 = PRODUCT_DEFINITION_SHAPE('','',#11442);
#11442 = PRODUCT_DEFINITION('design','',#11443,#11446);
#11443 = PRODUCT_DEFINITION_FORMATION('','',#11444);
#11444 = PRODUCT('Q002_TreeOfLife_B1','Q002_TreeOfLife_B1','',(#11445));
#11445 = PRODUCT_CONTEXT('',#2,'mechanical');
#11446 = PRODUCT_DEFINITION_CONTEXT('part definition',#2,'design');
#11447 = ADVANCED_BREP_SHAPE_REPRESENTATION('',(#11,#11448),#11598);
#11448 = MANIFOLD_SOLID_BREP('',#11449);
#11449 = CLOSED_SHELL('',(#11450,#11490,#11530,#11552,#11574,#11586));
#11450 = ADVANCED_FACE('',(#11451),#11485,.F.);
#11451 = FACE_BOUND('',#11452,.F.);
#11452 = EDGE_LOOP('',(#11453,#11463,#11471,#11479));
#11453 = ORIENTED_EDGE('',*,*,#11454,.F.);
#11454 = EDGE_CURVE('',#11455,#11457,#11459,.T.);
#11455 = VERTEX_POINT('',#11456);
#11456 = CARTESIAN_POINT('',(2.3622E+03,-18.415,783.209));
#11457 = VERTEX_POINT('',#11458);
#11458 = CARTESIAN_POINT('',(2.3622E+03,-18.415,1.1154664E+03));
#11459 = LINE('',#11460,#11461);
#11460 = CARTESIAN_POINT('',(2.3622E+03,-18.415,783.209));
#11461 = VECTOR('',#11462,1.);
#11462 = DIRECTION('',(0.,0.,1.));
#11463 = ORIENTED_EDGE('',*,*,#11464,.T.);
#11464 = EDGE_CURVE('',#11455,#11465,#11467,.T.);
#11465 = VERTEX_POINT('',#11466);
#11466 = CARTESIAN_POINT('',(2.3622E+03,0.635,783.209));
#11467 = LINE('',#11468,#11469);
#11468 = CARTESIAN_POINT('',(2.3622E+03,-18.415,783.209));
#11469 = VECTOR('',#11470,1.);
#11470 = DIRECTION('',(-0.,1.,0.));
#11471 = ORIENTED_EDGE('',*,*,#11472,.T.);
#11472 = EDGE_CURVE('',#11465,#11473,#11475,.T.);
#11473 = VERTEX_POINT('',#11474);
#11474 = CARTESIAN_POINT('',(2.3622E+03,0.635,1.1154664E+03));
#11475 = LINE('',#11476,#11477);
#11476 = CARTESIAN_POINT('',(2.3622E+03,0.635,783.209));
#11477 = VECTOR('',#11478,1.);
#11478 = DIRECTION('',(0.,0.,1.));
#11479 = ORIENTED_EDGE('',*,*,#11480,.F.);
#11480 = EDGE_CURVE('',#11457,#11473,#11481,.T.);
#11481 = LINE('',#11482,#11483);
#11482 = CARTESIAN_POINT('',(2.3622E+03,-18.415,1.1154664E+03));
#11483 = VECTOR('',#11484,1.);
#11484 = DIRECTION('',(-0.,1.,0.));
#11485 = PLANE('',#11486);
#11486 = AXIS2_PLACEMENT_3D('',#11487,#11488,#11489);
#11487 = CARTESIAN_POINT('',(2.3622E+03,-18.415,783.209));
#11488 = DIRECTION('',(1.,0.,-0.));
#11489 = DIRECTION('',(0.,0.,1.));
#11490 = ADVANCED_FACE('',(#11491),#11525,.T.);
#11491 = FACE_BOUND('',#11492,.T.);
#11492 = EDGE_LOOP('',(#11493,#11503,#11511,#11519));
#11493 = ORIENTED_EDGE('',*,*,#11494,.F.);
#11494 = EDGE_CURVE('',#11495,#11497,#11499,.T.);
#11495 = VERTEX_POINT('',#11496);
#11496 = CARTESIAN_POINT('',(3.5433E+03,-18.415,783.209));
#11497 = VERTEX_POINT('',#11498);
#11498 = CARTESIAN_POINT('',(3.5433E+03,-18.415,1.1154664E+03));
#11499 = LINE('',#11500,#11501);
#11500 = CARTESIAN_POINT('',(3.5433E+03,-18.415,783.209));
#11501 = VECTOR('',#11502,1.);
#11502 = DIRECTION('',(0.,0.,1.));
#11503 = ORIENTED_EDGE('',*,*,#11504,.T.);
#11504 = EDGE_CURVE('',#11495,#11505,#11507,.T.);
#11505 = VERTEX_POINT('',#11506);
#11506 = CARTESIAN_POINT('',(3.5433E+03,0.635,783.209));
#11507 = LINE('',#11508,#11509);
#11508 = CARTESIAN_POINT('',(3.5433E+03,-18.415,783.209));
#11509 = VECTOR('',#11510,1.);
#11510 = DIRECTION('',(-0.,1.,0.));
#11511 = ORIENTED_EDGE('',*,*,#11512,.T.);
#11512 = EDGE_CURVE('',#11505,#11513,#11515,.T.);
#11513 = VERTEX_POINT('',#11514);
#11514 = CARTESIAN_POINT('',(3.5433E+03,0.635,1.1154664E+03));
#11515 = LINE('',#11516,#11517);
#11516 = CARTESIAN_POINT('',(3.5433E+03,0.635,783.209));
#11517 = VECTOR('',#11518,1.);
#11518 = DIRECTION('',(0.,0.,1.));
#11519 = ORIENTED_EDGE('',*,*,#11520,.F.);
#11520 = EDGE_CURVE('',#11497,#11513,#11521,.T.);
#11521 = LINE('',#11522,#11523);
#11522 = CARTESIAN_POINT('',(3.5433E+03,-18.415,1.1154664E+03));
#11523 = VECTOR('',#11524,1.);
#11524 = DIRECTION('',(-0.,1.,0.));
#11525 = PLANE('',#11526);
#11526 = AXIS2_PLACEMENT_3D('',#11527,#11528,#11529);
#11527 = CARTESIAN_POINT('',(3.5433E+03,-18.415,783.209));
#11528 = DIRECTION('',(1.,0.,-0.));
#11529 = DIRECTION('',(0.,0.,1.));
#11530 = ADVANCED_FACE('',(#11531),#11547,.F.);
#11531 = FACE_BOUND('',#11532,.F.);
#11532 = EDGE_LOOP('',(#11533,#11539,#11540,#11546));
#11533 = ORIENTED_EDGE('',*,*,#11534,.F.);
#11534 = EDGE_CURVE('',#11455,#11495,#11535,.T.);
#11535 = LINE('',#11536,#11537);
#11536 = CARTESIAN_POINT('',(2.3622E+03,-18.415,783.209));
#11537 = VECTOR('',#11538,1.);
#11538 = DIRECTION('',(1.,0.,-0.));
#11539 = ORIENTED_EDGE('',*,*,#11454,.T.);
#11540 = ORIENTED_EDGE('',*,*,#11541,.T.);
#11541 = EDGE_CURVE('',#11457,#11497,#11542,.T.);
#11542 = LINE('',#11543,#11544);
#11543 = CARTESIAN_POINT('',(2.3622E+03,-18.415,1.1154664E+03));
#11544 = VECTOR('',#11545,1.);
#11545 = DIRECTION('',(1.,0.,-0.));
#11546 = ORIENTED_EDGE('',*,*,#11494,.F.);
#11547 = PLANE('',#11548);
#11548 = AXIS2_PLACEMENT_3D('',#11549,#11550,#11551);
#11549 = CARTESIAN_POINT('',(2.3622E+03,-18.415,783.209));
#11550 = DIRECTION('',(-0.,1.,0.));
#11551 = DIRECTION('',(0.,0.,1.));
#11552 = ADVANCED_FACE('',(#11553),#11569,.T.);
#11553 = FACE_BOUND('',#11554,.T.);
#11554 = EDGE_LOOP('',(#11555,#11561,#11562,#11568));
#11555 = ORIENTED_EDGE('',*,*,#11556,.F.);
#11556 = EDGE_CURVE('',#11465,#11505,#11557,.T.);
#11557 = LINE('',#11558,#11559);
#11558 = CARTESIAN_POINT('',(2.3622E+03,0.635,783.209));
#11559 = VECTOR('',#11560,1.);
#11560 = DIRECTION('',(1.,0.,-0.));
#11561 = ORIENTED_EDGE('',*,*,#11472,.T.);
#11562 = ORIENTED_EDGE('',*,*,#11563,.T.);
#11563 = EDGE_CURVE('',#11473,#11513,#11564,.T.);
#11564 = LINE('',#11565,#11566);
#11565 = CARTESIAN_POINT('',(2.3622E+03,0.635,1.1154664E+03));
#11566 = VECTOR('',#11567,1.);
#11567 = DIRECTION('',(1.,0.,-0.));
#11568 = ORIENTED_EDGE('',*,*,#11512,.F.);
#11569 = PLANE('',#11570);
#11570 = AXIS2_PLACEMENT_3D('',#11571,#11572,#11573);
#11571 = CARTESIAN_POINT('',(2.3622E+03,0.635,783.209));
#11572 = DIRECTION('',(-0.,1.,0.));
#11573 = DIRECTION('',(0.,0.,1.));
#11574 = ADVANCED_FACE('',(#11575),#11581,.F.);
#11575 = FACE_BOUND('',#11576,.F.);
#11576 = EDGE_LOOP('',(#11577,#11578,#11579,#11580));
#11577 = ORIENTED_EDGE('',*,*,#11464,.F.);
#11578 = ORIENTED_EDGE('',*,*,#11534,.T.);
#11579 = ORIENTED_EDGE('',*,*,#11504,.T.);
#11580 = ORIENTED_EDGE('',*,*,#11556,.F.);
#11581 = PLANE('',#11582);
#11582 = AXIS2_PLACEMENT_3D('',#11583,#11584,#11585);
#11583 = CARTESIAN_POINT('',(2.3622E+03,-18.415,783.209));
#11584 = DIRECTION('',(0.,0.,1.));
#11585 = DIRECTION('',(1.,0.,-0.));
#11586 = ADVANCED_FACE('',(#11587),#11593,.T.);
#11587 = FACE_BOUND('',#11588,.T.);
#11588 = EDGE_LOOP('',(#11589,#11590,#11591,#11592));
#11589 = ORIENTED_EDGE('',*,*,#11480,.F.);
#11590 = ORIENTED_EDGE('',*,*,#11541,.T.);
#11591 = ORIENTED_EDGE('',*,*,#11520,.T.);
#11592 = ORIENTED_EDGE('',*,*,#11563,.F.);
#11593 = PLANE('',#11594);
#11594 = AXIS2_PLACEMENT_3D('',#11595,#11596,#11597);
#11595 = CARTESIAN_POINT('',(2.3622E+03,-18.415,1.1154664E+03));
#11596 = DIRECTION('',(0.,0.,1.));
#11597 = DIRECTION('',(1.,0.,-0.));
#11598 = ( GEOMETRIC_REPRESENTATION_CONTEXT(3) 
GLOBAL_UNCERTAINTY_ASSIGNED_CONTEXT((#11602)) 
GLOBAL_UNIT_ASSIGNED_CONTEXT((#11599,#11600,#11601)) 
REPRESENTATION_CONTEXT('Context #1',
  '3D Context with UNIT and UNCERTAINTY') );
#11599 = ( LENGTH_UNIT() NAMED_UNIT(*) SI_UNIT(.MILLI.,.METRE.) );
#11600 = ( NAMED_UNIT(*) PLANE_ANGLE_UNIT() SI_UNIT($,.RADIAN.) );
#11601 = ( NAMED_UNIT(*) SI_UNIT($,.STERADIAN.) SOLID_ANGLE_UNIT() );
#11602 = UNCERTAINTY_MEASURE_WITH_UNIT(LENGTH_MEASURE(1.E-07),#11599,
  'distance_accuracy_value','confusion accuracy');
#11603 = CONTEXT_DEPENDENT_SHAPE_REPRESENTATION(#11604,#11606);
#11604 = ( REPRESENTATION_RELATIONSHIP('','',#11447,#10) 
REPRESENTATION_RELATIONSHIP_WITH_TRANSFORMATION(#11605) 
SHAPE_REPRESENTATION_RELATIONSHIP() );
#11605 = ITEM_DEFINED_TRANSFORMATION('','',#11,#99);
#11606 = PRODUCT_DEFINITION_SHAPE('Placement','Placement of an item',
  #11607);
#11607 = NEXT_ASSEMBLY_USAGE_OCCURRENCE('22','Q002_TreeOfLife_B1','',#5,
  #11442,$);
#11608 = PRODUCT_RELATED_PRODUCT_CATEGORY('part',$,(#11444));
#11609 = SHAPE_DEFINITION_REPRESENTATION(#11610,#11616);
#11610 = PRODUCT_DEFINITION_SHAPE('','',#11611);
#11611 = PRODUCT_DEFINITION('design','',#11612,#11615);
#11612 = PRODUCT_DEFINITION_FORMATION('','',#11613);
#11613 = PRODUCT('R002_Belt','R002_Belt','',(#11614));
#11614 = PRODUCT_CONTEXT('',#2,'mechanical');
#11615 = PRODUCT_DEFINITION_CONTEXT('part definition',#2,'design');
#11616 = ADVANCED_BREP_SHAPE_REPRESENTATION('',(#11,#11617),#11767);
#11617 = MANIFOLD_SOLID_BREP('',#11618);
#11618 = CLOSED_SHELL('',(#11619,#11659,#11699,#11721,#11743,#11755));
#11619 = ADVANCED_FACE('',(#11620),#11654,.F.);
#11620 = FACE_BOUND('',#11621,.F.);
#11621 = EDGE_LOOP('',(#11622,#11632,#11640,#11648));
#11622 = ORIENTED_EDGE('',*,*,#11623,.F.);
#11623 = EDGE_CURVE('',#11624,#11626,#11628,.T.);
#11624 = VERTEX_POINT('',#11625);
#11625 = CARTESIAN_POINT('',(927.1,-19.05,1.1345164E+03));
#11626 = VERTEX_POINT('',#11627);
#11627 = CARTESIAN_POINT('',(927.1,-19.05,1.3694664E+03));
#11628 = LINE('',#11629,#11630);
#11629 = CARTESIAN_POINT('',(927.1,-19.05,1.1345164E+03));
#11630 = VECTOR('',#11631,1.);
#11631 = DIRECTION('',(0.,0.,1.));
#11632 = ORIENTED_EDGE('',*,*,#11633,.T.);
#11633 = EDGE_CURVE('',#11624,#11634,#11636,.T.);
#11634 = VERTEX_POINT('',#11635);
#11635 = CARTESIAN_POINT('',(927.1,19.05,1.1345164E+03));
#11636 = LINE('',#11637,#11638);
#11637 = CARTESIAN_POINT('',(927.1,-19.05,1.1345164E+03));
#11638 = VECTOR('',#11639,1.);
#11639 = DIRECTION('',(-0.,1.,0.));
#11640 = ORIENTED_EDGE('',*,*,#11641,.T.);
#11641 = EDGE_CURVE('',#11634,#11642,#11644,.T.);
#11642 = VERTEX_POINT('',#11643);
#11643 = CARTESIAN_POINT('',(927.1,19.05,1.3694664E+03));
#11644 = LINE('',#11645,#11646);
#11645 = CARTESIAN_POINT('',(927.1,19.05,1.1345164E+03));
#11646 = VECTOR('',#11647,1.);
#11647 = DIRECTION('',(0.,0.,1.));
#11648 = ORIENTED_EDGE('',*,*,#11649,.F.);
#11649 = EDGE_CURVE('',#11626,#11642,#11650,.T.);
#11650 = LINE('',#11651,#11652);
#11651 = CARTESIAN_POINT('',(927.1,-19.05,1.3694664E+03));
#11652 = VECTOR('',#11653,1.);
#11653 = DIRECTION('',(-0.,1.,0.));
#11654 = PLANE('',#11655);
#11655 = AXIS2_PLACEMENT_3D('',#11656,#11657,#11658);
#11656 = CARTESIAN_POINT('',(927.1,-19.05,1.1345164E+03));
#11657 = DIRECTION('',(1.,0.,-0.));
#11658 = DIRECTION('',(0.,0.,1.));
#11659 = ADVANCED_FACE('',(#11660),#11694,.T.);
#11660 = FACE_BOUND('',#11661,.T.);
#11661 = EDGE_LOOP('',(#11662,#11672,#11680,#11688));
#11662 = ORIENTED_EDGE('',*,*,#11663,.F.);
#11663 = EDGE_CURVE('',#11664,#11666,#11668,.T.);
#11664 = VERTEX_POINT('',#11665);
#11665 = CARTESIAN_POINT('',(3.7084E+03,-19.05,1.1345164E+03));
#11666 = VERTEX_POINT('',#11667);
#11667 = CARTESIAN_POINT('',(3.7084E+03,-19.05,1.3694664E+03));
#11668 = LINE('',#11669,#11670);
#11669 = CARTESIAN_POINT('',(3.7084E+03,-19.05,1.1345164E+03));
#11670 = VECTOR('',#11671,1.);
#11671 = DIRECTION('',(0.,0.,1.));
#11672 = ORIENTED_EDGE('',*,*,#11673,.T.);
#11673 = EDGE_CURVE('',#11664,#11674,#11676,.T.);
#11674 = VERTEX_POINT('',#11675);
#11675 = CARTESIAN_POINT('',(3.7084E+03,19.05,1.1345164E+03));
#11676 = LINE('',#11677,#11678);
#11677 = CARTESIAN_POINT('',(3.7084E+03,-19.05,1.1345164E+03));
#11678 = VECTOR('',#11679,1.);
#11679 = DIRECTION('',(-0.,1.,0.));
#11680 = ORIENTED_EDGE('',*,*,#11681,.T.);
#11681 = EDGE_CURVE('',#11674,#11682,#11684,.T.);
#11682 = VERTEX_POINT('',#11683);
#11683 = CARTESIAN_POINT('',(3.7084E+03,19.05,1.3694664E+03));
#11684 = LINE('',#11685,#11686);
#11685 = CARTESIAN_POINT('',(3.7084E+03,19.05,1.1345164E+03));
#11686 = VECTOR('',#11687,1.);
#11687 = DIRECTION('',(0.,0.,1.));
#11688 = ORIENTED_EDGE('',*,*,#11689,.F.);
#11689 = EDGE_CURVE('',#11666,#11682,#11690,.T.);
#11690 = LINE('',#11691,#11692);
#11691 = CARTESIAN_POINT('',(3.7084E+03,-19.05,1.3694664E+03));
#11692 = VECTOR('',#11693,1.);
#11693 = DIRECTION('',(-0.,1.,0.));
#11694 = PLANE('',#11695);
#11695 = AXIS2_PLACEMENT_3D('',#11696,#11697,#11698);
#11696 = CARTESIAN_POINT('',(3.7084E+03,-19.05,1.1345164E+03));
#11697 = DIRECTION('',(1.,0.,-0.));
#11698 = DIRECTION('',(0.,0.,1.));
#11699 = ADVANCED_FACE('',(#11700),#11716,.F.);
#11700 = FACE_BOUND('',#11701,.F.);
#11701 = EDGE_LOOP('',(#11702,#11708,#11709,#11715));
#11702 = ORIENTED_EDGE('',*,*,#11703,.F.);
#11703 = EDGE_CURVE('',#11624,#11664,#11704,.T.);
#11704 = LINE('',#11705,#11706);
#11705 = CARTESIAN_POINT('',(927.1,-19.05,1.1345164E+03));
#11706 = VECTOR('',#11707,1.);
#11707 = DIRECTION('',(1.,0.,-0.));
#11708 = ORIENTED_EDGE('',*,*,#11623,.T.);
#11709 = ORIENTED_EDGE('',*,*,#11710,.T.);
#11710 = EDGE_CURVE('',#11626,#11666,#11711,.T.);
#11711 = LINE('',#11712,#11713);
#11712 = CARTESIAN_POINT('',(927.1,-19.05,1.3694664E+03));
#11713 = VECTOR('',#11714,1.);
#11714 = DIRECTION('',(1.,0.,-0.));
#11715 = ORIENTED_EDGE('',*,*,#11663,.F.);
#11716 = PLANE('',#11717);
#11717 = AXIS2_PLACEMENT_3D('',#11718,#11719,#11720);
#11718 = CARTESIAN_POINT('',(927.1,-19.05,1.1345164E+03));
#11719 = DIRECTION('',(-0.,1.,0.));
#11720 = DIRECTION('',(0.,0.,1.));
#11721 = ADVANCED_FACE('',(#11722),#11738,.T.);
#11722 = FACE_BOUND('',#11723,.T.);
#11723 = EDGE_LOOP('',(#11724,#11730,#11731,#11737));
#11724 = ORIENTED_EDGE('',*,*,#11725,.F.);
#11725 = EDGE_CURVE('',#11634,#11674,#11726,.T.);
#11726 = LINE('',#11727,#11728);
#11727 = CARTESIAN_POINT('',(927.1,19.05,1.1345164E+03));
#11728 = VECTOR('',#11729,1.);
#11729 = DIRECTION('',(1.,0.,-0.));
#11730 = ORIENTED_EDGE('',*,*,#11641,.T.);
#11731 = ORIENTED_EDGE('',*,*,#11732,.T.);
#11732 = EDGE_CURVE('',#11642,#11682,#11733,.T.);
#11733 = LINE('',#11734,#11735);
#11734 = CARTESIAN_POINT('',(927.1,19.05,1.3694664E+03));
#11735 = VECTOR('',#11736,1.);
#11736 = DIRECTION('',(1.,0.,-0.));
#11737 = ORIENTED_EDGE('',*,*,#11681,.F.);
#11738 = PLANE('',#11739);
#11739 = AXIS2_PLACEMENT_3D('',#11740,#11741,#11742);
#11740 = CARTESIAN_POINT('',(927.1,19.05,1.1345164E+03));
#11741 = DIRECTION('',(-0.,1.,0.));
#11742 = DIRECTION('',(0.,0.,1.));
#11743 = ADVANCED_FACE('',(#11744),#11750,.F.);
#11744 = FACE_BOUND('',#11745,.F.);
#11745 = EDGE_LOOP('',(#11746,#11747,#11748,#11749));
#11746 = ORIENTED_EDGE('',*,*,#11633,.F.);
#11747 = ORIENTED_EDGE('',*,*,#11703,.T.);
#11748 = ORIENTED_EDGE('',*,*,#11673,.T.);
#11749 = ORIENTED_EDGE('',*,*,#11725,.F.);
#11750 = PLANE('',#11751);
#11751 = AXIS2_PLACEMENT_3D('',#11752,#11753,#11754);
#11752 = CARTESIAN_POINT('',(927.1,-19.05,1.1345164E+03));
#11753 = DIRECTION('',(0.,0.,1.));
#11754 = DIRECTION('',(1.,0.,-0.));
#11755 = ADVANCED_FACE('',(#11756),#11762,.T.);
#11756 = FACE_BOUND('',#11757,.T.);
#11757 = EDGE_LOOP('',(#11758,#11759,#11760,#11761));
#11758 = ORIENTED_EDGE('',*,*,#11649,.F.);
#11759 = ORIENTED_EDGE('',*,*,#11710,.T.);
#11760 = ORIENTED_EDGE('',*,*,#11689,.T.);
#11761 = ORIENTED_EDGE('',*,*,#11732,.F.);
#11762 = PLANE('',#11763);
#11763 = AXIS2_PLACEMENT_3D('',#11764,#11765,#11766);
#11764 = CARTESIAN_POINT('',(927.1,-19.05,1.3694664E+03));
#11765 = DIRECTION('',(0.,0.,1.));
#11766 = DIRECTION('',(1.,0.,-0.));
#11767 = ( GEOMETRIC_REPRESENTATION_CONTEXT(3) 
GLOBAL_UNCERTAINTY_ASSIGNED_CONTEXT((#11771)) 
GLOBAL_UNIT_ASSIGNED_CONTEXT((#11768,#11769,#11770)) 
REPRESENTATION_CONTEXT('Context #1',
  '3D Context with UNIT and UNCERTAINTY') );
#11768 = ( LENGTH_UNIT() NAMED_UNIT(*) SI_UNIT(.MILLI.,.METRE.) );
#11769 = ( NAMED_UNIT(*) PLANE_ANGLE_UNIT() SI_UNIT($,.RADIAN.) );
#11770 = ( NAMED_UNIT(*) SI_UNIT($,.STERADIAN.) SOLID_ANGLE_UNIT() );
#11771 = UNCERTAINTY_MEASURE_WITH_UNIT(LENGTH_MEASURE(1.E-07),#11768,
  'distance_accuracy_value','confusion accuracy');
#11772 = CONTEXT_DEPENDENT_SHAPE_REPRESENTATION(#11773,#11775);
#11773 = ( REPRESENTATION_RELATIONSHIP('','',#11616,#10) 
REPRESENTATION_RELATIONSHIP_WITH_TRANSFORMATION(#11774) 
SHAPE_REPRESENTATION_RELATIONSHIP() );
#11774 = ITEM_DEFINED_TRANSFORMATION('','',#11,#103);
#11775 = PRODUCT_DEFINITION_SHAPE('Placement','Placement of an item',
  #11776);
#11776 = NEXT_ASSEMBLY_USAGE_OCCURRENCE('23','R002_Belt','',#5,#11611,$
  );
#11777 = PRODUCT_RELATED_PRODUCT_CATEGORY('part',$,(#11613));
#11778 = SHAPE_DEFINITION_REPRESENTATION(#11779,#11785);
#11779 = PRODUCT_DEFINITION_SHAPE('','',#11780);
#11780 = PRODUCT_DEFINITION('design','',#11781,#11784);
#11781 = PRODUCT_DEFINITION_FORMATION('','',#11782);
#11782 = PRODUCT('Q003_NestedRects_B0','Q003_NestedRects_B0','',(#11783)
  );
#11783 = PRODUCT_CONTEXT('',#2,'mechanical');
#11784 = PRODUCT_DEFINITION_CONTEXT('part definition',#2,'design');
#11785 = ADVANCED_BREP_SHAPE_REPRESENTATION('',(#11,#11786),#11936);
#11786 = MANIFOLD_SOLID_BREP('',#11787);
#11787 = CLOSED_SHELL('',(#11788,#11828,#11868,#11890,#11912,#11924));
#11788 = ADVANCED_FACE('',(#11789),#11823,.F.);
#11789 = FACE_BOUND('',#11790,.F.);
#11790 = EDGE_LOOP('',(#11791,#11801,#11809,#11817));
#11791 = ORIENTED_EDGE('',*,*,#11792,.F.);
#11792 = EDGE_CURVE('',#11793,#11795,#11797,.T.);
#11793 = VERTEX_POINT('',#11794);
#11794 = CARTESIAN_POINT('',(1.0922E+03,-18.415,1.3885164E+03));
#11795 = VERTEX_POINT('',#11796);
#11796 = CARTESIAN_POINT('',(1.0922E+03,-18.415,1.5938754E+03));
#11797 = LINE('',#11798,#11799);
#11798 = CARTESIAN_POINT('',(1.0922E+03,-18.415,1.3885164E+03));
#11799 = VECTOR('',#11800,1.);
#11800 = DIRECTION('',(0.,0.,1.));
#11801 = ORIENTED_EDGE('',*,*,#11802,.T.);
#11802 = EDGE_CURVE('',#11793,#11803,#11805,.T.);
#11803 = VERTEX_POINT('',#11804);
#11804 = CARTESIAN_POINT('',(1.0922E+03,0.635,1.3885164E+03));
#11805 = LINE('',#11806,#11807);
#11806 = CARTESIAN_POINT('',(1.0922E+03,-18.415,1.3885164E+03));
#11807 = VECTOR('',#11808,1.);
#11808 = DIRECTION('',(-0.,1.,0.));
#11809 = ORIENTED_EDGE('',*,*,#11810,.T.);
#11810 = EDGE_CURVE('',#11803,#11811,#11813,.T.);
#11811 = VERTEX_POINT('',#11812);
#11812 = CARTESIAN_POINT('',(1.0922E+03,0.635,1.5938754E+03));
#11813 = LINE('',#11814,#11815);
#11814 = CARTESIAN_POINT('',(1.0922E+03,0.635,1.3885164E+03));
#11815 = VECTOR('',#11816,1.);
#11816 = DIRECTION('',(0.,0.,1.));
#11817 = ORIENTED_EDGE('',*,*,#11818,.F.);
#11818 = EDGE_CURVE('',#11795,#11811,#11819,.T.);
#11819 = LINE('',#11820,#11821);
#11820 = CARTESIAN_POINT('',(1.0922E+03,-18.415,1.5938754E+03));
#11821 = VECTOR('',#11822,1.);
#11822 = DIRECTION('',(-0.,1.,0.));
#11823 = PLANE('',#11824);
#11824 = AXIS2_PLACEMENT_3D('',#11825,#11826,#11827);
#11825 = CARTESIAN_POINT('',(1.0922E+03,-18.415,1.3885164E+03));
#11826 = DIRECTION('',(1.,0.,-0.));
#11827 = DIRECTION('',(0.,0.,1.));
#11828 = ADVANCED_FACE('',(#11829),#11863,.T.);
#11829 = FACE_BOUND('',#11830,.T.);
#11830 = EDGE_LOOP('',(#11831,#11841,#11849,#11857));
#11831 = ORIENTED_EDGE('',*,*,#11832,.F.);
#11832 = EDGE_CURVE('',#11833,#11835,#11837,.T.);
#11833 = VERTEX_POINT('',#11834);
#11834 = CARTESIAN_POINT('',(2.2733E+03,-18.415,1.3885164E+03));
#11835 = VERTEX_POINT('',#11836);
#11836 = CARTESIAN_POINT('',(2.2733E+03,-18.415,1.5938754E+03));
#11837 = LINE('',#11838,#11839);
#11838 = CARTESIAN_POINT('',(2.2733E+03,-18.415,1.3885164E+03));
#11839 = VECTOR('',#11840,1.);
#11840 = DIRECTION('',(0.,0.,1.));
#11841 = ORIENTED_EDGE('',*,*,#11842,.T.);
#11842 = EDGE_CURVE('',#11833,#11843,#11845,.T.);
#11843 = VERTEX_POINT('',#11844);
#11844 = CARTESIAN_POINT('',(2.2733E+03,0.635,1.3885164E+03));
#11845 = LINE('',#11846,#11847);
#11846 = CARTESIAN_POINT('',(2.2733E+03,-18.415,1.3885164E+03));
#11847 = VECTOR('',#11848,1.);
#11848 = DIRECTION('',(-0.,1.,0.));
#11849 = ORIENTED_EDGE('',*,*,#11850,.T.);
#11850 = EDGE_CURVE('',#11843,#11851,#11853,.T.);
#11851 = VERTEX_POINT('',#11852);
#11852 = CARTESIAN_POINT('',(2.2733E+03,0.635,1.5938754E+03));
#11853 = LINE('',#11854,#11855);
#11854 = CARTESIAN_POINT('',(2.2733E+03,0.635,1.3885164E+03));
#11855 = VECTOR('',#11856,1.);
#11856 = DIRECTION('',(0.,0.,1.));
#11857 = ORIENTED_EDGE('',*,*,#11858,.F.);
#11858 = EDGE_CURVE('',#11835,#11851,#11859,.T.);
#11859 = LINE('',#11860,#11861);
#11860 = CARTESIAN_POINT('',(2.2733E+03,-18.415,1.5938754E+03));
#11861 = VECTOR('',#11862,1.);
#11862 = DIRECTION('',(-0.,1.,0.));
#11863 = PLANE('',#11864);
#11864 = AXIS2_PLACEMENT_3D('',#11865,#11866,#11867);
#11865 = CARTESIAN_POINT('',(2.2733E+03,-18.415,1.3885164E+03));
#11866 = DIRECTION('',(1.,0.,-0.));
#11867 = DIRECTION('',(0.,0.,1.));
#11868 = ADVANCED_FACE('',(#11869),#11885,.F.);
#11869 = FACE_BOUND('',#11870,.F.);
#11870 = EDGE_LOOP('',(#11871,#11877,#11878,#11884));
#11871 = ORIENTED_EDGE('',*,*,#11872,.F.);
#11872 = EDGE_CURVE('',#11793,#11833,#11873,.T.);
#11873 = LINE('',#11874,#11875);
#11874 = CARTESIAN_POINT('',(1.0922E+03,-18.415,1.3885164E+03));
#11875 = VECTOR('',#11876,1.);
#11876 = DIRECTION('',(1.,0.,-0.));
#11877 = ORIENTED_EDGE('',*,*,#11792,.T.);
#11878 = ORIENTED_EDGE('',*,*,#11879,.T.);
#11879 = EDGE_CURVE('',#11795,#11835,#11880,.T.);
#11880 = LINE('',#11881,#11882);
#11881 = CARTESIAN_POINT('',(1.0922E+03,-18.415,1.5938754E+03));
#11882 = VECTOR('',#11883,1.);
#11883 = DIRECTION('',(1.,0.,-0.));
#11884 = ORIENTED_EDGE('',*,*,#11832,.F.);
#11885 = PLANE('',#11886);
#11886 = AXIS2_PLACEMENT_3D('',#11887,#11888,#11889);
#11887 = CARTESIAN_POINT('',(1.0922E+03,-18.415,1.3885164E+03));
#11888 = DIRECTION('',(-0.,1.,0.));
#11889 = DIRECTION('',(0.,0.,1.));
#11890 = ADVANCED_FACE('',(#11891),#11907,.T.);
#11891 = FACE_BOUND('',#11892,.T.);
#11892 = EDGE_LOOP('',(#11893,#11899,#11900,#11906));
#11893 = ORIENTED_EDGE('',*,*,#11894,.F.);
#11894 = EDGE_CURVE('',#11803,#11843,#11895,.T.);
#11895 = LINE('',#11896,#11897);
#11896 = CARTESIAN_POINT('',(1.0922E+03,0.635,1.3885164E+03));
#11897 = VECTOR('',#11898,1.);
#11898 = DIRECTION('',(1.,0.,-0.));
#11899 = ORIENTED_EDGE('',*,*,#11810,.T.);
#11900 = ORIENTED_EDGE('',*,*,#11901,.T.);
#11901 = EDGE_CURVE('',#11811,#11851,#11902,.T.);
#11902 = LINE('',#11903,#11904);
#11903 = CARTESIAN_POINT('',(1.0922E+03,0.635,1.5938754E+03));
#11904 = VECTOR('',#11905,1.);
#11905 = DIRECTION('',(1.,0.,-0.));
#11906 = ORIENTED_EDGE('',*,*,#11850,.F.);
#11907 = PLANE('',#11908);
#11908 = AXIS2_PLACEMENT_3D('',#11909,#11910,#11911);
#11909 = CARTESIAN_POINT('',(1.0922E+03,0.635,1.3885164E+03));
#11910 = DIRECTION('',(-0.,1.,0.));
#11911 = DIRECTION('',(0.,0.,1.));
#11912 = ADVANCED_FACE('',(#11913),#11919,.F.);
#11913 = FACE_BOUND('',#11914,.F.);
#11914 = EDGE_LOOP('',(#11915,#11916,#11917,#11918));
#11915 = ORIENTED_EDGE('',*,*,#11802,.F.);
#11916 = ORIENTED_EDGE('',*,*,#11872,.T.);
#11917 = ORIENTED_EDGE('',*,*,#11842,.T.);
#11918 = ORIENTED_EDGE('',*,*,#11894,.F.);
#11919 = PLANE('',#11920);
#11920 = AXIS2_PLACEMENT_3D('',#11921,#11922,#11923);
#11921 = CARTESIAN_POINT('',(1.0922E+03,-18.415,1.3885164E+03));
#11922 = DIRECTION('',(0.,0.,1.));
#11923 = DIRECTION('',(1.,0.,-0.));
#11924 = ADVANCED_FACE('',(#11925),#11931,.T.);
#11925 = FACE_BOUND('',#11926,.T.);
#11926 = EDGE_LOOP('',(#11927,#11928,#11929,#11930));
#11927 = ORIENTED_EDGE('',*,*,#11818,.F.);
#11928 = ORIENTED_EDGE('',*,*,#11879,.T.);
#11929 = ORIENTED_EDGE('',*,*,#11858,.T.);
#11930 = ORIENTED_EDGE('',*,*,#11901,.F.);
#11931 = PLANE('',#11932);
#11932 = AXIS2_PLACEMENT_3D('',#11933,#11934,#11935);
#11933 = CARTESIAN_POINT('',(1.0922E+03,-18.415,1.5938754E+03));
#11934 = DIRECTION('',(0.,0.,1.));
#11935 = DIRECTION('',(1.,0.,-0.));
#11936 = ( GEOMETRIC_REPRESENTATION_CONTEXT(3) 
GLOBAL_UNCERTAINTY_ASSIGNED_CONTEXT((#11940)) 
GLOBAL_UNIT_ASSIGNED_CONTEXT((#11937,#11938,#11939)) 
REPRESENTATION_CONTEXT('Context #1',
  '3D Context with UNIT and UNCERTAINTY') );
#11937 = ( LENGTH_UNIT() NAMED_UNIT(*) SI_UNIT(.MILLI.,.METRE.) );
#11938 = ( NAMED_UNIT(*) PLANE_ANGLE_UNIT() SI_UNIT($,.RADIAN.) );
#11939 = ( NAMED_UNIT(*) SI_UNIT($,.STERADIAN.) SOLID_ANGLE_UNIT() );
#11940 = UNCERTAINTY_MEASURE_WITH_UNIT(LENGTH_MEASURE(1.E-07),#11937,
  'distance_accuracy_value','confusion accuracy');
#11941 = CONTEXT_DEPENDENT_SHAPE_REPRESENTATION(#11942,#11944);
#11942 = ( REPRESENTATION_RELATIONSHIP('','',#11785,#10) 
REPRESENTATION_RELATIONSHIP_WITH_TRANSFORMATION(#11943) 
SHAPE_REPRESENTATION_RELATIONSHIP() );
#11943 = ITEM_DEFINED_TRANSFORMATION('','',#11,#107);
#11944 = PRODUCT_DEFINITION_SHAPE('Placement','Placement of an item',
  #11945);
#11945 = NEXT_ASSEMBLY_USAGE_OCCURRENCE('24','Q003_NestedRects_B0','',#5
  ,#11780,$);
#11946 = PRODUCT_RELATED_PRODUCT_CATEGORY('part',$,(#11782));
#11947 = SHAPE_DEFINITION_REPRESENTATION(#11948,#11954);
#11948 = PRODUCT_DEFINITION_SHAPE('','',#11949);
#11949 = PRODUCT_DEFINITION('design','',#11950,#11953);
#11950 = PRODUCT_DEFINITION_FORMATION('','',#11951);
#11951 = PRODUCT('Q003_NestedRects_B1','Q003_NestedRects_B1','',(#11952)
  );
#11952 = PRODUCT_CONTEXT('',#2,'mechanical');
#11953 = PRODUCT_DEFINITION_CONTEXT('part definition',#2,'design');
#11954 = ADVANCED_BREP_SHAPE_REPRESENTATION('',(#11,#11955),#12105);
#11955 = MANIFOLD_SOLID_BREP('',#11956);
#11956 = CLOSED_SHELL('',(#11957,#11997,#12037,#12059,#12081,#12093));
#11957 = ADVANCED_FACE('',(#11958),#11992,.F.);
#11958 = FACE_BOUND('',#11959,.F.);
#11959 = EDGE_LOOP('',(#11960,#11970,#11978,#11986));
#11960 = ORIENTED_EDGE('',*,*,#11961,.F.);
#11961 = EDGE_CURVE('',#11962,#11964,#11966,.T.);
#11962 = VERTEX_POINT('',#11963);
#11963 = CARTESIAN_POINT('',(2.3622E+03,-18.415,1.3885164E+03));
#11964 = VERTEX_POINT('',#11965);
#11965 = CARTESIAN_POINT('',(2.3622E+03,-18.415,1.5938754E+03));
#11966 = LINE('',#11967,#11968);
#11967 = CARTESIAN_POINT('',(2.3622E+03,-18.415,1.3885164E+03));
#11968 = VECTOR('',#11969,1.);
#11969 = DIRECTION('',(0.,0.,1.));
#11970 = ORIENTED_EDGE('',*,*,#11971,.T.);
#11971 = EDGE_CURVE('',#11962,#11972,#11974,.T.);
#11972 = VERTEX_POINT('',#11973);
#11973 = CARTESIAN_POINT('',(2.3622E+03,0.635,1.3885164E+03));
#11974 = LINE('',#11975,#11976);
#11975 = CARTESIAN_POINT('',(2.3622E+03,-18.415,1.3885164E+03));
#11976 = VECTOR('',#11977,1.);
#11977 = DIRECTION('',(-0.,1.,0.));
#11978 = ORIENTED_EDGE('',*,*,#11979,.T.);
#11979 = EDGE_CURVE('',#11972,#11980,#11982,.T.);
#11980 = VERTEX_POINT('',#11981);
#11981 = CARTESIAN_POINT('',(2.3622E+03,0.635,1.5938754E+03));
#11982 = LINE('',#11983,#11984);
#11983 = CARTESIAN_POINT('',(2.3622E+03,0.635,1.3885164E+03));
#11984 = VECTOR('',#11985,1.);
#11985 = DIRECTION('',(0.,0.,1.));
#11986 = ORIENTED_EDGE('',*,*,#11987,.F.);
#11987 = EDGE_CURVE('',#11964,#11980,#11988,.T.);
#11988 = LINE('',#11989,#11990);
#11989 = CARTESIAN_POINT('',(2.3622E+03,-18.415,1.5938754E+03));
#11990 = VECTOR('',#11991,1.);
#11991 = DIRECTION('',(-0.,1.,0.));
#11992 = PLANE('',#11993);
#11993 = AXIS2_PLACEMENT_3D('',#11994,#11995,#11996);
#11994 = CARTESIAN_POINT('',(2.3622E+03,-18.415,1.3885164E+03));
#11995 = DIRECTION('',(1.,0.,-0.));
#11996 = DIRECTION('',(0.,0.,1.));
#11997 = ADVANCED_FACE('',(#11998),#12032,.T.);
#11998 = FACE_BOUND('',#11999,.T.);
#11999 = EDGE_LOOP('',(#12000,#12010,#12018,#12026));
#12000 = ORIENTED_EDGE('',*,*,#12001,.F.);
#12001 = EDGE_CURVE('',#12002,#12004,#12006,.T.);
#12002 = VERTEX_POINT('',#12003);
#12003 = CARTESIAN_POINT('',(3.5433E+03,-18.415,1.3885164E+03));
#12004 = VERTEX_POINT('',#12005);
#12005 = CARTESIAN_POINT('',(3.5433E+03,-18.415,1.5938754E+03));
#12006 = LINE('',#12007,#12008);
#12007 = CARTESIAN_POINT('',(3.5433E+03,-18.415,1.3885164E+03));
#12008 = VECTOR('',#12009,1.);
#12009 = DIRECTION('',(0.,0.,1.));
#12010 = ORIENTED_EDGE('',*,*,#12011,.T.);
#12011 = EDGE_CURVE('',#12002,#12012,#12014,.T.);
#12012 = VERTEX_POINT('',#12013);
#12013 = CARTESIAN_POINT('',(3.5433E+03,0.635,1.3885164E+03));
#12014 = LINE('',#12015,#12016);
#12015 = CARTESIAN_POINT('',(3.5433E+03,-18.415,1.3885164E+03));
#12016 = VECTOR('',#12017,1.);
#12017 = DIRECTION('',(-0.,1.,0.));
#12018 = ORIENTED_EDGE('',*,*,#12019,.T.);
#12019 = EDGE_CURVE('',#12012,#12020,#12022,.T.);
#12020 = VERTEX_POINT('',#12021);
#12021 = CARTESIAN_POINT('',(3.5433E+03,0.635,1.5938754E+03));
#12022 = LINE('',#12023,#12024);
#12023 = CARTESIAN_POINT('',(3.5433E+03,0.635,1.3885164E+03));
#12024 = VECTOR('',#12025,1.);
#12025 = DIRECTION('',(0.,0.,1.));
#12026 = ORIENTED_EDGE('',*,*,#12027,.F.);
#12027 = EDGE_CURVE('',#12004,#12020,#12028,.T.);
#12028 = LINE('',#12029,#12030);
#12029 = CARTESIAN_POINT('',(3.5433E+03,-18.415,1.5938754E+03));
#12030 = VECTOR('',#12031,1.);
#12031 = DIRECTION('',(-0.,1.,0.));
#12032 = PLANE('',#12033);
#12033 = AXIS2_PLACEMENT_3D('',#12034,#12035,#12036);
#12034 = CARTESIAN_POINT('',(3.5433E+03,-18.415,1.3885164E+03));
#12035 = DIRECTION('',(1.,0.,-0.));
#12036 = DIRECTION('',(0.,0.,1.));
#12037 = ADVANCED_FACE('',(#12038),#12054,.F.);
#12038 = FACE_BOUND('',#12039,.F.);
#12039 = EDGE_LOOP('',(#12040,#12046,#12047,#12053));
#12040 = ORIENTED_EDGE('',*,*,#12041,.F.);
#12041 = EDGE_CURVE('',#11962,#12002,#12042,.T.);
#12042 = LINE('',#12043,#12044);
#12043 = CARTESIAN_POINT('',(2.3622E+03,-18.415,1.3885164E+03));
#12044 = VECTOR('',#12045,1.);
#12045 = DIRECTION('',(1.,0.,-0.));
#12046 = ORIENTED_EDGE('',*,*,#11961,.T.);
#12047 = ORIENTED_EDGE('',*,*,#12048,.T.);
#12048 = EDGE_CURVE('',#11964,#12004,#12049,.T.);
#12049 = LINE('',#12050,#12051);
#12050 = CARTESIAN_POINT('',(2.3622E+03,-18.415,1.5938754E+03));
#12051 = VECTOR('',#12052,1.);
#12052 = DIRECTION('',(1.,0.,-0.));
#12053 = ORIENTED_EDGE('',*,*,#12001,.F.);
#12054 = PLANE('',#12055);
#12055 = AXIS2_PLACEMENT_3D('',#12056,#12057,#12058);
#12056 = CARTESIAN_POINT('',(2.3622E+03,-18.415,1.3885164E+03));
#12057 = DIRECTION('',(-0.,1.,0.));
#12058 = DIRECTION('',(0.,0.,1.));
#12059 = ADVANCED_FACE('',(#12060),#12076,.T.);
#12060 = FACE_BOUND('',#12061,.T.);
#12061 = EDGE_LOOP('',(#12062,#12068,#12069,#12075));
#12062 = ORIENTED_EDGE('',*,*,#12063,.F.);
#12063 = EDGE_CURVE('',#11972,#12012,#12064,.T.);
#12064 = LINE('',#12065,#12066);
#12065 = CARTESIAN_POINT('',(2.3622E+03,0.635,1.3885164E+03));
#12066 = VECTOR('',#12067,1.);
#12067 = DIRECTION('',(1.,0.,-0.));
#12068 = ORIENTED_EDGE('',*,*,#11979,.T.);
#12069 = ORIENTED_EDGE('',*,*,#12070,.T.);
#12070 = EDGE_CURVE('',#11980,#12020,#12071,.T.);
#12071 = LINE('',#12072,#12073);
#12072 = CARTESIAN_POINT('',(2.3622E+03,0.635,1.5938754E+03));
#12073 = VECTOR('',#12074,1.);
#12074 = DIRECTION('',(1.,0.,-0.));
#12075 = ORIENTED_EDGE('',*,*,#12019,.F.);
#12076 = PLANE('',#12077);
#12077 = AXIS2_PLACEMENT_3D('',#12078,#12079,#12080);
#12078 = CARTESIAN_POINT('',(2.3622E+03,0.635,1.3885164E+03));
#12079 = DIRECTION('',(-0.,1.,0.));
#12080 = DIRECTION('',(0.,0.,1.));
#12081 = ADVANCED_FACE('',(#12082),#12088,.F.);
#12082 = FACE_BOUND('',#12083,.F.);
#12083 = EDGE_LOOP('',(#12084,#12085,#12086,#12087));
#12084 = ORIENTED_EDGE('',*,*,#11971,.F.);
#12085 = ORIENTED_EDGE('',*,*,#12041,.T.);
#12086 = ORIENTED_EDGE('',*,*,#12011,.T.);
#12087 = ORIENTED_EDGE('',*,*,#12063,.F.);
#12088 = PLANE('',#12089);
#12089 = AXIS2_PLACEMENT_3D('',#12090,#12091,#12092);
#12090 = CARTESIAN_POINT('',(2.3622E+03,-18.415,1.3885164E+03));
#12091 = DIRECTION('',(0.,0.,1.));
#12092 = DIRECTION('',(1.,0.,-0.));
#12093 = ADVANCED_FACE('',(#12094),#12100,.T.);
#12094 = FACE_BOUND('',#12095,.T.);
#12095 = EDGE_LOOP('',(#12096,#12097,#12098,#12099));
#12096 = ORIENTED_EDGE('',*,*,#11987,.F.);
#12097 = ORIENTED_EDGE('',*,*,#12048,.T.);
#12098 = ORIENTED_EDGE('',*,*,#12027,.T.);
#12099 = ORIENTED_EDGE('',*,*,#12070,.F.);
#12100 = PLANE('',#12101);
#12101 = AXIS2_PLACEMENT_3D('',#12102,#12103,#12104);
#12102 = CARTESIAN_POINT('',(2.3622E+03,-18.415,1.5938754E+03));
#12103 = DIRECTION('',(0.,0.,1.));
#12104 = DIRECTION('',(1.,0.,-0.));
#12105 = ( GEOMETRIC_REPRESENTATION_CONTEXT(3) 
GLOBAL_UNCERTAINTY_ASSIGNED_CONTEXT((#12109)) 
GLOBAL_UNIT_ASSIGNED_CONTEXT((#12106,#12107,#12108)) 
REPRESENTATION_CONTEXT('Context #1',
  '3D Context with UNIT and UNCERTAINTY') );
#12106 = ( LENGTH_UNIT() NAMED_UNIT(*) SI_UNIT(.MILLI.,.METRE.) );
#12107 = ( NAMED_UNIT(*) PLANE_ANGLE_UNIT() SI_UNIT($,.RADIAN.) );
#12108 = ( NAMED_UNIT(*) SI_UNIT($,.STERADIAN.) SOLID_ANGLE_UNIT() );
#12109 = UNCERTAINTY_MEASURE_WITH_UNIT(LENGTH_MEASURE(1.E-07),#12106,
  'distance_accuracy_value','confusion accuracy');
#12110 = CONTEXT_DEPENDENT_SHAPE_REPRESENTATION(#12111,#12113);
#12111 = ( REPRESENTATION_RELATIONSHIP('','',#11954,#10) 
REPRESENTATION_RELATIONSHIP_WITH_TRANSFORMATION(#12112) 
SHAPE_REPRESENTATION_RELATIONSHIP() );
#12112 = ITEM_DEFINED_TRANSFORMATION('','',#11,#111);
#12113 = PRODUCT_DEFINITION_SHAPE('Placement','Placement of an item',
  #12114);
#12114 = NEXT_ASSEMBLY_USAGE_OCCURRENCE('25','Q003_NestedRects_B1','',#5
  ,#11949,$);
#12115 = PRODUCT_RELATED_PRODUCT_CATEGORY('part',$,(#11951));
#12116 = SHAPE_DEFINITION_REPRESENTATION(#12117,#12123);
#12117 = PRODUCT_DEFINITION_SHAPE('','',#12118);
#12118 = PRODUCT_DEFINITION('design','',#12119,#12122);
#12119 = PRODUCT_DEFINITION_FORMATION('','',#12120);
#12120 = PRODUCT('C001_Prairie_Eave','C001_Prairie_Eave','',(#12121));
#12121 = PRODUCT_CONTEXT('',#2,'mechanical');
#12122 = PRODUCT_DEFINITION_CONTEXT('part definition',#2,'design');
#12123 = ADVANCED_BREP_SHAPE_REPRESENTATION('',(#11,#12124),#12274);
#12124 = MANIFOLD_SOLID_BREP('',#12125);
#12125 = CLOSED_SHELL('',(#12126,#12166,#12206,#12228,#12250,#12262));
#12126 = ADVANCED_FACE('',(#12127),#12161,.F.);
#12127 = FACE_BOUND('',#12128,.F.);
#12128 = EDGE_LOOP('',(#12129,#12139,#12147,#12155));
#12129 = ORIENTED_EDGE('',*,*,#12130,.F.);
#12130 = EDGE_CURVE('',#12131,#12133,#12135,.T.);
#12131 = VERTEX_POINT('',#12132);
#12132 = CARTESIAN_POINT('',(914.4,-142.875,1.6129E+03));
#12133 = VERTEX_POINT('',#12134);
#12134 = CARTESIAN_POINT('',(914.4,-142.875,1.651E+03));
#12135 = LINE('',#12136,#12137);
#12136 = CARTESIAN_POINT('',(914.4,-142.875,1.6129E+03));
#12137 = VECTOR('',#12138,1.);
#12138 = DIRECTION('',(0.,0.,1.));
#12139 = ORIENTED_EDGE('',*,*,#12140,.T.);
#12140 = EDGE_CURVE('',#12131,#12141,#12143,.T.);
#12141 = VERTEX_POINT('',#12142);
#12142 = CARTESIAN_POINT('',(914.4,142.875,1.6129E+03));
#12143 = LINE('',#12144,#12145);
#12144 = CARTESIAN_POINT('',(914.4,-142.875,1.6129E+03));
#12145 = VECTOR('',#12146,1.);
#12146 = DIRECTION('',(-0.,1.,0.));
#12147 = ORIENTED_EDGE('',*,*,#12148,.T.);
#12148 = EDGE_CURVE('',#12141,#12149,#12151,.T.);
#12149 = VERTEX_POINT('',#12150);
#12150 = CARTESIAN_POINT('',(914.4,142.875,1.651E+03));
#12151 = LINE('',#12152,#12153);
#12152 = CARTESIAN_POINT('',(914.4,142.875,1.6129E+03));
#12153 = VECTOR('',#12154,1.);
#12154 = DIRECTION('',(0.,0.,1.));
#12155 = ORIENTED_EDGE('',*,*,#12156,.F.);
#12156 = EDGE_CURVE('',#12133,#12149,#12157,.T.);
#12157 = LINE('',#12158,#12159);
#12158 = CARTESIAN_POINT('',(914.4,-142.875,1.651E+03));
#12159 = VECTOR('',#12160,1.);
#12160 = DIRECTION('',(-0.,1.,0.));
#12161 = PLANE('',#12162);
#12162 = AXIS2_PLACEMENT_3D('',#12163,#12164,#12165);
#12163 = CARTESIAN_POINT('',(914.4,-142.875,1.6129E+03));
#12164 = DIRECTION('',(1.,0.,-0.));
#12165 = DIRECTION('',(0.,0.,1.));
#12166 = ADVANCED_FACE('',(#12167),#12201,.T.);
#12167 = FACE_BOUND('',#12168,.T.);
#12168 = EDGE_LOOP('',(#12169,#12179,#12187,#12195));
#12169 = ORIENTED_EDGE('',*,*,#12170,.F.);
#12170 = EDGE_CURVE('',#12171,#12173,#12175,.T.);
#12171 = VERTEX_POINT('',#12172);
#12172 = CARTESIAN_POINT('',(3.7211E+03,-142.875,1.6129E+03));
#12173 = VERTEX_POINT('',#12174);
#12174 = CARTESIAN_POINT('',(3.7211E+03,-142.875,1.651E+03));
#12175 = LINE('',#12176,#12177);
#12176 = CARTESIAN_POINT('',(3.7211E+03,-142.875,1.6129E+03));
#12177 = VECTOR('',#12178,1.);
#12178 = DIRECTION('',(0.,0.,1.));
#12179 = ORIENTED_EDGE('',*,*,#12180,.T.);
#12180 = EDGE_CURVE('',#12171,#12181,#12183,.T.);
#12181 = VERTEX_POINT('',#12182);
#12182 = CARTESIAN_POINT('',(3.7211E+03,142.875,1.6129E+03));
#12183 = LINE('',#12184,#12185);
#12184 = CARTESIAN_POINT('',(3.7211E+03,-142.875,1.6129E+03));
#12185 = VECTOR('',#12186,1.);
#12186 = DIRECTION('',(-0.,1.,0.));
#12187 = ORIENTED_EDGE('',*,*,#12188,.T.);
#12188 = EDGE_CURVE('',#12181,#12189,#12191,.T.);
#12189 = VERTEX_POINT('',#12190);
#12190 = CARTESIAN_POINT('',(3.7211E+03,142.875,1.651E+03));
#12191 = LINE('',#12192,#12193);
#12192 = CARTESIAN_POINT('',(3.7211E+03,142.875,1.6129E+03));
#12193 = VECTOR('',#12194,1.);
#12194 = DIRECTION('',(0.,0.,1.));
#12195 = ORIENTED_EDGE('',*,*,#12196,.F.);
#12196 = EDGE_CURVE('',#12173,#12189,#12197,.T.);
#12197 = LINE('',#12198,#12199);
#12198 = CARTESIAN_POINT('',(3.7211E+03,-142.875,1.651E+03));
#12199 = VECTOR('',#12200,1.);
#12200 = DIRECTION('',(-0.,1.,0.));
#12201 = PLANE('',#12202);
#12202 = AXIS2_PLACEMENT_3D('',#12203,#12204,#12205);
#12203 = CARTESIAN_POINT('',(3.7211E+03,-142.875,1.6129E+03));
#12204 = DIRECTION('',(1.,0.,-0.));
#12205 = DIRECTION('',(0.,0.,1.));
#12206 = ADVANCED_FACE('',(#12207),#12223,.F.);
#12207 = FACE_BOUND('',#12208,.F.);
#12208 = EDGE_LOOP('',(#12209,#12215,#12216,#12222));
#12209 = ORIENTED_EDGE('',*,*,#12210,.F.);
#12210 = EDGE_CURVE('',#12131,#12171,#12211,.T.);
#12211 = LINE('',#12212,#12213);
#12212 = CARTESIAN_POINT('',(914.4,-142.875,1.6129E+03));
#12213 = VECTOR('',#12214,1.);
#12214 = DIRECTION('',(1.,0.,-0.));
#12215 = ORIENTED_EDGE('',*,*,#12130,.T.);
#12216 = ORIENTED_EDGE('',*,*,#12217,.T.);
#12217 = EDGE_CURVE('',#12133,#12173,#12218,.T.);
#12218 = LINE('',#12219,#12220);
#12219 = CARTESIAN_POINT('',(914.4,-142.875,1.651E+03));
#12220 = VECTOR('',#12221,1.);
#12221 = DIRECTION('',(1.,0.,-0.));
#12222 = ORIENTED_EDGE('',*,*,#12170,.F.);
#12223 = PLANE('',#12224);
#12224 = AXIS2_PLACEMENT_3D('',#12225,#12226,#12227);
#12225 = CARTESIAN_POINT('',(914.4,-142.875,1.6129E+03));
#12226 = DIRECTION('',(-0.,1.,0.));
#12227 = DIRECTION('',(0.,0.,1.));
#12228 = ADVANCED_FACE('',(#12229),#12245,.T.);
#12229 = FACE_BOUND('',#12230,.T.);
#12230 = EDGE_LOOP('',(#12231,#12237,#12238,#12244));
#12231 = ORIENTED_EDGE('',*,*,#12232,.F.);
#12232 = EDGE_CURVE('',#12141,#12181,#12233,.T.);
#12233 = LINE('',#12234,#12235);
#12234 = CARTESIAN_POINT('',(914.4,142.875,1.6129E+03));
#12235 = VECTOR('',#12236,1.);
#12236 = DIRECTION('',(1.,0.,-0.));
#12237 = ORIENTED_EDGE('',*,*,#12148,.T.);
#12238 = ORIENTED_EDGE('',*,*,#12239,.T.);
#12239 = EDGE_CURVE('',#12149,#12189,#12240,.T.);
#12240 = LINE('',#12241,#12242);
#12241 = CARTESIAN_POINT('',(914.4,142.875,1.651E+03));
#12242 = VECTOR('',#12243,1.);
#12243 = DIRECTION('',(1.,0.,-0.));
#12244 = ORIENTED_EDGE('',*,*,#12188,.F.);
#12245 = PLANE('',#12246);
#12246 = AXIS2_PLACEMENT_3D('',#12247,#12248,#12249);
#12247 = CARTESIAN_POINT('',(914.4,142.875,1.6129E+03));
#12248 = DIRECTION('',(-0.,1.,0.));
#12249 = DIRECTION('',(0.,0.,1.));
#12250 = ADVANCED_FACE('',(#12251),#12257,.F.);
#12251 = FACE_BOUND('',#12252,.F.);
#12252 = EDGE_LOOP('',(#12253,#12254,#12255,#12256));
#12253 = ORIENTED_EDGE('',*,*,#12140,.F.);
#12254 = ORIENTED_EDGE('',*,*,#12210,.T.);
#12255 = ORIENTED_EDGE('',*,*,#12180,.T.);
#12256 = ORIENTED_EDGE('',*,*,#12232,.F.);
#12257 = PLANE('',#12258);
#12258 = AXIS2_PLACEMENT_3D('',#12259,#12260,#12261);
#12259 = CARTESIAN_POINT('',(914.4,-142.875,1.6129E+03));
#12260 = DIRECTION('',(0.,0.,1.));
#12261 = DIRECTION('',(1.,0.,-0.));
#12262 = ADVANCED_FACE('',(#12263),#12269,.T.);
#12263 = FACE_BOUND('',#12264,.T.);
#12264 = EDGE_LOOP('',(#12265,#12266,#12267,#12268));
#12265 = ORIENTED_EDGE('',*,*,#12156,.F.);
#12266 = ORIENTED_EDGE('',*,*,#12217,.T.);
#12267 = ORIENTED_EDGE('',*,*,#12196,.T.);
#12268 = ORIENTED_EDGE('',*,*,#12239,.F.);
#12269 = PLANE('',#12270);
#12270 = AXIS2_PLACEMENT_3D('',#12271,#12272,#12273);
#12271 = CARTESIAN_POINT('',(914.4,-142.875,1.651E+03));
#12272 = DIRECTION('',(0.,0.,1.));
#12273 = DIRECTION('',(1.,0.,-0.));
#12274 = ( GEOMETRIC_REPRESENTATION_CONTEXT(3) 
GLOBAL_UNCERTAINTY_ASSIGNED_CONTEXT((#12278)) 
GLOBAL_UNIT_ASSIGNED_CONTEXT((#12275,#12276,#12277)) 
REPRESENTATION_CONTEXT('Context #1',
  '3D Context with UNIT and UNCERTAINTY') );
#12275 = ( LENGTH_UNIT() NAMED_UNIT(*) SI_UNIT(.MILLI.,.METRE.) );
#12276 = ( NAMED_UNIT(*) PLANE_ANGLE_UNIT() SI_UNIT($,.RADIAN.) );
#12277 = ( NAMED_UNIT(*) SI_UNIT($,.STERADIAN.) SOLID_ANGLE_UNIT() );
#12278 = UNCERTAINTY_MEASURE_WITH_UNIT(LENGTH_MEASURE(1.E-07),#12275,
  'distance_accuracy_value','confusion accuracy');
#12279 = CONTEXT_DEPENDENT_SHAPE_REPRESENTATION(#12280,#12282);
#12280 = ( REPRESENTATION_RELATIONSHIP('','',#12123,#10) 
REPRESENTATION_RELATIONSHIP_WITH_TRANSFORMATION(#12281) 
SHAPE_REPRESENTATION_RELATIONSHIP() );
#12281 = ITEM_DEFINED_TRANSFORMATION('','',#11,#115);
#12282 = PRODUCT_DEFINITION_SHAPE('Placement','Placement of an item',
  #12283);
#12283 = NEXT_ASSEMBLY_USAGE_OCCURRENCE('26','C001_Prairie_Eave','',#5,
  #12118,$);
#12284 = PRODUCT_RELATED_PRODUCT_CATEGORY('part',$,(#12120));
#12285 = SHAPE_DEFINITION_REPRESENTATION(#12286,#12292);
#12286 = PRODUCT_DEFINITION_SHAPE('','',#12287);
#12287 = PRODUCT_DEFINITION('design','',#12288,#12291);
#12288 = PRODUCT_DEFINITION_FORMATION('','',#12289);
#12289 = PRODUCT('C003_Eave_Fascia','C003_Eave_Fascia','',(#12290));
#12290 = PRODUCT_CONTEXT('',#2,'mechanical');
#12291 = PRODUCT_DEFINITION_CONTEXT('part definition',#2,'design');
#12292 = ADVANCED_BREP_SHAPE_REPRESENTATION('',(#11,#12293),#12443);
#12293 = MANIFOLD_SOLID_BREP('',#12294);
#12294 = CLOSED_SHELL('',(#12295,#12335,#12375,#12397,#12419,#12431));
#12295 = ADVANCED_FACE('',(#12296),#12330,.F.);
#12296 = FACE_BOUND('',#12297,.F.);
#12297 = EDGE_LOOP('',(#12298,#12308,#12316,#12324));
#12298 = ORIENTED_EDGE('',*,*,#12299,.F.);
#12299 = EDGE_CURVE('',#12300,#12302,#12304,.T.);
#12300 = VERTEX_POINT('',#12301);
#12301 = CARTESIAN_POINT('',(914.4,123.825,1.524E+03));
#12302 = VERTEX_POINT('',#12303);
#12303 = CARTESIAN_POINT('',(914.4,123.825,1.6129E+03));
#12304 = LINE('',#12305,#12306);
#12305 = CARTESIAN_POINT('',(914.4,123.825,1.524E+03));
#12306 = VECTOR('',#12307,1.);
#12307 = DIRECTION('',(0.,0.,1.));
#12308 = ORIENTED_EDGE('',*,*,#12309,.T.);
#12309 = EDGE_CURVE('',#12300,#12310,#12312,.T.);
#12310 = VERTEX_POINT('',#12311);
#12311 = CARTESIAN_POINT('',(914.4,142.875,1.524E+03));
#12312 = LINE('',#12313,#12314);
#12313 = CARTESIAN_POINT('',(914.4,123.825,1.524E+03));
#12314 = VECTOR('',#12315,1.);
#12315 = DIRECTION('',(-0.,1.,0.));
#12316 = ORIENTED_EDGE('',*,*,#12317,.T.);
#12317 = EDGE_CURVE('',#12310,#12318,#12320,.T.);
#12318 = VERTEX_POINT('',#12319);
#12319 = CARTESIAN_POINT('',(914.4,142.875,1.6129E+03));
#12320 = LINE('',#12321,#12322);
#12321 = CARTESIAN_POINT('',(914.4,142.875,1.524E+03));
#12322 = VECTOR('',#12323,1.);
#12323 = DIRECTION('',(0.,0.,1.));
#12324 = ORIENTED_EDGE('',*,*,#12325,.F.);
#12325 = EDGE_CURVE('',#12302,#12318,#12326,.T.);
#12326 = LINE('',#12327,#12328);
#12327 = CARTESIAN_POINT('',(914.4,123.825,1.6129E+03));
#12328 = VECTOR('',#12329,1.);
#12329 = DIRECTION('',(-0.,1.,0.));
#12330 = PLANE('',#12331);
#12331 = AXIS2_PLACEMENT_3D('',#12332,#12333,#12334);
#12332 = CARTESIAN_POINT('',(914.4,123.825,1.524E+03));
#12333 = DIRECTION('',(1.,0.,-0.));
#12334 = DIRECTION('',(0.,0.,1.));
#12335 = ADVANCED_FACE('',(#12336),#12370,.T.);
#12336 = FACE_BOUND('',#12337,.T.);
#12337 = EDGE_LOOP('',(#12338,#12348,#12356,#12364));
#12338 = ORIENTED_EDGE('',*,*,#12339,.F.);
#12339 = EDGE_CURVE('',#12340,#12342,#12344,.T.);
#12340 = VERTEX_POINT('',#12341);
#12341 = CARTESIAN_POINT('',(3.7211E+03,123.825,1.524E+03));
#12342 = VERTEX_POINT('',#12343);
#12343 = CARTESIAN_POINT('',(3.7211E+03,123.825,1.6129E+03));
#12344 = LINE('',#12345,#12346);
#12345 = CARTESIAN_POINT('',(3.7211E+03,123.825,1.524E+03));
#12346 = VECTOR('',#12347,1.);
#12347 = DIRECTION('',(0.,0.,1.));
#12348 = ORIENTED_EDGE('',*,*,#12349,.T.);
#12349 = EDGE_CURVE('',#12340,#12350,#12352,.T.);
#12350 = VERTEX_POINT('',#12351);
#12351 = CARTESIAN_POINT('',(3.7211E+03,142.875,1.524E+03));
#12352 = LINE('',#12353,#12354);
#12353 = CARTESIAN_POINT('',(3.7211E+03,123.825,1.524E+03));
#12354 = VECTOR('',#12355,1.);
#12355 = DIRECTION('',(-0.,1.,0.));
#12356 = ORIENTED_EDGE('',*,*,#12357,.T.);
#12357 = EDGE_CURVE('',#12350,#12358,#12360,.T.);
#12358 = VERTEX_POINT('',#12359);
#12359 = CARTESIAN_POINT('',(3.7211E+03,142.875,1.6129E+03));
#12360 = LINE('',#12361,#12362);
#12361 = CARTESIAN_POINT('',(3.7211E+03,142.875,1.524E+03));
#12362 = VECTOR('',#12363,1.);
#12363 = DIRECTION('',(0.,0.,1.));
#12364 = ORIENTED_EDGE('',*,*,#12365,.F.);
#12365 = EDGE_CURVE('',#12342,#12358,#12366,.T.);
#12366 = LINE('',#12367,#12368);
#12367 = CARTESIAN_POINT('',(3.7211E+03,123.825,1.6129E+03));
#12368 = VECTOR('',#12369,1.);
#12369 = DIRECTION('',(-0.,1.,0.));
#12370 = PLANE('',#12371);
#12371 = AXIS2_PLACEMENT_3D('',#12372,#12373,#12374);
#12372 = CARTESIAN_POINT('',(3.7211E+03,123.825,1.524E+03));
#12373 = DIRECTION('',(1.,0.,-0.));
#12374 = DIRECTION('',(0.,0.,1.));
#12375 = ADVANCED_FACE('',(#12376),#12392,.F.);
#12376 = FACE_BOUND('',#12377,.F.);
#12377 = EDGE_LOOP('',(#12378,#12384,#12385,#12391));
#12378 = ORIENTED_EDGE('',*,*,#12379,.F.);
#12379 = EDGE_CURVE('',#12300,#12340,#12380,.T.);
#12380 = LINE('',#12381,#12382);
#12381 = CARTESIAN_POINT('',(914.4,123.825,1.524E+03));
#12382 = VECTOR('',#12383,1.);
#12383 = DIRECTION('',(1.,0.,-0.));
#12384 = ORIENTED_EDGE('',*,*,#12299,.T.);
#12385 = ORIENTED_EDGE('',*,*,#12386,.T.);
#12386 = EDGE_CURVE('',#12302,#12342,#12387,.T.);
#12387 = LINE('',#12388,#12389);
#12388 = CARTESIAN_POINT('',(914.4,123.825,1.6129E+03));
#12389 = VECTOR('',#12390,1.);
#12390 = DIRECTION('',(1.,0.,-0.));
#12391 = ORIENTED_EDGE('',*,*,#12339,.F.);
#12392 = PLANE('',#12393);
#12393 = AXIS2_PLACEMENT_3D('',#12394,#12395,#12396);
#12394 = CARTESIAN_POINT('',(914.4,123.825,1.524E+03));
#12395 = DIRECTION('',(-0.,1.,0.));
#12396 = DIRECTION('',(0.,0.,1.));
#12397 = ADVANCED_FACE('',(#12398),#12414,.T.);
#12398 = FACE_BOUND('',#12399,.T.);
#12399 = EDGE_LOOP('',(#12400,#12406,#12407,#12413));
#12400 = ORIENTED_EDGE('',*,*,#12401,.F.);
#12401 = EDGE_CURVE('',#12310,#12350,#12402,.T.);
#12402 = LINE('',#12403,#12404);
#12403 = CARTESIAN_POINT('',(914.4,142.875,1.524E+03));
#12404 = VECTOR('',#12405,1.);
#12405 = DIRECTION('',(1.,0.,-0.));
#12406 = ORIENTED_EDGE('',*,*,#12317,.T.);
#12407 = ORIENTED_EDGE('',*,*,#12408,.T.);
#12408 = EDGE_CURVE('',#12318,#12358,#12409,.T.);
#12409 = LINE('',#12410,#12411);
#12410 = CARTESIAN_POINT('',(914.4,142.875,1.6129E+03));
#12411 = VECTOR('',#12412,1.);
#12412 = DIRECTION('',(1.,0.,-0.));
#12413 = ORIENTED_EDGE('',*,*,#12357,.F.);
#12414 = PLANE('',#12415);
#12415 = AXIS2_PLACEMENT_3D('',#12416,#12417,#12418);
#12416 = CARTESIAN_POINT('',(914.4,142.875,1.524E+03));
#12417 = DIRECTION('',(-0.,1.,0.));
#12418 = DIRECTION('',(0.,0.,1.));
#12419 = ADVANCED_FACE('',(#12420),#12426,.F.);
#12420 = FACE_BOUND('',#12421,.F.);
#12421 = EDGE_LOOP('',(#12422,#12423,#12424,#12425));
#12422 = ORIENTED_EDGE('',*,*,#12309,.F.);
#12423 = ORIENTED_EDGE('',*,*,#12379,.T.);
#12424 = ORIENTED_EDGE('',*,*,#12349,.T.);
#12425 = ORIENTED_EDGE('',*,*,#12401,.F.);
#12426 = PLANE('',#12427);
#12427 = AXIS2_PLACEMENT_3D('',#12428,#12429,#12430);
#12428 = CARTESIAN_POINT('',(914.4,123.825,1.524E+03));
#12429 = DIRECTION('',(0.,0.,1.));
#12430 = DIRECTION('',(1.,0.,-0.));
#12431 = ADVANCED_FACE('',(#12432),#12438,.T.);
#12432 = FACE_BOUND('',#12433,.T.);
#12433 = EDGE_LOOP('',(#12434,#12435,#12436,#12437));
#12434 = ORIENTED_EDGE('',*,*,#12325,.F.);
#12435 = ORIENTED_EDGE('',*,*,#12386,.T.);
#12436 = ORIENTED_EDGE('',*,*,#12365,.T.);
#12437 = ORIENTED_EDGE('',*,*,#12408,.F.);
#12438 = PLANE('',#12439);
#12439 = AXIS2_PLACEMENT_3D('',#12440,#12441,#12442);
#12440 = CARTESIAN_POINT('',(914.4,123.825,1.6129E+03));
#12441 = DIRECTION('',(0.,0.,1.));
#12442 = DIRECTION('',(1.,0.,-0.));
#12443 = ( GEOMETRIC_REPRESENTATION_CONTEXT(3) 
GLOBAL_UNCERTAINTY_ASSIGNED_CONTEXT((#12447)) 
GLOBAL_UNIT_ASSIGNED_CONTEXT((#12444,#12445,#12446)) 
REPRESENTATION_CONTEXT('Context #1',
  '3D Context with UNIT and UNCERTAINTY') );
#12444 = ( LENGTH_UNIT() NAMED_UNIT(*) SI_UNIT(.MILLI.,.METRE.) );
#12445 = ( NAMED_UNIT(*) PLANE_ANGLE_UNIT() SI_UNIT($,.RADIAN.) );
#12446 = ( NAMED_UNIT(*) SI_UNIT($,.STERADIAN.) SOLID_ANGLE_UNIT() );
#12447 = UNCERTAINTY_MEASURE_WITH_UNIT(LENGTH_MEASURE(1.E-07),#12444,
  'distance_accuracy_value','confusion accuracy');
#12448 = CONTEXT_DEPENDENT_SHAPE_REPRESENTATION(#12449,#12451);
#12449 = ( REPRESENTATION_RELATIONSHIP('','',#12292,#10) 
REPRESENTATION_RELATIONSHIP_WITH_TRANSFORMATION(#12450) 
SHAPE_REPRESENTATION_RELATIONSHIP() );
#12450 = ITEM_DEFINED_TRANSFORMATION('','',#11,#119);
#12451 = PRODUCT_DEFINITION_SHAPE('Placement','Placement of an item',
  #12452);
#12452 = NEXT_ASSEMBLY_USAGE_OCCURRENCE('27','C003_Eave_Fascia','',#5,
  #12287,$);
#12453 = PRODUCT_RELATED_PRODUCT_CATEGORY('part',$,(#12289));
#12454 = SHAPE_DEFINITION_REPRESENTATION(#12455,#12461);
#12455 = PRODUCT_DEFINITION_SHAPE('','',#12456);
#12456 = PRODUCT_DEFINITION('design','',#12457,#12460);
#12457 = PRODUCT_DEFINITION_FORMATION('','',#12458);
#12458 = PRODUCT('C002_Latch_Cap_Stub','C002_Latch_Cap_Stub','',(#12459)
  );
#12459 = PRODUCT_CONTEXT('',#2,'mechanical');
#12460 = PRODUCT_DEFINITION_CONTEXT('part definition',#2,'design');
#12461 = ADVANCED_BREP_SHAPE_REPRESENTATION('',(#11,#12462),#12612);
#12462 = MANIFOLD_SOLID_BREP('',#12463);
#12463 = CLOSED_SHELL('',(#12464,#12504,#12544,#12566,#12588,#12600));
#12464 = ADVANCED_FACE('',(#12465),#12499,.F.);
#12465 = FACE_BOUND('',#12466,.F.);
#12466 = EDGE_LOOP('',(#12467,#12477,#12485,#12493));
#12467 = ORIENTED_EDGE('',*,*,#12468,.F.);
#12468 = EDGE_CURVE('',#12469,#12471,#12473,.T.);
#12469 = VERTEX_POINT('',#12470);
#12470 = CARTESIAN_POINT('',(-12.7,-142.875,1.6129E+03));
#12471 = VERTEX_POINT('',#12472);
#12472 = CARTESIAN_POINT('',(-12.7,-142.875,1.651E+03));
#12473 = LINE('',#12474,#12475);
#12474 = CARTESIAN_POINT('',(-12.7,-142.875,1.6129E+03));
#12475 = VECTOR('',#12476,1.);
#12476 = DIRECTION('',(0.,0.,1.));
#12477 = ORIENTED_EDGE('',*,*,#12478,.T.);
#12478 = EDGE_CURVE('',#12469,#12479,#12481,.T.);
#12479 = VERTEX_POINT('',#12480);
#12480 = CARTESIAN_POINT('',(-12.7,142.875,1.6129E+03));
#12481 = LINE('',#12482,#12483);
#12482 = CARTESIAN_POINT('',(-12.7,-142.875,1.6129E+03));
#12483 = VECTOR('',#12484,1.);
#12484 = DIRECTION('',(-0.,1.,0.));
#12485 = ORIENTED_EDGE('',*,*,#12486,.T.);
#12486 = EDGE_CURVE('',#12479,#12487,#12489,.T.);
#12487 = VERTEX_POINT('',#12488);
#12488 = CARTESIAN_POINT('',(-12.7,142.875,1.651E+03));
#12489 = LINE('',#12490,#12491);
#12490 = CARTESIAN_POINT('',(-12.7,142.875,1.6129E+03));
#12491 = VECTOR('',#12492,1.);
#12492 = DIRECTION('',(0.,0.,1.));
#12493 = ORIENTED_EDGE('',*,*,#12494,.F.);
#12494 = EDGE_CURVE('',#12471,#12487,#12495,.T.);
#12495 = LINE('',#12496,#12497);
#12496 = CARTESIAN_POINT('',(-12.7,-142.875,1.651E+03));
#12497 = VECTOR('',#12498,1.);
#12498 = DIRECTION('',(-0.,1.,0.));
#12499 = PLANE('',#12500);
#12500 = AXIS2_PLACEMENT_3D('',#12501,#12502,#12503);
#12501 = CARTESIAN_POINT('',(-12.7,-142.875,1.6129E+03));
#12502 = DIRECTION('',(1.,0.,-0.));
#12503 = DIRECTION('',(0.,0.,1.));
#12504 = ADVANCED_FACE('',(#12505),#12539,.T.);
#12505 = FACE_BOUND('',#12506,.T.);
#12506 = EDGE_LOOP('',(#12507,#12517,#12525,#12533));
#12507 = ORIENTED_EDGE('',*,*,#12508,.F.);
#12508 = EDGE_CURVE('',#12509,#12511,#12513,.T.);
#12509 = VERTEX_POINT('',#12510);
#12510 = CARTESIAN_POINT('',(101.6,-142.875,1.6129E+03));
#12511 = VERTEX_POINT('',#12512);
#12512 = CARTESIAN_POINT('',(101.6,-142.875,1.651E+03));
#12513 = LINE('',#12514,#12515);
#12514 = CARTESIAN_POINT('',(101.6,-142.875,1.6129E+03));
#12515 = VECTOR('',#12516,1.);
#12516 = DIRECTION('',(0.,0.,1.));
#12517 = ORIENTED_EDGE('',*,*,#12518,.T.);
#12518 = EDGE_CURVE('',#12509,#12519,#12521,.T.);
#12519 = VERTEX_POINT('',#12520);
#12520 = CARTESIAN_POINT('',(101.6,142.875,1.6129E+03));
#12521 = LINE('',#12522,#12523);
#12522 = CARTESIAN_POINT('',(101.6,-142.875,1.6129E+03));
#12523 = VECTOR('',#12524,1.);
#12524 = DIRECTION('',(-0.,1.,0.));
#12525 = ORIENTED_EDGE('',*,*,#12526,.T.);
#12526 = EDGE_CURVE('',#12519,#12527,#12529,.T.);
#12527 = VERTEX_POINT('',#12528);
#12528 = CARTESIAN_POINT('',(101.6,142.875,1.651E+03));
#12529 = LINE('',#12530,#12531);
#12530 = CARTESIAN_POINT('',(101.6,142.875,1.6129E+03));
#12531 = VECTOR('',#12532,1.);
#12532 = DIRECTION('',(0.,0.,1.));
#12533 = ORIENTED_EDGE('',*,*,#12534,.F.);
#12534 = EDGE_CURVE('',#12511,#12527,#12535,.T.);
#12535 = LINE('',#12536,#12537);
#12536 = CARTESIAN_POINT('',(101.6,-142.875,1.651E+03));
#12537 = VECTOR('',#12538,1.);
#12538 = DIRECTION('',(-0.,1.,0.));
#12539 = PLANE('',#12540);
#12540 = AXIS2_PLACEMENT_3D('',#12541,#12542,#12543);
#12541 = CARTESIAN_POINT('',(101.6,-142.875,1.6129E+03));
#12542 = DIRECTION('',(1.,0.,-0.));
#12543 = DIRECTION('',(0.,0.,1.));
#12544 = ADVANCED_FACE('',(#12545),#12561,.F.);
#12545 = FACE_BOUND('',#12546,.F.);
#12546 = EDGE_LOOP('',(#12547,#12553,#12554,#12560));
#12547 = ORIENTED_EDGE('',*,*,#12548,.F.);
#12548 = EDGE_CURVE('',#12469,#12509,#12549,.T.);
#12549 = LINE('',#12550,#12551);
#12550 = CARTESIAN_POINT('',(-12.7,-142.875,1.6129E+03));
#12551 = VECTOR('',#12552,1.);
#12552 = DIRECTION('',(1.,0.,-0.));
#12553 = ORIENTED_EDGE('',*,*,#12468,.T.);
#12554 = ORIENTED_EDGE('',*,*,#12555,.T.);
#12555 = EDGE_CURVE('',#12471,#12511,#12556,.T.);
#12556 = LINE('',#12557,#12558);
#12557 = CARTESIAN_POINT('',(-12.7,-142.875,1.651E+03));
#12558 = VECTOR('',#12559,1.);
#12559 = DIRECTION('',(1.,0.,-0.));
#12560 = ORIENTED_EDGE('',*,*,#12508,.F.);
#12561 = PLANE('',#12562);
#12562 = AXIS2_PLACEMENT_3D('',#12563,#12564,#12565);
#12563 = CARTESIAN_POINT('',(-12.7,-142.875,1.6129E+03));
#12564 = DIRECTION('',(-0.,1.,0.));
#12565 = DIRECTION('',(0.,0.,1.));
#12566 = ADVANCED_FACE('',(#12567),#12583,.T.);
#12567 = FACE_BOUND('',#12568,.T.);
#12568 = EDGE_LOOP('',(#12569,#12575,#12576,#12582));
#12569 = ORIENTED_EDGE('',*,*,#12570,.F.);
#12570 = EDGE_CURVE('',#12479,#12519,#12571,.T.);
#12571 = LINE('',#12572,#12573);
#12572 = CARTESIAN_POINT('',(-12.7,142.875,1.6129E+03));
#12573 = VECTOR('',#12574,1.);
#12574 = DIRECTION('',(1.,0.,-0.));
#12575 = ORIENTED_EDGE('',*,*,#12486,.T.);
#12576 = ORIENTED_EDGE('',*,*,#12577,.T.);
#12577 = EDGE_CURVE('',#12487,#12527,#12578,.T.);
#12578 = LINE('',#12579,#12580);
#12579 = CARTESIAN_POINT('',(-12.7,142.875,1.651E+03));
#12580 = VECTOR('',#12581,1.);
#12581 = DIRECTION('',(1.,0.,-0.));
#12582 = ORIENTED_EDGE('',*,*,#12526,.F.);
#12583 = PLANE('',#12584);
#12584 = AXIS2_PLACEMENT_3D('',#12585,#12586,#12587);
#12585 = CARTESIAN_POINT('',(-12.7,142.875,1.6129E+03));
#12586 = DIRECTION('',(-0.,1.,0.));
#12587 = DIRECTION('',(0.,0.,1.));
#12588 = ADVANCED_FACE('',(#12589),#12595,.F.);
#12589 = FACE_BOUND('',#12590,.F.);
#12590 = EDGE_LOOP('',(#12591,#12592,#12593,#12594));
#12591 = ORIENTED_EDGE('',*,*,#12478,.F.);
#12592 = ORIENTED_EDGE('',*,*,#12548,.T.);
#12593 = ORIENTED_EDGE('',*,*,#12518,.T.);
#12594 = ORIENTED_EDGE('',*,*,#12570,.F.);
#12595 = PLANE('',#12596);
#12596 = AXIS2_PLACEMENT_3D('',#12597,#12598,#12599);
#12597 = CARTESIAN_POINT('',(-12.7,-142.875,1.6129E+03));
#12598 = DIRECTION('',(0.,0.,1.));
#12599 = DIRECTION('',(1.,0.,-0.));
#12600 = ADVANCED_FACE('',(#12601),#12607,.T.);
#12601 = FACE_BOUND('',#12602,.T.);
#12602 = EDGE_LOOP('',(#12603,#12604,#12605,#12606));
#12603 = ORIENTED_EDGE('',*,*,#12494,.F.);
#12604 = ORIENTED_EDGE('',*,*,#12555,.T.);
#12605 = ORIENTED_EDGE('',*,*,#12534,.T.);
#12606 = ORIENTED_EDGE('',*,*,#12577,.F.);
#12607 = PLANE('',#12608);
#12608 = AXIS2_PLACEMENT_3D('',#12609,#12610,#12611);
#12609 = CARTESIAN_POINT('',(-12.7,-142.875,1.651E+03));
#12610 = DIRECTION('',(0.,0.,1.));
#12611 = DIRECTION('',(1.,0.,-0.));
#12612 = ( GEOMETRIC_REPRESENTATION_CONTEXT(3) 
GLOBAL_UNCERTAINTY_ASSIGNED_CONTEXT((#12616)) 
GLOBAL_UNIT_ASSIGNED_CONTEXT((#12613,#12614,#12615)) 
REPRESENTATION_CONTEXT('Context #1',
  '3D Context with UNIT and UNCERTAINTY') );
#12613 = ( LENGTH_UNIT() NAMED_UNIT(*) SI_UNIT(.MILLI.,.METRE.) );
#12614 = ( NAMED_UNIT(*) PLANE_ANGLE_UNIT() SI_UNIT($,.RADIAN.) );
#12615 = ( NAMED_UNIT(*) SI_UNIT($,.STERADIAN.) SOLID_ANGLE_UNIT() );
#12616 = UNCERTAINTY_MEASURE_WITH_UNIT(LENGTH_MEASURE(1.E-07),#12613,
  'distance_accuracy_value','confusion accuracy');
#12617 = CONTEXT_DEPENDENT_SHAPE_REPRESENTATION(#12618,#12620);
#12618 = ( REPRESENTATION_RELATIONSHIP('','',#12461,#10) 
REPRESENTATION_RELATIONSHIP_WITH_TRANSFORMATION(#12619) 
SHAPE_REPRESENTATION_RELATIONSHIP() );
#12619 = ITEM_DEFINED_TRANSFORMATION('','',#11,#123);
#12620 = PRODUCT_DEFINITION_SHAPE('Placement','Placement of an item',
  #12621);
#12621 = NEXT_ASSEMBLY_USAGE_OCCURRENCE('28','C002_Latch_Cap_Stub','',#5
  ,#12456,$);
#12622 = PRODUCT_RELATED_PRODUCT_CATEGORY('part',$,(#12458));
#12623 = SHAPE_DEFINITION_REPRESENTATION(#12624,#12630);
#12624 = PRODUCT_DEFINITION_SHAPE('','',#12625);
#12625 = PRODUCT_DEFINITION('design','',#12626,#12629);
#12626 = PRODUCT_DEFINITION_FORMATION('','',#12627);
#12627 = PRODUCT('T001_P1_0_0','T001_P1_0_0','',(#12628));
#12628 = PRODUCT_CONTEXT('',#2,'mechanical');
#12629 = PRODUCT_DEFINITION_CONTEXT('part definition',#2,'design');
#12630 = ADVANCED_BREP_SHAPE_REPRESENTATION('',(#11,#12631),#12781);
#12631 = MANIFOLD_SOLID_BREP('',#12632);
#12632 = CLOSED_SHELL('',(#12633,#12673,#12713,#12735,#12757,#12769));
#12633 = ADVANCED_FACE('',(#12634),#12668,.F.);
#12634 = FACE_BOUND('',#12635,.F.);
#12635 = EDGE_LOOP('',(#12636,#12646,#12654,#12662));
#12636 = ORIENTED_EDGE('',*,*,#12637,.F.);
#12637 = EDGE_CURVE('',#12638,#12640,#12642,.T.);
#12638 = VERTEX_POINT('',#12639);
#12639 = CARTESIAN_POINT('',(987.552,71.12,627.634));
#12640 = VERTEX_POINT('',#12641);
#12641 = CARTESIAN_POINT('',(987.552,71.12,665.734));
#12642 = LINE('',#12643,#12644);
#12643 = CARTESIAN_POINT('',(987.552,71.12,627.634));
#12644 = VECTOR('',#12645,1.);
#12645 = DIRECTION('',(0.,0.,1.));
#12646 = ORIENTED_EDGE('',*,*,#12647,.T.);
#12647 = EDGE_CURVE('',#12638,#12648,#12650,.T.);
#12648 = VERTEX_POINT('',#12649);
#12649 = CARTESIAN_POINT('',(987.552,109.22,627.634));
#12650 = LINE('',#12651,#12652);
#12651 = CARTESIAN_POINT('',(987.552,71.12,627.634));
#12652 = VECTOR('',#12653,1.);
#12653 = DIRECTION('',(-0.,1.,0.));
#12654 = ORIENTED_EDGE('',*,*,#12655,.T.);
#12655 = EDGE_CURVE('',#12648,#12656,#12658,.T.);
#12656 = VERTEX_POINT('',#12657);
#12657 = CARTESIAN_POINT('',(987.552,109.22,665.734));
#12658 = LINE('',#12659,#12660);
#12659 = CARTESIAN_POINT('',(987.552,109.22,627.634));
#12660 = VECTOR('',#12661,1.);
#12661 = DIRECTION('',(0.,0.,1.));
#12662 = ORIENTED_EDGE('',*,*,#12663,.F.);
#12663 = EDGE_CURVE('',#12640,#12656,#12664,.T.);
#12664 = LINE('',#12665,#12666);
#12665 = CARTESIAN_POINT('',(987.552,71.12,665.734));
#12666 = VECTOR('',#12667,1.);
#12667 = DIRECTION('',(-0.,1.,0.));
#12668 = PLANE('',#12669);
#12669 = AXIS2_PLACEMENT_3D('',#12670,#12671,#12672);
#12670 = CARTESIAN_POINT('',(987.552,71.12,627.634));
#12671 = DIRECTION('',(1.,0.,-0.));
#12672 = DIRECTION('',(0.,0.,1.));
#12673 = ADVANCED_FACE('',(#12674),#12708,.T.);
#12674 = FACE_BOUND('',#12675,.T.);
#12675 = EDGE_LOOP('',(#12676,#12686,#12694,#12702));
#12676 = ORIENTED_EDGE('',*,*,#12677,.F.);
#12677 = EDGE_CURVE('',#12678,#12680,#12682,.T.);
#12678 = VERTEX_POINT('',#12679);
#12679 = CARTESIAN_POINT('',(1.025652E+03,71.12,627.634));
#12680 = VERTEX_POINT('',#12681);
#12681 = CARTESIAN_POINT('',(1.025652E+03,71.12,665.734));
#12682 = LINE('',#12683,#12684);
#12683 = CARTESIAN_POINT('',(1.025652E+03,71.12,627.634));
#12684 = VECTOR('',#12685,1.);
#12685 = DIRECTION('',(0.,0.,1.));
#12686 = ORIENTED_EDGE('',*,*,#12687,.T.);
#12687 = EDGE_CURVE('',#12678,#12688,#12690,.T.);
#12688 = VERTEX_POINT('',#12689);
#12689 = CARTESIAN_POINT('',(1.025652E+03,109.22,627.634));
#12690 = LINE('',#12691,#12692);
#12691 = CARTESIAN_POINT('',(1.025652E+03,71.12,627.634));
#12692 = VECTOR('',#12693,1.);
#12693 = DIRECTION('',(-0.,1.,0.));
#12694 = ORIENTED_EDGE('',*,*,#12695,.T.);
#12695 = EDGE_CURVE('',#12688,#12696,#12698,.T.);
#12696 = VERTEX_POINT('',#12697);
#12697 = CARTESIAN_POINT('',(1.025652E+03,109.22,665.734));
#12698 = LINE('',#12699,#12700);
#12699 = CARTESIAN_POINT('',(1.025652E+03,109.22,627.634));
#12700 = VECTOR('',#12701,1.);
#12701 = DIRECTION('',(0.,0.,1.));
#12702 = ORIENTED_EDGE('',*,*,#12703,.F.);
#12703 = EDGE_CURVE('',#12680,#12696,#12704,.T.);
#12704 = LINE('',#12705,#12706);
#12705 = CARTESIAN_POINT('',(1.025652E+03,71.12,665.734));
#12706 = VECTOR('',#12707,1.);
#12707 = DIRECTION('',(-0.,1.,0.));
#12708 = PLANE('',#12709);
#12709 = AXIS2_PLACEMENT_3D('',#12710,#12711,#12712);
#12710 = CARTESIAN_POINT('',(1.025652E+03,71.12,627.634));
#12711 = DIRECTION('',(1.,0.,-0.));
#12712 = DIRECTION('',(0.,0.,1.));
#12713 = ADVANCED_FACE('',(#12714),#12730,.F.);
#12714 = FACE_BOUND('',#12715,.F.);
#12715 = EDGE_LOOP('',(#12716,#12722,#12723,#12729));
#12716 = ORIENTED_EDGE('',*,*,#12717,.F.);
#12717 = EDGE_CURVE('',#12638,#12678,#12718,.T.);
#12718 = LINE('',#12719,#12720);
#12719 = CARTESIAN_POINT('',(987.552,71.12,627.634));
#12720 = VECTOR('',#12721,1.);
#12721 = DIRECTION('',(1.,0.,-0.));
#12722 = ORIENTED_EDGE('',*,*,#12637,.T.);
#12723 = ORIENTED_EDGE('',*,*,#12724,.T.);
#12724 = EDGE_CURVE('',#12640,#12680,#12725,.T.);
#12725 = LINE('',#12726,#12727);
#12726 = CARTESIAN_POINT('',(987.552,71.12,665.734));
#12727 = VECTOR('',#12728,1.);
#12728 = DIRECTION('',(1.,0.,-0.));
#12729 = ORIENTED_EDGE('',*,*,#12677,.F.);
#12730 = PLANE('',#12731);
#12731 = AXIS2_PLACEMENT_3D('',#12732,#12733,#12734);
#12732 = CARTESIAN_POINT('',(987.552,71.12,627.634));
#12733 = DIRECTION('',(-0.,1.,0.));
#12734 = DIRECTION('',(0.,0.,1.));
#12735 = ADVANCED_FACE('',(#12736),#12752,.T.);
#12736 = FACE_BOUND('',#12737,.T.);
#12737 = EDGE_LOOP('',(#12738,#12744,#12745,#12751));
#12738 = ORIENTED_EDGE('',*,*,#12739,.F.);
#12739 = EDGE_CURVE('',#12648,#12688,#12740,.T.);
#12740 = LINE('',#12741,#12742);
#12741 = CARTESIAN_POINT('',(987.552,109.22,627.634));
#12742 = VECTOR('',#12743,1.);
#12743 = DIRECTION('',(1.,0.,-0.));
#12744 = ORIENTED_EDGE('',*,*,#12655,.T.);
#12745 = ORIENTED_EDGE('',*,*,#12746,.T.);
#12746 = EDGE_CURVE('',#12656,#12696,#12747,.T.);
#12747 = LINE('',#12748,#12749);
#12748 = CARTESIAN_POINT('',(987.552,109.22,665.734));
#12749 = VECTOR('',#12750,1.);
#12750 = DIRECTION('',(1.,0.,-0.));
#12751 = ORIENTED_EDGE('',*,*,#12695,.F.);
#12752 = PLANE('',#12753);
#12753 = AXIS2_PLACEMENT_3D('',#12754,#12755,#12756);
#12754 = CARTESIAN_POINT('',(987.552,109.22,627.634));
#12755 = DIRECTION('',(-0.,1.,0.));
#12756 = DIRECTION('',(0.,0.,1.));
#12757 = ADVANCED_FACE('',(#12758),#12764,.F.);
#12758 = FACE_BOUND('',#12759,.F.);
#12759 = EDGE_LOOP('',(#12760,#12761,#12762,#12763));
#12760 = ORIENTED_EDGE('',*,*,#12647,.F.);
#12761 = ORIENTED_EDGE('',*,*,#12717,.T.);
#12762 = ORIENTED_EDGE('',*,*,#12687,.T.);
#12763 = ORIENTED_EDGE('',*,*,#12739,.F.);
#12764 = PLANE('',#12765);
#12765 = AXIS2_PLACEMENT_3D('',#12766,#12767,#12768);
#12766 = CARTESIAN_POINT('',(987.552,71.12,627.634));
#12767 = DIRECTION('',(0.,0.,1.));
#12768 = DIRECTION('',(1.,0.,-0.));
#12769 = ADVANCED_FACE('',(#12770),#12776,.T.);
#12770 = FACE_BOUND('',#12771,.T.);
#12771 = EDGE_LOOP('',(#12772,#12773,#12774,#12775));
#12772 = ORIENTED_EDGE('',*,*,#12663,.F.);
#12773 = ORIENTED_EDGE('',*,*,#12724,.T.);
#12774 = ORIENTED_EDGE('',*,*,#12703,.T.);
#12775 = ORIENTED_EDGE('',*,*,#12746,.F.);
#12776 = PLANE('',#12777);
#12777 = AXIS2_PLACEMENT_3D('',#12778,#12779,#12780);
#12778 = CARTESIAN_POINT('',(987.552,71.12,665.734));
#12779 = DIRECTION('',(0.,0.,1.));
#12780 = DIRECTION('',(1.,0.,-0.));
#12781 = ( GEOMETRIC_REPRESENTATION_CONTEXT(3) 
GLOBAL_UNCERTAINTY_ASSIGNED_CONTEXT((#12785)) 
GLOBAL_UNIT_ASSIGNED_CONTEXT((#12782,#12783,#12784)) 
REPRESENTATION_CONTEXT('Context #1',
  '3D Context with UNIT and UNCERTAINTY') );
#12782 = ( LENGTH_UNIT() NAMED_UNIT(*) SI_UNIT(.MILLI.,.METRE.) );
#12783 = ( NAMED_UNIT(*) PLANE_ANGLE_UNIT() SI_UNIT($,.RADIAN.) );
#12784 = ( NAMED_UNIT(*) SI_UNIT($,.STERADIAN.) SOLID_ANGLE_UNIT() );
#12785 = UNCERTAINTY_MEASURE_WITH_UNIT(LENGTH_MEASURE(1.E-07),#12782,
  'distance_accuracy_value','confusion accuracy');
#12786 = CONTEXT_DEPENDENT_SHAPE_REPRESENTATION(#12787,#12789);
#12787 = ( REPRESENTATION_RELATIONSHIP('','',#12630,#10) 
REPRESENTATION_RELATIONSHIP_WITH_TRANSFORMATION(#12788) 
SHAPE_REPRESENTATION_RELATIONSHIP() );
#12788 = ITEM_DEFINED_TRANSFORMATION('','',#11,#127);
#12789 = PRODUCT_DEFINITION_SHAPE('Placement','Placement of an item',
  #12790);
#12790 = NEXT_ASSEMBLY_USAGE_OCCURRENCE('29','T001_P1_0_0','',#5,#12625,
  $);
#12791 = PRODUCT_RELATED_PRODUCT_CATEGORY('part',$,(#12627));
#12792 = SHAPE_DEFINITION_REPRESENTATION(#12793,#12799);
#12793 = PRODUCT_DEFINITION_SHAPE('','',#12794);
#12794 = PRODUCT_DEFINITION('design','',#12795,#12798);
#12795 = PRODUCT_DEFINITION_FORMATION('','',#12796);
#12796 = PRODUCT('T001_P1_0_1','T001_P1_0_1','',(#12797));
#12797 = PRODUCT_CONTEXT('',#2,'mechanical');
#12798 = PRODUCT_DEFINITION_CONTEXT('part definition',#2,'design');
#12799 = ADVANCED_BREP_SHAPE_REPRESENTATION('',(#11,#12800),#12950);
#12800 = MANIFOLD_SOLID_BREP('',#12801);
#12801 = CLOSED_SHELL('',(#12802,#12842,#12882,#12904,#12926,#12938));
#12802 = ADVANCED_FACE('',(#12803),#12837,.F.);
#12803 = FACE_BOUND('',#12804,.F.);
#12804 = EDGE_LOOP('',(#12805,#12815,#12823,#12831));
#12805 = ORIENTED_EDGE('',*,*,#12806,.F.);
#12806 = EDGE_CURVE('',#12807,#12809,#12811,.T.);
#12807 = VERTEX_POINT('',#12808);
#12808 = CARTESIAN_POINT('',(1.0287E+03,71.12,627.634));
#12809 = VERTEX_POINT('',#12810);
#12810 = CARTESIAN_POINT('',(1.0287E+03,71.12,665.734));
#12811 = LINE('',#12812,#12813);
#12812 = CARTESIAN_POINT('',(1.0287E+03,71.12,627.634));
#12813 = VECTOR('',#12814,1.);
#12814 = DIRECTION('',(0.,0.,1.));
#12815 = ORIENTED_EDGE('',*,*,#12816,.T.);
#12816 = EDGE_CURVE('',#12807,#12817,#12819,.T.);
#12817 = VERTEX_POINT('',#12818);
#12818 = CARTESIAN_POINT('',(1.0287E+03,109.22,627.634));
#12819 = LINE('',#12820,#12821);
#12820 = CARTESIAN_POINT('',(1.0287E+03,71.12,627.634));
#12821 = VECTOR('',#12822,1.);
#12822 = DIRECTION('',(-0.,1.,0.));
#12823 = ORIENTED_EDGE('',*,*,#12824,.T.);
#12824 = EDGE_CURVE('',#12817,#12825,#12827,.T.);
#12825 = VERTEX_POINT('',#12826);
#12826 = CARTESIAN_POINT('',(1.0287E+03,109.22,665.734));
#12827 = LINE('',#12828,#12829);
#12828 = CARTESIAN_POINT('',(1.0287E+03,109.22,627.634));
#12829 = VECTOR('',#12830,1.);
#12830 = DIRECTION('',(0.,0.,1.));
#12831 = ORIENTED_EDGE('',*,*,#12832,.F.);
#12832 = EDGE_CURVE('',#12809,#12825,#12833,.T.);
#12833 = LINE('',#12834,#12835);
#12834 = CARTESIAN_POINT('',(1.0287E+03,71.12,665.734));
#12835 = VECTOR('',#12836,1.);
#12836 = DIRECTION('',(-0.,1.,0.));
#12837 = PLANE('',#12838);
#12838 = AXIS2_PLACEMENT_3D('',#12839,#12840,#12841);
#12839 = CARTESIAN_POINT('',(1.0287E+03,71.12,627.634));
#12840 = DIRECTION('',(1.,0.,-0.));
#12841 = DIRECTION('',(0.,0.,1.));
#12842 = ADVANCED_FACE('',(#12843),#12877,.T.);
#12843 = FACE_BOUND('',#12844,.T.);
#12844 = EDGE_LOOP('',(#12845,#12855,#12863,#12871));
#12845 = ORIENTED_EDGE('',*,*,#12846,.F.);
#12846 = EDGE_CURVE('',#12847,#12849,#12851,.T.);
#12847 = VERTEX_POINT('',#12848);
#12848 = CARTESIAN_POINT('',(1.0668E+03,71.12,627.634));
#12849 = VERTEX_POINT('',#12850);
#12850 = CARTESIAN_POINT('',(1.0668E+03,71.12,665.734));
#12851 = LINE('',#12852,#12853);
#12852 = CARTESIAN_POINT('',(1.0668E+03,71.12,627.634));
#12853 = VECTOR('',#12854,1.);
#12854 = DIRECTION('',(0.,0.,1.));
#12855 = ORIENTED_EDGE('',*,*,#12856,.T.);
#12856 = EDGE_CURVE('',#12847,#12857,#12859,.T.);
#12857 = VERTEX_POINT('',#12858);
#12858 = CARTESIAN_POINT('',(1.0668E+03,109.22,627.634));
#12859 = LINE('',#12860,#12861);
#12860 = CARTESIAN_POINT('',(1.0668E+03,71.12,627.634));
#12861 = VECTOR('',#12862,1.);
#12862 = DIRECTION('',(-0.,1.,0.));
#12863 = ORIENTED_EDGE('',*,*,#12864,.T.);
#12864 = EDGE_CURVE('',#12857,#12865,#12867,.T.);
#12865 = VERTEX_POINT('',#12866);
#12866 = CARTESIAN_POINT('',(1.0668E+03,109.22,665.734));
#12867 = LINE('',#12868,#12869);
#12868 = CARTESIAN_POINT('',(1.0668E+03,109.22,627.634));
#12869 = VECTOR('',#12870,1.);
#12870 = DIRECTION('',(0.,0.,1.));
#12871 = ORIENTED_EDGE('',*,*,#12872,.F.);
#12872 = EDGE_CURVE('',#12849,#12865,#12873,.T.);
#12873 = LINE('',#12874,#12875);
#12874 = CARTESIAN_POINT('',(1.0668E+03,71.12,665.734));
#12875 = VECTOR('',#12876,1.);
#12876 = DIRECTION('',(-0.,1.,0.));
#12877 = PLANE('',#12878);
#12878 = AXIS2_PLACEMENT_3D('',#12879,#12880,#12881);
#12879 = CARTESIAN_POINT('',(1.0668E+03,71.12,627.634));
#12880 = DIRECTION('',(1.,0.,-0.));
#12881 = DIRECTION('',(0.,0.,1.));
#12882 = ADVANCED_FACE('',(#12883),#12899,.F.);
#12883 = FACE_BOUND('',#12884,.F.);
#12884 = EDGE_LOOP('',(#12885,#12891,#12892,#12898));
#12885 = ORIENTED_EDGE('',*,*,#12886,.F.);
#12886 = EDGE_CURVE('',#12807,#12847,#12887,.T.);
#12887 = LINE('',#12888,#12889);
#12888 = CARTESIAN_POINT('',(1.0287E+03,71.12,627.634));
#12889 = VECTOR('',#12890,1.);
#12890 = DIRECTION('',(1.,0.,-0.));
#12891 = ORIENTED_EDGE('',*,*,#12806,.T.);
#12892 = ORIENTED_EDGE('',*,*,#12893,.T.);
#12893 = EDGE_CURVE('',#12809,#12849,#12894,.T.);
#12894 = LINE('',#12895,#12896);
#12895 = CARTESIAN_POINT('',(1.0287E+03,71.12,665.734));
#12896 = VECTOR('',#12897,1.);
#12897 = DIRECTION('',(1.,0.,-0.));
#12898 = ORIENTED_EDGE('',*,*,#12846,.F.);
#12899 = PLANE('',#12900);
#12900 = AXIS2_PLACEMENT_3D('',#12901,#12902,#12903);
#12901 = CARTESIAN_POINT('',(1.0287E+03,71.12,627.634));
#12902 = DIRECTION('',(-0.,1.,0.));
#12903 = DIRECTION('',(0.,0.,1.));
#12904 = ADVANCED_FACE('',(#12905),#12921,.T.);
#12905 = FACE_BOUND('',#12906,.T.);
#12906 = EDGE_LOOP('',(#12907,#12913,#12914,#12920));
#12907 = ORIENTED_EDGE('',*,*,#12908,.F.);
#12908 = EDGE_CURVE('',#12817,#12857,#12909,.T.);
#12909 = LINE('',#12910,#12911);
#12910 = CARTESIAN_POINT('',(1.0287E+03,109.22,627.634));
#12911 = VECTOR('',#12912,1.);
#12912 = DIRECTION('',(1.,0.,-0.));
#12913 = ORIENTED_EDGE('',*,*,#12824,.T.);
#12914 = ORIENTED_EDGE('',*,*,#12915,.T.);
#12915 = EDGE_CURVE('',#12825,#12865,#12916,.T.);
#12916 = LINE('',#12917,#12918);
#12917 = CARTESIAN_POINT('',(1.0287E+03,109.22,665.734));
#12918 = VECTOR('',#12919,1.);
#12919 = DIRECTION('',(1.,0.,-0.));
#12920 = ORIENTED_EDGE('',*,*,#12864,.F.);
#12921 = PLANE('',#12922);
#12922 = AXIS2_PLACEMENT_3D('',#12923,#12924,#12925);
#12923 = CARTESIAN_POINT('',(1.0287E+03,109.22,627.634));
#12924 = DIRECTION('',(-0.,1.,0.));
#12925 = DIRECTION('',(0.,0.,1.));
#12926 = ADVANCED_FACE('',(#12927),#12933,.F.);
#12927 = FACE_BOUND('',#12928,.F.);
#12928 = EDGE_LOOP('',(#12929,#12930,#12931,#12932));
#12929 = ORIENTED_EDGE('',*,*,#12816,.F.);
#12930 = ORIENTED_EDGE('',*,*,#12886,.T.);
#12931 = ORIENTED_EDGE('',*,*,#12856,.T.);
#12932 = ORIENTED_EDGE('',*,*,#12908,.F.);
#12933 = PLANE('',#12934);
#12934 = AXIS2_PLACEMENT_3D('',#12935,#12936,#12937);
#12935 = CARTESIAN_POINT('',(1.0287E+03,71.12,627.634));
#12936 = DIRECTION('',(0.,0.,1.));
#12937 = DIRECTION('',(1.,0.,-0.));
#12938 = ADVANCED_FACE('',(#12939),#12945,.T.);
#12939 = FACE_BOUND('',#12940,.T.);
#12940 = EDGE_LOOP('',(#12941,#12942,#12943,#12944));
#12941 = ORIENTED_EDGE('',*,*,#12832,.F.);
#12942 = ORIENTED_EDGE('',*,*,#12893,.T.);
#12943 = ORIENTED_EDGE('',*,*,#12872,.T.);
#12944 = ORIENTED_EDGE('',*,*,#12915,.F.);
#12945 = PLANE('',#12946);
#12946 = AXIS2_PLACEMENT_3D('',#12947,#12948,#12949);
#12947 = CARTESIAN_POINT('',(1.0287E+03,71.12,665.734));
#12948 = DIRECTION('',(0.,0.,1.));
#12949 = DIRECTION('',(1.,0.,-0.));
#12950 = ( GEOMETRIC_REPRESENTATION_CONTEXT(3) 
GLOBAL_UNCERTAINTY_ASSIGNED_CONTEXT((#12954)) 
GLOBAL_UNIT_ASSIGNED_CONTEXT((#12951,#12952,#12953)) 
REPRESENTATION_CONTEXT('Context #1',
  '3D Context with UNIT and UNCERTAINTY') );
#12951 = ( LENGTH_UNIT() NAMED_UNIT(*) SI_UNIT(.MILLI.,.METRE.) );
#12952 = ( NAMED_UNIT(*) PLANE_ANGLE_UNIT() SI_UNIT($,.RADIAN.) );
#12953 = ( NAMED_UNIT(*) SI_UNIT($,.STERADIAN.) SOLID_ANGLE_UNIT() );
#12954 = UNCERTAINTY_MEASURE_WITH_UNIT(LENGTH_MEASURE(1.E-07),#12951,
  'distance_accuracy_value','confusion accuracy');
#12955 = CONTEXT_DEPENDENT_SHAPE_REPRESENTATION(#12956,#12958);
#12956 = ( REPRESENTATION_RELATIONSHIP('','',#12799,#10) 
REPRESENTATION_RELATIONSHIP_WITH_TRANSFORMATION(#12957) 
SHAPE_REPRESENTATION_RELATIONSHIP() );
#12957 = ITEM_DEFINED_TRANSFORMATION('','',#11,#131);
#12958 = PRODUCT_DEFINITION_SHAPE('Placement','Placement of an item',
  #12959);
#12959 = NEXT_ASSEMBLY_USAGE_OCCURRENCE('30','T001_P1_0_1','',#5,#12794,
  $);
#12960 = PRODUCT_RELATED_PRODUCT_CATEGORY('part',$,(#12796));
#12961 = SHAPE_DEFINITION_REPRESENTATION(#12962,#12968);
#12962 = PRODUCT_DEFINITION_SHAPE('','',#12963);
#12963 = PRODUCT_DEFINITION('design','',#12964,#12967);
#12964 = PRODUCT_DEFINITION_FORMATION('','',#12965);
#12965 = PRODUCT('T001_P1_0_2','T001_P1_0_2','',(#12966));
#12966 = PRODUCT_CONTEXT('',#2,'mechanical');
#12967 = PRODUCT_DEFINITION_CONTEXT('part definition',#2,'design');
#12968 = ADVANCED_BREP_SHAPE_REPRESENTATION('',(#11,#12969),#13119);
#12969 = MANIFOLD_SOLID_BREP('',#12970);
#12970 = CLOSED_SHELL('',(#12971,#13011,#13051,#13073,#13095,#13107));
#12971 = ADVANCED_FACE('',(#12972),#13006,.F.);
#12972 = FACE_BOUND('',#12973,.F.);
#12973 = EDGE_LOOP('',(#12974,#12984,#12992,#13000));
#12974 = ORIENTED_EDGE('',*,*,#12975,.F.);
#12975 = EDGE_CURVE('',#12976,#12978,#12980,.T.);
#12976 = VERTEX_POINT('',#12977);
#12977 = CARTESIAN_POINT('',(1.069848E+03,71.12,627.634));
#12978 = VERTEX_POINT('',#12979);
#12979 = CARTESIAN_POINT('',(1.069848E+03,71.12,665.734));
#12980 = LINE('',#12981,#12982);
#12981 = CARTESIAN_POINT('',(1.069848E+03,71.12,627.634));
#12982 = VECTOR('',#12983,1.);
#12983 = DIRECTION('',(0.,0.,1.));
#12984 = ORIENTED_EDGE('',*,*,#12985,.T.);
#12985 = EDGE_CURVE('',#12976,#12986,#12988,.T.);
#12986 = VERTEX_POINT('',#12987);
#12987 = CARTESIAN_POINT('',(1.069848E+03,109.22,627.634));
#12988 = LINE('',#12989,#12990);
#12989 = CARTESIAN_POINT('',(1.069848E+03,71.12,627.634));
#12990 = VECTOR('',#12991,1.);
#12991 = DIRECTION('',(-0.,1.,0.));
#12992 = ORIENTED_EDGE('',*,*,#12993,.T.);
#12993 = EDGE_CURVE('',#12986,#12994,#12996,.T.);
#12994 = VERTEX_POINT('',#12995);
#12995 = CARTESIAN_POINT('',(1.069848E+03,109.22,665.734));
#12996 = LINE('',#12997,#12998);
#12997 = CARTESIAN_POINT('',(1.069848E+03,109.22,627.634));
#12998 = VECTOR('',#12999,1.);
#12999 = DIRECTION('',(0.,0.,1.));
#13000 = ORIENTED_EDGE('',*,*,#13001,.F.);
#13001 = EDGE_CURVE('',#12978,#12994,#13002,.T.);
#13002 = LINE('',#13003,#13004);
#13003 = CARTESIAN_POINT('',(1.069848E+03,71.12,665.734));
#13004 = VECTOR('',#13005,1.);
#13005 = DIRECTION('',(-0.,1.,0.));
#13006 = PLANE('',#13007);
#13007 = AXIS2_PLACEMENT_3D('',#13008,#13009,#13010);
#13008 = CARTESIAN_POINT('',(1.069848E+03,71.12,627.634));
#13009 = DIRECTION('',(1.,0.,-0.));
#13010 = DIRECTION('',(0.,0.,1.));
#13011 = ADVANCED_FACE('',(#13012),#13046,.T.);
#13012 = FACE_BOUND('',#13013,.T.);
#13013 = EDGE_LOOP('',(#13014,#13024,#13032,#13040));
#13014 = ORIENTED_EDGE('',*,*,#13015,.F.);
#13015 = EDGE_CURVE('',#13016,#13018,#13020,.T.);
#13016 = VERTEX_POINT('',#13017);
#13017 = CARTESIAN_POINT('',(1.107948E+03,71.12,627.634));
#13018 = VERTEX_POINT('',#13019);
#13019 = CARTESIAN_POINT('',(1.107948E+03,71.12,665.734));
#13020 = LINE('',#13021,#13022);
#13021 = CARTESIAN_POINT('',(1.107948E+03,71.12,627.634));
#13022 = VECTOR('',#13023,1.);
#13023 = DIRECTION('',(0.,0.,1.));
#13024 = ORIENTED_EDGE('',*,*,#13025,.T.);
#13025 = EDGE_CURVE('',#13016,#13026,#13028,.T.);
#13026 = VERTEX_POINT('',#13027);
#13027 = CARTESIAN_POINT('',(1.107948E+03,109.22,627.634));
#13028 = LINE('',#13029,#13030);
#13029 = CARTESIAN_POINT('',(1.107948E+03,71.12,627.634));
#13030 = VECTOR('',#13031,1.);
#13031 = DIRECTION('',(-0.,1.,0.));
#13032 = ORIENTED_EDGE('',*,*,#13033,.T.);
#13033 = EDGE_CURVE('',#13026,#13034,#13036,.T.);
#13034 = VERTEX_POINT('',#13035);
#13035 = CARTESIAN_POINT('',(1.107948E+03,109.22,665.734));
#13036 = LINE('',#13037,#13038);
#13037 = CARTESIAN_POINT('',(1.107948E+03,109.22,627.634));
#13038 = VECTOR('',#13039,1.);
#13039 = DIRECTION('',(0.,0.,1.));
#13040 = ORIENTED_EDGE('',*,*,#13041,.F.);
#13041 = EDGE_CURVE('',#13018,#13034,#13042,.T.);
#13042 = LINE('',#13043,#13044);
#13043 = CARTESIAN_POINT('',(1.107948E+03,71.12,665.734));
#13044 = VECTOR('',#13045,1.);
#13045 = DIRECTION('',(-0.,1.,0.));
#13046 = PLANE('',#13047);
#13047 = AXIS2_PLACEMENT_3D('',#13048,#13049,#13050);
#13048 = CARTESIAN_POINT('',(1.107948E+03,71.12,627.634));
#13049 = DIRECTION('',(1.,0.,-0.));
#13050 = DIRECTION('',(0.,0.,1.));
#13051 = ADVANCED_FACE('',(#13052),#13068,.F.);
#13052 = FACE_BOUND('',#13053,.F.);
#13053 = EDGE_LOOP('',(#13054,#13060,#13061,#13067));
#13054 = ORIENTED_EDGE('',*,*,#13055,.F.);
#13055 = EDGE_CURVE('',#12976,#13016,#13056,.T.);
#13056 = LINE('',#13057,#13058);
#13057 = CARTESIAN_POINT('',(1.069848E+03,71.12,627.634));
#13058 = VECTOR('',#13059,1.);
#13059 = DIRECTION('',(1.,0.,-0.));
#13060 = ORIENTED_EDGE('',*,*,#12975,.T.);
#13061 = ORIENTED_EDGE('',*,*,#13062,.T.);
#13062 = EDGE_CURVE('',#12978,#13018,#13063,.T.);
#13063 = LINE('',#13064,#13065);
#13064 = CARTESIAN_POINT('',(1.069848E+03,71.12,665.734));
#13065 = VECTOR('',#13066,1.);
#13066 = DIRECTION('',(1.,0.,-0.));
#13067 = ORIENTED_EDGE('',*,*,#13015,.F.);
#13068 = PLANE('',#13069);
#13069 = AXIS2_PLACEMENT_3D('',#13070,#13071,#13072);
#13070 = CARTESIAN_POINT('',(1.069848E+03,71.12,627.634));
#13071 = DIRECTION('',(-0.,1.,0.));
#13072 = DIRECTION('',(0.,0.,1.));
#13073 = ADVANCED_FACE('',(#13074),#13090,.T.);
#13074 = FACE_BOUND('',#13075,.T.);
#13075 = EDGE_LOOP('',(#13076,#13082,#13083,#13089));
#13076 = ORIENTED_EDGE('',*,*,#13077,.F.);
#13077 = EDGE_CURVE('',#12986,#13026,#13078,.T.);
#13078 = LINE('',#13079,#13080);
#13079 = CARTESIAN_POINT('',(1.069848E+03,109.22,627.634));
#13080 = VECTOR('',#13081,1.);
#13081 = DIRECTION('',(1.,0.,-0.));
#13082 = ORIENTED_EDGE('',*,*,#12993,.T.);
#13083 = ORIENTED_EDGE('',*,*,#13084,.T.);
#13084 = EDGE_CURVE('',#12994,#13034,#13085,.T.);
#13085 = LINE('',#13086,#13087);
#13086 = CARTESIAN_POINT('',(1.069848E+03,109.22,665.734));
#13087 = VECTOR('',#13088,1.);
#13088 = DIRECTION('',(1.,0.,-0.));
#13089 = ORIENTED_EDGE('',*,*,#13033,.F.);
#13090 = PLANE('',#13091);
#13091 = AXIS2_PLACEMENT_3D('',#13092,#13093,#13094);
#13092 = CARTESIAN_POINT('',(1.069848E+03,109.22,627.634));
#13093 = DIRECTION('',(-0.,1.,0.));
#13094 = DIRECTION('',(0.,0.,1.));
#13095 = ADVANCED_FACE('',(#13096),#13102,.F.);
#13096 = FACE_BOUND('',#13097,.F.);
#13097 = EDGE_LOOP('',(#13098,#13099,#13100,#13101));
#13098 = ORIENTED_EDGE('',*,*,#12985,.F.);
#13099 = ORIENTED_EDGE('',*,*,#13055,.T.);
#13100 = ORIENTED_EDGE('',*,*,#13025,.T.);
#13101 = ORIENTED_EDGE('',*,*,#13077,.F.);
#13102 = PLANE('',#13103);
#13103 = AXIS2_PLACEMENT_3D('',#13104,#13105,#13106);
#13104 = CARTESIAN_POINT('',(1.069848E+03,71.12,627.634));
#13105 = DIRECTION('',(0.,0.,1.));
#13106 = DIRECTION('',(1.,0.,-0.));
#13107 = ADVANCED_FACE('',(#13108),#13114,.T.);
#13108 = FACE_BOUND('',#13109,.T.);
#13109 = EDGE_LOOP('',(#13110,#13111,#13112,#13113));
#13110 = ORIENTED_EDGE('',*,*,#13001,.F.);
#13111 = ORIENTED_EDGE('',*,*,#13062,.T.);
#13112 = ORIENTED_EDGE('',*,*,#13041,.T.);
#13113 = ORIENTED_EDGE('',*,*,#13084,.F.);
#13114 = PLANE('',#13115);
#13115 = AXIS2_PLACEMENT_3D('',#13116,#13117,#13118);
#13116 = CARTESIAN_POINT('',(1.069848E+03,71.12,665.734));
#13117 = DIRECTION('',(0.,0.,1.));
#13118 = DIRECTION('',(1.,0.,-0.));
#13119 = ( GEOMETRIC_REPRESENTATION_CONTEXT(3) 
GLOBAL_UNCERTAINTY_ASSIGNED_CONTEXT((#13123)) 
GLOBAL_UNIT_ASSIGNED_CONTEXT((#13120,#13121,#13122)) 
REPRESENTATION_CONTEXT('Context #1',
  '3D Context with UNIT and UNCERTAINTY') );
#13120 = ( LENGTH_UNIT() NAMED_UNIT(*) SI_UNIT(.MILLI.,.METRE.) );
#13121 = ( NAMED_UNIT(*) PLANE_ANGLE_UNIT() SI_UNIT($,.RADIAN.) );
#13122 = ( NAMED_UNIT(*) SI_UNIT($,.STERADIAN.) SOLID_ANGLE_UNIT() );
#13123 = UNCERTAINTY_MEASURE_WITH_UNIT(LENGTH_MEASURE(1.E-07),#13120,
  'distance_accuracy_value','confusion accuracy');
#13124 = CONTEXT_DEPENDENT_SHAPE_REPRESENTATION(#13125,#13127);
#13125 = ( REPRESENTATION_RELATIONSHIP('','',#12968,#10) 
REPRESENTATION_RELATIONSHIP_WITH_TRANSFORMATION(#13126) 
SHAPE_REPRESENTATION_RELATIONSHIP() );
#13126 = ITEM_DEFINED_TRANSFORMATION('','',#11,#135);
#13127 = PRODUCT_DEFINITION_SHAPE('Placement','Placement of an item',
  #13128);
#13128 = NEXT_ASSEMBLY_USAGE_OCCURRENCE('31','T001_P1_0_2','',#5,#12963,
  $);
#13129 = PRODUCT_RELATED_PRODUCT_CATEGORY('part',$,(#12965));
#13130 = SHAPE_DEFINITION_REPRESENTATION(#13131,#13137);
#13131 = PRODUCT_DEFINITION_SHAPE('','',#13132);
#13132 = PRODUCT_DEFINITION('design','',#13133,#13136);
#13133 = PRODUCT_DEFINITION_FORMATION('','',#13134);
#13134 = PRODUCT('T001_P1_1_0','T001_P1_1_0','',(#13135));
#13135 = PRODUCT_CONTEXT('',#2,'mechanical');
#13136 = PRODUCT_DEFINITION_CONTEXT('part definition',#2,'design');
#13137 = ADVANCED_BREP_SHAPE_REPRESENTATION('',(#11,#13138),#13288);
#13138 = MANIFOLD_SOLID_BREP('',#13139);
#13139 = CLOSED_SHELL('',(#13140,#13180,#13220,#13242,#13264,#13276));
#13140 = ADVANCED_FACE('',(#13141),#13175,.F.);
#13141 = FACE_BOUND('',#13142,.F.);
#13142 = EDGE_LOOP('',(#13143,#13153,#13161,#13169));
#13143 = ORIENTED_EDGE('',*,*,#13144,.F.);
#13144 = EDGE_CURVE('',#13145,#13147,#13149,.T.);
#13145 = VERTEX_POINT('',#13146);
#13146 = CARTESIAN_POINT('',(987.552,71.12,1.2329414E+03));
#13147 = VERTEX_POINT('',#13148);
#13148 = CARTESIAN_POINT('',(987.552,71.12,1.2710414E+03));
#13149 = LINE('',#13150,#13151);
#13150 = CARTESIAN_POINT('',(987.552,71.12,1.2329414E+03));
#13151 = VECTOR('',#13152,1.);
#13152 = DIRECTION('',(0.,0.,1.));
#13153 = ORIENTED_EDGE('',*,*,#13154,.T.);
#13154 = EDGE_CURVE('',#13145,#13155,#13157,.T.);
#13155 = VERTEX_POINT('',#13156);
#13156 = CARTESIAN_POINT('',(987.552,109.22,1.2329414E+03));
#13157 = LINE('',#13158,#13159);
#13158 = CARTESIAN_POINT('',(987.552,71.12,1.2329414E+03));
#13159 = VECTOR('',#13160,1.);
#13160 = DIRECTION('',(-0.,1.,0.));
#13161 = ORIENTED_EDGE('',*,*,#13162,.T.);
#13162 = EDGE_CURVE('',#13155,#13163,#13165,.T.);
#13163 = VERTEX_POINT('',#13164);
#13164 = CARTESIAN_POINT('',(987.552,109.22,1.2710414E+03));
#13165 = LINE('',#13166,#13167);
#13166 = CARTESIAN_POINT('',(987.552,109.22,1.2329414E+03));
#13167 = VECTOR('',#13168,1.);
#13168 = DIRECTION('',(0.,0.,1.));
#13169 = ORIENTED_EDGE('',*,*,#13170,.F.);
#13170 = EDGE_CURVE('',#13147,#13163,#13171,.T.);
#13171 = LINE('',#13172,#13173);
#13172 = CARTESIAN_POINT('',(987.552,71.12,1.2710414E+03));
#13173 = VECTOR('',#13174,1.);
#13174 = DIRECTION('',(-0.,1.,0.));
#13175 = PLANE('',#13176);
#13176 = AXIS2_PLACEMENT_3D('',#13177,#13178,#13179);
#13177 = CARTESIAN_POINT('',(987.552,71.12,1.2329414E+03));
#13178 = DIRECTION('',(1.,0.,-0.));
#13179 = DIRECTION('',(0.,0.,1.));
#13180 = ADVANCED_FACE('',(#13181),#13215,.T.);
#13181 = FACE_BOUND('',#13182,.T.);
#13182 = EDGE_LOOP('',(#13183,#13193,#13201,#13209));
#13183 = ORIENTED_EDGE('',*,*,#13184,.F.);
#13184 = EDGE_CURVE('',#13185,#13187,#13189,.T.);
#13185 = VERTEX_POINT('',#13186);
#13186 = CARTESIAN_POINT('',(1.025652E+03,71.12,1.2329414E+03));
#13187 = VERTEX_POINT('',#13188);
#13188 = CARTESIAN_POINT('',(1.025652E+03,71.12,1.2710414E+03));
#13189 = LINE('',#13190,#13191);
#13190 = CARTESIAN_POINT('',(1.025652E+03,71.12,1.2329414E+03));
#13191 = VECTOR('',#13192,1.);
#13192 = DIRECTION('',(0.,0.,1.));
#13193 = ORIENTED_EDGE('',*,*,#13194,.T.);
#13194 = EDGE_CURVE('',#13185,#13195,#13197,.T.);
#13195 = VERTEX_POINT('',#13196);
#13196 = CARTESIAN_POINT('',(1.025652E+03,109.22,1.2329414E+03));
#13197 = LINE('',#13198,#13199);
#13198 = CARTESIAN_POINT('',(1.025652E+03,71.12,1.2329414E+03));
#13199 = VECTOR('',#13200,1.);
#13200 = DIRECTION('',(-0.,1.,0.));
#13201 = ORIENTED_EDGE('',*,*,#13202,.T.);
#13202 = EDGE_CURVE('',#13195,#13203,#13205,.T.);
#13203 = VERTEX_POINT('',#13204);
#13204 = CARTESIAN_POINT('',(1.025652E+03,109.22,1.2710414E+03));
#13205 = LINE('',#13206,#13207);
#13206 = CARTESIAN_POINT('',(1.025652E+03,109.22,1.2329414E+03));
#13207 = VECTOR('',#13208,1.);
#13208 = DIRECTION('',(0.,0.,1.));
#13209 = ORIENTED_EDGE('',*,*,#13210,.F.);
#13210 = EDGE_CURVE('',#13187,#13203,#13211,.T.);
#13211 = LINE('',#13212,#13213);
#13212 = CARTESIAN_POINT('',(1.025652E+03,71.12,1.2710414E+03));
#13213 = VECTOR('',#13214,1.);
#13214 = DIRECTION('',(-0.,1.,0.));
#13215 = PLANE('',#13216);
#13216 = AXIS2_PLACEMENT_3D('',#13217,#13218,#13219);
#13217 = CARTESIAN_POINT('',(1.025652E+03,71.12,1.2329414E+03));
#13218 = DIRECTION('',(1.,0.,-0.));
#13219 = DIRECTION('',(0.,0.,1.));
#13220 = ADVANCED_FACE('',(#13221),#13237,.F.);
#13221 = FACE_BOUND('',#13222,.F.);
#13222 = EDGE_LOOP('',(#13223,#13229,#13230,#13236));
#13223 = ORIENTED_EDGE('',*,*,#13224,.F.);
#13224 = EDGE_CURVE('',#13145,#13185,#13225,.T.);
#13225 = LINE('',#13226,#13227);
#13226 = CARTESIAN_POINT('',(987.552,71.12,1.2329414E+03));
#13227 = VECTOR('',#13228,1.);
#13228 = DIRECTION('',(1.,0.,-0.));
#13229 = ORIENTED_EDGE('',*,*,#13144,.T.);
#13230 = ORIENTED_EDGE('',*,*,#13231,.T.);
#13231 = EDGE_CURVE('',#13147,#13187,#13232,.T.);
#13232 = LINE('',#13233,#13234);
#13233 = CARTESIAN_POINT('',(987.552,71.12,1.2710414E+03));
#13234 = VECTOR('',#13235,1.);
#13235 = DIRECTION('',(1.,0.,-0.));
#13236 = ORIENTED_EDGE('',*,*,#13184,.F.);
#13237 = PLANE('',#13238);
#13238 = AXIS2_PLACEMENT_3D('',#13239,#13240,#13241);
#13239 = CARTESIAN_POINT('',(987.552,71.12,1.2329414E+03));
#13240 = DIRECTION('',(-0.,1.,0.));
#13241 = DIRECTION('',(0.,0.,1.));
#13242 = ADVANCED_FACE('',(#13243),#13259,.T.);
#13243 = FACE_BOUND('',#13244,.T.);
#13244 = EDGE_LOOP('',(#13245,#13251,#13252,#13258));
#13245 = ORIENTED_EDGE('',*,*,#13246,.F.);
#13246 = EDGE_CURVE('',#13155,#13195,#13247,.T.);
#13247 = LINE('',#13248,#13249);
#13248 = CARTESIAN_POINT('',(987.552,109.22,1.2329414E+03));
#13249 = VECTOR('',#13250,1.);
#13250 = DIRECTION('',(1.,0.,-0.));
#13251 = ORIENTED_EDGE('',*,*,#13162,.T.);
#13252 = ORIENTED_EDGE('',*,*,#13253,.T.);
#13253 = EDGE_CURVE('',#13163,#13203,#13254,.T.);
#13254 = LINE('',#13255,#13256);
#13255 = CARTESIAN_POINT('',(987.552,109.22,1.2710414E+03));
#13256 = VECTOR('',#13257,1.);
#13257 = DIRECTION('',(1.,0.,-0.));
#13258 = ORIENTED_EDGE('',*,*,#13202,.F.);
#13259 = PLANE('',#13260);
#13260 = AXIS2_PLACEMENT_3D('',#13261,#13262,#13263);
#13261 = CARTESIAN_POINT('',(987.552,109.22,1.2329414E+03));
#13262 = DIRECTION('',(-0.,1.,0.));
#13263 = DIRECTION('',(0.,0.,1.));
#13264 = ADVANCED_FACE('',(#13265),#13271,.F.);
#13265 = FACE_BOUND('',#13266,.F.);
#13266 = EDGE_LOOP('',(#13267,#13268,#13269,#13270));
#13267 = ORIENTED_EDGE('',*,*,#13154,.F.);
#13268 = ORIENTED_EDGE('',*,*,#13224,.T.);
#13269 = ORIENTED_EDGE('',*,*,#13194,.T.);
#13270 = ORIENTED_EDGE('',*,*,#13246,.F.);
#13271 = PLANE('',#13272);
#13272 = AXIS2_PLACEMENT_3D('',#13273,#13274,#13275);
#13273 = CARTESIAN_POINT('',(987.552,71.12,1.2329414E+03));
#13274 = DIRECTION('',(0.,0.,1.));
#13275 = DIRECTION('',(1.,0.,-0.));
#13276 = ADVANCED_FACE('',(#13277),#13283,.T.);
#13277 = FACE_BOUND('',#13278,.T.);
#13278 = EDGE_LOOP('',(#13279,#13280,#13281,#13282));
#13279 = ORIENTED_EDGE('',*,*,#13170,.F.);
#13280 = ORIENTED_EDGE('',*,*,#13231,.T.);
#13281 = ORIENTED_EDGE('',*,*,#13210,.T.);
#13282 = ORIENTED_EDGE('',*,*,#13253,.F.);
#13283 = PLANE('',#13284);
#13284 = AXIS2_PLACEMENT_3D('',#13285,#13286,#13287);
#13285 = CARTESIAN_POINT('',(987.552,71.12,1.2710414E+03));
#13286 = DIRECTION('',(0.,0.,1.));
#13287 = DIRECTION('',(1.,0.,-0.));
#13288 = ( GEOMETRIC_REPRESENTATION_CONTEXT(3) 
GLOBAL_UNCERTAINTY_ASSIGNED_CONTEXT((#13292)) 
GLOBAL_UNIT_ASSIGNED_CONTEXT((#13289,#13290,#13291)) 
REPRESENTATION_CONTEXT('Context #1',
  '3D Context with UNIT and UNCERTAINTY') );
#13289 = ( LENGTH_UNIT() NAMED_UNIT(*) SI_UNIT(.MILLI.,.METRE.) );
#13290 = ( NAMED_UNIT(*) PLANE_ANGLE_UNIT() SI_UNIT($,.RADIAN.) );
#13291 = ( NAMED_UNIT(*) SI_UNIT($,.STERADIAN.) SOLID_ANGLE_UNIT() );
#13292 = UNCERTAINTY_MEASURE_WITH_UNIT(LENGTH_MEASURE(1.E-07),#13289,
  'distance_accuracy_value','confusion accuracy');
#13293 = CONTEXT_DEPENDENT_SHAPE_REPRESENTATION(#13294,#13296);
#13294 = ( REPRESENTATION_RELATIONSHIP('','',#13137,#10) 
REPRESENTATION_RELATIONSHIP_WITH_TRANSFORMATION(#13295) 
SHAPE_REPRESENTATION_RELATIONSHIP() );
#13295 = ITEM_DEFINED_TRANSFORMATION('','',#11,#139);
#13296 = PRODUCT_DEFINITION_SHAPE('Placement','Placement of an item',
  #13297);
#13297 = NEXT_ASSEMBLY_USAGE_OCCURRENCE('32','T001_P1_1_0','',#5,#13132,
  $);
#13298 = PRODUCT_RELATED_PRODUCT_CATEGORY('part',$,(#13134));
#13299 = SHAPE_DEFINITION_REPRESENTATION(#13300,#13306);
#13300 = PRODUCT_DEFINITION_SHAPE('','',#13301);
#13301 = PRODUCT_DEFINITION('design','',#13302,#13305);
#13302 = PRODUCT_DEFINITION_FORMATION('','',#13303);
#13303 = PRODUCT('T001_P1_1_1','T001_P1_1_1','',(#13304));
#13304 = PRODUCT_CONTEXT('',#2,'mechanical');
#13305 = PRODUCT_DEFINITION_CONTEXT('part definition',#2,'design');
#13306 = ADVANCED_BREP_SHAPE_REPRESENTATION('',(#11,#13307),#13457);
#13307 = MANIFOLD_SOLID_BREP('',#13308);
#13308 = CLOSED_SHELL('',(#13309,#13349,#13389,#13411,#13433,#13445));
#13309 = ADVANCED_FACE('',(#13310),#13344,.F.);
#13310 = FACE_BOUND('',#13311,.F.);
#13311 = EDGE_LOOP('',(#13312,#13322,#13330,#13338));
#13312 = ORIENTED_EDGE('',*,*,#13313,.F.);
#13313 = EDGE_CURVE('',#13314,#13316,#13318,.T.);
#13314 = VERTEX_POINT('',#13315);
#13315 = CARTESIAN_POINT('',(1.0287E+03,71.12,1.2329414E+03));
#13316 = VERTEX_POINT('',#13317);
#13317 = CARTESIAN_POINT('',(1.0287E+03,71.12,1.2710414E+03));
#13318 = LINE('',#13319,#13320);
#13319 = CARTESIAN_POINT('',(1.0287E+03,71.12,1.2329414E+03));
#13320 = VECTOR('',#13321,1.);
#13321 = DIRECTION('',(0.,0.,1.));
#13322 = ORIENTED_EDGE('',*,*,#13323,.T.);
#13323 = EDGE_CURVE('',#13314,#13324,#13326,.T.);
#13324 = VERTEX_POINT('',#13325);
#13325 = CARTESIAN_POINT('',(1.0287E+03,109.22,1.2329414E+03));
#13326 = LINE('',#13327,#13328);
#13327 = CARTESIAN_POINT('',(1.0287E+03,71.12,1.2329414E+03));
#13328 = VECTOR('',#13329,1.);
#13329 = DIRECTION('',(-0.,1.,0.));
#13330 = ORIENTED_EDGE('',*,*,#13331,.T.);
#13331 = EDGE_CURVE('',#13324,#13332,#13334,.T.);
#13332 = VERTEX_POINT('',#13333);
#13333 = CARTESIAN_POINT('',(1.0287E+03,109.22,1.2710414E+03));
#13334 = LINE('',#13335,#13336);
#13335 = CARTESIAN_POINT('',(1.0287E+03,109.22,1.2329414E+03));
#13336 = VECTOR('',#13337,1.);
#13337 = DIRECTION('',(0.,0.,1.));
#13338 = ORIENTED_EDGE('',*,*,#13339,.F.);
#13339 = EDGE_CURVE('',#13316,#13332,#13340,.T.);
#13340 = LINE('',#13341,#13342);
#13341 = CARTESIAN_POINT('',(1.0287E+03,71.12,1.2710414E+03));
#13342 = VECTOR('',#13343,1.);
#13343 = DIRECTION('',(-0.,1.,0.));
#13344 = PLANE('',#13345);
#13345 = AXIS2_PLACEMENT_3D('',#13346,#13347,#13348);
#13346 = CARTESIAN_POINT('',(1.0287E+03,71.12,1.2329414E+03));
#13347 = DIRECTION('',(1.,0.,-0.));
#13348 = DIRECTION('',(0.,0.,1.));
#13349 = ADVANCED_FACE('',(#13350),#13384,.T.);
#13350 = FACE_BOUND('',#13351,.T.);
#13351 = EDGE_LOOP('',(#13352,#13362,#13370,#13378));
#13352 = ORIENTED_EDGE('',*,*,#13353,.F.);
#13353 = EDGE_CURVE('',#13354,#13356,#13358,.T.);
#13354 = VERTEX_POINT('',#13355);
#13355 = CARTESIAN_POINT('',(1.0668E+03,71.12,1.2329414E+03));
#13356 = VERTEX_POINT('',#13357);
#13357 = CARTESIAN_POINT('',(1.0668E+03,71.12,1.2710414E+03));
#13358 = LINE('',#13359,#13360);
#13359 = CARTESIAN_POINT('',(1.0668E+03,71.12,1.2329414E+03));
#13360 = VECTOR('',#13361,1.);
#13361 = DIRECTION('',(0.,0.,1.));
#13362 = ORIENTED_EDGE('',*,*,#13363,.T.);
#13363 = EDGE_CURVE('',#13354,#13364,#13366,.T.);
#13364 = VERTEX_POINT('',#13365);
#13365 = CARTESIAN_POINT('',(1.0668E+03,109.22,1.2329414E+03));
#13366 = LINE('',#13367,#13368);
#13367 = CARTESIAN_POINT('',(1.0668E+03,71.12,1.2329414E+03));
#13368 = VECTOR('',#13369,1.);
#13369 = DIRECTION('',(-0.,1.,0.));
#13370 = ORIENTED_EDGE('',*,*,#13371,.T.);
#13371 = EDGE_CURVE('',#13364,#13372,#13374,.T.);
#13372 = VERTEX_POINT('',#13373);
#13373 = CARTESIAN_POINT('',(1.0668E+03,109.22,1.2710414E+03));
#13374 = LINE('',#13375,#13376);
#13375 = CARTESIAN_POINT('',(1.0668E+03,109.22,1.2329414E+03));
#13376 = VECTOR('',#13377,1.);
#13377 = DIRECTION('',(0.,0.,1.));
#13378 = ORIENTED_EDGE('',*,*,#13379,.F.);
#13379 = EDGE_CURVE('',#13356,#13372,#13380,.T.);
#13380 = LINE('',#13381,#13382);
#13381 = CARTESIAN_POINT('',(1.0668E+03,71.12,1.2710414E+03));
#13382 = VECTOR('',#13383,1.);
#13383 = DIRECTION('',(-0.,1.,0.));
#13384 = PLANE('',#13385);
#13385 = AXIS2_PLACEMENT_3D('',#13386,#13387,#13388);
#13386 = CARTESIAN_POINT('',(1.0668E+03,71.12,1.2329414E+03));
#13387 = DIRECTION('',(1.,0.,-0.));
#13388 = DIRECTION('',(0.,0.,1.));
#13389 = ADVANCED_FACE('',(#13390),#13406,.F.);
#13390 = FACE_BOUND('',#13391,.F.);
#13391 = EDGE_LOOP('',(#13392,#13398,#13399,#13405));
#13392 = ORIENTED_EDGE('',*,*,#13393,.F.);
#13393 = EDGE_CURVE('',#13314,#13354,#13394,.T.);
#13394 = LINE('',#13395,#13396);
#13395 = CARTESIAN_POINT('',(1.0287E+03,71.12,1.2329414E+03));
#13396 = VECTOR('',#13397,1.);
#13397 = DIRECTION('',(1.,0.,-0.));
#13398 = ORIENTED_EDGE('',*,*,#13313,.T.);
#13399 = ORIENTED_EDGE('',*,*,#13400,.T.);
#13400 = EDGE_CURVE('',#13316,#13356,#13401,.T.);
#13401 = LINE('',#13402,#13403);
#13402 = CARTESIAN_POINT('',(1.0287E+03,71.12,1.2710414E+03));
#13403 = VECTOR('',#13404,1.);
#13404 = DIRECTION('',(1.,0.,-0.));
#13405 = ORIENTED_EDGE('',*,*,#13353,.F.);
#13406 = PLANE('',#13407);
#13407 = AXIS2_PLACEMENT_3D('',#13408,#13409,#13410);
#13408 = CARTESIAN_POINT('',(1.0287E+03,71.12,1.2329414E+03));
#13409 = DIRECTION('',(-0.,1.,0.));
#13410 = DIRECTION('',(0.,0.,1.));
#13411 = ADVANCED_FACE('',(#13412),#13428,.T.);
#13412 = FACE_BOUND('',#13413,.T.);
#13413 = EDGE_LOOP('',(#13414,#13420,#13421,#13427));
#13414 = ORIENTED_EDGE('',*,*,#13415,.F.);
#13415 = EDGE_CURVE('',#13324,#13364,#13416,.T.);
#13416 = LINE('',#13417,#13418);
#13417 = CARTESIAN_POINT('',(1.0287E+03,109.22,1.2329414E+03));
#13418 = VECTOR('',#13419,1.);
#13419 = DIRECTION('',(1.,0.,-0.));
#13420 = ORIENTED_EDGE('',*,*,#13331,.T.);
#13421 = ORIENTED_EDGE('',*,*,#13422,.T.);
#13422 = EDGE_CURVE('',#13332,#13372,#13423,.T.);
#13423 = LINE('',#13424,#13425);
#13424 = CARTESIAN_POINT('',(1.0287E+03,109.22,1.2710414E+03));
#13425 = VECTOR('',#13426,1.);
#13426 = DIRECTION('',(1.,0.,-0.));
#13427 = ORIENTED_EDGE('',*,*,#13371,.F.);
#13428 = PLANE('',#13429);
#13429 = AXIS2_PLACEMENT_3D('',#13430,#13431,#13432);
#13430 = CARTESIAN_POINT('',(1.0287E+03,109.22,1.2329414E+03));
#13431 = DIRECTION('',(-0.,1.,0.));
#13432 = DIRECTION('',(0.,0.,1.));
#13433 = ADVANCED_FACE('',(#13434),#13440,.F.);
#13434 = FACE_BOUND('',#13435,.F.);
#13435 = EDGE_LOOP('',(#13436,#13437,#13438,#13439));
#13436 = ORIENTED_EDGE('',*,*,#13323,.F.);
#13437 = ORIENTED_EDGE('',*,*,#13393,.T.);
#13438 = ORIENTED_EDGE('',*,*,#13363,.T.);
#13439 = ORIENTED_EDGE('',*,*,#13415,.F.);
#13440 = PLANE('',#13441);
#13441 = AXIS2_PLACEMENT_3D('',#13442,#13443,#13444);
#13442 = CARTESIAN_POINT('',(1.0287E+03,71.12,1.2329414E+03));
#13443 = DIRECTION('',(0.,0.,1.));
#13444 = DIRECTION('',(1.,0.,-0.));
#13445 = ADVANCED_FACE('',(#13446),#13452,.T.);
#13446 = FACE_BOUND('',#13447,.T.);
#13447 = EDGE_LOOP('',(#13448,#13449,#13450,#13451));
#13448 = ORIENTED_EDGE('',*,*,#13339,.F.);
#13449 = ORIENTED_EDGE('',*,*,#13400,.T.);
#13450 = ORIENTED_EDGE('',*,*,#13379,.T.);
#13451 = ORIENTED_EDGE('',*,*,#13422,.F.);
#13452 = PLANE('',#13453);
#13453 = AXIS2_PLACEMENT_3D('',#13454,#13455,#13456);
#13454 = CARTESIAN_POINT('',(1.0287E+03,71.12,1.2710414E+03));
#13455 = DIRECTION('',(0.,0.,1.));
#13456 = DIRECTION('',(1.,0.,-0.));
#13457 = ( GEOMETRIC_REPRESENTATION_CONTEXT(3) 
GLOBAL_UNCERTAINTY_ASSIGNED_CONTEXT((#13461)) 
GLOBAL_UNIT_ASSIGNED_CONTEXT((#13458,#13459,#13460)) 
REPRESENTATION_CONTEXT('Context #1',
  '3D Context with UNIT and UNCERTAINTY') );
#13458 = ( LENGTH_UNIT() NAMED_UNIT(*) SI_UNIT(.MILLI.,.METRE.) );
#13459 = ( NAMED_UNIT(*) PLANE_ANGLE_UNIT() SI_UNIT($,.RADIAN.) );
#13460 = ( NAMED_UNIT(*) SI_UNIT($,.STERADIAN.) SOLID_ANGLE_UNIT() );
#13461 = UNCERTAINTY_MEASURE_WITH_UNIT(LENGTH_MEASURE(1.E-07),#13458,
  'distance_accuracy_value','confusion accuracy');
#13462 = CONTEXT_DEPENDENT_SHAPE_REPRESENTATION(#13463,#13465);
#13463 = ( REPRESENTATION_RELATIONSHIP('','',#13306,#10) 
REPRESENTATION_RELATIONSHIP_WITH_TRANSFORMATION(#13464) 
SHAPE_REPRESENTATION_RELATIONSHIP() );
#13464 = ITEM_DEFINED_TRANSFORMATION('','',#11,#143);
#13465 = PRODUCT_DEFINITION_SHAPE('Placement','Placement of an item',
  #13466);
#13466 = NEXT_ASSEMBLY_USAGE_OCCURRENCE('33','T001_P1_1_1','',#5,#13301,
  $);
#13467 = PRODUCT_RELATED_PRODUCT_CATEGORY('part',$,(#13303));
#13468 = SHAPE_DEFINITION_REPRESENTATION(#13469,#13475);
#13469 = PRODUCT_DEFINITION_SHAPE('','',#13470);
#13470 = PRODUCT_DEFINITION('design','',#13471,#13474);
#13471 = PRODUCT_DEFINITION_FORMATION('','',#13472);
#13472 = PRODUCT('T001_P1_1_2','T001_P1_1_2','',(#13473));
#13473 = PRODUCT_CONTEXT('',#2,'mechanical');
#13474 = PRODUCT_DEFINITION_CONTEXT('part definition',#2,'design');
#13475 = ADVANCED_BREP_SHAPE_REPRESENTATION('',(#11,#13476),#13626);
#13476 = MANIFOLD_SOLID_BREP('',#13477);
#13477 = CLOSED_SHELL('',(#13478,#13518,#13558,#13580,#13602,#13614));
#13478 = ADVANCED_FACE('',(#13479),#13513,.F.);
#13479 = FACE_BOUND('',#13480,.F.);
#13480 = EDGE_LOOP('',(#13481,#13491,#13499,#13507));
#13481 = ORIENTED_EDGE('',*,*,#13482,.F.);
#13482 = EDGE_CURVE('',#13483,#13485,#13487,.T.);
#13483 = VERTEX_POINT('',#13484);
#13484 = CARTESIAN_POINT('',(1.069848E+03,71.12,1.2329414E+03));
#13485 = VERTEX_POINT('',#13486);
#13486 = CARTESIAN_POINT('',(1.069848E+03,71.12,1.2710414E+03));
#13487 = LINE('',#13488,#13489);
#13488 = CARTESIAN_POINT('',(1.069848E+03,71.12,1.2329414E+03));
#13489 = VECTOR('',#13490,1.);
#13490 = DIRECTION('',(0.,0.,1.));
#13491 = ORIENTED_EDGE('',*,*,#13492,.T.);
#13492 = EDGE_CURVE('',#13483,#13493,#13495,.T.);
#13493 = VERTEX_POINT('',#13494);
#13494 = CARTESIAN_POINT('',(1.069848E+03,109.22,1.2329414E+03));
#13495 = LINE('',#13496,#13497);
#13496 = CARTESIAN_POINT('',(1.069848E+03,71.12,1.2329414E+03));
#13497 = VECTOR('',#13498,1.);
#13498 = DIRECTION('',(-0.,1.,0.));
#13499 = ORIENTED_EDGE('',*,*,#13500,.T.);
#13500 = EDGE_CURVE('',#13493,#13501,#13503,.T.);
#13501 = VERTEX_POINT('',#13502);
#13502 = CARTESIAN_POINT('',(1.069848E+03,109.22,1.2710414E+03));
#13503 = LINE('',#13504,#13505);
#13504 = CARTESIAN_POINT('',(1.069848E+03,109.22,1.2329414E+03));
#13505 = VECTOR('',#13506,1.);
#13506 = DIRECTION('',(0.,0.,1.));
#13507 = ORIENTED_EDGE('',*,*,#13508,.F.);
#13508 = EDGE_CURVE('',#13485,#13501,#13509,.T.);
#13509 = LINE('',#13510,#13511);
#13510 = CARTESIAN_POINT('',(1.069848E+03,71.12,1.2710414E+03));
#13511 = VECTOR('',#13512,1.);
#13512 = DIRECTION('',(-0.,1.,0.));
#13513 = PLANE('',#13514);
#13514 = AXIS2_PLACEMENT_3D('',#13515,#13516,#13517);
#13515 = CARTESIAN_POINT('',(1.069848E+03,71.12,1.2329414E+03));
#13516 = DIRECTION('',(1.,0.,-0.));
#13517 = DIRECTION('',(0.,0.,1.));
#13518 = ADVANCED_FACE('',(#13519),#13553,.T.);
#13519 = FACE_BOUND('',#13520,.T.);
#13520 = EDGE_LOOP('',(#13521,#13531,#13539,#13547));
#13521 = ORIENTED_EDGE('',*,*,#13522,.F.);
#13522 = EDGE_CURVE('',#13523,#13525,#13527,.T.);
#13523 = VERTEX_POINT('',#13524);
#13524 = CARTESIAN_POINT('',(1.107948E+03,71.12,1.2329414E+03));
#13525 = VERTEX_POINT('',#13526);
#13526 = CARTESIAN_POINT('',(1.107948E+03,71.12,1.2710414E+03));
#13527 = LINE('',#13528,#13529);
#13528 = CARTESIAN_POINT('',(1.107948E+03,71.12,1.2329414E+03));
#13529 = VECTOR('',#13530,1.);
#13530 = DIRECTION('',(0.,0.,1.));
#13531 = ORIENTED_EDGE('',*,*,#13532,.T.);
#13532 = EDGE_CURVE('',#13523,#13533,#13535,.T.);
#13533 = VERTEX_POINT('',#13534);
#13534 = CARTESIAN_POINT('',(1.107948E+03,109.22,1.2329414E+03));
#13535 = LINE('',#13536,#13537);
#13536 = CARTESIAN_POINT('',(1.107948E+03,71.12,1.2329414E+03));
#13537 = VECTOR('',#13538,1.);
#13538 = DIRECTION('',(-0.,1.,0.));
#13539 = ORIENTED_EDGE('',*,*,#13540,.T.);
#13540 = EDGE_CURVE('',#13533,#13541,#13543,.T.);
#13541 = VERTEX_POINT('',#13542);
#13542 = CARTESIAN_POINT('',(1.107948E+03,109.22,1.2710414E+03));
#13543 = LINE('',#13544,#13545);
#13544 = CARTESIAN_POINT('',(1.107948E+03,109.22,1.2329414E+03));
#13545 = VECTOR('',#13546,1.);
#13546 = DIRECTION('',(0.,0.,1.));
#13547 = ORIENTED_EDGE('',*,*,#13548,.F.);
#13548 = EDGE_CURVE('',#13525,#13541,#13549,.T.);
#13549 = LINE('',#13550,#13551);
#13550 = CARTESIAN_POINT('',(1.107948E+03,71.12,1.2710414E+03));
#13551 = VECTOR('',#13552,1.);
#13552 = DIRECTION('',(-0.,1.,0.));
#13553 = PLANE('',#13554);
#13554 = AXIS2_PLACEMENT_3D('',#13555,#13556,#13557);
#13555 = CARTESIAN_POINT('',(1.107948E+03,71.12,1.2329414E+03));
#13556 = DIRECTION('',(1.,0.,-0.));
#13557 = DIRECTION('',(0.,0.,1.));
#13558 = ADVANCED_FACE('',(#13559),#13575,.F.);
#13559 = FACE_BOUND('',#13560,.F.);
#13560 = EDGE_LOOP('',(#13561,#13567,#13568,#13574));
#13561 = ORIENTED_EDGE('',*,*,#13562,.F.);
#13562 = EDGE_CURVE('',#13483,#13523,#13563,.T.);
#13563 = LINE('',#13564,#13565);
#13564 = CARTESIAN_POINT('',(1.069848E+03,71.12,1.2329414E+03));
#13565 = VECTOR('',#13566,1.);
#13566 = DIRECTION('',(1.,0.,-0.));
#13567 = ORIENTED_EDGE('',*,*,#13482,.T.);
#13568 = ORIENTED_EDGE('',*,*,#13569,.T.);
#13569 = EDGE_CURVE('',#13485,#13525,#13570,.T.);
#13570 = LINE('',#13571,#13572);
#13571 = CARTESIAN_POINT('',(1.069848E+03,71.12,1.2710414E+03));
#13572 = VECTOR('',#13573,1.);
#13573 = DIRECTION('',(1.,0.,-0.));
#13574 = ORIENTED_EDGE('',*,*,#13522,.F.);
#13575 = PLANE('',#13576);
#13576 = AXIS2_PLACEMENT_3D('',#13577,#13578,#13579);
#13577 = CARTESIAN_POINT('',(1.069848E+03,71.12,1.2329414E+03));
#13578 = DIRECTION('',(-0.,1.,0.));
#13579 = DIRECTION('',(0.,0.,1.));
#13580 = ADVANCED_FACE('',(#13581),#13597,.T.);
#13581 = FACE_BOUND('',#13582,.T.);
#13582 = EDGE_LOOP('',(#13583,#13589,#13590,#13596));
#13583 = ORIENTED_EDGE('',*,*,#13584,.F.);
#13584 = EDGE_CURVE('',#13493,#13533,#13585,.T.);
#13585 = LINE('',#13586,#13587);
#13586 = CARTESIAN_POINT('',(1.069848E+03,109.22,1.2329414E+03));
#13587 = VECTOR('',#13588,1.);
#13588 = DIRECTION('',(1.,0.,-0.));
#13589 = ORIENTED_EDGE('',*,*,#13500,.T.);
#13590 = ORIENTED_EDGE('',*,*,#13591,.T.);
#13591 = EDGE_CURVE('',#13501,#13541,#13592,.T.);
#13592 = LINE('',#13593,#13594);
#13593 = CARTESIAN_POINT('',(1.069848E+03,109.22,1.2710414E+03));
#13594 = VECTOR('',#13595,1.);
#13595 = DIRECTION('',(1.,0.,-0.));
#13596 = ORIENTED_EDGE('',*,*,#13540,.F.);
#13597 = PLANE('',#13598);
#13598 = AXIS2_PLACEMENT_3D('',#13599,#13600,#13601);
#13599 = CARTESIAN_POINT('',(1.069848E+03,109.22,1.2329414E+03));
#13600 = DIRECTION('',(-0.,1.,0.));
#13601 = DIRECTION('',(0.,0.,1.));
#13602 = ADVANCED_FACE('',(#13603),#13609,.F.);
#13603 = FACE_BOUND('',#13604,.F.);
#13604 = EDGE_LOOP('',(#13605,#13606,#13607,#13608));
#13605 = ORIENTED_EDGE('',*,*,#13492,.F.);
#13606 = ORIENTED_EDGE('',*,*,#13562,.T.);
#13607 = ORIENTED_EDGE('',*,*,#13532,.T.);
#13608 = ORIENTED_EDGE('',*,*,#13584,.F.);
#13609 = PLANE('',#13610);
#13610 = AXIS2_PLACEMENT_3D('',#13611,#13612,#13613);
#13611 = CARTESIAN_POINT('',(1.069848E+03,71.12,1.2329414E+03));
#13612 = DIRECTION('',(0.,0.,1.));
#13613 = DIRECTION('',(1.,0.,-0.));
#13614 = ADVANCED_FACE('',(#13615),#13621,.T.);
#13615 = FACE_BOUND('',#13616,.T.);
#13616 = EDGE_LOOP('',(#13617,#13618,#13619,#13620));
#13617 = ORIENTED_EDGE('',*,*,#13508,.F.);
#13618 = ORIENTED_EDGE('',*,*,#13569,.T.);
#13619 = ORIENTED_EDGE('',*,*,#13548,.T.);
#13620 = ORIENTED_EDGE('',*,*,#13591,.F.);
#13621 = PLANE('',#13622);
#13622 = AXIS2_PLACEMENT_3D('',#13623,#13624,#13625);
#13623 = CARTESIAN_POINT('',(1.069848E+03,71.12,1.2710414E+03));
#13624 = DIRECTION('',(0.,0.,1.));
#13625 = DIRECTION('',(1.,0.,-0.));
#13626 = ( GEOMETRIC_REPRESENTATION_CONTEXT(3) 
GLOBAL_UNCERTAINTY_ASSIGNED_CONTEXT((#13630)) 
GLOBAL_UNIT_ASSIGNED_CONTEXT((#13627,#13628,#13629)) 
REPRESENTATION_CONTEXT('Context #1',
  '3D Context with UNIT and UNCERTAINTY') );
#13627 = ( LENGTH_UNIT() NAMED_UNIT(*) SI_UNIT(.MILLI.,.METRE.) );
#13628 = ( NAMED_UNIT(*) PLANE_ANGLE_UNIT() SI_UNIT($,.RADIAN.) );
#13629 = ( NAMED_UNIT(*) SI_UNIT($,.STERADIAN.) SOLID_ANGLE_UNIT() );
#13630 = UNCERTAINTY_MEASURE_WITH_UNIT(LENGTH_MEASURE(1.E-07),#13627,
  'distance_accuracy_value','confusion accuracy');
#13631 = CONTEXT_DEPENDENT_SHAPE_REPRESENTATION(#13632,#13634);
#13632 = ( REPRESENTATION_RELATIONSHIP('','',#13475,#10) 
REPRESENTATION_RELATIONSHIP_WITH_TRANSFORMATION(#13633) 
SHAPE_REPRESENTATION_RELATIONSHIP() );
#13633 = ITEM_DEFINED_TRANSFORMATION('','',#11,#147);
#13634 = PRODUCT_DEFINITION_SHAPE('Placement','Placement of an item',
  #13635);
#13635 = NEXT_ASSEMBLY_USAGE_OCCURRENCE('34','T001_P1_1_2','',#5,#13470,
  $);
#13636 = PRODUCT_RELATED_PRODUCT_CATEGORY('part',$,(#13472));
#13637 = SHAPE_DEFINITION_REPRESENTATION(#13638,#13644);
#13638 = PRODUCT_DEFINITION_SHAPE('','',#13639);
#13639 = PRODUCT_DEFINITION('design','',#13640,#13643);
#13640 = PRODUCT_DEFINITION_FORMATION('','',#13641);
#13641 = PRODUCT('T001_P2_0_0','T001_P2_0_0','',(#13642));
#13642 = PRODUCT_CONTEXT('',#2,'mechanical');
#13643 = PRODUCT_DEFINITION_CONTEXT('part definition',#2,'design');
#13644 = ADVANCED_BREP_SHAPE_REPRESENTATION('',(#11,#13645),#13795);
#13645 = MANIFOLD_SOLID_BREP('',#13646);
#13646 = CLOSED_SHELL('',(#13647,#13687,#13727,#13749,#13771,#13783));
#13647 = ADVANCED_FACE('',(#13648),#13682,.F.);
#13648 = FACE_BOUND('',#13649,.F.);
#13649 = EDGE_LOOP('',(#13650,#13660,#13668,#13676));
#13650 = ORIENTED_EDGE('',*,*,#13651,.F.);
#13651 = EDGE_CURVE('',#13652,#13654,#13656,.T.);
#13652 = VERTEX_POINT('',#13653);
#13653 = CARTESIAN_POINT('',(2.257552E+03,71.12,627.634));
#13654 = VERTEX_POINT('',#13655);
#13655 = CARTESIAN_POINT('',(2.257552E+03,71.12,665.734));
#13656 = LINE('',#13657,#13658);
#13657 = CARTESIAN_POINT('',(2.257552E+03,71.12,627.634));
#13658 = VECTOR('',#13659,1.);
#13659 = DIRECTION('',(0.,0.,1.));
#13660 = ORIENTED_EDGE('',*,*,#13661,.T.);
#13661 = EDGE_CURVE('',#13652,#13662,#13664,.T.);
#13662 = VERTEX_POINT('',#13663);
#13663 = CARTESIAN_POINT('',(2.257552E+03,109.22,627.634));
#13664 = LINE('',#13665,#13666);
#13665 = CARTESIAN_POINT('',(2.257552E+03,71.12,627.634));
#13666 = VECTOR('',#13667,1.);
#13667 = DIRECTION('',(-0.,1.,0.));
#13668 = ORIENTED_EDGE('',*,*,#13669,.T.);
#13669 = EDGE_CURVE('',#13662,#13670,#13672,.T.);
#13670 = VERTEX_POINT('',#13671);
#13671 = CARTESIAN_POINT('',(2.257552E+03,109.22,665.734));
#13672 = LINE('',#13673,#13674);
#13673 = CARTESIAN_POINT('',(2.257552E+03,109.22,627.634));
#13674 = VECTOR('',#13675,1.);
#13675 = DIRECTION('',(0.,0.,1.));
#13676 = ORIENTED_EDGE('',*,*,#13677,.F.);
#13677 = EDGE_CURVE('',#13654,#13670,#13678,.T.);
#13678 = LINE('',#13679,#13680);
#13679 = CARTESIAN_POINT('',(2.257552E+03,71.12,665.734));
#13680 = VECTOR('',#13681,1.);
#13681 = DIRECTION('',(-0.,1.,0.));
#13682 = PLANE('',#13683);
#13683 = AXIS2_PLACEMENT_3D('',#13684,#13685,#13686);
#13684 = CARTESIAN_POINT('',(2.257552E+03,71.12,627.634));
#13685 = DIRECTION('',(1.,0.,-0.));
#13686 = DIRECTION('',(0.,0.,1.));
#13687 = ADVANCED_FACE('',(#13688),#13722,.T.);
#13688 = FACE_BOUND('',#13689,.T.);
#13689 = EDGE_LOOP('',(#13690,#13700,#13708,#13716));
#13690 = ORIENTED_EDGE('',*,*,#13691,.F.);
#13691 = EDGE_CURVE('',#13692,#13694,#13696,.T.);
#13692 = VERTEX_POINT('',#13693);
#13693 = CARTESIAN_POINT('',(2.295652E+03,71.12,627.634));
#13694 = VERTEX_POINT('',#13695);
#13695 = CARTESIAN_POINT('',(2.295652E+03,71.12,665.734));
#13696 = LINE('',#13697,#13698);
#13697 = CARTESIAN_POINT('',(2.295652E+03,71.12,627.634));
#13698 = VECTOR('',#13699,1.);
#13699 = DIRECTION('',(0.,0.,1.));
#13700 = ORIENTED_EDGE('',*,*,#13701,.T.);
#13701 = EDGE_CURVE('',#13692,#13702,#13704,.T.);
#13702 = VERTEX_POINT('',#13703);
#13703 = CARTESIAN_POINT('',(2.295652E+03,109.22,627.634));
#13704 = LINE('',#13705,#13706);
#13705 = CARTESIAN_POINT('',(2.295652E+03,71.12,627.634));
#13706 = VECTOR('',#13707,1.);
#13707 = DIRECTION('',(-0.,1.,0.));
#13708 = ORIENTED_EDGE('',*,*,#13709,.T.);
#13709 = EDGE_CURVE('',#13702,#13710,#13712,.T.);
#13710 = VERTEX_POINT('',#13711);
#13711 = CARTESIAN_POINT('',(2.295652E+03,109.22,665.734));
#13712 = LINE('',#13713,#13714);
#13713 = CARTESIAN_POINT('',(2.295652E+03,109.22,627.634));
#13714 = VECTOR('',#13715,1.);
#13715 = DIRECTION('',(0.,0.,1.));
#13716 = ORIENTED_EDGE('',*,*,#13717,.F.);
#13717 = EDGE_CURVE('',#13694,#13710,#13718,.T.);
#13718 = LINE('',#13719,#13720);
#13719 = CARTESIAN_POINT('',(2.295652E+03,71.12,665.734));
#13720 = VECTOR('',#13721,1.);
#13721 = DIRECTION('',(-0.,1.,0.));
#13722 = PLANE('',#13723);
#13723 = AXIS2_PLACEMENT_3D('',#13724,#13725,#13726);
#13724 = CARTESIAN_POINT('',(2.295652E+03,71.12,627.634));
#13725 = DIRECTION('',(1.,0.,-0.));
#13726 = DIRECTION('',(0.,0.,1.));
#13727 = ADVANCED_FACE('',(#13728),#13744,.F.);
#13728 = FACE_BOUND('',#13729,.F.);
#13729 = EDGE_LOOP('',(#13730,#13736,#13737,#13743));
#13730 = ORIENTED_EDGE('',*,*,#13731,.F.);
#13731 = EDGE_CURVE('',#13652,#13692,#13732,.T.);
#13732 = LINE('',#13733,#13734);
#13733 = CARTESIAN_POINT('',(2.257552E+03,71.12,627.634));
#13734 = VECTOR('',#13735,1.);
#13735 = DIRECTION('',(1.,0.,-0.));
#13736 = ORIENTED_EDGE('',*,*,#13651,.T.);
#13737 = ORIENTED_EDGE('',*,*,#13738,.T.);
#13738 = EDGE_CURVE('',#13654,#13694,#13739,.T.);
#13739 = LINE('',#13740,#13741);
#13740 = CARTESIAN_POINT('',(2.257552E+03,71.12,665.734));
#13741 = VECTOR('',#13742,1.);
#13742 = DIRECTION('',(1.,0.,-0.));
#13743 = ORIENTED_EDGE('',*,*,#13691,.F.);
#13744 = PLANE('',#13745);
#13745 = AXIS2_PLACEMENT_3D('',#13746,#13747,#13748);
#13746 = CARTESIAN_POINT('',(2.257552E+03,71.12,627.634));
#13747 = DIRECTION('',(-0.,1.,0.));
#13748 = DIRECTION('',(0.,0.,1.));
#13749 = ADVANCED_FACE('',(#13750),#13766,.T.);
#13750 = FACE_BOUND('',#13751,.T.);
#13751 = EDGE_LOOP('',(#13752,#13758,#13759,#13765));
#13752 = ORIENTED_EDGE('',*,*,#13753,.F.);
#13753 = EDGE_CURVE('',#13662,#13702,#13754,.T.);
#13754 = LINE('',#13755,#13756);
#13755 = CARTESIAN_POINT('',(2.257552E+03,109.22,627.634));
#13756 = VECTOR('',#13757,1.);
#13757 = DIRECTION('',(1.,0.,-0.));
#13758 = ORIENTED_EDGE('',*,*,#13669,.T.);
#13759 = ORIENTED_EDGE('',*,*,#13760,.T.);
#13760 = EDGE_CURVE('',#13670,#13710,#13761,.T.);
#13761 = LINE('',#13762,#13763);
#13762 = CARTESIAN_POINT('',(2.257552E+03,109.22,665.734));
#13763 = VECTOR('',#13764,1.);
#13764 = DIRECTION('',(1.,0.,-0.));
#13765 = ORIENTED_EDGE('',*,*,#13709,.F.);
#13766 = PLANE('',#13767);
#13767 = AXIS2_PLACEMENT_3D('',#13768,#13769,#13770);
#13768 = CARTESIAN_POINT('',(2.257552E+03,109.22,627.634));
#13769 = DIRECTION('',(-0.,1.,0.));
#13770 = DIRECTION('',(0.,0.,1.));
#13771 = ADVANCED_FACE('',(#13772),#13778,.F.);
#13772 = FACE_BOUND('',#13773,.F.);
#13773 = EDGE_LOOP('',(#13774,#13775,#13776,#13777));
#13774 = ORIENTED_EDGE('',*,*,#13661,.F.);
#13775 = ORIENTED_EDGE('',*,*,#13731,.T.);
#13776 = ORIENTED_EDGE('',*,*,#13701,.T.);
#13777 = ORIENTED_EDGE('',*,*,#13753,.F.);
#13778 = PLANE('',#13779);
#13779 = AXIS2_PLACEMENT_3D('',#13780,#13781,#13782);
#13780 = CARTESIAN_POINT('',(2.257552E+03,71.12,627.634));
#13781 = DIRECTION('',(0.,0.,1.));
#13782 = DIRECTION('',(1.,0.,-0.));
#13783 = ADVANCED_FACE('',(#13784),#13790,.T.);
#13784 = FACE_BOUND('',#13785,.T.);
#13785 = EDGE_LOOP('',(#13786,#13787,#13788,#13789));
#13786 = ORIENTED_EDGE('',*,*,#13677,.F.);
#13787 = ORIENTED_EDGE('',*,*,#13738,.T.);
#13788 = ORIENTED_EDGE('',*,*,#13717,.T.);
#13789 = ORIENTED_EDGE('',*,*,#13760,.F.);
#13790 = PLANE('',#13791);
#13791 = AXIS2_PLACEMENT_3D('',#13792,#13793,#13794);
#13792 = CARTESIAN_POINT('',(2.257552E+03,71.12,665.734));
#13793 = DIRECTION('',(0.,0.,1.));
#13794 = DIRECTION('',(1.,0.,-0.));
#13795 = ( GEOMETRIC_REPRESENTATION_CONTEXT(3) 
GLOBAL_UNCERTAINTY_ASSIGNED_CONTEXT((#13799)) 
GLOBAL_UNIT_ASSIGNED_CONTEXT((#13796,#13797,#13798)) 
REPRESENTATION_CONTEXT('Context #1',
  '3D Context with UNIT and UNCERTAINTY') );
#13796 = ( LENGTH_UNIT() NAMED_UNIT(*) SI_UNIT(.MILLI.,.METRE.) );
#13797 = ( NAMED_UNIT(*) PLANE_ANGLE_UNIT() SI_UNIT($,.RADIAN.) );
#13798 = ( NAMED_UNIT(*) SI_UNIT($,.STERADIAN.) SOLID_ANGLE_UNIT() );
#13799 = UNCERTAINTY_MEASURE_WITH_UNIT(LENGTH_MEASURE(1.E-07),#13796,
  'distance_accuracy_value','confusion accuracy');
#13800 = CONTEXT_DEPENDENT_SHAPE_REPRESENTATION(#13801,#13803);
#13801 = ( REPRESENTATION_RELATIONSHIP('','',#13644,#10) 
REPRESENTATION_RELATIONSHIP_WITH_TRANSFORMATION(#13802) 
SHAPE_REPRESENTATION_RELATIONSHIP() );
#13802 = ITEM_DEFINED_TRANSFORMATION('','',#11,#151);
#13803 = PRODUCT_DEFINITION_SHAPE('Placement','Placement of an item',
  #13804);
#13804 = NEXT_ASSEMBLY_USAGE_OCCURRENCE('35','T001_P2_0_0','',#5,#13639,
  $);
#13805 = PRODUCT_RELATED_PRODUCT_CATEGORY('part',$,(#13641));
#13806 = SHAPE_DEFINITION_REPRESENTATION(#13807,#13813);
#13807 = PRODUCT_DEFINITION_SHAPE('','',#13808);
#13808 = PRODUCT_DEFINITION('design','',#13809,#13812);
#13809 = PRODUCT_DEFINITION_FORMATION('','',#13810);
#13810 = PRODUCT('T001_P2_0_1','T001_P2_0_1','',(#13811));
#13811 = PRODUCT_CONTEXT('',#2,'mechanical');
#13812 = PRODUCT_DEFINITION_CONTEXT('part definition',#2,'design');
#13813 = ADVANCED_BREP_SHAPE_REPRESENTATION('',(#11,#13814),#13964);
#13814 = MANIFOLD_SOLID_BREP('',#13815);
#13815 = CLOSED_SHELL('',(#13816,#13856,#13896,#13918,#13940,#13952));
#13816 = ADVANCED_FACE('',(#13817),#13851,.F.);
#13817 = FACE_BOUND('',#13818,.F.);
#13818 = EDGE_LOOP('',(#13819,#13829,#13837,#13845));
#13819 = ORIENTED_EDGE('',*,*,#13820,.F.);
#13820 = EDGE_CURVE('',#13821,#13823,#13825,.T.);
#13821 = VERTEX_POINT('',#13822);
#13822 = CARTESIAN_POINT('',(2.2987E+03,71.12,627.634));
#13823 = VERTEX_POINT('',#13824);
#13824 = CARTESIAN_POINT('',(2.2987E+03,71.12,665.734));
#13825 = LINE('',#13826,#13827);
#13826 = CARTESIAN_POINT('',(2.2987E+03,71.12,627.634));
#13827 = VECTOR('',#13828,1.);
#13828 = DIRECTION('',(0.,0.,1.));
#13829 = ORIENTED_EDGE('',*,*,#13830,.T.);
#13830 = EDGE_CURVE('',#13821,#13831,#13833,.T.);
#13831 = VERTEX_POINT('',#13832);
#13832 = CARTESIAN_POINT('',(2.2987E+03,109.22,627.634));
#13833 = LINE('',#13834,#13835);
#13834 = CARTESIAN_POINT('',(2.2987E+03,71.12,627.634));
#13835 = VECTOR('',#13836,1.);
#13836 = DIRECTION('',(-0.,1.,0.));
#13837 = ORIENTED_EDGE('',*,*,#13838,.T.);
#13838 = EDGE_CURVE('',#13831,#13839,#13841,.T.);
#13839 = VERTEX_POINT('',#13840);
#13840 = CARTESIAN_POINT('',(2.2987E+03,109.22,665.734));
#13841 = LINE('',#13842,#13843);
#13842 = CARTESIAN_POINT('',(2.2987E+03,109.22,627.634));
#13843 = VECTOR('',#13844,1.);
#13844 = DIRECTION('',(0.,0.,1.));
#13845 = ORIENTED_EDGE('',*,*,#13846,.F.);
#13846 = EDGE_CURVE('',#13823,#13839,#13847,.T.);
#13847 = LINE('',#13848,#13849);
#13848 = CARTESIAN_POINT('',(2.2987E+03,71.12,665.734));
#13849 = VECTOR('',#13850,1.);
#13850 = DIRECTION('',(-0.,1.,0.));
#13851 = PLANE('',#13852);
#13852 = AXIS2_PLACEMENT_3D('',#13853,#13854,#13855);
#13853 = CARTESIAN_POINT('',(2.2987E+03,71.12,627.634));
#13854 = DIRECTION('',(1.,0.,-0.));
#13855 = DIRECTION('',(0.,0.,1.));
#13856 = ADVANCED_FACE('',(#13857),#13891,.T.);
#13857 = FACE_BOUND('',#13858,.T.);
#13858 = EDGE_LOOP('',(#13859,#13869,#13877,#13885));
#13859 = ORIENTED_EDGE('',*,*,#13860,.F.);
#13860 = EDGE_CURVE('',#13861,#13863,#13865,.T.);
#13861 = VERTEX_POINT('',#13862);
#13862 = CARTESIAN_POINT('',(2.3368E+03,71.12,627.634));
#13863 = VERTEX_POINT('',#13864);
#13864 = CARTESIAN_POINT('',(2.3368E+03,71.12,665.734));
#13865 = LINE('',#13866,#13867);
#13866 = CARTESIAN_POINT('',(2.3368E+03,71.12,627.634));
#13867 = VECTOR('',#13868,1.);
#13868 = DIRECTION('',(0.,0.,1.));
#13869 = ORIENTED_EDGE('',*,*,#13870,.T.);
#13870 = EDGE_CURVE('',#13861,#13871,#13873,.T.);
#13871 = VERTEX_POINT('',#13872);
#13872 = CARTESIAN_POINT('',(2.3368E+03,109.22,627.634));
#13873 = LINE('',#13874,#13875);
#13874 = CARTESIAN_POINT('',(2.3368E+03,71.12,627.634));
#13875 = VECTOR('',#13876,1.);
#13876 = DIRECTION('',(-0.,1.,0.));
#13877 = ORIENTED_EDGE('',*,*,#13878,.T.);
#13878 = EDGE_CURVE('',#13871,#13879,#13881,.T.);
#13879 = VERTEX_POINT('',#13880);
#13880 = CARTESIAN_POINT('',(2.3368E+03,109.22,665.734));
#13881 = LINE('',#13882,#13883);
#13882 = CARTESIAN_POINT('',(2.3368E+03,109.22,627.634));
#13883 = VECTOR('',#13884,1.);
#13884 = DIRECTION('',(0.,0.,1.));
#13885 = ORIENTED_EDGE('',*,*,#13886,.F.);
#13886 = EDGE_CURVE('',#13863,#13879,#13887,.T.);
#13887 = LINE('',#13888,#13889);
#13888 = CARTESIAN_POINT('',(2.3368E+03,71.12,665.734));
#13889 = VECTOR('',#13890,1.);
#13890 = DIRECTION('',(-0.,1.,0.));
#13891 = PLANE('',#13892);
#13892 = AXIS2_PLACEMENT_3D('',#13893,#13894,#13895);
#13893 = CARTESIAN_POINT('',(2.3368E+03,71.12,627.634));
#13894 = DIRECTION('',(1.,0.,-0.));
#13895 = DIRECTION('',(0.,0.,1.));
#13896 = ADVANCED_FACE('',(#13897),#13913,.F.);
#13897 = FACE_BOUND('',#13898,.F.);
#13898 = EDGE_LOOP('',(#13899,#13905,#13906,#13912));
#13899 = ORIENTED_EDGE('',*,*,#13900,.F.);
#13900 = EDGE_CURVE('',#13821,#13861,#13901,.T.);
#13901 = LINE('',#13902,#13903);
#13902 = CARTESIAN_POINT('',(2.2987E+03,71.12,627.634));
#13903 = VECTOR('',#13904,1.);
#13904 = DIRECTION('',(1.,0.,-0.));
#13905 = ORIENTED_EDGE('',*,*,#13820,.T.);
#13906 = ORIENTED_EDGE('',*,*,#13907,.T.);
#13907 = EDGE_CURVE('',#13823,#13863,#13908,.T.);
#13908 = LINE('',#13909,#13910);
#13909 = CARTESIAN_POINT('',(2.2987E+03,71.12,665.734));
#13910 = VECTOR('',#13911,1.);
#13911 = DIRECTION('',(1.,0.,-0.));
#13912 = ORIENTED_EDGE('',*,*,#13860,.F.);
#13913 = PLANE('',#13914);
#13914 = AXIS2_PLACEMENT_3D('',#13915,#13916,#13917);
#13915 = CARTESIAN_POINT('',(2.2987E+03,71.12,627.634));
#13916 = DIRECTION('',(-0.,1.,0.));
#13917 = DIRECTION('',(0.,0.,1.));
#13918 = ADVANCED_FACE('',(#13919),#13935,.T.);
#13919 = FACE_BOUND('',#13920,.T.);
#13920 = EDGE_LOOP('',(#13921,#13927,#13928,#13934));
#13921 = ORIENTED_EDGE('',*,*,#13922,.F.);
#13922 = EDGE_CURVE('',#13831,#13871,#13923,.T.);
#13923 = LINE('',#13924,#13925);
#13924 = CARTESIAN_POINT('',(2.2987E+03,109.22,627.634));
#13925 = VECTOR('',#13926,1.);
#13926 = DIRECTION('',(1.,0.,-0.));
#13927 = ORIENTED_EDGE('',*,*,#13838,.T.);
#13928 = ORIENTED_EDGE('',*,*,#13929,.T.);
#13929 = EDGE_CURVE('',#13839,#13879,#13930,.T.);
#13930 = LINE('',#13931,#13932);
#13931 = CARTESIAN_POINT('',(2.2987E+03,109.22,665.734));
#13932 = VECTOR('',#13933,1.);
#13933 = DIRECTION('',(1.,0.,-0.));
#13934 = ORIENTED_EDGE('',*,*,#13878,.F.);
#13935 = PLANE('',#13936);
#13936 = AXIS2_PLACEMENT_3D('',#13937,#13938,#13939);
#13937 = CARTESIAN_POINT('',(2.2987E+03,109.22,627.634));
#13938 = DIRECTION('',(-0.,1.,0.));
#13939 = DIRECTION('',(0.,0.,1.));
#13940 = ADVANCED_FACE('',(#13941),#13947,.F.);
#13941 = FACE_BOUND('',#13942,.F.);
#13942 = EDGE_LOOP('',(#13943,#13944,#13945,#13946));
#13943 = ORIENTED_EDGE('',*,*,#13830,.F.);
#13944 = ORIENTED_EDGE('',*,*,#13900,.T.);
#13945 = ORIENTED_EDGE('',*,*,#13870,.T.);
#13946 = ORIENTED_EDGE('',*,*,#13922,.F.);
#13947 = PLANE('',#13948);
#13948 = AXIS2_PLACEMENT_3D('',#13949,#13950,#13951);
#13949 = CARTESIAN_POINT('',(2.2987E+03,71.12,627.634));
#13950 = DIRECTION('',(0.,0.,1.));
#13951 = DIRECTION('',(1.,0.,-0.));
#13952 = ADVANCED_FACE('',(#13953),#13959,.T.);
#13953 = FACE_BOUND('',#13954,.T.);
#13954 = EDGE_LOOP('',(#13955,#13956,#13957,#13958));
#13955 = ORIENTED_EDGE('',*,*,#13846,.F.);
#13956 = ORIENTED_EDGE('',*,*,#13907,.T.);
#13957 = ORIENTED_EDGE('',*,*,#13886,.T.);
#13958 = ORIENTED_EDGE('',*,*,#13929,.F.);
#13959 = PLANE('',#13960);
#13960 = AXIS2_PLACEMENT_3D('',#13961,#13962,#13963);
#13961 = CARTESIAN_POINT('',(2.2987E+03,71.12,665.734));
#13962 = DIRECTION('',(0.,0.,1.));
#13963 = DIRECTION('',(1.,0.,-0.));
#13964 = ( GEOMETRIC_REPRESENTATION_CONTEXT(3) 
GLOBAL_UNCERTAINTY_ASSIGNED_CONTEXT((#13968)) 
GLOBAL_UNIT_ASSIGNED_CONTEXT((#13965,#13966,#13967)) 
REPRESENTATION_CONTEXT('Context #1',
  '3D Context with UNIT and UNCERTAINTY') );
#13965 = ( LENGTH_UNIT() NAMED_UNIT(*) SI_UNIT(.MILLI.,.METRE.) );
#13966 = ( NAMED_UNIT(*) PLANE_ANGLE_UNIT() SI_UNIT($,.RADIAN.) );
#13967 = ( NAMED_UNIT(*) SI_UNIT($,.STERADIAN.) SOLID_ANGLE_UNIT() );
#13968 = UNCERTAINTY_MEASURE_WITH_UNIT(LENGTH_MEASURE(1.E-07),#13965,
  'distance_accuracy_value','confusion accuracy');
#13969 = CONTEXT_DEPENDENT_SHAPE_REPRESENTATION(#13970,#13972);
#13970 = ( REPRESENTATION_RELATIONSHIP('','',#13813,#10) 
REPRESENTATION_RELATIONSHIP_WITH_TRANSFORMATION(#13971) 
SHAPE_REPRESENTATION_RELATIONSHIP() );
#13971 = ITEM_DEFINED_TRANSFORMATION('','',#11,#155);
#13972 = PRODUCT_DEFINITION_SHAPE('Placement','Placement of an item',
  #13973);
#13973 = NEXT_ASSEMBLY_USAGE_OCCURRENCE('36','T001_P2_0_1','',#5,#13808,
  $);
#13974 = PRODUCT_RELATED_PRODUCT_CATEGORY('part',$,(#13810));
#13975 = SHAPE_DEFINITION_REPRESENTATION(#13976,#13982);
#13976 = PRODUCT_DEFINITION_SHAPE('','',#13977);
#13977 = PRODUCT_DEFINITION('design','',#13978,#13981);
#13978 = PRODUCT_DEFINITION_FORMATION('','',#13979);
#13979 = PRODUCT('T001_P2_0_2','T001_P2_0_2','',(#13980));
#13980 = PRODUCT_CONTEXT('',#2,'mechanical');
#13981 = PRODUCT_DEFINITION_CONTEXT('part definition',#2,'design');
#13982 = ADVANCED_BREP_SHAPE_REPRESENTATION('',(#11,#13983),#14133);
#13983 = MANIFOLD_SOLID_BREP('',#13984);
#13984 = CLOSED_SHELL('',(#13985,#14025,#14065,#14087,#14109,#14121));
#13985 = ADVANCED_FACE('',(#13986),#14020,.F.);
#13986 = FACE_BOUND('',#13987,.F.);
#13987 = EDGE_LOOP('',(#13988,#13998,#14006,#14014));
#13988 = ORIENTED_EDGE('',*,*,#13989,.F.);
#13989 = EDGE_CURVE('',#13990,#13992,#13994,.T.);
#13990 = VERTEX_POINT('',#13991);
#13991 = CARTESIAN_POINT('',(2.339848E+03,71.12,627.634));
#13992 = VERTEX_POINT('',#13993);
#13993 = CARTESIAN_POINT('',(2.339848E+03,71.12,665.734));
#13994 = LINE('',#13995,#13996);
#13995 = CARTESIAN_POINT('',(2.339848E+03,71.12,627.634));
#13996 = VECTOR('',#13997,1.);
#13997 = DIRECTION('',(0.,0.,1.));
#13998 = ORIENTED_EDGE('',*,*,#13999,.T.);
#13999 = EDGE_CURVE('',#13990,#14000,#14002,.T.);
#14000 = VERTEX_POINT('',#14001);
#14001 = CARTESIAN_POINT('',(2.339848E+03,109.22,627.634));
#14002 = LINE('',#14003,#14004);
#14003 = CARTESIAN_POINT('',(2.339848E+03,71.12,627.634));
#14004 = VECTOR('',#14005,1.);
#14005 = DIRECTION('',(-0.,1.,0.));
#14006 = ORIENTED_EDGE('',*,*,#14007,.T.);
#14007 = EDGE_CURVE('',#14000,#14008,#14010,.T.);
#14008 = VERTEX_POINT('',#14009);
#14009 = CARTESIAN_POINT('',(2.339848E+03,109.22,665.734));
#14010 = LINE('',#14011,#14012);
#14011 = CARTESIAN_POINT('',(2.339848E+03,109.22,627.634));
#14012 = VECTOR('',#14013,1.);
#14013 = DIRECTION('',(0.,0.,1.));
#14014 = ORIENTED_EDGE('',*,*,#14015,.F.);
#14015 = EDGE_CURVE('',#13992,#14008,#14016,.T.);
#14016 = LINE('',#14017,#14018);
#14017 = CARTESIAN_POINT('',(2.339848E+03,71.12,665.734));
#14018 = VECTOR('',#14019,1.);
#14019 = DIRECTION('',(-0.,1.,0.));
#14020 = PLANE('',#14021);
#14021 = AXIS2_PLACEMENT_3D('',#14022,#14023,#14024);
#14022 = CARTESIAN_POINT('',(2.339848E+03,71.12,627.634));
#14023 = DIRECTION('',(1.,0.,-0.));
#14024 = DIRECTION('',(0.,0.,1.));
#14025 = ADVANCED_FACE('',(#14026),#14060,.T.);
#14026 = FACE_BOUND('',#14027,.T.);
#14027 = EDGE_LOOP('',(#14028,#14038,#14046,#14054));
#14028 = ORIENTED_EDGE('',*,*,#14029,.F.);
#14029 = EDGE_CURVE('',#14030,#14032,#14034,.T.);
#14030 = VERTEX_POINT('',#14031);
#14031 = CARTESIAN_POINT('',(2.377948E+03,71.12,627.634));
#14032 = VERTEX_POINT('',#14033);
#14033 = CARTESIAN_POINT('',(2.377948E+03,71.12,665.734));
#14034 = LINE('',#14035,#14036);
#14035 = CARTESIAN_POINT('',(2.377948E+03,71.12,627.634));
#14036 = VECTOR('',#14037,1.);
#14037 = DIRECTION('',(0.,0.,1.));
#14038 = ORIENTED_EDGE('',*,*,#14039,.T.);
#14039 = EDGE_CURVE('',#14030,#14040,#14042,.T.);
#14040 = VERTEX_POINT('',#14041);
#14041 = CARTESIAN_POINT('',(2.377948E+03,109.22,627.634));
#14042 = LINE('',#14043,#14044);
#14043 = CARTESIAN_POINT('',(2.377948E+03,71.12,627.634));
#14044 = VECTOR('',#14045,1.);
#14045 = DIRECTION('',(-0.,1.,0.));
#14046 = ORIENTED_EDGE('',*,*,#14047,.T.);
#14047 = EDGE_CURVE('',#14040,#14048,#14050,.T.);
#14048 = VERTEX_POINT('',#14049);
#14049 = CARTESIAN_POINT('',(2.377948E+03,109.22,665.734));
#14050 = LINE('',#14051,#14052);
#14051 = CARTESIAN_POINT('',(2.377948E+03,109.22,627.634));
#14052 = VECTOR('',#14053,1.);
#14053 = DIRECTION('',(0.,0.,1.));
#14054 = ORIENTED_EDGE('',*,*,#14055,.F.);
#14055 = EDGE_CURVE('',#14032,#14048,#14056,.T.);
#14056 = LINE('',#14057,#14058);
#14057 = CARTESIAN_POINT('',(2.377948E+03,71.12,665.734));
#14058 = VECTOR('',#14059,1.);
#14059 = DIRECTION('',(-0.,1.,0.));
#14060 = PLANE('',#14061);
#14061 = AXIS2_PLACEMENT_3D('',#14062,#14063,#14064);
#14062 = CARTESIAN_POINT('',(2.377948E+03,71.12,627.634));
#14063 = DIRECTION('',(1.,0.,-0.));
#14064 = DIRECTION('',(0.,0.,1.));
#14065 = ADVANCED_FACE('',(#14066),#14082,.F.);
#14066 = FACE_BOUND('',#14067,.F.);
#14067 = EDGE_LOOP('',(#14068,#14074,#14075,#14081));
#14068 = ORIENTED_EDGE('',*,*,#14069,.F.);
#14069 = EDGE_CURVE('',#13990,#14030,#14070,.T.);
#14070 = LINE('',#14071,#14072);
#14071 = CARTESIAN_POINT('',(2.339848E+03,71.12,627.634));
#14072 = VECTOR('',#14073,1.);
#14073 = DIRECTION('',(1.,0.,-0.));
#14074 = ORIENTED_EDGE('',*,*,#13989,.T.);
#14075 = ORIENTED_EDGE('',*,*,#14076,.T.);
#14076 = EDGE_CURVE('',#13992,#14032,#14077,.T.);
#14077 = LINE('',#14078,#14079);
#14078 = CARTESIAN_POINT('',(2.339848E+03,71.12,665.734));
#14079 = VECTOR('',#14080,1.);
#14080 = DIRECTION('',(1.,0.,-0.));
#14081 = ORIENTED_EDGE('',*,*,#14029,.F.);
#14082 = PLANE('',#14083);
#14083 = AXIS2_PLACEMENT_3D('',#14084,#14085,#14086);
#14084 = CARTESIAN_POINT('',(2.339848E+03,71.12,627.634));
#14085 = DIRECTION('',(-0.,1.,0.));
#14086 = DIRECTION('',(0.,0.,1.));
#14087 = ADVANCED_FACE('',(#14088),#14104,.T.);
#14088 = FACE_BOUND('',#14089,.T.);
#14089 = EDGE_LOOP('',(#14090,#14096,#14097,#14103));
#14090 = ORIENTED_EDGE('',*,*,#14091,.F.);
#14091 = EDGE_CURVE('',#14000,#14040,#14092,.T.);
#14092 = LINE('',#14093,#14094);
#14093 = CARTESIAN_POINT('',(2.339848E+03,109.22,627.634));
#14094 = VECTOR('',#14095,1.);
#14095 = DIRECTION('',(1.,0.,-0.));
#14096 = ORIENTED_EDGE('',*,*,#14007,.T.);
#14097 = ORIENTED_EDGE('',*,*,#14098,.T.);
#14098 = EDGE_CURVE('',#14008,#14048,#14099,.T.);
#14099 = LINE('',#14100,#14101);
#14100 = CARTESIAN_POINT('',(2.339848E+03,109.22,665.734));
#14101 = VECTOR('',#14102,1.);
#14102 = DIRECTION('',(1.,0.,-0.));
#14103 = ORIENTED_EDGE('',*,*,#14047,.F.);
#14104 = PLANE('',#14105);
#14105 = AXIS2_PLACEMENT_3D('',#14106,#14107,#14108);
#14106 = CARTESIAN_POINT('',(2.339848E+03,109.22,627.634));
#14107 = DIRECTION('',(-0.,1.,0.));
#14108 = DIRECTION('',(0.,0.,1.));
#14109 = ADVANCED_FACE('',(#14110),#14116,.F.);
#14110 = FACE_BOUND('',#14111,.F.);
#14111 = EDGE_LOOP('',(#14112,#14113,#14114,#14115));
#14112 = ORIENTED_EDGE('',*,*,#13999,.F.);
#14113 = ORIENTED_EDGE('',*,*,#14069,.T.);
#14114 = ORIENTED_EDGE('',*,*,#14039,.T.);
#14115 = ORIENTED_EDGE('',*,*,#14091,.F.);
#14116 = PLANE('',#14117);
#14117 = AXIS2_PLACEMENT_3D('',#14118,#14119,#14120);
#14118 = CARTESIAN_POINT('',(2.339848E+03,71.12,627.634));
#14119 = DIRECTION('',(0.,0.,1.));
#14120 = DIRECTION('',(1.,0.,-0.));
#14121 = ADVANCED_FACE('',(#14122),#14128,.T.);
#14122 = FACE_BOUND('',#14123,.T.);
#14123 = EDGE_LOOP('',(#14124,#14125,#14126,#14127));
#14124 = ORIENTED_EDGE('',*,*,#14015,.F.);
#14125 = ORIENTED_EDGE('',*,*,#14076,.T.);
#14126 = ORIENTED_EDGE('',*,*,#14055,.T.);
#14127 = ORIENTED_EDGE('',*,*,#14098,.F.);
#14128 = PLANE('',#14129);
#14129 = AXIS2_PLACEMENT_3D('',#14130,#14131,#14132);
#14130 = CARTESIAN_POINT('',(2.339848E+03,71.12,665.734));
#14131 = DIRECTION('',(0.,0.,1.));
#14132 = DIRECTION('',(1.,0.,-0.));
#14133 = ( GEOMETRIC_REPRESENTATION_CONTEXT(3) 
GLOBAL_UNCERTAINTY_ASSIGNED_CONTEXT((#14137)) 
GLOBAL_UNIT_ASSIGNED_CONTEXT((#14134,#14135,#14136)) 
REPRESENTATION_CONTEXT('Context #1',
  '3D Context with UNIT and UNCERTAINTY') );
#14134 = ( LENGTH_UNIT() NAMED_UNIT(*) SI_UNIT(.MILLI.,.METRE.) );
#14135 = ( NAMED_UNIT(*) PLANE_ANGLE_UNIT() SI_UNIT($,.RADIAN.) );
#14136 = ( NAMED_UNIT(*) SI_UNIT($,.STERADIAN.) SOLID_ANGLE_UNIT() );
#14137 = UNCERTAINTY_MEASURE_WITH_UNIT(LENGTH_MEASURE(1.E-07),#14134,
  'distance_accuracy_value','confusion accuracy');
#14138 = CONTEXT_DEPENDENT_SHAPE_REPRESENTATION(#14139,#14141);
#14139 = ( REPRESENTATION_RELATIONSHIP('','',#13982,#10) 
REPRESENTATION_RELATIONSHIP_WITH_TRANSFORMATION(#14140) 
SHAPE_REPRESENTATION_RELATIONSHIP() );
#14140 = ITEM_DEFINED_TRANSFORMATION('','',#11,#159);
#14141 = PRODUCT_DEFINITION_SHAPE('Placement','Placement of an item',
  #14142);
#14142 = NEXT_ASSEMBLY_USAGE_OCCURRENCE('37','T001_P2_0_2','',#5,#13977,
  $);
#14143 = PRODUCT_RELATED_PRODUCT_CATEGORY('part',$,(#13979));
#14144 = SHAPE_DEFINITION_REPRESENTATION(#14145,#14151);
#14145 = PRODUCT_DEFINITION_SHAPE('','',#14146);
#14146 = PRODUCT_DEFINITION('design','',#14147,#14150);
#14147 = PRODUCT_DEFINITION_FORMATION('','',#14148);
#14148 = PRODUCT('T001_P2_1_0','T001_P2_1_0','',(#14149));
#14149 = PRODUCT_CONTEXT('',#2,'mechanical');
#14150 = PRODUCT_DEFINITION_CONTEXT('part definition',#2,'design');
#14151 = ADVANCED_BREP_SHAPE_REPRESENTATION('',(#11,#14152),#14302);
#14152 = MANIFOLD_SOLID_BREP('',#14153);
#14153 = CLOSED_SHELL('',(#14154,#14194,#14234,#14256,#14278,#14290));
#14154 = ADVANCED_FACE('',(#14155),#14189,.F.);
#14155 = FACE_BOUND('',#14156,.F.);
#14156 = EDGE_LOOP('',(#14157,#14167,#14175,#14183));
#14157 = ORIENTED_EDGE('',*,*,#14158,.F.);
#14158 = EDGE_CURVE('',#14159,#14161,#14163,.T.);
#14159 = VERTEX_POINT('',#14160);
#14160 = CARTESIAN_POINT('',(2.257552E+03,71.12,1.2329414E+03));
#14161 = VERTEX_POINT('',#14162);
#14162 = CARTESIAN_POINT('',(2.257552E+03,71.12,1.2710414E+03));
#14163 = LINE('',#14164,#14165);
#14164 = CARTESIAN_POINT('',(2.257552E+03,71.12,1.2329414E+03));
#14165 = VECTOR('',#14166,1.);
#14166 = DIRECTION('',(0.,0.,1.));
#14167 = ORIENTED_EDGE('',*,*,#14168,.T.);
#14168 = EDGE_CURVE('',#14159,#14169,#14171,.T.);
#14169 = VERTEX_POINT('',#14170);
#14170 = CARTESIAN_POINT('',(2.257552E+03,109.22,1.2329414E+03));
#14171 = LINE('',#14172,#14173);
#14172 = CARTESIAN_POINT('',(2.257552E+03,71.12,1.2329414E+03));
#14173 = VECTOR('',#14174,1.);
#14174 = DIRECTION('',(-0.,1.,0.));
#14175 = ORIENTED_EDGE('',*,*,#14176,.T.);
#14176 = EDGE_CURVE('',#14169,#14177,#14179,.T.);
#14177 = VERTEX_POINT('',#14178);
#14178 = CARTESIAN_POINT('',(2.257552E+03,109.22,1.2710414E+03));
#14179 = LINE('',#14180,#14181);
#14180 = CARTESIAN_POINT('',(2.257552E+03,109.22,1.2329414E+03));
#14181 = VECTOR('',#14182,1.);
#14182 = DIRECTION('',(0.,0.,1.));
#14183 = ORIENTED_EDGE('',*,*,#14184,.F.);
#14184 = EDGE_CURVE('',#14161,#14177,#14185,.T.);
#14185 = LINE('',#14186,#14187);
#14186 = CARTESIAN_POINT('',(2.257552E+03,71.12,1.2710414E+03));
#14187 = VECTOR('',#14188,1.);
#14188 = DIRECTION('',(-0.,1.,0.));
#14189 = PLANE('',#14190);
#14190 = AXIS2_PLACEMENT_3D('',#14191,#14192,#14193);
#14191 = CARTESIAN_POINT('',(2.257552E+03,71.12,1.2329414E+03));
#14192 = DIRECTION('',(1.,0.,-0.));
#14193 = DIRECTION('',(0.,0.,1.));
#14194 = ADVANCED_FACE('',(#14195),#14229,.T.);
#14195 = FACE_BOUND('',#14196,.T.);
#14196 = EDGE_LOOP('',(#14197,#14207,#14215,#14223));
#14197 = ORIENTED_EDGE('',*,*,#14198,.F.);
#14198 = EDGE_CURVE('',#14199,#14201,#14203,.T.);
#14199 = VERTEX_POINT('',#14200);
#14200 = CARTESIAN_POINT('',(2.295652E+03,71.12,1.2329414E+03));
#14201 = VERTEX_POINT('',#14202);
#14202 = CARTESIAN_POINT('',(2.295652E+03,71.12,1.2710414E+03));
#14203 = LINE('',#14204,#14205);
#14204 = CARTESIAN_POINT('',(2.295652E+03,71.12,1.2329414E+03));
#14205 = VECTOR('',#14206,1.);
#14206 = DIRECTION('',(0.,0.,1.));
#14207 = ORIENTED_EDGE('',*,*,#14208,.T.);
#14208 = EDGE_CURVE('',#14199,#14209,#14211,.T.);
#14209 = VERTEX_POINT('',#14210);
#14210 = CARTESIAN_POINT('',(2.295652E+03,109.22,1.2329414E+03));
#14211 = LINE('',#14212,#14213);
#14212 = CARTESIAN_POINT('',(2.295652E+03,71.12,1.2329414E+03));
#14213 = VECTOR('',#14214,1.);
#14214 = DIRECTION('',(-0.,1.,0.));
#14215 = ORIENTED_EDGE('',*,*,#14216,.T.);
#14216 = EDGE_CURVE('',#14209,#14217,#14219,.T.);
#14217 = VERTEX_POINT('',#14218);
#14218 = CARTESIAN_POINT('',(2.295652E+03,109.22,1.2710414E+03));
#14219 = LINE('',#14220,#14221);
#14220 = CARTESIAN_POINT('',(2.295652E+03,109.22,1.2329414E+03));
#14221 = VECTOR('',#14222,1.);
#14222 = DIRECTION('',(0.,0.,1.));
#14223 = ORIENTED_EDGE('',*,*,#14224,.F.);
#14224 = EDGE_CURVE('',#14201,#14217,#14225,.T.);
#14225 = LINE('',#14226,#14227);
#14226 = CARTESIAN_POINT('',(2.295652E+03,71.12,1.2710414E+03));
#14227 = VECTOR('',#14228,1.);
#14228 = DIRECTION('',(-0.,1.,0.));
#14229 = PLANE('',#14230);
#14230 = AXIS2_PLACEMENT_3D('',#14231,#14232,#14233);
#14231 = CARTESIAN_POINT('',(2.295652E+03,71.12,1.2329414E+03));
#14232 = DIRECTION('',(1.,0.,-0.));
#14233 = DIRECTION('',(0.,0.,1.));
#14234 = ADVANCED_FACE('',(#14235),#14251,.F.);
#14235 = FACE_BOUND('',#14236,.F.);
#14236 = EDGE_LOOP('',(#14237,#14243,#14244,#14250));
#14237 = ORIENTED_EDGE('',*,*,#14238,.F.);
#14238 = EDGE_CURVE('',#14159,#14199,#14239,.T.);
#14239 = LINE('',#14240,#14241);
#14240 = CARTESIAN_POINT('',(2.257552E+03,71.12,1.2329414E+03));
#14241 = VECTOR('',#14242,1.);
#14242 = DIRECTION('',(1.,0.,-0.));
#14243 = ORIENTED_EDGE('',*,*,#14158,.T.);
#14244 = ORIENTED_EDGE('',*,*,#14245,.T.);
#14245 = EDGE_CURVE('',#14161,#14201,#14246,.T.);
#14246 = LINE('',#14247,#14248);
#14247 = CARTESIAN_POINT('',(2.257552E+03,71.12,1.2710414E+03));
#14248 = VECTOR('',#14249,1.);
#14249 = DIRECTION('',(1.,0.,-0.));
#14250 = ORIENTED_EDGE('',*,*,#14198,.F.);
#14251 = PLANE('',#14252);
#14252 = AXIS2_PLACEMENT_3D('',#14253,#14254,#14255);
#14253 = CARTESIAN_POINT('',(2.257552E+03,71.12,1.2329414E+03));
#14254 = DIRECTION('',(-0.,1.,0.));
#14255 = DIRECTION('',(0.,0.,1.));
#14256 = ADVANCED_FACE('',(#14257),#14273,.T.);
#14257 = FACE_BOUND('',#14258,.T.);
#14258 = EDGE_LOOP('',(#14259,#14265,#14266,#14272));
#14259 = ORIENTED_EDGE('',*,*,#14260,.F.);
#14260 = EDGE_CURVE('',#14169,#14209,#14261,.T.);
#14261 = LINE('',#14262,#14263);
#14262 = CARTESIAN_POINT('',(2.257552E+03,109.22,1.2329414E+03));
#14263 = VECTOR('',#14264,1.);
#14264 = DIRECTION('',(1.,0.,-0.));
#14265 = ORIENTED_EDGE('',*,*,#14176,.T.);
#14266 = ORIENTED_EDGE('',*,*,#14267,.T.);
#14267 = EDGE_CURVE('',#14177,#14217,#14268,.T.);
#14268 = LINE('',#14269,#14270);
#14269 = CARTESIAN_POINT('',(2.257552E+03,109.22,1.2710414E+03));
#14270 = VECTOR('',#14271,1.);
#14271 = DIRECTION('',(1.,0.,-0.));
#14272 = ORIENTED_EDGE('',*,*,#14216,.F.);
#14273 = PLANE('',#14274);
#14274 = AXIS2_PLACEMENT_3D('',#14275,#14276,#14277);
#14275 = CARTESIAN_POINT('',(2.257552E+03,109.22,1.2329414E+03));
#14276 = DIRECTION('',(-0.,1.,0.));
#14277 = DIRECTION('',(0.,0.,1.));
#14278 = ADVANCED_FACE('',(#14279),#14285,.F.);
#14279 = FACE_BOUND('',#14280,.F.);
#14280 = EDGE_LOOP('',(#14281,#14282,#14283,#14284));
#14281 = ORIENTED_EDGE('',*,*,#14168,.F.);
#14282 = ORIENTED_EDGE('',*,*,#14238,.T.);
#14283 = ORIENTED_EDGE('',*,*,#14208,.T.);
#14284 = ORIENTED_EDGE('',*,*,#14260,.F.);
#14285 = PLANE('',#14286);
#14286 = AXIS2_PLACEMENT_3D('',#14287,#14288,#14289);
#14287 = CARTESIAN_POINT('',(2.257552E+03,71.12,1.2329414E+03));
#14288 = DIRECTION('',(0.,0.,1.));
#14289 = DIRECTION('',(1.,0.,-0.));
#14290 = ADVANCED_FACE('',(#14291),#14297,.T.);
#14291 = FACE_BOUND('',#14292,.T.);
#14292 = EDGE_LOOP('',(#14293,#14294,#14295,#14296));
#14293 = ORIENTED_EDGE('',*,*,#14184,.F.);
#14294 = ORIENTED_EDGE('',*,*,#14245,.T.);
#14295 = ORIENTED_EDGE('',*,*,#14224,.T.);
#14296 = ORIENTED_EDGE('',*,*,#14267,.F.);
#14297 = PLANE('',#14298);
#14298 = AXIS2_PLACEMENT_3D('',#14299,#14300,#14301);
#14299 = CARTESIAN_POINT('',(2.257552E+03,71.12,1.2710414E+03));
#14300 = DIRECTION('',(0.,0.,1.));
#14301 = DIRECTION('',(1.,0.,-0.));
#14302 = ( GEOMETRIC_REPRESENTATION_CONTEXT(3) 
GLOBAL_UNCERTAINTY_ASSIGNED_CONTEXT((#14306)) 
GLOBAL_UNIT_ASSIGNED_CONTEXT((#14303,#14304,#14305)) 
REPRESENTATION_CONTEXT('Context #1',
  '3D Context with UNIT and UNCERTAINTY') );
#14303 = ( LENGTH_UNIT() NAMED_UNIT(*) SI_UNIT(.MILLI.,.METRE.) );
#14304 = ( NAMED_UNIT(*) PLANE_ANGLE_UNIT() SI_UNIT($,.RADIAN.) );
#14305 = ( NAMED_UNIT(*) SI_UNIT($,.STERADIAN.) SOLID_ANGLE_UNIT() );
#14306 = UNCERTAINTY_MEASURE_WITH_UNIT(LENGTH_MEASURE(1.E-07),#14303,
  'distance_accuracy_value','confusion accuracy');
#14307 = CONTEXT_DEPENDENT_SHAPE_REPRESENTATION(#14308,#14310);
#14308 = ( REPRESENTATION_RELATIONSHIP('','',#14151,#10) 
REPRESENTATION_RELATIONSHIP_WITH_TRANSFORMATION(#14309) 
SHAPE_REPRESENTATION_RELATIONSHIP() );
#14309 = ITEM_DEFINED_TRANSFORMATION('','',#11,#163);
#14310 = PRODUCT_DEFINITION_SHAPE('Placement','Placement of an item',
  #14311);
#14311 = NEXT_ASSEMBLY_USAGE_OCCURRENCE('38','T001_P2_1_0','',#5,#14146,
  $);
#14312 = PRODUCT_RELATED_PRODUCT_CATEGORY('part',$,(#14148));
#14313 = SHAPE_DEFINITION_REPRESENTATION(#14314,#14320);
#14314 = PRODUCT_DEFINITION_SHAPE('','',#14315);
#14315 = PRODUCT_DEFINITION('design','',#14316,#14319);
#14316 = PRODUCT_DEFINITION_FORMATION('','',#14317);
#14317 = PRODUCT('T001_P2_1_1','T001_P2_1_1','',(#14318));
#14318 = PRODUCT_CONTEXT('',#2,'mechanical');
#14319 = PRODUCT_DEFINITION_CONTEXT('part definition',#2,'design');
#14320 = ADVANCED_BREP_SHAPE_REPRESENTATION('',(#11,#14321),#14471);
#14321 = MANIFOLD_SOLID_BREP('',#14322);
#14322 = CLOSED_SHELL('',(#14323,#14363,#14403,#14425,#14447,#14459));
#14323 = ADVANCED_FACE('',(#14324),#14358,.F.);
#14324 = FACE_BOUND('',#14325,.F.);
#14325 = EDGE_LOOP('',(#14326,#14336,#14344,#14352));
#14326 = ORIENTED_EDGE('',*,*,#14327,.F.);
#14327 = EDGE_CURVE('',#14328,#14330,#14332,.T.);
#14328 = VERTEX_POINT('',#14329);
#14329 = CARTESIAN_POINT('',(2.2987E+03,71.12,1.2329414E+03));
#14330 = VERTEX_POINT('',#14331);
#14331 = CARTESIAN_POINT('',(2.2987E+03,71.12,1.2710414E+03));
#14332 = LINE('',#14333,#14334);
#14333 = CARTESIAN_POINT('',(2.2987E+03,71.12,1.2329414E+03));
#14334 = VECTOR('',#14335,1.);
#14335 = DIRECTION('',(0.,0.,1.));
#14336 = ORIENTED_EDGE('',*,*,#14337,.T.);
#14337 = EDGE_CURVE('',#14328,#14338,#14340,.T.);
#14338 = VERTEX_POINT('',#14339);
#14339 = CARTESIAN_POINT('',(2.2987E+03,109.22,1.2329414E+03));
#14340 = LINE('',#14341,#14342);
#14341 = CARTESIAN_POINT('',(2.2987E+03,71.12,1.2329414E+03));
#14342 = VECTOR('',#14343,1.);
#14343 = DIRECTION('',(-0.,1.,0.));
#14344 = ORIENTED_EDGE('',*,*,#14345,.T.);
#14345 = EDGE_CURVE('',#14338,#14346,#14348,.T.);
#14346 = VERTEX_POINT('',#14347);
#14347 = CARTESIAN_POINT('',(2.2987E+03,109.22,1.2710414E+03));
#14348 = LINE('',#14349,#14350);
#14349 = CARTESIAN_POINT('',(2.2987E+03,109.22,1.2329414E+03));
#14350 = VECTOR('',#14351,1.);
#14351 = DIRECTION('',(0.,0.,1.));
#14352 = ORIENTED_EDGE('',*,*,#14353,.F.);
#14353 = EDGE_CURVE('',#14330,#14346,#14354,.T.);
#14354 = LINE('',#14355,#14356);
#14355 = CARTESIAN_POINT('',(2.2987E+03,71.12,1.2710414E+03));
#14356 = VECTOR('',#14357,1.);
#14357 = DIRECTION('',(-0.,1.,0.));
#14358 = PLANE('',#14359);
#14359 = AXIS2_PLACEMENT_3D('',#14360,#14361,#14362);
#14360 = CARTESIAN_POINT('',(2.2987E+03,71.12,1.2329414E+03));
#14361 = DIRECTION('',(1.,0.,-0.));
#14362 = DIRECTION('',(0.,0.,1.));
#14363 = ADVANCED_FACE('',(#14364),#14398,.T.);
#14364 = FACE_BOUND('',#14365,.T.);
#14365 = EDGE_LOOP('',(#14366,#14376,#14384,#14392));
#14366 = ORIENTED_EDGE('',*,*,#14367,.F.);
#14367 = EDGE_CURVE('',#14368,#14370,#14372,.T.);
#14368 = VERTEX_POINT('',#14369);
#14369 = CARTESIAN_POINT('',(2.3368E+03,71.12,1.2329414E+03));
#14370 = VERTEX_POINT('',#14371);
#14371 = CARTESIAN_POINT('',(2.3368E+03,71.12,1.2710414E+03));
#14372 = LINE('',#14373,#14374);
#14373 = CARTESIAN_POINT('',(2.3368E+03,71.12,1.2329414E+03));
#14374 = VECTOR('',#14375,1.);
#14375 = DIRECTION('',(0.,0.,1.));
#14376 = ORIENTED_EDGE('',*,*,#14377,.T.);
#14377 = EDGE_CURVE('',#14368,#14378,#14380,.T.);
#14378 = VERTEX_POINT('',#14379);
#14379 = CARTESIAN_POINT('',(2.3368E+03,109.22,1.2329414E+03));
#14380 = LINE('',#14381,#14382);
#14381 = CARTESIAN_POINT('',(2.3368E+03,71.12,1.2329414E+03));
#14382 = VECTOR('',#14383,1.);
#14383 = DIRECTION('',(-0.,1.,0.));
#14384 = ORIENTED_EDGE('',*,*,#14385,.T.);
#14385 = EDGE_CURVE('',#14378,#14386,#14388,.T.);
#14386 = VERTEX_POINT('',#14387);
#14387 = CARTESIAN_POINT('',(2.3368E+03,109.22,1.2710414E+03));
#14388 = LINE('',#14389,#14390);
#14389 = CARTESIAN_POINT('',(2.3368E+03,109.22,1.2329414E+03));
#14390 = VECTOR('',#14391,1.);
#14391 = DIRECTION('',(0.,0.,1.));
#14392 = ORIENTED_EDGE('',*,*,#14393,.F.);
#14393 = EDGE_CURVE('',#14370,#14386,#14394,.T.);
#14394 = LINE('',#14395,#14396);
#14395 = CARTESIAN_POINT('',(2.3368E+03,71.12,1.2710414E+03));
#14396 = VECTOR('',#14397,1.);
#14397 = DIRECTION('',(-0.,1.,0.));
#14398 = PLANE('',#14399);
#14399 = AXIS2_PLACEMENT_3D('',#14400,#14401,#14402);
#14400 = CARTESIAN_POINT('',(2.3368E+03,71.12,1.2329414E+03));
#14401 = DIRECTION('',(1.,0.,-0.));
#14402 = DIRECTION('',(0.,0.,1.));
#14403 = ADVANCED_FACE('',(#14404),#14420,.F.);
#14404 = FACE_BOUND('',#14405,.F.);
#14405 = EDGE_LOOP('',(#14406,#14412,#14413,#14419));
#14406 = ORIENTED_EDGE('',*,*,#14407,.F.);
#14407 = EDGE_CURVE('',#14328,#14368,#14408,.T.);
#14408 = LINE('',#14409,#14410);
#14409 = CARTESIAN_POINT('',(2.2987E+03,71.12,1.2329414E+03));
#14410 = VECTOR('',#14411,1.);
#14411 = DIRECTION('',(1.,0.,-0.));
#14412 = ORIENTED_EDGE('',*,*,#14327,.T.);
#14413 = ORIENTED_EDGE('',*,*,#14414,.T.);
#14414 = EDGE_CURVE('',#14330,#14370,#14415,.T.);
#14415 = LINE('',#14416,#14417);
#14416 = CARTESIAN_POINT('',(2.2987E+03,71.12,1.2710414E+03));
#14417 = VECTOR('',#14418,1.);
#14418 = DIRECTION('',(1.,0.,-0.));
#14419 = ORIENTED_EDGE('',*,*,#14367,.F.);
#14420 = PLANE('',#14421);
#14421 = AXIS2_PLACEMENT_3D('',#14422,#14423,#14424);
#14422 = CARTESIAN_POINT('',(2.2987E+03,71.12,1.2329414E+03));
#14423 = DIRECTION('',(-0.,1.,0.));
#14424 = DIRECTION('',(0.,0.,1.));
#14425 = ADVANCED_FACE('',(#14426),#14442,.T.);
#14426 = FACE_BOUND('',#14427,.T.);
#14427 = EDGE_LOOP('',(#14428,#14434,#14435,#14441));
#14428 = ORIENTED_EDGE('',*,*,#14429,.F.);
#14429 = EDGE_CURVE('',#14338,#14378,#14430,.T.);
#14430 = LINE('',#14431,#14432);
#14431 = CARTESIAN_POINT('',(2.2987E+03,109.22,1.2329414E+03));
#14432 = VECTOR('',#14433,1.);
#14433 = DIRECTION('',(1.,0.,-0.));
#14434 = ORIENTED_EDGE('',*,*,#14345,.T.);
#14435 = ORIENTED_EDGE('',*,*,#14436,.T.);
#14436 = EDGE_CURVE('',#14346,#14386,#14437,.T.);
#14437 = LINE('',#14438,#14439);
#14438 = CARTESIAN_POINT('',(2.2987E+03,109.22,1.2710414E+03));
#14439 = VECTOR('',#14440,1.);
#14440 = DIRECTION('',(1.,0.,-0.));
#14441 = ORIENTED_EDGE('',*,*,#14385,.F.);
#14442 = PLANE('',#14443);
#14443 = AXIS2_PLACEMENT_3D('',#14444,#14445,#14446);
#14444 = CARTESIAN_POINT('',(2.2987E+03,109.22,1.2329414E+03));
#14445 = DIRECTION('',(-0.,1.,0.));
#14446 = DIRECTION('',(0.,0.,1.));
#14447 = ADVANCED_FACE('',(#14448),#14454,.F.);
#14448 = FACE_BOUND('',#14449,.F.);
#14449 = EDGE_LOOP('',(#14450,#14451,#14452,#14453));
#14450 = ORIENTED_EDGE('',*,*,#14337,.F.);
#14451 = ORIENTED_EDGE('',*,*,#14407,.T.);
#14452 = ORIENTED_EDGE('',*,*,#14377,.T.);
#14453 = ORIENTED_EDGE('',*,*,#14429,.F.);
#14454 = PLANE('',#14455);
#14455 = AXIS2_PLACEMENT_3D('',#14456,#14457,#14458);
#14456 = CARTESIAN_POINT('',(2.2987E+03,71.12,1.2329414E+03));
#14457 = DIRECTION('',(0.,0.,1.));
#14458 = DIRECTION('',(1.,0.,-0.));
#14459 = ADVANCED_FACE('',(#14460),#14466,.T.);
#14460 = FACE_BOUND('',#14461,.T.);
#14461 = EDGE_LOOP('',(#14462,#14463,#14464,#14465));
#14462 = ORIENTED_EDGE('',*,*,#14353,.F.);
#14463 = ORIENTED_EDGE('',*,*,#14414,.T.);
#14464 = ORIENTED_EDGE('',*,*,#14393,.T.);
#14465 = ORIENTED_EDGE('',*,*,#14436,.F.);
#14466 = PLANE('',#14467);
#14467 = AXIS2_PLACEMENT_3D('',#14468,#14469,#14470);
#14468 = CARTESIAN_POINT('',(2.2987E+03,71.12,1.2710414E+03));
#14469 = DIRECTION('',(0.,0.,1.));
#14470 = DIRECTION('',(1.,0.,-0.));
#14471 = ( GEOMETRIC_REPRESENTATION_CONTEXT(3) 
GLOBAL_UNCERTAINTY_ASSIGNED_CONTEXT((#14475)) 
GLOBAL_UNIT_ASSIGNED_CONTEXT((#14472,#14473,#14474)) 
REPRESENTATION_CONTEXT('Context #1',
  '3D Context with UNIT and UNCERTAINTY') );
#14472 = ( LENGTH_UNIT() NAMED_UNIT(*) SI_UNIT(.MILLI.,.METRE.) );
#14473 = ( NAMED_UNIT(*) PLANE_ANGLE_UNIT() SI_UNIT($,.RADIAN.) );
#14474 = ( NAMED_UNIT(*) SI_UNIT($,.STERADIAN.) SOLID_ANGLE_UNIT() );
#14475 = UNCERTAINTY_MEASURE_WITH_UNIT(LENGTH_MEASURE(1.E-07),#14472,
  'distance_accuracy_value','confusion accuracy');
#14476 = CONTEXT_DEPENDENT_SHAPE_REPRESENTATION(#14477,#14479);
#14477 = ( REPRESENTATION_RELATIONSHIP('','',#14320,#10) 
REPRESENTATION_RELATIONSHIP_WITH_TRANSFORMATION(#14478) 
SHAPE_REPRESENTATION_RELATIONSHIP() );
#14478 = ITEM_DEFINED_TRANSFORMATION('','',#11,#167);
#14479 = PRODUCT_DEFINITION_SHAPE('Placement','Placement of an item',
  #14480);
#14480 = NEXT_ASSEMBLY_USAGE_OCCURRENCE('39','T001_P2_1_1','',#5,#14315,
  $);
#14481 = PRODUCT_RELATED_PRODUCT_CATEGORY('part',$,(#14317));
#14482 = SHAPE_DEFINITION_REPRESENTATION(#14483,#14489);
#14483 = PRODUCT_DEFINITION_SHAPE('','',#14484);
#14484 = PRODUCT_DEFINITION('design','',#14485,#14488);
#14485 = PRODUCT_DEFINITION_FORMATION('','',#14486);
#14486 = PRODUCT('T001_P2_1_2','T001_P2_1_2','',(#14487));
#14487 = PRODUCT_CONTEXT('',#2,'mechanical');
#14488 = PRODUCT_DEFINITION_CONTEXT('part definition',#2,'design');
#14489 = ADVANCED_BREP_SHAPE_REPRESENTATION('',(#11,#14490),#14640);
#14490 = MANIFOLD_SOLID_BREP('',#14491);
#14491 = CLOSED_SHELL('',(#14492,#14532,#14572,#14594,#14616,#14628));
#14492 = ADVANCED_FACE('',(#14493),#14527,.F.);
#14493 = FACE_BOUND('',#14494,.F.);
#14494 = EDGE_LOOP('',(#14495,#14505,#14513,#14521));
#14495 = ORIENTED_EDGE('',*,*,#14496,.F.);
#14496 = EDGE_CURVE('',#14497,#14499,#14501,.T.);
#14497 = VERTEX_POINT('',#14498);
#14498 = CARTESIAN_POINT('',(2.339848E+03,71.12,1.2329414E+03));
#14499 = VERTEX_POINT('',#14500);
#14500 = CARTESIAN_POINT('',(2.339848E+03,71.12,1.2710414E+03));
#14501 = LINE('',#14502,#14503);
#14502 = CARTESIAN_POINT('',(2.339848E+03,71.12,1.2329414E+03));
#14503 = VECTOR('',#14504,1.);
#14504 = DIRECTION('',(0.,0.,1.));
#14505 = ORIENTED_EDGE('',*,*,#14506,.T.);
#14506 = EDGE_CURVE('',#14497,#14507,#14509,.T.);
#14507 = VERTEX_POINT('',#14508);
#14508 = CARTESIAN_POINT('',(2.339848E+03,109.22,1.2329414E+03));
#14509 = LINE('',#14510,#14511);
#14510 = CARTESIAN_POINT('',(2.339848E+03,71.12,1.2329414E+03));
#14511 = VECTOR('',#14512,1.);
#14512 = DIRECTION('',(-0.,1.,0.));
#14513 = ORIENTED_EDGE('',*,*,#14514,.T.);
#14514 = EDGE_CURVE('',#14507,#14515,#14517,.T.);
#14515 = VERTEX_POINT('',#14516);
#14516 = CARTESIAN_POINT('',(2.339848E+03,109.22,1.2710414E+03));
#14517 = LINE('',#14518,#14519);
#14518 = CARTESIAN_POINT('',(2.339848E+03,109.22,1.2329414E+03));
#14519 = VECTOR('',#14520,1.);
#14520 = DIRECTION('',(0.,0.,1.));
#14521 = ORIENTED_EDGE('',*,*,#14522,.F.);
#14522 = EDGE_CURVE('',#14499,#14515,#14523,.T.);
#14523 = LINE('',#14524,#14525);
#14524 = CARTESIAN_POINT('',(2.339848E+03,71.12,1.2710414E+03));
#14525 = VECTOR('',#14526,1.);
#14526 = DIRECTION('',(-0.,1.,0.));
#14527 = PLANE('',#14528);
#14528 = AXIS2_PLACEMENT_3D('',#14529,#14530,#14531);
#14529 = CARTESIAN_POINT('',(2.339848E+03,71.12,1.2329414E+03));
#14530 = DIRECTION('',(1.,0.,-0.));
#14531 = DIRECTION('',(0.,0.,1.));
#14532 = ADVANCED_FACE('',(#14533),#14567,.T.);
#14533 = FACE_BOUND('',#14534,.T.);
#14534 = EDGE_LOOP('',(#14535,#14545,#14553,#14561));
#14535 = ORIENTED_EDGE('',*,*,#14536,.F.);
#14536 = EDGE_CURVE('',#14537,#14539,#14541,.T.);
#14537 = VERTEX_POINT('',#14538);
#14538 = CARTESIAN_POINT('',(2.377948E+03,71.12,1.2329414E+03));
#14539 = VERTEX_POINT('',#14540);
#14540 = CARTESIAN_POINT('',(2.377948E+03,71.12,1.2710414E+03));
#14541 = LINE('',#14542,#14543);
#14542 = CARTESIAN_POINT('',(2.377948E+03,71.12,1.2329414E+03));
#14543 = VECTOR('',#14544,1.);
#14544 = DIRECTION('',(0.,0.,1.));
#14545 = ORIENTED_EDGE('',*,*,#14546,.T.);
#14546 = EDGE_CURVE('',#14537,#14547,#14549,.T.);
#14547 = VERTEX_POINT('',#14548);
#14548 = CARTESIAN_POINT('',(2.377948E+03,109.22,1.2329414E+03));
#14549 = LINE('',#14550,#14551);
#14550 = CARTESIAN_POINT('',(2.377948E+03,71.12,1.2329414E+03));
#14551 = VECTOR('',#14552,1.);
#14552 = DIRECTION('',(-0.,1.,0.));
#14553 = ORIENTED_EDGE('',*,*,#14554,.T.);
#14554 = EDGE_CURVE('',#14547,#14555,#14557,.T.);
#14555 = VERTEX_POINT('',#14556);
#14556 = CARTESIAN_POINT('',(2.377948E+03,109.22,1.2710414E+03));
#14557 = LINE('',#14558,#14559);
#14558 = CARTESIAN_POINT('',(2.377948E+03,109.22,1.2329414E+03));
#14559 = VECTOR('',#14560,1.);
#14560 = DIRECTION('',(0.,0.,1.));
#14561 = ORIENTED_EDGE('',*,*,#14562,.F.);
#14562 = EDGE_CURVE('',#14539,#14555,#14563,.T.);
#14563 = LINE('',#14564,#14565);
#14564 = CARTESIAN_POINT('',(2.377948E+03,71.12,1.2710414E+03));
#14565 = VECTOR('',#14566,1.);
#14566 = DIRECTION('',(-0.,1.,0.));
#14567 = PLANE('',#14568);
#14568 = AXIS2_PLACEMENT_3D('',#14569,#14570,#14571);
#14569 = CARTESIAN_POINT('',(2.377948E+03,71.12,1.2329414E+03));
#14570 = DIRECTION('',(1.,0.,-0.));
#14571 = DIRECTION('',(0.,0.,1.));
#14572 = ADVANCED_FACE('',(#14573),#14589,.F.);
#14573 = FACE_BOUND('',#14574,.F.);
#14574 = EDGE_LOOP('',(#14575,#14581,#14582,#14588));
#14575 = ORIENTED_EDGE('',*,*,#14576,.F.);
#14576 = EDGE_CURVE('',#14497,#14537,#14577,.T.);
#14577 = LINE('',#14578,#14579);
#14578 = CARTESIAN_POINT('',(2.339848E+03,71.12,1.2329414E+03));
#14579 = VECTOR('',#14580,1.);
#14580 = DIRECTION('',(1.,0.,-0.));
#14581 = ORIENTED_EDGE('',*,*,#14496,.T.);
#14582 = ORIENTED_EDGE('',*,*,#14583,.T.);
#14583 = EDGE_CURVE('',#14499,#14539,#14584,.T.);
#14584 = LINE('',#14585,#14586);
#14585 = CARTESIAN_POINT('',(2.339848E+03,71.12,1.2710414E+03));
#14586 = VECTOR('',#14587,1.);
#14587 = DIRECTION('',(1.,0.,-0.));
#14588 = ORIENTED_EDGE('',*,*,#14536,.F.);
#14589 = PLANE('',#14590);
#14590 = AXIS2_PLACEMENT_3D('',#14591,#14592,#14593);
#14591 = CARTESIAN_POINT('',(2.339848E+03,71.12,1.2329414E+03));
#14592 = DIRECTION('',(-0.,1.,0.));
#14593 = DIRECTION('',(0.,0.,1.));
#14594 = ADVANCED_FACE('',(#14595),#14611,.T.);
#14595 = FACE_BOUND('',#14596,.T.);
#14596 = EDGE_LOOP('',(#14597,#14603,#14604,#14610));
#14597 = ORIENTED_EDGE('',*,*,#14598,.F.);
#14598 = EDGE_CURVE('',#14507,#14547,#14599,.T.);
#14599 = LINE('',#14600,#14601);
#14600 = CARTESIAN_POINT('',(2.339848E+03,109.22,1.2329414E+03));
#14601 = VECTOR('',#14602,1.);
#14602 = DIRECTION('',(1.,0.,-0.));
#14603 = ORIENTED_EDGE('',*,*,#14514,.T.);
#14604 = ORIENTED_EDGE('',*,*,#14605,.T.);
#14605 = EDGE_CURVE('',#14515,#14555,#14606,.T.);
#14606 = LINE('',#14607,#14608);
#14607 = CARTESIAN_POINT('',(2.339848E+03,109.22,1.2710414E+03));
#14608 = VECTOR('',#14609,1.);
#14609 = DIRECTION('',(1.,0.,-0.));
#14610 = ORIENTED_EDGE('',*,*,#14554,.F.);
#14611 = PLANE('',#14612);
#14612 = AXIS2_PLACEMENT_3D('',#14613,#14614,#14615);
#14613 = CARTESIAN_POINT('',(2.339848E+03,109.22,1.2329414E+03));
#14614 = DIRECTION('',(-0.,1.,0.));
#14615 = DIRECTION('',(0.,0.,1.));
#14616 = ADVANCED_FACE('',(#14617),#14623,.F.);
#14617 = FACE_BOUND('',#14618,.F.);
#14618 = EDGE_LOOP('',(#14619,#14620,#14621,#14622));
#14619 = ORIENTED_EDGE('',*,*,#14506,.F.);
#14620 = ORIENTED_EDGE('',*,*,#14576,.T.);
#14621 = ORIENTED_EDGE('',*,*,#14546,.T.);
#14622 = ORIENTED_EDGE('',*,*,#14598,.F.);
#14623 = PLANE('',#14624);
#14624 = AXIS2_PLACEMENT_3D('',#14625,#14626,#14627);
#14625 = CARTESIAN_POINT('',(2.339848E+03,71.12,1.2329414E+03));
#14626 = DIRECTION('',(0.,0.,1.));
#14627 = DIRECTION('',(1.,0.,-0.));
#14628 = ADVANCED_FACE('',(#14629),#14635,.T.);
#14629 = FACE_BOUND('',#14630,.T.);
#14630 = EDGE_LOOP('',(#14631,#14632,#14633,#14634));
#14631 = ORIENTED_EDGE('',*,*,#14522,.F.);
#14632 = ORIENTED_EDGE('',*,*,#14583,.T.);
#14633 = ORIENTED_EDGE('',*,*,#14562,.T.);
#14634 = ORIENTED_EDGE('',*,*,#14605,.F.);
#14635 = PLANE('',#14636);
#14636 = AXIS2_PLACEMENT_3D('',#14637,#14638,#14639);
#14637 = CARTESIAN_POINT('',(2.339848E+03,71.12,1.2710414E+03));
#14638 = DIRECTION('',(0.,0.,1.));
#14639 = DIRECTION('',(1.,0.,-0.));
#14640 = ( GEOMETRIC_REPRESENTATION_CONTEXT(3) 
GLOBAL_UNCERTAINTY_ASSIGNED_CONTEXT((#14644)) 
GLOBAL_UNIT_ASSIGNED_CONTEXT((#14641,#14642,#14643)) 
REPRESENTATION_CONTEXT('Context #1',
  '3D Context with UNIT and UNCERTAINTY') );
#14641 = ( LENGTH_UNIT() NAMED_UNIT(*) SI_UNIT(.MILLI.,.METRE.) );
#14642 = ( NAMED_UNIT(*) PLANE_ANGLE_UNIT() SI_UNIT($,.RADIAN.) );
#14643 = ( NAMED_UNIT(*) SI_UNIT($,.STERADIAN.) SOLID_ANGLE_UNIT() );
#14644 = UNCERTAINTY_MEASURE_WITH_UNIT(LENGTH_MEASURE(1.E-07),#14641,
  'distance_accuracy_value','confusion accuracy');
#14645 = CONTEXT_DEPENDENT_SHAPE_REPRESENTATION(#14646,#14648);
#14646 = ( REPRESENTATION_RELATIONSHIP('','',#14489,#10) 
REPRESENTATION_RELATIONSHIP_WITH_TRANSFORMATION(#14647) 
SHAPE_REPRESENTATION_RELATIONSHIP() );
#14647 = ITEM_DEFINED_TRANSFORMATION('','',#11,#171);
#14648 = PRODUCT_DEFINITION_SHAPE('Placement','Placement of an item',
  #14649);
#14649 = NEXT_ASSEMBLY_USAGE_OCCURRENCE('40','T001_P2_1_2','',#5,#14484,
  $);
#14650 = PRODUCT_RELATED_PRODUCT_CATEGORY('part',$,(#14486));
#14651 = SHAPE_DEFINITION_REPRESENTATION(#14652,#14658);
#14652 = PRODUCT_DEFINITION_SHAPE('','',#14653);
#14653 = PRODUCT_DEFINITION('design','',#14654,#14657);
#14654 = PRODUCT_DEFINITION_FORMATION('','',#14655);
#14655 = PRODUCT('T001_P3_0_0','T001_P3_0_0','',(#14656));
#14656 = PRODUCT_CONTEXT('',#2,'mechanical');
#14657 = PRODUCT_DEFINITION_CONTEXT('part definition',#2,'design');
#14658 = ADVANCED_BREP_SHAPE_REPRESENTATION('',(#11,#14659),#14809);
#14659 = MANIFOLD_SOLID_BREP('',#14660);
#14660 = CLOSED_SHELL('',(#14661,#14701,#14741,#14763,#14785,#14797));
#14661 = ADVANCED_FACE('',(#14662),#14696,.F.);
#14662 = FACE_BOUND('',#14663,.F.);
#14663 = EDGE_LOOP('',(#14664,#14674,#14682,#14690));
#14664 = ORIENTED_EDGE('',*,*,#14665,.F.);
#14665 = EDGE_CURVE('',#14666,#14668,#14670,.T.);
#14666 = VERTEX_POINT('',#14667);
#14667 = CARTESIAN_POINT('',(3.527552E+03,71.12,627.634));
#14668 = VERTEX_POINT('',#14669);
#14669 = CARTESIAN_POINT('',(3.527552E+03,71.12,665.734));
#14670 = LINE('',#14671,#14672);
#14671 = CARTESIAN_POINT('',(3.527552E+03,71.12,627.634));
#14672 = VECTOR('',#14673,1.);
#14673 = DIRECTION('',(0.,0.,1.));
#14674 = ORIENTED_EDGE('',*,*,#14675,.T.);
#14675 = EDGE_CURVE('',#14666,#14676,#14678,.T.);
#14676 = VERTEX_POINT('',#14677);
#14677 = CARTESIAN_POINT('',(3.527552E+03,109.22,627.634));
#14678 = LINE('',#14679,#14680);
#14679 = CARTESIAN_POINT('',(3.527552E+03,71.12,627.634));
#14680 = VECTOR('',#14681,1.);
#14681 = DIRECTION('',(-0.,1.,0.));
#14682 = ORIENTED_EDGE('',*,*,#14683,.T.);
#14683 = EDGE_CURVE('',#14676,#14684,#14686,.T.);
#14684 = VERTEX_POINT('',#14685);
#14685 = CARTESIAN_POINT('',(3.527552E+03,109.22,665.734));
#14686 = LINE('',#14687,#14688);
#14687 = CARTESIAN_POINT('',(3.527552E+03,109.22,627.634));
#14688 = VECTOR('',#14689,1.);
#14689 = DIRECTION('',(0.,0.,1.));
#14690 = ORIENTED_EDGE('',*,*,#14691,.F.);
#14691 = EDGE_CURVE('',#14668,#14684,#14692,.T.);
#14692 = LINE('',#14693,#14694);
#14693 = CARTESIAN_POINT('',(3.527552E+03,71.12,665.734));
#14694 = VECTOR('',#14695,1.);
#14695 = DIRECTION('',(-0.,1.,0.));
#14696 = PLANE('',#14697);
#14697 = AXIS2_PLACEMENT_3D('',#14698,#14699,#14700);
#14698 = CARTESIAN_POINT('',(3.527552E+03,71.12,627.634));
#14699 = DIRECTION('',(1.,0.,-0.));
#14700 = DIRECTION('',(0.,0.,1.));
#14701 = ADVANCED_FACE('',(#14702),#14736,.T.);
#14702 = FACE_BOUND('',#14703,.T.);
#14703 = EDGE_LOOP('',(#14704,#14714,#14722,#14730));
#14704 = ORIENTED_EDGE('',*,*,#14705,.F.);
#14705 = EDGE_CURVE('',#14706,#14708,#14710,.T.);
#14706 = VERTEX_POINT('',#14707);
#14707 = CARTESIAN_POINT('',(3.565652E+03,71.12,627.634));
#14708 = VERTEX_POINT('',#14709);
#14709 = CARTESIAN_POINT('',(3.565652E+03,71.12,665.734));
#14710 = LINE('',#14711,#14712);
#14711 = CARTESIAN_POINT('',(3.565652E+03,71.12,627.634));
#14712 = VECTOR('',#14713,1.);
#14713 = DIRECTION('',(0.,0.,1.));
#14714 = ORIENTED_EDGE('',*,*,#14715,.T.);
#14715 = EDGE_CURVE('',#14706,#14716,#14718,.T.);
#14716 = VERTEX_POINT('',#14717);
#14717 = CARTESIAN_POINT('',(3.565652E+03,109.22,627.634));
#14718 = LINE('',#14719,#14720);
#14719 = CARTESIAN_POINT('',(3.565652E+03,71.12,627.634));
#14720 = VECTOR('',#14721,1.);
#14721 = DIRECTION('',(-0.,1.,0.));
#14722 = ORIENTED_EDGE('',*,*,#14723,.T.);
#14723 = EDGE_CURVE('',#14716,#14724,#14726,.T.);
#14724 = VERTEX_POINT('',#14725);
#14725 = CARTESIAN_POINT('',(3.565652E+03,109.22,665.734));
#14726 = LINE('',#14727,#14728);
#14727 = CARTESIAN_POINT('',(3.565652E+03,109.22,627.634));
#14728 = VECTOR('',#14729,1.);
#14729 = DIRECTION('',(0.,0.,1.));
#14730 = ORIENTED_EDGE('',*,*,#14731,.F.);
#14731 = EDGE_CURVE('',#14708,#14724,#14732,.T.);
#14732 = LINE('',#14733,#14734);
#14733 = CARTESIAN_POINT('',(3.565652E+03,71.12,665.734));
#14734 = VECTOR('',#14735,1.);
#14735 = DIRECTION('',(-0.,1.,0.));
#14736 = PLANE('',#14737);
#14737 = AXIS2_PLACEMENT_3D('',#14738,#14739,#14740);
#14738 = CARTESIAN_POINT('',(3.565652E+03,71.12,627.634));
#14739 = DIRECTION('',(1.,0.,-0.));
#14740 = DIRECTION('',(0.,0.,1.));
#14741 = ADVANCED_FACE('',(#14742),#14758,.F.);
#14742 = FACE_BOUND('',#14743,.F.);
#14743 = EDGE_LOOP('',(#14744,#14750,#14751,#14757));
#14744 = ORIENTED_EDGE('',*,*,#14745,.F.);
#14745 = EDGE_CURVE('',#14666,#14706,#14746,.T.);
#14746 = LINE('',#14747,#14748);
#14747 = CARTESIAN_POINT('',(3.527552E+03,71.12,627.634));
#14748 = VECTOR('',#14749,1.);
#14749 = DIRECTION('',(1.,0.,-0.));
#14750 = ORIENTED_EDGE('',*,*,#14665,.T.);
#14751 = ORIENTED_EDGE('',*,*,#14752,.T.);
#14752 = EDGE_CURVE('',#14668,#14708,#14753,.T.);
#14753 = LINE('',#14754,#14755);
#14754 = CARTESIAN_POINT('',(3.527552E+03,71.12,665.734));
#14755 = VECTOR('',#14756,1.);
#14756 = DIRECTION('',(1.,0.,-0.));
#14757 = ORIENTED_EDGE('',*,*,#14705,.F.);
#14758 = PLANE('',#14759);
#14759 = AXIS2_PLACEMENT_3D('',#14760,#14761,#14762);
#14760 = CARTESIAN_POINT('',(3.527552E+03,71.12,627.634));
#14761 = DIRECTION('',(-0.,1.,0.));
#14762 = DIRECTION('',(0.,0.,1.));
#14763 = ADVANCED_FACE('',(#14764),#14780,.T.);
#14764 = FACE_BOUND('',#14765,.T.);
#14765 = EDGE_LOOP('',(#14766,#14772,#14773,#14779));
#14766 = ORIENTED_EDGE('',*,*,#14767,.F.);
#14767 = EDGE_CURVE('',#14676,#14716,#14768,.T.);
#14768 = LINE('',#14769,#14770);
#14769 = CARTESIAN_POINT('',(3.527552E+03,109.22,627.634));
#14770 = VECTOR('',#14771,1.);
#14771 = DIRECTION('',(1.,0.,-0.));
#14772 = ORIENTED_EDGE('',*,*,#14683,.T.);
#14773 = ORIENTED_EDGE('',*,*,#14774,.T.);
#14774 = EDGE_CURVE('',#14684,#14724,#14775,.T.);
#14775 = LINE('',#14776,#14777);
#14776 = CARTESIAN_POINT('',(3.527552E+03,109.22,665.734));
#14777 = VECTOR('',#14778,1.);
#14778 = DIRECTION('',(1.,0.,-0.));
#14779 = ORIENTED_EDGE('',*,*,#14723,.F.);
#14780 = PLANE('',#14781);
#14781 = AXIS2_PLACEMENT_3D('',#14782,#14783,#14784);
#14782 = CARTESIAN_POINT('',(3.527552E+03,109.22,627.634));
#14783 = DIRECTION('',(-0.,1.,0.));
#14784 = DIRECTION('',(0.,0.,1.));
#14785 = ADVANCED_FACE('',(#14786),#14792,.F.);
#14786 = FACE_BOUND('',#14787,.F.);
#14787 = EDGE_LOOP('',(#14788,#14789,#14790,#14791));
#14788 = ORIENTED_EDGE('',*,*,#14675,.F.);
#14789 = ORIENTED_EDGE('',*,*,#14745,.T.);
#14790 = ORIENTED_EDGE('',*,*,#14715,.T.);
#14791 = ORIENTED_EDGE('',*,*,#14767,.F.);
#14792 = PLANE('',#14793);
#14793 = AXIS2_PLACEMENT_3D('',#14794,#14795,#14796);
#14794 = CARTESIAN_POINT('',(3.527552E+03,71.12,627.634));
#14795 = DIRECTION('',(0.,0.,1.));
#14796 = DIRECTION('',(1.,0.,-0.));
#14797 = ADVANCED_FACE('',(#14798),#14804,.T.);
#14798 = FACE_BOUND('',#14799,.T.);
#14799 = EDGE_LOOP('',(#14800,#14801,#14802,#14803));
#14800 = ORIENTED_EDGE('',*,*,#14691,.F.);
#14801 = ORIENTED_EDGE('',*,*,#14752,.T.);
#14802 = ORIENTED_EDGE('',*,*,#14731,.T.);
#14803 = ORIENTED_EDGE('',*,*,#14774,.F.);
#14804 = PLANE('',#14805);
#14805 = AXIS2_PLACEMENT_3D('',#14806,#14807,#14808);
#14806 = CARTESIAN_POINT('',(3.527552E+03,71.12,665.734));
#14807 = DIRECTION('',(0.,0.,1.));
#14808 = DIRECTION('',(1.,0.,-0.));
#14809 = ( GEOMETRIC_REPRESENTATION_CONTEXT(3) 
GLOBAL_UNCERTAINTY_ASSIGNED_CONTEXT((#14813)) 
GLOBAL_UNIT_ASSIGNED_CONTEXT((#14810,#14811,#14812)) 
REPRESENTATION_CONTEXT('Context #1',
  '3D Context with UNIT and UNCERTAINTY') );
#14810 = ( LENGTH_UNIT() NAMED_UNIT(*) SI_UNIT(.MILLI.,.METRE.) );
#14811 = ( NAMED_UNIT(*) PLANE_ANGLE_UNIT() SI_UNIT($,.RADIAN.) );
#14812 = ( NAMED_UNIT(*) SI_UNIT($,.STERADIAN.) SOLID_ANGLE_UNIT() );
#14813 = UNCERTAINTY_MEASURE_WITH_UNIT(LENGTH_MEASURE(1.E-07),#14810,
  'distance_accuracy_value','confusion accuracy');
#14814 = CONTEXT_DEPENDENT_SHAPE_REPRESENTATION(#14815,#14817);
#14815 = ( REPRESENTATION_RELATIONSHIP('','',#14658,#10) 
REPRESENTATION_RELATIONSHIP_WITH_TRANSFORMATION(#14816) 
SHAPE_REPRESENTATION_RELATIONSHIP() );
#14816 = ITEM_DEFINED_TRANSFORMATION('','',#11,#175);
#14817 = PRODUCT_DEFINITION_SHAPE('Placement','Placement of an item',
  #14818);
#14818 = NEXT_ASSEMBLY_USAGE_OCCURRENCE('41','T001_P3_0_0','',#5,#14653,
  $);
#14819 = PRODUCT_RELATED_PRODUCT_CATEGORY('part',$,(#14655));
#14820 = SHAPE_DEFINITION_REPRESENTATION(#14821,#14827);
#14821 = PRODUCT_DEFINITION_SHAPE('','',#14822);
#14822 = PRODUCT_DEFINITION('design','',#14823,#14826);
#14823 = PRODUCT_DEFINITION_FORMATION('','',#14824);
#14824 = PRODUCT('T001_P3_0_1','T001_P3_0_1','',(#14825));
#14825 = PRODUCT_CONTEXT('',#2,'mechanical');
#14826 = PRODUCT_DEFINITION_CONTEXT('part definition',#2,'design');
#14827 = ADVANCED_BREP_SHAPE_REPRESENTATION('',(#11,#14828),#14978);
#14828 = MANIFOLD_SOLID_BREP('',#14829);
#14829 = CLOSED_SHELL('',(#14830,#14870,#14910,#14932,#14954,#14966));
#14830 = ADVANCED_FACE('',(#14831),#14865,.F.);
#14831 = FACE_BOUND('',#14832,.F.);
#14832 = EDGE_LOOP('',(#14833,#14843,#14851,#14859));
#14833 = ORIENTED_EDGE('',*,*,#14834,.F.);
#14834 = EDGE_CURVE('',#14835,#14837,#14839,.T.);
#14835 = VERTEX_POINT('',#14836);
#14836 = CARTESIAN_POINT('',(3.5687E+03,71.12,627.634));
#14837 = VERTEX_POINT('',#14838);
#14838 = CARTESIAN_POINT('',(3.5687E+03,71.12,665.734));
#14839 = LINE('',#14840,#14841);
#14840 = CARTESIAN_POINT('',(3.5687E+03,71.12,627.634));
#14841 = VECTOR('',#14842,1.);
#14842 = DIRECTION('',(0.,0.,1.));
#14843 = ORIENTED_EDGE('',*,*,#14844,.T.);
#14844 = EDGE_CURVE('',#14835,#14845,#14847,.T.);
#14845 = VERTEX_POINT('',#14846);
#14846 = CARTESIAN_POINT('',(3.5687E+03,109.22,627.634));
#14847 = LINE('',#14848,#14849);
#14848 = CARTESIAN_POINT('',(3.5687E+03,71.12,627.634));
#14849 = VECTOR('',#14850,1.);
#14850 = DIRECTION('',(-0.,1.,0.));
#14851 = ORIENTED_EDGE('',*,*,#14852,.T.);
#14852 = EDGE_CURVE('',#14845,#14853,#14855,.T.);
#14853 = VERTEX_POINT('',#14854);
#14854 = CARTESIAN_POINT('',(3.5687E+03,109.22,665.734));
#14855 = LINE('',#14856,#14857);
#14856 = CARTESIAN_POINT('',(3.5687E+03,109.22,627.634));
#14857 = VECTOR('',#14858,1.);
#14858 = DIRECTION('',(0.,0.,1.));
#14859 = ORIENTED_EDGE('',*,*,#14860,.F.);
#14860 = EDGE_CURVE('',#14837,#14853,#14861,.T.);
#14861 = LINE('',#14862,#14863);
#14862 = CARTESIAN_POINT('',(3.5687E+03,71.12,665.734));
#14863 = VECTOR('',#14864,1.);
#14864 = DIRECTION('',(-0.,1.,0.));
#14865 = PLANE('',#14866);
#14866 = AXIS2_PLACEMENT_3D('',#14867,#14868,#14869);
#14867 = CARTESIAN_POINT('',(3.5687E+03,71.12,627.634));
#14868 = DIRECTION('',(1.,0.,-0.));
#14869 = DIRECTION('',(0.,0.,1.));
#14870 = ADVANCED_FACE('',(#14871),#14905,.T.);
#14871 = FACE_BOUND('',#14872,.T.);
#14872 = EDGE_LOOP('',(#14873,#14883,#14891,#14899));
#14873 = ORIENTED_EDGE('',*,*,#14874,.F.);
#14874 = EDGE_CURVE('',#14875,#14877,#14879,.T.);
#14875 = VERTEX_POINT('',#14876);
#14876 = CARTESIAN_POINT('',(3.6068E+03,71.12,627.634));
#14877 = VERTEX_POINT('',#14878);
#14878 = CARTESIAN_POINT('',(3.6068E+03,71.12,665.734));
#14879 = LINE('',#14880,#14881);
#14880 = CARTESIAN_POINT('',(3.6068E+03,71.12,627.634));
#14881 = VECTOR('',#14882,1.);
#14882 = DIRECTION('',(0.,0.,1.));
#14883 = ORIENTED_EDGE('',*,*,#14884,.T.);
#14884 = EDGE_CURVE('',#14875,#14885,#14887,.T.);
#14885 = VERTEX_POINT('',#14886);
#14886 = CARTESIAN_POINT('',(3.6068E+03,109.22,627.634));
#14887 = LINE('',#14888,#14889);
#14888 = CARTESIAN_POINT('',(3.6068E+03,71.12,627.634));
#14889 = VECTOR('',#14890,1.);
#14890 = DIRECTION('',(-0.,1.,0.));
#14891 = ORIENTED_EDGE('',*,*,#14892,.T.);
#14892 = EDGE_CURVE('',#14885,#14893,#14895,.T.);
#14893 = VERTEX_POINT('',#14894);
#14894 = CARTESIAN_POINT('',(3.6068E+03,109.22,665.734));
#14895 = LINE('',#14896,#14897);
#14896 = CARTESIAN_POINT('',(3.6068E+03,109.22,627.634));
#14897 = VECTOR('',#14898,1.);
#14898 = DIRECTION('',(0.,0.,1.));
#14899 = ORIENTED_EDGE('',*,*,#14900,.F.);
#14900 = EDGE_CURVE('',#14877,#14893,#14901,.T.);
#14901 = LINE('',#14902,#14903);
#14902 = CARTESIAN_POINT('',(3.6068E+03,71.12,665.734));
#14903 = VECTOR('',#14904,1.);
#14904 = DIRECTION('',(-0.,1.,0.));
#14905 = PLANE('',#14906);
#14906 = AXIS2_PLACEMENT_3D('',#14907,#14908,#14909);
#14907 = CARTESIAN_POINT('',(3.6068E+03,71.12,627.634));
#14908 = DIRECTION('',(1.,0.,-0.));
#14909 = DIRECTION('',(0.,0.,1.));
#14910 = ADVANCED_FACE('',(#14911),#14927,.F.);
#14911 = FACE_BOUND('',#14912,.F.);
#14912 = EDGE_LOOP('',(#14913,#14919,#14920,#14926));
#14913 = ORIENTED_EDGE('',*,*,#14914,.F.);
#14914 = EDGE_CURVE('',#14835,#14875,#14915,.T.);
#14915 = LINE('',#14916,#14917);
#14916 = CARTESIAN_POINT('',(3.5687E+03,71.12,627.634));
#14917 = VECTOR('',#14918,1.);
#14918 = DIRECTION('',(1.,0.,-0.));
#14919 = ORIENTED_EDGE('',*,*,#14834,.T.);
#14920 = ORIENTED_EDGE('',*,*,#14921,.T.);
#14921 = EDGE_CURVE('',#14837,#14877,#14922,.T.);
#14922 = LINE('',#14923,#14924);
#14923 = CARTESIAN_POINT('',(3.5687E+03,71.12,665.734));
#14924 = VECTOR('',#14925,1.);
#14925 = DIRECTION('',(1.,0.,-0.));
#14926 = ORIENTED_EDGE('',*,*,#14874,.F.);
#14927 = PLANE('',#14928);
#14928 = AXIS2_PLACEMENT_3D('',#14929,#14930,#14931);
#14929 = CARTESIAN_POINT('',(3.5687E+03,71.12,627.634));
#14930 = DIRECTION('',(-0.,1.,0.));
#14931 = DIRECTION('',(0.,0.,1.));
#14932 = ADVANCED_FACE('',(#14933),#14949,.T.);
#14933 = FACE_BOUND('',#14934,.T.);
#14934 = EDGE_LOOP('',(#14935,#14941,#14942,#14948));
#14935 = ORIENTED_EDGE('',*,*,#14936,.F.);
#14936 = EDGE_CURVE('',#14845,#14885,#14937,.T.);
#14937 = LINE('',#14938,#14939);
#14938 = CARTESIAN_POINT('',(3.5687E+03,109.22,627.634));
#14939 = VECTOR('',#14940,1.);
#14940 = DIRECTION('',(1.,0.,-0.));
#14941 = ORIENTED_EDGE('',*,*,#14852,.T.);
#14942 = ORIENTED_EDGE('',*,*,#14943,.T.);
#14943 = EDGE_CURVE('',#14853,#14893,#14944,.T.);
#14944 = LINE('',#14945,#14946);
#14945 = CARTESIAN_POINT('',(3.5687E+03,109.22,665.734));
#14946 = VECTOR('',#14947,1.);
#14947 = DIRECTION('',(1.,0.,-0.));
#14948 = ORIENTED_EDGE('',*,*,#14892,.F.);
#14949 = PLANE('',#14950);
#14950 = AXIS2_PLACEMENT_3D('',#14951,#14952,#14953);
#14951 = CARTESIAN_POINT('',(3.5687E+03,109.22,627.634));
#14952 = DIRECTION('',(-0.,1.,0.));
#14953 = DIRECTION('',(0.,0.,1.));
#14954 = ADVANCED_FACE('',(#14955),#14961,.F.);
#14955 = FACE_BOUND('',#14956,.F.);
#14956 = EDGE_LOOP('',(#14957,#14958,#14959,#14960));
#14957 = ORIENTED_EDGE('',*,*,#14844,.F.);
#14958 = ORIENTED_EDGE('',*,*,#14914,.T.);
#14959 = ORIENTED_EDGE('',*,*,#14884,.T.);
#14960 = ORIENTED_EDGE('',*,*,#14936,.F.);
#14961 = PLANE('',#14962);
#14962 = AXIS2_PLACEMENT_3D('',#14963,#14964,#14965);
#14963 = CARTESIAN_POINT('',(3.5687E+03,71.12,627.634));
#14964 = DIRECTION('',(0.,0.,1.));
#14965 = DIRECTION('',(1.,0.,-0.));
#14966 = ADVANCED_FACE('',(#14967),#14973,.T.);
#14967 = FACE_BOUND('',#14968,.T.);
#14968 = EDGE_LOOP('',(#14969,#14970,#14971,#14972));
#14969 = ORIENTED_EDGE('',*,*,#14860,.F.);
#14970 = ORIENTED_EDGE('',*,*,#14921,.T.);
#14971 = ORIENTED_EDGE('',*,*,#14900,.T.);
#14972 = ORIENTED_EDGE('',*,*,#14943,.F.);
#14973 = PLANE('',#14974);
#14974 = AXIS2_PLACEMENT_3D('',#14975,#14976,#14977);
#14975 = CARTESIAN_POINT('',(3.5687E+03,71.12,665.734));
#14976 = DIRECTION('',(0.,0.,1.));
#14977 = DIRECTION('',(1.,0.,-0.));
#14978 = ( GEOMETRIC_REPRESENTATION_CONTEXT(3) 
GLOBAL_UNCERTAINTY_ASSIGNED_CONTEXT((#14982)) 
GLOBAL_UNIT_ASSIGNED_CONTEXT((#14979,#14980,#14981)) 
REPRESENTATION_CONTEXT('Context #1',
  '3D Context with UNIT and UNCERTAINTY') );
#14979 = ( LENGTH_UNIT() NAMED_UNIT(*) SI_UNIT(.MILLI.,.METRE.) );
#14980 = ( NAMED_UNIT(*) PLANE_ANGLE_UNIT() SI_UNIT($,.RADIAN.) );
#14981 = ( NAMED_UNIT(*) SI_UNIT($,.STERADIAN.) SOLID_ANGLE_UNIT() );
#14982 = UNCERTAINTY_MEASURE_WITH_UNIT(LENGTH_MEASURE(1.E-07),#14979,
  'distance_accuracy_value','confusion accuracy');
#14983 = CONTEXT_DEPENDENT_SHAPE_REPRESENTATION(#14984,#14986);
#14984 = ( REPRESENTATION_RELATIONSHIP('','',#14827,#10) 
REPRESENTATION_RELATIONSHIP_WITH_TRANSFORMATION(#14985) 
SHAPE_REPRESENTATION_RELATIONSHIP() );
#14985 = ITEM_DEFINED_TRANSFORMATION('','',#11,#179);
#14986 = PRODUCT_DEFINITION_SHAPE('Placement','Placement of an item',
  #14987);
#14987 = NEXT_ASSEMBLY_USAGE_OCCURRENCE('42','T001_P3_0_1','',#5,#14822,
  $);
#14988 = PRODUCT_RELATED_PRODUCT_CATEGORY('part',$,(#14824));
#14989 = SHAPE_DEFINITION_REPRESENTATION(#14990,#14996);
#14990 = PRODUCT_DEFINITION_SHAPE('','',#14991);
#14991 = PRODUCT_DEFINITION('design','',#14992,#14995);
#14992 = PRODUCT_DEFINITION_FORMATION('','',#14993);
#14993 = PRODUCT('T001_P3_0_2','T001_P3_0_2','',(#14994));
#14994 = PRODUCT_CONTEXT('',#2,'mechanical');
#14995 = PRODUCT_DEFINITION_CONTEXT('part definition',#2,'design');
#14996 = ADVANCED_BREP_SHAPE_REPRESENTATION('',(#11,#14997),#15147);
#14997 = MANIFOLD_SOLID_BREP('',#14998);
#14998 = CLOSED_SHELL('',(#14999,#15039,#15079,#15101,#15123,#15135));
#14999 = ADVANCED_FACE('',(#15000),#15034,.F.);
#15000 = FACE_BOUND('',#15001,.F.);
#15001 = EDGE_LOOP('',(#15002,#15012,#15020,#15028));
#15002 = ORIENTED_EDGE('',*,*,#15003,.F.);
#15003 = EDGE_CURVE('',#15004,#15006,#15008,.T.);
#15004 = VERTEX_POINT('',#15005);
#15005 = CARTESIAN_POINT('',(3.609848E+03,71.12,627.634));
#15006 = VERTEX_POINT('',#15007);
#15007 = CARTESIAN_POINT('',(3.609848E+03,71.12,665.734));
#15008 = LINE('',#15009,#15010);
#15009 = CARTESIAN_POINT('',(3.609848E+03,71.12,627.634));
#15010 = VECTOR('',#15011,1.);
#15011 = DIRECTION('',(0.,0.,1.));
#15012 = ORIENTED_EDGE('',*,*,#15013,.T.);
#15013 = EDGE_CURVE('',#15004,#15014,#15016,.T.);
#15014 = VERTEX_POINT('',#15015);
#15015 = CARTESIAN_POINT('',(3.609848E+03,109.22,627.634));
#15016 = LINE('',#15017,#15018);
#15017 = CARTESIAN_POINT('',(3.609848E+03,71.12,627.634));
#15018 = VECTOR('',#15019,1.);
#15019 = DIRECTION('',(-0.,1.,0.));
#15020 = ORIENTED_EDGE('',*,*,#15021,.T.);
#15021 = EDGE_CURVE('',#15014,#15022,#15024,.T.);
#15022 = VERTEX_POINT('',#15023);
#15023 = CARTESIAN_POINT('',(3.609848E+03,109.22,665.734));
#15024 = LINE('',#15025,#15026);
#15025 = CARTESIAN_POINT('',(3.609848E+03,109.22,627.634));
#15026 = VECTOR('',#15027,1.);
#15027 = DIRECTION('',(0.,0.,1.));
#15028 = ORIENTED_EDGE('',*,*,#15029,.F.);
#15029 = EDGE_CURVE('',#15006,#15022,#15030,.T.);
#15030 = LINE('',#15031,#15032);
#15031 = CARTESIAN_POINT('',(3.609848E+03,71.12,665.734));
#15032 = VECTOR('',#15033,1.);
#15033 = DIRECTION('',(-0.,1.,0.));
#15034 = PLANE('',#15035);
#15035 = AXIS2_PLACEMENT_3D('',#15036,#15037,#15038);
#15036 = CARTESIAN_POINT('',(3.609848E+03,71.12,627.634));
#15037 = DIRECTION('',(1.,0.,-0.));
#15038 = DIRECTION('',(0.,0.,1.));
#15039 = ADVANCED_FACE('',(#15040),#15074,.T.);
#15040 = FACE_BOUND('',#15041,.T.);
#15041 = EDGE_LOOP('',(#15042,#15052,#15060,#15068));
#15042 = ORIENTED_EDGE('',*,*,#15043,.F.);
#15043 = EDGE_CURVE('',#15044,#15046,#15048,.T.);
#15044 = VERTEX_POINT('',#15045);
#15045 = CARTESIAN_POINT('',(3.647948E+03,71.12,627.634));
#15046 = VERTEX_POINT('',#15047);
#15047 = CARTESIAN_POINT('',(3.647948E+03,71.12,665.734));
#15048 = LINE('',#15049,#15050);
#15049 = CARTESIAN_POINT('',(3.647948E+03,71.12,627.634));
#15050 = VECTOR('',#15051,1.);
#15051 = DIRECTION('',(0.,0.,1.));
#15052 = ORIENTED_EDGE('',*,*,#15053,.T.);
#15053 = EDGE_CURVE('',#15044,#15054,#15056,.T.);
#15054 = VERTEX_POINT('',#15055);
#15055 = CARTESIAN_POINT('',(3.647948E+03,109.22,627.634));
#15056 = LINE('',#15057,#15058);
#15057 = CARTESIAN_POINT('',(3.647948E+03,71.12,627.634));
#15058 = VECTOR('',#15059,1.);
#15059 = DIRECTION('',(-0.,1.,0.));
#15060 = ORIENTED_EDGE('',*,*,#15061,.T.);
#15061 = EDGE_CURVE('',#15054,#15062,#15064,.T.);
#15062 = VERTEX_POINT('',#15063);
#15063 = CARTESIAN_POINT('',(3.647948E+03,109.22,665.734));
#15064 = LINE('',#15065,#15066);
#15065 = CARTESIAN_POINT('',(3.647948E+03,109.22,627.634));
#15066 = VECTOR('',#15067,1.);
#15067 = DIRECTION('',(0.,0.,1.));
#15068 = ORIENTED_EDGE('',*,*,#15069,.F.);
#15069 = EDGE_CURVE('',#15046,#15062,#15070,.T.);
#15070 = LINE('',#15071,#15072);
#15071 = CARTESIAN_POINT('',(3.647948E+03,71.12,665.734));
#15072 = VECTOR('',#15073,1.);
#15073 = DIRECTION('',(-0.,1.,0.));
#15074 = PLANE('',#15075);
#15075 = AXIS2_PLACEMENT_3D('',#15076,#15077,#15078);
#15076 = CARTESIAN_POINT('',(3.647948E+03,71.12,627.634));
#15077 = DIRECTION('',(1.,0.,-0.));
#15078 = DIRECTION('',(0.,0.,1.));
#15079 = ADVANCED_FACE('',(#15080),#15096,.F.);
#15080 = FACE_BOUND('',#15081,.F.);
#15081 = EDGE_LOOP('',(#15082,#15088,#15089,#15095));
#15082 = ORIENTED_EDGE('',*,*,#15083,.F.);
#15083 = EDGE_CURVE('',#15004,#15044,#15084,.T.);
#15084 = LINE('',#15085,#15086);
#15085 = CARTESIAN_POINT('',(3.609848E+03,71.12,627.634));
#15086 = VECTOR('',#15087,1.);
#15087 = DIRECTION('',(1.,0.,-0.));
#15088 = ORIENTED_EDGE('',*,*,#15003,.T.);
#15089 = ORIENTED_EDGE('',*,*,#15090,.T.);
#15090 = EDGE_CURVE('',#15006,#15046,#15091,.T.);
#15091 = LINE('',#15092,#15093);
#15092 = CARTESIAN_POINT('',(3.609848E+03,71.12,665.734));
#15093 = VECTOR('',#15094,1.);
#15094 = DIRECTION('',(1.,0.,-0.));
#15095 = ORIENTED_EDGE('',*,*,#15043,.F.);
#15096 = PLANE('',#15097);
#15097 = AXIS2_PLACEMENT_3D('',#15098,#15099,#15100);
#15098 = CARTESIAN_POINT('',(3.609848E+03,71.12,627.634));
#15099 = DIRECTION('',(-0.,1.,0.));
#15100 = DIRECTION('',(0.,0.,1.));
#15101 = ADVANCED_FACE('',(#15102),#15118,.T.);
#15102 = FACE_BOUND('',#15103,.T.);
#15103 = EDGE_LOOP('',(#15104,#15110,#15111,#15117));
#15104 = ORIENTED_EDGE('',*,*,#15105,.F.);
#15105 = EDGE_CURVE('',#15014,#15054,#15106,.T.);
#15106 = LINE('',#15107,#15108);
#15107 = CARTESIAN_POINT('',(3.609848E+03,109.22,627.634));
#15108 = VECTOR('',#15109,1.);
#15109 = DIRECTION('',(1.,0.,-0.));
#15110 = ORIENTED_EDGE('',*,*,#15021,.T.);
#15111 = ORIENTED_EDGE('',*,*,#15112,.T.);
#15112 = EDGE_CURVE('',#15022,#15062,#15113,.T.);
#15113 = LINE('',#15114,#15115);
#15114 = CARTESIAN_POINT('',(3.609848E+03,109.22,665.734));
#15115 = VECTOR('',#15116,1.);
#15116 = DIRECTION('',(1.,0.,-0.));
#15117 = ORIENTED_EDGE('',*,*,#15061,.F.);
#15118 = PLANE('',#15119);
#15119 = AXIS2_PLACEMENT_3D('',#15120,#15121,#15122);
#15120 = CARTESIAN_POINT('',(3.609848E+03,109.22,627.634));
#15121 = DIRECTION('',(-0.,1.,0.));
#15122 = DIRECTION('',(0.,0.,1.));
#15123 = ADVANCED_FACE('',(#15124),#15130,.F.);
#15124 = FACE_BOUND('',#15125,.F.);
#15125 = EDGE_LOOP('',(#15126,#15127,#15128,#15129));
#15126 = ORIENTED_EDGE('',*,*,#15013,.F.);
#15127 = ORIENTED_EDGE('',*,*,#15083,.T.);
#15128 = ORIENTED_EDGE('',*,*,#15053,.T.);
#15129 = ORIENTED_EDGE('',*,*,#15105,.F.);
#15130 = PLANE('',#15131);
#15131 = AXIS2_PLACEMENT_3D('',#15132,#15133,#15134);
#15132 = CARTESIAN_POINT('',(3.609848E+03,71.12,627.634));
#15133 = DIRECTION('',(0.,0.,1.));
#15134 = DIRECTION('',(1.,0.,-0.));
#15135 = ADVANCED_FACE('',(#15136),#15142,.T.);
#15136 = FACE_BOUND('',#15137,.T.);
#15137 = EDGE_LOOP('',(#15138,#15139,#15140,#15141));
#15138 = ORIENTED_EDGE('',*,*,#15029,.F.);
#15139 = ORIENTED_EDGE('',*,*,#15090,.T.);
#15140 = ORIENTED_EDGE('',*,*,#15069,.T.);
#15141 = ORIENTED_EDGE('',*,*,#15112,.F.);
#15142 = PLANE('',#15143);
#15143 = AXIS2_PLACEMENT_3D('',#15144,#15145,#15146);
#15144 = CARTESIAN_POINT('',(3.609848E+03,71.12,665.734));
#15145 = DIRECTION('',(0.,0.,1.));
#15146 = DIRECTION('',(1.,0.,-0.));
#15147 = ( GEOMETRIC_REPRESENTATION_CONTEXT(3) 
GLOBAL_UNCERTAINTY_ASSIGNED_CONTEXT((#15151)) 
GLOBAL_UNIT_ASSIGNED_CONTEXT((#15148,#15149,#15150)) 
REPRESENTATION_CONTEXT('Context #1',
  '3D Context with UNIT and UNCERTAINTY') );
#15148 = ( LENGTH_UNIT() NAMED_UNIT(*) SI_UNIT(.MILLI.,.METRE.) );
#15149 = ( NAMED_UNIT(*) PLANE_ANGLE_UNIT() SI_UNIT($,.RADIAN.) );
#15150 = ( NAMED_UNIT(*) SI_UNIT($,.STERADIAN.) SOLID_ANGLE_UNIT() );
#15151 = UNCERTAINTY_MEASURE_WITH_UNIT(LENGTH_MEASURE(1.E-07),#15148,
  'distance_accuracy_value','confusion accuracy');
#15152 = CONTEXT_DEPENDENT_SHAPE_REPRESENTATION(#15153,#15155);
#15153 = ( REPRESENTATION_RELATIONSHIP('','',#14996,#10) 
REPRESENTATION_RELATIONSHIP_WITH_TRANSFORMATION(#15154) 
SHAPE_REPRESENTATION_RELATIONSHIP() );
#15154 = ITEM_DEFINED_TRANSFORMATION('','',#11,#183);
#15155 = PRODUCT_DEFINITION_SHAPE('Placement','Placement of an item',
  #15156);
#15156 = NEXT_ASSEMBLY_USAGE_OCCURRENCE('43','T001_P3_0_2','',#5,#14991,
  $);
#15157 = PRODUCT_RELATED_PRODUCT_CATEGORY('part',$,(#14993));
#15158 = SHAPE_DEFINITION_REPRESENTATION(#15159,#15165);
#15159 = PRODUCT_DEFINITION_SHAPE('','',#15160);
#15160 = PRODUCT_DEFINITION('design','',#15161,#15164);
#15161 = PRODUCT_DEFINITION_FORMATION('','',#15162);
#15162 = PRODUCT('T001_P3_1_0','T001_P3_1_0','',(#15163));
#15163 = PRODUCT_CONTEXT('',#2,'mechanical');
#15164 = PRODUCT_DEFINITION_CONTEXT('part definition',#2,'design');
#15165 = ADVANCED_BREP_SHAPE_REPRESENTATION('',(#11,#15166),#15316);
#15166 = MANIFOLD_SOLID_BREP('',#15167);
#15167 = CLOSED_SHELL('',(#15168,#15208,#15248,#15270,#15292,#15304));
#15168 = ADVANCED_FACE('',(#15169),#15203,.F.);
#15169 = FACE_BOUND('',#15170,.F.);
#15170 = EDGE_LOOP('',(#15171,#15181,#15189,#15197));
#15171 = ORIENTED_EDGE('',*,*,#15172,.F.);
#15172 = EDGE_CURVE('',#15173,#15175,#15177,.T.);
#15173 = VERTEX_POINT('',#15174);
#15174 = CARTESIAN_POINT('',(3.527552E+03,71.12,1.2329414E+03));
#15175 = VERTEX_POINT('',#15176);
#15176 = CARTESIAN_POINT('',(3.527552E+03,71.12,1.2710414E+03));
#15177 = LINE('',#15178,#15179);
#15178 = CARTESIAN_POINT('',(3.527552E+03,71.12,1.2329414E+03));
#15179 = VECTOR('',#15180,1.);
#15180 = DIRECTION('',(0.,0.,1.));
#15181 = ORIENTED_EDGE('',*,*,#15182,.T.);
#15182 = EDGE_CURVE('',#15173,#15183,#15185,.T.);
#15183 = VERTEX_POINT('',#15184);
#15184 = CARTESIAN_POINT('',(3.527552E+03,109.22,1.2329414E+03));
#15185 = LINE('',#15186,#15187);
#15186 = CARTESIAN_POINT('',(3.527552E+03,71.12,1.2329414E+03));
#15187 = VECTOR('',#15188,1.);
#15188 = DIRECTION('',(-0.,1.,0.));
#15189 = ORIENTED_EDGE('',*,*,#15190,.T.);
#15190 = EDGE_CURVE('',#15183,#15191,#15193,.T.);
#15191 = VERTEX_POINT('',#15192);
#15192 = CARTESIAN_POINT('',(3.527552E+03,109.22,1.2710414E+03));
#15193 = LINE('',#15194,#15195);
#15194 = CARTESIAN_POINT('',(3.527552E+03,109.22,1.2329414E+03));
#15195 = VECTOR('',#15196,1.);
#15196 = DIRECTION('',(0.,0.,1.));
#15197 = ORIENTED_EDGE('',*,*,#15198,.F.);
#15198 = EDGE_CURVE('',#15175,#15191,#15199,.T.);
#15199 = LINE('',#15200,#15201);
#15200 = CARTESIAN_POINT('',(3.527552E+03,71.12,1.2710414E+03));
#15201 = VECTOR('',#15202,1.);
#15202 = DIRECTION('',(-0.,1.,0.));
#15203 = PLANE('',#15204);
#15204 = AXIS2_PLACEMENT_3D('',#15205,#15206,#15207);
#15205 = CARTESIAN_POINT('',(3.527552E+03,71.12,1.2329414E+03));
#15206 = DIRECTION('',(1.,0.,-0.));
#15207 = DIRECTION('',(0.,0.,1.));
#15208 = ADVANCED_FACE('',(#15209),#15243,.T.);
#15209 = FACE_BOUND('',#15210,.T.);
#15210 = EDGE_LOOP('',(#15211,#15221,#15229,#15237));
#15211 = ORIENTED_EDGE('',*,*,#15212,.F.);
#15212 = EDGE_CURVE('',#15213,#15215,#15217,.T.);
#15213 = VERTEX_POINT('',#15214);
#15214 = CARTESIAN_POINT('',(3.565652E+03,71.12,1.2329414E+03));
#15215 = VERTEX_POINT('',#15216);
#15216 = CARTESIAN_POINT('',(3.565652E+03,71.12,1.2710414E+03));
#15217 = LINE('',#15218,#15219);
#15218 = CARTESIAN_POINT('',(3.565652E+03,71.12,1.2329414E+03));
#15219 = VECTOR('',#15220,1.);
#15220 = DIRECTION('',(0.,0.,1.));
#15221 = ORIENTED_EDGE('',*,*,#15222,.T.);
#15222 = EDGE_CURVE('',#15213,#15223,#15225,.T.);
#15223 = VERTEX_POINT('',#15224);
#15224 = CARTESIAN_POINT('',(3.565652E+03,109.22,1.2329414E+03));
#15225 = LINE('',#15226,#15227);
#15226 = CARTESIAN_POINT('',(3.565652E+03,71.12,1.2329414E+03));
#15227 = VECTOR('',#15228,1.);
#15228 = DIRECTION('',(-0.,1.,0.));
#15229 = ORIENTED_EDGE('',*,*,#15230,.T.);
#15230 = EDGE_CURVE('',#15223,#15231,#15233,.T.);
#15231 = VERTEX_POINT('',#15232);
#15232 = CARTESIAN_POINT('',(3.565652E+03,109.22,1.2710414E+03));
#15233 = LINE('',#15234,#15235);
#15234 = CARTESIAN_POINT('',(3.565652E+03,109.22,1.2329414E+03));
#15235 = VECTOR('',#15236,1.);
#15236 = DIRECTION('',(0.,0.,1.));
#15237 = ORIENTED_EDGE('',*,*,#15238,.F.);
#15238 = EDGE_CURVE('',#15215,#15231,#15239,.T.);
#15239 = LINE('',#15240,#15241);
#15240 = CARTESIAN_POINT('',(3.565652E+03,71.12,1.2710414E+03));
#15241 = VECTOR('',#15242,1.);
#15242 = DIRECTION('',(-0.,1.,0.));
#15243 = PLANE('',#15244);
#15244 = AXIS2_PLACEMENT_3D('',#15245,#15246,#15247);
#15245 = CARTESIAN_POINT('',(3.565652E+03,71.12,1.2329414E+03));
#15246 = DIRECTION('',(1.,0.,-0.));
#15247 = DIRECTION('',(0.,0.,1.));
#15248 = ADVANCED_FACE('',(#15249),#15265,.F.);
#15249 = FACE_BOUND('',#15250,.F.);
#15250 = EDGE_LOOP('',(#15251,#15257,#15258,#15264));
#15251 = ORIENTED_EDGE('',*,*,#15252,.F.);
#15252 = EDGE_CURVE('',#15173,#15213,#15253,.T.);
#15253 = LINE('',#15254,#15255);
#15254 = CARTESIAN_POINT('',(3.527552E+03,71.12,1.2329414E+03));
#15255 = VECTOR('',#15256,1.);
#15256 = DIRECTION('',(1.,0.,-0.));
#15257 = ORIENTED_EDGE('',*,*,#15172,.T.);
#15258 = ORIENTED_EDGE('',*,*,#15259,.T.);
#15259 = EDGE_CURVE('',#15175,#15215,#15260,.T.);
#15260 = LINE('',#15261,#15262);
#15261 = CARTESIAN_POINT('',(3.527552E+03,71.12,1.2710414E+03));
#15262 = VECTOR('',#15263,1.);
#15263 = DIRECTION('',(1.,0.,-0.));
#15264 = ORIENTED_EDGE('',*,*,#15212,.F.);
#15265 = PLANE('',#15266);
#15266 = AXIS2_PLACEMENT_3D('',#15267,#15268,#15269);
#15267 = CARTESIAN_POINT('',(3.527552E+03,71.12,1.2329414E+03));
#15268 = DIRECTION('',(-0.,1.,0.));
#15269 = DIRECTION('',(0.,0.,1.));
#15270 = ADVANCED_FACE('',(#15271),#15287,.T.);
#15271 = FACE_BOUND('',#15272,.T.);
#15272 = EDGE_LOOP('',(#15273,#15279,#15280,#15286));
#15273 = ORIENTED_EDGE('',*,*,#15274,.F.);
#15274 = EDGE_CURVE('',#15183,#15223,#15275,.T.);
#15275 = LINE('',#15276,#15277);
#15276 = CARTESIAN_POINT('',(3.527552E+03,109.22,1.2329414E+03));
#15277 = VECTOR('',#15278,1.);
#15278 = DIRECTION('',(1.,0.,-0.));
#15279 = ORIENTED_EDGE('',*,*,#15190,.T.);
#15280 = ORIENTED_EDGE('',*,*,#15281,.T.);
#15281 = EDGE_CURVE('',#15191,#15231,#15282,.T.);
#15282 = LINE('',#15283,#15284);
#15283 = CARTESIAN_POINT('',(3.527552E+03,109.22,1.2710414E+03));
#15284 = VECTOR('',#15285,1.);
#15285 = DIRECTION('',(1.,0.,-0.));
#15286 = ORIENTED_EDGE('',*,*,#15230,.F.);
#15287 = PLANE('',#15288);
#15288 = AXIS2_PLACEMENT_3D('',#15289,#15290,#15291);
#15289 = CARTESIAN_POINT('',(3.527552E+03,109.22,1.2329414E+03));
#15290 = DIRECTION('',(-0.,1.,0.));
#15291 = DIRECTION('',(0.,0.,1.));
#15292 = ADVANCED_FACE('',(#15293),#15299,.F.);
#15293 = FACE_BOUND('',#15294,.F.);
#15294 = EDGE_LOOP('',(#15295,#15296,#15297,#15298));
#15295 = ORIENTED_EDGE('',*,*,#15182,.F.);
#15296 = ORIENTED_EDGE('',*,*,#15252,.T.);
#15297 = ORIENTED_EDGE('',*,*,#15222,.T.);
#15298 = ORIENTED_EDGE('',*,*,#15274,.F.);
#15299 = PLANE('',#15300);
#15300 = AXIS2_PLACEMENT_3D('',#15301,#15302,#15303);
#15301 = CARTESIAN_POINT('',(3.527552E+03,71.12,1.2329414E+03));
#15302 = DIRECTION('',(0.,0.,1.));
#15303 = DIRECTION('',(1.,0.,-0.));
#15304 = ADVANCED_FACE('',(#15305),#15311,.T.);
#15305 = FACE_BOUND('',#15306,.T.);
#15306 = EDGE_LOOP('',(#15307,#15308,#15309,#15310));
#15307 = ORIENTED_EDGE('',*,*,#15198,.F.);
#15308 = ORIENTED_EDGE('',*,*,#15259,.T.);
#15309 = ORIENTED_EDGE('',*,*,#15238,.T.);
#15310 = ORIENTED_EDGE('',*,*,#15281,.F.);
#15311 = PLANE('',#15312);
#15312 = AXIS2_PLACEMENT_3D('',#15313,#15314,#15315);
#15313 = CARTESIAN_POINT('',(3.527552E+03,71.12,1.2710414E+03));
#15314 = DIRECTION('',(0.,0.,1.));
#15315 = DIRECTION('',(1.,0.,-0.));
#15316 = ( GEOMETRIC_REPRESENTATION_CONTEXT(3) 
GLOBAL_UNCERTAINTY_ASSIGNED_CONTEXT((#15320)) 
GLOBAL_UNIT_ASSIGNED_CONTEXT((#15317,#15318,#15319)) 
REPRESENTATION_CONTEXT('Context #1',
  '3D Context with UNIT and UNCERTAINTY') );
#15317 = ( LENGTH_UNIT() NAMED_UNIT(*) SI_UNIT(.MILLI.,.METRE.) );
#15318 = ( NAMED_UNIT(*) PLANE_ANGLE_UNIT() SI_UNIT($,.RADIAN.) );
#15319 = ( NAMED_UNIT(*) SI_UNIT($,.STERADIAN.) SOLID_ANGLE_UNIT() );
#15320 = UNCERTAINTY_MEASURE_WITH_UNIT(LENGTH_MEASURE(1.E-07),#15317,
  'distance_accuracy_value','confusion accuracy');
#15321 = CONTEXT_DEPENDENT_SHAPE_REPRESENTATION(#15322,#15324);
#15322 = ( REPRESENTATION_RELATIONSHIP('','',#15165,#10) 
REPRESENTATION_RELATIONSHIP_WITH_TRANSFORMATION(#15323) 
SHAPE_REPRESENTATION_RELATIONSHIP() );
#15323 = ITEM_DEFINED_TRANSFORMATION('','',#11,#187);
#15324 = PRODUCT_DEFINITION_SHAPE('Placement','Placement of an item',
  #15325);
#15325 = NEXT_ASSEMBLY_USAGE_OCCURRENCE('44','T001_P3_1_0','',#5,#15160,
  $);
#15326 = PRODUCT_RELATED_PRODUCT_CATEGORY('part',$,(#15162));
#15327 = SHAPE_DEFINITION_REPRESENTATION(#15328,#15334);
#15328 = PRODUCT_DEFINITION_SHAPE('','',#15329);
#15329 = PRODUCT_DEFINITION('design','',#15330,#15333);
#15330 = PRODUCT_DEFINITION_FORMATION('','',#15331);
#15331 = PRODUCT('T001_P3_1_1','T001_P3_1_1','',(#15332));
#15332 = PRODUCT_CONTEXT('',#2,'mechanical');
#15333 = PRODUCT_DEFINITION_CONTEXT('part definition',#2,'design');
#15334 = ADVANCED_BREP_SHAPE_REPRESENTATION('',(#11,#15335),#15485);
#15335 = MANIFOLD_SOLID_BREP('',#15336);
#15336 = CLOSED_SHELL('',(#15337,#15377,#15417,#15439,#15461,#15473));
#15337 = ADVANCED_FACE('',(#15338),#15372,.F.);
#15338 = FACE_BOUND('',#15339,.F.);
#15339 = EDGE_LOOP('',(#15340,#15350,#15358,#15366));
#15340 = ORIENTED_EDGE('',*,*,#15341,.F.);
#15341 = EDGE_CURVE('',#15342,#15344,#15346,.T.);
#15342 = VERTEX_POINT('',#15343);
#15343 = CARTESIAN_POINT('',(3.5687E+03,71.12,1.2329414E+03));
#15344 = VERTEX_POINT('',#15345);
#15345 = CARTESIAN_POINT('',(3.5687E+03,71.12,1.2710414E+03));
#15346 = LINE('',#15347,#15348);
#15347 = CARTESIAN_POINT('',(3.5687E+03,71.12,1.2329414E+03));
#15348 = VECTOR('',#15349,1.);
#15349 = DIRECTION('',(0.,0.,1.));
#15350 = ORIENTED_EDGE('',*,*,#15351,.T.);
#15351 = EDGE_CURVE('',#15342,#15352,#15354,.T.);
#15352 = VERTEX_POINT('',#15353);
#15353 = CARTESIAN_POINT('',(3.5687E+03,109.22,1.2329414E+03));
#15354 = LINE('',#15355,#15356);
#15355 = CARTESIAN_POINT('',(3.5687E+03,71.12,1.2329414E+03));
#15356 = VECTOR('',#15357,1.);
#15357 = DIRECTION('',(-0.,1.,0.));
#15358 = ORIENTED_EDGE('',*,*,#15359,.T.);
#15359 = EDGE_CURVE('',#15352,#15360,#15362,.T.);
#15360 = VERTEX_POINT('',#15361);
#15361 = CARTESIAN_POINT('',(3.5687E+03,109.22,1.2710414E+03));
#15362 = LINE('',#15363,#15364);
#15363 = CARTESIAN_POINT('',(3.5687E+03,109.22,1.2329414E+03));
#15364 = VECTOR('',#15365,1.);
#15365 = DIRECTION('',(0.,0.,1.));
#15366 = ORIENTED_EDGE('',*,*,#15367,.F.);
#15367 = EDGE_CURVE('',#15344,#15360,#15368,.T.);
#15368 = LINE('',#15369,#15370);
#15369 = CARTESIAN_POINT('',(3.5687E+03,71.12,1.2710414E+03));
#15370 = VECTOR('',#15371,1.);
#15371 = DIRECTION('',(-0.,1.,0.));
#15372 = PLANE('',#15373);
#15373 = AXIS2_PLACEMENT_3D('',#15374,#15375,#15376);
#15374 = CARTESIAN_POINT('',(3.5687E+03,71.12,1.2329414E+03));
#15375 = DIRECTION('',(1.,0.,-0.));
#15376 = DIRECTION('',(0.,0.,1.));
#15377 = ADVANCED_FACE('',(#15378),#15412,.T.);
#15378 = FACE_BOUND('',#15379,.T.);
#15379 = EDGE_LOOP('',(#15380,#15390,#15398,#15406));
#15380 = ORIENTED_EDGE('',*,*,#15381,.F.);
#15381 = EDGE_CURVE('',#15382,#15384,#15386,.T.);
#15382 = VERTEX_POINT('',#15383);
#15383 = CARTESIAN_POINT('',(3.6068E+03,71.12,1.2329414E+03));
#15384 = VERTEX_POINT('',#15385);
#15385 = CARTESIAN_POINT('',(3.6068E+03,71.12,1.2710414E+03));
#15386 = LINE('',#15387,#15388);
#15387 = CARTESIAN_POINT('',(3.6068E+03,71.12,1.2329414E+03));
#15388 = VECTOR('',#15389,1.);
#15389 = DIRECTION('',(0.,0.,1.));
#15390 = ORIENTED_EDGE('',*,*,#15391,.T.);
#15391 = EDGE_CURVE('',#15382,#15392,#15394,.T.);
#15392 = VERTEX_POINT('',#15393);
#15393 = CARTESIAN_POINT('',(3.6068E+03,109.22,1.2329414E+03));
#15394 = LINE('',#15395,#15396);
#15395 = CARTESIAN_POINT('',(3.6068E+03,71.12,1.2329414E+03));
#15396 = VECTOR('',#15397,1.);
#15397 = DIRECTION('',(-0.,1.,0.));
#15398 = ORIENTED_EDGE('',*,*,#15399,.T.);
#15399 = EDGE_CURVE('',#15392,#15400,#15402,.T.);
#15400 = VERTEX_POINT('',#15401);
#15401 = CARTESIAN_POINT('',(3.6068E+03,109.22,1.2710414E+03));
#15402 = LINE('',#15403,#15404);
#15403 = CARTESIAN_POINT('',(3.6068E+03,109.22,1.2329414E+03));
#15404 = VECTOR('',#15405,1.);
#15405 = DIRECTION('',(0.,0.,1.));
#15406 = ORIENTED_EDGE('',*,*,#15407,.F.);
#15407 = EDGE_CURVE('',#15384,#15400,#15408,.T.);
#15408 = LINE('',#15409,#15410);
#15409 = CARTESIAN_POINT('',(3.6068E+03,71.12,1.2710414E+03));
#15410 = VECTOR('',#15411,1.);
#15411 = DIRECTION('',(-0.,1.,0.));
#15412 = PLANE('',#15413);
#15413 = AXIS2_PLACEMENT_3D('',#15414,#15415,#15416);
#15414 = CARTESIAN_POINT('',(3.6068E+03,71.12,1.2329414E+03));
#15415 = DIRECTION('',(1.,0.,-0.));
#15416 = DIRECTION('',(0.,0.,1.));
#15417 = ADVANCED_FACE('',(#15418),#15434,.F.);
#15418 = FACE_BOUND('',#15419,.F.);
#15419 = EDGE_LOOP('',(#15420,#15426,#15427,#15433));
#15420 = ORIENTED_EDGE('',*,*,#15421,.F.);
#15421 = EDGE_CURVE('',#15342,#15382,#15422,.T.);
#15422 = LINE('',#15423,#15424);
#15423 = CARTESIAN_POINT('',(3.5687E+03,71.12,1.2329414E+03));
#15424 = VECTOR('',#15425,1.);
#15425 = DIRECTION('',(1.,0.,-0.));
#15426 = ORIENTED_EDGE('',*,*,#15341,.T.);
#15427 = ORIENTED_EDGE('',*,*,#15428,.T.);
#15428 = EDGE_CURVE('',#15344,#15384,#15429,.T.);
#15429 = LINE('',#15430,#15431);
#15430 = CARTESIAN_POINT('',(3.5687E+03,71.12,1.2710414E+03));
#15431 = VECTOR('',#15432,1.);
#15432 = DIRECTION('',(1.,0.,-0.));
#15433 = ORIENTED_EDGE('',*,*,#15381,.F.);
#15434 = PLANE('',#15435);
#15435 = AXIS2_PLACEMENT_3D('',#15436,#15437,#15438);
#15436 = CARTESIAN_POINT('',(3.5687E+03,71.12,1.2329414E+03));
#15437 = DIRECTION('',(-0.,1.,0.));
#15438 = DIRECTION('',(0.,0.,1.));
#15439 = ADVANCED_FACE('',(#15440),#15456,.T.);
#15440 = FACE_BOUND('',#15441,.T.);
#15441 = EDGE_LOOP('',(#15442,#15448,#15449,#15455));
#15442 = ORIENTED_EDGE('',*,*,#15443,.F.);
#15443 = EDGE_CURVE('',#15352,#15392,#15444,.T.);
#15444 = LINE('',#15445,#15446);
#15445 = CARTESIAN_POINT('',(3.5687E+03,109.22,1.2329414E+03));
#15446 = VECTOR('',#15447,1.);
#15447 = DIRECTION('',(1.,0.,-0.));
#15448 = ORIENTED_EDGE('',*,*,#15359,.T.);
#15449 = ORIENTED_EDGE('',*,*,#15450,.T.);
#15450 = EDGE_CURVE('',#15360,#15400,#15451,.T.);
#15451 = LINE('',#15452,#15453);
#15452 = CARTESIAN_POINT('',(3.5687E+03,109.22,1.2710414E+03));
#15453 = VECTOR('',#15454,1.);
#15454 = DIRECTION('',(1.,0.,-0.));
#15455 = ORIENTED_EDGE('',*,*,#15399,.F.);
#15456 = PLANE('',#15457);
#15457 = AXIS2_PLACEMENT_3D('',#15458,#15459,#15460);
#15458 = CARTESIAN_POINT('',(3.5687E+03,109.22,1.2329414E+03));
#15459 = DIRECTION('',(-0.,1.,0.));
#15460 = DIRECTION('',(0.,0.,1.));
#15461 = ADVANCED_FACE('',(#15462),#15468,.F.);
#15462 = FACE_BOUND('',#15463,.F.);
#15463 = EDGE_LOOP('',(#15464,#15465,#15466,#15467));
#15464 = ORIENTED_EDGE('',*,*,#15351,.F.);
#15465 = ORIENTED_EDGE('',*,*,#15421,.T.);
#15466 = ORIENTED_EDGE('',*,*,#15391,.T.);
#15467 = ORIENTED_EDGE('',*,*,#15443,.F.);
#15468 = PLANE('',#15469);
#15469 = AXIS2_PLACEMENT_3D('',#15470,#15471,#15472);
#15470 = CARTESIAN_POINT('',(3.5687E+03,71.12,1.2329414E+03));
#15471 = DIRECTION('',(0.,0.,1.));
#15472 = DIRECTION('',(1.,0.,-0.));
#15473 = ADVANCED_FACE('',(#15474),#15480,.T.);
#15474 = FACE_BOUND('',#15475,.T.);
#15475 = EDGE_LOOP('',(#15476,#15477,#15478,#15479));
#15476 = ORIENTED_EDGE('',*,*,#15367,.F.);
#15477 = ORIENTED_EDGE('',*,*,#15428,.T.);
#15478 = ORIENTED_EDGE('',*,*,#15407,.T.);
#15479 = ORIENTED_EDGE('',*,*,#15450,.F.);
#15480 = PLANE('',#15481);
#15481 = AXIS2_PLACEMENT_3D('',#15482,#15483,#15484);
#15482 = CARTESIAN_POINT('',(3.5687E+03,71.12,1.2710414E+03));
#15483 = DIRECTION('',(0.,0.,1.));
#15484 = DIRECTION('',(1.,0.,-0.));
#15485 = ( GEOMETRIC_REPRESENTATION_CONTEXT(3) 
GLOBAL_UNCERTAINTY_ASSIGNED_CONTEXT((#15489)) 
GLOBAL_UNIT_ASSIGNED_CONTEXT((#15486,#15487,#15488)) 
REPRESENTATION_CONTEXT('Context #1',
  '3D Context with UNIT and UNCERTAINTY') );
#15486 = ( LENGTH_UNIT() NAMED_UNIT(*) SI_UNIT(.MILLI.,.METRE.) );
#15487 = ( NAMED_UNIT(*) PLANE_ANGLE_UNIT() SI_UNIT($,.RADIAN.) );
#15488 = ( NAMED_UNIT(*) SI_UNIT($,.STERADIAN.) SOLID_ANGLE_UNIT() );
#15489 = UNCERTAINTY_MEASURE_WITH_UNIT(LENGTH_MEASURE(1.E-07),#15486,
  'distance_accuracy_value','confusion accuracy');
#15490 = CONTEXT_DEPENDENT_SHAPE_REPRESENTATION(#15491,#15493);
#15491 = ( REPRESENTATION_RELATIONSHIP('','',#15334,#10) 
REPRESENTATION_RELATIONSHIP_WITH_TRANSFORMATION(#15492) 
SHAPE_REPRESENTATION_RELATIONSHIP() );
#15492 = ITEM_DEFINED_TRANSFORMATION('','',#11,#191);
#15493 = PRODUCT_DEFINITION_SHAPE('Placement','Placement of an item',
  #15494);
#15494 = NEXT_ASSEMBLY_USAGE_OCCURRENCE('45','T001_P3_1_1','',#5,#15329,
  $);
#15495 = PRODUCT_RELATED_PRODUCT_CATEGORY('part',$,(#15331));
#15496 = SHAPE_DEFINITION_REPRESENTATION(#15497,#15503);
#15497 = PRODUCT_DEFINITION_SHAPE('','',#15498);
#15498 = PRODUCT_DEFINITION('design','',#15499,#15502);
#15499 = PRODUCT_DEFINITION_FORMATION('','',#15500);
#15500 = PRODUCT('T001_P3_1_2','T001_P3_1_2','',(#15501));
#15501 = PRODUCT_CONTEXT('',#2,'mechanical');
#15502 = PRODUCT_DEFINITION_CONTEXT('part definition',#2,'design');
#15503 = ADVANCED_BREP_SHAPE_REPRESENTATION('',(#11,#15504),#15654);
#15504 = MANIFOLD_SOLID_BREP('',#15505);
#15505 = CLOSED_SHELL('',(#15506,#15546,#15586,#15608,#15630,#15642));
#15506 = ADVANCED_FACE('',(#15507),#15541,.F.);
#15507 = FACE_BOUND('',#15508,.F.);
#15508 = EDGE_LOOP('',(#15509,#15519,#15527,#15535));
#15509 = ORIENTED_EDGE('',*,*,#15510,.F.);
#15510 = EDGE_CURVE('',#15511,#15513,#15515,.T.);
#15511 = VERTEX_POINT('',#15512);
#15512 = CARTESIAN_POINT('',(3.609848E+03,71.12,1.2329414E+03));
#15513 = VERTEX_POINT('',#15514);
#15514 = CARTESIAN_POINT('',(3.609848E+03,71.12,1.2710414E+03));
#15515 = LINE('',#15516,#15517);
#15516 = CARTESIAN_POINT('',(3.609848E+03,71.12,1.2329414E+03));
#15517 = VECTOR('',#15518,1.);
#15518 = DIRECTION('',(0.,0.,1.));
#15519 = ORIENTED_EDGE('',*,*,#15520,.T.);
#15520 = EDGE_CURVE('',#15511,#15521,#15523,.T.);
#15521 = VERTEX_POINT('',#15522);
#15522 = CARTESIAN_POINT('',(3.609848E+03,109.22,1.2329414E+03));
#15523 = LINE('',#15524,#15525);
#15524 = CARTESIAN_POINT('',(3.609848E+03,71.12,1.2329414E+03));
#15525 = VECTOR('',#15526,1.);
#15526 = DIRECTION('',(-0.,1.,0.));
#15527 = ORIENTED_EDGE('',*,*,#15528,.T.);
#15528 = EDGE_CURVE('',#15521,#15529,#15531,.T.);
#15529 = VERTEX_POINT('',#15530);
#15530 = CARTESIAN_POINT('',(3.609848E+03,109.22,1.2710414E+03));
#15531 = LINE('',#15532,#15533);
#15532 = CARTESIAN_POINT('',(3.609848E+03,109.22,1.2329414E+03));
#15533 = VECTOR('',#15534,1.);
#15534 = DIRECTION('',(0.,0.,1.));
#15535 = ORIENTED_EDGE('',*,*,#15536,.F.);
#15536 = EDGE_CURVE('',#15513,#15529,#15537,.T.);
#15537 = LINE('',#15538,#15539);
#15538 = CARTESIAN_POINT('',(3.609848E+03,71.12,1.2710414E+03));
#15539 = VECTOR('',#15540,1.);
#15540 = DIRECTION('',(-0.,1.,0.));
#15541 = PLANE('',#15542);
#15542 = AXIS2_PLACEMENT_3D('',#15543,#15544,#15545);
#15543 = CARTESIAN_POINT('',(3.609848E+03,71.12,1.2329414E+03));
#15544 = DIRECTION('',(1.,0.,-0.));
#15545 = DIRECTION('',(0.,0.,1.));
#15546 = ADVANCED_FACE('',(#15547),#15581,.T.);
#15547 = FACE_BOUND('',#15548,.T.);
#15548 = EDGE_LOOP('',(#15549,#15559,#15567,#15575));
#15549 = ORIENTED_EDGE('',*,*,#15550,.F.);
#15550 = EDGE_CURVE('',#15551,#15553,#15555,.T.);
#15551 = VERTEX_POINT('',#15552);
#15552 = CARTESIAN_POINT('',(3.647948E+03,71.12,1.2329414E+03));
#15553 = VERTEX_POINT('',#15554);
#15554 = CARTESIAN_POINT('',(3.647948E+03,71.12,1.2710414E+03));
#15555 = LINE('',#15556,#15557);
#15556 = CARTESIAN_POINT('',(3.647948E+03,71.12,1.2329414E+03));
#15557 = VECTOR('',#15558,1.);
#15558 = DIRECTION('',(0.,0.,1.));
#15559 = ORIENTED_EDGE('',*,*,#15560,.T.);
#15560 = EDGE_CURVE('',#15551,#15561,#15563,.T.);
#15561 = VERTEX_POINT('',#15562);
#15562 = CARTESIAN_POINT('',(3.647948E+03,109.22,1.2329414E+03));
#15563 = LINE('',#15564,#15565);
#15564 = CARTESIAN_POINT('',(3.647948E+03,71.12,1.2329414E+03));
#15565 = VECTOR('',#15566,1.);
#15566 = DIRECTION('',(-0.,1.,0.));
#15567 = ORIENTED_EDGE('',*,*,#15568,.T.);
#15568 = EDGE_CURVE('',#15561,#15569,#15571,.T.);
#15569 = VERTEX_POINT('',#15570);
#15570 = CARTESIAN_POINT('',(3.647948E+03,109.22,1.2710414E+03));
#15571 = LINE('',#15572,#15573);
#15572 = CARTESIAN_POINT('',(3.647948E+03,109.22,1.2329414E+03));
#15573 = VECTOR('',#15574,1.);
#15574 = DIRECTION('',(0.,0.,1.));
#15575 = ORIENTED_EDGE('',*,*,#15576,.F.);
#15576 = EDGE_CURVE('',#15553,#15569,#15577,.T.);
#15577 = LINE('',#15578,#15579);
#15578 = CARTESIAN_POINT('',(3.647948E+03,71.12,1.2710414E+03));
#15579 = VECTOR('',#15580,1.);
#15580 = DIRECTION('',(-0.,1.,0.));
#15581 = PLANE('',#15582);
#15582 = AXIS2_PLACEMENT_3D('',#15583,#15584,#15585);
#15583 = CARTESIAN_POINT('',(3.647948E+03,71.12,1.2329414E+03));
#15584 = DIRECTION('',(1.,0.,-0.));
#15585 = DIRECTION('',(0.,0.,1.));
#15586 = ADVANCED_FACE('',(#15587),#15603,.F.);
#15587 = FACE_BOUND('',#15588,.F.);
#15588 = EDGE_LOOP('',(#15589,#15595,#15596,#15602));
#15589 = ORIENTED_EDGE('',*,*,#15590,.F.);
#15590 = EDGE_CURVE('',#15511,#15551,#15591,.T.);
#15591 = LINE('',#15592,#15593);
#15592 = CARTESIAN_POINT('',(3.609848E+03,71.12,1.2329414E+03));
#15593 = VECTOR('',#15594,1.);
#15594 = DIRECTION('',(1.,0.,-0.));
#15595 = ORIENTED_EDGE('',*,*,#15510,.T.);
#15596 = ORIENTED_EDGE('',*,*,#15597,.T.);
#15597 = EDGE_CURVE('',#15513,#15553,#15598,.T.);
#15598 = LINE('',#15599,#15600);
#15599 = CARTESIAN_POINT('',(3.609848E+03,71.12,1.2710414E+03));
#15600 = VECTOR('',#15601,1.);
#15601 = DIRECTION('',(1.,0.,-0.));
#15602 = ORIENTED_EDGE('',*,*,#15550,.F.);
#15603 = PLANE('',#15604);
#15604 = AXIS2_PLACEMENT_3D('',#15605,#15606,#15607);
#15605 = CARTESIAN_POINT('',(3.609848E+03,71.12,1.2329414E+03));
#15606 = DIRECTION('',(-0.,1.,0.));
#15607 = DIRECTION('',(0.,0.,1.));
#15608 = ADVANCED_FACE('',(#15609),#15625,.T.);
#15609 = FACE_BOUND('',#15610,.T.);
#15610 = EDGE_LOOP('',(#15611,#15617,#15618,#15624));
#15611 = ORIENTED_EDGE('',*,*,#15612,.F.);
#15612 = EDGE_CURVE('',#15521,#15561,#15613,.T.);
#15613 = LINE('',#15614,#15615);
#15614 = CARTESIAN_POINT('',(3.609848E+03,109.22,1.2329414E+03));
#15615 = VECTOR('',#15616,1.);
#15616 = DIRECTION('',(1.,0.,-0.));
#15617 = ORIENTED_EDGE('',*,*,#15528,.T.);
#15618 = ORIENTED_EDGE('',*,*,#15619,.T.);
#15619 = EDGE_CURVE('',#15529,#15569,#15620,.T.);
#15620 = LINE('',#15621,#15622);
#15621 = CARTESIAN_POINT('',(3.609848E+03,109.22,1.2710414E+03));
#15622 = VECTOR('',#15623,1.);
#15623 = DIRECTION('',(1.,0.,-0.));
#15624 = ORIENTED_EDGE('',*,*,#15568,.F.);
#15625 = PLANE('',#15626);
#15626 = AXIS2_PLACEMENT_3D('',#15627,#15628,#15629);
#15627 = CARTESIAN_POINT('',(3.609848E+03,109.22,1.2329414E+03));
#15628 = DIRECTION('',(-0.,1.,0.));
#15629 = DIRECTION('',(0.,0.,1.));
#15630 = ADVANCED_FACE('',(#15631),#15637,.F.);
#15631 = FACE_BOUND('',#15632,.F.);
#15632 = EDGE_LOOP('',(#15633,#15634,#15635,#15636));
#15633 = ORIENTED_EDGE('',*,*,#15520,.F.);
#15634 = ORIENTED_EDGE('',*,*,#15590,.T.);
#15635 = ORIENTED_EDGE('',*,*,#15560,.T.);
#15636 = ORIENTED_EDGE('',*,*,#15612,.F.);
#15637 = PLANE('',#15638);
#15638 = AXIS2_PLACEMENT_3D('',#15639,#15640,#15641);
#15639 = CARTESIAN_POINT('',(3.609848E+03,71.12,1.2329414E+03));
#15640 = DIRECTION('',(0.,0.,1.));
#15641 = DIRECTION('',(1.,0.,-0.));
#15642 = ADVANCED_FACE('',(#15643),#15649,.T.);
#15643 = FACE_BOUND('',#15644,.T.);
#15644 = EDGE_LOOP('',(#15645,#15646,#15647,#15648));
#15645 = ORIENTED_EDGE('',*,*,#15536,.F.);
#15646 = ORIENTED_EDGE('',*,*,#15597,.T.);
#15647 = ORIENTED_EDGE('',*,*,#15576,.T.);
#15648 = ORIENTED_EDGE('',*,*,#15619,.F.);
#15649 = PLANE('',#15650);
#15650 = AXIS2_PLACEMENT_3D('',#15651,#15652,#15653);
#15651 = CARTESIAN_POINT('',(3.609848E+03,71.12,1.2710414E+03));
#15652 = DIRECTION('',(0.,0.,1.));
#15653 = DIRECTION('',(1.,0.,-0.));
#15654 = ( GEOMETRIC_REPRESENTATION_CONTEXT(3) 
GLOBAL_UNCERTAINTY_ASSIGNED_CONTEXT((#15658)) 
GLOBAL_UNIT_ASSIGNED_CONTEXT((#15655,#15656,#15657)) 
REPRESENTATION_CONTEXT('Context #1',
  '3D Context with UNIT and UNCERTAINTY') );
#15655 = ( LENGTH_UNIT() NAMED_UNIT(*) SI_UNIT(.MILLI.,.METRE.) );
#15656 = ( NAMED_UNIT(*) PLANE_ANGLE_UNIT() SI_UNIT($,.RADIAN.) );
#15657 = ( NAMED_UNIT(*) SI_UNIT($,.STERADIAN.) SOLID_ANGLE_UNIT() );
#15658 = UNCERTAINTY_MEASURE_WITH_UNIT(LENGTH_MEASURE(1.E-07),#15655,
  'distance_accuracy_value','confusion accuracy');
#15659 = CONTEXT_DEPENDENT_SHAPE_REPRESENTATION(#15660,#15662);
#15660 = ( REPRESENTATION_RELATIONSHIP('','',#15503,#10) 
REPRESENTATION_RELATIONSHIP_WITH_TRANSFORMATION(#15661) 
SHAPE_REPRESENTATION_RELATIONSHIP() );
#15661 = ITEM_DEFINED_TRANSFORMATION('','',#11,#195);
#15662 = PRODUCT_DEFINITION_SHAPE('Placement','Placement of an item',
  #15663);
#15663 = NEXT_ASSEMBLY_USAGE_OCCURRENCE('46','T001_P3_1_2','',#5,#15498,
  $);
#15664 = PRODUCT_RELATED_PRODUCT_CATEGORY('part',$,(#15500));
#15665 = SHAPE_DEFINITION_REPRESENTATION(#15666,#15672);
#15666 = PRODUCT_DEFINITION_SHAPE('','',#15667);
#15667 = PRODUCT_DEFINITION('design','',#15668,#15671);
#15668 = PRODUCT_DEFINITION_FORMATION('','',#15669);
#15669 = PRODUCT('G001_Hinge_Stile','G001_Hinge_Stile','',(#15670));
#15670 = PRODUCT_CONTEXT('',#2,'mechanical');
#15671 = PRODUCT_DEFINITION_CONTEXT('part definition',#2,'design');
#15672 = ADVANCED_BREP_SHAPE_REPRESENTATION('',(#11,#15673),#15823);
#15673 = MANIFOLD_SOLID_BREP('',#15674);
#15674 = CLOSED_SHELL('',(#15675,#15715,#15755,#15777,#15799,#15811));
#15675 = ADVANCED_FACE('',(#15676),#15710,.F.);
#15676 = FACE_BOUND('',#15677,.F.);
#15677 = EDGE_LOOP('',(#15678,#15688,#15696,#15704));
#15678 = ORIENTED_EDGE('',*,*,#15679,.F.);
#15679 = EDGE_CURVE('',#15680,#15682,#15684,.T.);
#15680 = VERTEX_POINT('',#15681);
#15681 = CARTESIAN_POINT('',(101.6,-19.05,9.525));
#15682 = VERTEX_POINT('',#15683);
#15683 = CARTESIAN_POINT('',(101.6,-19.05,1.6002E+03));
#15684 = LINE('',#15685,#15686);
#15685 = CARTESIAN_POINT('',(101.6,-19.05,9.525));
#15686 = VECTOR('',#15687,1.);
#15687 = DIRECTION('',(0.,0.,1.));
#15688 = ORIENTED_EDGE('',*,*,#15689,.T.);
#15689 = EDGE_CURVE('',#15680,#15690,#15692,.T.);
#15690 = VERTEX_POINT('',#15691);
#15691 = CARTESIAN_POINT('',(101.6,19.05,9.525));
#15692 = LINE('',#15693,#15694);
#15693 = CARTESIAN_POINT('',(101.6,-19.05,9.525));
#15694 = VECTOR('',#15695,1.);
#15695 = DIRECTION('',(-0.,1.,0.));
#15696 = ORIENTED_EDGE('',*,*,#15697,.T.);
#15697 = EDGE_CURVE('',#15690,#15698,#15700,.T.);
#15698 = VERTEX_POINT('',#15699);
#15699 = CARTESIAN_POINT('',(101.6,19.05,1.6002E+03));
#15700 = LINE('',#15701,#15702);
#15701 = CARTESIAN_POINT('',(101.6,19.05,9.525));
#15702 = VECTOR('',#15703,1.);
#15703 = DIRECTION('',(0.,0.,1.));
#15704 = ORIENTED_EDGE('',*,*,#15705,.F.);
#15705 = EDGE_CURVE('',#15682,#15698,#15706,.T.);
#15706 = LINE('',#15707,#15708);
#15707 = CARTESIAN_POINT('',(101.6,-19.05,1.6002E+03));
#15708 = VECTOR('',#15709,1.);
#15709 = DIRECTION('',(-0.,1.,0.));
#15710 = PLANE('',#15711);
#15711 = AXIS2_PLACEMENT_3D('',#15712,#15713,#15714);
#15712 = CARTESIAN_POINT('',(101.6,-19.05,9.525));
#15713 = DIRECTION('',(1.,0.,-0.));
#15714 = DIRECTION('',(0.,0.,1.));
#15715 = ADVANCED_FACE('',(#15716),#15750,.T.);
#15716 = FACE_BOUND('',#15717,.T.);
#15717 = EDGE_LOOP('',(#15718,#15728,#15736,#15744));
#15718 = ORIENTED_EDGE('',*,*,#15719,.F.);
#15719 = EDGE_CURVE('',#15720,#15722,#15724,.T.);
#15720 = VERTEX_POINT('',#15721);
#15721 = CARTESIAN_POINT('',(190.5,-19.05,9.525));
#15722 = VERTEX_POINT('',#15723);
#15723 = CARTESIAN_POINT('',(190.5,-19.05,1.6002E+03));
#15724 = LINE('',#15725,#15726);
#15725 = CARTESIAN_POINT('',(190.5,-19.05,9.525));
#15726 = VECTOR('',#15727,1.);
#15727 = DIRECTION('',(0.,0.,1.));
#15728 = ORIENTED_EDGE('',*,*,#15729,.T.);
#15729 = EDGE_CURVE('',#15720,#15730,#15732,.T.);
#15730 = VERTEX_POINT('',#15731);
#15731 = CARTESIAN_POINT('',(190.5,19.05,9.525));
#15732 = LINE('',#15733,#15734);
#15733 = CARTESIAN_POINT('',(190.5,-19.05,9.525));
#15734 = VECTOR('',#15735,1.);
#15735 = DIRECTION('',(-0.,1.,0.));
#15736 = ORIENTED_EDGE('',*,*,#15737,.T.);
#15737 = EDGE_CURVE('',#15730,#15738,#15740,.T.);
#15738 = VERTEX_POINT('',#15739);
#15739 = CARTESIAN_POINT('',(190.5,19.05,1.6002E+03));
#15740 = LINE('',#15741,#15742);
#15741 = CARTESIAN_POINT('',(190.5,19.05,9.525));
#15742 = VECTOR('',#15743,1.);
#15743 = DIRECTION('',(0.,0.,1.));
#15744 = ORIENTED_EDGE('',*,*,#15745,.F.);
#15745 = EDGE_CURVE('',#15722,#15738,#15746,.T.);
#15746 = LINE('',#15747,#15748);
#15747 = CARTESIAN_POINT('',(190.5,-19.05,1.6002E+03));
#15748 = VECTOR('',#15749,1.);
#15749 = DIRECTION('',(-0.,1.,0.));
#15750 = PLANE('',#15751);
#15751 = AXIS2_PLACEMENT_3D('',#15752,#15753,#15754);
#15752 = CARTESIAN_POINT('',(190.5,-19.05,9.525));
#15753 = DIRECTION('',(1.,0.,-0.));
#15754 = DIRECTION('',(0.,0.,1.));
#15755 = ADVANCED_FACE('',(#15756),#15772,.F.);
#15756 = FACE_BOUND('',#15757,.F.);
#15757 = EDGE_LOOP('',(#15758,#15764,#15765,#15771));
#15758 = ORIENTED_EDGE('',*,*,#15759,.F.);
#15759 = EDGE_CURVE('',#15680,#15720,#15760,.T.);
#15760 = LINE('',#15761,#15762);
#15761 = CARTESIAN_POINT('',(101.6,-19.05,9.525));
#15762 = VECTOR('',#15763,1.);
#15763 = DIRECTION('',(1.,0.,-0.));
#15764 = ORIENTED_EDGE('',*,*,#15679,.T.);
#15765 = ORIENTED_EDGE('',*,*,#15766,.T.);
#15766 = EDGE_CURVE('',#15682,#15722,#15767,.T.);
#15767 = LINE('',#15768,#15769);
#15768 = CARTESIAN_POINT('',(101.6,-19.05,1.6002E+03));
#15769 = VECTOR('',#15770,1.);
#15770 = DIRECTION('',(1.,0.,-0.));
#15771 = ORIENTED_EDGE('',*,*,#15719,.F.);
#15772 = PLANE('',#15773);
#15773 = AXIS2_PLACEMENT_3D('',#15774,#15775,#15776);
#15774 = CARTESIAN_POINT('',(101.6,-19.05,9.525));
#15775 = DIRECTION('',(-0.,1.,0.));
#15776 = DIRECTION('',(0.,0.,1.));
#15777 = ADVANCED_FACE('',(#15778),#15794,.T.);
#15778 = FACE_BOUND('',#15779,.T.);
#15779 = EDGE_LOOP('',(#15780,#15786,#15787,#15793));
#15780 = ORIENTED_EDGE('',*,*,#15781,.F.);
#15781 = EDGE_CURVE('',#15690,#15730,#15782,.T.);
#15782 = LINE('',#15783,#15784);
#15783 = CARTESIAN_POINT('',(101.6,19.05,9.525));
#15784 = VECTOR('',#15785,1.);
#15785 = DIRECTION('',(1.,0.,-0.));
#15786 = ORIENTED_EDGE('',*,*,#15697,.T.);
#15787 = ORIENTED_EDGE('',*,*,#15788,.T.);
#15788 = EDGE_CURVE('',#15698,#15738,#15789,.T.);
#15789 = LINE('',#15790,#15791);
#15790 = CARTESIAN_POINT('',(101.6,19.05,1.6002E+03));
#15791 = VECTOR('',#15792,1.);
#15792 = DIRECTION('',(1.,0.,-0.));
#15793 = ORIENTED_EDGE('',*,*,#15737,.F.);
#15794 = PLANE('',#15795);
#15795 = AXIS2_PLACEMENT_3D('',#15796,#15797,#15798);
#15796 = CARTESIAN_POINT('',(101.6,19.05,9.525));
#15797 = DIRECTION('',(-0.,1.,0.));
#15798 = DIRECTION('',(0.,0.,1.));
#15799 = ADVANCED_FACE('',(#15800),#15806,.F.);
#15800 = FACE_BOUND('',#15801,.F.);
#15801 = EDGE_LOOP('',(#15802,#15803,#15804,#15805));
#15802 = ORIENTED_EDGE('',*,*,#15689,.F.);
#15803 = ORIENTED_EDGE('',*,*,#15759,.T.);
#15804 = ORIENTED_EDGE('',*,*,#15729,.T.);
#15805 = ORIENTED_EDGE('',*,*,#15781,.F.);
#15806 = PLANE('',#15807);
#15807 = AXIS2_PLACEMENT_3D('',#15808,#15809,#15810);
#15808 = CARTESIAN_POINT('',(101.6,-19.05,9.525));
#15809 = DIRECTION('',(0.,0.,1.));
#15810 = DIRECTION('',(1.,0.,-0.));
#15811 = ADVANCED_FACE('',(#15812),#15818,.T.);
#15812 = FACE_BOUND('',#15813,.T.);
#15813 = EDGE_LOOP('',(#15814,#15815,#15816,#15817));
#15814 = ORIENTED_EDGE('',*,*,#15705,.F.);
#15815 = ORIENTED_EDGE('',*,*,#15766,.T.);
#15816 = ORIENTED_EDGE('',*,*,#15745,.T.);
#15817 = ORIENTED_EDGE('',*,*,#15788,.F.);
#15818 = PLANE('',#15819);
#15819 = AXIS2_PLACEMENT_3D('',#15820,#15821,#15822);
#15820 = CARTESIAN_POINT('',(101.6,-19.05,1.6002E+03));
#15821 = DIRECTION('',(0.,0.,1.));
#15822 = DIRECTION('',(1.,0.,-0.));
#15823 = ( GEOMETRIC_REPRESENTATION_CONTEXT(3) 
GLOBAL_UNCERTAINTY_ASSIGNED_CONTEXT((#15827)) 
GLOBAL_UNIT_ASSIGNED_CONTEXT((#15824,#15825,#15826)) 
REPRESENTATION_CONTEXT('Context #1',
  '3D Context with UNIT and UNCERTAINTY') );
#15824 = ( LENGTH_UNIT() NAMED_UNIT(*) SI_UNIT(.MILLI.,.METRE.) );
#15825 = ( NAMED_UNIT(*) PLANE_ANGLE_UNIT() SI_UNIT($,.RADIAN.) );
#15826 = ( NAMED_UNIT(*) SI_UNIT($,.STERADIAN.) SOLID_ANGLE_UNIT() );
#15827 = UNCERTAINTY_MEASURE_WITH_UNIT(LENGTH_MEASURE(1.E-07),#15824,
  'distance_accuracy_value','confusion accuracy');
#15828 = CONTEXT_DEPENDENT_SHAPE_REPRESENTATION(#15829,#15831);
#15829 = ( REPRESENTATION_RELATIONSHIP('','',#15672,#10) 
REPRESENTATION_RELATIONSHIP_WITH_TRANSFORMATION(#15830) 
SHAPE_REPRESENTATION_RELATIONSHIP() );
#15830 = ITEM_DEFINED_TRANSFORMATION('','',#11,#199);
#15831 = PRODUCT_DEFINITION_SHAPE('Placement','Placement of an item',
  #15832);
#15832 = NEXT_ASSEMBLY_USAGE_OCCURRENCE('47','G001_Hinge_Stile','',#5,
  #15667,$);
#15833 = PRODUCT_RELATED_PRODUCT_CATEGORY('part',$,(#15669));
#15834 = SHAPE_DEFINITION_REPRESENTATION(#15835,#15841);
#15835 = PRODUCT_DEFINITION_SHAPE('','',#15836);
#15836 = PRODUCT_DEFINITION('design','',#15837,#15840);
#15837 = PRODUCT_DEFINITION_FORMATION('','',#15838);
#15838 = PRODUCT('G002_Latch_Stile','G002_Latch_Stile','',(#15839));
#15839 = PRODUCT_CONTEXT('',#2,'mechanical');
#15840 = PRODUCT_DEFINITION_CONTEXT('part definition',#2,'design');
#15841 = ADVANCED_BREP_SHAPE_REPRESENTATION('',(#11,#15842),#15992);
#15842 = MANIFOLD_SOLID_BREP('',#15843);
#15843 = CLOSED_SHELL('',(#15844,#15884,#15924,#15946,#15968,#15980));
#15844 = ADVANCED_FACE('',(#15845),#15879,.F.);
#15845 = FACE_BOUND('',#15846,.F.);
#15846 = EDGE_LOOP('',(#15847,#15857,#15865,#15873));
#15847 = ORIENTED_EDGE('',*,*,#15848,.F.);
#15848 = EDGE_CURVE('',#15849,#15851,#15853,.T.);
#15849 = VERTEX_POINT('',#15850);
#15850 = CARTESIAN_POINT('',(901.7,-19.05,9.525));
#15851 = VERTEX_POINT('',#15852);
#15852 = CARTESIAN_POINT('',(901.7,-19.05,1.6002E+03));
#15853 = LINE('',#15854,#15855);
#15854 = CARTESIAN_POINT('',(901.7,-19.05,9.525));
#15855 = VECTOR('',#15856,1.);
#15856 = DIRECTION('',(0.,0.,1.));
#15857 = ORIENTED_EDGE('',*,*,#15858,.T.);
#15858 = EDGE_CURVE('',#15849,#15859,#15861,.T.);
#15859 = VERTEX_POINT('',#15860);
#15860 = CARTESIAN_POINT('',(901.7,19.05,9.525));
#15861 = LINE('',#15862,#15863);
#15862 = CARTESIAN_POINT('',(901.7,-19.05,9.525));
#15863 = VECTOR('',#15864,1.);
#15864 = DIRECTION('',(-0.,1.,0.));
#15865 = ORIENTED_EDGE('',*,*,#15866,.T.);
#15866 = EDGE_CURVE('',#15859,#15867,#15869,.T.);
#15867 = VERTEX_POINT('',#15868);
#15868 = CARTESIAN_POINT('',(901.7,19.05,1.6002E+03));
#15869 = LINE('',#15870,#15871);
#15870 = CARTESIAN_POINT('',(901.7,19.05,9.525));
#15871 = VECTOR('',#15872,1.);
#15872 = DIRECTION('',(0.,0.,1.));
#15873 = ORIENTED_EDGE('',*,*,#15874,.F.);
#15874 = EDGE_CURVE('',#15851,#15867,#15875,.T.);
#15875 = LINE('',#15876,#15877);
#15876 = CARTESIAN_POINT('',(901.7,-19.05,1.6002E+03));
#15877 = VECTOR('',#15878,1.);
#15878 = DIRECTION('',(-0.,1.,0.));
#15879 = PLANE('',#15880);
#15880 = AXIS2_PLACEMENT_3D('',#15881,#15882,#15883);
#15881 = CARTESIAN_POINT('',(901.7,-19.05,9.525));
#15882 = DIRECTION('',(1.,0.,-0.));
#15883 = DIRECTION('',(0.,0.,1.));
#15884 = ADVANCED_FACE('',(#15885),#15919,.T.);
#15885 = FACE_BOUND('',#15886,.T.);
#15886 = EDGE_LOOP('',(#15887,#15897,#15905,#15913));
#15887 = ORIENTED_EDGE('',*,*,#15888,.F.);
#15888 = EDGE_CURVE('',#15889,#15891,#15893,.T.);
#15889 = VERTEX_POINT('',#15890);
#15890 = CARTESIAN_POINT('',(990.6,-19.05,9.525));
#15891 = VERTEX_POINT('',#15892);
#15892 = CARTESIAN_POINT('',(990.6,-19.05,1.6002E+03));
#15893 = LINE('',#15894,#15895);
#15894 = CARTESIAN_POINT('',(990.6,-19.05,9.525));
#15895 = VECTOR('',#15896,1.);
#15896 = DIRECTION('',(0.,0.,1.));
#15897 = ORIENTED_EDGE('',*,*,#15898,.T.);
#15898 = EDGE_CURVE('',#15889,#15899,#15901,.T.);
#15899 = VERTEX_POINT('',#15900);
#15900 = CARTESIAN_POINT('',(990.6,19.05,9.525));
#15901 = LINE('',#15902,#15903);
#15902 = CARTESIAN_POINT('',(990.6,-19.05,9.525));
#15903 = VECTOR('',#15904,1.);
#15904 = DIRECTION('',(-0.,1.,0.));
#15905 = ORIENTED_EDGE('',*,*,#15906,.T.);
#15906 = EDGE_CURVE('',#15899,#15907,#15909,.T.);
#15907 = VERTEX_POINT('',#15908);
#15908 = CARTESIAN_POINT('',(990.6,19.05,1.6002E+03));
#15909 = LINE('',#15910,#15911);
#15910 = CARTESIAN_POINT('',(990.6,19.05,9.525));
#15911 = VECTOR('',#15912,1.);
#15912 = DIRECTION('',(0.,0.,1.));
#15913 = ORIENTED_EDGE('',*,*,#15914,.F.);
#15914 = EDGE_CURVE('',#15891,#15907,#15915,.T.);
#15915 = LINE('',#15916,#15917);
#15916 = CARTESIAN_POINT('',(990.6,-19.05,1.6002E+03));
#15917 = VECTOR('',#15918,1.);
#15918 = DIRECTION('',(-0.,1.,0.));
#15919 = PLANE('',#15920);
#15920 = AXIS2_PLACEMENT_3D('',#15921,#15922,#15923);
#15921 = CARTESIAN_POINT('',(990.6,-19.05,9.525));
#15922 = DIRECTION('',(1.,0.,-0.));
#15923 = DIRECTION('',(0.,0.,1.));
#15924 = ADVANCED_FACE('',(#15925),#15941,.F.);
#15925 = FACE_BOUND('',#15926,.F.);
#15926 = EDGE_LOOP('',(#15927,#15933,#15934,#15940));
#15927 = ORIENTED_EDGE('',*,*,#15928,.F.);
#15928 = EDGE_CURVE('',#15849,#15889,#15929,.T.);
#15929 = LINE('',#15930,#15931);
#15930 = CARTESIAN_POINT('',(901.7,-19.05,9.525));
#15931 = VECTOR('',#15932,1.);
#15932 = DIRECTION('',(1.,0.,-0.));
#15933 = ORIENTED_EDGE('',*,*,#15848,.T.);
#15934 = ORIENTED_EDGE('',*,*,#15935,.T.);
#15935 = EDGE_CURVE('',#15851,#15891,#15936,.T.);
#15936 = LINE('',#15937,#15938);
#15937 = CARTESIAN_POINT('',(901.7,-19.05,1.6002E+03));
#15938 = VECTOR('',#15939,1.);
#15939 = DIRECTION('',(1.,0.,-0.));
#15940 = ORIENTED_EDGE('',*,*,#15888,.F.);
#15941 = PLANE('',#15942);
#15942 = AXIS2_PLACEMENT_3D('',#15943,#15944,#15945);
#15943 = CARTESIAN_POINT('',(901.7,-19.05,9.525));
#15944 = DIRECTION('',(-0.,1.,0.));
#15945 = DIRECTION('',(0.,0.,1.));
#15946 = ADVANCED_FACE('',(#15947),#15963,.T.);
#15947 = FACE_BOUND('',#15948,.T.);
#15948 = EDGE_LOOP('',(#15949,#15955,#15956,#15962));
#15949 = ORIENTED_EDGE('',*,*,#15950,.F.);
#15950 = EDGE_CURVE('',#15859,#15899,#15951,.T.);
#15951 = LINE('',#15952,#15953);
#15952 = CARTESIAN_POINT('',(901.7,19.05,9.525));
#15953 = VECTOR('',#15954,1.);
#15954 = DIRECTION('',(1.,0.,-0.));
#15955 = ORIENTED_EDGE('',*,*,#15866,.T.);
#15956 = ORIENTED_EDGE('',*,*,#15957,.T.);
#15957 = EDGE_CURVE('',#15867,#15907,#15958,.T.);
#15958 = LINE('',#15959,#15960);
#15959 = CARTESIAN_POINT('',(901.7,19.05,1.6002E+03));
#15960 = VECTOR('',#15961,1.);
#15961 = DIRECTION('',(1.,0.,-0.));
#15962 = ORIENTED_EDGE('',*,*,#15906,.F.);
#15963 = PLANE('',#15964);
#15964 = AXIS2_PLACEMENT_3D('',#15965,#15966,#15967);
#15965 = CARTESIAN_POINT('',(901.7,19.05,9.525));
#15966 = DIRECTION('',(-0.,1.,0.));
#15967 = DIRECTION('',(0.,0.,1.));
#15968 = ADVANCED_FACE('',(#15969),#15975,.F.);
#15969 = FACE_BOUND('',#15970,.F.);
#15970 = EDGE_LOOP('',(#15971,#15972,#15973,#15974));
#15971 = ORIENTED_EDGE('',*,*,#15858,.F.);
#15972 = ORIENTED_EDGE('',*,*,#15928,.T.);
#15973 = ORIENTED_EDGE('',*,*,#15898,.T.);
#15974 = ORIENTED_EDGE('',*,*,#15950,.F.);
#15975 = PLANE('',#15976);
#15976 = AXIS2_PLACEMENT_3D('',#15977,#15978,#15979);
#15977 = CARTESIAN_POINT('',(901.7,-19.05,9.525));
#15978 = DIRECTION('',(0.,0.,1.));
#15979 = DIRECTION('',(1.,0.,-0.));
#15980 = ADVANCED_FACE('',(#15981),#15987,.T.);
#15981 = FACE_BOUND('',#15982,.T.);
#15982 = EDGE_LOOP('',(#15983,#15984,#15985,#15986));
#15983 = ORIENTED_EDGE('',*,*,#15874,.F.);
#15984 = ORIENTED_EDGE('',*,*,#15935,.T.);
#15985 = ORIENTED_EDGE('',*,*,#15914,.T.);
#15986 = ORIENTED_EDGE('',*,*,#15957,.F.);
#15987 = PLANE('',#15988);
#15988 = AXIS2_PLACEMENT_3D('',#15989,#15990,#15991);
#15989 = CARTESIAN_POINT('',(901.7,-19.05,1.6002E+03));
#15990 = DIRECTION('',(0.,0.,1.));
#15991 = DIRECTION('',(1.,0.,-0.));
#15992 = ( GEOMETRIC_REPRESENTATION_CONTEXT(3) 
GLOBAL_UNCERTAINTY_ASSIGNED_CONTEXT((#15996)) 
GLOBAL_UNIT_ASSIGNED_CONTEXT((#15993,#15994,#15995)) 
REPRESENTATION_CONTEXT('Context #1',
  '3D Context with UNIT and UNCERTAINTY') );
#15993 = ( LENGTH_UNIT() NAMED_UNIT(*) SI_UNIT(.MILLI.,.METRE.) );
#15994 = ( NAMED_UNIT(*) PLANE_ANGLE_UNIT() SI_UNIT($,.RADIAN.) );
#15995 = ( NAMED_UNIT(*) SI_UNIT($,.STERADIAN.) SOLID_ANGLE_UNIT() );
#15996 = UNCERTAINTY_MEASURE_WITH_UNIT(LENGTH_MEASURE(1.E-07),#15993,
  'distance_accuracy_value','confusion accuracy');
#15997 = CONTEXT_DEPENDENT_SHAPE_REPRESENTATION(#15998,#16000);
#15998 = ( REPRESENTATION_RELATIONSHIP('','',#15841,#10) 
REPRESENTATION_RELATIONSHIP_WITH_TRANSFORMATION(#15999) 
SHAPE_REPRESENTATION_RELATIONSHIP() );
#15999 = ITEM_DEFINED_TRANSFORMATION('','',#11,#203);
#16000 = PRODUCT_DEFINITION_SHAPE('Placement','Placement of an item',
  #16001);
#16001 = NEXT_ASSEMBLY_USAGE_OCCURRENCE('48','G002_Latch_Stile','',#5,
  #15836,$);
#16002 = PRODUCT_RELATED_PRODUCT_CATEGORY('part',$,(#15838));
#16003 = SHAPE_DEFINITION_REPRESENTATION(#16004,#16010);
#16004 = PRODUCT_DEFINITION_SHAPE('','',#16005);
#16005 = PRODUCT_DEFINITION('design','',#16006,#16009);
#16006 = PRODUCT_DEFINITION_FORMATION('','',#16007);
#16007 = PRODUCT('G003_Gate_Rail','G003_Gate_Rail','',(#16008));
#16008 = PRODUCT_CONTEXT('',#2,'mechanical');
#16009 = PRODUCT_DEFINITION_CONTEXT('part definition',#2,'design');
#16010 = ADVANCED_BREP_SHAPE_REPRESENTATION('',(#11,#16011),#16161);
#16011 = MANIFOLD_SOLID_BREP('',#16012);
#16012 = CLOSED_SHELL('',(#16013,#16053,#16093,#16115,#16137,#16149));
#16013 = ADVANCED_FACE('',(#16014),#16048,.F.);
#16014 = FACE_BOUND('',#16015,.F.);
#16015 = EDGE_LOOP('',(#16016,#16026,#16034,#16042));
#16016 = ORIENTED_EDGE('',*,*,#16017,.F.);
#16017 = EDGE_CURVE('',#16018,#16020,#16022,.T.);
#16018 = VERTEX_POINT('',#16019);
#16019 = CARTESIAN_POINT('',(190.5,-19.05,576.834));
#16020 = VERTEX_POINT('',#16021);
#16021 = CARTESIAN_POINT('',(190.5,-19.05,716.534));
#16022 = LINE('',#16023,#16024);
#16023 = CARTESIAN_POINT('',(190.5,-19.05,576.834));
#16024 = VECTOR('',#16025,1.);
#16025 = DIRECTION('',(0.,0.,1.));
#16026 = ORIENTED_EDGE('',*,*,#16027,.T.);
#16027 = EDGE_CURVE('',#16018,#16028,#16030,.T.);
#16028 = VERTEX_POINT('',#16029);
#16029 = CARTESIAN_POINT('',(190.5,19.05,576.834));
#16030 = LINE('',#16031,#16032);
#16031 = CARTESIAN_POINT('',(190.5,-19.05,576.834));
#16032 = VECTOR('',#16033,1.);
#16033 = DIRECTION('',(-0.,1.,0.));
#16034 = ORIENTED_EDGE('',*,*,#16035,.T.);
#16035 = EDGE_CURVE('',#16028,#16036,#16038,.T.);
#16036 = VERTEX_POINT('',#16037);
#16037 = CARTESIAN_POINT('',(190.5,19.05,716.534));
#16038 = LINE('',#16039,#16040);
#16039 = CARTESIAN_POINT('',(190.5,19.05,576.834));
#16040 = VECTOR('',#16041,1.);
#16041 = DIRECTION('',(0.,0.,1.));
#16042 = ORIENTED_EDGE('',*,*,#16043,.F.);
#16043 = EDGE_CURVE('',#16020,#16036,#16044,.T.);
#16044 = LINE('',#16045,#16046);
#16045 = CARTESIAN_POINT('',(190.5,-19.05,716.534));
#16046 = VECTOR('',#16047,1.);
#16047 = DIRECTION('',(-0.,1.,0.));
#16048 = PLANE('',#16049);
#16049 = AXIS2_PLACEMENT_3D('',#16050,#16051,#16052);
#16050 = CARTESIAN_POINT('',(190.5,-19.05,576.834));
#16051 = DIRECTION('',(1.,0.,-0.));
#16052 = DIRECTION('',(0.,0.,1.));
#16053 = ADVANCED_FACE('',(#16054),#16088,.T.);
#16054 = FACE_BOUND('',#16055,.T.);
#16055 = EDGE_LOOP('',(#16056,#16066,#16074,#16082));
#16056 = ORIENTED_EDGE('',*,*,#16057,.F.);
#16057 = EDGE_CURVE('',#16058,#16060,#16062,.T.);
#16058 = VERTEX_POINT('',#16059);
#16059 = CARTESIAN_POINT('',(901.7,-19.05,576.834));
#16060 = VERTEX_POINT('',#16061);
#16061 = CARTESIAN_POINT('',(901.7,-19.05,716.534));
#16062 = LINE('',#16063,#16064);
#16063 = CARTESIAN_POINT('',(901.7,-19.05,576.834));
#16064 = VECTOR('',#16065,1.);
#16065 = DIRECTION('',(0.,0.,1.));
#16066 = ORIENTED_EDGE('',*,*,#16067,.T.);
#16067 = EDGE_CURVE('',#16058,#16068,#16070,.T.);
#16068 = VERTEX_POINT('',#16069);
#16069 = CARTESIAN_POINT('',(901.7,19.05,576.834));
#16070 = LINE('',#16071,#16072);
#16071 = CARTESIAN_POINT('',(901.7,-19.05,576.834));
#16072 = VECTOR('',#16073,1.);
#16073 = DIRECTION('',(-0.,1.,0.));
#16074 = ORIENTED_EDGE('',*,*,#16075,.T.);
#16075 = EDGE_CURVE('',#16068,#16076,#16078,.T.);
#16076 = VERTEX_POINT('',#16077);
#16077 = CARTESIAN_POINT('',(901.7,19.05,716.534));
#16078 = LINE('',#16079,#16080);
#16079 = CARTESIAN_POINT('',(901.7,19.05,576.834));
#16080 = VECTOR('',#16081,1.);
#16081 = DIRECTION('',(0.,0.,1.));
#16082 = ORIENTED_EDGE('',*,*,#16083,.F.);
#16083 = EDGE_CURVE('',#16060,#16076,#16084,.T.);
#16084 = LINE('',#16085,#16086);
#16085 = CARTESIAN_POINT('',(901.7,-19.05,716.534));
#16086 = VECTOR('',#16087,1.);
#16087 = DIRECTION('',(-0.,1.,0.));
#16088 = PLANE('',#16089);
#16089 = AXIS2_PLACEMENT_3D('',#16090,#16091,#16092);
#16090 = CARTESIAN_POINT('',(901.7,-19.05,576.834));
#16091 = DIRECTION('',(1.,0.,-0.));
#16092 = DIRECTION('',(0.,0.,1.));
#16093 = ADVANCED_FACE('',(#16094),#16110,.F.);
#16094 = FACE_BOUND('',#16095,.F.);
#16095 = EDGE_LOOP('',(#16096,#16102,#16103,#16109));
#16096 = ORIENTED_EDGE('',*,*,#16097,.F.);
#16097 = EDGE_CURVE('',#16018,#16058,#16098,.T.);
#16098 = LINE('',#16099,#16100);
#16099 = CARTESIAN_POINT('',(190.5,-19.05,576.834));
#16100 = VECTOR('',#16101,1.);
#16101 = DIRECTION('',(1.,0.,-0.));
#16102 = ORIENTED_EDGE('',*,*,#16017,.T.);
#16103 = ORIENTED_EDGE('',*,*,#16104,.T.);
#16104 = EDGE_CURVE('',#16020,#16060,#16105,.T.);
#16105 = LINE('',#16106,#16107);
#16106 = CARTESIAN_POINT('',(190.5,-19.05,716.534));
#16107 = VECTOR('',#16108,1.);
#16108 = DIRECTION('',(1.,0.,-0.));
#16109 = ORIENTED_EDGE('',*,*,#16057,.F.);
#16110 = PLANE('',#16111);
#16111 = AXIS2_PLACEMENT_3D('',#16112,#16113,#16114);
#16112 = CARTESIAN_POINT('',(190.5,-19.05,576.834));
#16113 = DIRECTION('',(-0.,1.,0.));
#16114 = DIRECTION('',(0.,0.,1.));
#16115 = ADVANCED_FACE('',(#16116),#16132,.T.);
#16116 = FACE_BOUND('',#16117,.T.);
#16117 = EDGE_LOOP('',(#16118,#16124,#16125,#16131));
#16118 = ORIENTED_EDGE('',*,*,#16119,.F.);
#16119 = EDGE_CURVE('',#16028,#16068,#16120,.T.);
#16120 = LINE('',#16121,#16122);
#16121 = CARTESIAN_POINT('',(190.5,19.05,576.834));
#16122 = VECTOR('',#16123,1.);
#16123 = DIRECTION('',(1.,0.,-0.));
#16124 = ORIENTED_EDGE('',*,*,#16035,.T.);
#16125 = ORIENTED_EDGE('',*,*,#16126,.T.);
#16126 = EDGE_CURVE('',#16036,#16076,#16127,.T.);
#16127 = LINE('',#16128,#16129);
#16128 = CARTESIAN_POINT('',(190.5,19.05,716.534));
#16129 = VECTOR('',#16130,1.);
#16130 = DIRECTION('',(1.,0.,-0.));
#16131 = ORIENTED_EDGE('',*,*,#16075,.F.);
#16132 = PLANE('',#16133);
#16133 = AXIS2_PLACEMENT_3D('',#16134,#16135,#16136);
#16134 = CARTESIAN_POINT('',(190.5,19.05,576.834));
#16135 = DIRECTION('',(-0.,1.,0.));
#16136 = DIRECTION('',(0.,0.,1.));
#16137 = ADVANCED_FACE('',(#16138),#16144,.F.);
#16138 = FACE_BOUND('',#16139,.F.);
#16139 = EDGE_LOOP('',(#16140,#16141,#16142,#16143));
#16140 = ORIENTED_EDGE('',*,*,#16027,.F.);
#16141 = ORIENTED_EDGE('',*,*,#16097,.T.);
#16142 = ORIENTED_EDGE('',*,*,#16067,.T.);
#16143 = ORIENTED_EDGE('',*,*,#16119,.F.);
#16144 = PLANE('',#16145);
#16145 = AXIS2_PLACEMENT_3D('',#16146,#16147,#16148);
#16146 = CARTESIAN_POINT('',(190.5,-19.05,576.834));
#16147 = DIRECTION('',(0.,0.,1.));
#16148 = DIRECTION('',(1.,0.,-0.));
#16149 = ADVANCED_FACE('',(#16150),#16156,.T.);
#16150 = FACE_BOUND('',#16151,.T.);
#16151 = EDGE_LOOP('',(#16152,#16153,#16154,#16155));
#16152 = ORIENTED_EDGE('',*,*,#16043,.F.);
#16153 = ORIENTED_EDGE('',*,*,#16104,.T.);
#16154 = ORIENTED_EDGE('',*,*,#16083,.T.);
#16155 = ORIENTED_EDGE('',*,*,#16126,.F.);
#16156 = PLANE('',#16157);
#16157 = AXIS2_PLACEMENT_3D('',#16158,#16159,#16160);
#16158 = CARTESIAN_POINT('',(190.5,-19.05,716.534));
#16159 = DIRECTION('',(0.,0.,1.));
#16160 = DIRECTION('',(1.,0.,-0.));
#16161 = ( GEOMETRIC_REPRESENTATION_CONTEXT(3) 
GLOBAL_UNCERTAINTY_ASSIGNED_CONTEXT((#16165)) 
GLOBAL_UNIT_ASSIGNED_CONTEXT((#16162,#16163,#16164)) 
REPRESENTATION_CONTEXT('Context #1',
  '3D Context with UNIT and UNCERTAINTY') );
#16162 = ( LENGTH_UNIT() NAMED_UNIT(*) SI_UNIT(.MILLI.,.METRE.) );
#16163 = ( NAMED_UNIT(*) PLANE_ANGLE_UNIT() SI_UNIT($,.RADIAN.) );
#16164 = ( NAMED_UNIT(*) SI_UNIT($,.STERADIAN.) SOLID_ANGLE_UNIT() );
#16165 = UNCERTAINTY_MEASURE_WITH_UNIT(LENGTH_MEASURE(1.E-07),#16162,
  'distance_accuracy_value','confusion accuracy');
#16166 = CONTEXT_DEPENDENT_SHAPE_REPRESENTATION(#16167,#16169);
#16167 = ( REPRESENTATION_RELATIONSHIP('','',#16010,#10) 
REPRESENTATION_RELATIONSHIP_WITH_TRANSFORMATION(#16168) 
SHAPE_REPRESENTATION_RELATIONSHIP() );
#16168 = ITEM_DEFINED_TRANSFORMATION('','',#11,#207);
#16169 = PRODUCT_DEFINITION_SHAPE('Placement','Placement of an item',
  #16170);
#16170 = NEXT_ASSEMBLY_USAGE_OCCURRENCE('49','G003_Gate_Rail','',#5,
  #16005,$);
#16171 = PRODUCT_RELATED_PRODUCT_CATEGORY('part',$,(#16007));
#16172 = SHAPE_DEFINITION_REPRESENTATION(#16173,#16179);
#16173 = PRODUCT_DEFINITION_SHAPE('','',#16174);
#16174 = PRODUCT_DEFINITION('design','',#16175,#16178);
#16175 = PRODUCT_DEFINITION_FORMATION('','',#16176);
#16176 = PRODUCT('G004_Gate_Rail','G004_Gate_Rail','',(#16177));
#16177 = PRODUCT_CONTEXT('',#2,'mechanical');
#16178 = PRODUCT_DEFINITION_CONTEXT('part definition',#2,'design');
#16179 = ADVANCED_BREP_SHAPE_REPRESENTATION('',(#11,#16180),#16330);
#16180 = MANIFOLD_SOLID_BREP('',#16181);
#16181 = CLOSED_SHELL('',(#16182,#16222,#16262,#16284,#16306,#16318));
#16182 = ADVANCED_FACE('',(#16183),#16217,.F.);
#16183 = FACE_BOUND('',#16184,.F.);
#16184 = EDGE_LOOP('',(#16185,#16195,#16203,#16211));
#16185 = ORIENTED_EDGE('',*,*,#16186,.F.);
#16186 = EDGE_CURVE('',#16187,#16189,#16191,.T.);
#16187 = VERTEX_POINT('',#16188);
#16188 = CARTESIAN_POINT('',(190.5,-19.05,1.1821414E+03));
#16189 = VERTEX_POINT('',#16190);
#16190 = CARTESIAN_POINT('',(190.5,-19.05,1.3218414E+03));
#16191 = LINE('',#16192,#16193);
#16192 = CARTESIAN_POINT('',(190.5,-19.05,1.1821414E+03));
#16193 = VECTOR('',#16194,1.);
#16194 = DIRECTION('',(0.,0.,1.));
#16195 = ORIENTED_EDGE('',*,*,#16196,.T.);
#16196 = EDGE_CURVE('',#16187,#16197,#16199,.T.);
#16197 = VERTEX_POINT('',#16198);
#16198 = CARTESIAN_POINT('',(190.5,19.05,1.1821414E+03));
#16199 = LINE('',#16200,#16201);
#16200 = CARTESIAN_POINT('',(190.5,-19.05,1.1821414E+03));
#16201 = VECTOR('',#16202,1.);
#16202 = DIRECTION('',(-0.,1.,0.));
#16203 = ORIENTED_EDGE('',*,*,#16204,.T.);
#16204 = EDGE_CURVE('',#16197,#16205,#16207,.T.);
#16205 = VERTEX_POINT('',#16206);
#16206 = CARTESIAN_POINT('',(190.5,19.05,1.3218414E+03));
#16207 = LINE('',#16208,#16209);
#16208 = CARTESIAN_POINT('',(190.5,19.05,1.1821414E+03));
#16209 = VECTOR('',#16210,1.);
#16210 = DIRECTION('',(0.,0.,1.));
#16211 = ORIENTED_EDGE('',*,*,#16212,.F.);
#16212 = EDGE_CURVE('',#16189,#16205,#16213,.T.);
#16213 = LINE('',#16214,#16215);
#16214 = CARTESIAN_POINT('',(190.5,-19.05,1.3218414E+03));
#16215 = VECTOR('',#16216,1.);
#16216 = DIRECTION('',(-0.,1.,0.));
#16217 = PLANE('',#16218);
#16218 = AXIS2_PLACEMENT_3D('',#16219,#16220,#16221);
#16219 = CARTESIAN_POINT('',(190.5,-19.05,1.1821414E+03));
#16220 = DIRECTION('',(1.,0.,-0.));
#16221 = DIRECTION('',(0.,0.,1.));
#16222 = ADVANCED_FACE('',(#16223),#16257,.T.);
#16223 = FACE_BOUND('',#16224,.T.);
#16224 = EDGE_LOOP('',(#16225,#16235,#16243,#16251));
#16225 = ORIENTED_EDGE('',*,*,#16226,.F.);
#16226 = EDGE_CURVE('',#16227,#16229,#16231,.T.);
#16227 = VERTEX_POINT('',#16228);
#16228 = CARTESIAN_POINT('',(901.7,-19.05,1.1821414E+03));
#16229 = VERTEX_POINT('',#16230);
#16230 = CARTESIAN_POINT('',(901.7,-19.05,1.3218414E+03));
#16231 = LINE('',#16232,#16233);
#16232 = CARTESIAN_POINT('',(901.7,-19.05,1.1821414E+03));
#16233 = VECTOR('',#16234,1.);
#16234 = DIRECTION('',(0.,0.,1.));
#16235 = ORIENTED_EDGE('',*,*,#16236,.T.);
#16236 = EDGE_CURVE('',#16227,#16237,#16239,.T.);
#16237 = VERTEX_POINT('',#16238);
#16238 = CARTESIAN_POINT('',(901.7,19.05,1.1821414E+03));
#16239 = LINE('',#16240,#16241);
#16240 = CARTESIAN_POINT('',(901.7,-19.05,1.1821414E+03));
#16241 = VECTOR('',#16242,1.);
#16242 = DIRECTION('',(-0.,1.,0.));
#16243 = ORIENTED_EDGE('',*,*,#16244,.T.);
#16244 = EDGE_CURVE('',#16237,#16245,#16247,.T.);
#16245 = VERTEX_POINT('',#16246);
#16246 = CARTESIAN_POINT('',(901.7,19.05,1.3218414E+03));
#16247 = LINE('',#16248,#16249);
#16248 = CARTESIAN_POINT('',(901.7,19.05,1.1821414E+03));
#16249 = VECTOR('',#16250,1.);
#16250 = DIRECTION('',(0.,0.,1.));
#16251 = ORIENTED_EDGE('',*,*,#16252,.F.);
#16252 = EDGE_CURVE('',#16229,#16245,#16253,.T.);
#16253 = LINE('',#16254,#16255);
#16254 = CARTESIAN_POINT('',(901.7,-19.05,1.3218414E+03));
#16255 = VECTOR('',#16256,1.);
#16256 = DIRECTION('',(-0.,1.,0.));
#16257 = PLANE('',#16258);
#16258 = AXIS2_PLACEMENT_3D('',#16259,#16260,#16261);
#16259 = CARTESIAN_POINT('',(901.7,-19.05,1.1821414E+03));
#16260 = DIRECTION('',(1.,0.,-0.));
#16261 = DIRECTION('',(0.,0.,1.));
#16262 = ADVANCED_FACE('',(#16263),#16279,.F.);
#16263 = FACE_BOUND('',#16264,.F.);
#16264 = EDGE_LOOP('',(#16265,#16271,#16272,#16278));
#16265 = ORIENTED_EDGE('',*,*,#16266,.F.);
#16266 = EDGE_CURVE('',#16187,#16227,#16267,.T.);
#16267 = LINE('',#16268,#16269);
#16268 = CARTESIAN_POINT('',(190.5,-19.05,1.1821414E+03));
#16269 = VECTOR('',#16270,1.);
#16270 = DIRECTION('',(1.,0.,-0.));
#16271 = ORIENTED_EDGE('',*,*,#16186,.T.);
#16272 = ORIENTED_EDGE('',*,*,#16273,.T.);
#16273 = EDGE_CURVE('',#16189,#16229,#16274,.T.);
#16274 = LINE('',#16275,#16276);
#16275 = CARTESIAN_POINT('',(190.5,-19.05,1.3218414E+03));
#16276 = VECTOR('',#16277,1.);
#16277 = DIRECTION('',(1.,0.,-0.));
#16278 = ORIENTED_EDGE('',*,*,#16226,.F.);
#16279 = PLANE('',#16280);
#16280 = AXIS2_PLACEMENT_3D('',#16281,#16282,#16283);
#16281 = CARTESIAN_POINT('',(190.5,-19.05,1.1821414E+03));
#16282 = DIRECTION('',(-0.,1.,0.));
#16283 = DIRECTION('',(0.,0.,1.));
#16284 = ADVANCED_FACE('',(#16285),#16301,.T.);
#16285 = FACE_BOUND('',#16286,.T.);
#16286 = EDGE_LOOP('',(#16287,#16293,#16294,#16300));
#16287 = ORIENTED_EDGE('',*,*,#16288,.F.);
#16288 = EDGE_CURVE('',#16197,#16237,#16289,.T.);
#16289 = LINE('',#16290,#16291);
#16290 = CARTESIAN_POINT('',(190.5,19.05,1.1821414E+03));
#16291 = VECTOR('',#16292,1.);
#16292 = DIRECTION('',(1.,0.,-0.));
#16293 = ORIENTED_EDGE('',*,*,#16204,.T.);
#16294 = ORIENTED_EDGE('',*,*,#16295,.T.);
#16295 = EDGE_CURVE('',#16205,#16245,#16296,.T.);
#16296 = LINE('',#16297,#16298);
#16297 = CARTESIAN_POINT('',(190.5,19.05,1.3218414E+03));
#16298 = VECTOR('',#16299,1.);
#16299 = DIRECTION('',(1.,0.,-0.));
#16300 = ORIENTED_EDGE('',*,*,#16244,.F.);
#16301 = PLANE('',#16302);
#16302 = AXIS2_PLACEMENT_3D('',#16303,#16304,#16305);
#16303 = CARTESIAN_POINT('',(190.5,19.05,1.1821414E+03));
#16304 = DIRECTION('',(-0.,1.,0.));
#16305 = DIRECTION('',(0.,0.,1.));
#16306 = ADVANCED_FACE('',(#16307),#16313,.F.);
#16307 = FACE_BOUND('',#16308,.F.);
#16308 = EDGE_LOOP('',(#16309,#16310,#16311,#16312));
#16309 = ORIENTED_EDGE('',*,*,#16196,.F.);
#16310 = ORIENTED_EDGE('',*,*,#16266,.T.);
#16311 = ORIENTED_EDGE('',*,*,#16236,.T.);
#16312 = ORIENTED_EDGE('',*,*,#16288,.F.);
#16313 = PLANE('',#16314);
#16314 = AXIS2_PLACEMENT_3D('',#16315,#16316,#16317);
#16315 = CARTESIAN_POINT('',(190.5,-19.05,1.1821414E+03));
#16316 = DIRECTION('',(0.,0.,1.));
#16317 = DIRECTION('',(1.,0.,-0.));
#16318 = ADVANCED_FACE('',(#16319),#16325,.T.);
#16319 = FACE_BOUND('',#16320,.T.);
#16320 = EDGE_LOOP('',(#16321,#16322,#16323,#16324));
#16321 = ORIENTED_EDGE('',*,*,#16212,.F.);
#16322 = ORIENTED_EDGE('',*,*,#16273,.T.);
#16323 = ORIENTED_EDGE('',*,*,#16252,.T.);
#16324 = ORIENTED_EDGE('',*,*,#16295,.F.);
#16325 = PLANE('',#16326);
#16326 = AXIS2_PLACEMENT_3D('',#16327,#16328,#16329);
#16327 = CARTESIAN_POINT('',(190.5,-19.05,1.3218414E+03));
#16328 = DIRECTION('',(0.,0.,1.));
#16329 = DIRECTION('',(1.,0.,-0.));
#16330 = ( GEOMETRIC_REPRESENTATION_CONTEXT(3) 
GLOBAL_UNCERTAINTY_ASSIGNED_CONTEXT((#16334)) 
GLOBAL_UNIT_ASSIGNED_CONTEXT((#16331,#16332,#16333)) 
REPRESENTATION_CONTEXT('Context #1',
  '3D Context with UNIT and UNCERTAINTY') );
#16331 = ( LENGTH_UNIT() NAMED_UNIT(*) SI_UNIT(.MILLI.,.METRE.) );
#16332 = ( NAMED_UNIT(*) PLANE_ANGLE_UNIT() SI_UNIT($,.RADIAN.) );
#16333 = ( NAMED_UNIT(*) SI_UNIT($,.STERADIAN.) SOLID_ANGLE_UNIT() );
#16334 = UNCERTAINTY_MEASURE_WITH_UNIT(LENGTH_MEASURE(1.E-07),#16331,
  'distance_accuracy_value','confusion accuracy');
#16335 = CONTEXT_DEPENDENT_SHAPE_REPRESENTATION(#16336,#16338);
#16336 = ( REPRESENTATION_RELATIONSHIP('','',#16179,#10) 
REPRESENTATION_RELATIONSHIP_WITH_TRANSFORMATION(#16337) 
SHAPE_REPRESENTATION_RELATIONSHIP() );
#16337 = ITEM_DEFINED_TRANSFORMATION('','',#11,#211);
#16338 = PRODUCT_DEFINITION_SHAPE('Placement','Placement of an item',
  #16339);
#16339 = NEXT_ASSEMBLY_USAGE_OCCURRENCE('50','G004_Gate_Rail','',#5,
  #16174,$);
#16340 = PRODUCT_RELATED_PRODUCT_CATEGORY('part',$,(#16176));
#16341 = SHAPE_DEFINITION_REPRESENTATION(#16342,#16348);
#16342 = PRODUCT_DEFINITION_SHAPE('','',#16343);
#16343 = PRODUCT_DEFINITION('design','',#16344,#16347);
#16344 = PRODUCT_DEFINITION_FORMATION('','',#16345);
#16345 = PRODUCT('G005_Gate_Rail','G005_Gate_Rail','',(#16346));
#16346 = PRODUCT_CONTEXT('',#2,'mechanical');
#16347 = PRODUCT_DEFINITION_CONTEXT('part definition',#2,'design');
#16348 = ADVANCED_BREP_SHAPE_REPRESENTATION('',(#11,#16349),#16499);
#16349 = MANIFOLD_SOLID_BREP('',#16350);
#16350 = CLOSED_SHELL('',(#16351,#16391,#16431,#16453,#16475,#16487));
#16351 = ADVANCED_FACE('',(#16352),#16386,.F.);
#16352 = FACE_BOUND('',#16353,.F.);
#16353 = EDGE_LOOP('',(#16354,#16364,#16372,#16380));
#16354 = ORIENTED_EDGE('',*,*,#16355,.F.);
#16355 = EDGE_CURVE('',#16356,#16358,#16360,.T.);
#16356 = VERTEX_POINT('',#16357);
#16357 = CARTESIAN_POINT('',(190.5,-19.05,1.4213586E+03));
#16358 = VERTEX_POINT('',#16359);
#16359 = CARTESIAN_POINT('',(190.5,-19.05,1.5610586E+03));
#16360 = LINE('',#16361,#16362);
#16361 = CARTESIAN_POINT('',(190.5,-19.05,1.4213586E+03));
#16362 = VECTOR('',#16363,1.);
#16363 = DIRECTION('',(0.,0.,1.));
#16364 = ORIENTED_EDGE('',*,*,#16365,.T.);
#16365 = EDGE_CURVE('',#16356,#16366,#16368,.T.);
#16366 = VERTEX_POINT('',#16367);
#16367 = CARTESIAN_POINT('',(190.5,19.05,1.4213586E+03));
#16368 = LINE('',#16369,#16370);
#16369 = CARTESIAN_POINT('',(190.5,-19.05,1.4213586E+03));
#16370 = VECTOR('',#16371,1.);
#16371 = DIRECTION('',(-0.,1.,0.));
#16372 = ORIENTED_EDGE('',*,*,#16373,.T.);
#16373 = EDGE_CURVE('',#16366,#16374,#16376,.T.);
#16374 = VERTEX_POINT('',#16375);
#16375 = CARTESIAN_POINT('',(190.5,19.05,1.5610586E+03));
#16376 = LINE('',#16377,#16378);
#16377 = CARTESIAN_POINT('',(190.5,19.05,1.4213586E+03));
#16378 = VECTOR('',#16379,1.);
#16379 = DIRECTION('',(0.,0.,1.));
#16380 = ORIENTED_EDGE('',*,*,#16381,.F.);
#16381 = EDGE_CURVE('',#16358,#16374,#16382,.T.);
#16382 = LINE('',#16383,#16384);
#16383 = CARTESIAN_POINT('',(190.5,-19.05,1.5610586E+03));
#16384 = VECTOR('',#16385,1.);
#16385 = DIRECTION('',(-0.,1.,0.));
#16386 = PLANE('',#16387);
#16387 = AXIS2_PLACEMENT_3D('',#16388,#16389,#16390);
#16388 = CARTESIAN_POINT('',(190.5,-19.05,1.4213586E+03));
#16389 = DIRECTION('',(1.,0.,-0.));
#16390 = DIRECTION('',(0.,0.,1.));
#16391 = ADVANCED_FACE('',(#16392),#16426,.T.);
#16392 = FACE_BOUND('',#16393,.T.);
#16393 = EDGE_LOOP('',(#16394,#16404,#16412,#16420));
#16394 = ORIENTED_EDGE('',*,*,#16395,.F.);
#16395 = EDGE_CURVE('',#16396,#16398,#16400,.T.);
#16396 = VERTEX_POINT('',#16397);
#16397 = CARTESIAN_POINT('',(901.7,-19.05,1.4213586E+03));
#16398 = VERTEX_POINT('',#16399);
#16399 = CARTESIAN_POINT('',(901.7,-19.05,1.5610586E+03));
#16400 = LINE('',#16401,#16402);
#16401 = CARTESIAN_POINT('',(901.7,-19.05,1.4213586E+03));
#16402 = VECTOR('',#16403,1.);
#16403 = DIRECTION('',(0.,0.,1.));
#16404 = ORIENTED_EDGE('',*,*,#16405,.T.);
#16405 = EDGE_CURVE('',#16396,#16406,#16408,.T.);
#16406 = VERTEX_POINT('',#16407);
#16407 = CARTESIAN_POINT('',(901.7,19.05,1.4213586E+03));
#16408 = LINE('',#16409,#16410);
#16409 = CARTESIAN_POINT('',(901.7,-19.05,1.4213586E+03));
#16410 = VECTOR('',#16411,1.);
#16411 = DIRECTION('',(-0.,1.,0.));
#16412 = ORIENTED_EDGE('',*,*,#16413,.T.);
#16413 = EDGE_CURVE('',#16406,#16414,#16416,.T.);
#16414 = VERTEX_POINT('',#16415);
#16415 = CARTESIAN_POINT('',(901.7,19.05,1.5610586E+03));
#16416 = LINE('',#16417,#16418);
#16417 = CARTESIAN_POINT('',(901.7,19.05,1.4213586E+03));
#16418 = VECTOR('',#16419,1.);
#16419 = DIRECTION('',(0.,0.,1.));
#16420 = ORIENTED_EDGE('',*,*,#16421,.F.);
#16421 = EDGE_CURVE('',#16398,#16414,#16422,.T.);
#16422 = LINE('',#16423,#16424);
#16423 = CARTESIAN_POINT('',(901.7,-19.05,1.5610586E+03));
#16424 = VECTOR('',#16425,1.);
#16425 = DIRECTION('',(-0.,1.,0.));
#16426 = PLANE('',#16427);
#16427 = AXIS2_PLACEMENT_3D('',#16428,#16429,#16430);
#16428 = CARTESIAN_POINT('',(901.7,-19.05,1.4213586E+03));
#16429 = DIRECTION('',(1.,0.,-0.));
#16430 = DIRECTION('',(0.,0.,1.));
#16431 = ADVANCED_FACE('',(#16432),#16448,.F.);
#16432 = FACE_BOUND('',#16433,.F.);
#16433 = EDGE_LOOP('',(#16434,#16440,#16441,#16447));
#16434 = ORIENTED_EDGE('',*,*,#16435,.F.);
#16435 = EDGE_CURVE('',#16356,#16396,#16436,.T.);
#16436 = LINE('',#16437,#16438);
#16437 = CARTESIAN_POINT('',(190.5,-19.05,1.4213586E+03));
#16438 = VECTOR('',#16439,1.);
#16439 = DIRECTION('',(1.,0.,-0.));
#16440 = ORIENTED_EDGE('',*,*,#16355,.T.);
#16441 = ORIENTED_EDGE('',*,*,#16442,.T.);
#16442 = EDGE_CURVE('',#16358,#16398,#16443,.T.);
#16443 = LINE('',#16444,#16445);
#16444 = CARTESIAN_POINT('',(190.5,-19.05,1.5610586E+03));
#16445 = VECTOR('',#16446,1.);
#16446 = DIRECTION('',(1.,0.,-0.));
#16447 = ORIENTED_EDGE('',*,*,#16395,.F.);
#16448 = PLANE('',#16449);
#16449 = AXIS2_PLACEMENT_3D('',#16450,#16451,#16452);
#16450 = CARTESIAN_POINT('',(190.5,-19.05,1.4213586E+03));
#16451 = DIRECTION('',(-0.,1.,0.));
#16452 = DIRECTION('',(0.,0.,1.));
#16453 = ADVANCED_FACE('',(#16454),#16470,.T.);
#16454 = FACE_BOUND('',#16455,.T.);
#16455 = EDGE_LOOP('',(#16456,#16462,#16463,#16469));
#16456 = ORIENTED_EDGE('',*,*,#16457,.F.);
#16457 = EDGE_CURVE('',#16366,#16406,#16458,.T.);
#16458 = LINE('',#16459,#16460);
#16459 = CARTESIAN_POINT('',(190.5,19.05,1.4213586E+03));
#16460 = VECTOR('',#16461,1.);
#16461 = DIRECTION('',(1.,0.,-0.));
#16462 = ORIENTED_EDGE('',*,*,#16373,.T.);
#16463 = ORIENTED_EDGE('',*,*,#16464,.T.);
#16464 = EDGE_CURVE('',#16374,#16414,#16465,.T.);
#16465 = LINE('',#16466,#16467);
#16466 = CARTESIAN_POINT('',(190.5,19.05,1.5610586E+03));
#16467 = VECTOR('',#16468,1.);
#16468 = DIRECTION('',(1.,0.,-0.));
#16469 = ORIENTED_EDGE('',*,*,#16413,.F.);
#16470 = PLANE('',#16471);
#16471 = AXIS2_PLACEMENT_3D('',#16472,#16473,#16474);
#16472 = CARTESIAN_POINT('',(190.5,19.05,1.4213586E+03));
#16473 = DIRECTION('',(-0.,1.,0.));
#16474 = DIRECTION('',(0.,0.,1.));
#16475 = ADVANCED_FACE('',(#16476),#16482,.F.);
#16476 = FACE_BOUND('',#16477,.F.);
#16477 = EDGE_LOOP('',(#16478,#16479,#16480,#16481));
#16478 = ORIENTED_EDGE('',*,*,#16365,.F.);
#16479 = ORIENTED_EDGE('',*,*,#16435,.T.);
#16480 = ORIENTED_EDGE('',*,*,#16405,.T.);
#16481 = ORIENTED_EDGE('',*,*,#16457,.F.);
#16482 = PLANE('',#16483);
#16483 = AXIS2_PLACEMENT_3D('',#16484,#16485,#16486);
#16484 = CARTESIAN_POINT('',(190.5,-19.05,1.4213586E+03));
#16485 = DIRECTION('',(0.,0.,1.));
#16486 = DIRECTION('',(1.,0.,-0.));
#16487 = ADVANCED_FACE('',(#16488),#16494,.T.);
#16488 = FACE_BOUND('',#16489,.T.);
#16489 = EDGE_LOOP('',(#16490,#16491,#16492,#16493));
#16490 = ORIENTED_EDGE('',*,*,#16381,.F.);
#16491 = ORIENTED_EDGE('',*,*,#16442,.T.);
#16492 = ORIENTED_EDGE('',*,*,#16421,.T.);
#16493 = ORIENTED_EDGE('',*,*,#16464,.F.);
#16494 = PLANE('',#16495);
#16495 = AXIS2_PLACEMENT_3D('',#16496,#16497,#16498);
#16496 = CARTESIAN_POINT('',(190.5,-19.05,1.5610586E+03));
#16497 = DIRECTION('',(0.,0.,1.));
#16498 = DIRECTION('',(1.,0.,-0.));
#16499 = ( GEOMETRIC_REPRESENTATION_CONTEXT(3) 
GLOBAL_UNCERTAINTY_ASSIGNED_CONTEXT((#16503)) 
GLOBAL_UNIT_ASSIGNED_CONTEXT((#16500,#16501,#16502)) 
REPRESENTATION_CONTEXT('Context #1',
  '3D Context with UNIT and UNCERTAINTY') );
#16500 = ( LENGTH_UNIT() NAMED_UNIT(*) SI_UNIT(.MILLI.,.METRE.) );
#16501 = ( NAMED_UNIT(*) PLANE_ANGLE_UNIT() SI_UNIT($,.RADIAN.) );
#16502 = ( NAMED_UNIT(*) SI_UNIT($,.STERADIAN.) SOLID_ANGLE_UNIT() );
#16503 = UNCERTAINTY_MEASURE_WITH_UNIT(LENGTH_MEASURE(1.E-07),#16500,
  'distance_accuracy_value','confusion accuracy');
#16504 = CONTEXT_DEPENDENT_SHAPE_REPRESENTATION(#16505,#16507);
#16505 = ( REPRESENTATION_RELATIONSHIP('','',#16348,#10) 
REPRESENTATION_RELATIONSHIP_WITH_TRANSFORMATION(#16506) 
SHAPE_REPRESENTATION_RELATIONSHIP() );
#16506 = ITEM_DEFINED_TRANSFORMATION('','',#11,#215);
#16507 = PRODUCT_DEFINITION_SHAPE('Placement','Placement of an item',
  #16508);
#16508 = NEXT_ASSEMBLY_USAGE_OCCURRENCE('51','G005_Gate_Rail','',#5,
  #16343,$);
#16509 = PRODUCT_RELATED_PRODUCT_CATEGORY('part',$,(#16345));
#16510 = SHAPE_DEFINITION_REPRESENTATION(#16511,#16517);
#16511 = PRODUCT_DEFINITION_SHAPE('','',#16512);
#16512 = PRODUCT_DEFINITION('design','',#16513,#16516);
#16513 = PRODUCT_DEFINITION_FORMATION('','',#16514);
#16514 = PRODUCT('G006_Gate_Rail','G006_Gate_Rail','',(#16515));
#16515 = PRODUCT_CONTEXT('',#2,'mechanical');
#16516 = PRODUCT_DEFINITION_CONTEXT('part definition',#2,'design');
#16517 = ADVANCED_BREP_SHAPE_REPRESENTATION('',(#11,#16518),#16668);
#16518 = MANIFOLD_SOLID_BREP('',#16519);
#16519 = CLOSED_SHELL('',(#16520,#16560,#16600,#16622,#16644,#16656));
#16520 = ADVANCED_FACE('',(#16521),#16555,.F.);
#16521 = FACE_BOUND('',#16522,.F.);
#16522 = EDGE_LOOP('',(#16523,#16533,#16541,#16549));
#16523 = ORIENTED_EDGE('',*,*,#16524,.F.);
#16524 = EDGE_CURVE('',#16525,#16527,#16529,.T.);
#16525 = VERTEX_POINT('',#16526);
#16526 = CARTESIAN_POINT('',(190.5,-19.05,9.525));
#16527 = VERTEX_POINT('',#16528);
#16528 = CARTESIAN_POINT('',(190.5,-19.05,98.425));
#16529 = LINE('',#16530,#16531);
#16530 = CARTESIAN_POINT('',(190.5,-19.05,9.525));
#16531 = VECTOR('',#16532,1.);
#16532 = DIRECTION('',(0.,0.,1.));
#16533 = ORIENTED_EDGE('',*,*,#16534,.T.);
#16534 = EDGE_CURVE('',#16525,#16535,#16537,.T.);
#16535 = VERTEX_POINT('',#16536);
#16536 = CARTESIAN_POINT('',(190.5,19.05,9.525));
#16537 = LINE('',#16538,#16539);
#16538 = CARTESIAN_POINT('',(190.5,-19.05,9.525));
#16539 = VECTOR('',#16540,1.);
#16540 = DIRECTION('',(-0.,1.,0.));
#16541 = ORIENTED_EDGE('',*,*,#16542,.T.);
#16542 = EDGE_CURVE('',#16535,#16543,#16545,.T.);
#16543 = VERTEX_POINT('',#16544);
#16544 = CARTESIAN_POINT('',(190.5,19.05,98.425));
#16545 = LINE('',#16546,#16547);
#16546 = CARTESIAN_POINT('',(190.5,19.05,9.525));
#16547 = VECTOR('',#16548,1.);
#16548 = DIRECTION('',(0.,0.,1.));
#16549 = ORIENTED_EDGE('',*,*,#16550,.F.);
#16550 = EDGE_CURVE('',#16527,#16543,#16551,.T.);
#16551 = LINE('',#16552,#16553);
#16552 = CARTESIAN_POINT('',(190.5,-19.05,98.425));
#16553 = VECTOR('',#16554,1.);
#16554 = DIRECTION('',(-0.,1.,0.));
#16555 = PLANE('',#16556);
#16556 = AXIS2_PLACEMENT_3D('',#16557,#16558,#16559);
#16557 = CARTESIAN_POINT('',(190.5,-19.05,9.525));
#16558 = DIRECTION('',(1.,0.,-0.));
#16559 = DIRECTION('',(0.,0.,1.));
#16560 = ADVANCED_FACE('',(#16561),#16595,.T.);
#16561 = FACE_BOUND('',#16562,.T.);
#16562 = EDGE_LOOP('',(#16563,#16573,#16581,#16589));
#16563 = ORIENTED_EDGE('',*,*,#16564,.F.);
#16564 = EDGE_CURVE('',#16565,#16567,#16569,.T.);
#16565 = VERTEX_POINT('',#16566);
#16566 = CARTESIAN_POINT('',(901.7,-19.05,9.525));
#16567 = VERTEX_POINT('',#16568);
#16568 = CARTESIAN_POINT('',(901.7,-19.05,98.425));
#16569 = LINE('',#16570,#16571);
#16570 = CARTESIAN_POINT('',(901.7,-19.05,9.525));
#16571 = VECTOR('',#16572,1.);
#16572 = DIRECTION('',(0.,0.,1.));
#16573 = ORIENTED_EDGE('',*,*,#16574,.T.);
#16574 = EDGE_CURVE('',#16565,#16575,#16577,.T.);
#16575 = VERTEX_POINT('',#16576);
#16576 = CARTESIAN_POINT('',(901.7,19.05,9.525));
#16577 = LINE('',#16578,#16579);
#16578 = CARTESIAN_POINT('',(901.7,-19.05,9.525));
#16579 = VECTOR('',#16580,1.);
#16580 = DIRECTION('',(-0.,1.,0.));
#16581 = ORIENTED_EDGE('',*,*,#16582,.T.);
#16582 = EDGE_CURVE('',#16575,#16583,#16585,.T.);
#16583 = VERTEX_POINT('',#16584);
#16584 = CARTESIAN_POINT('',(901.7,19.05,98.425));
#16585 = LINE('',#16586,#16587);
#16586 = CARTESIAN_POINT('',(901.7,19.05,9.525));
#16587 = VECTOR('',#16588,1.);
#16588 = DIRECTION('',(0.,0.,1.));
#16589 = ORIENTED_EDGE('',*,*,#16590,.F.);
#16590 = EDGE_CURVE('',#16567,#16583,#16591,.T.);
#16591 = LINE('',#16592,#16593);
#16592 = CARTESIAN_POINT('',(901.7,-19.05,98.425));
#16593 = VECTOR('',#16594,1.);
#16594 = DIRECTION('',(-0.,1.,0.));
#16595 = PLANE('',#16596);
#16596 = AXIS2_PLACEMENT_3D('',#16597,#16598,#16599);
#16597 = CARTESIAN_POINT('',(901.7,-19.05,9.525));
#16598 = DIRECTION('',(1.,0.,-0.));
#16599 = DIRECTION('',(0.,0.,1.));
#16600 = ADVANCED_FACE('',(#16601),#16617,.F.);
#16601 = FACE_BOUND('',#16602,.F.);
#16602 = EDGE_LOOP('',(#16603,#16609,#16610,#16616));
#16603 = ORIENTED_EDGE('',*,*,#16604,.F.);
#16604 = EDGE_CURVE('',#16525,#16565,#16605,.T.);
#16605 = LINE('',#16606,#16607);
#16606 = CARTESIAN_POINT('',(190.5,-19.05,9.525));
#16607 = VECTOR('',#16608,1.);
#16608 = DIRECTION('',(1.,0.,-0.));
#16609 = ORIENTED_EDGE('',*,*,#16524,.T.);
#16610 = ORIENTED_EDGE('',*,*,#16611,.T.);
#16611 = EDGE_CURVE('',#16527,#16567,#16612,.T.);
#16612 = LINE('',#16613,#16614);
#16613 = CARTESIAN_POINT('',(190.5,-19.05,98.425));
#16614 = VECTOR('',#16615,1.);
#16615 = DIRECTION('',(1.,0.,-0.));
#16616 = ORIENTED_EDGE('',*,*,#16564,.F.);
#16617 = PLANE('',#16618);
#16618 = AXIS2_PLACEMENT_3D('',#16619,#16620,#16621);
#16619 = CARTESIAN_POINT('',(190.5,-19.05,9.525));
#16620 = DIRECTION('',(-0.,1.,0.));
#16621 = DIRECTION('',(0.,0.,1.));
#16622 = ADVANCED_FACE('',(#16623),#16639,.T.);
#16623 = FACE_BOUND('',#16624,.T.);
#16624 = EDGE_LOOP('',(#16625,#16631,#16632,#16638));
#16625 = ORIENTED_EDGE('',*,*,#16626,.F.);
#16626 = EDGE_CURVE('',#16535,#16575,#16627,.T.);
#16627 = LINE('',#16628,#16629);
#16628 = CARTESIAN_POINT('',(190.5,19.05,9.525));
#16629 = VECTOR('',#16630,1.);
#16630 = DIRECTION('',(1.,0.,-0.));
#16631 = ORIENTED_EDGE('',*,*,#16542,.T.);
#16632 = ORIENTED_EDGE('',*,*,#16633,.T.);
#16633 = EDGE_CURVE('',#16543,#16583,#16634,.T.);
#16634 = LINE('',#16635,#16636);
#16635 = CARTESIAN_POINT('',(190.5,19.05,98.425));
#16636 = VECTOR('',#16637,1.);
#16637 = DIRECTION('',(1.,0.,-0.));
#16638 = ORIENTED_EDGE('',*,*,#16582,.F.);
#16639 = PLANE('',#16640);
#16640 = AXIS2_PLACEMENT_3D('',#16641,#16642,#16643);
#16641 = CARTESIAN_POINT('',(190.5,19.05,9.525));
#16642 = DIRECTION('',(-0.,1.,0.));
#16643 = DIRECTION('',(0.,0.,1.));
#16644 = ADVANCED_FACE('',(#16645),#16651,.F.);
#16645 = FACE_BOUND('',#16646,.F.);
#16646 = EDGE_LOOP('',(#16647,#16648,#16649,#16650));
#16647 = ORIENTED_EDGE('',*,*,#16534,.F.);
#16648 = ORIENTED_EDGE('',*,*,#16604,.T.);
#16649 = ORIENTED_EDGE('',*,*,#16574,.T.);
#16650 = ORIENTED_EDGE('',*,*,#16626,.F.);
#16651 = PLANE('',#16652);
#16652 = AXIS2_PLACEMENT_3D('',#16653,#16654,#16655);
#16653 = CARTESIAN_POINT('',(190.5,-19.05,9.525));
#16654 = DIRECTION('',(0.,0.,1.));
#16655 = DIRECTION('',(1.,0.,-0.));
#16656 = ADVANCED_FACE('',(#16657),#16663,.T.);
#16657 = FACE_BOUND('',#16658,.T.);
#16658 = EDGE_LOOP('',(#16659,#16660,#16661,#16662));
#16659 = ORIENTED_EDGE('',*,*,#16550,.F.);
#16660 = ORIENTED_EDGE('',*,*,#16611,.T.);
#16661 = ORIENTED_EDGE('',*,*,#16590,.T.);
#16662 = ORIENTED_EDGE('',*,*,#16633,.F.);
#16663 = PLANE('',#16664);
#16664 = AXIS2_PLACEMENT_3D('',#16665,#16666,#16667);
#16665 = CARTESIAN_POINT('',(190.5,-19.05,98.425));
#16666 = DIRECTION('',(0.,0.,1.));
#16667 = DIRECTION('',(1.,0.,-0.));
#16668 = ( GEOMETRIC_REPRESENTATION_CONTEXT(3) 
GLOBAL_UNCERTAINTY_ASSIGNED_CONTEXT((#16672)) 
GLOBAL_UNIT_ASSIGNED_CONTEXT((#16669,#16670,#16671)) 
REPRESENTATION_CONTEXT('Context #1',
  '3D Context with UNIT and UNCERTAINTY') );
#16669 = ( LENGTH_UNIT() NAMED_UNIT(*) SI_UNIT(.MILLI.,.METRE.) );
#16670 = ( NAMED_UNIT(*) PLANE_ANGLE_UNIT() SI_UNIT($,.RADIAN.) );
#16671 = ( NAMED_UNIT(*) SI_UNIT($,.STERADIAN.) SOLID_ANGLE_UNIT() );
#16672 = UNCERTAINTY_MEASURE_WITH_UNIT(LENGTH_MEASURE(1.E-07),#16669,
  'distance_accuracy_value','confusion accuracy');
#16673 = CONTEXT_DEPENDENT_SHAPE_REPRESENTATION(#16674,#16676);
#16674 = ( REPRESENTATION_RELATIONSHIP('','',#16517,#10) 
REPRESENTATION_RELATIONSHIP_WITH_TRANSFORMATION(#16675) 
SHAPE_REPRESENTATION_RELATIONSHIP() );
#16675 = ITEM_DEFINED_TRANSFORMATION('','',#11,#219);
#16676 = PRODUCT_DEFINITION_SHAPE('Placement','Placement of an item',
  #16677);
#16677 = NEXT_ASSEMBLY_USAGE_OCCURRENCE('52','G006_Gate_Rail','',#5,
  #16512,$);
#16678 = PRODUCT_RELATED_PRODUCT_CATEGORY('part',$,(#16514));
#16679 = SHAPE_DEFINITION_REPRESENTATION(#16680,#16686);
#16680 = PRODUCT_DEFINITION_SHAPE('','',#16681);
#16681 = PRODUCT_DEFINITION('design','',#16682,#16685);
#16682 = PRODUCT_DEFINITION_FORMATION('','',#16683);
#16683 = PRODUCT('G007_Gate_Rail','G007_Gate_Rail','',(#16684));
#16684 = PRODUCT_CONTEXT('',#2,'mechanical');
#16685 = PRODUCT_DEFINITION_CONTEXT('part definition',#2,'design');
#16686 = ADVANCED_BREP_SHAPE_REPRESENTATION('',(#11,#16687),#16837);
#16687 = MANIFOLD_SOLID_BREP('',#16688);
#16688 = CLOSED_SHELL('',(#16689,#16729,#16769,#16791,#16813,#16825));
#16689 = ADVANCED_FACE('',(#16690),#16724,.F.);
#16690 = FACE_BOUND('',#16691,.F.);
#16691 = EDGE_LOOP('',(#16692,#16702,#16710,#16718));
#16692 = ORIENTED_EDGE('',*,*,#16693,.F.);
#16693 = EDGE_CURVE('',#16694,#16696,#16698,.T.);
#16694 = VERTEX_POINT('',#16695);
#16695 = CARTESIAN_POINT('',(190.5,-19.05,1.5113E+03));
#16696 = VERTEX_POINT('',#16697);
#16697 = CARTESIAN_POINT('',(190.5,-19.05,1.6002E+03));
#16698 = LINE('',#16699,#16700);
#16699 = CARTESIAN_POINT('',(190.5,-19.05,1.5113E+03));
#16700 = VECTOR('',#16701,1.);
#16701 = DIRECTION('',(0.,0.,1.));
#16702 = ORIENTED_EDGE('',*,*,#16703,.T.);
#16703 = EDGE_CURVE('',#16694,#16704,#16706,.T.);
#16704 = VERTEX_POINT('',#16705);
#16705 = CARTESIAN_POINT('',(190.5,19.05,1.5113E+03));
#16706 = LINE('',#16707,#16708);
#16707 = CARTESIAN_POINT('',(190.5,-19.05,1.5113E+03));
#16708 = VECTOR('',#16709,1.);
#16709 = DIRECTION('',(-0.,1.,0.));
#16710 = ORIENTED_EDGE('',*,*,#16711,.T.);
#16711 = EDGE_CURVE('',#16704,#16712,#16714,.T.);
#16712 = VERTEX_POINT('',#16713);
#16713 = CARTESIAN_POINT('',(190.5,19.05,1.6002E+03));
#16714 = LINE('',#16715,#16716);
#16715 = CARTESIAN_POINT('',(190.5,19.05,1.5113E+03));
#16716 = VECTOR('',#16717,1.);
#16717 = DIRECTION('',(0.,0.,1.));
#16718 = ORIENTED_EDGE('',*,*,#16719,.F.);
#16719 = EDGE_CURVE('',#16696,#16712,#16720,.T.);
#16720 = LINE('',#16721,#16722);
#16721 = CARTESIAN_POINT('',(190.5,-19.05,1.6002E+03));
#16722 = VECTOR('',#16723,1.);
#16723 = DIRECTION('',(-0.,1.,0.));
#16724 = PLANE('',#16725);
#16725 = AXIS2_PLACEMENT_3D('',#16726,#16727,#16728);
#16726 = CARTESIAN_POINT('',(190.5,-19.05,1.5113E+03));
#16727 = DIRECTION('',(1.,0.,-0.));
#16728 = DIRECTION('',(0.,0.,1.));
#16729 = ADVANCED_FACE('',(#16730),#16764,.T.);
#16730 = FACE_BOUND('',#16731,.T.);
#16731 = EDGE_LOOP('',(#16732,#16742,#16750,#16758));
#16732 = ORIENTED_EDGE('',*,*,#16733,.F.);
#16733 = EDGE_CURVE('',#16734,#16736,#16738,.T.);
#16734 = VERTEX_POINT('',#16735);
#16735 = CARTESIAN_POINT('',(901.7,-19.05,1.5113E+03));
#16736 = VERTEX_POINT('',#16737);
#16737 = CARTESIAN_POINT('',(901.7,-19.05,1.6002E+03));
#16738 = LINE('',#16739,#16740);
#16739 = CARTESIAN_POINT('',(901.7,-19.05,1.5113E+03));
#16740 = VECTOR('',#16741,1.);
#16741 = DIRECTION('',(0.,0.,1.));
#16742 = ORIENTED_EDGE('',*,*,#16743,.T.);
#16743 = EDGE_CURVE('',#16734,#16744,#16746,.T.);
#16744 = VERTEX_POINT('',#16745);
#16745 = CARTESIAN_POINT('',(901.7,19.05,1.5113E+03));
#16746 = LINE('',#16747,#16748);
#16747 = CARTESIAN_POINT('',(901.7,-19.05,1.5113E+03));
#16748 = VECTOR('',#16749,1.);
#16749 = DIRECTION('',(-0.,1.,0.));
#16750 = ORIENTED_EDGE('',*,*,#16751,.T.);
#16751 = EDGE_CURVE('',#16744,#16752,#16754,.T.);
#16752 = VERTEX_POINT('',#16753);
#16753 = CARTESIAN_POINT('',(901.7,19.05,1.6002E+03));
#16754 = LINE('',#16755,#16756);
#16755 = CARTESIAN_POINT('',(901.7,19.05,1.5113E+03));
#16756 = VECTOR('',#16757,1.);
#16757 = DIRECTION('',(0.,0.,1.));
#16758 = ORIENTED_EDGE('',*,*,#16759,.F.);
#16759 = EDGE_CURVE('',#16736,#16752,#16760,.T.);
#16760 = LINE('',#16761,#16762);
#16761 = CARTESIAN_POINT('',(901.7,-19.05,1.6002E+03));
#16762 = VECTOR('',#16763,1.);
#16763 = DIRECTION('',(-0.,1.,0.));
#16764 = PLANE('',#16765);
#16765 = AXIS2_PLACEMENT_3D('',#16766,#16767,#16768);
#16766 = CARTESIAN_POINT('',(901.7,-19.05,1.5113E+03));
#16767 = DIRECTION('',(1.,0.,-0.));
#16768 = DIRECTION('',(0.,0.,1.));
#16769 = ADVANCED_FACE('',(#16770),#16786,.F.);
#16770 = FACE_BOUND('',#16771,.F.);
#16771 = EDGE_LOOP('',(#16772,#16778,#16779,#16785));
#16772 = ORIENTED_EDGE('',*,*,#16773,.F.);
#16773 = EDGE_CURVE('',#16694,#16734,#16774,.T.);
#16774 = LINE('',#16775,#16776);
#16775 = CARTESIAN_POINT('',(190.5,-19.05,1.5113E+03));
#16776 = VECTOR('',#16777,1.);
#16777 = DIRECTION('',(1.,0.,-0.));
#16778 = ORIENTED_EDGE('',*,*,#16693,.T.);
#16779 = ORIENTED_EDGE('',*,*,#16780,.T.);
#16780 = EDGE_CURVE('',#16696,#16736,#16781,.T.);
#16781 = LINE('',#16782,#16783);
#16782 = CARTESIAN_POINT('',(190.5,-19.05,1.6002E+03));
#16783 = VECTOR('',#16784,1.);
#16784 = DIRECTION('',(1.,0.,-0.));
#16785 = ORIENTED_EDGE('',*,*,#16733,.F.);
#16786 = PLANE('',#16787);
#16787 = AXIS2_PLACEMENT_3D('',#16788,#16789,#16790);
#16788 = CARTESIAN_POINT('',(190.5,-19.05,1.5113E+03));
#16789 = DIRECTION('',(-0.,1.,0.));
#16790 = DIRECTION('',(0.,0.,1.));
#16791 = ADVANCED_FACE('',(#16792),#16808,.T.);
#16792 = FACE_BOUND('',#16793,.T.);
#16793 = EDGE_LOOP('',(#16794,#16800,#16801,#16807));
#16794 = ORIENTED_EDGE('',*,*,#16795,.F.);
#16795 = EDGE_CURVE('',#16704,#16744,#16796,.T.);
#16796 = LINE('',#16797,#16798);
#16797 = CARTESIAN_POINT('',(190.5,19.05,1.5113E+03));
#16798 = VECTOR('',#16799,1.);
#16799 = DIRECTION('',(1.,0.,-0.));
#16800 = ORIENTED_EDGE('',*,*,#16711,.T.);
#16801 = ORIENTED_EDGE('',*,*,#16802,.T.);
#16802 = EDGE_CURVE('',#16712,#16752,#16803,.T.);
#16803 = LINE('',#16804,#16805);
#16804 = CARTESIAN_POINT('',(190.5,19.05,1.6002E+03));
#16805 = VECTOR('',#16806,1.);
#16806 = DIRECTION('',(1.,0.,-0.));
#16807 = ORIENTED_EDGE('',*,*,#16751,.F.);
#16808 = PLANE('',#16809);
#16809 = AXIS2_PLACEMENT_3D('',#16810,#16811,#16812);
#16810 = CARTESIAN_POINT('',(190.5,19.05,1.5113E+03));
#16811 = DIRECTION('',(-0.,1.,0.));
#16812 = DIRECTION('',(0.,0.,1.));
#16813 = ADVANCED_FACE('',(#16814),#16820,.F.);
#16814 = FACE_BOUND('',#16815,.F.);
#16815 = EDGE_LOOP('',(#16816,#16817,#16818,#16819));
#16816 = ORIENTED_EDGE('',*,*,#16703,.F.);
#16817 = ORIENTED_EDGE('',*,*,#16773,.T.);
#16818 = ORIENTED_EDGE('',*,*,#16743,.T.);
#16819 = ORIENTED_EDGE('',*,*,#16795,.F.);
#16820 = PLANE('',#16821);
#16821 = AXIS2_PLACEMENT_3D('',#16822,#16823,#16824);
#16822 = CARTESIAN_POINT('',(190.5,-19.05,1.5113E+03));
#16823 = DIRECTION('',(0.,0.,1.));
#16824 = DIRECTION('',(1.,0.,-0.));
#16825 = ADVANCED_FACE('',(#16826),#16832,.T.);
#16826 = FACE_BOUND('',#16827,.T.);
#16827 = EDGE_LOOP('',(#16828,#16829,#16830,#16831));
#16828 = ORIENTED_EDGE('',*,*,#16719,.F.);
#16829 = ORIENTED_EDGE('',*,*,#16780,.T.);
#16830 = ORIENTED_EDGE('',*,*,#16759,.T.);
#16831 = ORIENTED_EDGE('',*,*,#16802,.F.);
#16832 = PLANE('',#16833);
#16833 = AXIS2_PLACEMENT_3D('',#16834,#16835,#16836);
#16834 = CARTESIAN_POINT('',(190.5,-19.05,1.6002E+03));
#16835 = DIRECTION('',(0.,0.,1.));
#16836 = DIRECTION('',(1.,0.,-0.));
#16837 = ( GEOMETRIC_REPRESENTATION_CONTEXT(3) 
GLOBAL_UNCERTAINTY_ASSIGNED_CONTEXT((#16841)) 
GLOBAL_UNIT_ASSIGNED_CONTEXT((#16838,#16839,#16840)) 
REPRESENTATION_CONTEXT('Context #1',
  '3D Context with UNIT and UNCERTAINTY') );
#16838 = ( LENGTH_UNIT() NAMED_UNIT(*) SI_UNIT(.MILLI.,.METRE.) );
#16839 = ( NAMED_UNIT(*) PLANE_ANGLE_UNIT() SI_UNIT($,.RADIAN.) );
#16840 = ( NAMED_UNIT(*) SI_UNIT($,.STERADIAN.) SOLID_ANGLE_UNIT() );
#16841 = UNCERTAINTY_MEASURE_WITH_UNIT(LENGTH_MEASURE(1.E-07),#16838,
  'distance_accuracy_value','confusion accuracy');
#16842 = CONTEXT_DEPENDENT_SHAPE_REPRESENTATION(#16843,#16845);
#16843 = ( REPRESENTATION_RELATIONSHIP('','',#16686,#10) 
REPRESENTATION_RELATIONSHIP_WITH_TRANSFORMATION(#16844) 
SHAPE_REPRESENTATION_RELATIONSHIP() );
#16844 = ITEM_DEFINED_TRANSFORMATION('','',#11,#223);
#16845 = PRODUCT_DEFINITION_SHAPE('Placement','Placement of an item',
  #16846);
#16846 = NEXT_ASSEMBLY_USAGE_OCCURRENCE('53','G007_Gate_Rail','',#5,
  #16681,$);
#16847 = PRODUCT_RELATED_PRODUCT_CATEGORY('part',$,(#16683));
#16848 = SHAPE_DEFINITION_REPRESENTATION(#16849,#16855);
#16849 = PRODUCT_DEFINITION_SHAPE('','',#16850);
#16850 = PRODUCT_DEFINITION('design','',#16851,#16854);
#16851 = PRODUCT_DEFINITION_FORMATION('','',#16852);
#16852 = PRODUCT('G009_Cassette_Q001','G009_Cassette_Q001','',(#16853));
#16853 = PRODUCT_CONTEXT('',#2,'mechanical');
#16854 = PRODUCT_DEFINITION_CONTEXT('part definition',#2,'design');
#16855 = ADVANCED_BREP_SHAPE_REPRESENTATION('',(#11,#16856),#17006);
#16856 = MANIFOLD_SOLID_BREP('',#16857);
#16857 = CLOSED_SHELL('',(#16858,#16898,#16938,#16960,#16982,#16994));
#16858 = ADVANCED_FACE('',(#16859),#16893,.F.);
#16859 = FACE_BOUND('',#16860,.F.);
#16860 = EDGE_LOOP('',(#16861,#16871,#16879,#16887));
#16861 = ORIENTED_EDGE('',*,*,#16862,.F.);
#16862 = EDGE_CURVE('',#16863,#16865,#16867,.T.);
#16863 = VERTEX_POINT('',#16864);
#16864 = CARTESIAN_POINT('',(190.5,-11.43,304.8));
#16865 = VERTEX_POINT('',#16866);
#16866 = CARTESIAN_POINT('',(190.5,-11.43,510.159));
#16867 = LINE('',#16868,#16869);
#16868 = CARTESIAN_POINT('',(190.5,-11.43,304.8));
#16869 = VECTOR('',#16870,1.);
#16870 = DIRECTION('',(0.,0.,1.));
#16871 = ORIENTED_EDGE('',*,*,#16872,.T.);
#16872 = EDGE_CURVE('',#16863,#16873,#16875,.T.);
#16873 = VERTEX_POINT('',#16874);
#16874 = CARTESIAN_POINT('',(190.5,7.62,304.8));
#16875 = LINE('',#16876,#16877);
#16876 = CARTESIAN_POINT('',(190.5,-11.43,304.8));
#16877 = VECTOR('',#16878,1.);
#16878 = DIRECTION('',(-0.,1.,0.));
#16879 = ORIENTED_EDGE('',*,*,#16880,.T.);
#16880 = EDGE_CURVE('',#16873,#16881,#16883,.T.);
#16881 = VERTEX_POINT('',#16882);
#16882 = CARTESIAN_POINT('',(190.5,7.62,510.159));
#16883 = LINE('',#16884,#16885);
#16884 = CARTESIAN_POINT('',(190.5,7.62,304.8));
#16885 = VECTOR('',#16886,1.);
#16886 = DIRECTION('',(0.,0.,1.));
#16887 = ORIENTED_EDGE('',*,*,#16888,.F.);
#16888 = EDGE_CURVE('',#16865,#16881,#16889,.T.);
#16889 = LINE('',#16890,#16891);
#16890 = CARTESIAN_POINT('',(190.5,-11.43,510.159));
#16891 = VECTOR('',#16892,1.);
#16892 = DIRECTION('',(-0.,1.,0.));
#16893 = PLANE('',#16894);
#16894 = AXIS2_PLACEMENT_3D('',#16895,#16896,#16897);
#16895 = CARTESIAN_POINT('',(190.5,-11.43,304.8));
#16896 = DIRECTION('',(1.,0.,-0.));
#16897 = DIRECTION('',(0.,0.,1.));
#16898 = ADVANCED_FACE('',(#16899),#16933,.T.);
#16899 = FACE_BOUND('',#16900,.T.);
#16900 = EDGE_LOOP('',(#16901,#16911,#16919,#16927));
#16901 = ORIENTED_EDGE('',*,*,#16902,.F.);
#16902 = EDGE_CURVE('',#16903,#16905,#16907,.T.);
#16903 = VERTEX_POINT('',#16904);
#16904 = CARTESIAN_POINT('',(901.7,-11.43,304.8));
#16905 = VERTEX_POINT('',#16906);
#16906 = CARTESIAN_POINT('',(901.7,-11.43,510.159));
#16907 = LINE('',#16908,#16909);
#16908 = CARTESIAN_POINT('',(901.7,-11.43,304.8));
#16909 = VECTOR('',#16910,1.);
#16910 = DIRECTION('',(0.,0.,1.));
#16911 = ORIENTED_EDGE('',*,*,#16912,.T.);
#16912 = EDGE_CURVE('',#16903,#16913,#16915,.T.);
#16913 = VERTEX_POINT('',#16914);
#16914 = CARTESIAN_POINT('',(901.7,7.62,304.8));
#16915 = LINE('',#16916,#16917);
#16916 = CARTESIAN_POINT('',(901.7,-11.43,304.8));
#16917 = VECTOR('',#16918,1.);
#16918 = DIRECTION('',(-0.,1.,0.));
#16919 = ORIENTED_EDGE('',*,*,#16920,.T.);
#16920 = EDGE_CURVE('',#16913,#16921,#16923,.T.);
#16921 = VERTEX_POINT('',#16922);
#16922 = CARTESIAN_POINT('',(901.7,7.62,510.159));
#16923 = LINE('',#16924,#16925);
#16924 = CARTESIAN_POINT('',(901.7,7.62,304.8));
#16925 = VECTOR('',#16926,1.);
#16926 = DIRECTION('',(0.,0.,1.));
#16927 = ORIENTED_EDGE('',*,*,#16928,.F.);
#16928 = EDGE_CURVE('',#16905,#16921,#16929,.T.);
#16929 = LINE('',#16930,#16931);
#16930 = CARTESIAN_POINT('',(901.7,-11.43,510.159));
#16931 = VECTOR('',#16932,1.);
#16932 = DIRECTION('',(-0.,1.,0.));
#16933 = PLANE('',#16934);
#16934 = AXIS2_PLACEMENT_3D('',#16935,#16936,#16937);
#16935 = CARTESIAN_POINT('',(901.7,-11.43,304.8));
#16936 = DIRECTION('',(1.,0.,-0.));
#16937 = DIRECTION('',(0.,0.,1.));
#16938 = ADVANCED_FACE('',(#16939),#16955,.F.);
#16939 = FACE_BOUND('',#16940,.F.);
#16940 = EDGE_LOOP('',(#16941,#16947,#16948,#16954));
#16941 = ORIENTED_EDGE('',*,*,#16942,.F.);
#16942 = EDGE_CURVE('',#16863,#16903,#16943,.T.);
#16943 = LINE('',#16944,#16945);
#16944 = CARTESIAN_POINT('',(190.5,-11.43,304.8));
#16945 = VECTOR('',#16946,1.);
#16946 = DIRECTION('',(1.,0.,-0.));
#16947 = ORIENTED_EDGE('',*,*,#16862,.T.);
#16948 = ORIENTED_EDGE('',*,*,#16949,.T.);
#16949 = EDGE_CURVE('',#16865,#16905,#16950,.T.);
#16950 = LINE('',#16951,#16952);
#16951 = CARTESIAN_POINT('',(190.5,-11.43,510.159));
#16952 = VECTOR('',#16953,1.);
#16953 = DIRECTION('',(1.,0.,-0.));
#16954 = ORIENTED_EDGE('',*,*,#16902,.F.);
#16955 = PLANE('',#16956);
#16956 = AXIS2_PLACEMENT_3D('',#16957,#16958,#16959);
#16957 = CARTESIAN_POINT('',(190.5,-11.43,304.8));
#16958 = DIRECTION('',(-0.,1.,0.));
#16959 = DIRECTION('',(0.,0.,1.));
#16960 = ADVANCED_FACE('',(#16961),#16977,.T.);
#16961 = FACE_BOUND('',#16962,.T.);
#16962 = EDGE_LOOP('',(#16963,#16969,#16970,#16976));
#16963 = ORIENTED_EDGE('',*,*,#16964,.F.);
#16964 = EDGE_CURVE('',#16873,#16913,#16965,.T.);
#16965 = LINE('',#16966,#16967);
#16966 = CARTESIAN_POINT('',(190.5,7.62,304.8));
#16967 = VECTOR('',#16968,1.);
#16968 = DIRECTION('',(1.,0.,-0.));
#16969 = ORIENTED_EDGE('',*,*,#16880,.T.);
#16970 = ORIENTED_EDGE('',*,*,#16971,.T.);
#16971 = EDGE_CURVE('',#16881,#16921,#16972,.T.);
#16972 = LINE('',#16973,#16974);
#16973 = CARTESIAN_POINT('',(190.5,7.62,510.159));
#16974 = VECTOR('',#16975,1.);
#16975 = DIRECTION('',(1.,0.,-0.));
#16976 = ORIENTED_EDGE('',*,*,#16920,.F.);
#16977 = PLANE('',#16978);
#16978 = AXIS2_PLACEMENT_3D('',#16979,#16980,#16981);
#16979 = CARTESIAN_POINT('',(190.5,7.62,304.8));
#16980 = DIRECTION('',(-0.,1.,0.));
#16981 = DIRECTION('',(0.,0.,1.));
#16982 = ADVANCED_FACE('',(#16983),#16989,.F.);
#16983 = FACE_BOUND('',#16984,.F.);
#16984 = EDGE_LOOP('',(#16985,#16986,#16987,#16988));
#16985 = ORIENTED_EDGE('',*,*,#16872,.F.);
#16986 = ORIENTED_EDGE('',*,*,#16942,.T.);
#16987 = ORIENTED_EDGE('',*,*,#16912,.T.);
#16988 = ORIENTED_EDGE('',*,*,#16964,.F.);
#16989 = PLANE('',#16990);
#16990 = AXIS2_PLACEMENT_3D('',#16991,#16992,#16993);
#16991 = CARTESIAN_POINT('',(190.5,-11.43,304.8));
#16992 = DIRECTION('',(0.,0.,1.));
#16993 = DIRECTION('',(1.,0.,-0.));
#16994 = ADVANCED_FACE('',(#16995),#17001,.T.);
#16995 = FACE_BOUND('',#16996,.T.);
#16996 = EDGE_LOOP('',(#16997,#16998,#16999,#17000));
#16997 = ORIENTED_EDGE('',*,*,#16888,.F.);
#16998 = ORIENTED_EDGE('',*,*,#16949,.T.);
#16999 = ORIENTED_EDGE('',*,*,#16928,.T.);
#17000 = ORIENTED_EDGE('',*,*,#16971,.F.);
#17001 = PLANE('',#17002);
#17002 = AXIS2_PLACEMENT_3D('',#17003,#17004,#17005);
#17003 = CARTESIAN_POINT('',(190.5,-11.43,510.159));
#17004 = DIRECTION('',(0.,0.,1.));
#17005 = DIRECTION('',(1.,0.,-0.));
#17006 = ( GEOMETRIC_REPRESENTATION_CONTEXT(3) 
GLOBAL_UNCERTAINTY_ASSIGNED_CONTEXT((#17010)) 
GLOBAL_UNIT_ASSIGNED_CONTEXT((#17007,#17008,#17009)) 
REPRESENTATION_CONTEXT('Context #1',
  '3D Context with UNIT and UNCERTAINTY') );
#17007 = ( LENGTH_UNIT() NAMED_UNIT(*) SI_UNIT(.MILLI.,.METRE.) );
#17008 = ( NAMED_UNIT(*) PLANE_ANGLE_UNIT() SI_UNIT($,.RADIAN.) );
#17009 = ( NAMED_UNIT(*) SI_UNIT($,.STERADIAN.) SOLID_ANGLE_UNIT() );
#17010 = UNCERTAINTY_MEASURE_WITH_UNIT(LENGTH_MEASURE(1.E-07),#17007,
  'distance_accuracy_value','confusion accuracy');
#17011 = CONTEXT_DEPENDENT_SHAPE_REPRESENTATION(#17012,#17014);
#17012 = ( REPRESENTATION_RELATIONSHIP('','',#16855,#10) 
REPRESENTATION_RELATIONSHIP_WITH_TRANSFORMATION(#17013) 
SHAPE_REPRESENTATION_RELATIONSHIP() );
#17013 = ITEM_DEFINED_TRANSFORMATION('','',#11,#227);
#17014 = PRODUCT_DEFINITION_SHAPE('Placement','Placement of an item',
  #17015);
#17015 = NEXT_ASSEMBLY_USAGE_OCCURRENCE('54','G009_Cassette_Q001','',#5,
  #16850,$);
#17016 = PRODUCT_RELATED_PRODUCT_CATEGORY('part',$,(#16852));
#17017 = SHAPE_DEFINITION_REPRESENTATION(#17018,#17024);
#17018 = PRODUCT_DEFINITION_SHAPE('','',#17019);
#17019 = PRODUCT_DEFINITION('design','',#17020,#17023);
#17020 = PRODUCT_DEFINITION_FORMATION('','',#17021);
#17021 = PRODUCT('G009_Cassette_Q002','G009_Cassette_Q002','',(#17022));
#17022 = PRODUCT_CONTEXT('',#2,'mechanical');
#17023 = PRODUCT_DEFINITION_CONTEXT('part definition',#2,'design');
#17024 = ADVANCED_BREP_SHAPE_REPRESENTATION('',(#11,#17025),#17175);
#17025 = MANIFOLD_SOLID_BREP('',#17026);
#17026 = CLOSED_SHELL('',(#17027,#17067,#17107,#17129,#17151,#17163));
#17027 = ADVANCED_FACE('',(#17028),#17062,.F.);
#17028 = FACE_BOUND('',#17029,.F.);
#17029 = EDGE_LOOP('',(#17030,#17040,#17048,#17056));
#17030 = ORIENTED_EDGE('',*,*,#17031,.F.);
#17031 = EDGE_CURVE('',#17032,#17034,#17036,.T.);
#17032 = VERTEX_POINT('',#17033);
#17033 = CARTESIAN_POINT('',(190.5,-11.43,783.209));
#17034 = VERTEX_POINT('',#17035);
#17035 = CARTESIAN_POINT('',(190.5,-11.43,1.1154664E+03));
#17036 = LINE('',#17037,#17038);
#17037 = CARTESIAN_POINT('',(190.5,-11.43,783.209));
#17038 = VECTOR('',#17039,1.);
#17039 = DIRECTION('',(0.,0.,1.));
#17040 = ORIENTED_EDGE('',*,*,#17041,.T.);
#17041 = EDGE_CURVE('',#17032,#17042,#17044,.T.);
#17042 = VERTEX_POINT('',#17043);
#17043 = CARTESIAN_POINT('',(190.5,7.62,783.209));
#17044 = LINE('',#17045,#17046);
#17045 = CARTESIAN_POINT('',(190.5,-11.43,783.209));
#17046 = VECTOR('',#17047,1.);
#17047 = DIRECTION('',(-0.,1.,0.));
#17048 = ORIENTED_EDGE('',*,*,#17049,.T.);
#17049 = EDGE_CURVE('',#17042,#17050,#17052,.T.);
#17050 = VERTEX_POINT('',#17051);
#17051 = CARTESIAN_POINT('',(190.5,7.62,1.1154664E+03));
#17052 = LINE('',#17053,#17054);
#17053 = CARTESIAN_POINT('',(190.5,7.62,783.209));
#17054 = VECTOR('',#17055,1.);
#17055 = DIRECTION('',(0.,0.,1.));
#17056 = ORIENTED_EDGE('',*,*,#17057,.F.);
#17057 = EDGE_CURVE('',#17034,#17050,#17058,.T.);
#17058 = LINE('',#17059,#17060);
#17059 = CARTESIAN_POINT('',(190.5,-11.43,1.1154664E+03));
#17060 = VECTOR('',#17061,1.);
#17061 = DIRECTION('',(-0.,1.,0.));
#17062 = PLANE('',#17063);
#17063 = AXIS2_PLACEMENT_3D('',#17064,#17065,#17066);
#17064 = CARTESIAN_POINT('',(190.5,-11.43,783.209));
#17065 = DIRECTION('',(1.,0.,-0.));
#17066 = DIRECTION('',(0.,0.,1.));
#17067 = ADVANCED_FACE('',(#17068),#17102,.T.);
#17068 = FACE_BOUND('',#17069,.T.);
#17069 = EDGE_LOOP('',(#17070,#17080,#17088,#17096));
#17070 = ORIENTED_EDGE('',*,*,#17071,.F.);
#17071 = EDGE_CURVE('',#17072,#17074,#17076,.T.);
#17072 = VERTEX_POINT('',#17073);
#17073 = CARTESIAN_POINT('',(901.7,-11.43,783.209));
#17074 = VERTEX_POINT('',#17075);
#17075 = CARTESIAN_POINT('',(901.7,-11.43,1.1154664E+03));
#17076 = LINE('',#17077,#17078);
#17077 = CARTESIAN_POINT('',(901.7,-11.43,783.209));
#17078 = VECTOR('',#17079,1.);
#17079 = DIRECTION('',(0.,0.,1.));
#17080 = ORIENTED_EDGE('',*,*,#17081,.T.);
#17081 = EDGE_CURVE('',#17072,#17082,#17084,.T.);
#17082 = VERTEX_POINT('',#17083);
#17083 = CARTESIAN_POINT('',(901.7,7.62,783.209));
#17084 = LINE('',#17085,#17086);
#17085 = CARTESIAN_POINT('',(901.7,-11.43,783.209));
#17086 = VECTOR('',#17087,1.);
#17087 = DIRECTION('',(-0.,1.,0.));
#17088 = ORIENTED_EDGE('',*,*,#17089,.T.);
#17089 = EDGE_CURVE('',#17082,#17090,#17092,.T.);
#17090 = VERTEX_POINT('',#17091);
#17091 = CARTESIAN_POINT('',(901.7,7.62,1.1154664E+03));
#17092 = LINE('',#17093,#17094);
#17093 = CARTESIAN_POINT('',(901.7,7.62,783.209));
#17094 = VECTOR('',#17095,1.);
#17095 = DIRECTION('',(0.,0.,1.));
#17096 = ORIENTED_EDGE('',*,*,#17097,.F.);
#17097 = EDGE_CURVE('',#17074,#17090,#17098,.T.);
#17098 = LINE('',#17099,#17100);
#17099 = CARTESIAN_POINT('',(901.7,-11.43,1.1154664E+03));
#17100 = VECTOR('',#17101,1.);
#17101 = DIRECTION('',(-0.,1.,0.));
#17102 = PLANE('',#17103);
#17103 = AXIS2_PLACEMENT_3D('',#17104,#17105,#17106);
#17104 = CARTESIAN_POINT('',(901.7,-11.43,783.209));
#17105 = DIRECTION('',(1.,0.,-0.));
#17106 = DIRECTION('',(0.,0.,1.));
#17107 = ADVANCED_FACE('',(#17108),#17124,.F.);
#17108 = FACE_BOUND('',#17109,.F.);
#17109 = EDGE_LOOP('',(#17110,#17116,#17117,#17123));
#17110 = ORIENTED_EDGE('',*,*,#17111,.F.);
#17111 = EDGE_CURVE('',#17032,#17072,#17112,.T.);
#17112 = LINE('',#17113,#17114);
#17113 = CARTESIAN_POINT('',(190.5,-11.43,783.209));
#17114 = VECTOR('',#17115,1.);
#17115 = DIRECTION('',(1.,0.,-0.));
#17116 = ORIENTED_EDGE('',*,*,#17031,.T.);
#17117 = ORIENTED_EDGE('',*,*,#17118,.T.);
#17118 = EDGE_CURVE('',#17034,#17074,#17119,.T.);
#17119 = LINE('',#17120,#17121);
#17120 = CARTESIAN_POINT('',(190.5,-11.43,1.1154664E+03));
#17121 = VECTOR('',#17122,1.);
#17122 = DIRECTION('',(1.,0.,-0.));
#17123 = ORIENTED_EDGE('',*,*,#17071,.F.);
#17124 = PLANE('',#17125);
#17125 = AXIS2_PLACEMENT_3D('',#17126,#17127,#17128);
#17126 = CARTESIAN_POINT('',(190.5,-11.43,783.209));
#17127 = DIRECTION('',(-0.,1.,0.));
#17128 = DIRECTION('',(0.,0.,1.));
#17129 = ADVANCED_FACE('',(#17130),#17146,.T.);
#17130 = FACE_BOUND('',#17131,.T.);
#17131 = EDGE_LOOP('',(#17132,#17138,#17139,#17145));
#17132 = ORIENTED_EDGE('',*,*,#17133,.F.);
#17133 = EDGE_CURVE('',#17042,#17082,#17134,.T.);
#17134 = LINE('',#17135,#17136);
#17135 = CARTESIAN_POINT('',(190.5,7.62,783.209));
#17136 = VECTOR('',#17137,1.);
#17137 = DIRECTION('',(1.,0.,-0.));
#17138 = ORIENTED_EDGE('',*,*,#17049,.T.);
#17139 = ORIENTED_EDGE('',*,*,#17140,.T.);
#17140 = EDGE_CURVE('',#17050,#17090,#17141,.T.);
#17141 = LINE('',#17142,#17143);
#17142 = CARTESIAN_POINT('',(190.5,7.62,1.1154664E+03));
#17143 = VECTOR('',#17144,1.);
#17144 = DIRECTION('',(1.,0.,-0.));
#17145 = ORIENTED_EDGE('',*,*,#17089,.F.);
#17146 = PLANE('',#17147);
#17147 = AXIS2_PLACEMENT_3D('',#17148,#17149,#17150);
#17148 = CARTESIAN_POINT('',(190.5,7.62,783.209));
#17149 = DIRECTION('',(-0.,1.,0.));
#17150 = DIRECTION('',(0.,0.,1.));
#17151 = ADVANCED_FACE('',(#17152),#17158,.F.);
#17152 = FACE_BOUND('',#17153,.F.);
#17153 = EDGE_LOOP('',(#17154,#17155,#17156,#17157));
#17154 = ORIENTED_EDGE('',*,*,#17041,.F.);
#17155 = ORIENTED_EDGE('',*,*,#17111,.T.);
#17156 = ORIENTED_EDGE('',*,*,#17081,.T.);
#17157 = ORIENTED_EDGE('',*,*,#17133,.F.);
#17158 = PLANE('',#17159);
#17159 = AXIS2_PLACEMENT_3D('',#17160,#17161,#17162);
#17160 = CARTESIAN_POINT('',(190.5,-11.43,783.209));
#17161 = DIRECTION('',(0.,0.,1.));
#17162 = DIRECTION('',(1.,0.,-0.));
#17163 = ADVANCED_FACE('',(#17164),#17170,.T.);
#17164 = FACE_BOUND('',#17165,.T.);
#17165 = EDGE_LOOP('',(#17166,#17167,#17168,#17169));
#17166 = ORIENTED_EDGE('',*,*,#17057,.F.);
#17167 = ORIENTED_EDGE('',*,*,#17118,.T.);
#17168 = ORIENTED_EDGE('',*,*,#17097,.T.);
#17169 = ORIENTED_EDGE('',*,*,#17140,.F.);
#17170 = PLANE('',#17171);
#17171 = AXIS2_PLACEMENT_3D('',#17172,#17173,#17174);
#17172 = CARTESIAN_POINT('',(190.5,-11.43,1.1154664E+03));
#17173 = DIRECTION('',(0.,0.,1.));
#17174 = DIRECTION('',(1.,0.,-0.));
#17175 = ( GEOMETRIC_REPRESENTATION_CONTEXT(3) 
GLOBAL_UNCERTAINTY_ASSIGNED_CONTEXT((#17179)) 
GLOBAL_UNIT_ASSIGNED_CONTEXT((#17176,#17177,#17178)) 
REPRESENTATION_CONTEXT('Context #1',
  '3D Context with UNIT and UNCERTAINTY') );
#17176 = ( LENGTH_UNIT() NAMED_UNIT(*) SI_UNIT(.MILLI.,.METRE.) );
#17177 = ( NAMED_UNIT(*) PLANE_ANGLE_UNIT() SI_UNIT($,.RADIAN.) );
#17178 = ( NAMED_UNIT(*) SI_UNIT($,.STERADIAN.) SOLID_ANGLE_UNIT() );
#17179 = UNCERTAINTY_MEASURE_WITH_UNIT(LENGTH_MEASURE(1.E-07),#17176,
  'distance_accuracy_value','confusion accuracy');
#17180 = CONTEXT_DEPENDENT_SHAPE_REPRESENTATION(#17181,#17183);
#17181 = ( REPRESENTATION_RELATIONSHIP('','',#17024,#10) 
REPRESENTATION_RELATIONSHIP_WITH_TRANSFORMATION(#17182) 
SHAPE_REPRESENTATION_RELATIONSHIP() );
#17182 = ITEM_DEFINED_TRANSFORMATION('','',#11,#231);
#17183 = PRODUCT_DEFINITION_SHAPE('Placement','Placement of an item',
  #17184);
#17184 = NEXT_ASSEMBLY_USAGE_OCCURRENCE('55','G009_Cassette_Q002','',#5,
  #17019,$);
#17185 = PRODUCT_RELATED_PRODUCT_CATEGORY('part',$,(#17021));
#17186 = SHAPE_DEFINITION_REPRESENTATION(#17187,#17193);
#17187 = PRODUCT_DEFINITION_SHAPE('','',#17188);
#17188 = PRODUCT_DEFINITION('design','',#17189,#17192);
#17189 = PRODUCT_DEFINITION_FORMATION('','',#17190);
#17190 = PRODUCT('G009_Cassette_Q003','G009_Cassette_Q003','',(#17191));
#17191 = PRODUCT_CONTEXT('',#2,'mechanical');
#17192 = PRODUCT_DEFINITION_CONTEXT('part definition',#2,'design');
#17193 = ADVANCED_BREP_SHAPE_REPRESENTATION('',(#11,#17194),#17344);
#17194 = MANIFOLD_SOLID_BREP('',#17195);
#17195 = CLOSED_SHELL('',(#17196,#17236,#17276,#17298,#17320,#17332));
#17196 = ADVANCED_FACE('',(#17197),#17231,.F.);
#17197 = FACE_BOUND('',#17198,.F.);
#17198 = EDGE_LOOP('',(#17199,#17209,#17217,#17225));
#17199 = ORIENTED_EDGE('',*,*,#17200,.F.);
#17200 = EDGE_CURVE('',#17201,#17203,#17205,.T.);
#17201 = VERTEX_POINT('',#17202);
#17202 = CARTESIAN_POINT('',(190.5,-11.43,1.3885164E+03));
#17203 = VERTEX_POINT('',#17204);
#17204 = CARTESIAN_POINT('',(190.5,-11.43,1.5938754E+03));
#17205 = LINE('',#17206,#17207);
#17206 = CARTESIAN_POINT('',(190.5,-11.43,1.3885164E+03));
#17207 = VECTOR('',#17208,1.);
#17208 = DIRECTION('',(0.,0.,1.));
#17209 = ORIENTED_EDGE('',*,*,#17210,.T.);
#17210 = EDGE_CURVE('',#17201,#17211,#17213,.T.);
#17211 = VERTEX_POINT('',#17212);
#17212 = CARTESIAN_POINT('',(190.5,7.62,1.3885164E+03));
#17213 = LINE('',#17214,#17215);
#17214 = CARTESIAN_POINT('',(190.5,-11.43,1.3885164E+03));
#17215 = VECTOR('',#17216,1.);
#17216 = DIRECTION('',(-0.,1.,0.));
#17217 = ORIENTED_EDGE('',*,*,#17218,.T.);
#17218 = EDGE_CURVE('',#17211,#17219,#17221,.T.);
#17219 = VERTEX_POINT('',#17220);
#17220 = CARTESIAN_POINT('',(190.5,7.62,1.5938754E+03));
#17221 = LINE('',#17222,#17223);
#17222 = CARTESIAN_POINT('',(190.5,7.62,1.3885164E+03));
#17223 = VECTOR('',#17224,1.);
#17224 = DIRECTION('',(0.,0.,1.));
#17225 = ORIENTED_EDGE('',*,*,#17226,.F.);
#17226 = EDGE_CURVE('',#17203,#17219,#17227,.T.);
#17227 = LINE('',#17228,#17229);
#17228 = CARTESIAN_POINT('',(190.5,-11.43,1.5938754E+03));
#17229 = VECTOR('',#17230,1.);
#17230 = DIRECTION('',(-0.,1.,0.));
#17231 = PLANE('',#17232);
#17232 = AXIS2_PLACEMENT_3D('',#17233,#17234,#17235);
#17233 = CARTESIAN_POINT('',(190.5,-11.43,1.3885164E+03));
#17234 = DIRECTION('',(1.,0.,-0.));
#17235 = DIRECTION('',(0.,0.,1.));
#17236 = ADVANCED_FACE('',(#17237),#17271,.T.);
#17237 = FACE_BOUND('',#17238,.T.);
#17238 = EDGE_LOOP('',(#17239,#17249,#17257,#17265));
#17239 = ORIENTED_EDGE('',*,*,#17240,.F.);
#17240 = EDGE_CURVE('',#17241,#17243,#17245,.T.);
#17241 = VERTEX_POINT('',#17242);
#17242 = CARTESIAN_POINT('',(901.7,-11.43,1.3885164E+03));
#17243 = VERTEX_POINT('',#17244);
#17244 = CARTESIAN_POINT('',(901.7,-11.43,1.5938754E+03));
#17245 = LINE('',#17246,#17247);
#17246 = CARTESIAN_POINT('',(901.7,-11.43,1.3885164E+03));
#17247 = VECTOR('',#17248,1.);
#17248 = DIRECTION('',(0.,0.,1.));
#17249 = ORIENTED_EDGE('',*,*,#17250,.T.);
#17250 = EDGE_CURVE('',#17241,#17251,#17253,.T.);
#17251 = VERTEX_POINT('',#17252);
#17252 = CARTESIAN_POINT('',(901.7,7.62,1.3885164E+03));
#17253 = LINE('',#17254,#17255);
#17254 = CARTESIAN_POINT('',(901.7,-11.43,1.3885164E+03));
#17255 = VECTOR('',#17256,1.);
#17256 = DIRECTION('',(-0.,1.,0.));
#17257 = ORIENTED_EDGE('',*,*,#17258,.T.);
#17258 = EDGE_CURVE('',#17251,#17259,#17261,.T.);
#17259 = VERTEX_POINT('',#17260);
#17260 = CARTESIAN_POINT('',(901.7,7.62,1.5938754E+03));
#17261 = LINE('',#17262,#17263);
#17262 = CARTESIAN_POINT('',(901.7,7.62,1.3885164E+03));
#17263 = VECTOR('',#17264,1.);
#17264 = DIRECTION('',(0.,0.,1.));
#17265 = ORIENTED_EDGE('',*,*,#17266,.F.);
#17266 = EDGE_CURVE('',#17243,#17259,#17267,.T.);
#17267 = LINE('',#17268,#17269);
#17268 = CARTESIAN_POINT('',(901.7,-11.43,1.5938754E+03));
#17269 = VECTOR('',#17270,1.);
#17270 = DIRECTION('',(-0.,1.,0.));
#17271 = PLANE('',#17272);
#17272 = AXIS2_PLACEMENT_3D('',#17273,#17274,#17275);
#17273 = CARTESIAN_POINT('',(901.7,-11.43,1.3885164E+03));
#17274 = DIRECTION('',(1.,0.,-0.));
#17275 = DIRECTION('',(0.,0.,1.));
#17276 = ADVANCED_FACE('',(#17277),#17293,.F.);
#17277 = FACE_BOUND('',#17278,.F.);
#17278 = EDGE_LOOP('',(#17279,#17285,#17286,#17292));
#17279 = ORIENTED_EDGE('',*,*,#17280,.F.);
#17280 = EDGE_CURVE('',#17201,#17241,#17281,.T.);
#17281 = LINE('',#17282,#17283);
#17282 = CARTESIAN_POINT('',(190.5,-11.43,1.3885164E+03));
#17283 = VECTOR('',#17284,1.);
#17284 = DIRECTION('',(1.,0.,-0.));
#17285 = ORIENTED_EDGE('',*,*,#17200,.T.);
#17286 = ORIENTED_EDGE('',*,*,#17287,.T.);
#17287 = EDGE_CURVE('',#17203,#17243,#17288,.T.);
#17288 = LINE('',#17289,#17290);
#17289 = CARTESIAN_POINT('',(190.5,-11.43,1.5938754E+03));
#17290 = VECTOR('',#17291,1.);
#17291 = DIRECTION('',(1.,0.,-0.));
#17292 = ORIENTED_EDGE('',*,*,#17240,.F.);
#17293 = PLANE('',#17294);
#17294 = AXIS2_PLACEMENT_3D('',#17295,#17296,#17297);
#17295 = CARTESIAN_POINT('',(190.5,-11.43,1.3885164E+03));
#17296 = DIRECTION('',(-0.,1.,0.));
#17297 = DIRECTION('',(0.,0.,1.));
#17298 = ADVANCED_FACE('',(#17299),#17315,.T.);
#17299 = FACE_BOUND('',#17300,.T.);
#17300 = EDGE_LOOP('',(#17301,#17307,#17308,#17314));
#17301 = ORIENTED_EDGE('',*,*,#17302,.F.);
#17302 = EDGE_CURVE('',#17211,#17251,#17303,.T.);
#17303 = LINE('',#17304,#17305);
#17304 = CARTESIAN_POINT('',(190.5,7.62,1.3885164E+03));
#17305 = VECTOR('',#17306,1.);
#17306 = DIRECTION('',(1.,0.,-0.));
#17307 = ORIENTED_EDGE('',*,*,#17218,.T.);
#17308 = ORIENTED_EDGE('',*,*,#17309,.T.);
#17309 = EDGE_CURVE('',#17219,#17259,#17310,.T.);
#17310 = LINE('',#17311,#17312);
#17311 = CARTESIAN_POINT('',(190.5,7.62,1.5938754E+03));
#17312 = VECTOR('',#17313,1.);
#17313 = DIRECTION('',(1.,0.,-0.));
#17314 = ORIENTED_EDGE('',*,*,#17258,.F.);
#17315 = PLANE('',#17316);
#17316 = AXIS2_PLACEMENT_3D('',#17317,#17318,#17319);
#17317 = CARTESIAN_POINT('',(190.5,7.62,1.3885164E+03));
#17318 = DIRECTION('',(-0.,1.,0.));
#17319 = DIRECTION('',(0.,0.,1.));
#17320 = ADVANCED_FACE('',(#17321),#17327,.F.);
#17321 = FACE_BOUND('',#17322,.F.);
#17322 = EDGE_LOOP('',(#17323,#17324,#17325,#17326));
#17323 = ORIENTED_EDGE('',*,*,#17210,.F.);
#17324 = ORIENTED_EDGE('',*,*,#17280,.T.);
#17325 = ORIENTED_EDGE('',*,*,#17250,.T.);
#17326 = ORIENTED_EDGE('',*,*,#17302,.F.);
#17327 = PLANE('',#17328);
#17328 = AXIS2_PLACEMENT_3D('',#17329,#17330,#17331);
#17329 = CARTESIAN_POINT('',(190.5,-11.43,1.3885164E+03));
#17330 = DIRECTION('',(0.,0.,1.));
#17331 = DIRECTION('',(1.,0.,-0.));
#17332 = ADVANCED_FACE('',(#17333),#17339,.T.);
#17333 = FACE_BOUND('',#17334,.T.);
#17334 = EDGE_LOOP('',(#17335,#17336,#17337,#17338));
#17335 = ORIENTED_EDGE('',*,*,#17226,.F.);
#17336 = ORIENTED_EDGE('',*,*,#17287,.T.);
#17337 = ORIENTED_EDGE('',*,*,#17266,.T.);
#17338 = ORIENTED_EDGE('',*,*,#17309,.F.);
#17339 = PLANE('',#17340);
#17340 = AXIS2_PLACEMENT_3D('',#17341,#17342,#17343);
#17341 = CARTESIAN_POINT('',(190.5,-11.43,1.5938754E+03));
#17342 = DIRECTION('',(0.,0.,1.));
#17343 = DIRECTION('',(1.,0.,-0.));
#17344 = ( GEOMETRIC_REPRESENTATION_CONTEXT(3) 
GLOBAL_UNCERTAINTY_ASSIGNED_CONTEXT((#17348)) 
GLOBAL_UNIT_ASSIGNED_CONTEXT((#17345,#17346,#17347)) 
REPRESENTATION_CONTEXT('Context #1',
  '3D Context with UNIT and UNCERTAINTY') );
#17345 = ( LENGTH_UNIT() NAMED_UNIT(*) SI_UNIT(.MILLI.,.METRE.) );
#17346 = ( NAMED_UNIT(*) PLANE_ANGLE_UNIT() SI_UNIT($,.RADIAN.) );
#17347 = ( NAMED_UNIT(*) SI_UNIT($,.STERADIAN.) SOLID_ANGLE_UNIT() );
#17348 = UNCERTAINTY_MEASURE_WITH_UNIT(LENGTH_MEASURE(1.E-07),#17345,
  'distance_accuracy_value','confusion accuracy');
#17349 = CONTEXT_DEPENDENT_SHAPE_REPRESENTATION(#17350,#17352);
#17350 = ( REPRESENTATION_RELATIONSHIP('','',#17193,#10) 
REPRESENTATION_RELATIONSHIP_WITH_TRANSFORMATION(#17351) 
SHAPE_REPRESENTATION_RELATIONSHIP() );
#17351 = ITEM_DEFINED_TRANSFORMATION('','',#11,#235);
#17352 = PRODUCT_DEFINITION_SHAPE('Placement','Placement of an item',
  #17353);
#17353 = NEXT_ASSEMBLY_USAGE_OCCURRENCE('56','G009_Cassette_Q003','',#5,
  #17188,$);
#17354 = PRODUCT_RELATED_PRODUCT_CATEGORY('part',$,(#17190));
#17355 = SHAPE_DEFINITION_REPRESENTATION(#17356,#17362);
#17356 = PRODUCT_DEFINITION_SHAPE('','',#17357);
#17357 = PRODUCT_DEFINITION('design','',#17358,#17361);
#17358 = PRODUCT_DEFINITION_FORMATION('','',#17359);
#17359 = PRODUCT('G009_Muntin_0','G009_Muntin_0','',(#17360));
#17360 = PRODUCT_CONTEXT('',#2,'mechanical');
#17361 = PRODUCT_DEFINITION_CONTEXT('part definition',#2,'design');
#17362 = ADVANCED_BREP_SHAPE_REPRESENTATION('',(#11,#17363),#17513);
#17363 = MANIFOLD_SOLID_BREP('',#17364);
#17364 = CLOSED_SHELL('',(#17365,#17405,#17445,#17467,#17489,#17501));
#17365 = ADVANCED_FACE('',(#17366),#17400,.F.);
#17366 = FACE_BOUND('',#17367,.F.);
#17367 = EDGE_LOOP('',(#17368,#17378,#17386,#17394));
#17368 = ORIENTED_EDGE('',*,*,#17369,.F.);
#17369 = EDGE_CURVE('',#17370,#17372,#17374,.T.);
#17370 = VERTEX_POINT('',#17371);
#17371 = CARTESIAN_POINT('',(279.0698,-5.715,789.7876));
#17372 = VERTEX_POINT('',#17373);
#17373 = CARTESIAN_POINT('',(279.0698,-5.715,849.7316));
#17374 = LINE('',#17375,#17376);
#17375 = CARTESIAN_POINT('',(279.0698,-5.715,789.7876));
#17376 = VECTOR('',#17377,1.);
#17377 = DIRECTION('',(0.,0.,1.));
#17378 = ORIENTED_EDGE('',*,*,#17379,.T.);
#17379 = EDGE_CURVE('',#17370,#17380,#17382,.T.);
#17380 = VERTEX_POINT('',#17381);
#17381 = CARTESIAN_POINT('',(279.0698,13.335,789.7876));
#17382 = LINE('',#17383,#17384);
#17383 = CARTESIAN_POINT('',(279.0698,-5.715,789.7876));
#17384 = VECTOR('',#17385,1.);
#17385 = DIRECTION('',(-0.,1.,0.));
#17386 = ORIENTED_EDGE('',*,*,#17387,.T.);
#17387 = EDGE_CURVE('',#17380,#17388,#17390,.T.);
#17388 = VERTEX_POINT('',#17389);
#17389 = CARTESIAN_POINT('',(279.0698,13.335,849.7316));
#17390 = LINE('',#17391,#17392);
#17391 = CARTESIAN_POINT('',(279.0698,13.335,789.7876));
#17392 = VECTOR('',#17393,1.);
#17393 = DIRECTION('',(0.,0.,1.));
#17394 = ORIENTED_EDGE('',*,*,#17395,.F.);
#17395 = EDGE_CURVE('',#17372,#17388,#17396,.T.);
#17396 = LINE('',#17397,#17398);
#17397 = CARTESIAN_POINT('',(279.0698,-5.715,849.7316));
#17398 = VECTOR('',#17399,1.);
#17399 = DIRECTION('',(-0.,1.,0.));
#17400 = PLANE('',#17401);
#17401 = AXIS2_PLACEMENT_3D('',#17402,#17403,#17404);
#17402 = CARTESIAN_POINT('',(279.0698,-5.715,789.7876));
#17403 = DIRECTION('',(1.,0.,-0.));
#17404 = DIRECTION('',(0.,0.,1.));
#17405 = ADVANCED_FACE('',(#17406),#17440,.T.);
#17406 = FACE_BOUND('',#17407,.T.);
#17407 = EDGE_LOOP('',(#17408,#17418,#17426,#17434));
#17408 = ORIENTED_EDGE('',*,*,#17409,.F.);
#17409 = EDGE_CURVE('',#17410,#17412,#17414,.T.);
#17410 = VERTEX_POINT('',#17411);
#17411 = CARTESIAN_POINT('',(339.0138,-5.715,789.7876));
#17412 = VERTEX_POINT('',#17413);
#17413 = CARTESIAN_POINT('',(339.0138,-5.715,849.7316));
#17414 = LINE('',#17415,#17416);
#17415 = CARTESIAN_POINT('',(339.0138,-5.715,789.7876));
#17416 = VECTOR('',#17417,1.);
#17417 = DIRECTION('',(0.,0.,1.));
#17418 = ORIENTED_EDGE('',*,*,#17419,.T.);
#17419 = EDGE_CURVE('',#17410,#17420,#17422,.T.);
#17420 = VERTEX_POINT('',#17421);
#17421 = CARTESIAN_POINT('',(339.0138,13.335,789.7876));
#17422 = LINE('',#17423,#17424);
#17423 = CARTESIAN_POINT('',(339.0138,-5.715,789.7876));
#17424 = VECTOR('',#17425,1.);
#17425 = DIRECTION('',(-0.,1.,0.));
#17426 = ORIENTED_EDGE('',*,*,#17427,.T.);
#17427 = EDGE_CURVE('',#17420,#17428,#17430,.T.);
#17428 = VERTEX_POINT('',#17429);
#17429 = CARTESIAN_POINT('',(339.0138,13.335,849.7316));
#17430 = LINE('',#17431,#17432);
#17431 = CARTESIAN_POINT('',(339.0138,13.335,789.7876));
#17432 = VECTOR('',#17433,1.);
#17433 = DIRECTION('',(0.,0.,1.));
#17434 = ORIENTED_EDGE('',*,*,#17435,.F.);
#17435 = EDGE_CURVE('',#17412,#17428,#17436,.T.);
#17436 = LINE('',#17437,#17438);
#17437 = CARTESIAN_POINT('',(339.0138,-5.715,849.7316));
#17438 = VECTOR('',#17439,1.);
#17439 = DIRECTION('',(-0.,1.,0.));
#17440 = PLANE('',#17441);
#17441 = AXIS2_PLACEMENT_3D('',#17442,#17443,#17444);
#17442 = CARTESIAN_POINT('',(339.0138,-5.715,789.7876));
#17443 = DIRECTION('',(1.,0.,-0.));
#17444 = DIRECTION('',(0.,0.,1.));
#17445 = ADVANCED_FACE('',(#17446),#17462,.F.);
#17446 = FACE_BOUND('',#17447,.F.);
#17447 = EDGE_LOOP('',(#17448,#17454,#17455,#17461));
#17448 = ORIENTED_EDGE('',*,*,#17449,.F.);
#17449 = EDGE_CURVE('',#17370,#17410,#17450,.T.);
#17450 = LINE('',#17451,#17452);
#17451 = CARTESIAN_POINT('',(279.0698,-5.715,789.7876));
#17452 = VECTOR('',#17453,1.);
#17453 = DIRECTION('',(1.,0.,-0.));
#17454 = ORIENTED_EDGE('',*,*,#17369,.T.);
#17455 = ORIENTED_EDGE('',*,*,#17456,.T.);
#17456 = EDGE_CURVE('',#17372,#17412,#17457,.T.);
#17457 = LINE('',#17458,#17459);
#17458 = CARTESIAN_POINT('',(279.0698,-5.715,849.7316));
#17459 = VECTOR('',#17460,1.);
#17460 = DIRECTION('',(1.,0.,-0.));
#17461 = ORIENTED_EDGE('',*,*,#17409,.F.);
#17462 = PLANE('',#17463);
#17463 = AXIS2_PLACEMENT_3D('',#17464,#17465,#17466);
#17464 = CARTESIAN_POINT('',(279.0698,-5.715,789.7876));
#17465 = DIRECTION('',(-0.,1.,0.));
#17466 = DIRECTION('',(0.,0.,1.));
#17467 = ADVANCED_FACE('',(#17468),#17484,.T.);
#17468 = FACE_BOUND('',#17469,.T.);
#17469 = EDGE_LOOP('',(#17470,#17476,#17477,#17483));
#17470 = ORIENTED_EDGE('',*,*,#17471,.F.);
#17471 = EDGE_CURVE('',#17380,#17420,#17472,.T.);
#17472 = LINE('',#17473,#17474);
#17473 = CARTESIAN_POINT('',(279.0698,13.335,789.7876));
#17474 = VECTOR('',#17475,1.);
#17475 = DIRECTION('',(1.,0.,-0.));
#17476 = ORIENTED_EDGE('',*,*,#17387,.T.);
#17477 = ORIENTED_EDGE('',*,*,#17478,.T.);
#17478 = EDGE_CURVE('',#17388,#17428,#17479,.T.);
#17479 = LINE('',#17480,#17481);
#17480 = CARTESIAN_POINT('',(279.0698,13.335,849.7316));
#17481 = VECTOR('',#17482,1.);
#17482 = DIRECTION('',(1.,0.,-0.));
#17483 = ORIENTED_EDGE('',*,*,#17427,.F.);
#17484 = PLANE('',#17485);
#17485 = AXIS2_PLACEMENT_3D('',#17486,#17487,#17488);
#17486 = CARTESIAN_POINT('',(279.0698,13.335,789.7876));
#17487 = DIRECTION('',(-0.,1.,0.));
#17488 = DIRECTION('',(0.,0.,1.));
#17489 = ADVANCED_FACE('',(#17490),#17496,.F.);
#17490 = FACE_BOUND('',#17491,.F.);
#17491 = EDGE_LOOP('',(#17492,#17493,#17494,#17495));
#17492 = ORIENTED_EDGE('',*,*,#17379,.F.);
#17493 = ORIENTED_EDGE('',*,*,#17449,.T.);
#17494 = ORIENTED_EDGE('',*,*,#17419,.T.);
#17495 = ORIENTED_EDGE('',*,*,#17471,.F.);
#17496 = PLANE('',#17497);
#17497 = AXIS2_PLACEMENT_3D('',#17498,#17499,#17500);
#17498 = CARTESIAN_POINT('',(279.0698,-5.715,789.7876));
#17499 = DIRECTION('',(0.,0.,1.));
#17500 = DIRECTION('',(1.,0.,-0.));
#17501 = ADVANCED_FACE('',(#17502),#17508,.T.);
#17502 = FACE_BOUND('',#17503,.T.);
#17503 = EDGE_LOOP('',(#17504,#17505,#17506,#17507));
#17504 = ORIENTED_EDGE('',*,*,#17395,.F.);
#17505 = ORIENTED_EDGE('',*,*,#17456,.T.);
#17506 = ORIENTED_EDGE('',*,*,#17435,.T.);
#17507 = ORIENTED_EDGE('',*,*,#17478,.F.);
#17508 = PLANE('',#17509);
#17509 = AXIS2_PLACEMENT_3D('',#17510,#17511,#17512);
#17510 = CARTESIAN_POINT('',(279.0698,-5.715,849.7316));
#17511 = DIRECTION('',(0.,0.,1.));
#17512 = DIRECTION('',(1.,0.,-0.));
#17513 = ( GEOMETRIC_REPRESENTATION_CONTEXT(3) 
GLOBAL_UNCERTAINTY_ASSIGNED_CONTEXT((#17517)) 
GLOBAL_UNIT_ASSIGNED_CONTEXT((#17514,#17515,#17516)) 
REPRESENTATION_CONTEXT('Context #1',
  '3D Context with UNIT and UNCERTAINTY') );
#17514 = ( LENGTH_UNIT() NAMED_UNIT(*) SI_UNIT(.MILLI.,.METRE.) );
#17515 = ( NAMED_UNIT(*) PLANE_ANGLE_UNIT() SI_UNIT($,.RADIAN.) );
#17516 = ( NAMED_UNIT(*) SI_UNIT($,.STERADIAN.) SOLID_ANGLE_UNIT() );
#17517 = UNCERTAINTY_MEASURE_WITH_UNIT(LENGTH_MEASURE(1.E-07),#17514,
  'distance_accuracy_value','confusion accuracy');
#17518 = CONTEXT_DEPENDENT_SHAPE_REPRESENTATION(#17519,#17521);
#17519 = ( REPRESENTATION_RELATIONSHIP('','',#17362,#10) 
REPRESENTATION_RELATIONSHIP_WITH_TRANSFORMATION(#17520) 
SHAPE_REPRESENTATION_RELATIONSHIP() );
#17520 = ITEM_DEFINED_TRANSFORMATION('','',#11,#239);
#17521 = PRODUCT_DEFINITION_SHAPE('Placement','Placement of an item',
  #17522);
#17522 = NEXT_ASSEMBLY_USAGE_OCCURRENCE('57','G009_Muntin_0','',#5,
  #17357,$);
#17523 = PRODUCT_RELATED_PRODUCT_CATEGORY('part',$,(#17359));
#17524 = SHAPE_DEFINITION_REPRESENTATION(#17525,#17531);
#17525 = PRODUCT_DEFINITION_SHAPE('','',#17526);
#17526 = PRODUCT_DEFINITION('design','',#17527,#17530);
#17527 = PRODUCT_DEFINITION_FORMATION('','',#17528);
#17528 = PRODUCT('G009_Muntin_4','G009_Muntin_4','',(#17529));
#17529 = PRODUCT_CONTEXT('',#2,'mechanical');
#17530 = PRODUCT_DEFINITION_CONTEXT('part definition',#2,'design');
#17531 = ADVANCED_BREP_SHAPE_REPRESENTATION('',(#11,#17532),#17682);
#17532 = MANIFOLD_SOLID_BREP('',#17533);
#17533 = CLOSED_SHELL('',(#17534,#17574,#17614,#17636,#17658,#17670));
#17534 = ADVANCED_FACE('',(#17535),#17569,.F.);
#17535 = FACE_BOUND('',#17536,.F.);
#17536 = EDGE_LOOP('',(#17537,#17547,#17555,#17563));
#17537 = ORIENTED_EDGE('',*,*,#17538,.F.);
#17538 = EDGE_CURVE('',#17539,#17541,#17543,.T.);
#17539 = VERTEX_POINT('',#17540);
#17540 = CARTESIAN_POINT('',(247.3452,-5.715,856.3102));
#17541 = VERTEX_POINT('',#17542);
#17542 = CARTESIAN_POINT('',(247.3452,-5.715,989.203));
#17543 = LINE('',#17544,#17545);
#17544 = CARTESIAN_POINT('',(247.3452,-5.715,856.3102));
#17545 = VECTOR('',#17546,1.);
#17546 = DIRECTION('',(0.,0.,1.));
#17547 = ORIENTED_EDGE('',*,*,#17548,.T.);
#17548 = EDGE_CURVE('',#17539,#17549,#17551,.T.);
#17549 = VERTEX_POINT('',#17550);
#17550 = CARTESIAN_POINT('',(247.3452,13.335,856.3102));
#17551 = LINE('',#17552,#17553);
#17552 = CARTESIAN_POINT('',(247.3452,-5.715,856.3102));
#17553 = VECTOR('',#17554,1.);
#17554 = DIRECTION('',(-0.,1.,0.));
#17555 = ORIENTED_EDGE('',*,*,#17556,.T.);
#17556 = EDGE_CURVE('',#17549,#17557,#17559,.T.);
#17557 = VERTEX_POINT('',#17558);
#17558 = CARTESIAN_POINT('',(247.3452,13.335,989.203));
#17559 = LINE('',#17560,#17561);
#17560 = CARTESIAN_POINT('',(247.3452,13.335,856.3102));
#17561 = VECTOR('',#17562,1.);
#17562 = DIRECTION('',(0.,0.,1.));
#17563 = ORIENTED_EDGE('',*,*,#17564,.F.);
#17564 = EDGE_CURVE('',#17541,#17557,#17565,.T.);
#17565 = LINE('',#17566,#17567);
#17566 = CARTESIAN_POINT('',(247.3452,-5.715,989.203));
#17567 = VECTOR('',#17568,1.);
#17568 = DIRECTION('',(-0.,1.,0.));
#17569 = PLANE('',#17570);
#17570 = AXIS2_PLACEMENT_3D('',#17571,#17572,#17573);
#17571 = CARTESIAN_POINT('',(247.3452,-5.715,856.3102));
#17572 = DIRECTION('',(1.,0.,-0.));
#17573 = DIRECTION('',(0.,0.,1.));
#17574 = ADVANCED_FACE('',(#17575),#17609,.T.);
#17575 = FACE_BOUND('',#17576,.T.);
#17576 = EDGE_LOOP('',(#17577,#17587,#17595,#17603));
#17577 = ORIENTED_EDGE('',*,*,#17578,.F.);
#17578 = EDGE_CURVE('',#17579,#17581,#17583,.T.);
#17579 = VERTEX_POINT('',#17580);
#17580 = CARTESIAN_POINT('',(266.3952,-5.715,856.3102));
#17581 = VERTEX_POINT('',#17582);
#17582 = CARTESIAN_POINT('',(266.3952,-5.715,989.203));
#17583 = LINE('',#17584,#17585);
#17584 = CARTESIAN_POINT('',(266.3952,-5.715,856.3102));
#17585 = VECTOR('',#17586,1.);
#17586 = DIRECTION('',(0.,0.,1.));
#17587 = ORIENTED_EDGE('',*,*,#17588,.T.);
#17588 = EDGE_CURVE('',#17579,#17589,#17591,.T.);
#17589 = VERTEX_POINT('',#17590);
#17590 = CARTESIAN_POINT('',(266.3952,13.335,856.3102));
#17591 = LINE('',#17592,#17593);
#17592 = CARTESIAN_POINT('',(266.3952,-5.715,856.3102));
#17593 = VECTOR('',#17594,1.);
#17594 = DIRECTION('',(-0.,1.,0.));
#17595 = ORIENTED_EDGE('',*,*,#17596,.T.);
#17596 = EDGE_CURVE('',#17589,#17597,#17599,.T.);
#17597 = VERTEX_POINT('',#17598);
#17598 = CARTESIAN_POINT('',(266.3952,13.335,989.203));
#17599 = LINE('',#17600,#17601);
#17600 = CARTESIAN_POINT('',(266.3952,13.335,856.3102));
#17601 = VECTOR('',#17602,1.);
#17602 = DIRECTION('',(0.,0.,1.));
#17603 = ORIENTED_EDGE('',*,*,#17604,.F.);
#17604 = EDGE_CURVE('',#17581,#17597,#17605,.T.);
#17605 = LINE('',#17606,#17607);
#17606 = CARTESIAN_POINT('',(266.3952,-5.715,989.203));
#17607 = VECTOR('',#17608,1.);
#17608 = DIRECTION('',(-0.,1.,0.));
#17609 = PLANE('',#17610);
#17610 = AXIS2_PLACEMENT_3D('',#17611,#17612,#17613);
#17611 = CARTESIAN_POINT('',(266.3952,-5.715,856.3102));
#17612 = DIRECTION('',(1.,0.,-0.));
#17613 = DIRECTION('',(0.,0.,1.));
#17614 = ADVANCED_FACE('',(#17615),#17631,.F.);
#17615 = FACE_BOUND('',#17616,.F.);
#17616 = EDGE_LOOP('',(#17617,#17623,#17624,#17630));
#17617 = ORIENTED_EDGE('',*,*,#17618,.F.);
#17618 = EDGE_CURVE('',#17539,#17579,#17619,.T.);
#17619 = LINE('',#17620,#17621);
#17620 = CARTESIAN_POINT('',(247.3452,-5.715,856.3102));
#17621 = VECTOR('',#17622,1.);
#17622 = DIRECTION('',(1.,0.,-0.));
#17623 = ORIENTED_EDGE('',*,*,#17538,.T.);
#17624 = ORIENTED_EDGE('',*,*,#17625,.T.);
#17625 = EDGE_CURVE('',#17541,#17581,#17626,.T.);
#17626 = LINE('',#17627,#17628);
#17627 = CARTESIAN_POINT('',(247.3452,-5.715,989.203));
#17628 = VECTOR('',#17629,1.);
#17629 = DIRECTION('',(1.,0.,-0.));
#17630 = ORIENTED_EDGE('',*,*,#17578,.F.);
#17631 = PLANE('',#17632);
#17632 = AXIS2_PLACEMENT_3D('',#17633,#17634,#17635);
#17633 = CARTESIAN_POINT('',(247.3452,-5.715,856.3102));
#17634 = DIRECTION('',(-0.,1.,0.));
#17635 = DIRECTION('',(0.,0.,1.));
#17636 = ADVANCED_FACE('',(#17637),#17653,.T.);
#17637 = FACE_BOUND('',#17638,.T.);
#17638 = EDGE_LOOP('',(#17639,#17645,#17646,#17652));
#17639 = ORIENTED_EDGE('',*,*,#17640,.F.);
#17640 = EDGE_CURVE('',#17549,#17589,#17641,.T.);
#17641 = LINE('',#17642,#17643);
#17642 = CARTESIAN_POINT('',(247.3452,13.335,856.3102));
#17643 = VECTOR('',#17644,1.);
#17644 = DIRECTION('',(1.,0.,-0.));
#17645 = ORIENTED_EDGE('',*,*,#17556,.T.);
#17646 = ORIENTED_EDGE('',*,*,#17647,.T.);
#17647 = EDGE_CURVE('',#17557,#17597,#17648,.T.);
#17648 = LINE('',#17649,#17650);
#17649 = CARTESIAN_POINT('',(247.3452,13.335,989.203));
#17650 = VECTOR('',#17651,1.);
#17651 = DIRECTION('',(1.,0.,-0.));
#17652 = ORIENTED_EDGE('',*,*,#17596,.F.);
#17653 = PLANE('',#17654);
#17654 = AXIS2_PLACEMENT_3D('',#17655,#17656,#17657);
#17655 = CARTESIAN_POINT('',(247.3452,13.335,856.3102));
#17656 = DIRECTION('',(-0.,1.,0.));
#17657 = DIRECTION('',(0.,0.,1.));
#17658 = ADVANCED_FACE('',(#17659),#17665,.F.);
#17659 = FACE_BOUND('',#17660,.F.);
#17660 = EDGE_LOOP('',(#17661,#17662,#17663,#17664));
#17661 = ORIENTED_EDGE('',*,*,#17548,.F.);
#17662 = ORIENTED_EDGE('',*,*,#17618,.T.);
#17663 = ORIENTED_EDGE('',*,*,#17588,.T.);
#17664 = ORIENTED_EDGE('',*,*,#17640,.F.);
#17665 = PLANE('',#17666);
#17666 = AXIS2_PLACEMENT_3D('',#17667,#17668,#17669);
#17667 = CARTESIAN_POINT('',(247.3452,-5.715,856.3102));
#17668 = DIRECTION('',(0.,0.,1.));
#17669 = DIRECTION('',(1.,0.,-0.));
#17670 = ADVANCED_FACE('',(#17671),#17677,.T.);
#17671 = FACE_BOUND('',#17672,.T.);
#17672 = EDGE_LOOP('',(#17673,#17674,#17675,#17676));
#17673 = ORIENTED_EDGE('',*,*,#17564,.F.);
#17674 = ORIENTED_EDGE('',*,*,#17625,.T.);
#17675 = ORIENTED_EDGE('',*,*,#17604,.T.);
#17676 = ORIENTED_EDGE('',*,*,#17647,.F.);
#17677 = PLANE('',#17678);
#17678 = AXIS2_PLACEMENT_3D('',#17679,#17680,#17681);
#17679 = CARTESIAN_POINT('',(247.3452,-5.715,989.203));
#17680 = DIRECTION('',(0.,0.,1.));
#17681 = DIRECTION('',(1.,0.,-0.));
#17682 = ( GEOMETRIC_REPRESENTATION_CONTEXT(3) 
GLOBAL_UNCERTAINTY_ASSIGNED_CONTEXT((#17686)) 
GLOBAL_UNIT_ASSIGNED_CONTEXT((#17683,#17684,#17685)) 
REPRESENTATION_CONTEXT('Context #1',
  '3D Context with UNIT and UNCERTAINTY') );
#17683 = ( LENGTH_UNIT() NAMED_UNIT(*) SI_UNIT(.MILLI.,.METRE.) );
#17684 = ( NAMED_UNIT(*) PLANE_ANGLE_UNIT() SI_UNIT($,.RADIAN.) );
#17685 = ( NAMED_UNIT(*) SI_UNIT($,.STERADIAN.) SOLID_ANGLE_UNIT() );
#17686 = UNCERTAINTY_MEASURE_WITH_UNIT(LENGTH_MEASURE(1.E-07),#17683,
  'distance_accuracy_value','confusion accuracy');
#17687 = CONTEXT_DEPENDENT_SHAPE_REPRESENTATION(#17688,#17690);
#17688 = ( REPRESENTATION_RELATIONSHIP('','',#17531,#10) 
REPRESENTATION_RELATIONSHIP_WITH_TRANSFORMATION(#17689) 
SHAPE_REPRESENTATION_RELATIONSHIP() );
#17689 = ITEM_DEFINED_TRANSFORMATION('','',#11,#243);
#17690 = PRODUCT_DEFINITION_SHAPE('Placement','Placement of an item',
  #17691);
#17691 = NEXT_ASSEMBLY_USAGE_OCCURRENCE('58','G009_Muntin_4','',#5,
  #17526,$);
#17692 = PRODUCT_RELATED_PRODUCT_CATEGORY('part',$,(#17528));
#17693 = SHAPE_DEFINITION_REPRESENTATION(#17694,#17700);
#17694 = PRODUCT_DEFINITION_SHAPE('','',#17695);
#17695 = PRODUCT_DEFINITION('design','',#17696,#17699);
#17696 = PRODUCT_DEFINITION_FORMATION('','',#17697);
#17697 = PRODUCT('G009_Muntin_5','G009_Muntin_5','',(#17698));
#17698 = PRODUCT_CONTEXT('',#2,'mechanical');
#17699 = PRODUCT_DEFINITION_CONTEXT('part definition',#2,'design');
#17700 = ADVANCED_BREP_SHAPE_REPRESENTATION('',(#11,#17701),#17851);
#17701 = MANIFOLD_SOLID_BREP('',#17702);
#17702 = CLOSED_SHELL('',(#17703,#17743,#17783,#17805,#17827,#17839));
#17703 = ADVANCED_FACE('',(#17704),#17738,.F.);
#17704 = FACE_BOUND('',#17705,.F.);
#17705 = EDGE_LOOP('',(#17706,#17716,#17724,#17732));
#17706 = ORIENTED_EDGE('',*,*,#17707,.F.);
#17707 = EDGE_CURVE('',#17708,#17710,#17712,.T.);
#17708 = VERTEX_POINT('',#17709);
#17709 = CARTESIAN_POINT('',(299.5168,-5.715,856.3102));
#17710 = VERTEX_POINT('',#17711);
#17711 = CARTESIAN_POINT('',(299.5168,-5.715,989.203));
#17712 = LINE('',#17713,#17714);
#17713 = CARTESIAN_POINT('',(299.5168,-5.715,856.3102));
#17714 = VECTOR('',#17715,1.);
#17715 = DIRECTION('',(0.,0.,1.));
#17716 = ORIENTED_EDGE('',*,*,#17717,.T.);
#17717 = EDGE_CURVE('',#17708,#17718,#17720,.T.);
#17718 = VERTEX_POINT('',#17719);
#17719 = CARTESIAN_POINT('',(299.5168,13.335,856.3102));
#17720 = LINE('',#17721,#17722);
#17721 = CARTESIAN_POINT('',(299.5168,-5.715,856.3102));
#17722 = VECTOR('',#17723,1.);
#17723 = DIRECTION('',(-0.,1.,0.));
#17724 = ORIENTED_EDGE('',*,*,#17725,.T.);
#17725 = EDGE_CURVE('',#17718,#17726,#17728,.T.);
#17726 = VERTEX_POINT('',#17727);
#17727 = CARTESIAN_POINT('',(299.5168,13.335,989.203));
#17728 = LINE('',#17729,#17730);
#17729 = CARTESIAN_POINT('',(299.5168,13.335,856.3102));
#17730 = VECTOR('',#17731,1.);
#17731 = DIRECTION('',(0.,0.,1.));
#17732 = ORIENTED_EDGE('',*,*,#17733,.F.);
#17733 = EDGE_CURVE('',#17710,#17726,#17734,.T.);
#17734 = LINE('',#17735,#17736);
#17735 = CARTESIAN_POINT('',(299.5168,-5.715,989.203));
#17736 = VECTOR('',#17737,1.);
#17737 = DIRECTION('',(-0.,1.,0.));
#17738 = PLANE('',#17739);
#17739 = AXIS2_PLACEMENT_3D('',#17740,#17741,#17742);
#17740 = CARTESIAN_POINT('',(299.5168,-5.715,856.3102));
#17741 = DIRECTION('',(1.,0.,-0.));
#17742 = DIRECTION('',(0.,0.,1.));
#17743 = ADVANCED_FACE('',(#17744),#17778,.T.);
#17744 = FACE_BOUND('',#17745,.T.);
#17745 = EDGE_LOOP('',(#17746,#17756,#17764,#17772));
#17746 = ORIENTED_EDGE('',*,*,#17747,.F.);
#17747 = EDGE_CURVE('',#17748,#17750,#17752,.T.);
#17748 = VERTEX_POINT('',#17749);
#17749 = CARTESIAN_POINT('',(318.5668,-5.715,856.3102));
#17750 = VERTEX_POINT('',#17751);
#17751 = CARTESIAN_POINT('',(318.5668,-5.715,989.203));
#17752 = LINE('',#17753,#17754);
#17753 = CARTESIAN_POINT('',(318.5668,-5.715,856.3102));
#17754 = VECTOR('',#17755,1.);
#17755 = DIRECTION('',(0.,0.,1.));
#17756 = ORIENTED_EDGE('',*,*,#17757,.T.);
#17757 = EDGE_CURVE('',#17748,#17758,#17760,.T.);
#17758 = VERTEX_POINT('',#17759);
#17759 = CARTESIAN_POINT('',(318.5668,13.335,856.3102));
#17760 = LINE('',#17761,#17762);
#17761 = CARTESIAN_POINT('',(318.5668,-5.715,856.3102));
#17762 = VECTOR('',#17763,1.);
#17763 = DIRECTION('',(-0.,1.,0.));
#17764 = ORIENTED_EDGE('',*,*,#17765,.T.);
#17765 = EDGE_CURVE('',#17758,#17766,#17768,.T.);
#17766 = VERTEX_POINT('',#17767);
#17767 = CARTESIAN_POINT('',(318.5668,13.335,989.203));
#17768 = LINE('',#17769,#17770);
#17769 = CARTESIAN_POINT('',(318.5668,13.335,856.3102));
#17770 = VECTOR('',#17771,1.);
#17771 = DIRECTION('',(0.,0.,1.));
#17772 = ORIENTED_EDGE('',*,*,#17773,.F.);
#17773 = EDGE_CURVE('',#17750,#17766,#17774,.T.);
#17774 = LINE('',#17775,#17776);
#17775 = CARTESIAN_POINT('',(318.5668,-5.715,989.203));
#17776 = VECTOR('',#17777,1.);
#17777 = DIRECTION('',(-0.,1.,0.));
#17778 = PLANE('',#17779);
#17779 = AXIS2_PLACEMENT_3D('',#17780,#17781,#17782);
#17780 = CARTESIAN_POINT('',(318.5668,-5.715,856.3102));
#17781 = DIRECTION('',(1.,0.,-0.));
#17782 = DIRECTION('',(0.,0.,1.));
#17783 = ADVANCED_FACE('',(#17784),#17800,.F.);
#17784 = FACE_BOUND('',#17785,.F.);
#17785 = EDGE_LOOP('',(#17786,#17792,#17793,#17799));
#17786 = ORIENTED_EDGE('',*,*,#17787,.F.);
#17787 = EDGE_CURVE('',#17708,#17748,#17788,.T.);
#17788 = LINE('',#17789,#17790);
#17789 = CARTESIAN_POINT('',(299.5168,-5.715,856.3102));
#17790 = VECTOR('',#17791,1.);
#17791 = DIRECTION('',(1.,0.,-0.));
#17792 = ORIENTED_EDGE('',*,*,#17707,.T.);
#17793 = ORIENTED_EDGE('',*,*,#17794,.T.);
#17794 = EDGE_CURVE('',#17710,#17750,#17795,.T.);
#17795 = LINE('',#17796,#17797);
#17796 = CARTESIAN_POINT('',(299.5168,-5.715,989.203));
#17797 = VECTOR('',#17798,1.);
#17798 = DIRECTION('',(1.,0.,-0.));
#17799 = ORIENTED_EDGE('',*,*,#17747,.F.);
#17800 = PLANE('',#17801);
#17801 = AXIS2_PLACEMENT_3D('',#17802,#17803,#17804);
#17802 = CARTESIAN_POINT('',(299.5168,-5.715,856.3102));
#17803 = DIRECTION('',(-0.,1.,0.));
#17804 = DIRECTION('',(0.,0.,1.));
#17805 = ADVANCED_FACE('',(#17806),#17822,.T.);
#17806 = FACE_BOUND('',#17807,.T.);
#17807 = EDGE_LOOP('',(#17808,#17814,#17815,#17821));
#17808 = ORIENTED_EDGE('',*,*,#17809,.F.);
#17809 = EDGE_CURVE('',#17718,#17758,#17810,.T.);
#17810 = LINE('',#17811,#17812);
#17811 = CARTESIAN_POINT('',(299.5168,13.335,856.3102));
#17812 = VECTOR('',#17813,1.);
#17813 = DIRECTION('',(1.,0.,-0.));
#17814 = ORIENTED_EDGE('',*,*,#17725,.T.);
#17815 = ORIENTED_EDGE('',*,*,#17816,.T.);
#17816 = EDGE_CURVE('',#17726,#17766,#17817,.T.);
#17817 = LINE('',#17818,#17819);
#17818 = CARTESIAN_POINT('',(299.5168,13.335,989.203));
#17819 = VECTOR('',#17820,1.);
#17820 = DIRECTION('',(1.,0.,-0.));
#17821 = ORIENTED_EDGE('',*,*,#17765,.F.);
#17822 = PLANE('',#17823);
#17823 = AXIS2_PLACEMENT_3D('',#17824,#17825,#17826);
#17824 = CARTESIAN_POINT('',(299.5168,13.335,856.3102));
#17825 = DIRECTION('',(-0.,1.,0.));
#17826 = DIRECTION('',(0.,0.,1.));
#17827 = ADVANCED_FACE('',(#17828),#17834,.F.);
#17828 = FACE_BOUND('',#17829,.F.);
#17829 = EDGE_LOOP('',(#17830,#17831,#17832,#17833));
#17830 = ORIENTED_EDGE('',*,*,#17717,.F.);
#17831 = ORIENTED_EDGE('',*,*,#17787,.T.);
#17832 = ORIENTED_EDGE('',*,*,#17757,.T.);
#17833 = ORIENTED_EDGE('',*,*,#17809,.F.);
#17834 = PLANE('',#17835);
#17835 = AXIS2_PLACEMENT_3D('',#17836,#17837,#17838);
#17836 = CARTESIAN_POINT('',(299.5168,-5.715,856.3102));
#17837 = DIRECTION('',(0.,0.,1.));
#17838 = DIRECTION('',(1.,0.,-0.));
#17839 = ADVANCED_FACE('',(#17840),#17846,.T.);
#17840 = FACE_BOUND('',#17841,.T.);
#17841 = EDGE_LOOP('',(#17842,#17843,#17844,#17845));
#17842 = ORIENTED_EDGE('',*,*,#17733,.F.);
#17843 = ORIENTED_EDGE('',*,*,#17794,.T.);
#17844 = ORIENTED_EDGE('',*,*,#17773,.T.);
#17845 = ORIENTED_EDGE('',*,*,#17816,.F.);
#17846 = PLANE('',#17847);
#17847 = AXIS2_PLACEMENT_3D('',#17848,#17849,#17850);
#17848 = CARTESIAN_POINT('',(299.5168,-5.715,989.203));
#17849 = DIRECTION('',(0.,0.,1.));
#17850 = DIRECTION('',(1.,0.,-0.));
#17851 = ( GEOMETRIC_REPRESENTATION_CONTEXT(3) 
GLOBAL_UNCERTAINTY_ASSIGNED_CONTEXT((#17855)) 
GLOBAL_UNIT_ASSIGNED_CONTEXT((#17852,#17853,#17854)) 
REPRESENTATION_CONTEXT('Context #1',
  '3D Context with UNIT and UNCERTAINTY') );
#17852 = ( LENGTH_UNIT() NAMED_UNIT(*) SI_UNIT(.MILLI.,.METRE.) );
#17853 = ( NAMED_UNIT(*) PLANE_ANGLE_UNIT() SI_UNIT($,.RADIAN.) );
#17854 = ( NAMED_UNIT(*) SI_UNIT($,.STERADIAN.) SOLID_ANGLE_UNIT() );
#17855 = UNCERTAINTY_MEASURE_WITH_UNIT(LENGTH_MEASURE(1.E-07),#17852,
  'distance_accuracy_value','confusion accuracy');
#17856 = CONTEXT_DEPENDENT_SHAPE_REPRESENTATION(#17857,#17859);
#17857 = ( REPRESENTATION_RELATIONSHIP('','',#17700,#10) 
REPRESENTATION_RELATIONSHIP_WITH_TRANSFORMATION(#17858) 
SHAPE_REPRESENTATION_RELATIONSHIP() );
#17858 = ITEM_DEFINED_TRANSFORMATION('','',#11,#247);
#17859 = PRODUCT_DEFINITION_SHAPE('Placement','Placement of an item',
  #17860);
#17860 = NEXT_ASSEMBLY_USAGE_OCCURRENCE('59','G009_Muntin_5','',#5,
  #17695,$);
#17861 = PRODUCT_RELATED_PRODUCT_CATEGORY('part',$,(#17697));
#17862 = SHAPE_DEFINITION_REPRESENTATION(#17863,#17869);
#17863 = PRODUCT_DEFINITION_SHAPE('','',#17864);
#17864 = PRODUCT_DEFINITION('design','',#17865,#17868);
#17865 = PRODUCT_DEFINITION_FORMATION('','',#17866);
#17866 = PRODUCT('G009_Muntin_6','G009_Muntin_6','',(#17867));
#17867 = PRODUCT_CONTEXT('',#2,'mechanical');
#17868 = PRODUCT_DEFINITION_CONTEXT('part definition',#2,'design');
#17869 = ADVANCED_BREP_SHAPE_REPRESENTATION('',(#11,#17870),#18020);
#17870 = MANIFOLD_SOLID_BREP('',#17871);
#17871 = CLOSED_SHELL('',(#17872,#17912,#17952,#17974,#17996,#18008));
#17872 = ADVANCED_FACE('',(#17873),#17907,.F.);
#17873 = FACE_BOUND('',#17874,.F.);
#17874 = EDGE_LOOP('',(#17875,#17885,#17893,#17901));
#17875 = ORIENTED_EDGE('',*,*,#17876,.F.);
#17876 = EDGE_CURVE('',#17877,#17879,#17881,.T.);
#17877 = VERTEX_POINT('',#17878);
#17878 = CARTESIAN_POINT('',(351.663,-5.715,856.3102));
#17879 = VERTEX_POINT('',#17880);
#17880 = CARTESIAN_POINT('',(351.663,-5.715,989.203));
#17881 = LINE('',#17882,#17883);
#17882 = CARTESIAN_POINT('',(351.663,-5.715,856.3102));
#17883 = VECTOR('',#17884,1.);
#17884 = DIRECTION('',(0.,0.,1.));
#17885 = ORIENTED_EDGE('',*,*,#17886,.T.);
#17886 = EDGE_CURVE('',#17877,#17887,#17889,.T.);
#17887 = VERTEX_POINT('',#17888);
#17888 = CARTESIAN_POINT('',(351.663,13.335,856.3102));
#17889 = LINE('',#17890,#17891);
#17890 = CARTESIAN_POINT('',(351.663,-5.715,856.3102));
#17891 = VECTOR('',#17892,1.);
#17892 = DIRECTION('',(-0.,1.,0.));
#17893 = ORIENTED_EDGE('',*,*,#17894,.T.);
#17894 = EDGE_CURVE('',#17887,#17895,#17897,.T.);
#17895 = VERTEX_POINT('',#17896);
#17896 = CARTESIAN_POINT('',(351.663,13.335,989.203));
#17897 = LINE('',#17898,#17899);
#17898 = CARTESIAN_POINT('',(351.663,13.335,856.3102));
#17899 = VECTOR('',#17900,1.);
#17900 = DIRECTION('',(0.,0.,1.));
#17901 = ORIENTED_EDGE('',*,*,#17902,.F.);
#17902 = EDGE_CURVE('',#17879,#17895,#17903,.T.);
#17903 = LINE('',#17904,#17905);
#17904 = CARTESIAN_POINT('',(351.663,-5.715,989.203));
#17905 = VECTOR('',#17906,1.);
#17906 = DIRECTION('',(-0.,1.,0.));
#17907 = PLANE('',#17908);
#17908 = AXIS2_PLACEMENT_3D('',#17909,#17910,#17911);
#17909 = CARTESIAN_POINT('',(351.663,-5.715,856.3102));
#17910 = DIRECTION('',(1.,0.,-0.));
#17911 = DIRECTION('',(0.,0.,1.));
#17912 = ADVANCED_FACE('',(#17913),#17947,.T.);
#17913 = FACE_BOUND('',#17914,.T.);
#17914 = EDGE_LOOP('',(#17915,#17925,#17933,#17941));
#17915 = ORIENTED_EDGE('',*,*,#17916,.F.);
#17916 = EDGE_CURVE('',#17917,#17919,#17921,.T.);
#17917 = VERTEX_POINT('',#17918);
#17918 = CARTESIAN_POINT('',(370.713,-5.715,856.3102));
#17919 = VERTEX_POINT('',#17920);
#17920 = CARTESIAN_POINT('',(370.713,-5.715,989.203));
#17921 = LINE('',#17922,#17923);
#17922 = CARTESIAN_POINT('',(370.713,-5.715,856.3102));
#17923 = VECTOR('',#17924,1.);
#17924 = DIRECTION('',(0.,0.,1.));
#17925 = ORIENTED_EDGE('',*,*,#17926,.T.);
#17926 = EDGE_CURVE('',#17917,#17927,#17929,.T.);
#17927 = VERTEX_POINT('',#17928);
#17928 = CARTESIAN_POINT('',(370.713,13.335,856.3102));
#17929 = LINE('',#17930,#17931);
#17930 = CARTESIAN_POINT('',(370.713,-5.715,856.3102));
#17931 = VECTOR('',#17932,1.);
#17932 = DIRECTION('',(-0.,1.,0.));
#17933 = ORIENTED_EDGE('',*,*,#17934,.T.);
#17934 = EDGE_CURVE('',#17927,#17935,#17937,.T.);
#17935 = VERTEX_POINT('',#17936);
#17936 = CARTESIAN_POINT('',(370.713,13.335,989.203));
#17937 = LINE('',#17938,#17939);
#17938 = CARTESIAN_POINT('',(370.713,13.335,856.3102));
#17939 = VECTOR('',#17940,1.);
#17940 = DIRECTION('',(0.,0.,1.));
#17941 = ORIENTED_EDGE('',*,*,#17942,.F.);
#17942 = EDGE_CURVE('',#17919,#17935,#17943,.T.);
#17943 = LINE('',#17944,#17945);
#17944 = CARTESIAN_POINT('',(370.713,-5.715,989.203));
#17945 = VECTOR('',#17946,1.);
#17946 = DIRECTION('',(-0.,1.,0.));
#17947 = PLANE('',#17948);
#17948 = AXIS2_PLACEMENT_3D('',#17949,#17950,#17951);
#17949 = CARTESIAN_POINT('',(370.713,-5.715,856.3102));
#17950 = DIRECTION('',(1.,0.,-0.));
#17951 = DIRECTION('',(0.,0.,1.));
#17952 = ADVANCED_FACE('',(#17953),#17969,.F.);
#17953 = FACE_BOUND('',#17954,.F.);
#17954 = EDGE_LOOP('',(#17955,#17961,#17962,#17968));
#17955 = ORIENTED_EDGE('',*,*,#17956,.F.);
#17956 = EDGE_CURVE('',#17877,#17917,#17957,.T.);
#17957 = LINE('',#17958,#17959);
#17958 = CARTESIAN_POINT('',(351.663,-5.715,856.3102));
#17959 = VECTOR('',#17960,1.);
#17960 = DIRECTION('',(1.,0.,-0.));
#17961 = ORIENTED_EDGE('',*,*,#17876,.T.);
#17962 = ORIENTED_EDGE('',*,*,#17963,.T.);
#17963 = EDGE_CURVE('',#17879,#17919,#17964,.T.);
#17964 = LINE('',#17965,#17966);
#17965 = CARTESIAN_POINT('',(351.663,-5.715,989.203));
#17966 = VECTOR('',#17967,1.);
#17967 = DIRECTION('',(1.,0.,-0.));
#17968 = ORIENTED_EDGE('',*,*,#17916,.F.);
#17969 = PLANE('',#17970);
#17970 = AXIS2_PLACEMENT_3D('',#17971,#17972,#17973);
#17971 = CARTESIAN_POINT('',(351.663,-5.715,856.3102));
#17972 = DIRECTION('',(-0.,1.,0.));
#17973 = DIRECTION('',(0.,0.,1.));
#17974 = ADVANCED_FACE('',(#17975),#17991,.T.);
#17975 = FACE_BOUND('',#17976,.T.);
#17976 = EDGE_LOOP('',(#17977,#17983,#17984,#17990));
#17977 = ORIENTED_EDGE('',*,*,#17978,.F.);
#17978 = EDGE_CURVE('',#17887,#17927,#17979,.T.);
#17979 = LINE('',#17980,#17981);
#17980 = CARTESIAN_POINT('',(351.663,13.335,856.3102));
#17981 = VECTOR('',#17982,1.);
#17982 = DIRECTION('',(1.,0.,-0.));
#17983 = ORIENTED_EDGE('',*,*,#17894,.T.);
#17984 = ORIENTED_EDGE('',*,*,#17985,.T.);
#17985 = EDGE_CURVE('',#17895,#17935,#17986,.T.);
#17986 = LINE('',#17987,#17988);
#17987 = CARTESIAN_POINT('',(351.663,13.335,989.203));
#17988 = VECTOR('',#17989,1.);
#17989 = DIRECTION('',(1.,0.,-0.));
#17990 = ORIENTED_EDGE('',*,*,#17934,.F.);
#17991 = PLANE('',#17992);
#17992 = AXIS2_PLACEMENT_3D('',#17993,#17994,#17995);
#17993 = CARTESIAN_POINT('',(351.663,13.335,856.3102));
#17994 = DIRECTION('',(-0.,1.,0.));
#17995 = DIRECTION('',(0.,0.,1.));
#17996 = ADVANCED_FACE('',(#17997),#18003,.F.);
#17997 = FACE_BOUND('',#17998,.F.);
#17998 = EDGE_LOOP('',(#17999,#18000,#18001,#18002));
#17999 = ORIENTED_EDGE('',*,*,#17886,.F.);
#18000 = ORIENTED_EDGE('',*,*,#17956,.T.);
#18001 = ORIENTED_EDGE('',*,*,#17926,.T.);
#18002 = ORIENTED_EDGE('',*,*,#17978,.F.);
#18003 = PLANE('',#18004);
#18004 = AXIS2_PLACEMENT_3D('',#18005,#18006,#18007);
#18005 = CARTESIAN_POINT('',(351.663,-5.715,856.3102));
#18006 = DIRECTION('',(0.,0.,1.));
#18007 = DIRECTION('',(1.,0.,-0.));
#18008 = ADVANCED_FACE('',(#18009),#18015,.T.);
#18009 = FACE_BOUND('',#18010,.T.);
#18010 = EDGE_LOOP('',(#18011,#18012,#18013,#18014));
#18011 = ORIENTED_EDGE('',*,*,#17902,.F.);
#18012 = ORIENTED_EDGE('',*,*,#17963,.T.);
#18013 = ORIENTED_EDGE('',*,*,#17942,.T.);
#18014 = ORIENTED_EDGE('',*,*,#17985,.F.);
#18015 = PLANE('',#18016);
#18016 = AXIS2_PLACEMENT_3D('',#18017,#18018,#18019);
#18017 = CARTESIAN_POINT('',(351.663,-5.715,989.203));
#18018 = DIRECTION('',(0.,0.,1.));
#18019 = DIRECTION('',(1.,0.,-0.));
#18020 = ( GEOMETRIC_REPRESENTATION_CONTEXT(3) 
GLOBAL_UNCERTAINTY_ASSIGNED_CONTEXT((#18024)) 
GLOBAL_UNIT_ASSIGNED_CONTEXT((#18021,#18022,#18023)) 
REPRESENTATION_CONTEXT('Context #1',
  '3D Context with UNIT and UNCERTAINTY') );
#18021 = ( LENGTH_UNIT() NAMED_UNIT(*) SI_UNIT(.MILLI.,.METRE.) );
#18022 = ( NAMED_UNIT(*) PLANE_ANGLE_UNIT() SI_UNIT($,.RADIAN.) );
#18023 = ( NAMED_UNIT(*) SI_UNIT($,.STERADIAN.) SOLID_ANGLE_UNIT() );
#18024 = UNCERTAINTY_MEASURE_WITH_UNIT(LENGTH_MEASURE(1.E-07),#18021,
  'distance_accuracy_value','confusion accuracy');
#18025 = CONTEXT_DEPENDENT_SHAPE_REPRESENTATION(#18026,#18028);
#18026 = ( REPRESENTATION_RELATIONSHIP('','',#17869,#10) 
REPRESENTATION_RELATIONSHIP_WITH_TRANSFORMATION(#18027) 
SHAPE_REPRESENTATION_RELATIONSHIP() );
#18027 = ITEM_DEFINED_TRANSFORMATION('','',#11,#251);
#18028 = PRODUCT_DEFINITION_SHAPE('Placement','Placement of an item',
  #18029);
#18029 = NEXT_ASSEMBLY_USAGE_OCCURRENCE('60','G009_Muntin_6','',#5,
  #17864,$);
#18030 = PRODUCT_RELATED_PRODUCT_CATEGORY('part',$,(#17866));
#18031 = SHAPE_DEFINITION_REPRESENTATION(#18032,#18038);
#18032 = PRODUCT_DEFINITION_SHAPE('','',#18033);
#18033 = PRODUCT_DEFINITION('design','',#18034,#18037);
#18034 = PRODUCT_DEFINITION_FORMATION('','',#18035);
#18035 = PRODUCT('G009_Muntin_13','G009_Muntin_13','',(#18036));
#18036 = PRODUCT_CONTEXT('',#2,'mechanical');
#18037 = PRODUCT_DEFINITION_CONTEXT('part definition',#2,'design');
#18038 = ADVANCED_BREP_SHAPE_REPRESENTATION('',(#11,#18039),#18189);
#18039 = MANIFOLD_SOLID_BREP('',#18040);
#18040 = CLOSED_SHELL('',(#18041,#18081,#18121,#18143,#18165,#18177));
#18041 = ADVANCED_FACE('',(#18042),#18076,.F.);
#18042 = FACE_BOUND('',#18043,.F.);
#18043 = EDGE_LOOP('',(#18044,#18054,#18062,#18070));
#18044 = ORIENTED_EDGE('',*,*,#18045,.F.);
#18045 = EDGE_CURVE('',#18046,#18048,#18050,.T.);
#18046 = VERTEX_POINT('',#18047);
#18047 = CARTESIAN_POINT('',(190.5,-5.715,783.209));
#18048 = VERTEX_POINT('',#18049);
#18049 = CARTESIAN_POINT('',(190.5,-5.715,1.1154664E+03));
#18050 = LINE('',#18051,#18052);
#18051 = CARTESIAN_POINT('',(190.5,-5.715,783.209));
#18052 = VECTOR('',#18053,1.);
#18053 = DIRECTION('',(0.,0.,1.));
#18054 = ORIENTED_EDGE('',*,*,#18055,.T.);
#18055 = EDGE_CURVE('',#18046,#18056,#18058,.T.);
#18056 = VERTEX_POINT('',#18057);
#18057 = CARTESIAN_POINT('',(190.5,13.335,783.209));
#18058 = LINE('',#18059,#18060);
#18059 = CARTESIAN_POINT('',(190.5,-5.715,783.209));
#18060 = VECTOR('',#18061,1.);
#18061 = DIRECTION('',(-0.,1.,0.));
#18062 = ORIENTED_EDGE('',*,*,#18063,.T.);
#18063 = EDGE_CURVE('',#18056,#18064,#18066,.T.);
#18064 = VERTEX_POINT('',#18065);
#18065 = CARTESIAN_POINT('',(190.5,13.335,1.1154664E+03));
#18066 = LINE('',#18067,#18068);
#18067 = CARTESIAN_POINT('',(190.5,13.335,783.209));
#18068 = VECTOR('',#18069,1.);
#18069 = DIRECTION('',(0.,0.,1.));
#18070 = ORIENTED_EDGE('',*,*,#18071,.F.);
#18071 = EDGE_CURVE('',#18048,#18064,#18072,.T.);
#18072 = LINE('',#18073,#18074);
#18073 = CARTESIAN_POINT('',(190.5,-5.715,1.1154664E+03));
#18074 = VECTOR('',#18075,1.);
#18075 = DIRECTION('',(-0.,1.,0.));
#18076 = PLANE('',#18077);
#18077 = AXIS2_PLACEMENT_3D('',#18078,#18079,#18080);
#18078 = CARTESIAN_POINT('',(190.5,-5.715,783.209));
#18079 = DIRECTION('',(1.,0.,-0.));
#18080 = DIRECTION('',(0.,0.,1.));
#18081 = ADVANCED_FACE('',(#18082),#18116,.T.);
#18082 = FACE_BOUND('',#18083,.T.);
#18083 = EDGE_LOOP('',(#18084,#18094,#18102,#18110));
#18084 = ORIENTED_EDGE('',*,*,#18085,.F.);
#18085 = EDGE_CURVE('',#18086,#18088,#18090,.T.);
#18086 = VERTEX_POINT('',#18087);
#18087 = CARTESIAN_POINT('',(209.55,-5.715,783.209));
#18088 = VERTEX_POINT('',#18089);
#18089 = CARTESIAN_POINT('',(209.55,-5.715,1.1154664E+03));
#18090 = LINE('',#18091,#18092);
#18091 = CARTESIAN_POINT('',(209.55,-5.715,783.209));
#18092 = VECTOR('',#18093,1.);
#18093 = DIRECTION('',(0.,0.,1.));
#18094 = ORIENTED_EDGE('',*,*,#18095,.T.);
#18095 = EDGE_CURVE('',#18086,#18096,#18098,.T.);
#18096 = VERTEX_POINT('',#18097);
#18097 = CARTESIAN_POINT('',(209.55,13.335,783.209));
#18098 = LINE('',#18099,#18100);
#18099 = CARTESIAN_POINT('',(209.55,-5.715,783.209));
#18100 = VECTOR('',#18101,1.);
#18101 = DIRECTION('',(-0.,1.,0.));
#18102 = ORIENTED_EDGE('',*,*,#18103,.T.);
#18103 = EDGE_CURVE('',#18096,#18104,#18106,.T.);
#18104 = VERTEX_POINT('',#18105);
#18105 = CARTESIAN_POINT('',(209.55,13.335,1.1154664E+03));
#18106 = LINE('',#18107,#18108);
#18107 = CARTESIAN_POINT('',(209.55,13.335,783.209));
#18108 = VECTOR('',#18109,1.);
#18109 = DIRECTION('',(0.,0.,1.));
#18110 = ORIENTED_EDGE('',*,*,#18111,.F.);
#18111 = EDGE_CURVE('',#18088,#18104,#18112,.T.);
#18112 = LINE('',#18113,#18114);
#18113 = CARTESIAN_POINT('',(209.55,-5.715,1.1154664E+03));
#18114 = VECTOR('',#18115,1.);
#18115 = DIRECTION('',(-0.,1.,0.));
#18116 = PLANE('',#18117);
#18117 = AXIS2_PLACEMENT_3D('',#18118,#18119,#18120);
#18118 = CARTESIAN_POINT('',(209.55,-5.715,783.209));
#18119 = DIRECTION('',(1.,0.,-0.));
#18120 = DIRECTION('',(0.,0.,1.));
#18121 = ADVANCED_FACE('',(#18122),#18138,.F.);
#18122 = FACE_BOUND('',#18123,.F.);
#18123 = EDGE_LOOP('',(#18124,#18130,#18131,#18137));
#18124 = ORIENTED_EDGE('',*,*,#18125,.F.);
#18125 = EDGE_CURVE('',#18046,#18086,#18126,.T.);
#18126 = LINE('',#18127,#18128);
#18127 = CARTESIAN_POINT('',(190.5,-5.715,783.209));
#18128 = VECTOR('',#18129,1.);
#18129 = DIRECTION('',(1.,0.,-0.));
#18130 = ORIENTED_EDGE('',*,*,#18045,.T.);
#18131 = ORIENTED_EDGE('',*,*,#18132,.T.);
#18132 = EDGE_CURVE('',#18048,#18088,#18133,.T.);
#18133 = LINE('',#18134,#18135);
#18134 = CARTESIAN_POINT('',(190.5,-5.715,1.1154664E+03));
#18135 = VECTOR('',#18136,1.);
#18136 = DIRECTION('',(1.,0.,-0.));
#18137 = ORIENTED_EDGE('',*,*,#18085,.F.);
#18138 = PLANE('',#18139);
#18139 = AXIS2_PLACEMENT_3D('',#18140,#18141,#18142);
#18140 = CARTESIAN_POINT('',(190.5,-5.715,783.209));
#18141 = DIRECTION('',(-0.,1.,0.));
#18142 = DIRECTION('',(0.,0.,1.));
#18143 = ADVANCED_FACE('',(#18144),#18160,.T.);
#18144 = FACE_BOUND('',#18145,.T.);
#18145 = EDGE_LOOP('',(#18146,#18152,#18153,#18159));
#18146 = ORIENTED_EDGE('',*,*,#18147,.F.);
#18147 = EDGE_CURVE('',#18056,#18096,#18148,.T.);
#18148 = LINE('',#18149,#18150);
#18149 = CARTESIAN_POINT('',(190.5,13.335,783.209));
#18150 = VECTOR('',#18151,1.);
#18151 = DIRECTION('',(1.,0.,-0.));
#18152 = ORIENTED_EDGE('',*,*,#18063,.T.);
#18153 = ORIENTED_EDGE('',*,*,#18154,.T.);
#18154 = EDGE_CURVE('',#18064,#18104,#18155,.T.);
#18155 = LINE('',#18156,#18157);
#18156 = CARTESIAN_POINT('',(190.5,13.335,1.1154664E+03));
#18157 = VECTOR('',#18158,1.);
#18158 = DIRECTION('',(1.,0.,-0.));
#18159 = ORIENTED_EDGE('',*,*,#18103,.F.);
#18160 = PLANE('',#18161);
#18161 = AXIS2_PLACEMENT_3D('',#18162,#18163,#18164);
#18162 = CARTESIAN_POINT('',(190.5,13.335,783.209));
#18163 = DIRECTION('',(-0.,1.,0.));
#18164 = DIRECTION('',(0.,0.,1.));
#18165 = ADVANCED_FACE('',(#18166),#18172,.F.);
#18166 = FACE_BOUND('',#18167,.F.);
#18167 = EDGE_LOOP('',(#18168,#18169,#18170,#18171));
#18168 = ORIENTED_EDGE('',*,*,#18055,.F.);
#18169 = ORIENTED_EDGE('',*,*,#18125,.T.);
#18170 = ORIENTED_EDGE('',*,*,#18095,.T.);
#18171 = ORIENTED_EDGE('',*,*,#18147,.F.);
#18172 = PLANE('',#18173);
#18173 = AXIS2_PLACEMENT_3D('',#18174,#18175,#18176);
#18174 = CARTESIAN_POINT('',(190.5,-5.715,783.209));
#18175 = DIRECTION('',(0.,0.,1.));
#18176 = DIRECTION('',(1.,0.,-0.));
#18177 = ADVANCED_FACE('',(#18178),#18184,.T.);
#18178 = FACE_BOUND('',#18179,.T.);
#18179 = EDGE_LOOP('',(#18180,#18181,#18182,#18183));
#18180 = ORIENTED_EDGE('',*,*,#18071,.F.);
#18181 = ORIENTED_EDGE('',*,*,#18132,.T.);
#18182 = ORIENTED_EDGE('',*,*,#18111,.T.);
#18183 = ORIENTED_EDGE('',*,*,#18154,.F.);
#18184 = PLANE('',#18185);
#18185 = AXIS2_PLACEMENT_3D('',#18186,#18187,#18188);
#18186 = CARTESIAN_POINT('',(190.5,-5.715,1.1154664E+03));
#18187 = DIRECTION('',(0.,0.,1.));
#18188 = DIRECTION('',(1.,0.,-0.));
#18189 = ( GEOMETRIC_REPRESENTATION_CONTEXT(3) 
GLOBAL_UNCERTAINTY_ASSIGNED_CONTEXT((#18193)) 
GLOBAL_UNIT_ASSIGNED_CONTEXT((#18190,#18191,#18192)) 
REPRESENTATION_CONTEXT('Context #1',
  '3D Context with UNIT and UNCERTAINTY') );
#18190 = ( LENGTH_UNIT() NAMED_UNIT(*) SI_UNIT(.MILLI.,.METRE.) );
#18191 = ( NAMED_UNIT(*) PLANE_ANGLE_UNIT() SI_UNIT($,.RADIAN.) );
#18192 = ( NAMED_UNIT(*) SI_UNIT($,.STERADIAN.) SOLID_ANGLE_UNIT() );
#18193 = UNCERTAINTY_MEASURE_WITH_UNIT(LENGTH_MEASURE(1.E-07),#18190,
  'distance_accuracy_value','confusion accuracy');
#18194 = CONTEXT_DEPENDENT_SHAPE_REPRESENTATION(#18195,#18197);
#18195 = ( REPRESENTATION_RELATIONSHIP('','',#18038,#10) 
REPRESENTATION_RELATIONSHIP_WITH_TRANSFORMATION(#18196) 
SHAPE_REPRESENTATION_RELATIONSHIP() );
#18196 = ITEM_DEFINED_TRANSFORMATION('','',#11,#255);
#18197 = PRODUCT_DEFINITION_SHAPE('Placement','Placement of an item',
  #18198);
#18198 = NEXT_ASSEMBLY_USAGE_OCCURRENCE('61','G009_Muntin_13','',#5,
  #18033,$);
#18199 = PRODUCT_RELATED_PRODUCT_CATEGORY('part',$,(#18035));
#18200 = SHAPE_DEFINITION_REPRESENTATION(#18201,#18207);
#18201 = PRODUCT_DEFINITION_SHAPE('','',#18202);
#18202 = PRODUCT_DEFINITION('design','',#18203,#18206);
#18203 = PRODUCT_DEFINITION_FORMATION('','',#18204);
#18204 = PRODUCT('G009_Muntin_14','G009_Muntin_14','',(#18205));
#18205 = PRODUCT_CONTEXT('',#2,'mechanical');
#18206 = PRODUCT_DEFINITION_CONTEXT('part definition',#2,'design');
#18207 = ADVANCED_BREP_SHAPE_REPRESENTATION('',(#11,#18208),#18358);
#18208 = MANIFOLD_SOLID_BREP('',#18209);
#18209 = CLOSED_SHELL('',(#18210,#18250,#18290,#18312,#18334,#18346));
#18210 = ADVANCED_FACE('',(#18211),#18245,.F.);
#18211 = FACE_BOUND('',#18212,.F.);
#18212 = EDGE_LOOP('',(#18213,#18223,#18231,#18239));
#18213 = ORIENTED_EDGE('',*,*,#18214,.F.);
#18214 = EDGE_CURVE('',#18215,#18217,#18219,.T.);
#18215 = VERTEX_POINT('',#18216);
#18216 = CARTESIAN_POINT('',(416.1282,-5.715,783.209));
#18217 = VERTEX_POINT('',#18218);
#18218 = CARTESIAN_POINT('',(416.1282,-5.715,1.1154664E+03));
#18219 = LINE('',#18220,#18221);
#18220 = CARTESIAN_POINT('',(416.1282,-5.715,783.209));
#18221 = VECTOR('',#18222,1.);
#18222 = DIRECTION('',(0.,0.,1.));
#18223 = ORIENTED_EDGE('',*,*,#18224,.T.);
#18224 = EDGE_CURVE('',#18215,#18225,#18227,.T.);
#18225 = VERTEX_POINT('',#18226);
#18226 = CARTESIAN_POINT('',(416.1282,13.335,783.209));
#18227 = LINE('',#18228,#18229);
#18228 = CARTESIAN_POINT('',(416.1282,-5.715,783.209));
#18229 = VECTOR('',#18230,1.);
#18230 = DIRECTION('',(-0.,1.,0.));
#18231 = ORIENTED_EDGE('',*,*,#18232,.T.);
#18232 = EDGE_CURVE('',#18225,#18233,#18235,.T.);
#18233 = VERTEX_POINT('',#18234);
#18234 = CARTESIAN_POINT('',(416.1282,13.335,1.1154664E+03));
#18235 = LINE('',#18236,#18237);
#18236 = CARTESIAN_POINT('',(416.1282,13.335,783.209));
#18237 = VECTOR('',#18238,1.);
#18238 = DIRECTION('',(0.,0.,1.));
#18239 = ORIENTED_EDGE('',*,*,#18240,.F.);
#18240 = EDGE_CURVE('',#18217,#18233,#18241,.T.);
#18241 = LINE('',#18242,#18243);
#18242 = CARTESIAN_POINT('',(416.1282,-5.715,1.1154664E+03));
#18243 = VECTOR('',#18244,1.);
#18244 = DIRECTION('',(-0.,1.,0.));
#18245 = PLANE('',#18246);
#18246 = AXIS2_PLACEMENT_3D('',#18247,#18248,#18249);
#18247 = CARTESIAN_POINT('',(416.1282,-5.715,783.209));
#18248 = DIRECTION('',(1.,0.,-0.));
#18249 = DIRECTION('',(0.,0.,1.));
#18250 = ADVANCED_FACE('',(#18251),#18285,.T.);
#18251 = FACE_BOUND('',#18252,.T.);
#18252 = EDGE_LOOP('',(#18253,#18263,#18271,#18279));
#18253 = ORIENTED_EDGE('',*,*,#18254,.F.);
#18254 = EDGE_CURVE('',#18255,#18257,#18259,.T.);
#18255 = VERTEX_POINT('',#18256);
#18256 = CARTESIAN_POINT('',(427.5582,-5.715,783.209));
#18257 = VERTEX_POINT('',#18258);
#18258 = CARTESIAN_POINT('',(427.5582,-5.715,1.1154664E+03));
#18259 = LINE('',#18260,#18261);
#18260 = CARTESIAN_POINT('',(427.5582,-5.715,783.209));
#18261 = VECTOR('',#18262,1.);
#18262 = DIRECTION('',(0.,0.,1.));
#18263 = ORIENTED_EDGE('',*,*,#18264,.T.);
#18264 = EDGE_CURVE('',#18255,#18265,#18267,.T.);
#18265 = VERTEX_POINT('',#18266);
#18266 = CARTESIAN_POINT('',(427.5582,13.335,783.209));
#18267 = LINE('',#18268,#18269);
#18268 = CARTESIAN_POINT('',(427.5582,-5.715,783.209));
#18269 = VECTOR('',#18270,1.);
#18270 = DIRECTION('',(-0.,1.,0.));
#18271 = ORIENTED_EDGE('',*,*,#18272,.T.);
#18272 = EDGE_CURVE('',#18265,#18273,#18275,.T.);
#18273 = VERTEX_POINT('',#18274);
#18274 = CARTESIAN_POINT('',(427.5582,13.335,1.1154664E+03));
#18275 = LINE('',#18276,#18277);
#18276 = CARTESIAN_POINT('',(427.5582,13.335,783.209));
#18277 = VECTOR('',#18278,1.);
#18278 = DIRECTION('',(0.,0.,1.));
#18279 = ORIENTED_EDGE('',*,*,#18280,.F.);
#18280 = EDGE_CURVE('',#18257,#18273,#18281,.T.);
#18281 = LINE('',#18282,#18283);
#18282 = CARTESIAN_POINT('',(427.5582,-5.715,1.1154664E+03));
#18283 = VECTOR('',#18284,1.);
#18284 = DIRECTION('',(-0.,1.,0.));
#18285 = PLANE('',#18286);
#18286 = AXIS2_PLACEMENT_3D('',#18287,#18288,#18289);
#18287 = CARTESIAN_POINT('',(427.5582,-5.715,783.209));
#18288 = DIRECTION('',(1.,0.,-0.));
#18289 = DIRECTION('',(0.,0.,1.));
#18290 = ADVANCED_FACE('',(#18291),#18307,.F.);
#18291 = FACE_BOUND('',#18292,.F.);
#18292 = EDGE_LOOP('',(#18293,#18299,#18300,#18306));
#18293 = ORIENTED_EDGE('',*,*,#18294,.F.);
#18294 = EDGE_CURVE('',#18215,#18255,#18295,.T.);
#18295 = LINE('',#18296,#18297);
#18296 = CARTESIAN_POINT('',(416.1282,-5.715,783.209));
#18297 = VECTOR('',#18298,1.);
#18298 = DIRECTION('',(1.,0.,-0.));
#18299 = ORIENTED_EDGE('',*,*,#18214,.T.);
#18300 = ORIENTED_EDGE('',*,*,#18301,.T.);
#18301 = EDGE_CURVE('',#18217,#18257,#18302,.T.);
#18302 = LINE('',#18303,#18304);
#18303 = CARTESIAN_POINT('',(416.1282,-5.715,1.1154664E+03));
#18304 = VECTOR('',#18305,1.);
#18305 = DIRECTION('',(1.,0.,-0.));
#18306 = ORIENTED_EDGE('',*,*,#18254,.F.);
#18307 = PLANE('',#18308);
#18308 = AXIS2_PLACEMENT_3D('',#18309,#18310,#18311);
#18309 = CARTESIAN_POINT('',(416.1282,-5.715,783.209));
#18310 = DIRECTION('',(-0.,1.,0.));
#18311 = DIRECTION('',(0.,0.,1.));
#18312 = ADVANCED_FACE('',(#18313),#18329,.T.);
#18313 = FACE_BOUND('',#18314,.T.);
#18314 = EDGE_LOOP('',(#18315,#18321,#18322,#18328));
#18315 = ORIENTED_EDGE('',*,*,#18316,.F.);
#18316 = EDGE_CURVE('',#18225,#18265,#18317,.T.);
#18317 = LINE('',#18318,#18319);
#18318 = CARTESIAN_POINT('',(416.1282,13.335,783.209));
#18319 = VECTOR('',#18320,1.);
#18320 = DIRECTION('',(1.,0.,-0.));
#18321 = ORIENTED_EDGE('',*,*,#18232,.T.);
#18322 = ORIENTED_EDGE('',*,*,#18323,.T.);
#18323 = EDGE_CURVE('',#18233,#18273,#18324,.T.);
#18324 = LINE('',#18325,#18326);
#18325 = CARTESIAN_POINT('',(416.1282,13.335,1.1154664E+03));
#18326 = VECTOR('',#18327,1.);
#18327 = DIRECTION('',(1.,0.,-0.));
#18328 = ORIENTED_EDGE('',*,*,#18272,.F.);
#18329 = PLANE('',#18330);
#18330 = AXIS2_PLACEMENT_3D('',#18331,#18332,#18333);
#18331 = CARTESIAN_POINT('',(416.1282,13.335,783.209));
#18332 = DIRECTION('',(-0.,1.,0.));
#18333 = DIRECTION('',(0.,0.,1.));
#18334 = ADVANCED_FACE('',(#18335),#18341,.F.);
#18335 = FACE_BOUND('',#18336,.F.);
#18336 = EDGE_LOOP('',(#18337,#18338,#18339,#18340));
#18337 = ORIENTED_EDGE('',*,*,#18224,.F.);
#18338 = ORIENTED_EDGE('',*,*,#18294,.T.);
#18339 = ORIENTED_EDGE('',*,*,#18264,.T.);
#18340 = ORIENTED_EDGE('',*,*,#18316,.F.);
#18341 = PLANE('',#18342);
#18342 = AXIS2_PLACEMENT_3D('',#18343,#18344,#18345);
#18343 = CARTESIAN_POINT('',(416.1282,-5.715,783.209));
#18344 = DIRECTION('',(0.,0.,1.));
#18345 = DIRECTION('',(1.,0.,-0.));
#18346 = ADVANCED_FACE('',(#18347),#18353,.T.);
#18347 = FACE_BOUND('',#18348,.T.);
#18348 = EDGE_LOOP('',(#18349,#18350,#18351,#18352));
#18349 = ORIENTED_EDGE('',*,*,#18240,.F.);
#18350 = ORIENTED_EDGE('',*,*,#18301,.T.);
#18351 = ORIENTED_EDGE('',*,*,#18280,.T.);
#18352 = ORIENTED_EDGE('',*,*,#18323,.F.);
#18353 = PLANE('',#18354);
#18354 = AXIS2_PLACEMENT_3D('',#18355,#18356,#18357);
#18355 = CARTESIAN_POINT('',(416.1282,-5.715,1.1154664E+03));
#18356 = DIRECTION('',(0.,0.,1.));
#18357 = DIRECTION('',(1.,0.,-0.));
#18358 = ( GEOMETRIC_REPRESENTATION_CONTEXT(3) 
GLOBAL_UNCERTAINTY_ASSIGNED_CONTEXT((#18362)) 
GLOBAL_UNIT_ASSIGNED_CONTEXT((#18359,#18360,#18361)) 
REPRESENTATION_CONTEXT('Context #1',
  '3D Context with UNIT and UNCERTAINTY') );
#18359 = ( LENGTH_UNIT() NAMED_UNIT(*) SI_UNIT(.MILLI.,.METRE.) );
#18360 = ( NAMED_UNIT(*) PLANE_ANGLE_UNIT() SI_UNIT($,.RADIAN.) );
#18361 = ( NAMED_UNIT(*) SI_UNIT($,.STERADIAN.) SOLID_ANGLE_UNIT() );
#18362 = UNCERTAINTY_MEASURE_WITH_UNIT(LENGTH_MEASURE(1.E-07),#18359,
  'distance_accuracy_value','confusion accuracy');
#18363 = CONTEXT_DEPENDENT_SHAPE_REPRESENTATION(#18364,#18366);
#18364 = ( REPRESENTATION_RELATIONSHIP('','',#18207,#10) 
REPRESENTATION_RELATIONSHIP_WITH_TRANSFORMATION(#18365) 
SHAPE_REPRESENTATION_RELATIONSHIP() );
#18365 = ITEM_DEFINED_TRANSFORMATION('','',#11,#259);
#18366 = PRODUCT_DEFINITION_SHAPE('Placement','Placement of an item',
  #18367);
#18367 = NEXT_ASSEMBLY_USAGE_OCCURRENCE('62','G009_Muntin_14','',#5,
  #18202,$);
#18368 = PRODUCT_RELATED_PRODUCT_CATEGORY('part',$,(#18204));
#18369 = SHAPE_DEFINITION_REPRESENTATION(#18370,#18376);
#18370 = PRODUCT_DEFINITION_SHAPE('','',#18371);
#18371 = PRODUCT_DEFINITION('design','',#18372,#18375);
#18372 = PRODUCT_DEFINITION_FORMATION('','',#18373);
#18373 = PRODUCT('G009_Muntin_15','G009_Muntin_15','',(#18374));
#18374 = PRODUCT_CONTEXT('',#2,'mechanical');
#18375 = PRODUCT_DEFINITION_CONTEXT('part definition',#2,'design');
#18376 = ADVANCED_BREP_SHAPE_REPRESENTATION('',(#11,#18377),#18527);
#18377 = MANIFOLD_SOLID_BREP('',#18378);
#18378 = CLOSED_SHELL('',(#18379,#18419,#18459,#18481,#18503,#18515));
#18379 = ADVANCED_FACE('',(#18380),#18414,.F.);
#18380 = FACE_BOUND('',#18381,.F.);
#18381 = EDGE_LOOP('',(#18382,#18392,#18400,#18408));
#18382 = ORIENTED_EDGE('',*,*,#18383,.F.);
#18383 = EDGE_CURVE('',#18384,#18386,#18388,.T.);
#18384 = VERTEX_POINT('',#18385);
#18385 = CARTESIAN_POINT('',(516.128,-5.715,789.7876));
#18386 = VERTEX_POINT('',#18387);
#18387 = CARTESIAN_POINT('',(516.128,-5.715,849.7316));
#18388 = LINE('',#18389,#18390);
#18389 = CARTESIAN_POINT('',(516.128,-5.715,789.7876));
#18390 = VECTOR('',#18391,1.);
#18391 = DIRECTION('',(0.,0.,1.));
#18392 = ORIENTED_EDGE('',*,*,#18393,.T.);
#18393 = EDGE_CURVE('',#18384,#18394,#18396,.T.);
#18394 = VERTEX_POINT('',#18395);
#18395 = CARTESIAN_POINT('',(516.128,13.335,789.7876));
#18396 = LINE('',#18397,#18398);
#18397 = CARTESIAN_POINT('',(516.128,-5.715,789.7876));
#18398 = VECTOR('',#18399,1.);
#18399 = DIRECTION('',(-0.,1.,0.));
#18400 = ORIENTED_EDGE('',*,*,#18401,.T.);
#18401 = EDGE_CURVE('',#18394,#18402,#18404,.T.);
#18402 = VERTEX_POINT('',#18403);
#18403 = CARTESIAN_POINT('',(516.128,13.335,849.7316));
#18404 = LINE('',#18405,#18406);
#18405 = CARTESIAN_POINT('',(516.128,13.335,789.7876));
#18406 = VECTOR('',#18407,1.);
#18407 = DIRECTION('',(0.,0.,1.));
#18408 = ORIENTED_EDGE('',*,*,#18409,.F.);
#18409 = EDGE_CURVE('',#18386,#18402,#18410,.T.);
#18410 = LINE('',#18411,#18412);
#18411 = CARTESIAN_POINT('',(516.128,-5.715,849.7316));
#18412 = VECTOR('',#18413,1.);
#18413 = DIRECTION('',(-0.,1.,0.));
#18414 = PLANE('',#18415);
#18415 = AXIS2_PLACEMENT_3D('',#18416,#18417,#18418);
#18416 = CARTESIAN_POINT('',(516.128,-5.715,789.7876));
#18417 = DIRECTION('',(1.,0.,-0.));
#18418 = DIRECTION('',(0.,0.,1.));
#18419 = ADVANCED_FACE('',(#18420),#18454,.T.);
#18420 = FACE_BOUND('',#18421,.T.);
#18421 = EDGE_LOOP('',(#18422,#18432,#18440,#18448));
#18422 = ORIENTED_EDGE('',*,*,#18423,.F.);
#18423 = EDGE_CURVE('',#18424,#18426,#18428,.T.);
#18424 = VERTEX_POINT('',#18425);
#18425 = CARTESIAN_POINT('',(576.072,-5.715,789.7876));
#18426 = VERTEX_POINT('',#18427);
#18427 = CARTESIAN_POINT('',(576.072,-5.715,849.7316));
#18428 = LINE('',#18429,#18430);
#18429 = CARTESIAN_POINT('',(576.072,-5.715,789.7876));
#18430 = VECTOR('',#18431,1.);
#18431 = DIRECTION('',(0.,0.,1.));
#18432 = ORIENTED_EDGE('',*,*,#18433,.T.);
#18433 = EDGE_CURVE('',#18424,#18434,#18436,.T.);
#18434 = VERTEX_POINT('',#18435);
#18435 = CARTESIAN_POINT('',(576.072,13.335,789.7876));
#18436 = LINE('',#18437,#18438);
#18437 = CARTESIAN_POINT('',(576.072,-5.715,789.7876));
#18438 = VECTOR('',#18439,1.);
#18439 = DIRECTION('',(-0.,1.,0.));
#18440 = ORIENTED_EDGE('',*,*,#18441,.T.);
#18441 = EDGE_CURVE('',#18434,#18442,#18444,.T.);
#18442 = VERTEX_POINT('',#18443);
#18443 = CARTESIAN_POINT('',(576.072,13.335,849.7316));
#18444 = LINE('',#18445,#18446);
#18445 = CARTESIAN_POINT('',(576.072,13.335,789.7876));
#18446 = VECTOR('',#18447,1.);
#18447 = DIRECTION('',(0.,0.,1.));
#18448 = ORIENTED_EDGE('',*,*,#18449,.F.);
#18449 = EDGE_CURVE('',#18426,#18442,#18450,.T.);
#18450 = LINE('',#18451,#18452);
#18451 = CARTESIAN_POINT('',(576.072,-5.715,849.7316));
#18452 = VECTOR('',#18453,1.);
#18453 = DIRECTION('',(-0.,1.,0.));
#18454 = PLANE('',#18455);
#18455 = AXIS2_PLACEMENT_3D('',#18456,#18457,#18458);
#18456 = CARTESIAN_POINT('',(576.072,-5.715,789.7876));
#18457 = DIRECTION('',(1.,0.,-0.));
#18458 = DIRECTION('',(0.,0.,1.));
#18459 = ADVANCED_FACE('',(#18460),#18476,.F.);
#18460 = FACE_BOUND('',#18461,.F.);
#18461 = EDGE_LOOP('',(#18462,#18468,#18469,#18475));
#18462 = ORIENTED_EDGE('',*,*,#18463,.F.);
#18463 = EDGE_CURVE('',#18384,#18424,#18464,.T.);
#18464 = LINE('',#18465,#18466);
#18465 = CARTESIAN_POINT('',(516.128,-5.715,789.7876));
#18466 = VECTOR('',#18467,1.);
#18467 = DIRECTION('',(1.,0.,-0.));
#18468 = ORIENTED_EDGE('',*,*,#18383,.T.);
#18469 = ORIENTED_EDGE('',*,*,#18470,.T.);
#18470 = EDGE_CURVE('',#18386,#18426,#18471,.T.);
#18471 = LINE('',#18472,#18473);
#18472 = CARTESIAN_POINT('',(516.128,-5.715,849.7316));
#18473 = VECTOR('',#18474,1.);
#18474 = DIRECTION('',(1.,0.,-0.));
#18475 = ORIENTED_EDGE('',*,*,#18423,.F.);
#18476 = PLANE('',#18477);
#18477 = AXIS2_PLACEMENT_3D('',#18478,#18479,#18480);
#18478 = CARTESIAN_POINT('',(516.128,-5.715,789.7876));
#18479 = DIRECTION('',(-0.,1.,0.));
#18480 = DIRECTION('',(0.,0.,1.));
#18481 = ADVANCED_FACE('',(#18482),#18498,.T.);
#18482 = FACE_BOUND('',#18483,.T.);
#18483 = EDGE_LOOP('',(#18484,#18490,#18491,#18497));
#18484 = ORIENTED_EDGE('',*,*,#18485,.F.);
#18485 = EDGE_CURVE('',#18394,#18434,#18486,.T.);
#18486 = LINE('',#18487,#18488);
#18487 = CARTESIAN_POINT('',(516.128,13.335,789.7876));
#18488 = VECTOR('',#18489,1.);
#18489 = DIRECTION('',(1.,0.,-0.));
#18490 = ORIENTED_EDGE('',*,*,#18401,.T.);
#18491 = ORIENTED_EDGE('',*,*,#18492,.T.);
#18492 = EDGE_CURVE('',#18402,#18442,#18493,.T.);
#18493 = LINE('',#18494,#18495);
#18494 = CARTESIAN_POINT('',(516.128,13.335,849.7316));
#18495 = VECTOR('',#18496,1.);
#18496 = DIRECTION('',(1.,0.,-0.));
#18497 = ORIENTED_EDGE('',*,*,#18441,.F.);
#18498 = PLANE('',#18499);
#18499 = AXIS2_PLACEMENT_3D('',#18500,#18501,#18502);
#18500 = CARTESIAN_POINT('',(516.128,13.335,789.7876));
#18501 = DIRECTION('',(-0.,1.,0.));
#18502 = DIRECTION('',(0.,0.,1.));
#18503 = ADVANCED_FACE('',(#18504),#18510,.F.);
#18504 = FACE_BOUND('',#18505,.F.);
#18505 = EDGE_LOOP('',(#18506,#18507,#18508,#18509));
#18506 = ORIENTED_EDGE('',*,*,#18393,.F.);
#18507 = ORIENTED_EDGE('',*,*,#18463,.T.);
#18508 = ORIENTED_EDGE('',*,*,#18433,.T.);
#18509 = ORIENTED_EDGE('',*,*,#18485,.F.);
#18510 = PLANE('',#18511);
#18511 = AXIS2_PLACEMENT_3D('',#18512,#18513,#18514);
#18512 = CARTESIAN_POINT('',(516.128,-5.715,789.7876));
#18513 = DIRECTION('',(0.,0.,1.));
#18514 = DIRECTION('',(1.,0.,-0.));
#18515 = ADVANCED_FACE('',(#18516),#18522,.T.);
#18516 = FACE_BOUND('',#18517,.T.);
#18517 = EDGE_LOOP('',(#18518,#18519,#18520,#18521));
#18518 = ORIENTED_EDGE('',*,*,#18409,.F.);
#18519 = ORIENTED_EDGE('',*,*,#18470,.T.);
#18520 = ORIENTED_EDGE('',*,*,#18449,.T.);
#18521 = ORIENTED_EDGE('',*,*,#18492,.F.);
#18522 = PLANE('',#18523);
#18523 = AXIS2_PLACEMENT_3D('',#18524,#18525,#18526);
#18524 = CARTESIAN_POINT('',(516.128,-5.715,849.7316));
#18525 = DIRECTION('',(0.,0.,1.));
#18526 = DIRECTION('',(1.,0.,-0.));
#18527 = ( GEOMETRIC_REPRESENTATION_CONTEXT(3) 
GLOBAL_UNCERTAINTY_ASSIGNED_CONTEXT((#18531)) 
GLOBAL_UNIT_ASSIGNED_CONTEXT((#18528,#18529,#18530)) 
REPRESENTATION_CONTEXT('Context #1',
  '3D Context with UNIT and UNCERTAINTY') );
#18528 = ( LENGTH_UNIT() NAMED_UNIT(*) SI_UNIT(.MILLI.,.METRE.) );
#18529 = ( NAMED_UNIT(*) PLANE_ANGLE_UNIT() SI_UNIT($,.RADIAN.) );
#18530 = ( NAMED_UNIT(*) SI_UNIT($,.STERADIAN.) SOLID_ANGLE_UNIT() );
#18531 = UNCERTAINTY_MEASURE_WITH_UNIT(LENGTH_MEASURE(1.E-07),#18528,
  'distance_accuracy_value','confusion accuracy');
#18532 = CONTEXT_DEPENDENT_SHAPE_REPRESENTATION(#18533,#18535);
#18533 = ( REPRESENTATION_RELATIONSHIP('','',#18376,#10) 
REPRESENTATION_RELATIONSHIP_WITH_TRANSFORMATION(#18534) 
SHAPE_REPRESENTATION_RELATIONSHIP() );
#18534 = ITEM_DEFINED_TRANSFORMATION('','',#11,#263);
#18535 = PRODUCT_DEFINITION_SHAPE('Placement','Placement of an item',
  #18536);
#18536 = NEXT_ASSEMBLY_USAGE_OCCURRENCE('63','G009_Muntin_15','',#5,
  #18371,$);
#18537 = PRODUCT_RELATED_PRODUCT_CATEGORY('part',$,(#18373));
#18538 = SHAPE_DEFINITION_REPRESENTATION(#18539,#18545);
#18539 = PRODUCT_DEFINITION_SHAPE('','',#18540);
#18540 = PRODUCT_DEFINITION('design','',#18541,#18544);
#18541 = PRODUCT_DEFINITION_FORMATION('','',#18542);
#18542 = PRODUCT('G009_Muntin_19','G009_Muntin_19','',(#18543));
#18543 = PRODUCT_CONTEXT('',#2,'mechanical');
#18544 = PRODUCT_DEFINITION_CONTEXT('part definition',#2,'design');
#18545 = ADVANCED_BREP_SHAPE_REPRESENTATION('',(#11,#18546),#18696);
#18546 = MANIFOLD_SOLID_BREP('',#18547);
#18547 = CLOSED_SHELL('',(#18548,#18588,#18628,#18650,#18672,#18684));
#18548 = ADVANCED_FACE('',(#18549),#18583,.F.);
#18549 = FACE_BOUND('',#18550,.F.);
#18550 = EDGE_LOOP('',(#18551,#18561,#18569,#18577));
#18551 = ORIENTED_EDGE('',*,*,#18552,.F.);
#18552 = EDGE_CURVE('',#18553,#18555,#18557,.T.);
#18553 = VERTEX_POINT('',#18554);
#18554 = CARTESIAN_POINT('',(484.4288,-5.715,856.3102));
#18555 = VERTEX_POINT('',#18556);
#18556 = CARTESIAN_POINT('',(484.4288,-5.715,989.203));
#18557 = LINE('',#18558,#18559);
#18558 = CARTESIAN_POINT('',(484.4288,-5.715,856.3102));
#18559 = VECTOR('',#18560,1.);
#18560 = DIRECTION('',(0.,0.,1.));
#18561 = ORIENTED_EDGE('',*,*,#18562,.T.);
#18562 = EDGE_CURVE('',#18553,#18563,#18565,.T.);
#18563 = VERTEX_POINT('',#18564);
#18564 = CARTESIAN_POINT('',(484.4288,13.335,856.3102));
#18565 = LINE('',#18566,#18567);
#18566 = CARTESIAN_POINT('',(484.4288,-5.715,856.3102));
#18567 = VECTOR('',#18568,1.);
#18568 = DIRECTION('',(-0.,1.,0.));
#18569 = ORIENTED_EDGE('',*,*,#18570,.T.);
#18570 = EDGE_CURVE('',#18563,#18571,#18573,.T.);
#18571 = VERTEX_POINT('',#18572);
#18572 = CARTESIAN_POINT('',(484.4288,13.335,989.203));
#18573 = LINE('',#18574,#18575);
#18574 = CARTESIAN_POINT('',(484.4288,13.335,856.3102));
#18575 = VECTOR('',#18576,1.);
#18576 = DIRECTION('',(0.,0.,1.));
#18577 = ORIENTED_EDGE('',*,*,#18578,.F.);
#18578 = EDGE_CURVE('',#18555,#18571,#18579,.T.);
#18579 = LINE('',#18580,#18581);
#18580 = CARTESIAN_POINT('',(484.4288,-5.715,989.203));
#18581 = VECTOR('',#18582,1.);
#18582 = DIRECTION('',(-0.,1.,0.));
#18583 = PLANE('',#18584);
#18584 = AXIS2_PLACEMENT_3D('',#18585,#18586,#18587);
#18585 = CARTESIAN_POINT('',(484.4288,-5.715,856.3102));
#18586 = DIRECTION('',(1.,0.,-0.));
#18587 = DIRECTION('',(0.,0.,1.));
#18588 = ADVANCED_FACE('',(#18589),#18623,.T.);
#18589 = FACE_BOUND('',#18590,.T.);
#18590 = EDGE_LOOP('',(#18591,#18601,#18609,#18617));
#18591 = ORIENTED_EDGE('',*,*,#18592,.F.);
#18592 = EDGE_CURVE('',#18593,#18595,#18597,.T.);
#18593 = VERTEX_POINT('',#18594);
#18594 = CARTESIAN_POINT('',(503.4788,-5.715,856.3102));
#18595 = VERTEX_POINT('',#18596);
#18596 = CARTESIAN_POINT('',(503.4788,-5.715,989.203));
#18597 = LINE('',#18598,#18599);
#18598 = CARTESIAN_POINT('',(503.4788,-5.715,856.3102));
#18599 = VECTOR('',#18600,1.);
#18600 = DIRECTION('',(0.,0.,1.));
#18601 = ORIENTED_EDGE('',*,*,#18602,.T.);
#18602 = EDGE_CURVE('',#18593,#18603,#18605,.T.);
#18603 = VERTEX_POINT('',#18604);
#18604 = CARTESIAN_POINT('',(503.4788,13.335,856.3102));
#18605 = LINE('',#18606,#18607);
#18606 = CARTESIAN_POINT('',(503.4788,-5.715,856.3102));
#18607 = VECTOR('',#18608,1.);
#18608 = DIRECTION('',(-0.,1.,0.));
#18609 = ORIENTED_EDGE('',*,*,#18610,.T.);
#18610 = EDGE_CURVE('',#18603,#18611,#18613,.T.);
#18611 = VERTEX_POINT('',#18612);
#18612 = CARTESIAN_POINT('',(503.4788,13.335,989.203));
#18613 = LINE('',#18614,#18615);
#18614 = CARTESIAN_POINT('',(503.4788,13.335,856.3102));
#18615 = VECTOR('',#18616,1.);
#18616 = DIRECTION('',(0.,0.,1.));
#18617 = ORIENTED_EDGE('',*,*,#18618,.F.);
#18618 = EDGE_CURVE('',#18595,#18611,#18619,.T.);
#18619 = LINE('',#18620,#18621);
#18620 = CARTESIAN_POINT('',(503.4788,-5.715,989.203));
#18621 = VECTOR('',#18622,1.);
#18622 = DIRECTION('',(-0.,1.,0.));
#18623 = PLANE('',#18624);
#18624 = AXIS2_PLACEMENT_3D('',#18625,#18626,#18627);
#18625 = CARTESIAN_POINT('',(503.4788,-5.715,856.3102));
#18626 = DIRECTION('',(1.,0.,-0.));
#18627 = DIRECTION('',(0.,0.,1.));
#18628 = ADVANCED_FACE('',(#18629),#18645,.F.);
#18629 = FACE_BOUND('',#18630,.F.);
#18630 = EDGE_LOOP('',(#18631,#18637,#18638,#18644));
#18631 = ORIENTED_EDGE('',*,*,#18632,.F.);
#18632 = EDGE_CURVE('',#18553,#18593,#18633,.T.);
#18633 = LINE('',#18634,#18635);
#18634 = CARTESIAN_POINT('',(484.4288,-5.715,856.3102));
#18635 = VECTOR('',#18636,1.);
#18636 = DIRECTION('',(1.,0.,-0.));
#18637 = ORIENTED_EDGE('',*,*,#18552,.T.);
#18638 = ORIENTED_EDGE('',*,*,#18639,.T.);
#18639 = EDGE_CURVE('',#18555,#18595,#18640,.T.);
#18640 = LINE('',#18641,#18642);
#18641 = CARTESIAN_POINT('',(484.4288,-5.715,989.203));
#18642 = VECTOR('',#18643,1.);
#18643 = DIRECTION('',(1.,0.,-0.));
#18644 = ORIENTED_EDGE('',*,*,#18592,.F.);
#18645 = PLANE('',#18646);
#18646 = AXIS2_PLACEMENT_3D('',#18647,#18648,#18649);
#18647 = CARTESIAN_POINT('',(484.4288,-5.715,856.3102));
#18648 = DIRECTION('',(-0.,1.,0.));
#18649 = DIRECTION('',(0.,0.,1.));
#18650 = ADVANCED_FACE('',(#18651),#18667,.T.);
#18651 = FACE_BOUND('',#18652,.T.);
#18652 = EDGE_LOOP('',(#18653,#18659,#18660,#18666));
#18653 = ORIENTED_EDGE('',*,*,#18654,.F.);
#18654 = EDGE_CURVE('',#18563,#18603,#18655,.T.);
#18655 = LINE('',#18656,#18657);
#18656 = CARTESIAN_POINT('',(484.4288,13.335,856.3102));
#18657 = VECTOR('',#18658,1.);
#18658 = DIRECTION('',(1.,0.,-0.));
#18659 = ORIENTED_EDGE('',*,*,#18570,.T.);
#18660 = ORIENTED_EDGE('',*,*,#18661,.T.);
#18661 = EDGE_CURVE('',#18571,#18611,#18662,.T.);
#18662 = LINE('',#18663,#18664);
#18663 = CARTESIAN_POINT('',(484.4288,13.335,989.203));
#18664 = VECTOR('',#18665,1.);
#18665 = DIRECTION('',(1.,0.,-0.));
#18666 = ORIENTED_EDGE('',*,*,#18610,.F.);
#18667 = PLANE('',#18668);
#18668 = AXIS2_PLACEMENT_3D('',#18669,#18670,#18671);
#18669 = CARTESIAN_POINT('',(484.4288,13.335,856.3102));
#18670 = DIRECTION('',(-0.,1.,0.));
#18671 = DIRECTION('',(0.,0.,1.));
#18672 = ADVANCED_FACE('',(#18673),#18679,.F.);
#18673 = FACE_BOUND('',#18674,.F.);
#18674 = EDGE_LOOP('',(#18675,#18676,#18677,#18678));
#18675 = ORIENTED_EDGE('',*,*,#18562,.F.);
#18676 = ORIENTED_EDGE('',*,*,#18632,.T.);
#18677 = ORIENTED_EDGE('',*,*,#18602,.T.);
#18678 = ORIENTED_EDGE('',*,*,#18654,.F.);
#18679 = PLANE('',#18680);
#18680 = AXIS2_PLACEMENT_3D('',#18681,#18682,#18683);
#18681 = CARTESIAN_POINT('',(484.4288,-5.715,856.3102));
#18682 = DIRECTION('',(0.,0.,1.));
#18683 = DIRECTION('',(1.,0.,-0.));
#18684 = ADVANCED_FACE('',(#18685),#18691,.T.);
#18685 = FACE_BOUND('',#18686,.T.);
#18686 = EDGE_LOOP('',(#18687,#18688,#18689,#18690));
#18687 = ORIENTED_EDGE('',*,*,#18578,.F.);
#18688 = ORIENTED_EDGE('',*,*,#18639,.T.);
#18689 = ORIENTED_EDGE('',*,*,#18618,.T.);
#18690 = ORIENTED_EDGE('',*,*,#18661,.F.);
#18691 = PLANE('',#18692);
#18692 = AXIS2_PLACEMENT_3D('',#18693,#18694,#18695);
#18693 = CARTESIAN_POINT('',(484.4288,-5.715,989.203));
#18694 = DIRECTION('',(0.,0.,1.));
#18695 = DIRECTION('',(1.,0.,-0.));
#18696 = ( GEOMETRIC_REPRESENTATION_CONTEXT(3) 
GLOBAL_UNCERTAINTY_ASSIGNED_CONTEXT((#18700)) 
GLOBAL_UNIT_ASSIGNED_CONTEXT((#18697,#18698,#18699)) 
REPRESENTATION_CONTEXT('Context #1',
  '3D Context with UNIT and UNCERTAINTY') );
#18697 = ( LENGTH_UNIT() NAMED_UNIT(*) SI_UNIT(.MILLI.,.METRE.) );
#18698 = ( NAMED_UNIT(*) PLANE_ANGLE_UNIT() SI_UNIT($,.RADIAN.) );
#18699 = ( NAMED_UNIT(*) SI_UNIT($,.STERADIAN.) SOLID_ANGLE_UNIT() );
#18700 = UNCERTAINTY_MEASURE_WITH_UNIT(LENGTH_MEASURE(1.E-07),#18697,
  'distance_accuracy_value','confusion accuracy');
#18701 = CONTEXT_DEPENDENT_SHAPE_REPRESENTATION(#18702,#18704);
#18702 = ( REPRESENTATION_RELATIONSHIP('','',#18545,#10) 
REPRESENTATION_RELATIONSHIP_WITH_TRANSFORMATION(#18703) 
SHAPE_REPRESENTATION_RELATIONSHIP() );
#18703 = ITEM_DEFINED_TRANSFORMATION('','',#11,#267);
#18704 = PRODUCT_DEFINITION_SHAPE('Placement','Placement of an item',
  #18705);
#18705 = NEXT_ASSEMBLY_USAGE_OCCURRENCE('64','G009_Muntin_19','',#5,
  #18540,$);
#18706 = PRODUCT_RELATED_PRODUCT_CATEGORY('part',$,(#18542));
#18707 = SHAPE_DEFINITION_REPRESENTATION(#18708,#18714);
#18708 = PRODUCT_DEFINITION_SHAPE('','',#18709);
#18709 = PRODUCT_DEFINITION('design','',#18710,#18713);
#18710 = PRODUCT_DEFINITION_FORMATION('','',#18711);
#18711 = PRODUCT('G009_Muntin_20','G009_Muntin_20','',(#18712));
#18712 = PRODUCT_CONTEXT('',#2,'mechanical');
#18713 = PRODUCT_DEFINITION_CONTEXT('part definition',#2,'design');
#18714 = ADVANCED_BREP_SHAPE_REPRESENTATION('',(#11,#18715),#18865);
#18715 = MANIFOLD_SOLID_BREP('',#18716);
#18716 = CLOSED_SHELL('',(#18717,#18757,#18797,#18819,#18841,#18853));
#18717 = ADVANCED_FACE('',(#18718),#18752,.F.);
#18718 = FACE_BOUND('',#18719,.F.);
#18719 = EDGE_LOOP('',(#18720,#18730,#18738,#18746));
#18720 = ORIENTED_EDGE('',*,*,#18721,.F.);
#18721 = EDGE_CURVE('',#18722,#18724,#18726,.T.);
#18722 = VERTEX_POINT('',#18723);
#18723 = CARTESIAN_POINT('',(536.575,-5.715,856.3102));
#18724 = VERTEX_POINT('',#18725);
#18725 = CARTESIAN_POINT('',(536.575,-5.715,989.203));
#18726 = LINE('',#18727,#18728);
#18727 = CARTESIAN_POINT('',(536.575,-5.715,856.3102));
#18728 = VECTOR('',#18729,1.);
#18729 = DIRECTION('',(0.,0.,1.));
#18730 = ORIENTED_EDGE('',*,*,#18731,.T.);
#18731 = EDGE_CURVE('',#18722,#18732,#18734,.T.);
#18732 = VERTEX_POINT('',#18733);
#18733 = CARTESIAN_POINT('',(536.575,13.335,856.3102));
#18734 = LINE('',#18735,#18736);
#18735 = CARTESIAN_POINT('',(536.575,-5.715,856.3102));
#18736 = VECTOR('',#18737,1.);
#18737 = DIRECTION('',(-0.,1.,0.));
#18738 = ORIENTED_EDGE('',*,*,#18739,.T.);
#18739 = EDGE_CURVE('',#18732,#18740,#18742,.T.);
#18740 = VERTEX_POINT('',#18741);
#18741 = CARTESIAN_POINT('',(536.575,13.335,989.203));
#18742 = LINE('',#18743,#18744);
#18743 = CARTESIAN_POINT('',(536.575,13.335,856.3102));
#18744 = VECTOR('',#18745,1.);
#18745 = DIRECTION('',(0.,0.,1.));
#18746 = ORIENTED_EDGE('',*,*,#18747,.F.);
#18747 = EDGE_CURVE('',#18724,#18740,#18748,.T.);
#18748 = LINE('',#18749,#18750);
#18749 = CARTESIAN_POINT('',(536.575,-5.715,989.203));
#18750 = VECTOR('',#18751,1.);
#18751 = DIRECTION('',(-0.,1.,0.));
#18752 = PLANE('',#18753);
#18753 = AXIS2_PLACEMENT_3D('',#18754,#18755,#18756);
#18754 = CARTESIAN_POINT('',(536.575,-5.715,856.3102));
#18755 = DIRECTION('',(1.,0.,-0.));
#18756 = DIRECTION('',(0.,0.,1.));
#18757 = ADVANCED_FACE('',(#18758),#18792,.T.);
#18758 = FACE_BOUND('',#18759,.T.);
#18759 = EDGE_LOOP('',(#18760,#18770,#18778,#18786));
#18760 = ORIENTED_EDGE('',*,*,#18761,.F.);
#18761 = EDGE_CURVE('',#18762,#18764,#18766,.T.);
#18762 = VERTEX_POINT('',#18763);
#18763 = CARTESIAN_POINT('',(555.625,-5.715,856.3102));
#18764 = VERTEX_POINT('',#18765);
#18765 = CARTESIAN_POINT('',(555.625,-5.715,989.203));
#18766 = LINE('',#18767,#18768);
#18767 = CARTESIAN_POINT('',(555.625,-5.715,856.3102));
#18768 = VECTOR('',#18769,1.);
#18769 = DIRECTION('',(0.,0.,1.));
#18770 = ORIENTED_EDGE('',*,*,#18771,.T.);
#18771 = EDGE_CURVE('',#18762,#18772,#18774,.T.);
#18772 = VERTEX_POINT('',#18773);
#18773 = CARTESIAN_POINT('',(555.625,13.335,856.3102));
#18774 = LINE('',#18775,#18776);
#18775 = CARTESIAN_POINT('',(555.625,-5.715,856.3102));
#18776 = VECTOR('',#18777,1.);
#18777 = DIRECTION('',(-0.,1.,0.));
#18778 = ORIENTED_EDGE('',*,*,#18779,.T.);
#18779 = EDGE_CURVE('',#18772,#18780,#18782,.T.);
#18780 = VERTEX_POINT('',#18781);
#18781 = CARTESIAN_POINT('',(555.625,13.335,989.203));
#18782 = LINE('',#18783,#18784);
#18783 = CARTESIAN_POINT('',(555.625,13.335,856.3102));
#18784 = VECTOR('',#18785,1.);
#18785 = DIRECTION('',(0.,0.,1.));
#18786 = ORIENTED_EDGE('',*,*,#18787,.F.);
#18787 = EDGE_CURVE('',#18764,#18780,#18788,.T.);
#18788 = LINE('',#18789,#18790);
#18789 = CARTESIAN_POINT('',(555.625,-5.715,989.203));
#18790 = VECTOR('',#18791,1.);
#18791 = DIRECTION('',(-0.,1.,0.));
#18792 = PLANE('',#18793);
#18793 = AXIS2_PLACEMENT_3D('',#18794,#18795,#18796);
#18794 = CARTESIAN_POINT('',(555.625,-5.715,856.3102));
#18795 = DIRECTION('',(1.,0.,-0.));
#18796 = DIRECTION('',(0.,0.,1.));
#18797 = ADVANCED_FACE('',(#18798),#18814,.F.);
#18798 = FACE_BOUND('',#18799,.F.);
#18799 = EDGE_LOOP('',(#18800,#18806,#18807,#18813));
#18800 = ORIENTED_EDGE('',*,*,#18801,.F.);
#18801 = EDGE_CURVE('',#18722,#18762,#18802,.T.);
#18802 = LINE('',#18803,#18804);
#18803 = CARTESIAN_POINT('',(536.575,-5.715,856.3102));
#18804 = VECTOR('',#18805,1.);
#18805 = DIRECTION('',(1.,0.,-0.));
#18806 = ORIENTED_EDGE('',*,*,#18721,.T.);
#18807 = ORIENTED_EDGE('',*,*,#18808,.T.);
#18808 = EDGE_CURVE('',#18724,#18764,#18809,.T.);
#18809 = LINE('',#18810,#18811);
#18810 = CARTESIAN_POINT('',(536.575,-5.715,989.203));
#18811 = VECTOR('',#18812,1.);
#18812 = DIRECTION('',(1.,0.,-0.));
#18813 = ORIENTED_EDGE('',*,*,#18761,.F.);
#18814 = PLANE('',#18815);
#18815 = AXIS2_PLACEMENT_3D('',#18816,#18817,#18818);
#18816 = CARTESIAN_POINT('',(536.575,-5.715,856.3102));
#18817 = DIRECTION('',(-0.,1.,0.));
#18818 = DIRECTION('',(0.,0.,1.));
#18819 = ADVANCED_FACE('',(#18820),#18836,.T.);
#18820 = FACE_BOUND('',#18821,.T.);
#18821 = EDGE_LOOP('',(#18822,#18828,#18829,#18835));
#18822 = ORIENTED_EDGE('',*,*,#18823,.F.);
#18823 = EDGE_CURVE('',#18732,#18772,#18824,.T.);
#18824 = LINE('',#18825,#18826);
#18825 = CARTESIAN_POINT('',(536.575,13.335,856.3102));
#18826 = VECTOR('',#18827,1.);
#18827 = DIRECTION('',(1.,0.,-0.));
#18828 = ORIENTED_EDGE('',*,*,#18739,.T.);
#18829 = ORIENTED_EDGE('',*,*,#18830,.T.);
#18830 = EDGE_CURVE('',#18740,#18780,#18831,.T.);
#18831 = LINE('',#18832,#18833);
#18832 = CARTESIAN_POINT('',(536.575,13.335,989.203));
#18833 = VECTOR('',#18834,1.);
#18834 = DIRECTION('',(1.,0.,-0.));
#18835 = ORIENTED_EDGE('',*,*,#18779,.F.);
#18836 = PLANE('',#18837);
#18837 = AXIS2_PLACEMENT_3D('',#18838,#18839,#18840);
#18838 = CARTESIAN_POINT('',(536.575,13.335,856.3102));
#18839 = DIRECTION('',(-0.,1.,0.));
#18840 = DIRECTION('',(0.,0.,1.));
#18841 = ADVANCED_FACE('',(#18842),#18848,.F.);
#18842 = FACE_BOUND('',#18843,.F.);
#18843 = EDGE_LOOP('',(#18844,#18845,#18846,#18847));
#18844 = ORIENTED_EDGE('',*,*,#18731,.F.);
#18845 = ORIENTED_EDGE('',*,*,#18801,.T.);
#18846 = ORIENTED_EDGE('',*,*,#18771,.T.);
#18847 = ORIENTED_EDGE('',*,*,#18823,.F.);
#18848 = PLANE('',#18849);
#18849 = AXIS2_PLACEMENT_3D('',#18850,#18851,#18852);
#18850 = CARTESIAN_POINT('',(536.575,-5.715,856.3102));
#18851 = DIRECTION('',(0.,0.,1.));
#18852 = DIRECTION('',(1.,0.,-0.));
#18853 = ADVANCED_FACE('',(#18854),#18860,.T.);
#18854 = FACE_BOUND('',#18855,.T.);
#18855 = EDGE_LOOP('',(#18856,#18857,#18858,#18859));
#18856 = ORIENTED_EDGE('',*,*,#18747,.F.);
#18857 = ORIENTED_EDGE('',*,*,#18808,.T.);
#18858 = ORIENTED_EDGE('',*,*,#18787,.T.);
#18859 = ORIENTED_EDGE('',*,*,#18830,.F.);
#18860 = PLANE('',#18861);
#18861 = AXIS2_PLACEMENT_3D('',#18862,#18863,#18864);
#18862 = CARTESIAN_POINT('',(536.575,-5.715,989.203));
#18863 = DIRECTION('',(0.,0.,1.));
#18864 = DIRECTION('',(1.,0.,-0.));
#18865 = ( GEOMETRIC_REPRESENTATION_CONTEXT(3) 
GLOBAL_UNCERTAINTY_ASSIGNED_CONTEXT((#18869)) 
GLOBAL_UNIT_ASSIGNED_CONTEXT((#18866,#18867,#18868)) 
REPRESENTATION_CONTEXT('Context #1',
  '3D Context with UNIT and UNCERTAINTY') );
#18866 = ( LENGTH_UNIT() NAMED_UNIT(*) SI_UNIT(.MILLI.,.METRE.) );
#18867 = ( NAMED_UNIT(*) PLANE_ANGLE_UNIT() SI_UNIT($,.RADIAN.) );
#18868 = ( NAMED_UNIT(*) SI_UNIT($,.STERADIAN.) SOLID_ANGLE_UNIT() );
#18869 = UNCERTAINTY_MEASURE_WITH_UNIT(LENGTH_MEASURE(1.E-07),#18866,
  'distance_accuracy_value','confusion accuracy');
#18870 = CONTEXT_DEPENDENT_SHAPE_REPRESENTATION(#18871,#18873);
#18871 = ( REPRESENTATION_RELATIONSHIP('','',#18714,#10) 
REPRESENTATION_RELATIONSHIP_WITH_TRANSFORMATION(#18872) 
SHAPE_REPRESENTATION_RELATIONSHIP() );
#18872 = ITEM_DEFINED_TRANSFORMATION('','',#11,#271);
#18873 = PRODUCT_DEFINITION_SHAPE('Placement','Placement of an item',
  #18874);
#18874 = NEXT_ASSEMBLY_USAGE_OCCURRENCE('65','G009_Muntin_20','',#5,
  #18709,$);
#18875 = PRODUCT_RELATED_PRODUCT_CATEGORY('part',$,(#18711));
#18876 = SHAPE_DEFINITION_REPRESENTATION(#18877,#18883);
#18877 = PRODUCT_DEFINITION_SHAPE('','',#18878);
#18878 = PRODUCT_DEFINITION('design','',#18879,#18882);
#18879 = PRODUCT_DEFINITION_FORMATION('','',#18880);
#18880 = PRODUCT('G009_Muntin_21','G009_Muntin_21','',(#18881));
#18881 = PRODUCT_CONTEXT('',#2,'mechanical');
#18882 = PRODUCT_DEFINITION_CONTEXT('part definition',#2,'design');
#18883 = ADVANCED_BREP_SHAPE_REPRESENTATION('',(#11,#18884),#19034);
#18884 = MANIFOLD_SOLID_BREP('',#18885);
#18885 = CLOSED_SHELL('',(#18886,#18926,#18966,#18988,#19010,#19022));
#18886 = ADVANCED_FACE('',(#18887),#18921,.F.);
#18887 = FACE_BOUND('',#18888,.F.);
#18888 = EDGE_LOOP('',(#18889,#18899,#18907,#18915));
#18889 = ORIENTED_EDGE('',*,*,#18890,.F.);
#18890 = EDGE_CURVE('',#18891,#18893,#18895,.T.);
#18891 = VERTEX_POINT('',#18892);
#18892 = CARTESIAN_POINT('',(588.7212,-5.715,856.3102));
#18893 = VERTEX_POINT('',#18894);
#18894 = CARTESIAN_POINT('',(588.7212,-5.715,989.203));
#18895 = LINE('',#18896,#18897);
#18896 = CARTESIAN_POINT('',(588.7212,-5.715,856.3102));
#18897 = VECTOR('',#18898,1.);
#18898 = DIRECTION('',(0.,0.,1.));
#18899 = ORIENTED_EDGE('',*,*,#18900,.T.);
#18900 = EDGE_CURVE('',#18891,#18901,#18903,.T.);
#18901 = VERTEX_POINT('',#18902);
#18902 = CARTESIAN_POINT('',(588.7212,13.335,856.3102));
#18903 = LINE('',#18904,#18905);
#18904 = CARTESIAN_POINT('',(588.7212,-5.715,856.3102));
#18905 = VECTOR('',#18906,1.);
#18906 = DIRECTION('',(-0.,1.,0.));
#18907 = ORIENTED_EDGE('',*,*,#18908,.T.);
#18908 = EDGE_CURVE('',#18901,#18909,#18911,.T.);
#18909 = VERTEX_POINT('',#18910);
#18910 = CARTESIAN_POINT('',(588.7212,13.335,989.203));
#18911 = LINE('',#18912,#18913);
#18912 = CARTESIAN_POINT('',(588.7212,13.335,856.3102));
#18913 = VECTOR('',#18914,1.);
#18914 = DIRECTION('',(0.,0.,1.));
#18915 = ORIENTED_EDGE('',*,*,#18916,.F.);
#18916 = EDGE_CURVE('',#18893,#18909,#18917,.T.);
#18917 = LINE('',#18918,#18919);
#18918 = CARTESIAN_POINT('',(588.7212,-5.715,989.203));
#18919 = VECTOR('',#18920,1.);
#18920 = DIRECTION('',(-0.,1.,0.));
#18921 = PLANE('',#18922);
#18922 = AXIS2_PLACEMENT_3D('',#18923,#18924,#18925);
#18923 = CARTESIAN_POINT('',(588.7212,-5.715,856.3102));
#18924 = DIRECTION('',(1.,0.,-0.));
#18925 = DIRECTION('',(0.,0.,1.));
#18926 = ADVANCED_FACE('',(#18927),#18961,.T.);
#18927 = FACE_BOUND('',#18928,.T.);
#18928 = EDGE_LOOP('',(#18929,#18939,#18947,#18955));
#18929 = ORIENTED_EDGE('',*,*,#18930,.F.);
#18930 = EDGE_CURVE('',#18931,#18933,#18935,.T.);
#18931 = VERTEX_POINT('',#18932);
#18932 = CARTESIAN_POINT('',(607.7712,-5.715,856.3102));
#18933 = VERTEX_POINT('',#18934);
#18934 = CARTESIAN_POINT('',(607.7712,-5.715,989.203));
#18935 = LINE('',#18936,#18937);
#18936 = CARTESIAN_POINT('',(607.7712,-5.715,856.3102));
#18937 = VECTOR('',#18938,1.);
#18938 = DIRECTION('',(0.,0.,1.));
#18939 = ORIENTED_EDGE('',*,*,#18940,.T.);
#18940 = EDGE_CURVE('',#18931,#18941,#18943,.T.);
#18941 = VERTEX_POINT('',#18942);
#18942 = CARTESIAN_POINT('',(607.7712,13.335,856.3102));
#18943 = LINE('',#18944,#18945);
#18944 = CARTESIAN_POINT('',(607.7712,-5.715,856.3102));
#18945 = VECTOR('',#18946,1.);
#18946 = DIRECTION('',(-0.,1.,0.));
#18947 = ORIENTED_EDGE('',*,*,#18948,.T.);
#18948 = EDGE_CURVE('',#18941,#18949,#18951,.T.);
#18949 = VERTEX_POINT('',#18950);
#18950 = CARTESIAN_POINT('',(607.7712,13.335,989.203));
#18951 = LINE('',#18952,#18953);
#18952 = CARTESIAN_POINT('',(607.7712,13.335,856.3102));
#18953 = VECTOR('',#18954,1.);
#18954 = DIRECTION('',(0.,0.,1.));
#18955 = ORIENTED_EDGE('',*,*,#18956,.F.);
#18956 = EDGE_CURVE('',#18933,#18949,#18957,.T.);
#18957 = LINE('',#18958,#18959);
#18958 = CARTESIAN_POINT('',(607.7712,-5.715,989.203));
#18959 = VECTOR('',#18960,1.);
#18960 = DIRECTION('',(-0.,1.,0.));
#18961 = PLANE('',#18962);
#18962 = AXIS2_PLACEMENT_3D('',#18963,#18964,#18965);
#18963 = CARTESIAN_POINT('',(607.7712,-5.715,856.3102));
#18964 = DIRECTION('',(1.,0.,-0.));
#18965 = DIRECTION('',(0.,0.,1.));
#18966 = ADVANCED_FACE('',(#18967),#18983,.F.);
#18967 = FACE_BOUND('',#18968,.F.);
#18968 = EDGE_LOOP('',(#18969,#18975,#18976,#18982));
#18969 = ORIENTED_EDGE('',*,*,#18970,.F.);
#18970 = EDGE_CURVE('',#18891,#18931,#18971,.T.);
#18971 = LINE('',#18972,#18973);
#18972 = CARTESIAN_POINT('',(588.7212,-5.715,856.3102));
#18973 = VECTOR('',#18974,1.);
#18974 = DIRECTION('',(1.,0.,-0.));
#18975 = ORIENTED_EDGE('',*,*,#18890,.T.);
#18976 = ORIENTED_EDGE('',*,*,#18977,.T.);
#18977 = EDGE_CURVE('',#18893,#18933,#18978,.T.);
#18978 = LINE('',#18979,#18980);
#18979 = CARTESIAN_POINT('',(588.7212,-5.715,989.203));
#18980 = VECTOR('',#18981,1.);
#18981 = DIRECTION('',(1.,0.,-0.));
#18982 = ORIENTED_EDGE('',*,*,#18930,.F.);
#18983 = PLANE('',#18984);
#18984 = AXIS2_PLACEMENT_3D('',#18985,#18986,#18987);
#18985 = CARTESIAN_POINT('',(588.7212,-5.715,856.3102));
#18986 = DIRECTION('',(-0.,1.,0.));
#18987 = DIRECTION('',(0.,0.,1.));
#18988 = ADVANCED_FACE('',(#18989),#19005,.T.);
#18989 = FACE_BOUND('',#18990,.T.);
#18990 = EDGE_LOOP('',(#18991,#18997,#18998,#19004));
#18991 = ORIENTED_EDGE('',*,*,#18992,.F.);
#18992 = EDGE_CURVE('',#18901,#18941,#18993,.T.);
#18993 = LINE('',#18994,#18995);
#18994 = CARTESIAN_POINT('',(588.7212,13.335,856.3102));
#18995 = VECTOR('',#18996,1.);
#18996 = DIRECTION('',(1.,0.,-0.));
#18997 = ORIENTED_EDGE('',*,*,#18908,.T.);
#18998 = ORIENTED_EDGE('',*,*,#18999,.T.);
#18999 = EDGE_CURVE('',#18909,#18949,#19000,.T.);
#19000 = LINE('',#19001,#19002);
#19001 = CARTESIAN_POINT('',(588.7212,13.335,989.203));
#19002 = VECTOR('',#19003,1.);
#19003 = DIRECTION('',(1.,0.,-0.));
#19004 = ORIENTED_EDGE('',*,*,#18948,.F.);
#19005 = PLANE('',#19006);
#19006 = AXIS2_PLACEMENT_3D('',#19007,#19008,#19009);
#19007 = CARTESIAN_POINT('',(588.7212,13.335,856.3102));
#19008 = DIRECTION('',(-0.,1.,0.));
#19009 = DIRECTION('',(0.,0.,1.));
#19010 = ADVANCED_FACE('',(#19011),#19017,.F.);
#19011 = FACE_BOUND('',#19012,.F.);
#19012 = EDGE_LOOP('',(#19013,#19014,#19015,#19016));
#19013 = ORIENTED_EDGE('',*,*,#18900,.F.);
#19014 = ORIENTED_EDGE('',*,*,#18970,.T.);
#19015 = ORIENTED_EDGE('',*,*,#18940,.T.);
#19016 = ORIENTED_EDGE('',*,*,#18992,.F.);
#19017 = PLANE('',#19018);
#19018 = AXIS2_PLACEMENT_3D('',#19019,#19020,#19021);
#19019 = CARTESIAN_POINT('',(588.7212,-5.715,856.3102));
#19020 = DIRECTION('',(0.,0.,1.));
#19021 = DIRECTION('',(1.,0.,-0.));
#19022 = ADVANCED_FACE('',(#19023),#19029,.T.);
#19023 = FACE_BOUND('',#19024,.T.);
#19024 = EDGE_LOOP('',(#19025,#19026,#19027,#19028));
#19025 = ORIENTED_EDGE('',*,*,#18916,.F.);
#19026 = ORIENTED_EDGE('',*,*,#18977,.T.);
#19027 = ORIENTED_EDGE('',*,*,#18956,.T.);
#19028 = ORIENTED_EDGE('',*,*,#18999,.F.);
#19029 = PLANE('',#19030);
#19030 = AXIS2_PLACEMENT_3D('',#19031,#19032,#19033);
#19031 = CARTESIAN_POINT('',(588.7212,-5.715,989.203));
#19032 = DIRECTION('',(0.,0.,1.));
#19033 = DIRECTION('',(1.,0.,-0.));
#19034 = ( GEOMETRIC_REPRESENTATION_CONTEXT(3) 
GLOBAL_UNCERTAINTY_ASSIGNED_CONTEXT((#19038)) 
GLOBAL_UNIT_ASSIGNED_CONTEXT((#19035,#19036,#19037)) 
REPRESENTATION_CONTEXT('Context #1',
  '3D Context with UNIT and UNCERTAINTY') );
#19035 = ( LENGTH_UNIT() NAMED_UNIT(*) SI_UNIT(.MILLI.,.METRE.) );
#19036 = ( NAMED_UNIT(*) PLANE_ANGLE_UNIT() SI_UNIT($,.RADIAN.) );
#19037 = ( NAMED_UNIT(*) SI_UNIT($,.STERADIAN.) SOLID_ANGLE_UNIT() );
#19038 = UNCERTAINTY_MEASURE_WITH_UNIT(LENGTH_MEASURE(1.E-07),#19035,
  'distance_accuracy_value','confusion accuracy');
#19039 = CONTEXT_DEPENDENT_SHAPE_REPRESENTATION(#19040,#19042);
#19040 = ( REPRESENTATION_RELATIONSHIP('','',#18883,#10) 
REPRESENTATION_RELATIONSHIP_WITH_TRANSFORMATION(#19041) 
SHAPE_REPRESENTATION_RELATIONSHIP() );
#19041 = ITEM_DEFINED_TRANSFORMATION('','',#11,#275);
#19042 = PRODUCT_DEFINITION_SHAPE('Placement','Placement of an item',
  #19043);
#19043 = NEXT_ASSEMBLY_USAGE_OCCURRENCE('66','G009_Muntin_21','',#5,
  #18878,$);
#19044 = PRODUCT_RELATED_PRODUCT_CATEGORY('part',$,(#18880));
#19045 = SHAPE_DEFINITION_REPRESENTATION(#19046,#19052);
#19046 = PRODUCT_DEFINITION_SHAPE('','',#19047);
#19047 = PRODUCT_DEFINITION('design','',#19048,#19051);
#19048 = PRODUCT_DEFINITION_FORMATION('','',#19049);
#19049 = PRODUCT('G009_Muntin_28','G009_Muntin_28','',(#19050));
#19050 = PRODUCT_CONTEXT('',#2,'mechanical');
#19051 = PRODUCT_DEFINITION_CONTEXT('part definition',#2,'design');
#19052 = ADVANCED_BREP_SHAPE_REPRESENTATION('',(#11,#19053),#19203);
#19053 = MANIFOLD_SOLID_BREP('',#19054);
#19054 = CLOSED_SHELL('',(#19055,#19095,#19135,#19157,#19179,#19191));
#19055 = ADVANCED_FACE('',(#19056),#19090,.F.);
#19056 = FACE_BOUND('',#19057,.F.);
#19057 = EDGE_LOOP('',(#19058,#19068,#19076,#19084));
#19058 = ORIENTED_EDGE('',*,*,#19059,.F.);
#19059 = EDGE_CURVE('',#19060,#19062,#19064,.T.);
#19060 = VERTEX_POINT('',#19061);
#19061 = CARTESIAN_POINT('',(427.5582,-5.715,783.209));
#19062 = VERTEX_POINT('',#19063);
#19063 = CARTESIAN_POINT('',(427.5582,-5.715,1.1154664E+03));
#19064 = LINE('',#19065,#19066);
#19065 = CARTESIAN_POINT('',(427.5582,-5.715,783.209));
#19066 = VECTOR('',#19067,1.);
#19067 = DIRECTION('',(0.,0.,1.));
#19068 = ORIENTED_EDGE('',*,*,#19069,.T.);
#19069 = EDGE_CURVE('',#19060,#19070,#19072,.T.);
#19070 = VERTEX_POINT('',#19071);
#19071 = CARTESIAN_POINT('',(427.5582,13.335,783.209));
#19072 = LINE('',#19073,#19074);
#19073 = CARTESIAN_POINT('',(427.5582,-5.715,783.209));
#19074 = VECTOR('',#19075,1.);
#19075 = DIRECTION('',(-0.,1.,0.));
#19076 = ORIENTED_EDGE('',*,*,#19077,.T.);
#19077 = EDGE_CURVE('',#19070,#19078,#19080,.T.);
#19078 = VERTEX_POINT('',#19079);
#19079 = CARTESIAN_POINT('',(427.5582,13.335,1.1154664E+03));
#19080 = LINE('',#19081,#19082);
#19081 = CARTESIAN_POINT('',(427.5582,13.335,783.209));
#19082 = VECTOR('',#19083,1.);
#19083 = DIRECTION('',(0.,0.,1.));
#19084 = ORIENTED_EDGE('',*,*,#19085,.F.);
#19085 = EDGE_CURVE('',#19062,#19078,#19086,.T.);
#19086 = LINE('',#19087,#19088);
#19087 = CARTESIAN_POINT('',(427.5582,-5.715,1.1154664E+03));
#19088 = VECTOR('',#19089,1.);
#19089 = DIRECTION('',(-0.,1.,0.));
#19090 = PLANE('',#19091);
#19091 = AXIS2_PLACEMENT_3D('',#19092,#19093,#19094);
#19092 = CARTESIAN_POINT('',(427.5582,-5.715,783.209));
#19093 = DIRECTION('',(1.,0.,-0.));
#19094 = DIRECTION('',(0.,0.,1.));
#19095 = ADVANCED_FACE('',(#19096),#19130,.T.);
#19096 = FACE_BOUND('',#19097,.T.);
#19097 = EDGE_LOOP('',(#19098,#19108,#19116,#19124));
#19098 = ORIENTED_EDGE('',*,*,#19099,.F.);
#19099 = EDGE_CURVE('',#19100,#19102,#19104,.T.);
#19100 = VERTEX_POINT('',#19101);
#19101 = CARTESIAN_POINT('',(438.9882,-5.715,783.209));
#19102 = VERTEX_POINT('',#19103);
#19103 = CARTESIAN_POINT('',(438.9882,-5.715,1.1154664E+03));
#19104 = LINE('',#19105,#19106);
#19105 = CARTESIAN_POINT('',(438.9882,-5.715,783.209));
#19106 = VECTOR('',#19107,1.);
#19107 = DIRECTION('',(0.,0.,1.));
#19108 = ORIENTED_EDGE('',*,*,#19109,.T.);
#19109 = EDGE_CURVE('',#19100,#19110,#19112,.T.);
#19110 = VERTEX_POINT('',#19111);
#19111 = CARTESIAN_POINT('',(438.9882,13.335,783.209));
#19112 = LINE('',#19113,#19114);
#19113 = CARTESIAN_POINT('',(438.9882,-5.715,783.209));
#19114 = VECTOR('',#19115,1.);
#19115 = DIRECTION('',(-0.,1.,0.));
#19116 = ORIENTED_EDGE('',*,*,#19117,.T.);
#19117 = EDGE_CURVE('',#19110,#19118,#19120,.T.);
#19118 = VERTEX_POINT('',#19119);
#19119 = CARTESIAN_POINT('',(438.9882,13.335,1.1154664E+03));
#19120 = LINE('',#19121,#19122);
#19121 = CARTESIAN_POINT('',(438.9882,13.335,783.209));
#19122 = VECTOR('',#19123,1.);
#19123 = DIRECTION('',(0.,0.,1.));
#19124 = ORIENTED_EDGE('',*,*,#19125,.F.);
#19125 = EDGE_CURVE('',#19102,#19118,#19126,.T.);
#19126 = LINE('',#19127,#19128);
#19127 = CARTESIAN_POINT('',(438.9882,-5.715,1.1154664E+03));
#19128 = VECTOR('',#19129,1.);
#19129 = DIRECTION('',(-0.,1.,0.));
#19130 = PLANE('',#19131);
#19131 = AXIS2_PLACEMENT_3D('',#19132,#19133,#19134);
#19132 = CARTESIAN_POINT('',(438.9882,-5.715,783.209));
#19133 = DIRECTION('',(1.,0.,-0.));
#19134 = DIRECTION('',(0.,0.,1.));
#19135 = ADVANCED_FACE('',(#19136),#19152,.F.);
#19136 = FACE_BOUND('',#19137,.F.);
#19137 = EDGE_LOOP('',(#19138,#19144,#19145,#19151));
#19138 = ORIENTED_EDGE('',*,*,#19139,.F.);
#19139 = EDGE_CURVE('',#19060,#19100,#19140,.T.);
#19140 = LINE('',#19141,#19142);
#19141 = CARTESIAN_POINT('',(427.5582,-5.715,783.209));
#19142 = VECTOR('',#19143,1.);
#19143 = DIRECTION('',(1.,0.,-0.));
#19144 = ORIENTED_EDGE('',*,*,#19059,.T.);
#19145 = ORIENTED_EDGE('',*,*,#19146,.T.);
#19146 = EDGE_CURVE('',#19062,#19102,#19147,.T.);
#19147 = LINE('',#19148,#19149);
#19148 = CARTESIAN_POINT('',(427.5582,-5.715,1.1154664E+03));
#19149 = VECTOR('',#19150,1.);
#19150 = DIRECTION('',(1.,0.,-0.));
#19151 = ORIENTED_EDGE('',*,*,#19099,.F.);
#19152 = PLANE('',#19153);
#19153 = AXIS2_PLACEMENT_3D('',#19154,#19155,#19156);
#19154 = CARTESIAN_POINT('',(427.5582,-5.715,783.209));
#19155 = DIRECTION('',(-0.,1.,0.));
#19156 = DIRECTION('',(0.,0.,1.));
#19157 = ADVANCED_FACE('',(#19158),#19174,.T.);
#19158 = FACE_BOUND('',#19159,.T.);
#19159 = EDGE_LOOP('',(#19160,#19166,#19167,#19173));
#19160 = ORIENTED_EDGE('',*,*,#19161,.F.);
#19161 = EDGE_CURVE('',#19070,#19110,#19162,.T.);
#19162 = LINE('',#19163,#19164);
#19163 = CARTESIAN_POINT('',(427.5582,13.335,783.209));
#19164 = VECTOR('',#19165,1.);
#19165 = DIRECTION('',(1.,0.,-0.));
#19166 = ORIENTED_EDGE('',*,*,#19077,.T.);
#19167 = ORIENTED_EDGE('',*,*,#19168,.T.);
#19168 = EDGE_CURVE('',#19078,#19118,#19169,.T.);
#19169 = LINE('',#19170,#19171);
#19170 = CARTESIAN_POINT('',(427.5582,13.335,1.1154664E+03));
#19171 = VECTOR('',#19172,1.);
#19172 = DIRECTION('',(1.,0.,-0.));
#19173 = ORIENTED_EDGE('',*,*,#19117,.F.);
#19174 = PLANE('',#19175);
#19175 = AXIS2_PLACEMENT_3D('',#19176,#19177,#19178);
#19176 = CARTESIAN_POINT('',(427.5582,13.335,783.209));
#19177 = DIRECTION('',(-0.,1.,0.));
#19178 = DIRECTION('',(0.,0.,1.));
#19179 = ADVANCED_FACE('',(#19180),#19186,.F.);
#19180 = FACE_BOUND('',#19181,.F.);
#19181 = EDGE_LOOP('',(#19182,#19183,#19184,#19185));
#19182 = ORIENTED_EDGE('',*,*,#19069,.F.);
#19183 = ORIENTED_EDGE('',*,*,#19139,.T.);
#19184 = ORIENTED_EDGE('',*,*,#19109,.T.);
#19185 = ORIENTED_EDGE('',*,*,#19161,.F.);
#19186 = PLANE('',#19187);
#19187 = AXIS2_PLACEMENT_3D('',#19188,#19189,#19190);
#19188 = CARTESIAN_POINT('',(427.5582,-5.715,783.209));
#19189 = DIRECTION('',(0.,0.,1.));
#19190 = DIRECTION('',(1.,0.,-0.));
#19191 = ADVANCED_FACE('',(#19192),#19198,.T.);
#19192 = FACE_BOUND('',#19193,.T.);
#19193 = EDGE_LOOP('',(#19194,#19195,#19196,#19197));
#19194 = ORIENTED_EDGE('',*,*,#19085,.F.);
#19195 = ORIENTED_EDGE('',*,*,#19146,.T.);
#19196 = ORIENTED_EDGE('',*,*,#19125,.T.);
#19197 = ORIENTED_EDGE('',*,*,#19168,.F.);
#19198 = PLANE('',#19199);
#19199 = AXIS2_PLACEMENT_3D('',#19200,#19201,#19202);
#19200 = CARTESIAN_POINT('',(427.5582,-5.715,1.1154664E+03));
#19201 = DIRECTION('',(0.,0.,1.));
#19202 = DIRECTION('',(1.,0.,-0.));
#19203 = ( GEOMETRIC_REPRESENTATION_CONTEXT(3) 
GLOBAL_UNCERTAINTY_ASSIGNED_CONTEXT((#19207)) 
GLOBAL_UNIT_ASSIGNED_CONTEXT((#19204,#19205,#19206)) 
REPRESENTATION_CONTEXT('Context #1',
  '3D Context with UNIT and UNCERTAINTY') );
#19204 = ( LENGTH_UNIT() NAMED_UNIT(*) SI_UNIT(.MILLI.,.METRE.) );
#19205 = ( NAMED_UNIT(*) PLANE_ANGLE_UNIT() SI_UNIT($,.RADIAN.) );
#19206 = ( NAMED_UNIT(*) SI_UNIT($,.STERADIAN.) SOLID_ANGLE_UNIT() );
#19207 = UNCERTAINTY_MEASURE_WITH_UNIT(LENGTH_MEASURE(1.E-07),#19204,
  'distance_accuracy_value','confusion accuracy');
#19208 = CONTEXT_DEPENDENT_SHAPE_REPRESENTATION(#19209,#19211);
#19209 = ( REPRESENTATION_RELATIONSHIP('','',#19052,#10) 
REPRESENTATION_RELATIONSHIP_WITH_TRANSFORMATION(#19210) 
SHAPE_REPRESENTATION_RELATIONSHIP() );
#19210 = ITEM_DEFINED_TRANSFORMATION('','',#11,#279);
#19211 = PRODUCT_DEFINITION_SHAPE('Placement','Placement of an item',
  #19212);
#19212 = NEXT_ASSEMBLY_USAGE_OCCURRENCE('67','G009_Muntin_28','',#5,
  #19047,$);
#19213 = PRODUCT_RELATED_PRODUCT_CATEGORY('part',$,(#19049));
#19214 = SHAPE_DEFINITION_REPRESENTATION(#19215,#19221);
#19215 = PRODUCT_DEFINITION_SHAPE('','',#19216);
#19216 = PRODUCT_DEFINITION('design','',#19217,#19220);
#19217 = PRODUCT_DEFINITION_FORMATION('','',#19218);
#19218 = PRODUCT('G009_Muntin_29','G009_Muntin_29','',(#19219));
#19219 = PRODUCT_CONTEXT('',#2,'mechanical');
#19220 = PRODUCT_DEFINITION_CONTEXT('part definition',#2,'design');
#19221 = ADVANCED_BREP_SHAPE_REPRESENTATION('',(#11,#19222),#19372);
#19222 = MANIFOLD_SOLID_BREP('',#19223);
#19223 = CLOSED_SHELL('',(#19224,#19264,#19304,#19326,#19348,#19360));
#19224 = ADVANCED_FACE('',(#19225),#19259,.F.);
#19225 = FACE_BOUND('',#19226,.F.);
#19226 = EDGE_LOOP('',(#19227,#19237,#19245,#19253));
#19227 = ORIENTED_EDGE('',*,*,#19228,.F.);
#19228 = EDGE_CURVE('',#19229,#19231,#19233,.T.);
#19229 = VERTEX_POINT('',#19230);
#19230 = CARTESIAN_POINT('',(653.2118,-5.715,783.209));
#19231 = VERTEX_POINT('',#19232);
#19232 = CARTESIAN_POINT('',(653.2118,-5.715,1.1154664E+03));
#19233 = LINE('',#19234,#19235);
#19234 = CARTESIAN_POINT('',(653.2118,-5.715,783.209));
#19235 = VECTOR('',#19236,1.);
#19236 = DIRECTION('',(0.,0.,1.));
#19237 = ORIENTED_EDGE('',*,*,#19238,.T.);
#19238 = EDGE_CURVE('',#19229,#19239,#19241,.T.);
#19239 = VERTEX_POINT('',#19240);
#19240 = CARTESIAN_POINT('',(653.2118,13.335,783.209));
#19241 = LINE('',#19242,#19243);
#19242 = CARTESIAN_POINT('',(653.2118,-5.715,783.209));
#19243 = VECTOR('',#19244,1.);
#19244 = DIRECTION('',(-0.,1.,0.));
#19245 = ORIENTED_EDGE('',*,*,#19246,.T.);
#19246 = EDGE_CURVE('',#19239,#19247,#19249,.T.);
#19247 = VERTEX_POINT('',#19248);
#19248 = CARTESIAN_POINT('',(653.2118,13.335,1.1154664E+03));
#19249 = LINE('',#19250,#19251);
#19250 = CARTESIAN_POINT('',(653.2118,13.335,783.209));
#19251 = VECTOR('',#19252,1.);
#19252 = DIRECTION('',(0.,0.,1.));
#19253 = ORIENTED_EDGE('',*,*,#19254,.F.);
#19254 = EDGE_CURVE('',#19231,#19247,#19255,.T.);
#19255 = LINE('',#19256,#19257);
#19256 = CARTESIAN_POINT('',(653.2118,-5.715,1.1154664E+03));
#19257 = VECTOR('',#19258,1.);
#19258 = DIRECTION('',(-0.,1.,0.));
#19259 = PLANE('',#19260);
#19260 = AXIS2_PLACEMENT_3D('',#19261,#19262,#19263);
#19261 = CARTESIAN_POINT('',(653.2118,-5.715,783.209));
#19262 = DIRECTION('',(1.,0.,-0.));
#19263 = DIRECTION('',(0.,0.,1.));
#19264 = ADVANCED_FACE('',(#19265),#19299,.T.);
#19265 = FACE_BOUND('',#19266,.T.);
#19266 = EDGE_LOOP('',(#19267,#19277,#19285,#19293));
#19267 = ORIENTED_EDGE('',*,*,#19268,.F.);
#19268 = EDGE_CURVE('',#19269,#19271,#19273,.T.);
#19269 = VERTEX_POINT('',#19270);
#19270 = CARTESIAN_POINT('',(664.6418,-5.715,783.209));
#19271 = VERTEX_POINT('',#19272);
#19272 = CARTESIAN_POINT('',(664.6418,-5.715,1.1154664E+03));
#19273 = LINE('',#19274,#19275);
#19274 = CARTESIAN_POINT('',(664.6418,-5.715,783.209));
#19275 = VECTOR('',#19276,1.);
#19276 = DIRECTION('',(0.,0.,1.));
#19277 = ORIENTED_EDGE('',*,*,#19278,.T.);
#19278 = EDGE_CURVE('',#19269,#19279,#19281,.T.);
#19279 = VERTEX_POINT('',#19280);
#19280 = CARTESIAN_POINT('',(664.6418,13.335,783.209));
#19281 = LINE('',#19282,#19283);
#19282 = CARTESIAN_POINT('',(664.6418,-5.715,783.209));
#19283 = VECTOR('',#19284,1.);
#19284 = DIRECTION('',(-0.,1.,0.));
#19285 = ORIENTED_EDGE('',*,*,#19286,.T.);
#19286 = EDGE_CURVE('',#19279,#19287,#19289,.T.);
#19287 = VERTEX_POINT('',#19288);
#19288 = CARTESIAN_POINT('',(664.6418,13.335,1.1154664E+03));
#19289 = LINE('',#19290,#19291);
#19290 = CARTESIAN_POINT('',(664.6418,13.335,783.209));
#19291 = VECTOR('',#19292,1.);
#19292 = DIRECTION('',(0.,0.,1.));
#19293 = ORIENTED_EDGE('',*,*,#19294,.F.);
#19294 = EDGE_CURVE('',#19271,#19287,#19295,.T.);
#19295 = LINE('',#19296,#19297);
#19296 = CARTESIAN_POINT('',(664.6418,-5.715,1.1154664E+03));
#19297 = VECTOR('',#19298,1.);
#19298 = DIRECTION('',(-0.,1.,0.));
#19299 = PLANE('',#19300);
#19300 = AXIS2_PLACEMENT_3D('',#19301,#19302,#19303);
#19301 = CARTESIAN_POINT('',(664.6418,-5.715,783.209));
#19302 = DIRECTION('',(1.,0.,-0.));
#19303 = DIRECTION('',(0.,0.,1.));
#19304 = ADVANCED_FACE('',(#19305),#19321,.F.);
#19305 = FACE_BOUND('',#19306,.F.);
#19306 = EDGE_LOOP('',(#19307,#19313,#19314,#19320));
#19307 = ORIENTED_EDGE('',*,*,#19308,.F.);
#19308 = EDGE_CURVE('',#19229,#19269,#19309,.T.);
#19309 = LINE('',#19310,#19311);
#19310 = CARTESIAN_POINT('',(653.2118,-5.715,783.209));
#19311 = VECTOR('',#19312,1.);
#19312 = DIRECTION('',(1.,0.,-0.));
#19313 = ORIENTED_EDGE('',*,*,#19228,.T.);
#19314 = ORIENTED_EDGE('',*,*,#19315,.T.);
#19315 = EDGE_CURVE('',#19231,#19271,#19316,.T.);
#19316 = LINE('',#19317,#19318);
#19317 = CARTESIAN_POINT('',(653.2118,-5.715,1.1154664E+03));
#19318 = VECTOR('',#19319,1.);
#19319 = DIRECTION('',(1.,0.,-0.));
#19320 = ORIENTED_EDGE('',*,*,#19268,.F.);
#19321 = PLANE('',#19322);
#19322 = AXIS2_PLACEMENT_3D('',#19323,#19324,#19325);
#19323 = CARTESIAN_POINT('',(653.2118,-5.715,783.209));
#19324 = DIRECTION('',(-0.,1.,0.));
#19325 = DIRECTION('',(0.,0.,1.));
#19326 = ADVANCED_FACE('',(#19327),#19343,.T.);
#19327 = FACE_BOUND('',#19328,.T.);
#19328 = EDGE_LOOP('',(#19329,#19335,#19336,#19342));
#19329 = ORIENTED_EDGE('',*,*,#19330,.F.);
#19330 = EDGE_CURVE('',#19239,#19279,#19331,.T.);
#19331 = LINE('',#19332,#19333);
#19332 = CARTESIAN_POINT('',(653.2118,13.335,783.209));
#19333 = VECTOR('',#19334,1.);
#19334 = DIRECTION('',(1.,0.,-0.));
#19335 = ORIENTED_EDGE('',*,*,#19246,.T.);
#19336 = ORIENTED_EDGE('',*,*,#19337,.T.);
#19337 = EDGE_CURVE('',#19247,#19287,#19338,.T.);
#19338 = LINE('',#19339,#19340);
#19339 = CARTESIAN_POINT('',(653.2118,13.335,1.1154664E+03));
#19340 = VECTOR('',#19341,1.);
#19341 = DIRECTION('',(1.,0.,-0.));
#19342 = ORIENTED_EDGE('',*,*,#19286,.F.);
#19343 = PLANE('',#19344);
#19344 = AXIS2_PLACEMENT_3D('',#19345,#19346,#19347);
#19345 = CARTESIAN_POINT('',(653.2118,13.335,783.209));
#19346 = DIRECTION('',(-0.,1.,0.));
#19347 = DIRECTION('',(0.,0.,1.));
#19348 = ADVANCED_FACE('',(#19349),#19355,.F.);
#19349 = FACE_BOUND('',#19350,.F.);
#19350 = EDGE_LOOP('',(#19351,#19352,#19353,#19354));
#19351 = ORIENTED_EDGE('',*,*,#19238,.F.);
#19352 = ORIENTED_EDGE('',*,*,#19308,.T.);
#19353 = ORIENTED_EDGE('',*,*,#19278,.T.);
#19354 = ORIENTED_EDGE('',*,*,#19330,.F.);
#19355 = PLANE('',#19356);
#19356 = AXIS2_PLACEMENT_3D('',#19357,#19358,#19359);
#19357 = CARTESIAN_POINT('',(653.2118,-5.715,783.209));
#19358 = DIRECTION('',(0.,0.,1.));
#19359 = DIRECTION('',(1.,0.,-0.));
#19360 = ADVANCED_FACE('',(#19361),#19367,.T.);
#19361 = FACE_BOUND('',#19362,.T.);
#19362 = EDGE_LOOP('',(#19363,#19364,#19365,#19366));
#19363 = ORIENTED_EDGE('',*,*,#19254,.F.);
#19364 = ORIENTED_EDGE('',*,*,#19315,.T.);
#19365 = ORIENTED_EDGE('',*,*,#19294,.T.);
#19366 = ORIENTED_EDGE('',*,*,#19337,.F.);
#19367 = PLANE('',#19368);
#19368 = AXIS2_PLACEMENT_3D('',#19369,#19370,#19371);
#19369 = CARTESIAN_POINT('',(653.2118,-5.715,1.1154664E+03));
#19370 = DIRECTION('',(0.,0.,1.));
#19371 = DIRECTION('',(1.,0.,-0.));
#19372 = ( GEOMETRIC_REPRESENTATION_CONTEXT(3) 
GLOBAL_UNCERTAINTY_ASSIGNED_CONTEXT((#19376)) 
GLOBAL_UNIT_ASSIGNED_CONTEXT((#19373,#19374,#19375)) 
REPRESENTATION_CONTEXT('Context #1',
  '3D Context with UNIT and UNCERTAINTY') );
#19373 = ( LENGTH_UNIT() NAMED_UNIT(*) SI_UNIT(.MILLI.,.METRE.) );
#19374 = ( NAMED_UNIT(*) PLANE_ANGLE_UNIT() SI_UNIT($,.RADIAN.) );
#19375 = ( NAMED_UNIT(*) SI_UNIT($,.STERADIAN.) SOLID_ANGLE_UNIT() );
#19376 = UNCERTAINTY_MEASURE_WITH_UNIT(LENGTH_MEASURE(1.E-07),#19373,
  'distance_accuracy_value','confusion accuracy');
#19377 = CONTEXT_DEPENDENT_SHAPE_REPRESENTATION(#19378,#19380);
#19378 = ( REPRESENTATION_RELATIONSHIP('','',#19221,#10) 
REPRESENTATION_RELATIONSHIP_WITH_TRANSFORMATION(#19379) 
SHAPE_REPRESENTATION_RELATIONSHIP() );
#19379 = ITEM_DEFINED_TRANSFORMATION('','',#11,#283);
#19380 = PRODUCT_DEFINITION_SHAPE('Placement','Placement of an item',
  #19381);
#19381 = NEXT_ASSEMBLY_USAGE_OCCURRENCE('68','G009_Muntin_29','',#5,
  #19216,$);
#19382 = PRODUCT_RELATED_PRODUCT_CATEGORY('part',$,(#19218));
#19383 = SHAPE_DEFINITION_REPRESENTATION(#19384,#19390);
#19384 = PRODUCT_DEFINITION_SHAPE('','',#19385);
#19385 = PRODUCT_DEFINITION('design','',#19386,#19389);
#19386 = PRODUCT_DEFINITION_FORMATION('','',#19387);
#19387 = PRODUCT('G009_Muntin_30','G009_Muntin_30','',(#19388));
#19388 = PRODUCT_CONTEXT('',#2,'mechanical');
#19389 = PRODUCT_DEFINITION_CONTEXT('part definition',#2,'design');
#19390 = ADVANCED_BREP_SHAPE_REPRESENTATION('',(#11,#19391),#19541);
#19391 = MANIFOLD_SOLID_BREP('',#19392);
#19392 = CLOSED_SHELL('',(#19393,#19433,#19473,#19495,#19517,#19529));
#19393 = ADVANCED_FACE('',(#19394),#19428,.F.);
#19394 = FACE_BOUND('',#19395,.F.);
#19395 = EDGE_LOOP('',(#19396,#19406,#19414,#19422));
#19396 = ORIENTED_EDGE('',*,*,#19397,.F.);
#19397 = EDGE_CURVE('',#19398,#19400,#19402,.T.);
#19398 = VERTEX_POINT('',#19399);
#19399 = CARTESIAN_POINT('',(753.1862,-5.715,789.7876));
#19400 = VERTEX_POINT('',#19401);
#19401 = CARTESIAN_POINT('',(753.1862,-5.715,849.7316));
#19402 = LINE('',#19403,#19404);
#19403 = CARTESIAN_POINT('',(753.1862,-5.715,789.7876));
#19404 = VECTOR('',#19405,1.);
#19405 = DIRECTION('',(0.,0.,1.));
#19406 = ORIENTED_EDGE('',*,*,#19407,.T.);
#19407 = EDGE_CURVE('',#19398,#19408,#19410,.T.);
#19408 = VERTEX_POINT('',#19409);
#19409 = CARTESIAN_POINT('',(753.1862,13.335,789.7876));
#19410 = LINE('',#19411,#19412);
#19411 = CARTESIAN_POINT('',(753.1862,-5.715,789.7876));
#19412 = VECTOR('',#19413,1.);
#19413 = DIRECTION('',(-0.,1.,0.));
#19414 = ORIENTED_EDGE('',*,*,#19415,.T.);
#19415 = EDGE_CURVE('',#19408,#19416,#19418,.T.);
#19416 = VERTEX_POINT('',#19417);
#19417 = CARTESIAN_POINT('',(753.1862,13.335,849.7316));
#19418 = LINE('',#19419,#19420);
#19419 = CARTESIAN_POINT('',(753.1862,13.335,789.7876));
#19420 = VECTOR('',#19421,1.);
#19421 = DIRECTION('',(0.,0.,1.));
#19422 = ORIENTED_EDGE('',*,*,#19423,.F.);
#19423 = EDGE_CURVE('',#19400,#19416,#19424,.T.);
#19424 = LINE('',#19425,#19426);
#19425 = CARTESIAN_POINT('',(753.1862,-5.715,849.7316));
#19426 = VECTOR('',#19427,1.);
#19427 = DIRECTION('',(-0.,1.,0.));
#19428 = PLANE('',#19429);
#19429 = AXIS2_PLACEMENT_3D('',#19430,#19431,#19432);
#19430 = CARTESIAN_POINT('',(753.1862,-5.715,789.7876));
#19431 = DIRECTION('',(1.,0.,-0.));
#19432 = DIRECTION('',(0.,0.,1.));
#19433 = ADVANCED_FACE('',(#19434),#19468,.T.);
#19434 = FACE_BOUND('',#19435,.T.);
#19435 = EDGE_LOOP('',(#19436,#19446,#19454,#19462));
#19436 = ORIENTED_EDGE('',*,*,#19437,.F.);
#19437 = EDGE_CURVE('',#19438,#19440,#19442,.T.);
#19438 = VERTEX_POINT('',#19439);
#19439 = CARTESIAN_POINT('',(813.1302,-5.715,789.7876));
#19440 = VERTEX_POINT('',#19441);
#19441 = CARTESIAN_POINT('',(813.1302,-5.715,849.7316));
#19442 = LINE('',#19443,#19444);
#19443 = CARTESIAN_POINT('',(813.1302,-5.715,789.7876));
#19444 = VECTOR('',#19445,1.);
#19445 = DIRECTION('',(0.,0.,1.));
#19446 = ORIENTED_EDGE('',*,*,#19447,.T.);
#19447 = EDGE_CURVE('',#19438,#19448,#19450,.T.);
#19448 = VERTEX_POINT('',#19449);
#19449 = CARTESIAN_POINT('',(813.1302,13.335,789.7876));
#19450 = LINE('',#19451,#19452);
#19451 = CARTESIAN_POINT('',(813.1302,-5.715,789.7876));
#19452 = VECTOR('',#19453,1.);
#19453 = DIRECTION('',(-0.,1.,0.));
#19454 = ORIENTED_EDGE('',*,*,#19455,.T.);
#19455 = EDGE_CURVE('',#19448,#19456,#19458,.T.);
#19456 = VERTEX_POINT('',#19457);
#19457 = CARTESIAN_POINT('',(813.1302,13.335,849.7316));
#19458 = LINE('',#19459,#19460);
#19459 = CARTESIAN_POINT('',(813.1302,13.335,789.7876));
#19460 = VECTOR('',#19461,1.);
#19461 = DIRECTION('',(0.,0.,1.));
#19462 = ORIENTED_EDGE('',*,*,#19463,.F.);
#19463 = EDGE_CURVE('',#19440,#19456,#19464,.T.);
#19464 = LINE('',#19465,#19466);
#19465 = CARTESIAN_POINT('',(813.1302,-5.715,849.7316));
#19466 = VECTOR('',#19467,1.);
#19467 = DIRECTION('',(-0.,1.,0.));
#19468 = PLANE('',#19469);
#19469 = AXIS2_PLACEMENT_3D('',#19470,#19471,#19472);
#19470 = CARTESIAN_POINT('',(813.1302,-5.715,789.7876));
#19471 = DIRECTION('',(1.,0.,-0.));
#19472 = DIRECTION('',(0.,0.,1.));
#19473 = ADVANCED_FACE('',(#19474),#19490,.F.);
#19474 = FACE_BOUND('',#19475,.F.);
#19475 = EDGE_LOOP('',(#19476,#19482,#19483,#19489));
#19476 = ORIENTED_EDGE('',*,*,#19477,.F.);
#19477 = EDGE_CURVE('',#19398,#19438,#19478,.T.);
#19478 = LINE('',#19479,#19480);
#19479 = CARTESIAN_POINT('',(753.1862,-5.715,789.7876));
#19480 = VECTOR('',#19481,1.);
#19481 = DIRECTION('',(1.,0.,-0.));
#19482 = ORIENTED_EDGE('',*,*,#19397,.T.);
#19483 = ORIENTED_EDGE('',*,*,#19484,.T.);
#19484 = EDGE_CURVE('',#19400,#19440,#19485,.T.);
#19485 = LINE('',#19486,#19487);
#19486 = CARTESIAN_POINT('',(753.1862,-5.715,849.7316));
#19487 = VECTOR('',#19488,1.);
#19488 = DIRECTION('',(1.,0.,-0.));
#19489 = ORIENTED_EDGE('',*,*,#19437,.F.);
#19490 = PLANE('',#19491);
#19491 = AXIS2_PLACEMENT_3D('',#19492,#19493,#19494);
#19492 = CARTESIAN_POINT('',(753.1862,-5.715,789.7876));
#19493 = DIRECTION('',(-0.,1.,0.));
#19494 = DIRECTION('',(0.,0.,1.));
#19495 = ADVANCED_FACE('',(#19496),#19512,.T.);
#19496 = FACE_BOUND('',#19497,.T.);
#19497 = EDGE_LOOP('',(#19498,#19504,#19505,#19511));
#19498 = ORIENTED_EDGE('',*,*,#19499,.F.);
#19499 = EDGE_CURVE('',#19408,#19448,#19500,.T.);
#19500 = LINE('',#19501,#19502);
#19501 = CARTESIAN_POINT('',(753.1862,13.335,789.7876));
#19502 = VECTOR('',#19503,1.);
#19503 = DIRECTION('',(1.,0.,-0.));
#19504 = ORIENTED_EDGE('',*,*,#19415,.T.);
#19505 = ORIENTED_EDGE('',*,*,#19506,.T.);
#19506 = EDGE_CURVE('',#19416,#19456,#19507,.T.);
#19507 = LINE('',#19508,#19509);
#19508 = CARTESIAN_POINT('',(753.1862,13.335,849.7316));
#19509 = VECTOR('',#19510,1.);
#19510 = DIRECTION('',(1.,0.,-0.));
#19511 = ORIENTED_EDGE('',*,*,#19455,.F.);
#19512 = PLANE('',#19513);
#19513 = AXIS2_PLACEMENT_3D('',#19514,#19515,#19516);
#19514 = CARTESIAN_POINT('',(753.1862,13.335,789.7876));
#19515 = DIRECTION('',(-0.,1.,0.));
#19516 = DIRECTION('',(0.,0.,1.));
#19517 = ADVANCED_FACE('',(#19518),#19524,.F.);
#19518 = FACE_BOUND('',#19519,.F.);
#19519 = EDGE_LOOP('',(#19520,#19521,#19522,#19523));
#19520 = ORIENTED_EDGE('',*,*,#19407,.F.);
#19521 = ORIENTED_EDGE('',*,*,#19477,.T.);
#19522 = ORIENTED_EDGE('',*,*,#19447,.T.);
#19523 = ORIENTED_EDGE('',*,*,#19499,.F.);
#19524 = PLANE('',#19525);
#19525 = AXIS2_PLACEMENT_3D('',#19526,#19527,#19528);
#19526 = CARTESIAN_POINT('',(753.1862,-5.715,789.7876));
#19527 = DIRECTION('',(0.,0.,1.));
#19528 = DIRECTION('',(1.,0.,-0.));
#19529 = ADVANCED_FACE('',(#19530),#19536,.T.);
#19530 = FACE_BOUND('',#19531,.T.);
#19531 = EDGE_LOOP('',(#19532,#19533,#19534,#19535));
#19532 = ORIENTED_EDGE('',*,*,#19423,.F.);
#19533 = ORIENTED_EDGE('',*,*,#19484,.T.);
#19534 = ORIENTED_EDGE('',*,*,#19463,.T.);
#19535 = ORIENTED_EDGE('',*,*,#19506,.F.);
#19536 = PLANE('',#19537);
#19537 = AXIS2_PLACEMENT_3D('',#19538,#19539,#19540);
#19538 = CARTESIAN_POINT('',(753.1862,-5.715,849.7316));
#19539 = DIRECTION('',(0.,0.,1.));
#19540 = DIRECTION('',(1.,0.,-0.));
#19541 = ( GEOMETRIC_REPRESENTATION_CONTEXT(3) 
GLOBAL_UNCERTAINTY_ASSIGNED_CONTEXT((#19545)) 
GLOBAL_UNIT_ASSIGNED_CONTEXT((#19542,#19543,#19544)) 
REPRESENTATION_CONTEXT('Context #1',
  '3D Context with UNIT and UNCERTAINTY') );
#19542 = ( LENGTH_UNIT() NAMED_UNIT(*) SI_UNIT(.MILLI.,.METRE.) );
#19543 = ( NAMED_UNIT(*) PLANE_ANGLE_UNIT() SI_UNIT($,.RADIAN.) );
#19544 = ( NAMED_UNIT(*) SI_UNIT($,.STERADIAN.) SOLID_ANGLE_UNIT() );
#19545 = UNCERTAINTY_MEASURE_WITH_UNIT(LENGTH_MEASURE(1.E-07),#19542,
  'distance_accuracy_value','confusion accuracy');
#19546 = CONTEXT_DEPENDENT_SHAPE_REPRESENTATION(#19547,#19549);
#19547 = ( REPRESENTATION_RELATIONSHIP('','',#19390,#10) 
REPRESENTATION_RELATIONSHIP_WITH_TRANSFORMATION(#19548) 
SHAPE_REPRESENTATION_RELATIONSHIP() );
#19548 = ITEM_DEFINED_TRANSFORMATION('','',#11,#287);
#19549 = PRODUCT_DEFINITION_SHAPE('Placement','Placement of an item',
  #19550);
#19550 = NEXT_ASSEMBLY_USAGE_OCCURRENCE('69','G009_Muntin_30','',#5,
  #19385,$);
#19551 = PRODUCT_RELATED_PRODUCT_CATEGORY('part',$,(#19387));
#19552 = SHAPE_DEFINITION_REPRESENTATION(#19553,#19559);
#19553 = PRODUCT_DEFINITION_SHAPE('','',#19554);
#19554 = PRODUCT_DEFINITION('design','',#19555,#19558);
#19555 = PRODUCT_DEFINITION_FORMATION('','',#19556);
#19556 = PRODUCT('G009_Muntin_34','G009_Muntin_34','',(#19557));
#19557 = PRODUCT_CONTEXT('',#2,'mechanical');
#19558 = PRODUCT_DEFINITION_CONTEXT('part definition',#2,'design');
#19559 = ADVANCED_BREP_SHAPE_REPRESENTATION('',(#11,#19560),#19710);
#19560 = MANIFOLD_SOLID_BREP('',#19561);
#19561 = CLOSED_SHELL('',(#19562,#19602,#19642,#19664,#19686,#19698));
#19562 = ADVANCED_FACE('',(#19563),#19597,.F.);
#19563 = FACE_BOUND('',#19564,.F.);
#19564 = EDGE_LOOP('',(#19565,#19575,#19583,#19591));
#19565 = ORIENTED_EDGE('',*,*,#19566,.F.);
#19566 = EDGE_CURVE('',#19567,#19569,#19571,.T.);
#19567 = VERTEX_POINT('',#19568);
#19568 = CARTESIAN_POINT('',(721.487,-5.715,856.3102));
#19569 = VERTEX_POINT('',#19570);
#19570 = CARTESIAN_POINT('',(721.487,-5.715,989.203));
#19571 = LINE('',#19572,#19573);
#19572 = CARTESIAN_POINT('',(721.487,-5.715,856.3102));
#19573 = VECTOR('',#19574,1.);
#19574 = DIRECTION('',(0.,0.,1.));
#19575 = ORIENTED_EDGE('',*,*,#19576,.T.);
#19576 = EDGE_CURVE('',#19567,#19577,#19579,.T.);
#19577 = VERTEX_POINT('',#19578);
#19578 = CARTESIAN_POINT('',(721.487,13.335,856.3102));
#19579 = LINE('',#19580,#19581);
#19580 = CARTESIAN_POINT('',(721.487,-5.715,856.3102));
#19581 = VECTOR('',#19582,1.);
#19582 = DIRECTION('',(-0.,1.,0.));
#19583 = ORIENTED_EDGE('',*,*,#19584,.T.);
#19584 = EDGE_CURVE('',#19577,#19585,#19587,.T.);
#19585 = VERTEX_POINT('',#19586);
#19586 = CARTESIAN_POINT('',(721.487,13.335,989.203));
#19587 = LINE('',#19588,#19589);
#19588 = CARTESIAN_POINT('',(721.487,13.335,856.3102));
#19589 = VECTOR('',#19590,1.);
#19590 = DIRECTION('',(0.,0.,1.));
#19591 = ORIENTED_EDGE('',*,*,#19592,.F.);
#19592 = EDGE_CURVE('',#19569,#19585,#19593,.T.);
#19593 = LINE('',#19594,#19595);
#19594 = CARTESIAN_POINT('',(721.487,-5.715,989.203));
#19595 = VECTOR('',#19596,1.);
#19596 = DIRECTION('',(-0.,1.,0.));
#19597 = PLANE('',#19598);
#19598 = AXIS2_PLACEMENT_3D('',#19599,#19600,#19601);
#19599 = CARTESIAN_POINT('',(721.487,-5.715,856.3102));
#19600 = DIRECTION('',(1.,0.,-0.));
#19601 = DIRECTION('',(0.,0.,1.));
#19602 = ADVANCED_FACE('',(#19603),#19637,.T.);
#19603 = FACE_BOUND('',#19604,.T.);
#19604 = EDGE_LOOP('',(#19605,#19615,#19623,#19631));
#19605 = ORIENTED_EDGE('',*,*,#19606,.F.);
#19606 = EDGE_CURVE('',#19607,#19609,#19611,.T.);
#19607 = VERTEX_POINT('',#19608);
#19608 = CARTESIAN_POINT('',(740.537,-5.715,856.3102));
#19609 = VERTEX_POINT('',#19610);
#19610 = CARTESIAN_POINT('',(740.537,-5.715,989.203));
#19611 = LINE('',#19612,#19613);
#19612 = CARTESIAN_POINT('',(740.537,-5.715,856.3102));
#19613 = VECTOR('',#19614,1.);
#19614 = DIRECTION('',(0.,0.,1.));
#19615 = ORIENTED_EDGE('',*,*,#19616,.T.);
#19616 = EDGE_CURVE('',#19607,#19617,#19619,.T.);
#19617 = VERTEX_POINT('',#19618);
#19618 = CARTESIAN_POINT('',(740.537,13.335,856.3102));
#19619 = LINE('',#19620,#19621);
#19620 = CARTESIAN_POINT('',(740.537,-5.715,856.3102));
#19621 = VECTOR('',#19622,1.);
#19622 = DIRECTION('',(-0.,1.,0.));
#19623 = ORIENTED_EDGE('',*,*,#19624,.T.);
#19624 = EDGE_CURVE('',#19617,#19625,#19627,.T.);
#19625 = VERTEX_POINT('',#19626);
#19626 = CARTESIAN_POINT('',(740.537,13.335,989.203));
#19627 = LINE('',#19628,#19629);
#19628 = CARTESIAN_POINT('',(740.537,13.335,856.3102));
#19629 = VECTOR('',#19630,1.);
#19630 = DIRECTION('',(0.,0.,1.));
#19631 = ORIENTED_EDGE('',*,*,#19632,.F.);
#19632 = EDGE_CURVE('',#19609,#19625,#19633,.T.);
#19633 = LINE('',#19634,#19635);
#19634 = CARTESIAN_POINT('',(740.537,-5.715,989.203));
#19635 = VECTOR('',#19636,1.);
#19636 = DIRECTION('',(-0.,1.,0.));
#19637 = PLANE('',#19638);
#19638 = AXIS2_PLACEMENT_3D('',#19639,#19640,#19641);
#19639 = CARTESIAN_POINT('',(740.537,-5.715,856.3102));
#19640 = DIRECTION('',(1.,0.,-0.));
#19641 = DIRECTION('',(0.,0.,1.));
#19642 = ADVANCED_FACE('',(#19643),#19659,.F.);
#19643 = FACE_BOUND('',#19644,.F.);
#19644 = EDGE_LOOP('',(#19645,#19651,#19652,#19658));
#19645 = ORIENTED_EDGE('',*,*,#19646,.F.);
#19646 = EDGE_CURVE('',#19567,#19607,#19647,.T.);
#19647 = LINE('',#19648,#19649);
#19648 = CARTESIAN_POINT('',(721.487,-5.715,856.3102));
#19649 = VECTOR('',#19650,1.);
#19650 = DIRECTION('',(1.,0.,-0.));
#19651 = ORIENTED_EDGE('',*,*,#19566,.T.);
#19652 = ORIENTED_EDGE('',*,*,#19653,.T.);
#19653 = EDGE_CURVE('',#19569,#19609,#19654,.T.);
#19654 = LINE('',#19655,#19656);
#19655 = CARTESIAN_POINT('',(721.487,-5.715,989.203));
#19656 = VECTOR('',#19657,1.);
#19657 = DIRECTION('',(1.,0.,-0.));
#19658 = ORIENTED_EDGE('',*,*,#19606,.F.);
#19659 = PLANE('',#19660);
#19660 = AXIS2_PLACEMENT_3D('',#19661,#19662,#19663);
#19661 = CARTESIAN_POINT('',(721.487,-5.715,856.3102));
#19662 = DIRECTION('',(-0.,1.,0.));
#19663 = DIRECTION('',(0.,0.,1.));
#19664 = ADVANCED_FACE('',(#19665),#19681,.T.);
#19665 = FACE_BOUND('',#19666,.T.);
#19666 = EDGE_LOOP('',(#19667,#19673,#19674,#19680));
#19667 = ORIENTED_EDGE('',*,*,#19668,.F.);
#19668 = EDGE_CURVE('',#19577,#19617,#19669,.T.);
#19669 = LINE('',#19670,#19671);
#19670 = CARTESIAN_POINT('',(721.487,13.335,856.3102));
#19671 = VECTOR('',#19672,1.);
#19672 = DIRECTION('',(1.,0.,-0.));
#19673 = ORIENTED_EDGE('',*,*,#19584,.T.);
#19674 = ORIENTED_EDGE('',*,*,#19675,.T.);
#19675 = EDGE_CURVE('',#19585,#19625,#19676,.T.);
#19676 = LINE('',#19677,#19678);
#19677 = CARTESIAN_POINT('',(721.487,13.335,989.203));
#19678 = VECTOR('',#19679,1.);
#19679 = DIRECTION('',(1.,0.,-0.));
#19680 = ORIENTED_EDGE('',*,*,#19624,.F.);
#19681 = PLANE('',#19682);
#19682 = AXIS2_PLACEMENT_3D('',#19683,#19684,#19685);
#19683 = CARTESIAN_POINT('',(721.487,13.335,856.3102));
#19684 = DIRECTION('',(-0.,1.,0.));
#19685 = DIRECTION('',(0.,0.,1.));
#19686 = ADVANCED_FACE('',(#19687),#19693,.F.);
#19687 = FACE_BOUND('',#19688,.F.);
#19688 = EDGE_LOOP('',(#19689,#19690,#19691,#19692));
#19689 = ORIENTED_EDGE('',*,*,#19576,.F.);
#19690 = ORIENTED_EDGE('',*,*,#19646,.T.);
#19691 = ORIENTED_EDGE('',*,*,#19616,.T.);
#19692 = ORIENTED_EDGE('',*,*,#19668,.F.);
#19693 = PLANE('',#19694);
#19694 = AXIS2_PLACEMENT_3D('',#19695,#19696,#19697);
#19695 = CARTESIAN_POINT('',(721.487,-5.715,856.3102));
#19696 = DIRECTION('',(0.,0.,1.));
#19697 = DIRECTION('',(1.,0.,-0.));
#19698 = ADVANCED_FACE('',(#19699),#19705,.T.);
#19699 = FACE_BOUND('',#19700,.T.);
#19700 = EDGE_LOOP('',(#19701,#19702,#19703,#19704));
#19701 = ORIENTED_EDGE('',*,*,#19592,.F.);
#19702 = ORIENTED_EDGE('',*,*,#19653,.T.);
#19703 = ORIENTED_EDGE('',*,*,#19632,.T.);
#19704 = ORIENTED_EDGE('',*,*,#19675,.F.);
#19705 = PLANE('',#19706);
#19706 = AXIS2_PLACEMENT_3D('',#19707,#19708,#19709);
#19707 = CARTESIAN_POINT('',(721.487,-5.715,989.203));
#19708 = DIRECTION('',(0.,0.,1.));
#19709 = DIRECTION('',(1.,0.,-0.));
#19710 = ( GEOMETRIC_REPRESENTATION_CONTEXT(3) 
GLOBAL_UNCERTAINTY_ASSIGNED_CONTEXT((#19714)) 
GLOBAL_UNIT_ASSIGNED_CONTEXT((#19711,#19712,#19713)) 
REPRESENTATION_CONTEXT('Context #1',
  '3D Context with UNIT and UNCERTAINTY') );
#19711 = ( LENGTH_UNIT() NAMED_UNIT(*) SI_UNIT(.MILLI.,.METRE.) );
#19712 = ( NAMED_UNIT(*) PLANE_ANGLE_UNIT() SI_UNIT($,.RADIAN.) );
#19713 = ( NAMED_UNIT(*) SI_UNIT($,.STERADIAN.) SOLID_ANGLE_UNIT() );
#19714 = UNCERTAINTY_MEASURE_WITH_UNIT(LENGTH_MEASURE(1.E-07),#19711,
  'distance_accuracy_value','confusion accuracy');
#19715 = CONTEXT_DEPENDENT_SHAPE_REPRESENTATION(#19716,#19718);
#19716 = ( REPRESENTATION_RELATIONSHIP('','',#19559,#10) 
REPRESENTATION_RELATIONSHIP_WITH_TRANSFORMATION(#19717) 
SHAPE_REPRESENTATION_RELATIONSHIP() );
#19717 = ITEM_DEFINED_TRANSFORMATION('','',#11,#291);
#19718 = PRODUCT_DEFINITION_SHAPE('Placement','Placement of an item',
  #19719);
#19719 = NEXT_ASSEMBLY_USAGE_OCCURRENCE('70','G009_Muntin_34','',#5,
  #19554,$);
#19720 = PRODUCT_RELATED_PRODUCT_CATEGORY('part',$,(#19556));
#19721 = SHAPE_DEFINITION_REPRESENTATION(#19722,#19728);
#19722 = PRODUCT_DEFINITION_SHAPE('','',#19723);
#19723 = PRODUCT_DEFINITION('design','',#19724,#19727);
#19724 = PRODUCT_DEFINITION_FORMATION('','',#19725);
#19725 = PRODUCT('G009_Muntin_35','G009_Muntin_35','',(#19726));
#19726 = PRODUCT_CONTEXT('',#2,'mechanical');
#19727 = PRODUCT_DEFINITION_CONTEXT('part definition',#2,'design');
#19728 = ADVANCED_BREP_SHAPE_REPRESENTATION('',(#11,#19729),#19879);
#19729 = MANIFOLD_SOLID_BREP('',#19730);
#19730 = CLOSED_SHELL('',(#19731,#19771,#19811,#19833,#19855,#19867));
#19731 = ADVANCED_FACE('',(#19732),#19766,.F.);
#19732 = FACE_BOUND('',#19733,.F.);
#19733 = EDGE_LOOP('',(#19734,#19744,#19752,#19760));
#19734 = ORIENTED_EDGE('',*,*,#19735,.F.);
#19735 = EDGE_CURVE('',#19736,#19738,#19740,.T.);
#19736 = VERTEX_POINT('',#19737);
#19737 = CARTESIAN_POINT('',(773.6332,-5.715,856.3102));
#19738 = VERTEX_POINT('',#19739);
#19739 = CARTESIAN_POINT('',(773.6332,-5.715,989.203));
#19740 = LINE('',#19741,#19742);
#19741 = CARTESIAN_POINT('',(773.6332,-5.715,856.3102));
#19742 = VECTOR('',#19743,1.);
#19743 = DIRECTION('',(0.,0.,1.));
#19744 = ORIENTED_EDGE('',*,*,#19745,.T.);
#19745 = EDGE_CURVE('',#19736,#19746,#19748,.T.);
#19746 = VERTEX_POINT('',#19747);
#19747 = CARTESIAN_POINT('',(773.6332,13.335,856.3102));
#19748 = LINE('',#19749,#19750);
#19749 = CARTESIAN_POINT('',(773.6332,-5.715,856.3102));
#19750 = VECTOR('',#19751,1.);
#19751 = DIRECTION('',(-0.,1.,0.));
#19752 = ORIENTED_EDGE('',*,*,#19753,.T.);
#19753 = EDGE_CURVE('',#19746,#19754,#19756,.T.);
#19754 = VERTEX_POINT('',#19755);
#19755 = CARTESIAN_POINT('',(773.6332,13.335,989.203));
#19756 = LINE('',#19757,#19758);
#19757 = CARTESIAN_POINT('',(773.6332,13.335,856.3102));
#19758 = VECTOR('',#19759,1.);
#19759 = DIRECTION('',(0.,0.,1.));
#19760 = ORIENTED_EDGE('',*,*,#19761,.F.);
#19761 = EDGE_CURVE('',#19738,#19754,#19762,.T.);
#19762 = LINE('',#19763,#19764);
#19763 = CARTESIAN_POINT('',(773.6332,-5.715,989.203));
#19764 = VECTOR('',#19765,1.);
#19765 = DIRECTION('',(-0.,1.,0.));
#19766 = PLANE('',#19767);
#19767 = AXIS2_PLACEMENT_3D('',#19768,#19769,#19770);
#19768 = CARTESIAN_POINT('',(773.6332,-5.715,856.3102));
#19769 = DIRECTION('',(1.,0.,-0.));
#19770 = DIRECTION('',(0.,0.,1.));
#19771 = ADVANCED_FACE('',(#19772),#19806,.T.);
#19772 = FACE_BOUND('',#19773,.T.);
#19773 = EDGE_LOOP('',(#19774,#19784,#19792,#19800));
#19774 = ORIENTED_EDGE('',*,*,#19775,.F.);
#19775 = EDGE_CURVE('',#19776,#19778,#19780,.T.);
#19776 = VERTEX_POINT('',#19777);
#19777 = CARTESIAN_POINT('',(792.6832,-5.715,856.3102));
#19778 = VERTEX_POINT('',#19779);
#19779 = CARTESIAN_POINT('',(792.6832,-5.715,989.203));
#19780 = LINE('',#19781,#19782);
#19781 = CARTESIAN_POINT('',(792.6832,-5.715,856.3102));
#19782 = VECTOR('',#19783,1.);
#19783 = DIRECTION('',(0.,0.,1.));
#19784 = ORIENTED_EDGE('',*,*,#19785,.T.);
#19785 = EDGE_CURVE('',#19776,#19786,#19788,.T.);
#19786 = VERTEX_POINT('',#19787);
#19787 = CARTESIAN_POINT('',(792.6832,13.335,856.3102));
#19788 = LINE('',#19789,#19790);
#19789 = CARTESIAN_POINT('',(792.6832,-5.715,856.3102));
#19790 = VECTOR('',#19791,1.);
#19791 = DIRECTION('',(-0.,1.,0.));
#19792 = ORIENTED_EDGE('',*,*,#19793,.T.);
#19793 = EDGE_CURVE('',#19786,#19794,#19796,.T.);
#19794 = VERTEX_POINT('',#19795);
#19795 = CARTESIAN_POINT('',(792.6832,13.335,989.203));
#19796 = LINE('',#19797,#19798);
#19797 = CARTESIAN_POINT('',(792.6832,13.335,856.3102));
#19798 = VECTOR('',#19799,1.);
#19799 = DIRECTION('',(0.,0.,1.));
#19800 = ORIENTED_EDGE('',*,*,#19801,.F.);
#19801 = EDGE_CURVE('',#19778,#19794,#19802,.T.);
#19802 = LINE('',#19803,#19804);
#19803 = CARTESIAN_POINT('',(792.6832,-5.715,989.203));
#19804 = VECTOR('',#19805,1.);
#19805 = DIRECTION('',(-0.,1.,0.));
#19806 = PLANE('',#19807);
#19807 = AXIS2_PLACEMENT_3D('',#19808,#19809,#19810);
#19808 = CARTESIAN_POINT('',(792.6832,-5.715,856.3102));
#19809 = DIRECTION('',(1.,0.,-0.));
#19810 = DIRECTION('',(0.,0.,1.));
#19811 = ADVANCED_FACE('',(#19812),#19828,.F.);
#19812 = FACE_BOUND('',#19813,.F.);
#19813 = EDGE_LOOP('',(#19814,#19820,#19821,#19827));
#19814 = ORIENTED_EDGE('',*,*,#19815,.F.);
#19815 = EDGE_CURVE('',#19736,#19776,#19816,.T.);
#19816 = LINE('',#19817,#19818);
#19817 = CARTESIAN_POINT('',(773.6332,-5.715,856.3102));
#19818 = VECTOR('',#19819,1.);
#19819 = DIRECTION('',(1.,0.,-0.));
#19820 = ORIENTED_EDGE('',*,*,#19735,.T.);
#19821 = ORIENTED_EDGE('',*,*,#19822,.T.);
#19822 = EDGE_CURVE('',#19738,#19778,#19823,.T.);
#19823 = LINE('',#19824,#19825);
#19824 = CARTESIAN_POINT('',(773.6332,-5.715,989.203));
#19825 = VECTOR('',#19826,1.);
#19826 = DIRECTION('',(1.,0.,-0.));
#19827 = ORIENTED_EDGE('',*,*,#19775,.F.);
#19828 = PLANE('',#19829);
#19829 = AXIS2_PLACEMENT_3D('',#19830,#19831,#19832);
#19830 = CARTESIAN_POINT('',(773.6332,-5.715,856.3102));
#19831 = DIRECTION('',(-0.,1.,0.));
#19832 = DIRECTION('',(0.,0.,1.));
#19833 = ADVANCED_FACE('',(#19834),#19850,.T.);
#19834 = FACE_BOUND('',#19835,.T.);
#19835 = EDGE_LOOP('',(#19836,#19842,#19843,#19849));
#19836 = ORIENTED_EDGE('',*,*,#19837,.F.);
#19837 = EDGE_CURVE('',#19746,#19786,#19838,.T.);
#19838 = LINE('',#19839,#19840);
#19839 = CARTESIAN_POINT('',(773.6332,13.335,856.3102));
#19840 = VECTOR('',#19841,1.);
#19841 = DIRECTION('',(1.,0.,-0.));
#19842 = ORIENTED_EDGE('',*,*,#19753,.T.);
#19843 = ORIENTED_EDGE('',*,*,#19844,.T.);
#19844 = EDGE_CURVE('',#19754,#19794,#19845,.T.);
#19845 = LINE('',#19846,#19847);
#19846 = CARTESIAN_POINT('',(773.6332,13.335,989.203));
#19847 = VECTOR('',#19848,1.);
#19848 = DIRECTION('',(1.,0.,-0.));
#19849 = ORIENTED_EDGE('',*,*,#19793,.F.);
#19850 = PLANE('',#19851);
#19851 = AXIS2_PLACEMENT_3D('',#19852,#19853,#19854);
#19852 = CARTESIAN_POINT('',(773.6332,13.335,856.3102));
#19853 = DIRECTION('',(-0.,1.,0.));
#19854 = DIRECTION('',(0.,0.,1.));
#19855 = ADVANCED_FACE('',(#19856),#19862,.F.);
#19856 = FACE_BOUND('',#19857,.F.);
#19857 = EDGE_LOOP('',(#19858,#19859,#19860,#19861));
#19858 = ORIENTED_EDGE('',*,*,#19745,.F.);
#19859 = ORIENTED_EDGE('',*,*,#19815,.T.);
#19860 = ORIENTED_EDGE('',*,*,#19785,.T.);
#19861 = ORIENTED_EDGE('',*,*,#19837,.F.);
#19862 = PLANE('',#19863);
#19863 = AXIS2_PLACEMENT_3D('',#19864,#19865,#19866);
#19864 = CARTESIAN_POINT('',(773.6332,-5.715,856.3102));
#19865 = DIRECTION('',(0.,0.,1.));
#19866 = DIRECTION('',(1.,0.,-0.));
#19867 = ADVANCED_FACE('',(#19868),#19874,.T.);
#19868 = FACE_BOUND('',#19869,.T.);
#19869 = EDGE_LOOP('',(#19870,#19871,#19872,#19873));
#19870 = ORIENTED_EDGE('',*,*,#19761,.F.);
#19871 = ORIENTED_EDGE('',*,*,#19822,.T.);
#19872 = ORIENTED_EDGE('',*,*,#19801,.T.);
#19873 = ORIENTED_EDGE('',*,*,#19844,.F.);
#19874 = PLANE('',#19875);
#19875 = AXIS2_PLACEMENT_3D('',#19876,#19877,#19878);
#19876 = CARTESIAN_POINT('',(773.6332,-5.715,989.203));
#19877 = DIRECTION('',(0.,0.,1.));
#19878 = DIRECTION('',(1.,0.,-0.));
#19879 = ( GEOMETRIC_REPRESENTATION_CONTEXT(3) 
GLOBAL_UNCERTAINTY_ASSIGNED_CONTEXT((#19883)) 
GLOBAL_UNIT_ASSIGNED_CONTEXT((#19880,#19881,#19882)) 
REPRESENTATION_CONTEXT('Context #1',
  '3D Context with UNIT and UNCERTAINTY') );
#19880 = ( LENGTH_UNIT() NAMED_UNIT(*) SI_UNIT(.MILLI.,.METRE.) );
#19881 = ( NAMED_UNIT(*) PLANE_ANGLE_UNIT() SI_UNIT($,.RADIAN.) );
#19882 = ( NAMED_UNIT(*) SI_UNIT($,.STERADIAN.) SOLID_ANGLE_UNIT() );
#19883 = UNCERTAINTY_MEASURE_WITH_UNIT(LENGTH_MEASURE(1.E-07),#19880,
  'distance_accuracy_value','confusion accuracy');
#19884 = CONTEXT_DEPENDENT_SHAPE_REPRESENTATION(#19885,#19887);
#19885 = ( REPRESENTATION_RELATIONSHIP('','',#19728,#10) 
REPRESENTATION_RELATIONSHIP_WITH_TRANSFORMATION(#19886) 
SHAPE_REPRESENTATION_RELATIONSHIP() );
#19886 = ITEM_DEFINED_TRANSFORMATION('','',#11,#295);
#19887 = PRODUCT_DEFINITION_SHAPE('Placement','Placement of an item',
  #19888);
#19888 = NEXT_ASSEMBLY_USAGE_OCCURRENCE('71','G009_Muntin_35','',#5,
  #19723,$);
#19889 = PRODUCT_RELATED_PRODUCT_CATEGORY('part',$,(#19725));
#19890 = SHAPE_DEFINITION_REPRESENTATION(#19891,#19897);
#19891 = PRODUCT_DEFINITION_SHAPE('','',#19892);
#19892 = PRODUCT_DEFINITION('design','',#19893,#19896);
#19893 = PRODUCT_DEFINITION_FORMATION('','',#19894);
#19894 = PRODUCT('G009_Muntin_36','G009_Muntin_36','',(#19895));
#19895 = PRODUCT_CONTEXT('',#2,'mechanical');
#19896 = PRODUCT_DEFINITION_CONTEXT('part definition',#2,'design');
#19897 = ADVANCED_BREP_SHAPE_REPRESENTATION('',(#11,#19898),#20048);
#19898 = MANIFOLD_SOLID_BREP('',#19899);
#19899 = CLOSED_SHELL('',(#19900,#19940,#19980,#20002,#20024,#20036));
#19900 = ADVANCED_FACE('',(#19901),#19935,.F.);
#19901 = FACE_BOUND('',#19902,.F.);
#19902 = EDGE_LOOP('',(#19903,#19913,#19921,#19929));
#19903 = ORIENTED_EDGE('',*,*,#19904,.F.);
#19904 = EDGE_CURVE('',#19905,#19907,#19909,.T.);
#19905 = VERTEX_POINT('',#19906);
#19906 = CARTESIAN_POINT('',(825.8048,-5.715,856.3102));
#19907 = VERTEX_POINT('',#19908);
#19908 = CARTESIAN_POINT('',(825.8048,-5.715,989.203));
#19909 = LINE('',#19910,#19911);
#19910 = CARTESIAN_POINT('',(825.8048,-5.715,856.3102));
#19911 = VECTOR('',#19912,1.);
#19912 = DIRECTION('',(0.,0.,1.));
#19913 = ORIENTED_EDGE('',*,*,#19914,.T.);
#19914 = EDGE_CURVE('',#19905,#19915,#19917,.T.);
#19915 = VERTEX_POINT('',#19916);
#19916 = CARTESIAN_POINT('',(825.8048,13.335,856.3102));
#19917 = LINE('',#19918,#19919);
#19918 = CARTESIAN_POINT('',(825.8048,-5.715,856.3102));
#19919 = VECTOR('',#19920,1.);
#19920 = DIRECTION('',(-0.,1.,0.));
#19921 = ORIENTED_EDGE('',*,*,#19922,.T.);
#19922 = EDGE_CURVE('',#19915,#19923,#19925,.T.);
#19923 = VERTEX_POINT('',#19924);
#19924 = CARTESIAN_POINT('',(825.8048,13.335,989.203));
#19925 = LINE('',#19926,#19927);
#19926 = CARTESIAN_POINT('',(825.8048,13.335,856.3102));
#19927 = VECTOR('',#19928,1.);
#19928 = DIRECTION('',(0.,0.,1.));
#19929 = ORIENTED_EDGE('',*,*,#19930,.F.);
#19930 = EDGE_CURVE('',#19907,#19923,#19931,.T.);
#19931 = LINE('',#19932,#19933);
#19932 = CARTESIAN_POINT('',(825.8048,-5.715,989.203));
#19933 = VECTOR('',#19934,1.);
#19934 = DIRECTION('',(-0.,1.,0.));
#19935 = PLANE('',#19936);
#19936 = AXIS2_PLACEMENT_3D('',#19937,#19938,#19939);
#19937 = CARTESIAN_POINT('',(825.8048,-5.715,856.3102));
#19938 = DIRECTION('',(1.,0.,-0.));
#19939 = DIRECTION('',(0.,0.,1.));
#19940 = ADVANCED_FACE('',(#19941),#19975,.T.);
#19941 = FACE_BOUND('',#19942,.T.);
#19942 = EDGE_LOOP('',(#19943,#19953,#19961,#19969));
#19943 = ORIENTED_EDGE('',*,*,#19944,.F.);
#19944 = EDGE_CURVE('',#19945,#19947,#19949,.T.);
#19945 = VERTEX_POINT('',#19946);
#19946 = CARTESIAN_POINT('',(844.8548,-5.715,856.3102));
#19947 = VERTEX_POINT('',#19948);
#19948 = CARTESIAN_POINT('',(844.8548,-5.715,989.203));
#19949 = LINE('',#19950,#19951);
#19950 = CARTESIAN_POINT('',(844.8548,-5.715,856.3102));
#19951 = VECTOR('',#19952,1.);
#19952 = DIRECTION('',(0.,0.,1.));
#19953 = ORIENTED_EDGE('',*,*,#19954,.T.);
#19954 = EDGE_CURVE('',#19945,#19955,#19957,.T.);
#19955 = VERTEX_POINT('',#19956);
#19956 = CARTESIAN_POINT('',(844.8548,13.335,856.3102));
#19957 = LINE('',#19958,#19959);
#19958 = CARTESIAN_POINT('',(844.8548,-5.715,856.3102));
#19959 = VECTOR('',#19960,1.);
#19960 = DIRECTION('',(-0.,1.,0.));
#19961 = ORIENTED_EDGE('',*,*,#19962,.T.);
#19962 = EDGE_CURVE('',#19955,#19963,#19965,.T.);
#19963 = VERTEX_POINT('',#19964);
#19964 = CARTESIAN_POINT('',(844.8548,13.335,989.203));
#19965 = LINE('',#19966,#19967);
#19966 = CARTESIAN_POINT('',(844.8548,13.335,856.3102));
#19967 = VECTOR('',#19968,1.);
#19968 = DIRECTION('',(0.,0.,1.));
#19969 = ORIENTED_EDGE('',*,*,#19970,.F.);
#19970 = EDGE_CURVE('',#19947,#19963,#19971,.T.);
#19971 = LINE('',#19972,#19973);
#19972 = CARTESIAN_POINT('',(844.8548,-5.715,989.203));
#19973 = VECTOR('',#19974,1.);
#19974 = DIRECTION('',(-0.,1.,0.));
#19975 = PLANE('',#19976);
#19976 = AXIS2_PLACEMENT_3D('',#19977,#19978,#19979);
#19977 = CARTESIAN_POINT('',(844.8548,-5.715,856.3102));
#19978 = DIRECTION('',(1.,0.,-0.));
#19979 = DIRECTION('',(0.,0.,1.));
#19980 = ADVANCED_FACE('',(#19981),#19997,.F.);
#19981 = FACE_BOUND('',#19982,.F.);
#19982 = EDGE_LOOP('',(#19983,#19989,#19990,#19996));
#19983 = ORIENTED_EDGE('',*,*,#19984,.F.);
#19984 = EDGE_CURVE('',#19905,#19945,#19985,.T.);
#19985 = LINE('',#19986,#19987);
#19986 = CARTESIAN_POINT('',(825.8048,-5.715,856.3102));
#19987 = VECTOR('',#19988,1.);
#19988 = DIRECTION('',(1.,0.,-0.));
#19989 = ORIENTED_EDGE('',*,*,#19904,.T.);
#19990 = ORIENTED_EDGE('',*,*,#19991,.T.);
#19991 = EDGE_CURVE('',#19907,#19947,#19992,.T.);
#19992 = LINE('',#19993,#19994);
#19993 = CARTESIAN_POINT('',(825.8048,-5.715,989.203));
#19994 = VECTOR('',#19995,1.);
#19995 = DIRECTION('',(1.,0.,-0.));
#19996 = ORIENTED_EDGE('',*,*,#19944,.F.);
#19997 = PLANE('',#19998);
#19998 = AXIS2_PLACEMENT_3D('',#19999,#20000,#20001);
#19999 = CARTESIAN_POINT('',(825.8048,-5.715,856.3102));
#20000 = DIRECTION('',(-0.,1.,0.));
#20001 = DIRECTION('',(0.,0.,1.));
#20002 = ADVANCED_FACE('',(#20003),#20019,.T.);
#20003 = FACE_BOUND('',#20004,.T.);
#20004 = EDGE_LOOP('',(#20005,#20011,#20012,#20018));
#20005 = ORIENTED_EDGE('',*,*,#20006,.F.);
#20006 = EDGE_CURVE('',#19915,#19955,#20007,.T.);
#20007 = LINE('',#20008,#20009);
#20008 = CARTESIAN_POINT('',(825.8048,13.335,856.3102));
#20009 = VECTOR('',#20010,1.);
#20010 = DIRECTION('',(1.,0.,-0.));
#20011 = ORIENTED_EDGE('',*,*,#19922,.T.);
#20012 = ORIENTED_EDGE('',*,*,#20013,.T.);
#20013 = EDGE_CURVE('',#19923,#19963,#20014,.T.);
#20014 = LINE('',#20015,#20016);
#20015 = CARTESIAN_POINT('',(825.8048,13.335,989.203));
#20016 = VECTOR('',#20017,1.);
#20017 = DIRECTION('',(1.,0.,-0.));
#20018 = ORIENTED_EDGE('',*,*,#19962,.F.);
#20019 = PLANE('',#20020);
#20020 = AXIS2_PLACEMENT_3D('',#20021,#20022,#20023);
#20021 = CARTESIAN_POINT('',(825.8048,13.335,856.3102));
#20022 = DIRECTION('',(-0.,1.,0.));
#20023 = DIRECTION('',(0.,0.,1.));
#20024 = ADVANCED_FACE('',(#20025),#20031,.F.);
#20025 = FACE_BOUND('',#20026,.F.);
#20026 = EDGE_LOOP('',(#20027,#20028,#20029,#20030));
#20027 = ORIENTED_EDGE('',*,*,#19914,.F.);
#20028 = ORIENTED_EDGE('',*,*,#19984,.T.);
#20029 = ORIENTED_EDGE('',*,*,#19954,.T.);
#20030 = ORIENTED_EDGE('',*,*,#20006,.F.);
#20031 = PLANE('',#20032);
#20032 = AXIS2_PLACEMENT_3D('',#20033,#20034,#20035);
#20033 = CARTESIAN_POINT('',(825.8048,-5.715,856.3102));
#20034 = DIRECTION('',(0.,0.,1.));
#20035 = DIRECTION('',(1.,0.,-0.));
#20036 = ADVANCED_FACE('',(#20037),#20043,.T.);
#20037 = FACE_BOUND('',#20038,.T.);
#20038 = EDGE_LOOP('',(#20039,#20040,#20041,#20042));
#20039 = ORIENTED_EDGE('',*,*,#19930,.F.);
#20040 = ORIENTED_EDGE('',*,*,#19991,.T.);
#20041 = ORIENTED_EDGE('',*,*,#19970,.T.);
#20042 = ORIENTED_EDGE('',*,*,#20013,.F.);
#20043 = PLANE('',#20044);
#20044 = AXIS2_PLACEMENT_3D('',#20045,#20046,#20047);
#20045 = CARTESIAN_POINT('',(825.8048,-5.715,989.203));
#20046 = DIRECTION('',(0.,0.,1.));
#20047 = DIRECTION('',(1.,0.,-0.));
#20048 = ( GEOMETRIC_REPRESENTATION_CONTEXT(3) 
GLOBAL_UNCERTAINTY_ASSIGNED_CONTEXT((#20052)) 
GLOBAL_UNIT_ASSIGNED_CONTEXT((#20049,#20050,#20051)) 
REPRESENTATION_CONTEXT('Context #1',
  '3D Context with UNIT and UNCERTAINTY') );
#20049 = ( LENGTH_UNIT() NAMED_UNIT(*) SI_UNIT(.MILLI.,.METRE.) );
#20050 = ( NAMED_UNIT(*) PLANE_ANGLE_UNIT() SI_UNIT($,.RADIAN.) );
#20051 = ( NAMED_UNIT(*) SI_UNIT($,.STERADIAN.) SOLID_ANGLE_UNIT() );
#20052 = UNCERTAINTY_MEASURE_WITH_UNIT(LENGTH_MEASURE(1.E-07),#20049,
  'distance_accuracy_value','confusion accuracy');
#20053 = CONTEXT_DEPENDENT_SHAPE_REPRESENTATION(#20054,#20056);
#20054 = ( REPRESENTATION_RELATIONSHIP('','',#19897,#10) 
REPRESENTATION_RELATIONSHIP_WITH_TRANSFORMATION(#20055) 
SHAPE_REPRESENTATION_RELATIONSHIP() );
#20055 = ITEM_DEFINED_TRANSFORMATION('','',#11,#299);
#20056 = PRODUCT_DEFINITION_SHAPE('Placement','Placement of an item',
  #20057);
#20057 = NEXT_ASSEMBLY_USAGE_OCCURRENCE('72','G009_Muntin_36','',#5,
  #19892,$);
#20058 = PRODUCT_RELATED_PRODUCT_CATEGORY('part',$,(#19894));
#20059 = SHAPE_DEFINITION_REPRESENTATION(#20060,#20066);
#20060 = PRODUCT_DEFINITION_SHAPE('','',#20061);
#20061 = PRODUCT_DEFINITION('design','',#20062,#20065);
#20062 = PRODUCT_DEFINITION_FORMATION('','',#20063);
#20063 = PRODUCT('G009_Muntin_43','G009_Muntin_43','',(#20064));
#20064 = PRODUCT_CONTEXT('',#2,'mechanical');
#20065 = PRODUCT_DEFINITION_CONTEXT('part definition',#2,'design');
#20066 = ADVANCED_BREP_SHAPE_REPRESENTATION('',(#11,#20067),#20217);
#20067 = MANIFOLD_SOLID_BREP('',#20068);
#20068 = CLOSED_SHELL('',(#20069,#20109,#20149,#20171,#20193,#20205));
#20069 = ADVANCED_FACE('',(#20070),#20104,.F.);
#20070 = FACE_BOUND('',#20071,.F.);
#20071 = EDGE_LOOP('',(#20072,#20082,#20090,#20098));
#20072 = ORIENTED_EDGE('',*,*,#20073,.F.);
#20073 = EDGE_CURVE('',#20074,#20076,#20078,.T.);
#20074 = VERTEX_POINT('',#20075);
#20075 = CARTESIAN_POINT('',(664.6418,-5.715,783.209));
#20076 = VERTEX_POINT('',#20077);
#20077 = CARTESIAN_POINT('',(664.6418,-5.715,1.1154664E+03));
#20078 = LINE('',#20079,#20080);
#20079 = CARTESIAN_POINT('',(664.6418,-5.715,783.209));
#20080 = VECTOR('',#20081,1.);
#20081 = DIRECTION('',(0.,0.,1.));
#20082 = ORIENTED_EDGE('',*,*,#20083,.T.);
#20083 = EDGE_CURVE('',#20074,#20084,#20086,.T.);
#20084 = VERTEX_POINT('',#20085);
#20085 = CARTESIAN_POINT('',(664.6418,13.335,783.209));
#20086 = LINE('',#20087,#20088);
#20087 = CARTESIAN_POINT('',(664.6418,-5.715,783.209));
#20088 = VECTOR('',#20089,1.);
#20089 = DIRECTION('',(-0.,1.,0.));
#20090 = ORIENTED_EDGE('',*,*,#20091,.T.);
#20091 = EDGE_CURVE('',#20084,#20092,#20094,.T.);
#20092 = VERTEX_POINT('',#20093);
#20093 = CARTESIAN_POINT('',(664.6418,13.335,1.1154664E+03));
#20094 = LINE('',#20095,#20096);
#20095 = CARTESIAN_POINT('',(664.6418,13.335,783.209));
#20096 = VECTOR('',#20097,1.);
#20097 = DIRECTION('',(0.,0.,1.));
#20098 = ORIENTED_EDGE('',*,*,#20099,.F.);
#20099 = EDGE_CURVE('',#20076,#20092,#20100,.T.);
#20100 = LINE('',#20101,#20102);
#20101 = CARTESIAN_POINT('',(664.6418,-5.715,1.1154664E+03));
#20102 = VECTOR('',#20103,1.);
#20103 = DIRECTION('',(-0.,1.,0.));
#20104 = PLANE('',#20105);
#20105 = AXIS2_PLACEMENT_3D('',#20106,#20107,#20108);
#20106 = CARTESIAN_POINT('',(664.6418,-5.715,783.209));
#20107 = DIRECTION('',(1.,0.,-0.));
#20108 = DIRECTION('',(0.,0.,1.));
#20109 = ADVANCED_FACE('',(#20110),#20144,.T.);
#20110 = FACE_BOUND('',#20111,.T.);
#20111 = EDGE_LOOP('',(#20112,#20122,#20130,#20138));
#20112 = ORIENTED_EDGE('',*,*,#20113,.F.);
#20113 = EDGE_CURVE('',#20114,#20116,#20118,.T.);
#20114 = VERTEX_POINT('',#20115);
#20115 = CARTESIAN_POINT('',(676.0718,-5.715,783.209));
#20116 = VERTEX_POINT('',#20117);
#20117 = CARTESIAN_POINT('',(676.0718,-5.715,1.1154664E+03));
#20118 = LINE('',#20119,#20120);
#20119 = CARTESIAN_POINT('',(676.0718,-5.715,783.209));
#20120 = VECTOR('',#20121,1.);
#20121 = DIRECTION('',(0.,0.,1.));
#20122 = ORIENTED_EDGE('',*,*,#20123,.T.);
#20123 = EDGE_CURVE('',#20114,#20124,#20126,.T.);
#20124 = VERTEX_POINT('',#20125);
#20125 = CARTESIAN_POINT('',(676.0718,13.335,783.209));
#20126 = LINE('',#20127,#20128);
#20127 = CARTESIAN_POINT('',(676.0718,-5.715,783.209));
#20128 = VECTOR('',#20129,1.);
#20129 = DIRECTION('',(-0.,1.,0.));
#20130 = ORIENTED_EDGE('',*,*,#20131,.T.);
#20131 = EDGE_CURVE('',#20124,#20132,#20134,.T.);
#20132 = VERTEX_POINT('',#20133);
#20133 = CARTESIAN_POINT('',(676.0718,13.335,1.1154664E+03));
#20134 = LINE('',#20135,#20136);
#20135 = CARTESIAN_POINT('',(676.0718,13.335,783.209));
#20136 = VECTOR('',#20137,1.);
#20137 = DIRECTION('',(0.,0.,1.));
#20138 = ORIENTED_EDGE('',*,*,#20139,.F.);
#20139 = EDGE_CURVE('',#20116,#20132,#20140,.T.);
#20140 = LINE('',#20141,#20142);
#20141 = CARTESIAN_POINT('',(676.0718,-5.715,1.1154664E+03));
#20142 = VECTOR('',#20143,1.);
#20143 = DIRECTION('',(-0.,1.,0.));
#20144 = PLANE('',#20145);
#20145 = AXIS2_PLACEMENT_3D('',#20146,#20147,#20148);
#20146 = CARTESIAN_POINT('',(676.0718,-5.715,783.209));
#20147 = DIRECTION('',(1.,0.,-0.));
#20148 = DIRECTION('',(0.,0.,1.));
#20149 = ADVANCED_FACE('',(#20150),#20166,.F.);
#20150 = FACE_BOUND('',#20151,.F.);
#20151 = EDGE_LOOP('',(#20152,#20158,#20159,#20165));
#20152 = ORIENTED_EDGE('',*,*,#20153,.F.);
#20153 = EDGE_CURVE('',#20074,#20114,#20154,.T.);
#20154 = LINE('',#20155,#20156);
#20155 = CARTESIAN_POINT('',(664.6418,-5.715,783.209));
#20156 = VECTOR('',#20157,1.);
#20157 = DIRECTION('',(1.,0.,-0.));
#20158 = ORIENTED_EDGE('',*,*,#20073,.T.);
#20159 = ORIENTED_EDGE('',*,*,#20160,.T.);
#20160 = EDGE_CURVE('',#20076,#20116,#20161,.T.);
#20161 = LINE('',#20162,#20163);
#20162 = CARTESIAN_POINT('',(664.6418,-5.715,1.1154664E+03));
#20163 = VECTOR('',#20164,1.);
#20164 = DIRECTION('',(1.,0.,-0.));
#20165 = ORIENTED_EDGE('',*,*,#20113,.F.);
#20166 = PLANE('',#20167);
#20167 = AXIS2_PLACEMENT_3D('',#20168,#20169,#20170);
#20168 = CARTESIAN_POINT('',(664.6418,-5.715,783.209));
#20169 = DIRECTION('',(-0.,1.,0.));
#20170 = DIRECTION('',(0.,0.,1.));
#20171 = ADVANCED_FACE('',(#20172),#20188,.T.);
#20172 = FACE_BOUND('',#20173,.T.);
#20173 = EDGE_LOOP('',(#20174,#20180,#20181,#20187));
#20174 = ORIENTED_EDGE('',*,*,#20175,.F.);
#20175 = EDGE_CURVE('',#20084,#20124,#20176,.T.);
#20176 = LINE('',#20177,#20178);
#20177 = CARTESIAN_POINT('',(664.6418,13.335,783.209));
#20178 = VECTOR('',#20179,1.);
#20179 = DIRECTION('',(1.,0.,-0.));
#20180 = ORIENTED_EDGE('',*,*,#20091,.T.);
#20181 = ORIENTED_EDGE('',*,*,#20182,.T.);
#20182 = EDGE_CURVE('',#20092,#20132,#20183,.T.);
#20183 = LINE('',#20184,#20185);
#20184 = CARTESIAN_POINT('',(664.6418,13.335,1.1154664E+03));
#20185 = VECTOR('',#20186,1.);
#20186 = DIRECTION('',(1.,0.,-0.));
#20187 = ORIENTED_EDGE('',*,*,#20131,.F.);
#20188 = PLANE('',#20189);
#20189 = AXIS2_PLACEMENT_3D('',#20190,#20191,#20192);
#20190 = CARTESIAN_POINT('',(664.6418,13.335,783.209));
#20191 = DIRECTION('',(-0.,1.,0.));
#20192 = DIRECTION('',(0.,0.,1.));
#20193 = ADVANCED_FACE('',(#20194),#20200,.F.);
#20194 = FACE_BOUND('',#20195,.F.);
#20195 = EDGE_LOOP('',(#20196,#20197,#20198,#20199));
#20196 = ORIENTED_EDGE('',*,*,#20083,.F.);
#20197 = ORIENTED_EDGE('',*,*,#20153,.T.);
#20198 = ORIENTED_EDGE('',*,*,#20123,.T.);
#20199 = ORIENTED_EDGE('',*,*,#20175,.F.);
#20200 = PLANE('',#20201);
#20201 = AXIS2_PLACEMENT_3D('',#20202,#20203,#20204);
#20202 = CARTESIAN_POINT('',(664.6418,-5.715,783.209));
#20203 = DIRECTION('',(0.,0.,1.));
#20204 = DIRECTION('',(1.,0.,-0.));
#20205 = ADVANCED_FACE('',(#20206),#20212,.T.);
#20206 = FACE_BOUND('',#20207,.T.);
#20207 = EDGE_LOOP('',(#20208,#20209,#20210,#20211));
#20208 = ORIENTED_EDGE('',*,*,#20099,.F.);
#20209 = ORIENTED_EDGE('',*,*,#20160,.T.);
#20210 = ORIENTED_EDGE('',*,*,#20139,.T.);
#20211 = ORIENTED_EDGE('',*,*,#20182,.F.);
#20212 = PLANE('',#20213);
#20213 = AXIS2_PLACEMENT_3D('',#20214,#20215,#20216);
#20214 = CARTESIAN_POINT('',(664.6418,-5.715,1.1154664E+03));
#20215 = DIRECTION('',(0.,0.,1.));
#20216 = DIRECTION('',(1.,0.,-0.));
#20217 = ( GEOMETRIC_REPRESENTATION_CONTEXT(3) 
GLOBAL_UNCERTAINTY_ASSIGNED_CONTEXT((#20221)) 
GLOBAL_UNIT_ASSIGNED_CONTEXT((#20218,#20219,#20220)) 
REPRESENTATION_CONTEXT('Context #1',
  '3D Context with UNIT and UNCERTAINTY') );
#20218 = ( LENGTH_UNIT() NAMED_UNIT(*) SI_UNIT(.MILLI.,.METRE.) );
#20219 = ( NAMED_UNIT(*) PLANE_ANGLE_UNIT() SI_UNIT($,.RADIAN.) );
#20220 = ( NAMED_UNIT(*) SI_UNIT($,.STERADIAN.) SOLID_ANGLE_UNIT() );
#20221 = UNCERTAINTY_MEASURE_WITH_UNIT(LENGTH_MEASURE(1.E-07),#20218,
  'distance_accuracy_value','confusion accuracy');
#20222 = CONTEXT_DEPENDENT_SHAPE_REPRESENTATION(#20223,#20225);
#20223 = ( REPRESENTATION_RELATIONSHIP('','',#20066,#10) 
REPRESENTATION_RELATIONSHIP_WITH_TRANSFORMATION(#20224) 
SHAPE_REPRESENTATION_RELATIONSHIP() );
#20224 = ITEM_DEFINED_TRANSFORMATION('','',#11,#303);
#20225 = PRODUCT_DEFINITION_SHAPE('Placement','Placement of an item',
  #20226);
#20226 = NEXT_ASSEMBLY_USAGE_OCCURRENCE('73','G009_Muntin_43','',#5,
  #20061,$);
#20227 = PRODUCT_RELATED_PRODUCT_CATEGORY('part',$,(#20063));
#20228 = SHAPE_DEFINITION_REPRESENTATION(#20229,#20235);
#20229 = PRODUCT_DEFINITION_SHAPE('','',#20230);
#20230 = PRODUCT_DEFINITION('design','',#20231,#20234);
#20231 = PRODUCT_DEFINITION_FORMATION('','',#20232);
#20232 = PRODUCT('G009_Muntin_44','G009_Muntin_44','',(#20233));
#20233 = PRODUCT_CONTEXT('',#2,'mechanical');
#20234 = PRODUCT_DEFINITION_CONTEXT('part definition',#2,'design');
#20235 = ADVANCED_BREP_SHAPE_REPRESENTATION('',(#11,#20236),#20386);
#20236 = MANIFOLD_SOLID_BREP('',#20237);
#20237 = CLOSED_SHELL('',(#20238,#20278,#20318,#20340,#20362,#20374));
#20238 = ADVANCED_FACE('',(#20239),#20273,.F.);
#20239 = FACE_BOUND('',#20240,.F.);
#20240 = EDGE_LOOP('',(#20241,#20251,#20259,#20267));
#20241 = ORIENTED_EDGE('',*,*,#20242,.F.);
#20242 = EDGE_CURVE('',#20243,#20245,#20247,.T.);
#20243 = VERTEX_POINT('',#20244);
#20244 = CARTESIAN_POINT('',(882.65,-5.715,783.209));
#20245 = VERTEX_POINT('',#20246);
#20246 = CARTESIAN_POINT('',(882.65,-5.715,1.1154664E+03));
#20247 = LINE('',#20248,#20249);
#20248 = CARTESIAN_POINT('',(882.65,-5.715,783.209));
#20249 = VECTOR('',#20250,1.);
#20250 = DIRECTION('',(0.,0.,1.));
#20251 = ORIENTED_EDGE('',*,*,#20252,.T.);
#20252 = EDGE_CURVE('',#20243,#20253,#20255,.T.);
#20253 = VERTEX_POINT('',#20254);
#20254 = CARTESIAN_POINT('',(882.65,13.335,783.209));
#20255 = LINE('',#20256,#20257);
#20256 = CARTESIAN_POINT('',(882.65,-5.715,783.209));
#20257 = VECTOR('',#20258,1.);
#20258 = DIRECTION('',(-0.,1.,0.));
#20259 = ORIENTED_EDGE('',*,*,#20260,.T.);
#20260 = EDGE_CURVE('',#20253,#20261,#20263,.T.);
#20261 = VERTEX_POINT('',#20262);
#20262 = CARTESIAN_POINT('',(882.65,13.335,1.1154664E+03));
#20263 = LINE('',#20264,#20265);
#20264 = CARTESIAN_POINT('',(882.65,13.335,783.209));
#20265 = VECTOR('',#20266,1.);
#20266 = DIRECTION('',(0.,0.,1.));
#20267 = ORIENTED_EDGE('',*,*,#20268,.F.);
#20268 = EDGE_CURVE('',#20245,#20261,#20269,.T.);
#20269 = LINE('',#20270,#20271);
#20270 = CARTESIAN_POINT('',(882.65,-5.715,1.1154664E+03));
#20271 = VECTOR('',#20272,1.);
#20272 = DIRECTION('',(-0.,1.,0.));
#20273 = PLANE('',#20274);
#20274 = AXIS2_PLACEMENT_3D('',#20275,#20276,#20277);
#20275 = CARTESIAN_POINT('',(882.65,-5.715,783.209));
#20276 = DIRECTION('',(1.,0.,-0.));
#20277 = DIRECTION('',(0.,0.,1.));
#20278 = ADVANCED_FACE('',(#20279),#20313,.T.);
#20279 = FACE_BOUND('',#20280,.T.);
#20280 = EDGE_LOOP('',(#20281,#20291,#20299,#20307));
#20281 = ORIENTED_EDGE('',*,*,#20282,.F.);
#20282 = EDGE_CURVE('',#20283,#20285,#20287,.T.);
#20283 = VERTEX_POINT('',#20284);
#20284 = CARTESIAN_POINT('',(901.7,-5.715,783.209));
#20285 = VERTEX_POINT('',#20286);
#20286 = CARTESIAN_POINT('',(901.7,-5.715,1.1154664E+03));
#20287 = LINE('',#20288,#20289);
#20288 = CARTESIAN_POINT('',(901.7,-5.715,783.209));
#20289 = VECTOR('',#20290,1.);
#20290 = DIRECTION('',(0.,0.,1.));
#20291 = ORIENTED_EDGE('',*,*,#20292,.T.);
#20292 = EDGE_CURVE('',#20283,#20293,#20295,.T.);
#20293 = VERTEX_POINT('',#20294);
#20294 = CARTESIAN_POINT('',(901.7,13.335,783.209));
#20295 = LINE('',#20296,#20297);
#20296 = CARTESIAN_POINT('',(901.7,-5.715,783.209));
#20297 = VECTOR('',#20298,1.);
#20298 = DIRECTION('',(-0.,1.,0.));
#20299 = ORIENTED_EDGE('',*,*,#20300,.T.);
#20300 = EDGE_CURVE('',#20293,#20301,#20303,.T.);
#20301 = VERTEX_POINT('',#20302);
#20302 = CARTESIAN_POINT('',(901.7,13.335,1.1154664E+03));
#20303 = LINE('',#20304,#20305);
#20304 = CARTESIAN_POINT('',(901.7,13.335,783.209));
#20305 = VECTOR('',#20306,1.);
#20306 = DIRECTION('',(0.,0.,1.));
#20307 = ORIENTED_EDGE('',*,*,#20308,.F.);
#20308 = EDGE_CURVE('',#20285,#20301,#20309,.T.);
#20309 = LINE('',#20310,#20311);
#20310 = CARTESIAN_POINT('',(901.7,-5.715,1.1154664E+03));
#20311 = VECTOR('',#20312,1.);
#20312 = DIRECTION('',(-0.,1.,0.));
#20313 = PLANE('',#20314);
#20314 = AXIS2_PLACEMENT_3D('',#20315,#20316,#20317);
#20315 = CARTESIAN_POINT('',(901.7,-5.715,783.209));
#20316 = DIRECTION('',(1.,0.,-0.));
#20317 = DIRECTION('',(0.,0.,1.));
#20318 = ADVANCED_FACE('',(#20319),#20335,.F.);
#20319 = FACE_BOUND('',#20320,.F.);
#20320 = EDGE_LOOP('',(#20321,#20327,#20328,#20334));
#20321 = ORIENTED_EDGE('',*,*,#20322,.F.);
#20322 = EDGE_CURVE('',#20243,#20283,#20323,.T.);
#20323 = LINE('',#20324,#20325);
#20324 = CARTESIAN_POINT('',(882.65,-5.715,783.209));
#20325 = VECTOR('',#20326,1.);
#20326 = DIRECTION('',(1.,0.,-0.));
#20327 = ORIENTED_EDGE('',*,*,#20242,.T.);
#20328 = ORIENTED_EDGE('',*,*,#20329,.T.);
#20329 = EDGE_CURVE('',#20245,#20285,#20330,.T.);
#20330 = LINE('',#20331,#20332);
#20331 = CARTESIAN_POINT('',(882.65,-5.715,1.1154664E+03));
#20332 = VECTOR('',#20333,1.);
#20333 = DIRECTION('',(1.,0.,-0.));
#20334 = ORIENTED_EDGE('',*,*,#20282,.F.);
#20335 = PLANE('',#20336);
#20336 = AXIS2_PLACEMENT_3D('',#20337,#20338,#20339);
#20337 = CARTESIAN_POINT('',(882.65,-5.715,783.209));
#20338 = DIRECTION('',(-0.,1.,0.));
#20339 = DIRECTION('',(0.,0.,1.));
#20340 = ADVANCED_FACE('',(#20341),#20357,.T.);
#20341 = FACE_BOUND('',#20342,.T.);
#20342 = EDGE_LOOP('',(#20343,#20349,#20350,#20356));
#20343 = ORIENTED_EDGE('',*,*,#20344,.F.);
#20344 = EDGE_CURVE('',#20253,#20293,#20345,.T.);
#20345 = LINE('',#20346,#20347);
#20346 = CARTESIAN_POINT('',(882.65,13.335,783.209));
#20347 = VECTOR('',#20348,1.);
#20348 = DIRECTION('',(1.,0.,-0.));
#20349 = ORIENTED_EDGE('',*,*,#20260,.T.);
#20350 = ORIENTED_EDGE('',*,*,#20351,.T.);
#20351 = EDGE_CURVE('',#20261,#20301,#20352,.T.);
#20352 = LINE('',#20353,#20354);
#20353 = CARTESIAN_POINT('',(882.65,13.335,1.1154664E+03));
#20354 = VECTOR('',#20355,1.);
#20355 = DIRECTION('',(1.,0.,-0.));
#20356 = ORIENTED_EDGE('',*,*,#20300,.F.);
#20357 = PLANE('',#20358);
#20358 = AXIS2_PLACEMENT_3D('',#20359,#20360,#20361);
#20359 = CARTESIAN_POINT('',(882.65,13.335,783.209));
#20360 = DIRECTION('',(-0.,1.,0.));
#20361 = DIRECTION('',(0.,0.,1.));
#20362 = ADVANCED_FACE('',(#20363),#20369,.F.);
#20363 = FACE_BOUND('',#20364,.F.);
#20364 = EDGE_LOOP('',(#20365,#20366,#20367,#20368));
#20365 = ORIENTED_EDGE('',*,*,#20252,.F.);
#20366 = ORIENTED_EDGE('',*,*,#20322,.T.);
#20367 = ORIENTED_EDGE('',*,*,#20292,.T.);
#20368 = ORIENTED_EDGE('',*,*,#20344,.F.);
#20369 = PLANE('',#20370);
#20370 = AXIS2_PLACEMENT_3D('',#20371,#20372,#20373);
#20371 = CARTESIAN_POINT('',(882.65,-5.715,783.209));
#20372 = DIRECTION('',(0.,0.,1.));
#20373 = DIRECTION('',(1.,0.,-0.));
#20374 = ADVANCED_FACE('',(#20375),#20381,.T.);
#20375 = FACE_BOUND('',#20376,.T.);
#20376 = EDGE_LOOP('',(#20377,#20378,#20379,#20380));
#20377 = ORIENTED_EDGE('',*,*,#20268,.F.);
#20378 = ORIENTED_EDGE('',*,*,#20329,.T.);
#20379 = ORIENTED_EDGE('',*,*,#20308,.T.);
#20380 = ORIENTED_EDGE('',*,*,#20351,.F.);
#20381 = PLANE('',#20382);
#20382 = AXIS2_PLACEMENT_3D('',#20383,#20384,#20385);
#20383 = CARTESIAN_POINT('',(882.65,-5.715,1.1154664E+03));
#20384 = DIRECTION('',(0.,0.,1.));
#20385 = DIRECTION('',(1.,0.,-0.));
#20386 = ( GEOMETRIC_REPRESENTATION_CONTEXT(3) 
GLOBAL_UNCERTAINTY_ASSIGNED_CONTEXT((#20390)) 
GLOBAL_UNIT_ASSIGNED_CONTEXT((#20387,#20388,#20389)) 
REPRESENTATION_CONTEXT('Context #1',
  '3D Context with UNIT and UNCERTAINTY') );
#20387 = ( LENGTH_UNIT() NAMED_UNIT(*) SI_UNIT(.MILLI.,.METRE.) );
#20388 = ( NAMED_UNIT(*) PLANE_ANGLE_UNIT() SI_UNIT($,.RADIAN.) );
#20389 = ( NAMED_UNIT(*) SI_UNIT($,.STERADIAN.) SOLID_ANGLE_UNIT() );
#20390 = UNCERTAINTY_MEASURE_WITH_UNIT(LENGTH_MEASURE(1.E-07),#20387,
  'distance_accuracy_value','confusion accuracy');
#20391 = CONTEXT_DEPENDENT_SHAPE_REPRESENTATION(#20392,#20394);
#20392 = ( REPRESENTATION_RELATIONSHIP('','',#20235,#10) 
REPRESENTATION_RELATIONSHIP_WITH_TRANSFORMATION(#20393) 
SHAPE_REPRESENTATION_RELATIONSHIP() );
#20393 = ITEM_DEFINED_TRANSFORMATION('','',#11,#307);
#20394 = PRODUCT_DEFINITION_SHAPE('Placement','Placement of an item',
  #20395);
#20395 = NEXT_ASSEMBLY_USAGE_OCCURRENCE('74','G009_Muntin_44','',#5,
  #20230,$);
#20396 = PRODUCT_RELATED_PRODUCT_CATEGORY('part',$,(#20232));
#20397 = SHAPE_DEFINITION_REPRESENTATION(#20398,#20404);
#20398 = PRODUCT_DEFINITION_SHAPE('','',#20399);
#20399 = PRODUCT_DEFINITION('design','',#20400,#20403);
#20400 = PRODUCT_DEFINITION_FORMATION('','',#20401);
#20401 = PRODUCT('G009_Muntin_45','G009_Muntin_45','',(#20402));
#20402 = PRODUCT_CONTEXT('',#2,'mechanical');
#20403 = PRODUCT_DEFINITION_CONTEXT('part definition',#2,'design');
#20404 = ADVANCED_BREP_SHAPE_REPRESENTATION('',(#11,#20405),#20555);
#20405 = MANIFOLD_SOLID_BREP('',#20406);
#20406 = CLOSED_SHELL('',(#20407,#20447,#20487,#20509,#20531,#20543));
#20407 = ADVANCED_FACE('',(#20408),#20442,.F.);
#20408 = FACE_BOUND('',#20409,.F.);
#20409 = EDGE_LOOP('',(#20410,#20420,#20428,#20436));
#20410 = ORIENTED_EDGE('',*,*,#20411,.F.);
#20411 = EDGE_CURVE('',#20412,#20414,#20416,.T.);
#20412 = VERTEX_POINT('',#20413);
#20413 = CARTESIAN_POINT('',(190.5,-5.715,783.209));
#20414 = VERTEX_POINT('',#20415);
#20415 = CARTESIAN_POINT('',(190.5,-5.715,802.259));
#20416 = LINE('',#20417,#20418);
#20417 = CARTESIAN_POINT('',(190.5,-5.715,783.209));
#20418 = VECTOR('',#20419,1.);
#20419 = DIRECTION('',(0.,0.,1.));
#20420 = ORIENTED_EDGE('',*,*,#20421,.T.);
#20421 = EDGE_CURVE('',#20412,#20422,#20424,.T.);
#20422 = VERTEX_POINT('',#20423);
#20423 = CARTESIAN_POINT('',(190.5,13.335,783.209));
#20424 = LINE('',#20425,#20426);
#20425 = CARTESIAN_POINT('',(190.5,-5.715,783.209));
#20426 = VECTOR('',#20427,1.);
#20427 = DIRECTION('',(-0.,1.,0.));
#20428 = ORIENTED_EDGE('',*,*,#20429,.T.);
#20429 = EDGE_CURVE('',#20422,#20430,#20432,.T.);
#20430 = VERTEX_POINT('',#20431);
#20431 = CARTESIAN_POINT('',(190.5,13.335,802.259));
#20432 = LINE('',#20433,#20434);
#20433 = CARTESIAN_POINT('',(190.5,13.335,783.209));
#20434 = VECTOR('',#20435,1.);
#20435 = DIRECTION('',(0.,0.,1.));
#20436 = ORIENTED_EDGE('',*,*,#20437,.F.);
#20437 = EDGE_CURVE('',#20414,#20430,#20438,.T.);
#20438 = LINE('',#20439,#20440);
#20439 = CARTESIAN_POINT('',(190.5,-5.715,802.259));
#20440 = VECTOR('',#20441,1.);
#20441 = DIRECTION('',(-0.,1.,0.));
#20442 = PLANE('',#20443);
#20443 = AXIS2_PLACEMENT_3D('',#20444,#20445,#20446);
#20444 = CARTESIAN_POINT('',(190.5,-5.715,783.209));
#20445 = DIRECTION('',(1.,0.,-0.));
#20446 = DIRECTION('',(0.,0.,1.));
#20447 = ADVANCED_FACE('',(#20448),#20482,.T.);
#20448 = FACE_BOUND('',#20449,.T.);
#20449 = EDGE_LOOP('',(#20450,#20460,#20468,#20476));
#20450 = ORIENTED_EDGE('',*,*,#20451,.F.);
#20451 = EDGE_CURVE('',#20452,#20454,#20456,.T.);
#20452 = VERTEX_POINT('',#20453);
#20453 = CARTESIAN_POINT('',(901.7,-5.715,783.209));
#20454 = VERTEX_POINT('',#20455);
#20455 = CARTESIAN_POINT('',(901.7,-5.715,802.259));
#20456 = LINE('',#20457,#20458);
#20457 = CARTESIAN_POINT('',(901.7,-5.715,783.209));
#20458 = VECTOR('',#20459,1.);
#20459 = DIRECTION('',(0.,0.,1.));
#20460 = ORIENTED_EDGE('',*,*,#20461,.T.);
#20461 = EDGE_CURVE('',#20452,#20462,#20464,.T.);
#20462 = VERTEX_POINT('',#20463);
#20463 = CARTESIAN_POINT('',(901.7,13.335,783.209));
#20464 = LINE('',#20465,#20466);
#20465 = CARTESIAN_POINT('',(901.7,-5.715,783.209));
#20466 = VECTOR('',#20467,1.);
#20467 = DIRECTION('',(-0.,1.,0.));
#20468 = ORIENTED_EDGE('',*,*,#20469,.T.);
#20469 = EDGE_CURVE('',#20462,#20470,#20472,.T.);
#20470 = VERTEX_POINT('',#20471);
#20471 = CARTESIAN_POINT('',(901.7,13.335,802.259));
#20472 = LINE('',#20473,#20474);
#20473 = CARTESIAN_POINT('',(901.7,13.335,783.209));
#20474 = VECTOR('',#20475,1.);
#20475 = DIRECTION('',(0.,0.,1.));
#20476 = ORIENTED_EDGE('',*,*,#20477,.F.);
#20477 = EDGE_CURVE('',#20454,#20470,#20478,.T.);
#20478 = LINE('',#20479,#20480);
#20479 = CARTESIAN_POINT('',(901.7,-5.715,802.259));
#20480 = VECTOR('',#20481,1.);
#20481 = DIRECTION('',(-0.,1.,0.));
#20482 = PLANE('',#20483);
#20483 = AXIS2_PLACEMENT_3D('',#20484,#20485,#20486);
#20484 = CARTESIAN_POINT('',(901.7,-5.715,783.209));
#20485 = DIRECTION('',(1.,0.,-0.));
#20486 = DIRECTION('',(0.,0.,1.));
#20487 = ADVANCED_FACE('',(#20488),#20504,.F.);
#20488 = FACE_BOUND('',#20489,.F.);
#20489 = EDGE_LOOP('',(#20490,#20496,#20497,#20503));
#20490 = ORIENTED_EDGE('',*,*,#20491,.F.);
#20491 = EDGE_CURVE('',#20412,#20452,#20492,.T.);
#20492 = LINE('',#20493,#20494);
#20493 = CARTESIAN_POINT('',(190.5,-5.715,783.209));
#20494 = VECTOR('',#20495,1.);
#20495 = DIRECTION('',(1.,0.,-0.));
#20496 = ORIENTED_EDGE('',*,*,#20411,.T.);
#20497 = ORIENTED_EDGE('',*,*,#20498,.T.);
#20498 = EDGE_CURVE('',#20414,#20454,#20499,.T.);
#20499 = LINE('',#20500,#20501);
#20500 = CARTESIAN_POINT('',(190.5,-5.715,802.259));
#20501 = VECTOR('',#20502,1.);
#20502 = DIRECTION('',(1.,0.,-0.));
#20503 = ORIENTED_EDGE('',*,*,#20451,.F.);
#20504 = PLANE('',#20505);
#20505 = AXIS2_PLACEMENT_3D('',#20506,#20507,#20508);
#20506 = CARTESIAN_POINT('',(190.5,-5.715,783.209));
#20507 = DIRECTION('',(-0.,1.,0.));
#20508 = DIRECTION('',(0.,0.,1.));
#20509 = ADVANCED_FACE('',(#20510),#20526,.T.);
#20510 = FACE_BOUND('',#20511,.T.);
#20511 = EDGE_LOOP('',(#20512,#20518,#20519,#20525));
#20512 = ORIENTED_EDGE('',*,*,#20513,.F.);
#20513 = EDGE_CURVE('',#20422,#20462,#20514,.T.);
#20514 = LINE('',#20515,#20516);
#20515 = CARTESIAN_POINT('',(190.5,13.335,783.209));
#20516 = VECTOR('',#20517,1.);
#20517 = DIRECTION('',(1.,0.,-0.));
#20518 = ORIENTED_EDGE('',*,*,#20429,.T.);
#20519 = ORIENTED_EDGE('',*,*,#20520,.T.);
#20520 = EDGE_CURVE('',#20430,#20470,#20521,.T.);
#20521 = LINE('',#20522,#20523);
#20522 = CARTESIAN_POINT('',(190.5,13.335,802.259));
#20523 = VECTOR('',#20524,1.);
#20524 = DIRECTION('',(1.,0.,-0.));
#20525 = ORIENTED_EDGE('',*,*,#20469,.F.);
#20526 = PLANE('',#20527);
#20527 = AXIS2_PLACEMENT_3D('',#20528,#20529,#20530);
#20528 = CARTESIAN_POINT('',(190.5,13.335,783.209));
#20529 = DIRECTION('',(-0.,1.,0.));
#20530 = DIRECTION('',(0.,0.,1.));
#20531 = ADVANCED_FACE('',(#20532),#20538,.F.);
#20532 = FACE_BOUND('',#20533,.F.);
#20533 = EDGE_LOOP('',(#20534,#20535,#20536,#20537));
#20534 = ORIENTED_EDGE('',*,*,#20421,.F.);
#20535 = ORIENTED_EDGE('',*,*,#20491,.T.);
#20536 = ORIENTED_EDGE('',*,*,#20461,.T.);
#20537 = ORIENTED_EDGE('',*,*,#20513,.F.);
#20538 = PLANE('',#20539);
#20539 = AXIS2_PLACEMENT_3D('',#20540,#20541,#20542);
#20540 = CARTESIAN_POINT('',(190.5,-5.715,783.209));
#20541 = DIRECTION('',(0.,0.,1.));
#20542 = DIRECTION('',(1.,0.,-0.));
#20543 = ADVANCED_FACE('',(#20544),#20550,.T.);
#20544 = FACE_BOUND('',#20545,.T.);
#20545 = EDGE_LOOP('',(#20546,#20547,#20548,#20549));
#20546 = ORIENTED_EDGE('',*,*,#20437,.F.);
#20547 = ORIENTED_EDGE('',*,*,#20498,.T.);
#20548 = ORIENTED_EDGE('',*,*,#20477,.T.);
#20549 = ORIENTED_EDGE('',*,*,#20520,.F.);
#20550 = PLANE('',#20551);
#20551 = AXIS2_PLACEMENT_3D('',#20552,#20553,#20554);
#20552 = CARTESIAN_POINT('',(190.5,-5.715,802.259));
#20553 = DIRECTION('',(0.,0.,1.));
#20554 = DIRECTION('',(1.,0.,-0.));
#20555 = ( GEOMETRIC_REPRESENTATION_CONTEXT(3) 
GLOBAL_UNCERTAINTY_ASSIGNED_CONTEXT((#20559)) 
GLOBAL_UNIT_ASSIGNED_CONTEXT((#20556,#20557,#20558)) 
REPRESENTATION_CONTEXT('Context #1',
  '3D Context with UNIT and UNCERTAINTY') );
#20556 = ( LENGTH_UNIT() NAMED_UNIT(*) SI_UNIT(.MILLI.,.METRE.) );
#20557 = ( NAMED_UNIT(*) PLANE_ANGLE_UNIT() SI_UNIT($,.RADIAN.) );
#20558 = ( NAMED_UNIT(*) SI_UNIT($,.STERADIAN.) SOLID_ANGLE_UNIT() );
#20559 = UNCERTAINTY_MEASURE_WITH_UNIT(LENGTH_MEASURE(1.E-07),#20556,
  'distance_accuracy_value','confusion accuracy');
#20560 = CONTEXT_DEPENDENT_SHAPE_REPRESENTATION(#20561,#20563);
#20561 = ( REPRESENTATION_RELATIONSHIP('','',#20404,#10) 
REPRESENTATION_RELATIONSHIP_WITH_TRANSFORMATION(#20562) 
SHAPE_REPRESENTATION_RELATIONSHIP() );
#20562 = ITEM_DEFINED_TRANSFORMATION('','',#11,#311);
#20563 = PRODUCT_DEFINITION_SHAPE('Placement','Placement of an item',
  #20564);
#20564 = NEXT_ASSEMBLY_USAGE_OCCURRENCE('75','G009_Muntin_45','',#5,
  #20399,$);
#20565 = PRODUCT_RELATED_PRODUCT_CATEGORY('part',$,(#20401));
#20566 = SHAPE_DEFINITION_REPRESENTATION(#20567,#20573);
#20567 = PRODUCT_DEFINITION_SHAPE('','',#20568);
#20568 = PRODUCT_DEFINITION('design','',#20569,#20572);
#20569 = PRODUCT_DEFINITION_FORMATION('','',#20570);
#20570 = PRODUCT('G009_Muntin_46','G009_Muntin_46','',(#20571));
#20571 = PRODUCT_CONTEXT('',#2,'mechanical');
#20572 = PRODUCT_DEFINITION_CONTEXT('part definition',#2,'design');
#20573 = ADVANCED_BREP_SHAPE_REPRESENTATION('',(#11,#20574),#20724);
#20574 = MANIFOLD_SOLID_BREP('',#20575);
#20575 = CLOSED_SHELL('',(#20576,#20616,#20656,#20678,#20700,#20712));
#20576 = ADVANCED_FACE('',(#20577),#20611,.F.);
#20577 = FACE_BOUND('',#20578,.F.);
#20578 = EDGE_LOOP('',(#20579,#20589,#20597,#20605));
#20579 = ORIENTED_EDGE('',*,*,#20580,.F.);
#20580 = EDGE_CURVE('',#20581,#20583,#20585,.T.);
#20581 = VERTEX_POINT('',#20582);
#20582 = CARTESIAN_POINT('',(190.5,-5.715,1.0964164E+03));
#20583 = VERTEX_POINT('',#20584);
#20584 = CARTESIAN_POINT('',(190.5,-5.715,1.1154664E+03));
#20585 = LINE('',#20586,#20587);
#20586 = CARTESIAN_POINT('',(190.5,-5.715,1.0964164E+03));
#20587 = VECTOR('',#20588,1.);
#20588 = DIRECTION('',(0.,0.,1.));
#20589 = ORIENTED_EDGE('',*,*,#20590,.T.);
#20590 = EDGE_CURVE('',#20581,#20591,#20593,.T.);
#20591 = VERTEX_POINT('',#20592);
#20592 = CARTESIAN_POINT('',(190.5,13.335,1.0964164E+03));
#20593 = LINE('',#20594,#20595);
#20594 = CARTESIAN_POINT('',(190.5,-5.715,1.0964164E+03));
#20595 = VECTOR('',#20596,1.);
#20596 = DIRECTION('',(-0.,1.,0.));
#20597 = ORIENTED_EDGE('',*,*,#20598,.T.);
#20598 = EDGE_CURVE('',#20591,#20599,#20601,.T.);
#20599 = VERTEX_POINT('',#20600);
#20600 = CARTESIAN_POINT('',(190.5,13.335,1.1154664E+03));
#20601 = LINE('',#20602,#20603);
#20602 = CARTESIAN_POINT('',(190.5,13.335,1.0964164E+03));
#20603 = VECTOR('',#20604,1.);
#20604 = DIRECTION('',(0.,0.,1.));
#20605 = ORIENTED_EDGE('',*,*,#20606,.F.);
#20606 = EDGE_CURVE('',#20583,#20599,#20607,.T.);
#20607 = LINE('',#20608,#20609);
#20608 = CARTESIAN_POINT('',(190.5,-5.715,1.1154664E+03));
#20609 = VECTOR('',#20610,1.);
#20610 = DIRECTION('',(-0.,1.,0.));
#20611 = PLANE('',#20612);
#20612 = AXIS2_PLACEMENT_3D('',#20613,#20614,#20615);
#20613 = CARTESIAN_POINT('',(190.5,-5.715,1.0964164E+03));
#20614 = DIRECTION('',(1.,0.,-0.));
#20615 = DIRECTION('',(0.,0.,1.));
#20616 = ADVANCED_FACE('',(#20617),#20651,.T.);
#20617 = FACE_BOUND('',#20618,.T.);
#20618 = EDGE_LOOP('',(#20619,#20629,#20637,#20645));
#20619 = ORIENTED_EDGE('',*,*,#20620,.F.);
#20620 = EDGE_CURVE('',#20621,#20623,#20625,.T.);
#20621 = VERTEX_POINT('',#20622);
#20622 = CARTESIAN_POINT('',(901.7,-5.715,1.0964164E+03));
#20623 = VERTEX_POINT('',#20624);
#20624 = CARTESIAN_POINT('',(901.7,-5.715,1.1154664E+03));
#20625 = LINE('',#20626,#20627);
#20626 = CARTESIAN_POINT('',(901.7,-5.715,1.0964164E+03));
#20627 = VECTOR('',#20628,1.);
#20628 = DIRECTION('',(0.,0.,1.));
#20629 = ORIENTED_EDGE('',*,*,#20630,.T.);
#20630 = EDGE_CURVE('',#20621,#20631,#20633,.T.);
#20631 = VERTEX_POINT('',#20632);
#20632 = CARTESIAN_POINT('',(901.7,13.335,1.0964164E+03));
#20633 = LINE('',#20634,#20635);
#20634 = CARTESIAN_POINT('',(901.7,-5.715,1.0964164E+03));
#20635 = VECTOR('',#20636,1.);
#20636 = DIRECTION('',(-0.,1.,0.));
#20637 = ORIENTED_EDGE('',*,*,#20638,.T.);
#20638 = EDGE_CURVE('',#20631,#20639,#20641,.T.);
#20639 = VERTEX_POINT('',#20640);
#20640 = CARTESIAN_POINT('',(901.7,13.335,1.1154664E+03));
#20641 = LINE('',#20642,#20643);
#20642 = CARTESIAN_POINT('',(901.7,13.335,1.0964164E+03));
#20643 = VECTOR('',#20644,1.);
#20644 = DIRECTION('',(0.,0.,1.));
#20645 = ORIENTED_EDGE('',*,*,#20646,.F.);
#20646 = EDGE_CURVE('',#20623,#20639,#20647,.T.);
#20647 = LINE('',#20648,#20649);
#20648 = CARTESIAN_POINT('',(901.7,-5.715,1.1154664E+03));
#20649 = VECTOR('',#20650,1.);
#20650 = DIRECTION('',(-0.,1.,0.));
#20651 = PLANE('',#20652);
#20652 = AXIS2_PLACEMENT_3D('',#20653,#20654,#20655);
#20653 = CARTESIAN_POINT('',(901.7,-5.715,1.0964164E+03));
#20654 = DIRECTION('',(1.,0.,-0.));
#20655 = DIRECTION('',(0.,0.,1.));
#20656 = ADVANCED_FACE('',(#20657),#20673,.F.);
#20657 = FACE_BOUND('',#20658,.F.);
#20658 = EDGE_LOOP('',(#20659,#20665,#20666,#20672));
#20659 = ORIENTED_EDGE('',*,*,#20660,.F.);
#20660 = EDGE_CURVE('',#20581,#20621,#20661,.T.);
#20661 = LINE('',#20662,#20663);
#20662 = CARTESIAN_POINT('',(190.5,-5.715,1.0964164E+03));
#20663 = VECTOR('',#20664,1.);
#20664 = DIRECTION('',(1.,0.,-0.));
#20665 = ORIENTED_EDGE('',*,*,#20580,.T.);
#20666 = ORIENTED_EDGE('',*,*,#20667,.T.);
#20667 = EDGE_CURVE('',#20583,#20623,#20668,.T.);
#20668 = LINE('',#20669,#20670);
#20669 = CARTESIAN_POINT('',(190.5,-5.715,1.1154664E+03));
#20670 = VECTOR('',#20671,1.);
#20671 = DIRECTION('',(1.,0.,-0.));
#20672 = ORIENTED_EDGE('',*,*,#20620,.F.);
#20673 = PLANE('',#20674);
#20674 = AXIS2_PLACEMENT_3D('',#20675,#20676,#20677);
#20675 = CARTESIAN_POINT('',(190.5,-5.715,1.0964164E+03));
#20676 = DIRECTION('',(-0.,1.,0.));
#20677 = DIRECTION('',(0.,0.,1.));
#20678 = ADVANCED_FACE('',(#20679),#20695,.T.);
#20679 = FACE_BOUND('',#20680,.T.);
#20680 = EDGE_LOOP('',(#20681,#20687,#20688,#20694));
#20681 = ORIENTED_EDGE('',*,*,#20682,.F.);
#20682 = EDGE_CURVE('',#20591,#20631,#20683,.T.);
#20683 = LINE('',#20684,#20685);
#20684 = CARTESIAN_POINT('',(190.5,13.335,1.0964164E+03));
#20685 = VECTOR('',#20686,1.);
#20686 = DIRECTION('',(1.,0.,-0.));
#20687 = ORIENTED_EDGE('',*,*,#20598,.T.);
#20688 = ORIENTED_EDGE('',*,*,#20689,.T.);
#20689 = EDGE_CURVE('',#20599,#20639,#20690,.T.);
#20690 = LINE('',#20691,#20692);
#20691 = CARTESIAN_POINT('',(190.5,13.335,1.1154664E+03));
#20692 = VECTOR('',#20693,1.);
#20693 = DIRECTION('',(1.,0.,-0.));
#20694 = ORIENTED_EDGE('',*,*,#20638,.F.);
#20695 = PLANE('',#20696);
#20696 = AXIS2_PLACEMENT_3D('',#20697,#20698,#20699);
#20697 = CARTESIAN_POINT('',(190.5,13.335,1.0964164E+03));
#20698 = DIRECTION('',(-0.,1.,0.));
#20699 = DIRECTION('',(0.,0.,1.));
#20700 = ADVANCED_FACE('',(#20701),#20707,.F.);
#20701 = FACE_BOUND('',#20702,.F.);
#20702 = EDGE_LOOP('',(#20703,#20704,#20705,#20706));
#20703 = ORIENTED_EDGE('',*,*,#20590,.F.);
#20704 = ORIENTED_EDGE('',*,*,#20660,.T.);
#20705 = ORIENTED_EDGE('',*,*,#20630,.T.);
#20706 = ORIENTED_EDGE('',*,*,#20682,.F.);
#20707 = PLANE('',#20708);
#20708 = AXIS2_PLACEMENT_3D('',#20709,#20710,#20711);
#20709 = CARTESIAN_POINT('',(190.5,-5.715,1.0964164E+03));
#20710 = DIRECTION('',(0.,0.,1.));
#20711 = DIRECTION('',(1.,0.,-0.));
#20712 = ADVANCED_FACE('',(#20713),#20719,.T.);
#20713 = FACE_BOUND('',#20714,.T.);
#20714 = EDGE_LOOP('',(#20715,#20716,#20717,#20718));
#20715 = ORIENTED_EDGE('',*,*,#20606,.F.);
#20716 = ORIENTED_EDGE('',*,*,#20667,.T.);
#20717 = ORIENTED_EDGE('',*,*,#20646,.T.);
#20718 = ORIENTED_EDGE('',*,*,#20689,.F.);
#20719 = PLANE('',#20720);
#20720 = AXIS2_PLACEMENT_3D('',#20721,#20722,#20723);
#20721 = CARTESIAN_POINT('',(190.5,-5.715,1.1154664E+03));
#20722 = DIRECTION('',(0.,0.,1.));
#20723 = DIRECTION('',(1.,0.,-0.));
#20724 = ( GEOMETRIC_REPRESENTATION_CONTEXT(3) 
GLOBAL_UNCERTAINTY_ASSIGNED_CONTEXT((#20728)) 
GLOBAL_UNIT_ASSIGNED_CONTEXT((#20725,#20726,#20727)) 
REPRESENTATION_CONTEXT('Context #1',
  '3D Context with UNIT and UNCERTAINTY') );
#20725 = ( LENGTH_UNIT() NAMED_UNIT(*) SI_UNIT(.MILLI.,.METRE.) );
#20726 = ( NAMED_UNIT(*) PLANE_ANGLE_UNIT() SI_UNIT($,.RADIAN.) );
#20727 = ( NAMED_UNIT(*) SI_UNIT($,.STERADIAN.) SOLID_ANGLE_UNIT() );
#20728 = UNCERTAINTY_MEASURE_WITH_UNIT(LENGTH_MEASURE(1.E-07),#20725,
  'distance_accuracy_value','confusion accuracy');
#20729 = CONTEXT_DEPENDENT_SHAPE_REPRESENTATION(#20730,#20732);
#20730 = ( REPRESENTATION_RELATIONSHIP('','',#20573,#10) 
REPRESENTATION_RELATIONSHIP_WITH_TRANSFORMATION(#20731) 
SHAPE_REPRESENTATION_RELATIONSHIP() );
#20731 = ITEM_DEFINED_TRANSFORMATION('','',#11,#315);
#20732 = PRODUCT_DEFINITION_SHAPE('Placement','Placement of an item',
  #20733);
#20733 = NEXT_ASSEMBLY_USAGE_OCCURRENCE('76','G009_Muntin_46','',#5,
  #20568,$);
#20734 = PRODUCT_RELATED_PRODUCT_CATEGORY('part',$,(#20570));
#20735 = SHAPE_DEFINITION_REPRESENTATION(#20736,#20742);
#20736 = PRODUCT_DEFINITION_SHAPE('','',#20737);
#20737 = PRODUCT_DEFINITION('design','',#20738,#20741);
#20738 = PRODUCT_DEFINITION_FORMATION('','',#20739);
#20739 = PRODUCT('G010_Latch_Bar','G010_Latch_Bar','',(#20740));
#20740 = PRODUCT_CONTEXT('',#2,'mechanical');
#20741 = PRODUCT_DEFINITION_CONTEXT('part definition',#2,'design');
#20742 = ADVANCED_BREP_SHAPE_REPRESENTATION('',(#11,#20743),#20893);
#20743 = MANIFOLD_SOLID_BREP('',#20744);
#20744 = CLOSED_SHELL('',(#20745,#20785,#20825,#20847,#20869,#20881));
#20745 = ADVANCED_FACE('',(#20746),#20780,.F.);
#20746 = FACE_BOUND('',#20747,.F.);
#20747 = EDGE_LOOP('',(#20748,#20758,#20766,#20774));
#20748 = ORIENTED_EDGE('',*,*,#20749,.F.);
#20749 = EDGE_CURVE('',#20750,#20752,#20754,.T.);
#20750 = VERTEX_POINT('',#20751);
#20751 = CARTESIAN_POINT('',(-304.8,-19.05,1.2075414E+03));
#20752 = VERTEX_POINT('',#20753);
#20753 = CARTESIAN_POINT('',(-304.8,-19.05,1.2964414E+03));
#20754 = LINE('',#20755,#20756);
#20755 = CARTESIAN_POINT('',(-304.8,-19.05,1.2075414E+03));
#20756 = VECTOR('',#20757,1.);
#20757 = DIRECTION('',(0.,0.,1.));
#20758 = ORIENTED_EDGE('',*,*,#20759,.T.);
#20759 = EDGE_CURVE('',#20750,#20760,#20762,.T.);
#20760 = VERTEX_POINT('',#20761);
#20761 = CARTESIAN_POINT('',(-304.8,19.05,1.2075414E+03));
#20762 = LINE('',#20763,#20764);
#20763 = CARTESIAN_POINT('',(-304.8,-19.05,1.2075414E+03));
#20764 = VECTOR('',#20765,1.);
#20765 = DIRECTION('',(-0.,1.,0.));
#20766 = ORIENTED_EDGE('',*,*,#20767,.T.);
#20767 = EDGE_CURVE('',#20760,#20768,#20770,.T.);
#20768 = VERTEX_POINT('',#20769);
#20769 = CARTESIAN_POINT('',(-304.8,19.05,1.2964414E+03));
#20770 = LINE('',#20771,#20772);
#20771 = CARTESIAN_POINT('',(-304.8,19.05,1.2075414E+03));
#20772 = VECTOR('',#20773,1.);
#20773 = DIRECTION('',(0.,0.,1.));
#20774 = ORIENTED_EDGE('',*,*,#20775,.F.);
#20775 = EDGE_CURVE('',#20752,#20768,#20776,.T.);
#20776 = LINE('',#20777,#20778);
#20777 = CARTESIAN_POINT('',(-304.8,-19.05,1.2964414E+03));
#20778 = VECTOR('',#20779,1.);
#20779 = DIRECTION('',(-0.,1.,0.));
#20780 = PLANE('',#20781);
#20781 = AXIS2_PLACEMENT_3D('',#20782,#20783,#20784);
#20782 = CARTESIAN_POINT('',(-304.8,-19.05,1.2075414E+03));
#20783 = DIRECTION('',(1.,0.,-0.));
#20784 = DIRECTION('',(0.,0.,1.));
#20785 = ADVANCED_FACE('',(#20786),#20820,.T.);
#20786 = FACE_BOUND('',#20787,.T.);
#20787 = EDGE_LOOP('',(#20788,#20798,#20806,#20814));
#20788 = ORIENTED_EDGE('',*,*,#20789,.F.);
#20789 = EDGE_CURVE('',#20790,#20792,#20794,.T.);
#20790 = VERTEX_POINT('',#20791);
#20791 = CARTESIAN_POINT('',(152.4,-19.05,1.2075414E+03));
#20792 = VERTEX_POINT('',#20793);
#20793 = CARTESIAN_POINT('',(152.4,-19.05,1.2964414E+03));
#20794 = LINE('',#20795,#20796);
#20795 = CARTESIAN_POINT('',(152.4,-19.05,1.2075414E+03));
#20796 = VECTOR('',#20797,1.);
#20797 = DIRECTION('',(0.,0.,1.));
#20798 = ORIENTED_EDGE('',*,*,#20799,.T.);
#20799 = EDGE_CURVE('',#20790,#20800,#20802,.T.);
#20800 = VERTEX_POINT('',#20801);
#20801 = CARTESIAN_POINT('',(152.4,19.05,1.2075414E+03));
#20802 = LINE('',#20803,#20804);
#20803 = CARTESIAN_POINT('',(152.4,-19.05,1.2075414E+03));
#20804 = VECTOR('',#20805,1.);
#20805 = DIRECTION('',(-0.,1.,0.));
#20806 = ORIENTED_EDGE('',*,*,#20807,.T.);
#20807 = EDGE_CURVE('',#20800,#20808,#20810,.T.);
#20808 = VERTEX_POINT('',#20809);
#20809 = CARTESIAN_POINT('',(152.4,19.05,1.2964414E+03));
#20810 = LINE('',#20811,#20812);
#20811 = CARTESIAN_POINT('',(152.4,19.05,1.2075414E+03));
#20812 = VECTOR('',#20813,1.);
#20813 = DIRECTION('',(0.,0.,1.));
#20814 = ORIENTED_EDGE('',*,*,#20815,.F.);
#20815 = EDGE_CURVE('',#20792,#20808,#20816,.T.);
#20816 = LINE('',#20817,#20818);
#20817 = CARTESIAN_POINT('',(152.4,-19.05,1.2964414E+03));
#20818 = VECTOR('',#20819,1.);
#20819 = DIRECTION('',(-0.,1.,0.));
#20820 = PLANE('',#20821);
#20821 = AXIS2_PLACEMENT_3D('',#20822,#20823,#20824);
#20822 = CARTESIAN_POINT('',(152.4,-19.05,1.2075414E+03));
#20823 = DIRECTION('',(1.,0.,-0.));
#20824 = DIRECTION('',(0.,0.,1.));
#20825 = ADVANCED_FACE('',(#20826),#20842,.F.);
#20826 = FACE_BOUND('',#20827,.F.);
#20827 = EDGE_LOOP('',(#20828,#20834,#20835,#20841));
#20828 = ORIENTED_EDGE('',*,*,#20829,.F.);
#20829 = EDGE_CURVE('',#20750,#20790,#20830,.T.);
#20830 = LINE('',#20831,#20832);
#20831 = CARTESIAN_POINT('',(-304.8,-19.05,1.2075414E+03));
#20832 = VECTOR('',#20833,1.);
#20833 = DIRECTION('',(1.,0.,-0.));
#20834 = ORIENTED_EDGE('',*,*,#20749,.T.);
#20835 = ORIENTED_EDGE('',*,*,#20836,.T.);
#20836 = EDGE_CURVE('',#20752,#20792,#20837,.T.);
#20837 = LINE('',#20838,#20839);
#20838 = CARTESIAN_POINT('',(-304.8,-19.05,1.2964414E+03));
#20839 = VECTOR('',#20840,1.);
#20840 = DIRECTION('',(1.,0.,-0.));
#20841 = ORIENTED_EDGE('',*,*,#20789,.F.);
#20842 = PLANE('',#20843);
#20843 = AXIS2_PLACEMENT_3D('',#20844,#20845,#20846);
#20844 = CARTESIAN_POINT('',(-304.8,-19.05,1.2075414E+03));
#20845 = DIRECTION('',(-0.,1.,0.));
#20846 = DIRECTION('',(0.,0.,1.));
#20847 = ADVANCED_FACE('',(#20848),#20864,.T.);
#20848 = FACE_BOUND('',#20849,.T.);
#20849 = EDGE_LOOP('',(#20850,#20856,#20857,#20863));
#20850 = ORIENTED_EDGE('',*,*,#20851,.F.);
#20851 = EDGE_CURVE('',#20760,#20800,#20852,.T.);
#20852 = LINE('',#20853,#20854);
#20853 = CARTESIAN_POINT('',(-304.8,19.05,1.2075414E+03));
#20854 = VECTOR('',#20855,1.);
#20855 = DIRECTION('',(1.,0.,-0.));
#20856 = ORIENTED_EDGE('',*,*,#20767,.T.);
#20857 = ORIENTED_EDGE('',*,*,#20858,.T.);
#20858 = EDGE_CURVE('',#20768,#20808,#20859,.T.);
#20859 = LINE('',#20860,#20861);
#20860 = CARTESIAN_POINT('',(-304.8,19.05,1.2964414E+03));
#20861 = VECTOR('',#20862,1.);
#20862 = DIRECTION('',(1.,0.,-0.));
#20863 = ORIENTED_EDGE('',*,*,#20807,.F.);
#20864 = PLANE('',#20865);
#20865 = AXIS2_PLACEMENT_3D('',#20866,#20867,#20868);
#20866 = CARTESIAN_POINT('',(-304.8,19.05,1.2075414E+03));
#20867 = DIRECTION('',(-0.,1.,0.));
#20868 = DIRECTION('',(0.,0.,1.));
#20869 = ADVANCED_FACE('',(#20870),#20876,.F.);
#20870 = FACE_BOUND('',#20871,.F.);
#20871 = EDGE_LOOP('',(#20872,#20873,#20874,#20875));
#20872 = ORIENTED_EDGE('',*,*,#20759,.F.);
#20873 = ORIENTED_EDGE('',*,*,#20829,.T.);
#20874 = ORIENTED_EDGE('',*,*,#20799,.T.);
#20875 = ORIENTED_EDGE('',*,*,#20851,.F.);
#20876 = PLANE('',#20877);
#20877 = AXIS2_PLACEMENT_3D('',#20878,#20879,#20880);
#20878 = CARTESIAN_POINT('',(-304.8,-19.05,1.2075414E+03));
#20879 = DIRECTION('',(0.,0.,1.));
#20880 = DIRECTION('',(1.,0.,-0.));
#20881 = ADVANCED_FACE('',(#20882),#20888,.T.);
#20882 = FACE_BOUND('',#20883,.T.);
#20883 = EDGE_LOOP('',(#20884,#20885,#20886,#20887));
#20884 = ORIENTED_EDGE('',*,*,#20775,.F.);
#20885 = ORIENTED_EDGE('',*,*,#20836,.T.);
#20886 = ORIENTED_EDGE('',*,*,#20815,.T.);
#20887 = ORIENTED_EDGE('',*,*,#20858,.F.);
#20888 = PLANE('',#20889);
#20889 = AXIS2_PLACEMENT_3D('',#20890,#20891,#20892);
#20890 = CARTESIAN_POINT('',(-304.8,-19.05,1.2964414E+03));
#20891 = DIRECTION('',(0.,0.,1.));
#20892 = DIRECTION('',(1.,0.,-0.));
#20893 = ( GEOMETRIC_REPRESENTATION_CONTEXT(3) 
GLOBAL_UNCERTAINTY_ASSIGNED_CONTEXT((#20897)) 
GLOBAL_UNIT_ASSIGNED_CONTEXT((#20894,#20895,#20896)) 
REPRESENTATION_CONTEXT('Context #1',
  '3D Context with UNIT and UNCERTAINTY') );
#20894 = ( LENGTH_UNIT() NAMED_UNIT(*) SI_UNIT(.MILLI.,.METRE.) );
#20895 = ( NAMED_UNIT(*) PLANE_ANGLE_UNIT() SI_UNIT($,.RADIAN.) );
#20896 = ( NAMED_UNIT(*) SI_UNIT($,.STERADIAN.) SOLID_ANGLE_UNIT() );
#20897 = UNCERTAINTY_MEASURE_WITH_UNIT(LENGTH_MEASURE(1.E-07),#20894,
  'distance_accuracy_value','confusion accuracy');
#20898 = CONTEXT_DEPENDENT_SHAPE_REPRESENTATION(#20899,#20901);
#20899 = ( REPRESENTATION_RELATIONSHIP('','',#20742,#10) 
REPRESENTATION_RELATIONSHIP_WITH_TRANSFORMATION(#20900) 
SHAPE_REPRESENTATION_RELATIONSHIP() );
#20900 = ITEM_DEFINED_TRANSFORMATION('','',#11,#319);
#20901 = PRODUCT_DEFINITION_SHAPE('Placement','Placement of an item',
  #20902);
#20902 = NEXT_ASSEMBLY_USAGE_OCCURRENCE('77','G010_Latch_Bar','',#5,
  #20737,$);
#20903 = PRODUCT_RELATED_PRODUCT_CATEGORY('part',$,(#20739));
ENDSEC;
END-ISO-10303-21;
