ISO-10303-21;
HEADER;
FILE_DESCRIPTION(('Open CASCADE Model'),'2;1');
FILE_NAME('Open CASCADE Shape Model','2026-08-15T08:52:42',('Author'),(
    'Open CASCADE'),'Open CASCADE STEP processor 7.9','Open CASCADE 7.9'
  ,'Unknown');
FILE_SCHEMA(('AUTOMOTIVE_DESIGN { 1 0 10303 214 1 1 1 1 }'));
ENDSEC;
DATA;
#1 = APPLICATION_PROTOCOL_DEFINITION('international standard',
  'automotive_design',2000,#2);
#2 = APPLICATION_CONTEXT(
  'core data for automotive mechanical design processes');
#3 = SHAPE_DEFINITION_REPRESENTATION(#4,#10);
#4 = PRODUCT_DEFINITION_SHAPE('','',#5);
#5 = PRODUCT_DEFINITION('design','',#6,#9);
#6 = PRODUCT_DEFINITION_FORMATION('','',#7);
#7 = PRODUCT('SHINOBI82-KAGE-kit','SHINOBI82-KAGE-kit','',(#8));
#8 = PRODUCT_CONTEXT('',#2,'mechanical');
#9 = PRODUCT_DEFINITION_CONTEXT('part definition',#2,'design');
#10 = SHAPE_REPRESENTATION('',(#11,#15,#19,#23,#27,#31,#35,#39,#43,#47,
    #51,#55,#59),#63);
#11 = AXIS2_PLACEMENT_3D('',#12,#13,#14);
#12 = CARTESIAN_POINT('',(0.,0.,0.));
#13 = DIRECTION('',(0.,0.,1.));
#14 = DIRECTION('',(1.,0.,-0.));
#15 = AXIS2_PLACEMENT_3D('',#16,#17,#18);
#16 = CARTESIAN_POINT('',(3.424911147697E-03,8.103424911148,
    5.175268029739E-03));
#17 = DIRECTION('',(0.,0.,1.));
#18 = DIRECTION('',(1.,0.,-0.));
#19 = AXIS2_PLACEMENT_3D('',#20,#21,#22);
#20 = CARTESIAN_POINT('',(134.00727939737,1.000000284564E-07,0.2250001)
  );
#21 = DIRECTION('',(0.,0.,1.));
#22 = DIRECTION('',(1.,0.,-0.));
#23 = AXIS2_PLACEMENT_3D('',#24,#25,#26);
#24 = CARTESIAN_POINT('',(256.00727959737,1.000000604015E-07,
    1.000000604015E-07));
#25 = DIRECTION('',(0.,0.,1.));
#26 = DIRECTION('',(1.,0.,-0.));
#27 = AXIS2_PLACEMENT_3D('',#28,#29,#30);
#28 = CARTESIAN_POINT('',(338.00727979737,1.000000142425E-07,
    1.000000142425E-07));
#29 = DIRECTION('',(0.,0.,1.));
#30 = DIRECTION('',(1.,0.,-0.));
#31 = AXIS2_PLACEMENT_3D('',#32,#33,#34);
#32 = CARTESIAN_POINT('',(456.00947987659,10.002346637838,4.601644658295
    ));
#33 = DIRECTION('',(0.,0.,1.));
#34 = DIRECTION('',(1.,0.,-0.));
#35 = AXIS2_PLACEMENT_3D('',#36,#37,#38);
#36 = CARTESIAN_POINT('',(535.21713763809,8.002175159965,4.1000001));
#37 = DIRECTION('',(0.,0.,1.));
#38 = DIRECTION('',(1.,0.,-0.));
#39 = AXIS2_PLACEMENT_3D('',#40,#41,#42);
#40 = CARTESIAN_POINT('',(607.2323453265,9.005195418414,1.405195418414)
  );
#41 = DIRECTION('',(0.,0.,1.));
#42 = DIRECTION('',(1.,0.,-0.));
#43 = AXIS2_PLACEMENT_3D('',#44,#45,#46);
#44 = CARTESIAN_POINT('',(646.03754084492,3.2000001,1.000000071063E-07)
  );
#45 = DIRECTION('',(0.,0.,1.));
#46 = DIRECTION('',(1.,0.,-0.));
#47 = AXIS2_PLACEMENT_3D('',#48,#49,#50);
#48 = CARTESIAN_POINT('',(736.03891151016,8.001613344764,4.101370565245)
  );
#49 = DIRECTION('',(0.,0.,1.));
#50 = DIRECTION('',(1.,0.,-0.));
#51 = AXIS2_PLACEMENT_3D('',#52,#53,#54);
#52 = CARTESIAN_POINT('',(791.0413785476,4.001096472196,0.351613344764)
  );
#53 = DIRECTION('',(0.,0.,1.));
#54 = DIRECTION('',(1.,0.,-0.));
#55 = AXIS2_PLACEMENT_3D('',#56,#57,#58);
#56 = CARTESIAN_POINT('',(814.04284127461,3.427163113578E-04,
    3.67273751217E-04));
#57 = DIRECTION('',(0.,0.,1.));
#58 = DIRECTION('',(1.,0.,-0.));
#59 = AXIS2_PLACEMENT_3D('',#60,#61,#62);
#60 = CARTESIAN_POINT('',(926.0473200441,39.004111495736,11.004111495736
    ));
#61 = DIRECTION('',(0.,0.,1.));
#62 = DIRECTION('',(1.,0.,-0.));
#63 = ( GEOMETRIC_REPRESENTATION_CONTEXT(3) 
GLOBAL_UNCERTAINTY_ASSIGNED_CONTEXT((#67)) GLOBAL_UNIT_ASSIGNED_CONTEXT(
(#64,#65,#66)) REPRESENTATION_CONTEXT('Context #1',
  '3D Context with UNIT and UNCERTAINTY') );
#64 = ( LENGTH_UNIT() NAMED_UNIT(*) SI_UNIT(.MILLI.,.METRE.) );
#65 = ( NAMED_UNIT(*) PLANE_ANGLE_UNIT() SI_UNIT($,.RADIAN.) );
#66 = ( NAMED_UNIT(*) SI_UNIT($,.STERADIAN.) SOLID_ANGLE_UNIT() );
#67 = UNCERTAINTY_MEASURE_WITH_UNIT(LENGTH_MEASURE(1.E-06),#64,
  'distance_accuracy_value','confusion accuracy');
#68 = PRODUCT_RELATED_PRODUCT_CATEGORY('part',$,(#7));
#69 = SHAPE_DEFINITION_REPRESENTATION(#70,#76);
#70 = PRODUCT_DEFINITION_SHAPE('','',#71);
#71 = PRODUCT_DEFINITION('design','',#72,#75);
#72 = PRODUCT_DEFINITION_FORMATION('','',#73);
#73 = PRODUCT('01-frame','01-frame','',(#74));
#74 = PRODUCT_CONTEXT('',#2,'mechanical');
#75 = PRODUCT_DEFINITION_CONTEXT('part definition',#2,'design');
#76 = ADVANCED_BREP_SHAPE_REPRESENTATION('',(#11,#77),#4837);
#77 = MANIFOLD_SOLID_BREP('',#78);
#78 = CLOSED_SHELL('',(#79,#199,#287,#373,#570,#654,#1079,#1154,#1241,
    #1434,#1513,#1590,#1658,#2028,#2103,#2185,#2261,#2334,#2381,#2407,
    #2433,#2440,#2507,#2561,#2638,#2823,#3006,#3074,#3128,#3229,#3304,
    #3374,#3401,#3476,#3503,#3529,#3576,#3603,#3631,#3665,#3672,#3722,
    #3729,#3760,#3786,#3812,#3819,#3864,#3890,#3916,#3923,#3968,#3994,
    #4041,#4068,#4176,#4253,#4390,#4458,#4529,#4584,#4612,#4668,#4675,
    #4686,#4712,#4738,#4764,#4790,#4816,#4823,#4830));
#79 = ADVANCED_FACE('',(#80),#94,.F.);
#80 = FACE_BOUND('',#81,.F.);
#81 = EDGE_LOOP('',(#82,#117,#145,#173));
#82 = ORIENTED_EDGE('',*,*,#83,.T.);
#83 = EDGE_CURVE('',#84,#86,#88,.T.);
#84 = VERTEX_POINT('',#85);
#85 = CARTESIAN_POINT('',(2.2,-8.1,0.3));
#86 = VERTEX_POINT('',#87);
#87 = CARTESIAN_POINT('',(2.2,-8.1,4.3));
#88 = SURFACE_CURVE('',#89,(#93,#105),.PCURVE_S1.);
#89 = LINE('',#90,#91);
#90 = CARTESIAN_POINT('',(2.2,-8.1,0.));
#91 = VECTOR('',#92,1.);
#92 = DIRECTION('',(0.,0.,1.));
#93 = PCURVE('',#94,#99);
#94 = PLANE('',#95);
#95 = AXIS2_PLACEMENT_3D('',#96,#97,#98);
#96 = CARTESIAN_POINT('',(0.,-8.1,0.));
#97 = DIRECTION('',(0.,1.,0.));
#98 = DIRECTION('',(1.,0.,0.));
#99 = DEFINITIONAL_REPRESENTATION('',(#100),#104);
#100 = LINE('',#101,#102);
#101 = CARTESIAN_POINT('',(2.2,0.));
#102 = VECTOR('',#103,1.);
#103 = DIRECTION('',(0.,-1.));
#104 = ( GEOMETRIC_REPRESENTATION_CONTEXT(2) 
PARAMETRIC_REPRESENTATION_CONTEXT() REPRESENTATION_CONTEXT('2D SPACE',''
  ) );
#105 = PCURVE('',#106,#111);
#106 = CYLINDRICAL_SURFACE('',#107,2.2);
#107 = AXIS2_PLACEMENT_3D('',#108,#109,#110);
#108 = CARTESIAN_POINT('',(2.2,-5.9,0.));
#109 = DIRECTION('',(0.,0.,1.));
#110 = DIRECTION('',(0.,-1.,0.));
#111 = DEFINITIONAL_REPRESENTATION('',(#112),#116);
#112 = LINE('',#113,#114);
#113 = CARTESIAN_POINT('',(-0.,0.));
#114 = VECTOR('',#115,1.);
#115 = DIRECTION('',(-0.,1.));
#116 = ( GEOMETRIC_REPRESENTATION_CONTEXT(2) 
PARAMETRIC_REPRESENTATION_CONTEXT() REPRESENTATION_CONTEXT('2D SPACE',''
  ) );
#117 = ORIENTED_EDGE('',*,*,#118,.F.);
#118 = EDGE_CURVE('',#119,#86,#121,.T.);
#119 = VERTEX_POINT('',#120);
#120 = CARTESIAN_POINT('',(91.8,-8.1,4.3));
#121 = SURFACE_CURVE('',#122,(#126,#133),.PCURVE_S1.);
#122 = LINE('',#123,#124);
#123 = CARTESIAN_POINT('',(91.8,-8.1,4.3));
#124 = VECTOR('',#125,1.);
#125 = DIRECTION('',(-1.,-0.,-0.));
#126 = PCURVE('',#94,#127);
#127 = DEFINITIONAL_REPRESENTATION('',(#128),#132);
#128 = LINE('',#129,#130);
#129 = CARTESIAN_POINT('',(91.8,-4.3));
#130 = VECTOR('',#131,1.);
#131 = DIRECTION('',(-1.,0.));
#132 = ( GEOMETRIC_REPRESENTATION_CONTEXT(2) 
PARAMETRIC_REPRESENTATION_CONTEXT() REPRESENTATION_CONTEXT('2D SPACE',''
  ) );
#133 = PCURVE('',#134,#139);
#134 = CYLINDRICAL_SURFACE('',#135,0.3);
#135 = AXIS2_PLACEMENT_3D('',#136,#137,#138);
#136 = CARTESIAN_POINT('',(91.8,-7.8,4.3));
#137 = DIRECTION('',(-1.,-0.,-0.));
#138 = DIRECTION('',(0.,-1.,0.));
#139 = DEFINITIONAL_REPRESENTATION('',(#140),#144);
#140 = LINE('',#141,#142);
#141 = CARTESIAN_POINT('',(0.,0.));
#142 = VECTOR('',#143,1.);
#143 = DIRECTION('',(0.,1.));
#144 = ( GEOMETRIC_REPRESENTATION_CONTEXT(2) 
PARAMETRIC_REPRESENTATION_CONTEXT() REPRESENTATION_CONTEXT('2D SPACE',''
  ) );
#145 = ORIENTED_EDGE('',*,*,#146,.F.);
#146 = EDGE_CURVE('',#147,#119,#149,.T.);
#147 = VERTEX_POINT('',#148);
#148 = CARTESIAN_POINT('',(91.8,-8.1,0.3));
#149 = SURFACE_CURVE('',#150,(#154,#161),.PCURVE_S1.);
#150 = LINE('',#151,#152);
#151 = CARTESIAN_POINT('',(91.8,-8.1,0.));
#152 = VECTOR('',#153,1.);
#153 = DIRECTION('',(0.,0.,1.));
#154 = PCURVE('',#94,#155);
#155 = DEFINITIONAL_REPRESENTATION('',(#156),#160);
#156 = LINE('',#157,#158);
#157 = CARTESIAN_POINT('',(91.8,0.));
#158 = VECTOR('',#159,1.);
#159 = DIRECTION('',(0.,-1.));
#160 = ( GEOMETRIC_REPRESENTATION_CONTEXT(2) 
PARAMETRIC_REPRESENTATION_CONTEXT() REPRESENTATION_CONTEXT('2D SPACE',''
  ) );
#161 = PCURVE('',#162,#167);
#162 = CYLINDRICAL_SURFACE('',#163,2.2);
#163 = AXIS2_PLACEMENT_3D('',#164,#165,#166);
#164 = CARTESIAN_POINT('',(91.8,-5.9,0.));
#165 = DIRECTION('',(0.,0.,1.));
#166 = DIRECTION('',(0.,-1.,0.));
#167 = DEFINITIONAL_REPRESENTATION('',(#168),#172);
#168 = LINE('',#169,#170);
#169 = CARTESIAN_POINT('',(0.,0.));
#170 = VECTOR('',#171,1.);
#171 = DIRECTION('',(0.,1.));
#172 = ( GEOMETRIC_REPRESENTATION_CONTEXT(2) 
PARAMETRIC_REPRESENTATION_CONTEXT() REPRESENTATION_CONTEXT('2D SPACE',''
  ) );
#173 = ORIENTED_EDGE('',*,*,#174,.T.);
#174 = EDGE_CURVE('',#147,#84,#175,.T.);
#175 = SURFACE_CURVE('',#176,(#180,#187),.PCURVE_S1.);
#176 = LINE('',#177,#178);
#177 = CARTESIAN_POINT('',(91.8,-8.1,0.3));
#178 = VECTOR('',#179,1.);
#179 = DIRECTION('',(-1.,-0.,-0.));
#180 = PCURVE('',#94,#181);
#181 = DEFINITIONAL_REPRESENTATION('',(#182),#186);
#182 = LINE('',#183,#184);
#183 = CARTESIAN_POINT('',(91.8,-0.3));
#184 = VECTOR('',#185,1.);
#185 = DIRECTION('',(-1.,0.));
#186 = ( GEOMETRIC_REPRESENTATION_CONTEXT(2) 
PARAMETRIC_REPRESENTATION_CONTEXT() REPRESENTATION_CONTEXT('2D SPACE',''
  ) );
#187 = PCURVE('',#188,#193);
#188 = CYLINDRICAL_SURFACE('',#189,0.3);
#189 = AXIS2_PLACEMENT_3D('',#190,#191,#192);
#190 = CARTESIAN_POINT('',(91.8,-7.8,0.3));
#191 = DIRECTION('',(-1.,-0.,-0.));
#192 = DIRECTION('',(0.,0.,-1.));
#193 = DEFINITIONAL_REPRESENTATION('',(#194),#198);
#194 = LINE('',#195,#196);
#195 = CARTESIAN_POINT('',(1.570796326795,0.));
#196 = VECTOR('',#197,1.);
#197 = DIRECTION('',(0.,1.));
#198 = ( GEOMETRIC_REPRESENTATION_CONTEXT(2) 
PARAMETRIC_REPRESENTATION_CONTEXT() REPRESENTATION_CONTEXT('2D SPACE',''
  ) );
#199 = ADVANCED_FACE('',(#200),#162,.T.);
#200 = FACE_BOUND('',#201,.T.);
#201 = EDGE_LOOP('',(#202,#203,#232,#260));
#202 = ORIENTED_EDGE('',*,*,#146,.F.);
#203 = ORIENTED_EDGE('',*,*,#204,.F.);
#204 = EDGE_CURVE('',#205,#147,#207,.T.);
#205 = VERTEX_POINT('',#206);
#206 = CARTESIAN_POINT('',(94.,-5.9,0.3));
#207 = SURFACE_CURVE('',#208,(#213,#220),.PCURVE_S1.);
#208 = CIRCLE('',#209,2.2);
#209 = AXIS2_PLACEMENT_3D('',#210,#211,#212);
#210 = CARTESIAN_POINT('',(91.8,-5.9,0.3));
#211 = DIRECTION('',(0.,-0.,-1.));
#212 = DIRECTION('',(1.,0.,-0.));
#213 = PCURVE('',#162,#214);
#214 = DEFINITIONAL_REPRESENTATION('',(#215),#219);
#215 = LINE('',#216,#217);
#216 = CARTESIAN_POINT('',(1.570796326795,0.3));
#217 = VECTOR('',#218,1.);
#218 = DIRECTION('',(-1.,-0.));
#219 = ( GEOMETRIC_REPRESENTATION_CONTEXT(2) 
PARAMETRIC_REPRESENTATION_CONTEXT() REPRESENTATION_CONTEXT('2D SPACE',''
  ) );
#220 = PCURVE('',#221,#226);
#221 = TOROIDAL_SURFACE('',#222,1.9,0.3);
#222 = AXIS2_PLACEMENT_3D('',#223,#224,#225);
#223 = CARTESIAN_POINT('',(91.8,-5.9,0.3));
#224 = DIRECTION('',(0.,0.,1.));
#225 = DIRECTION('',(1.,0.,-0.));
#226 = DEFINITIONAL_REPRESENTATION('',(#227),#231);
#227 = LINE('',#228,#229);
#228 = CARTESIAN_POINT('',(-0.,6.28318530718));
#229 = VECTOR('',#230,1.);
#230 = DIRECTION('',(-1.,0.));
#231 = ( GEOMETRIC_REPRESENTATION_CONTEXT(2) 
PARAMETRIC_REPRESENTATION_CONTEXT() REPRESENTATION_CONTEXT('2D SPACE',''
  ) );
#232 = ORIENTED_EDGE('',*,*,#233,.T.);
#233 = EDGE_CURVE('',#205,#234,#236,.T.);
#234 = VERTEX_POINT('',#235);
#235 = CARTESIAN_POINT('',(94.,-5.9,4.3));
#236 = SURFACE_CURVE('',#237,(#241,#248),.PCURVE_S1.);
#237 = LINE('',#238,#239);
#238 = CARTESIAN_POINT('',(94.,-5.9,0.));
#239 = VECTOR('',#240,1.);
#240 = DIRECTION('',(0.,0.,1.));
#241 = PCURVE('',#162,#242);
#242 = DEFINITIONAL_REPRESENTATION('',(#243),#247);
#243 = LINE('',#244,#245);
#244 = CARTESIAN_POINT('',(1.570796326795,0.));
#245 = VECTOR('',#246,1.);
#246 = DIRECTION('',(0.,1.));
#247 = ( GEOMETRIC_REPRESENTATION_CONTEXT(2) 
PARAMETRIC_REPRESENTATION_CONTEXT() REPRESENTATION_CONTEXT('2D SPACE',''
  ) );
#248 = PCURVE('',#249,#254);
#249 = PLANE('',#250);
#250 = AXIS2_PLACEMENT_3D('',#251,#252,#253);
#251 = CARTESIAN_POINT('',(94.,-8.1,0.));
#252 = DIRECTION('',(-1.,0.,0.));
#253 = DIRECTION('',(0.,1.,0.));
#254 = DEFINITIONAL_REPRESENTATION('',(#255),#259);
#255 = LINE('',#256,#257);
#256 = CARTESIAN_POINT('',(2.2,0.));
#257 = VECTOR('',#258,1.);
#258 = DIRECTION('',(0.,-1.));
#259 = ( GEOMETRIC_REPRESENTATION_CONTEXT(2) 
PARAMETRIC_REPRESENTATION_CONTEXT() REPRESENTATION_CONTEXT('2D SPACE',''
  ) );
#260 = ORIENTED_EDGE('',*,*,#261,.T.);
#261 = EDGE_CURVE('',#234,#119,#262,.T.);
#262 = SURFACE_CURVE('',#263,(#268,#275),.PCURVE_S1.);
#263 = CIRCLE('',#264,2.2);
#264 = AXIS2_PLACEMENT_3D('',#265,#266,#267);
#265 = CARTESIAN_POINT('',(91.8,-5.9,4.3));
#266 = DIRECTION('',(0.,-0.,-1.));
#267 = DIRECTION('',(1.,0.,-0.));
#268 = PCURVE('',#162,#269);
#269 = DEFINITIONAL_REPRESENTATION('',(#270),#274);
#270 = LINE('',#271,#272);
#271 = CARTESIAN_POINT('',(1.570796326795,4.3));
#272 = VECTOR('',#273,1.);
#273 = DIRECTION('',(-1.,-0.));
#274 = ( GEOMETRIC_REPRESENTATION_CONTEXT(2) 
PARAMETRIC_REPRESENTATION_CONTEXT() REPRESENTATION_CONTEXT('2D SPACE',''
  ) );
#275 = PCURVE('',#276,#281);
#276 = TOROIDAL_SURFACE('',#277,1.9,0.3);
#277 = AXIS2_PLACEMENT_3D('',#278,#279,#280);
#278 = CARTESIAN_POINT('',(91.8,-5.9,4.3));
#279 = DIRECTION('',(0.,0.,1.));
#280 = DIRECTION('',(1.,0.,-0.));
#281 = DEFINITIONAL_REPRESENTATION('',(#282),#286);
#282 = LINE('',#283,#284);
#283 = CARTESIAN_POINT('',(-0.,0.));
#284 = VECTOR('',#285,1.);
#285 = DIRECTION('',(-1.,0.));
#286 = ( GEOMETRIC_REPRESENTATION_CONTEXT(2) 
PARAMETRIC_REPRESENTATION_CONTEXT() REPRESENTATION_CONTEXT('2D SPACE',''
  ) );
#287 = ADVANCED_FACE('',(#288),#249,.F.);
#288 = FACE_BOUND('',#289,.F.);
#289 = EDGE_LOOP('',(#290,#291,#319,#347));
#290 = ORIENTED_EDGE('',*,*,#233,.T.);
#291 = ORIENTED_EDGE('',*,*,#292,.F.);
#292 = EDGE_CURVE('',#293,#234,#295,.T.);
#293 = VERTEX_POINT('',#294);
#294 = CARTESIAN_POINT('',(94.,5.9,4.3));
#295 = SURFACE_CURVE('',#296,(#300,#307),.PCURVE_S1.);
#296 = LINE('',#297,#298);
#297 = CARTESIAN_POINT('',(94.,5.9,4.3));
#298 = VECTOR('',#299,1.);
#299 = DIRECTION('',(-0.,-1.,-0.));
#300 = PCURVE('',#249,#301);
#301 = DEFINITIONAL_REPRESENTATION('',(#302),#306);
#302 = LINE('',#303,#304);
#303 = CARTESIAN_POINT('',(14.,-4.3));
#304 = VECTOR('',#305,1.);
#305 = DIRECTION('',(-1.,0.));
#306 = ( GEOMETRIC_REPRESENTATION_CONTEXT(2) 
PARAMETRIC_REPRESENTATION_CONTEXT() REPRESENTATION_CONTEXT('2D SPACE',''
  ) );
#307 = PCURVE('',#308,#313);
#308 = CYLINDRICAL_SURFACE('',#309,0.3);
#309 = AXIS2_PLACEMENT_3D('',#310,#311,#312);
#310 = CARTESIAN_POINT('',(93.7,5.9,4.3));
#311 = DIRECTION('',(-0.,-1.,-0.));
#312 = DIRECTION('',(1.,-0.,0.));
#313 = DEFINITIONAL_REPRESENTATION('',(#314),#318);
#314 = LINE('',#315,#316);
#315 = CARTESIAN_POINT('',(0.,0.));
#316 = VECTOR('',#317,1.);
#317 = DIRECTION('',(0.,1.));
#318 = ( GEOMETRIC_REPRESENTATION_CONTEXT(2) 
PARAMETRIC_REPRESENTATION_CONTEXT() REPRESENTATION_CONTEXT('2D SPACE',''
  ) );
#319 = ORIENTED_EDGE('',*,*,#320,.F.);
#320 = EDGE_CURVE('',#321,#293,#323,.T.);
#321 = VERTEX_POINT('',#322);
#322 = CARTESIAN_POINT('',(94.,5.9,0.3));
#323 = SURFACE_CURVE('',#324,(#328,#335),.PCURVE_S1.);
#324 = LINE('',#325,#326);
#325 = CARTESIAN_POINT('',(94.,5.9,0.));
#326 = VECTOR('',#327,1.);
#327 = DIRECTION('',(0.,0.,1.));
#328 = PCURVE('',#249,#329);
#329 = DEFINITIONAL_REPRESENTATION('',(#330),#334);
#330 = LINE('',#331,#332);
#331 = CARTESIAN_POINT('',(14.,0.));
#332 = VECTOR('',#333,1.);
#333 = DIRECTION('',(0.,-1.));
#334 = ( GEOMETRIC_REPRESENTATION_CONTEXT(2) 
PARAMETRIC_REPRESENTATION_CONTEXT() REPRESENTATION_CONTEXT('2D SPACE',''
  ) );
#335 = PCURVE('',#336,#341);
#336 = CYLINDRICAL_SURFACE('',#337,2.2);
#337 = AXIS2_PLACEMENT_3D('',#338,#339,#340);
#338 = CARTESIAN_POINT('',(91.8,5.9,0.));
#339 = DIRECTION('',(0.,0.,1.));
#340 = DIRECTION('',(1.,0.,-0.));
#341 = DEFINITIONAL_REPRESENTATION('',(#342),#346);
#342 = LINE('',#343,#344);
#343 = CARTESIAN_POINT('',(0.,0.));
#344 = VECTOR('',#345,1.);
#345 = DIRECTION('',(0.,1.));
#346 = ( GEOMETRIC_REPRESENTATION_CONTEXT(2) 
PARAMETRIC_REPRESENTATION_CONTEXT() REPRESENTATION_CONTEXT('2D SPACE',''
  ) );
#347 = ORIENTED_EDGE('',*,*,#348,.T.);
#348 = EDGE_CURVE('',#321,#205,#349,.T.);
#349 = SURFACE_CURVE('',#350,(#354,#361),.PCURVE_S1.);
#350 = LINE('',#351,#352);
#351 = CARTESIAN_POINT('',(94.,5.9,0.3));
#352 = VECTOR('',#353,1.);
#353 = DIRECTION('',(-0.,-1.,-0.));
#354 = PCURVE('',#249,#355);
#355 = DEFINITIONAL_REPRESENTATION('',(#356),#360);
#356 = LINE('',#357,#358);
#357 = CARTESIAN_POINT('',(14.,-0.3));
#358 = VECTOR('',#359,1.);
#359 = DIRECTION('',(-1.,0.));
#360 = ( GEOMETRIC_REPRESENTATION_CONTEXT(2) 
PARAMETRIC_REPRESENTATION_CONTEXT() REPRESENTATION_CONTEXT('2D SPACE',''
  ) );
#361 = PCURVE('',#362,#367);
#362 = CYLINDRICAL_SURFACE('',#363,0.3);
#363 = AXIS2_PLACEMENT_3D('',#364,#365,#366);
#364 = CARTESIAN_POINT('',(93.7,5.9,0.3));
#365 = DIRECTION('',(-0.,-1.,-0.));
#366 = DIRECTION('',(0.,0.,-1.));
#367 = DEFINITIONAL_REPRESENTATION('',(#368),#372);
#368 = LINE('',#369,#370);
#369 = CARTESIAN_POINT('',(1.570796326795,0.));
#370 = VECTOR('',#371,1.);
#371 = DIRECTION('',(0.,1.));
#372 = ( GEOMETRIC_REPRESENTATION_CONTEXT(2) 
PARAMETRIC_REPRESENTATION_CONTEXT() REPRESENTATION_CONTEXT('2D SPACE',''
  ) );
#373 = ADVANCED_FACE('',(#374),#336,.T.);
#374 = FACE_BOUND('',#375,.T.);
#375 = EDGE_LOOP('',(#376,#377,#406,#434,#463,#491,#520,#543));
#376 = ORIENTED_EDGE('',*,*,#320,.F.);
#377 = ORIENTED_EDGE('',*,*,#378,.F.);
#378 = EDGE_CURVE('',#379,#321,#381,.T.);
#379 = VERTEX_POINT('',#380);
#380 = CARTESIAN_POINT('',(91.8,8.1,0.3));
#381 = SURFACE_CURVE('',#382,(#387,#394),.PCURVE_S1.);
#382 = CIRCLE('',#383,2.2);
#383 = AXIS2_PLACEMENT_3D('',#384,#385,#386);
#384 = CARTESIAN_POINT('',(91.8,5.9,0.3));
#385 = DIRECTION('',(0.,-0.,-1.));
#386 = DIRECTION('',(0.,1.,-0.));
#387 = PCURVE('',#336,#388);
#388 = DEFINITIONAL_REPRESENTATION('',(#389),#393);
#389 = LINE('',#390,#391);
#390 = CARTESIAN_POINT('',(1.570796326795,0.3));
#391 = VECTOR('',#392,1.);
#392 = DIRECTION('',(-1.,-0.));
#393 = ( GEOMETRIC_REPRESENTATION_CONTEXT(2) 
PARAMETRIC_REPRESENTATION_CONTEXT() REPRESENTATION_CONTEXT('2D SPACE',''
  ) );
#394 = PCURVE('',#395,#400);
#395 = TOROIDAL_SURFACE('',#396,1.9,0.3);
#396 = AXIS2_PLACEMENT_3D('',#397,#398,#399);
#397 = CARTESIAN_POINT('',(91.8,5.9,0.3));
#398 = DIRECTION('',(0.,0.,1.));
#399 = DIRECTION('',(0.,1.,-0.));
#400 = DEFINITIONAL_REPRESENTATION('',(#401),#405);
#401 = LINE('',#402,#403);
#402 = CARTESIAN_POINT('',(-0.,6.28318530718));
#403 = VECTOR('',#404,1.);
#404 = DIRECTION('',(-1.,0.));
#405 = ( GEOMETRIC_REPRESENTATION_CONTEXT(2) 
PARAMETRIC_REPRESENTATION_CONTEXT() REPRESENTATION_CONTEXT('2D SPACE',''
  ) );
#406 = ORIENTED_EDGE('',*,*,#407,.T.);
#407 = EDGE_CURVE('',#379,#408,#410,.T.);
#408 = VERTEX_POINT('',#409);
#409 = CARTESIAN_POINT('',(91.8,8.1,0.8));
#410 = SURFACE_CURVE('',#411,(#415,#422),.PCURVE_S1.);
#411 = LINE('',#412,#413);
#412 = CARTESIAN_POINT('',(91.8,8.1,0.));
#413 = VECTOR('',#414,1.);
#414 = DIRECTION('',(0.,0.,1.));
#415 = PCURVE('',#336,#416);
#416 = DEFINITIONAL_REPRESENTATION('',(#417),#421);
#417 = LINE('',#418,#419);
#418 = CARTESIAN_POINT('',(1.570796326795,0.));
#419 = VECTOR('',#420,1.);
#420 = DIRECTION('',(0.,1.));
#421 = ( GEOMETRIC_REPRESENTATION_CONTEXT(2) 
PARAMETRIC_REPRESENTATION_CONTEXT() REPRESENTATION_CONTEXT('2D SPACE',''
  ) );
#422 = PCURVE('',#423,#428);
#423 = PLANE('',#424);
#424 = AXIS2_PLACEMENT_3D('',#425,#426,#427);
#425 = CARTESIAN_POINT('',(94.,8.1,0.));
#426 = DIRECTION('',(0.,-1.,0.));
#427 = DIRECTION('',(-1.,0.,0.));
#428 = DEFINITIONAL_REPRESENTATION('',(#429),#433);
#429 = LINE('',#430,#431);
#430 = CARTESIAN_POINT('',(2.2,0.));
#431 = VECTOR('',#432,1.);
#432 = DIRECTION('',(0.,-1.));
#433 = ( GEOMETRIC_REPRESENTATION_CONTEXT(2) 
PARAMETRIC_REPRESENTATION_CONTEXT() REPRESENTATION_CONTEXT('2D SPACE',''
  ) );
#434 = ORIENTED_EDGE('',*,*,#435,.F.);
#435 = EDGE_CURVE('',#436,#408,#438,.T.);
#436 = VERTEX_POINT('',#437);
#437 = CARTESIAN_POINT('',(92.,8.090890230021,0.8));
#438 = SURFACE_CURVE('',#439,(#444,#451),.PCURVE_S1.);
#439 = CIRCLE('',#440,2.2);
#440 = AXIS2_PLACEMENT_3D('',#441,#442,#443);
#441 = CARTESIAN_POINT('',(91.8,5.9,0.8));
#442 = DIRECTION('',(0.,-0.,1.));
#443 = DIRECTION('',(9.090909090907E-02,0.995859195464,0.));
#444 = PCURVE('',#336,#445);
#445 = DEFINITIONAL_REPRESENTATION('',(#446),#450);
#446 = LINE('',#447,#448);
#447 = CARTESIAN_POINT('',(1.479761548758,0.8));
#448 = VECTOR('',#449,1.);
#449 = DIRECTION('',(1.,0.));
#450 = ( GEOMETRIC_REPRESENTATION_CONTEXT(2) 
PARAMETRIC_REPRESENTATION_CONTEXT() REPRESENTATION_CONTEXT('2D SPACE',''
  ) );
#451 = PCURVE('',#452,#457);
#452 = TOROIDAL_SURFACE('',#453,1.9,0.3);
#453 = AXIS2_PLACEMENT_3D('',#454,#455,#456);
#454 = CARTESIAN_POINT('',(91.8,5.9,0.8));
#455 = DIRECTION('',(0.,-0.,1.));
#456 = DIRECTION('',(9.090909090907E-02,0.995859195464,0.));
#457 = DEFINITIONAL_REPRESENTATION('',(#458),#462);
#458 = LINE('',#459,#460);
#459 = CARTESIAN_POINT('',(0.,0.));
#460 = VECTOR('',#461,1.);
#461 = DIRECTION('',(1.,0.));
#462 = ( GEOMETRIC_REPRESENTATION_CONTEXT(2) 
PARAMETRIC_REPRESENTATION_CONTEXT() REPRESENTATION_CONTEXT('2D SPACE',''
  ) );
#463 = ORIENTED_EDGE('',*,*,#464,.T.);
#464 = EDGE_CURVE('',#436,#465,#467,.T.);
#465 = VERTEX_POINT('',#466);
#466 = CARTESIAN_POINT('',(92.,8.090890230021,3.8));
#467 = SURFACE_CURVE('',#468,(#472,#479),.PCURVE_S1.);
#468 = LINE('',#469,#470);
#469 = CARTESIAN_POINT('',(92.,8.090890230021,0.8));
#470 = VECTOR('',#471,1.);
#471 = DIRECTION('',(0.,0.,1.));
#472 = PCURVE('',#336,#473);
#473 = DEFINITIONAL_REPRESENTATION('',(#474),#478);
#474 = LINE('',#475,#476);
#475 = CARTESIAN_POINT('',(1.479761548757,0.8));
#476 = VECTOR('',#477,1.);
#477 = DIRECTION('',(-0.,1.));
#478 = ( GEOMETRIC_REPRESENTATION_CONTEXT(2) 
PARAMETRIC_REPRESENTATION_CONTEXT() REPRESENTATION_CONTEXT('2D SPACE',''
  ) );
#479 = PCURVE('',#480,#485);
#480 = PLANE('',#481);
#481 = AXIS2_PLACEMENT_3D('',#482,#483,#484);
#482 = CARTESIAN_POINT('',(92.,8.1,3.5));
#483 = DIRECTION('',(1.,0.,0.));
#484 = DIRECTION('',(0.,0.,-1.));
#485 = DEFINITIONAL_REPRESENTATION('',(#486),#490);
#486 = LINE('',#487,#488);
#487 = CARTESIAN_POINT('',(2.7,-9.109769979336E-03));
#488 = VECTOR('',#489,1.);
#489 = DIRECTION('',(-1.,0.));
#490 = ( GEOMETRIC_REPRESENTATION_CONTEXT(2) 
PARAMETRIC_REPRESENTATION_CONTEXT() REPRESENTATION_CONTEXT('2D SPACE',''
  ) );
#491 = ORIENTED_EDGE('',*,*,#492,.T.);
#492 = EDGE_CURVE('',#465,#493,#495,.T.);
#493 = VERTEX_POINT('',#494);
#494 = CARTESIAN_POINT('',(91.8,8.1,3.8));
#495 = SURFACE_CURVE('',#496,(#501,#508),.PCURVE_S1.);
#496 = CIRCLE('',#497,2.2);
#497 = AXIS2_PLACEMENT_3D('',#498,#499,#500);
#498 = CARTESIAN_POINT('',(91.8,5.9,3.8));
#499 = DIRECTION('',(-0.,0.,1.));
#500 = DIRECTION('',(9.090909090907E-02,0.995859195464,0.));
#501 = PCURVE('',#336,#502);
#502 = DEFINITIONAL_REPRESENTATION('',(#503),#507);
#503 = LINE('',#504,#505);
#504 = CARTESIAN_POINT('',(1.479761548758,3.8));
#505 = VECTOR('',#506,1.);
#506 = DIRECTION('',(1.,0.));
#507 = ( GEOMETRIC_REPRESENTATION_CONTEXT(2) 
PARAMETRIC_REPRESENTATION_CONTEXT() REPRESENTATION_CONTEXT('2D SPACE',''
  ) );
#508 = PCURVE('',#509,#514);
#509 = TOROIDAL_SURFACE('',#510,1.9,0.3);
#510 = AXIS2_PLACEMENT_3D('',#511,#512,#513);
#511 = CARTESIAN_POINT('',(91.8,5.9,3.8));
#512 = DIRECTION('',(0.,-0.,-1.));
#513 = DIRECTION('',(9.090909090907E-02,0.995859195464,0.));
#514 = DEFINITIONAL_REPRESENTATION('',(#515),#519);
#515 = LINE('',#516,#517);
#516 = CARTESIAN_POINT('',(-0.,0.));
#517 = VECTOR('',#518,1.);
#518 = DIRECTION('',(-1.,0.));
#519 = ( GEOMETRIC_REPRESENTATION_CONTEXT(2) 
PARAMETRIC_REPRESENTATION_CONTEXT() REPRESENTATION_CONTEXT('2D SPACE',''
  ) );
#520 = ORIENTED_EDGE('',*,*,#521,.T.);
#521 = EDGE_CURVE('',#493,#522,#524,.T.);
#522 = VERTEX_POINT('',#523);
#523 = CARTESIAN_POINT('',(91.8,8.1,4.3));
#524 = SURFACE_CURVE('',#525,(#529,#536),.PCURVE_S1.);
#525 = LINE('',#526,#527);
#526 = CARTESIAN_POINT('',(91.8,8.1,0.));
#527 = VECTOR('',#528,1.);
#528 = DIRECTION('',(0.,0.,1.));
#529 = PCURVE('',#336,#530);
#530 = DEFINITIONAL_REPRESENTATION('',(#531),#535);
#531 = LINE('',#532,#533);
#532 = CARTESIAN_POINT('',(1.570796326795,0.));
#533 = VECTOR('',#534,1.);
#534 = DIRECTION('',(0.,1.));
#535 = ( GEOMETRIC_REPRESENTATION_CONTEXT(2) 
PARAMETRIC_REPRESENTATION_CONTEXT() REPRESENTATION_CONTEXT('2D SPACE',''
  ) );
#536 = PCURVE('',#423,#537);
#537 = DEFINITIONAL_REPRESENTATION('',(#538),#542);
#538 = LINE('',#539,#540);
#539 = CARTESIAN_POINT('',(2.2,0.));
#540 = VECTOR('',#541,1.);
#541 = DIRECTION('',(0.,-1.));
#542 = ( GEOMETRIC_REPRESENTATION_CONTEXT(2) 
PARAMETRIC_REPRESENTATION_CONTEXT() REPRESENTATION_CONTEXT('2D SPACE',''
  ) );
#543 = ORIENTED_EDGE('',*,*,#544,.T.);
#544 = EDGE_CURVE('',#522,#293,#545,.T.);
#545 = SURFACE_CURVE('',#546,(#551,#558),.PCURVE_S1.);
#546 = CIRCLE('',#547,2.2);
#547 = AXIS2_PLACEMENT_3D('',#548,#549,#550);
#548 = CARTESIAN_POINT('',(91.8,5.9,4.3));
#549 = DIRECTION('',(0.,-0.,-1.));
#550 = DIRECTION('',(0.,1.,-0.));
#551 = PCURVE('',#336,#552);
#552 = DEFINITIONAL_REPRESENTATION('',(#553),#557);
#553 = LINE('',#554,#555);
#554 = CARTESIAN_POINT('',(1.570796326795,4.3));
#555 = VECTOR('',#556,1.);
#556 = DIRECTION('',(-1.,-0.));
#557 = ( GEOMETRIC_REPRESENTATION_CONTEXT(2) 
PARAMETRIC_REPRESENTATION_CONTEXT() REPRESENTATION_CONTEXT('2D SPACE',''
  ) );
#558 = PCURVE('',#559,#564);
#559 = TOROIDAL_SURFACE('',#560,1.9,0.3);
#560 = AXIS2_PLACEMENT_3D('',#561,#562,#563);
#561 = CARTESIAN_POINT('',(91.8,5.9,4.3));
#562 = DIRECTION('',(0.,0.,1.));
#563 = DIRECTION('',(0.,1.,-0.));
#564 = DEFINITIONAL_REPRESENTATION('',(#565),#569);
#565 = LINE('',#566,#567);
#566 = CARTESIAN_POINT('',(-0.,0.));
#567 = VECTOR('',#568,1.);
#568 = DIRECTION('',(-1.,0.));
#569 = ( GEOMETRIC_REPRESENTATION_CONTEXT(2) 
PARAMETRIC_REPRESENTATION_CONTEXT() REPRESENTATION_CONTEXT('2D SPACE',''
  ) );
#570 = ADVANCED_FACE('',(#571),#559,.T.);
#571 = FACE_BOUND('',#572,.F.);
#572 = EDGE_LOOP('',(#573,#600,#601,#623));
#573 = ORIENTED_EDGE('',*,*,#574,.F.);
#574 = EDGE_CURVE('',#522,#575,#577,.T.);
#575 = VERTEX_POINT('',#576);
#576 = CARTESIAN_POINT('',(91.8,7.8,4.6));
#577 = SURFACE_CURVE('',#578,(#583,#589),.PCURVE_S1.);
#578 = CIRCLE('',#579,0.3);
#579 = AXIS2_PLACEMENT_3D('',#580,#581,#582);
#580 = CARTESIAN_POINT('',(91.8,7.8,4.3));
#581 = DIRECTION('',(1.,0.,-0.));
#582 = DIRECTION('',(0.,1.,0.));
#583 = PCURVE('',#559,#584);
#584 = DEFINITIONAL_REPRESENTATION('',(#585),#588);
#585 = B_SPLINE_CURVE_WITH_KNOTS('',1,(#586,#587),.UNSPECIFIED.,.F.,.F.,
  (2,2),(0.,1.570796326795),.PIECEWISE_BEZIER_KNOTS.);
#586 = CARTESIAN_POINT('',(0.,0.));
#587 = CARTESIAN_POINT('',(0.,1.570796326795));
#588 = ( GEOMETRIC_REPRESENTATION_CONTEXT(2) 
PARAMETRIC_REPRESENTATION_CONTEXT() REPRESENTATION_CONTEXT('2D SPACE',''
  ) );
#589 = PCURVE('',#590,#595);
#590 = CYLINDRICAL_SURFACE('',#591,0.3);
#591 = AXIS2_PLACEMENT_3D('',#592,#593,#594);
#592 = CARTESIAN_POINT('',(2.2,7.8,4.3));
#593 = DIRECTION('',(1.,-0.,-0.));
#594 = DIRECTION('',(0.,1.,-0.));
#595 = DEFINITIONAL_REPRESENTATION('',(#596),#599);
#596 = B_SPLINE_CURVE_WITH_KNOTS('',1,(#597,#598),.UNSPECIFIED.,.F.,.F.,
  (2,2),(0.,1.570796326795),.PIECEWISE_BEZIER_KNOTS.);
#597 = CARTESIAN_POINT('',(0.,89.6));
#598 = CARTESIAN_POINT('',(1.570796326795,89.6));
#599 = ( GEOMETRIC_REPRESENTATION_CONTEXT(2) 
PARAMETRIC_REPRESENTATION_CONTEXT() REPRESENTATION_CONTEXT('2D SPACE',''
  ) );
#600 = ORIENTED_EDGE('',*,*,#544,.T.);
#601 = ORIENTED_EDGE('',*,*,#602,.T.);
#602 = EDGE_CURVE('',#293,#603,#605,.T.);
#603 = VERTEX_POINT('',#604);
#604 = CARTESIAN_POINT('',(93.7,5.9,4.6));
#605 = SURFACE_CURVE('',#606,(#611,#617),.PCURVE_S1.);
#606 = CIRCLE('',#607,0.3);
#607 = AXIS2_PLACEMENT_3D('',#608,#609,#610);
#608 = CARTESIAN_POINT('',(93.7,5.9,4.3));
#609 = DIRECTION('',(6.123233995737E-17,-1.,0.));
#610 = DIRECTION('',(1.,6.123233995737E-17,0.));
#611 = PCURVE('',#559,#612);
#612 = DEFINITIONAL_REPRESENTATION('',(#613),#616);
#613 = B_SPLINE_CURVE_WITH_KNOTS('',1,(#614,#615),.UNSPECIFIED.,.F.,.F.,
  (2,2),(0.,1.570796326795),.PIECEWISE_BEZIER_KNOTS.);
#614 = CARTESIAN_POINT('',(-1.570796326795,0.));
#615 = CARTESIAN_POINT('',(-1.570796326795,1.570796326795));
#616 = ( GEOMETRIC_REPRESENTATION_CONTEXT(2) 
PARAMETRIC_REPRESENTATION_CONTEXT() REPRESENTATION_CONTEXT('2D SPACE',''
  ) );
#617 = PCURVE('',#308,#618);
#618 = DEFINITIONAL_REPRESENTATION('',(#619),#622);
#619 = B_SPLINE_CURVE_WITH_KNOTS('',1,(#620,#621),.UNSPECIFIED.,.F.,.F.,
  (2,2),(0.,1.570796326795),.PIECEWISE_BEZIER_KNOTS.);
#620 = CARTESIAN_POINT('',(0.,0.));
#621 = CARTESIAN_POINT('',(1.570796326795,0.));
#622 = ( GEOMETRIC_REPRESENTATION_CONTEXT(2) 
PARAMETRIC_REPRESENTATION_CONTEXT() REPRESENTATION_CONTEXT('2D SPACE',''
  ) );
#623 = ORIENTED_EDGE('',*,*,#624,.F.);
#624 = EDGE_CURVE('',#575,#603,#625,.T.);
#625 = SURFACE_CURVE('',#626,(#631,#638),.PCURVE_S1.);
#626 = CIRCLE('',#627,1.9);
#627 = AXIS2_PLACEMENT_3D('',#628,#629,#630);
#628 = CARTESIAN_POINT('',(91.8,5.9,4.6));
#629 = DIRECTION('',(0.,-0.,-1.));
#630 = DIRECTION('',(0.,1.,-0.));
#631 = PCURVE('',#559,#632);
#632 = DEFINITIONAL_REPRESENTATION('',(#633),#637);
#633 = LINE('',#634,#635);
#634 = CARTESIAN_POINT('',(-0.,1.570796326795));
#635 = VECTOR('',#636,1.);
#636 = DIRECTION('',(-1.,0.));
#637 = ( GEOMETRIC_REPRESENTATION_CONTEXT(2) 
PARAMETRIC_REPRESENTATION_CONTEXT() REPRESENTATION_CONTEXT('2D SPACE',''
  ) );
#638 = PCURVE('',#639,#644);
#639 = PLANE('',#640);
#640 = AXIS2_PLACEMENT_3D('',#641,#642,#643);
#641 = CARTESIAN_POINT('',(47.,0.,4.6));
#642 = DIRECTION('',(0.,0.,1.));
#643 = DIRECTION('',(1.,0.,-0.));
#644 = DEFINITIONAL_REPRESENTATION('',(#645),#653);
#645 = ( BOUNDED_CURVE() B_SPLINE_CURVE(2,(#646,#647,#648,#649,#650,#651
,#652),.UNSPECIFIED.,.T.,.F.) B_SPLINE_CURVE_WITH_KNOTS((1,2,2,2,2,1),(
    -2.094395102393,0.,2.094395102393,4.188790204786,6.28318530718,
8.377580409573),.UNSPECIFIED.) CURVE() GEOMETRIC_REPRESENTATION_ITEM() 
RATIONAL_B_SPLINE_CURVE((1.,0.5,1.,0.5,1.,0.5,1.)) REPRESENTATION_ITEM(
  '') );
#646 = CARTESIAN_POINT('',(44.8,7.8));
#647 = CARTESIAN_POINT('',(48.090896534381,7.8));
#648 = CARTESIAN_POINT('',(46.44544826719,4.95));
#649 = CARTESIAN_POINT('',(44.8,2.1));
#650 = CARTESIAN_POINT('',(43.15455173281,4.95));
#651 = CARTESIAN_POINT('',(41.509103465619,7.8));
#652 = CARTESIAN_POINT('',(44.8,7.8));
#653 = ( GEOMETRIC_REPRESENTATION_CONTEXT(2) 
PARAMETRIC_REPRESENTATION_CONTEXT() REPRESENTATION_CONTEXT('2D SPACE',''
  ) );
#654 = ADVANCED_FACE('',(#655,#847,#963),#639,.T.);
#655 = FACE_BOUND('',#656,.T.);
#656 = EDGE_LOOP('',(#657,#692,#715,#743,#764,#765,#788,#821));
#657 = ORIENTED_EDGE('',*,*,#658,.F.);
#658 = EDGE_CURVE('',#659,#661,#663,.T.);
#659 = VERTEX_POINT('',#660);
#660 = CARTESIAN_POINT('',(2.2,-7.8,4.6));
#661 = VERTEX_POINT('',#662);
#662 = CARTESIAN_POINT('',(0.3,-5.9,4.6));
#663 = SURFACE_CURVE('',#664,(#669,#680),.PCURVE_S1.);
#664 = CIRCLE('',#665,1.9);
#665 = AXIS2_PLACEMENT_3D('',#666,#667,#668);
#666 = CARTESIAN_POINT('',(2.2,-5.9,4.6));
#667 = DIRECTION('',(-0.,0.,-1.));
#668 = DIRECTION('',(-2.22044604925E-15,-1.,0.));
#669 = PCURVE('',#639,#670);
#670 = DEFINITIONAL_REPRESENTATION('',(#671),#679);
#671 = ( BOUNDED_CURVE() B_SPLINE_CURVE(2,(#672,#673,#674,#675,#676,#677
,#678),.UNSPECIFIED.,.T.,.F.) B_SPLINE_CURVE_WITH_KNOTS((1,2,2,2,2,1),(
    -2.094395102393,0.,2.094395102393,4.188790204786,6.28318530718,
8.377580409573),.UNSPECIFIED.) CURVE() GEOMETRIC_REPRESENTATION_ITEM() 
RATIONAL_B_SPLINE_CURVE((1.,0.5,1.,0.5,1.,0.5,1.)) REPRESENTATION_ITEM(
  '') );
#672 = CARTESIAN_POINT('',(-44.8,-7.8));
#673 = CARTESIAN_POINT('',(-48.09089653438,-7.8));
#674 = CARTESIAN_POINT('',(-46.44544826719,-4.95));
#675 = CARTESIAN_POINT('',(-44.8,-2.1));
#676 = CARTESIAN_POINT('',(-43.15455173281,-4.95));
#677 = CARTESIAN_POINT('',(-41.50910346561,-7.8));
#678 = CARTESIAN_POINT('',(-44.8,-7.8));
#679 = ( GEOMETRIC_REPRESENTATION_CONTEXT(2) 
PARAMETRIC_REPRESENTATION_CONTEXT() REPRESENTATION_CONTEXT('2D SPACE',''
  ) );
#680 = PCURVE('',#681,#686);
#681 = TOROIDAL_SURFACE('',#682,1.9,0.3);
#682 = AXIS2_PLACEMENT_3D('',#683,#684,#685);
#683 = CARTESIAN_POINT('',(2.2,-5.9,4.3));
#684 = DIRECTION('',(0.,0.,1.));
#685 = DIRECTION('',(-2.22044604925E-15,-1.,0.));
#686 = DEFINITIONAL_REPRESENTATION('',(#687),#691);
#687 = LINE('',#688,#689);
#688 = CARTESIAN_POINT('',(-0.,1.570796326795));
#689 = VECTOR('',#690,1.);
#690 = DIRECTION('',(-1.,0.));
#691 = ( GEOMETRIC_REPRESENTATION_CONTEXT(2) 
PARAMETRIC_REPRESENTATION_CONTEXT() REPRESENTATION_CONTEXT('2D SPACE',''
  ) );
#692 = ORIENTED_EDGE('',*,*,#693,.F.);
#693 = EDGE_CURVE('',#694,#659,#696,.T.);
#694 = VERTEX_POINT('',#695);
#695 = CARTESIAN_POINT('',(91.8,-7.8,4.6));
#696 = SURFACE_CURVE('',#697,(#701,#708),.PCURVE_S1.);
#697 = LINE('',#698,#699);
#698 = CARTESIAN_POINT('',(91.8,-7.8,4.6));
#699 = VECTOR('',#700,1.);
#700 = DIRECTION('',(-1.,-0.,-0.));
#701 = PCURVE('',#639,#702);
#702 = DEFINITIONAL_REPRESENTATION('',(#703),#707);
#703 = LINE('',#704,#705);
#704 = CARTESIAN_POINT('',(44.8,-7.8));
#705 = VECTOR('',#706,1.);
#706 = DIRECTION('',(-1.,0.));
#707 = ( GEOMETRIC_REPRESENTATION_CONTEXT(2) 
PARAMETRIC_REPRESENTATION_CONTEXT() REPRESENTATION_CONTEXT('2D SPACE',''
  ) );
#708 = PCURVE('',#134,#709);
#709 = DEFINITIONAL_REPRESENTATION('',(#710),#714);
#710 = LINE('',#711,#712);
#711 = CARTESIAN_POINT('',(1.570796326795,0.));
#712 = VECTOR('',#713,1.);
#713 = DIRECTION('',(0.,1.));
#714 = ( GEOMETRIC_REPRESENTATION_CONTEXT(2) 
PARAMETRIC_REPRESENTATION_CONTEXT() REPRESENTATION_CONTEXT('2D SPACE',''
  ) );
#715 = ORIENTED_EDGE('',*,*,#716,.F.);
#716 = EDGE_CURVE('',#717,#694,#719,.T.);
#717 = VERTEX_POINT('',#718);
#718 = CARTESIAN_POINT('',(93.7,-5.9,4.6));
#719 = SURFACE_CURVE('',#720,(#725,#736),.PCURVE_S1.);
#720 = CIRCLE('',#721,1.9);
#721 = AXIS2_PLACEMENT_3D('',#722,#723,#724);
#722 = CARTESIAN_POINT('',(91.8,-5.9,4.6));
#723 = DIRECTION('',(0.,-0.,-1.));
#724 = DIRECTION('',(1.,0.,-0.));
#725 = PCURVE('',#639,#726);
#726 = DEFINITIONAL_REPRESENTATION('',(#727),#735);
#727 = ( BOUNDED_CURVE() B_SPLINE_CURVE(2,(#728,#729,#730,#731,#732,#733
,#734),.UNSPECIFIED.,.T.,.F.) B_SPLINE_CURVE_WITH_KNOTS((1,2,2,2,2,1),(
    -2.094395102393,0.,2.094395102393,4.188790204786,6.28318530718,
8.377580409573),.UNSPECIFIED.) CURVE() GEOMETRIC_REPRESENTATION_ITEM() 
RATIONAL_B_SPLINE_CURVE((1.,0.5,1.,0.5,1.,0.5,1.)) REPRESENTATION_ITEM(
  '') );
#728 = CARTESIAN_POINT('',(46.7,-5.9));
#729 = CARTESIAN_POINT('',(46.7,-9.190896534381));
#730 = CARTESIAN_POINT('',(43.85,-7.54544826719));
#731 = CARTESIAN_POINT('',(41.,-5.9));
#732 = CARTESIAN_POINT('',(43.85,-4.25455173281));
#733 = CARTESIAN_POINT('',(46.7,-2.609103465619));
#734 = CARTESIAN_POINT('',(46.7,-5.9));
#735 = ( GEOMETRIC_REPRESENTATION_CONTEXT(2) 
PARAMETRIC_REPRESENTATION_CONTEXT() REPRESENTATION_CONTEXT('2D SPACE',''
  ) );
#736 = PCURVE('',#276,#737);
#737 = DEFINITIONAL_REPRESENTATION('',(#738),#742);
#738 = LINE('',#739,#740);
#739 = CARTESIAN_POINT('',(-0.,1.570796326795));
#740 = VECTOR('',#741,1.);
#741 = DIRECTION('',(-1.,0.));
#742 = ( GEOMETRIC_REPRESENTATION_CONTEXT(2) 
PARAMETRIC_REPRESENTATION_CONTEXT() REPRESENTATION_CONTEXT('2D SPACE',''
  ) );
#743 = ORIENTED_EDGE('',*,*,#744,.F.);
#744 = EDGE_CURVE('',#603,#717,#745,.T.);
#745 = SURFACE_CURVE('',#746,(#750,#757),.PCURVE_S1.);
#746 = LINE('',#747,#748);
#747 = CARTESIAN_POINT('',(93.7,5.9,4.6));
#748 = VECTOR('',#749,1.);
#749 = DIRECTION('',(-0.,-1.,-0.));
#750 = PCURVE('',#639,#751);
#751 = DEFINITIONAL_REPRESENTATION('',(#752),#756);
#752 = LINE('',#753,#754);
#753 = CARTESIAN_POINT('',(46.7,5.9));
#754 = VECTOR('',#755,1.);
#755 = DIRECTION('',(0.,-1.));
#756 = ( GEOMETRIC_REPRESENTATION_CONTEXT(2) 
PARAMETRIC_REPRESENTATION_CONTEXT() REPRESENTATION_CONTEXT('2D SPACE',''
  ) );
#757 = PCURVE('',#308,#758);
#758 = DEFINITIONAL_REPRESENTATION('',(#759),#763);
#759 = LINE('',#760,#761);
#760 = CARTESIAN_POINT('',(1.570796326795,0.));
#761 = VECTOR('',#762,1.);
#762 = DIRECTION('',(0.,1.));
#763 = ( GEOMETRIC_REPRESENTATION_CONTEXT(2) 
PARAMETRIC_REPRESENTATION_CONTEXT() REPRESENTATION_CONTEXT('2D SPACE',''
  ) );
#764 = ORIENTED_EDGE('',*,*,#624,.F.);
#765 = ORIENTED_EDGE('',*,*,#766,.F.);
#766 = EDGE_CURVE('',#767,#575,#769,.T.);
#767 = VERTEX_POINT('',#768);
#768 = CARTESIAN_POINT('',(2.2,7.8,4.6));
#769 = SURFACE_CURVE('',#770,(#774,#781),.PCURVE_S1.);
#770 = LINE('',#771,#772);
#771 = CARTESIAN_POINT('',(2.2,7.8,4.6));
#772 = VECTOR('',#773,1.);
#773 = DIRECTION('',(1.,-0.,-0.));
#774 = PCURVE('',#639,#775);
#775 = DEFINITIONAL_REPRESENTATION('',(#776),#780);
#776 = LINE('',#777,#778);
#777 = CARTESIAN_POINT('',(-44.8,7.8));
#778 = VECTOR('',#779,1.);
#779 = DIRECTION('',(1.,-0.));
#780 = ( GEOMETRIC_REPRESENTATION_CONTEXT(2) 
PARAMETRIC_REPRESENTATION_CONTEXT() REPRESENTATION_CONTEXT('2D SPACE',''
  ) );
#781 = PCURVE('',#590,#782);
#782 = DEFINITIONAL_REPRESENTATION('',(#783),#787);
#783 = LINE('',#784,#785);
#784 = CARTESIAN_POINT('',(1.570796326795,0.));
#785 = VECTOR('',#786,1.);
#786 = DIRECTION('',(0.,1.));
#787 = ( GEOMETRIC_REPRESENTATION_CONTEXT(2) 
PARAMETRIC_REPRESENTATION_CONTEXT() REPRESENTATION_CONTEXT('2D SPACE',''
  ) );
#788 = ORIENTED_EDGE('',*,*,#789,.F.);
#789 = EDGE_CURVE('',#790,#767,#792,.T.);
#790 = VERTEX_POINT('',#791);
#791 = CARTESIAN_POINT('',(0.3,5.9,4.6));
#792 = SURFACE_CURVE('',#793,(#798,#809),.PCURVE_S1.);
#793 = CIRCLE('',#794,1.9);
#794 = AXIS2_PLACEMENT_3D('',#795,#796,#797);
#795 = CARTESIAN_POINT('',(2.2,5.9,4.6));
#796 = DIRECTION('',(-0.,0.,-1.));
#797 = DIRECTION('',(-1.,0.,0.));
#798 = PCURVE('',#639,#799);
#799 = DEFINITIONAL_REPRESENTATION('',(#800),#808);
#800 = ( BOUNDED_CURVE() B_SPLINE_CURVE(2,(#801,#802,#803,#804,#805,#806
,#807),.UNSPECIFIED.,.T.,.F.) B_SPLINE_CURVE_WITH_KNOTS((1,2,2,2,2,1),(
    -2.094395102393,0.,2.094395102393,4.188790204786,6.28318530718,
8.377580409573),.UNSPECIFIED.) CURVE() GEOMETRIC_REPRESENTATION_ITEM() 
RATIONAL_B_SPLINE_CURVE((1.,0.5,1.,0.5,1.,0.5,1.)) REPRESENTATION_ITEM(
  '') );
#801 = CARTESIAN_POINT('',(-46.7,5.9));
#802 = CARTESIAN_POINT('',(-46.7,9.190896534381));
#803 = CARTESIAN_POINT('',(-43.85,7.54544826719));
#804 = CARTESIAN_POINT('',(-41.,5.9));
#805 = CARTESIAN_POINT('',(-43.85,4.25455173281));
#806 = CARTESIAN_POINT('',(-46.7,2.609103465619));
#807 = CARTESIAN_POINT('',(-46.7,5.9));
#808 = ( GEOMETRIC_REPRESENTATION_CONTEXT(2) 
PARAMETRIC_REPRESENTATION_CONTEXT() REPRESENTATION_CONTEXT('2D SPACE',''
  ) );
#809 = PCURVE('',#810,#815);
#810 = TOROIDAL_SURFACE('',#811,1.9,0.3);
#811 = AXIS2_PLACEMENT_3D('',#812,#813,#814);
#812 = CARTESIAN_POINT('',(2.2,5.9,4.3));
#813 = DIRECTION('',(0.,0.,1.));
#814 = DIRECTION('',(-1.,0.,0.));
#815 = DEFINITIONAL_REPRESENTATION('',(#816),#820);
#816 = LINE('',#817,#818);
#817 = CARTESIAN_POINT('',(-0.,1.570796326795));
#818 = VECTOR('',#819,1.);
#819 = DIRECTION('',(-1.,0.));
#820 = ( GEOMETRIC_REPRESENTATION_CONTEXT(2) 
PARAMETRIC_REPRESENTATION_CONTEXT() REPRESENTATION_CONTEXT('2D SPACE',''
  ) );
#821 = ORIENTED_EDGE('',*,*,#822,.F.);
#822 = EDGE_CURVE('',#661,#790,#823,.T.);
#823 = SURFACE_CURVE('',#824,(#828,#835),.PCURVE_S1.);
#824 = LINE('',#825,#826);
#825 = CARTESIAN_POINT('',(0.3,-5.9,4.6));
#826 = VECTOR('',#827,1.);
#827 = DIRECTION('',(-0.,1.,-0.));
#828 = PCURVE('',#639,#829);
#829 = DEFINITIONAL_REPRESENTATION('',(#830),#834);
#830 = LINE('',#831,#832);
#831 = CARTESIAN_POINT('',(-46.7,-5.9));
#832 = VECTOR('',#833,1.);
#833 = DIRECTION('',(0.,1.));
#834 = ( GEOMETRIC_REPRESENTATION_CONTEXT(2) 
PARAMETRIC_REPRESENTATION_CONTEXT() REPRESENTATION_CONTEXT('2D SPACE',''
  ) );
#835 = PCURVE('',#836,#841);
#836 = CYLINDRICAL_SURFACE('',#837,0.3);
#837 = AXIS2_PLACEMENT_3D('',#838,#839,#840);
#838 = CARTESIAN_POINT('',(0.3,-5.9,4.3));
#839 = DIRECTION('',(-0.,1.,-0.));
#840 = DIRECTION('',(-1.,-0.,-0.));
#841 = DEFINITIONAL_REPRESENTATION('',(#842),#846);
#842 = LINE('',#843,#844);
#843 = CARTESIAN_POINT('',(1.570796326795,0.));
#844 = VECTOR('',#845,1.);
#845 = DIRECTION('',(0.,1.));
#846 = ( GEOMETRIC_REPRESENTATION_CONTEXT(2) 
PARAMETRIC_REPRESENTATION_CONTEXT() REPRESENTATION_CONTEXT('2D SPACE',''
  ) );
#847 = FACE_BOUND('',#848,.T.);
#848 = EDGE_LOOP('',(#849,#880,#908,#937));
#849 = ORIENTED_EDGE('',*,*,#850,.F.);
#850 = EDGE_CURVE('',#851,#853,#855,.T.);
#851 = VERTEX_POINT('',#852);
#852 = CARTESIAN_POINT('',(50.05,3.2,4.6));
#853 = VERTEX_POINT('',#854);
#854 = CARTESIAN_POINT('',(50.05,-3.5,4.6));
#855 = SURFACE_CURVE('',#856,(#861,#868),.PCURVE_S1.);
#856 = CIRCLE('',#857,3.35);
#857 = AXIS2_PLACEMENT_3D('',#858,#859,#860);
#858 = CARTESIAN_POINT('',(50.05,-0.15,4.6));
#859 = DIRECTION('',(0.,0.,1.));
#860 = DIRECTION('',(0.,1.,-0.));
#861 = PCURVE('',#639,#862);
#862 = DEFINITIONAL_REPRESENTATION('',(#863),#867);
#863 = CIRCLE('',#864,3.35);
#864 = AXIS2_PLACEMENT_2D('',#865,#866);
#865 = CARTESIAN_POINT('',(3.05,-0.15));
#866 = DIRECTION('',(0.,1.));
#867 = ( GEOMETRIC_REPRESENTATION_CONTEXT(2) 
PARAMETRIC_REPRESENTATION_CONTEXT() REPRESENTATION_CONTEXT('2D SPACE',''
  ) );
#868 = PCURVE('',#869,#874);
#869 = TOROIDAL_SURFACE('',#870,3.35,0.3);
#870 = AXIS2_PLACEMENT_3D('',#871,#872,#873);
#871 = CARTESIAN_POINT('',(50.05,-0.15,4.3));
#872 = DIRECTION('',(0.,0.,1.));
#873 = DIRECTION('',(0.,1.,-0.));
#874 = DEFINITIONAL_REPRESENTATION('',(#875),#879);
#875 = LINE('',#876,#877);
#876 = CARTESIAN_POINT('',(0.,1.570796326795));
#877 = VECTOR('',#878,1.);
#878 = DIRECTION('',(1.,0.));
#879 = ( GEOMETRIC_REPRESENTATION_CONTEXT(2) 
PARAMETRIC_REPRESENTATION_CONTEXT() REPRESENTATION_CONTEXT('2D SPACE',''
  ) );
#880 = ORIENTED_EDGE('',*,*,#881,.F.);
#881 = EDGE_CURVE('',#882,#851,#884,.T.);
#882 = VERTEX_POINT('',#883);
#883 = CARTESIAN_POINT('',(61.95,3.2,4.6));
#884 = SURFACE_CURVE('',#885,(#889,#896),.PCURVE_S1.);
#885 = LINE('',#886,#887);
#886 = CARTESIAN_POINT('',(61.95,3.2,4.6));
#887 = VECTOR('',#888,1.);
#888 = DIRECTION('',(-1.,-0.,0.));
#889 = PCURVE('',#639,#890);
#890 = DEFINITIONAL_REPRESENTATION('',(#891),#895);
#891 = LINE('',#892,#893);
#892 = CARTESIAN_POINT('',(14.95,3.2));
#893 = VECTOR('',#894,1.);
#894 = DIRECTION('',(-1.,0.));
#895 = ( GEOMETRIC_REPRESENTATION_CONTEXT(2) 
PARAMETRIC_REPRESENTATION_CONTEXT() REPRESENTATION_CONTEXT('2D SPACE',''
  ) );
#896 = PCURVE('',#897,#902);
#897 = CYLINDRICAL_SURFACE('',#898,0.3);
#898 = AXIS2_PLACEMENT_3D('',#899,#900,#901);
#899 = CARTESIAN_POINT('',(61.95,3.2,4.3));
#900 = DIRECTION('',(-1.,-0.,0.));
#901 = DIRECTION('',(0.,0.,1.));
#902 = DEFINITIONAL_REPRESENTATION('',(#903),#907);
#903 = LINE('',#904,#905);
#904 = CARTESIAN_POINT('',(-0.,0.));
#905 = VECTOR('',#906,1.);
#906 = DIRECTION('',(-0.,1.));
#907 = ( GEOMETRIC_REPRESENTATION_CONTEXT(2) 
PARAMETRIC_REPRESENTATION_CONTEXT() REPRESENTATION_CONTEXT('2D SPACE',''
  ) );
#908 = ORIENTED_EDGE('',*,*,#909,.F.);
#909 = EDGE_CURVE('',#910,#882,#912,.T.);
#910 = VERTEX_POINT('',#911);
#911 = CARTESIAN_POINT('',(61.95,-3.5,4.6));
#912 = SURFACE_CURVE('',#913,(#918,#925),.PCURVE_S1.);
#913 = CIRCLE('',#914,3.35);
#914 = AXIS2_PLACEMENT_3D('',#915,#916,#917);
#915 = CARTESIAN_POINT('',(61.95,-0.15,4.6));
#916 = DIRECTION('',(0.,0.,1.));
#917 = DIRECTION('',(0.,-1.,0.));
#918 = PCURVE('',#639,#919);
#919 = DEFINITIONAL_REPRESENTATION('',(#920),#924);
#920 = CIRCLE('',#921,3.35);
#921 = AXIS2_PLACEMENT_2D('',#922,#923);
#922 = CARTESIAN_POINT('',(14.95,-0.15));
#923 = DIRECTION('',(0.,-1.));
#924 = ( GEOMETRIC_REPRESENTATION_CONTEXT(2) 
PARAMETRIC_REPRESENTATION_CONTEXT() REPRESENTATION_CONTEXT('2D SPACE',''
  ) );
#925 = PCURVE('',#926,#931);
#926 = TOROIDAL_SURFACE('',#927,3.35,0.3);
#927 = AXIS2_PLACEMENT_3D('',#928,#929,#930);
#928 = CARTESIAN_POINT('',(61.95,-0.15,4.3));
#929 = DIRECTION('',(0.,0.,1.));
#930 = DIRECTION('',(0.,-1.,0.));
#931 = DEFINITIONAL_REPRESENTATION('',(#932),#936);
#932 = LINE('',#933,#934);
#933 = CARTESIAN_POINT('',(0.,1.570796326795));
#934 = VECTOR('',#935,1.);
#935 = DIRECTION('',(1.,0.));
#936 = ( GEOMETRIC_REPRESENTATION_CONTEXT(2) 
PARAMETRIC_REPRESENTATION_CONTEXT() REPRESENTATION_CONTEXT('2D SPACE',''
  ) );
#937 = ORIENTED_EDGE('',*,*,#938,.F.);
#938 = EDGE_CURVE('',#853,#910,#939,.T.);
#939 = SURFACE_CURVE('',#940,(#944,#951),.PCURVE_S1.);
#940 = LINE('',#941,#942);
#941 = CARTESIAN_POINT('',(50.05,-3.5,4.6));
#942 = VECTOR('',#943,1.);
#943 = DIRECTION('',(1.,-0.,-0.));
#944 = PCURVE('',#639,#945);
#945 = DEFINITIONAL_REPRESENTATION('',(#946),#950);
#946 = LINE('',#947,#948);
#947 = CARTESIAN_POINT('',(3.05,-3.5));
#948 = VECTOR('',#949,1.);
#949 = DIRECTION('',(1.,-0.));
#950 = ( GEOMETRIC_REPRESENTATION_CONTEXT(2) 
PARAMETRIC_REPRESENTATION_CONTEXT() REPRESENTATION_CONTEXT('2D SPACE',''
  ) );
#951 = PCURVE('',#952,#957);
#952 = CYLINDRICAL_SURFACE('',#953,0.3);
#953 = AXIS2_PLACEMENT_3D('',#954,#955,#956);
#954 = CARTESIAN_POINT('',(50.05,-3.5,4.3));
#955 = DIRECTION('',(1.,-0.,-0.));
#956 = DIRECTION('',(0.,0.,1.));
#957 = DEFINITIONAL_REPRESENTATION('',(#958),#962);
#958 = LINE('',#959,#960);
#959 = CARTESIAN_POINT('',(-0.,0.));
#960 = VECTOR('',#961,1.);
#961 = DIRECTION('',(-0.,1.));
#962 = ( GEOMETRIC_REPRESENTATION_CONTEXT(2) 
PARAMETRIC_REPRESENTATION_CONTEXT() REPRESENTATION_CONTEXT('2D SPACE',''
  ) );
#963 = FACE_BOUND('',#964,.T.);
#964 = EDGE_LOOP('',(#965,#996,#1024,#1053));
#965 = ORIENTED_EDGE('',*,*,#966,.F.);
#966 = EDGE_CURVE('',#967,#969,#971,.T.);
#967 = VERTEX_POINT('',#968);
#968 = CARTESIAN_POINT('',(20.2,3.65,4.6));
#969 = VERTEX_POINT('',#970);
#970 = CARTESIAN_POINT('',(20.2,-3.35,4.6));
#971 = SURFACE_CURVE('',#972,(#977,#984),.PCURVE_S1.);
#972 = CIRCLE('',#973,3.5);
#973 = AXIS2_PLACEMENT_3D('',#974,#975,#976);
#974 = CARTESIAN_POINT('',(20.2,0.15,4.6));
#975 = DIRECTION('',(0.,0.,1.));
#976 = DIRECTION('',(0.,1.,-0.));
#977 = PCURVE('',#639,#978);
#978 = DEFINITIONAL_REPRESENTATION('',(#979),#983);
#979 = CIRCLE('',#980,3.5);
#980 = AXIS2_PLACEMENT_2D('',#981,#982);
#981 = CARTESIAN_POINT('',(-26.8,0.15));
#982 = DIRECTION('',(0.,1.));
#983 = ( GEOMETRIC_REPRESENTATION_CONTEXT(2) 
PARAMETRIC_REPRESENTATION_CONTEXT() REPRESENTATION_CONTEXT('2D SPACE',''
  ) );
#984 = PCURVE('',#985,#990);
#985 = TOROIDAL_SURFACE('',#986,3.5,0.3);
#986 = AXIS2_PLACEMENT_3D('',#987,#988,#989);
#987 = CARTESIAN_POINT('',(20.2,0.15,4.3));
#988 = DIRECTION('',(0.,0.,1.));
#989 = DIRECTION('',(0.,1.,-0.));
#990 = DEFINITIONAL_REPRESENTATION('',(#991),#995);
#991 = LINE('',#992,#993);
#992 = CARTESIAN_POINT('',(0.,1.570796326795));
#993 = VECTOR('',#994,1.);
#994 = DIRECTION('',(1.,0.));
#995 = ( GEOMETRIC_REPRESENTATION_CONTEXT(2) 
PARAMETRIC_REPRESENTATION_CONTEXT() REPRESENTATION_CONTEXT('2D SPACE',''
  ) );
#996 = ORIENTED_EDGE('',*,*,#997,.F.);
#997 = EDGE_CURVE('',#998,#967,#1000,.T.);
#998 = VERTEX_POINT('',#999);
#999 = CARTESIAN_POINT('',(35.8,3.65,4.6));
#1000 = SURFACE_CURVE('',#1001,(#1005,#1012),.PCURVE_S1.);
#1001 = LINE('',#1002,#1003);
#1002 = CARTESIAN_POINT('',(35.8,3.65,4.6));
#1003 = VECTOR('',#1004,1.);
#1004 = DIRECTION('',(-1.,-0.,0.));
#1005 = PCURVE('',#639,#1006);
#1006 = DEFINITIONAL_REPRESENTATION('',(#1007),#1011);
#1007 = LINE('',#1008,#1009);
#1008 = CARTESIAN_POINT('',(-11.2,3.65));
#1009 = VECTOR('',#1010,1.);
#1010 = DIRECTION('',(-1.,0.));
#1011 = ( GEOMETRIC_REPRESENTATION_CONTEXT(2) 
PARAMETRIC_REPRESENTATION_CONTEXT() REPRESENTATION_CONTEXT('2D SPACE',''
  ) );
#1012 = PCURVE('',#1013,#1018);
#1013 = CYLINDRICAL_SURFACE('',#1014,0.3);
#1014 = AXIS2_PLACEMENT_3D('',#1015,#1016,#1017);
#1015 = CARTESIAN_POINT('',(35.8,3.65,4.3));
#1016 = DIRECTION('',(-1.,-0.,0.));
#1017 = DIRECTION('',(0.,0.,1.));
#1018 = DEFINITIONAL_REPRESENTATION('',(#1019),#1023);
#1019 = LINE('',#1020,#1021);
#1020 = CARTESIAN_POINT('',(-0.,0.));
#1021 = VECTOR('',#1022,1.);
#1022 = DIRECTION('',(-0.,1.));
#1023 = ( GEOMETRIC_REPRESENTATION_CONTEXT(2) 
PARAMETRIC_REPRESENTATION_CONTEXT() REPRESENTATION_CONTEXT('2D SPACE',''
  ) );
#1024 = ORIENTED_EDGE('',*,*,#1025,.F.);
#1025 = EDGE_CURVE('',#1026,#998,#1028,.T.);
#1026 = VERTEX_POINT('',#1027);
#1027 = CARTESIAN_POINT('',(35.8,-3.35,4.6));
#1028 = SURFACE_CURVE('',#1029,(#1034,#1041),.PCURVE_S1.);
#1029 = CIRCLE('',#1030,3.5);
#1030 = AXIS2_PLACEMENT_3D('',#1031,#1032,#1033);
#1031 = CARTESIAN_POINT('',(35.8,0.15,4.6));
#1032 = DIRECTION('',(0.,0.,1.));
#1033 = DIRECTION('',(0.,-1.,0.));
#1034 = PCURVE('',#639,#1035);
#1035 = DEFINITIONAL_REPRESENTATION('',(#1036),#1040);
#1036 = CIRCLE('',#1037,3.5);
#1037 = AXIS2_PLACEMENT_2D('',#1038,#1039);
#1038 = CARTESIAN_POINT('',(-11.2,0.15));
#1039 = DIRECTION('',(0.,-1.));
#1040 = ( GEOMETRIC_REPRESENTATION_CONTEXT(2) 
PARAMETRIC_REPRESENTATION_CONTEXT() REPRESENTATION_CONTEXT('2D SPACE',''
  ) );
#1041 = PCURVE('',#1042,#1047);
#1042 = TOROIDAL_SURFACE('',#1043,3.5,0.3);
#1043 = AXIS2_PLACEMENT_3D('',#1044,#1045,#1046);
#1044 = CARTESIAN_POINT('',(35.8,0.15,4.3));
#1045 = DIRECTION('',(0.,0.,1.));
#1046 = DIRECTION('',(0.,-1.,0.));
#1047 = DEFINITIONAL_REPRESENTATION('',(#1048),#1052);
#1048 = LINE('',#1049,#1050);
#1049 = CARTESIAN_POINT('',(0.,1.570796326795));
#1050 = VECTOR('',#1051,1.);
#1051 = DIRECTION('',(1.,0.));
#1052 = ( GEOMETRIC_REPRESENTATION_CONTEXT(2) 
PARAMETRIC_REPRESENTATION_CONTEXT() REPRESENTATION_CONTEXT('2D SPACE',''
  ) );
#1053 = ORIENTED_EDGE('',*,*,#1054,.F.);
#1054 = EDGE_CURVE('',#969,#1026,#1055,.T.);
#1055 = SURFACE_CURVE('',#1056,(#1060,#1067),.PCURVE_S1.);
#1056 = LINE('',#1057,#1058);
#1057 = CARTESIAN_POINT('',(20.2,-3.35,4.6));
#1058 = VECTOR('',#1059,1.);
#1059 = DIRECTION('',(1.,-0.,-0.));
#1060 = PCURVE('',#639,#1061);
#1061 = DEFINITIONAL_REPRESENTATION('',(#1062),#1066);
#1062 = LINE('',#1063,#1064);
#1063 = CARTESIAN_POINT('',(-26.8,-3.35));
#1064 = VECTOR('',#1065,1.);
#1065 = DIRECTION('',(1.,-0.));
#1066 = ( GEOMETRIC_REPRESENTATION_CONTEXT(2) 
PARAMETRIC_REPRESENTATION_CONTEXT() REPRESENTATION_CONTEXT('2D SPACE',''
  ) );
#1067 = PCURVE('',#1068,#1073);
#1068 = CYLINDRICAL_SURFACE('',#1069,0.3);
#1069 = AXIS2_PLACEMENT_3D('',#1070,#1071,#1072);
#1070 = CARTESIAN_POINT('',(20.2,-3.35,4.3));
#1071 = DIRECTION('',(1.,-0.,-0.));
#1072 = DIRECTION('',(0.,0.,1.));
#1073 = DEFINITIONAL_REPRESENTATION('',(#1074),#1078);
#1074 = LINE('',#1075,#1076);
#1075 = CARTESIAN_POINT('',(-0.,0.));
#1076 = VECTOR('',#1077,1.);
#1077 = DIRECTION('',(-0.,1.));
#1078 = ( GEOMETRIC_REPRESENTATION_CONTEXT(2) 
PARAMETRIC_REPRESENTATION_CONTEXT() REPRESENTATION_CONTEXT('2D SPACE',''
  ) );
#1079 = ADVANCED_FACE('',(#1080),#1042,.T.);
#1080 = FACE_BOUND('',#1081,.T.);
#1081 = EDGE_LOOP('',(#1082,#1104,#1105,#1127));
#1082 = ORIENTED_EDGE('',*,*,#1083,.F.);
#1083 = EDGE_CURVE('',#1026,#1084,#1086,.T.);
#1084 = VERTEX_POINT('',#1085);
#1085 = CARTESIAN_POINT('',(35.8,-3.05,4.3));
#1086 = SURFACE_CURVE('',#1087,(#1092,#1098),.PCURVE_S1.);
#1087 = CIRCLE('',#1088,0.3);
#1088 = AXIS2_PLACEMENT_3D('',#1089,#1090,#1091);
#1089 = CARTESIAN_POINT('',(35.8,-3.35,4.3));
#1090 = DIRECTION('',(-1.,0.,0.));
#1091 = DIRECTION('',(0.,0.,1.));
#1092 = PCURVE('',#1042,#1093);
#1093 = DEFINITIONAL_REPRESENTATION('',(#1094),#1097);
#1094 = B_SPLINE_CURVE_WITH_KNOTS('',1,(#1095,#1096),.UNSPECIFIED.,.F.,
  .F.,(2,2),(0.,1.570796326795),.PIECEWISE_BEZIER_KNOTS.);
#1095 = CARTESIAN_POINT('',(-4.440892098501E-16,1.570796326795));
#1096 = CARTESIAN_POINT('',(-4.440892098501E-16,3.14159265359));
#1097 = ( GEOMETRIC_REPRESENTATION_CONTEXT(2) 
PARAMETRIC_REPRESENTATION_CONTEXT() REPRESENTATION_CONTEXT('2D SPACE',''
  ) );
#1098 = PCURVE('',#1068,#1099);
#1099 = DEFINITIONAL_REPRESENTATION('',(#1100),#1103);
#1100 = B_SPLINE_CURVE_WITH_KNOTS('',1,(#1101,#1102),.UNSPECIFIED.,.F.,
  .F.,(2,2),(0.,1.570796326795),.PIECEWISE_BEZIER_KNOTS.);
#1101 = CARTESIAN_POINT('',(0.,15.6));
#1102 = CARTESIAN_POINT('',(-1.570796326795,15.6));
#1103 = ( GEOMETRIC_REPRESENTATION_CONTEXT(2) 
PARAMETRIC_REPRESENTATION_CONTEXT() REPRESENTATION_CONTEXT('2D SPACE',''
  ) );
#1104 = ORIENTED_EDGE('',*,*,#1025,.T.);
#1105 = ORIENTED_EDGE('',*,*,#1106,.T.);
#1106 = EDGE_CURVE('',#998,#1107,#1109,.T.);
#1107 = VERTEX_POINT('',#1108);
#1108 = CARTESIAN_POINT('',(35.8,3.35,4.3));
#1109 = SURFACE_CURVE('',#1110,(#1115,#1121),.PCURVE_S1.);
#1110 = CIRCLE('',#1111,0.3);
#1111 = AXIS2_PLACEMENT_3D('',#1112,#1113,#1114);
#1112 = CARTESIAN_POINT('',(35.8,3.65,4.3));
#1113 = DIRECTION('',(1.,-1.224646799147E-16,0.));
#1114 = DIRECTION('',(1.224646799147E-16,1.,0.));
#1115 = PCURVE('',#1042,#1116);
#1116 = DEFINITIONAL_REPRESENTATION('',(#1117),#1120);
#1117 = B_SPLINE_CURVE_WITH_KNOTS('',1,(#1118,#1119),.UNSPECIFIED.,.F.,
  .F.,(2,2),(1.570796326795,3.14159265359),.PIECEWISE_BEZIER_KNOTS.);
#1118 = CARTESIAN_POINT('',(3.14159265359,1.570796326795));
#1119 = CARTESIAN_POINT('',(3.14159265359,3.14159265359));
#1120 = ( GEOMETRIC_REPRESENTATION_CONTEXT(2) 
PARAMETRIC_REPRESENTATION_CONTEXT() REPRESENTATION_CONTEXT('2D SPACE',''
  ) );
#1121 = PCURVE('',#1013,#1122);
#1122 = DEFINITIONAL_REPRESENTATION('',(#1123),#1126);
#1123 = B_SPLINE_CURVE_WITH_KNOTS('',1,(#1124,#1125),.UNSPECIFIED.,.F.,
  .F.,(2,2),(1.570796326795,3.14159265359),.PIECEWISE_BEZIER_KNOTS.);
#1124 = CARTESIAN_POINT('',(0.,-1.7763568394E-15));
#1125 = CARTESIAN_POINT('',(-1.570796326795,-1.7763568394E-15));
#1126 = ( GEOMETRIC_REPRESENTATION_CONTEXT(2) 
PARAMETRIC_REPRESENTATION_CONTEXT() REPRESENTATION_CONTEXT('2D SPACE',''
  ) );
#1127 = ORIENTED_EDGE('',*,*,#1128,.F.);
#1128 = EDGE_CURVE('',#1084,#1107,#1129,.T.);
#1129 = SURFACE_CURVE('',#1130,(#1135,#1142),.PCURVE_S1.);
#1130 = CIRCLE('',#1131,3.2);
#1131 = AXIS2_PLACEMENT_3D('',#1132,#1133,#1134);
#1132 = CARTESIAN_POINT('',(35.8,0.15,4.3));
#1133 = DIRECTION('',(0.,0.,1.));
#1134 = DIRECTION('',(0.,-1.,0.));
#1135 = PCURVE('',#1042,#1136);
#1136 = DEFINITIONAL_REPRESENTATION('',(#1137),#1141);
#1137 = LINE('',#1138,#1139);
#1138 = CARTESIAN_POINT('',(0.,3.14159265359));
#1139 = VECTOR('',#1140,1.);
#1140 = DIRECTION('',(1.,0.));
#1141 = ( GEOMETRIC_REPRESENTATION_CONTEXT(2) 
PARAMETRIC_REPRESENTATION_CONTEXT() REPRESENTATION_CONTEXT('2D SPACE',''
  ) );
#1142 = PCURVE('',#1143,#1148);
#1143 = CYLINDRICAL_SURFACE('',#1144,3.2);
#1144 = AXIS2_PLACEMENT_3D('',#1145,#1146,#1147);
#1145 = CARTESIAN_POINT('',(35.8,0.15,98.6000002));
#1146 = DIRECTION('',(0.,0.,1.));
#1147 = DIRECTION('',(-2.775557561563E-16,1.,0.));
#1148 = DEFINITIONAL_REPRESENTATION('',(#1149),#1153);
#1149 = LINE('',#1150,#1151);
#1150 = CARTESIAN_POINT('',(-3.14159265359,-94.3000002));
#1151 = VECTOR('',#1152,1.);
#1152 = DIRECTION('',(1.,-0.));
#1153 = ( GEOMETRIC_REPRESENTATION_CONTEXT(2) 
PARAMETRIC_REPRESENTATION_CONTEXT() REPRESENTATION_CONTEXT('2D SPACE',''
  ) );
#1154 = ADVANCED_FACE('',(#1155),#1143,.F.);
#1155 = FACE_BOUND('',#1156,.T.);
#1156 = EDGE_LOOP('',(#1157,#1185,#1186,#1214));
#1157 = ORIENTED_EDGE('',*,*,#1158,.F.);
#1158 = EDGE_CURVE('',#1084,#1159,#1161,.T.);
#1159 = VERTEX_POINT('',#1160);
#1160 = CARTESIAN_POINT('',(35.8,-3.05,0.3));
#1161 = SURFACE_CURVE('',#1162,(#1166,#1173),.PCURVE_S1.);
#1162 = LINE('',#1163,#1164);
#1163 = CARTESIAN_POINT('',(35.8,-3.05,98.6000002));
#1164 = VECTOR('',#1165,1.);
#1165 = DIRECTION('',(0.,0.,-1.));
#1166 = PCURVE('',#1143,#1167);
#1167 = DEFINITIONAL_REPRESENTATION('',(#1168),#1172);
#1168 = LINE('',#1169,#1170);
#1169 = CARTESIAN_POINT('',(-3.14159265359,0.));
#1170 = VECTOR('',#1171,1.);
#1171 = DIRECTION('',(-0.,-1.));
#1172 = ( GEOMETRIC_REPRESENTATION_CONTEXT(2) 
PARAMETRIC_REPRESENTATION_CONTEXT() REPRESENTATION_CONTEXT('2D SPACE',''
  ) );
#1173 = PCURVE('',#1174,#1179);
#1174 = PLANE('',#1175);
#1175 = AXIS2_PLACEMENT_3D('',#1176,#1177,#1178);
#1176 = CARTESIAN_POINT('',(35.8,-3.05,98.6000002));
#1177 = DIRECTION('',(0.,1.,0.));
#1178 = DIRECTION('',(-1.,0.,0.));
#1179 = DEFINITIONAL_REPRESENTATION('',(#1180),#1184);
#1180 = LINE('',#1181,#1182);
#1181 = CARTESIAN_POINT('',(-8.881784197001E-16,0.));
#1182 = VECTOR('',#1183,1.);
#1183 = DIRECTION('',(0.,-1.));
#1184 = ( GEOMETRIC_REPRESENTATION_CONTEXT(2) 
PARAMETRIC_REPRESENTATION_CONTEXT() REPRESENTATION_CONTEXT('2D SPACE',''
  ) );
#1185 = ORIENTED_EDGE('',*,*,#1128,.T.);
#1186 = ORIENTED_EDGE('',*,*,#1187,.T.);
#1187 = EDGE_CURVE('',#1107,#1188,#1190,.T.);
#1188 = VERTEX_POINT('',#1189);
#1189 = CARTESIAN_POINT('',(35.8,3.35,0.3));
#1190 = SURFACE_CURVE('',#1191,(#1195,#1202),.PCURVE_S1.);
#1191 = LINE('',#1192,#1193);
#1192 = CARTESIAN_POINT('',(35.8,3.35,98.6000002));
#1193 = VECTOR('',#1194,1.);
#1194 = DIRECTION('',(0.,0.,-1.));
#1195 = PCURVE('',#1143,#1196);
#1196 = DEFINITIONAL_REPRESENTATION('',(#1197),#1201);
#1197 = LINE('',#1198,#1199);
#1198 = CARTESIAN_POINT('',(-0.,0.));
#1199 = VECTOR('',#1200,1.);
#1200 = DIRECTION('',(-0.,-1.));
#1201 = ( GEOMETRIC_REPRESENTATION_CONTEXT(2) 
PARAMETRIC_REPRESENTATION_CONTEXT() REPRESENTATION_CONTEXT('2D SPACE',''
  ) );
#1202 = PCURVE('',#1203,#1208);
#1203 = PLANE('',#1204);
#1204 = AXIS2_PLACEMENT_3D('',#1205,#1206,#1207);
#1205 = CARTESIAN_POINT('',(20.2,3.35,98.6000002));
#1206 = DIRECTION('',(0.,-1.,0.));
#1207 = DIRECTION('',(1.,0.,0.));
#1208 = DEFINITIONAL_REPRESENTATION('',(#1209),#1213);
#1209 = LINE('',#1210,#1211);
#1210 = CARTESIAN_POINT('',(15.6,0.));
#1211 = VECTOR('',#1212,1.);
#1212 = DIRECTION('',(0.,-1.));
#1213 = ( GEOMETRIC_REPRESENTATION_CONTEXT(2) 
PARAMETRIC_REPRESENTATION_CONTEXT() REPRESENTATION_CONTEXT('2D SPACE',''
  ) );
#1214 = ORIENTED_EDGE('',*,*,#1215,.F.);
#1215 = EDGE_CURVE('',#1159,#1188,#1216,.T.);
#1216 = SURFACE_CURVE('',#1217,(#1222,#1229),.PCURVE_S1.);
#1217 = CIRCLE('',#1218,3.2);
#1218 = AXIS2_PLACEMENT_3D('',#1219,#1220,#1221);
#1219 = CARTESIAN_POINT('',(35.8,0.15,0.3));
#1220 = DIRECTION('',(0.,0.,1.));
#1221 = DIRECTION('',(0.,-1.,0.));
#1222 = PCURVE('',#1143,#1223);
#1223 = DEFINITIONAL_REPRESENTATION('',(#1224),#1228);
#1224 = LINE('',#1225,#1226);
#1225 = CARTESIAN_POINT('',(-3.14159265359,-98.3000002));
#1226 = VECTOR('',#1227,1.);
#1227 = DIRECTION('',(1.,-0.));
#1228 = ( GEOMETRIC_REPRESENTATION_CONTEXT(2) 
PARAMETRIC_REPRESENTATION_CONTEXT() REPRESENTATION_CONTEXT('2D SPACE',''
  ) );
#1229 = PCURVE('',#1230,#1235);
#1230 = TOROIDAL_SURFACE('',#1231,3.5,0.3);
#1231 = AXIS2_PLACEMENT_3D('',#1232,#1233,#1234);
#1232 = CARTESIAN_POINT('',(35.8,0.15,0.3));
#1233 = DIRECTION('',(-0.,-0.,-1.));
#1234 = DIRECTION('',(0.,-1.,0.));
#1235 = DEFINITIONAL_REPRESENTATION('',(#1236),#1240);
#1236 = LINE('',#1237,#1238);
#1237 = CARTESIAN_POINT('',(-0.,3.14159265359));
#1238 = VECTOR('',#1239,1.);
#1239 = DIRECTION('',(-1.,0.));
#1240 = ( GEOMETRIC_REPRESENTATION_CONTEXT(2) 
PARAMETRIC_REPRESENTATION_CONTEXT() REPRESENTATION_CONTEXT('2D SPACE',''
  ) );
#1241 = ADVANCED_FACE('',(#1242),#1203,.T.);
#1242 = FACE_BOUND('',#1243,.T.);
#1243 = EDGE_LOOP('',(#1244,#1245,#1268,#1296,#1324,#1352,#1380,#1408));
#1244 = ORIENTED_EDGE('',*,*,#1187,.F.);
#1245 = ORIENTED_EDGE('',*,*,#1246,.T.);
#1246 = EDGE_CURVE('',#1107,#1247,#1249,.T.);
#1247 = VERTEX_POINT('',#1248);
#1248 = CARTESIAN_POINT('',(20.2,3.35,4.3));
#1249 = SURFACE_CURVE('',#1250,(#1254,#1261),.PCURVE_S1.);
#1250 = LINE('',#1251,#1252);
#1251 = CARTESIAN_POINT('',(35.8,3.35,4.3));
#1252 = VECTOR('',#1253,1.);
#1253 = DIRECTION('',(-1.,-0.,0.));
#1254 = PCURVE('',#1203,#1255);
#1255 = DEFINITIONAL_REPRESENTATION('',(#1256),#1260);
#1256 = LINE('',#1257,#1258);
#1257 = CARTESIAN_POINT('',(15.6,-94.3000002));
#1258 = VECTOR('',#1259,1.);
#1259 = DIRECTION('',(-1.,0.));
#1260 = ( GEOMETRIC_REPRESENTATION_CONTEXT(2) 
PARAMETRIC_REPRESENTATION_CONTEXT() REPRESENTATION_CONTEXT('2D SPACE',''
  ) );
#1261 = PCURVE('',#1013,#1262);
#1262 = DEFINITIONAL_REPRESENTATION('',(#1263),#1267);
#1263 = LINE('',#1264,#1265);
#1264 = CARTESIAN_POINT('',(-1.570796326795,0.));
#1265 = VECTOR('',#1266,1.);
#1266 = DIRECTION('',(-0.,1.));
#1267 = ( GEOMETRIC_REPRESENTATION_CONTEXT(2) 
PARAMETRIC_REPRESENTATION_CONTEXT() REPRESENTATION_CONTEXT('2D SPACE',''
  ) );
#1268 = ORIENTED_EDGE('',*,*,#1269,.T.);
#1269 = EDGE_CURVE('',#1247,#1270,#1272,.T.);
#1270 = VERTEX_POINT('',#1271);
#1271 = CARTESIAN_POINT('',(20.2,3.35,3.65));
#1272 = SURFACE_CURVE('',#1273,(#1277,#1284),.PCURVE_S1.);
#1273 = LINE('',#1274,#1275);
#1274 = CARTESIAN_POINT('',(20.2,3.35,98.6000002));
#1275 = VECTOR('',#1276,1.);
#1276 = DIRECTION('',(0.,0.,-1.));
#1277 = PCURVE('',#1203,#1278);
#1278 = DEFINITIONAL_REPRESENTATION('',(#1279),#1283);
#1279 = LINE('',#1280,#1281);
#1280 = CARTESIAN_POINT('',(-8.881784197001E-16,-0.));
#1281 = VECTOR('',#1282,1.);
#1282 = DIRECTION('',(0.,-1.));
#1283 = ( GEOMETRIC_REPRESENTATION_CONTEXT(2) 
PARAMETRIC_REPRESENTATION_CONTEXT() REPRESENTATION_CONTEXT('2D SPACE',''
  ) );
#1284 = PCURVE('',#1285,#1290);
#1285 = CYLINDRICAL_SURFACE('',#1286,3.2);
#1286 = AXIS2_PLACEMENT_3D('',#1287,#1288,#1289);
#1287 = CARTESIAN_POINT('',(20.2,0.15,98.6000002));
#1288 = DIRECTION('',(0.,-0.,1.));
#1289 = DIRECTION('',(2.775557561563E-16,-1.,-0.));
#1290 = DEFINITIONAL_REPRESENTATION('',(#1291),#1295);
#1291 = LINE('',#1292,#1293);
#1292 = CARTESIAN_POINT('',(-3.14159265359,0.));
#1293 = VECTOR('',#1294,1.);
#1294 = DIRECTION('',(-0.,-1.));
#1295 = ( GEOMETRIC_REPRESENTATION_CONTEXT(2) 
PARAMETRIC_REPRESENTATION_CONTEXT() REPRESENTATION_CONTEXT('2D SPACE',''
  ) );
#1296 = ORIENTED_EDGE('',*,*,#1297,.F.);
#1297 = EDGE_CURVE('',#1298,#1270,#1300,.T.);
#1298 = VERTEX_POINT('',#1299);
#1299 = CARTESIAN_POINT('',(28.2,3.35,3.65));
#1300 = SURFACE_CURVE('',#1301,(#1305,#1312),.PCURVE_S1.);
#1301 = LINE('',#1302,#1303);
#1302 = CARTESIAN_POINT('',(28.2,3.35,3.65));
#1303 = VECTOR('',#1304,1.);
#1304 = DIRECTION('',(-1.,0.,0.));
#1305 = PCURVE('',#1203,#1306);
#1306 = DEFINITIONAL_REPRESENTATION('',(#1307),#1311);
#1307 = LINE('',#1308,#1309);
#1308 = CARTESIAN_POINT('',(8.,-94.9500002));
#1309 = VECTOR('',#1310,1.);
#1310 = DIRECTION('',(-1.,0.));
#1311 = ( GEOMETRIC_REPRESENTATION_CONTEXT(2) 
PARAMETRIC_REPRESENTATION_CONTEXT() REPRESENTATION_CONTEXT('2D SPACE',''
  ) );
#1312 = PCURVE('',#1313,#1318);
#1313 = CYLINDRICAL_SURFACE('',#1314,0.3);
#1314 = AXIS2_PLACEMENT_3D('',#1315,#1316,#1317);
#1315 = CARTESIAN_POINT('',(28.2,3.65,3.65));
#1316 = DIRECTION('',(-1.,0.,0.));
#1317 = DIRECTION('',(-0.,-1.,-0.));
#1318 = DEFINITIONAL_REPRESENTATION('',(#1319),#1323);
#1319 = LINE('',#1320,#1321);
#1320 = CARTESIAN_POINT('',(-0.,0.));
#1321 = VECTOR('',#1322,1.);
#1322 = DIRECTION('',(-0.,1.));
#1323 = ( GEOMETRIC_REPRESENTATION_CONTEXT(2) 
PARAMETRIC_REPRESENTATION_CONTEXT() REPRESENTATION_CONTEXT('2D SPACE',''
  ) );
#1324 = ORIENTED_EDGE('',*,*,#1325,.F.);
#1325 = EDGE_CURVE('',#1326,#1298,#1328,.T.);
#1326 = VERTEX_POINT('',#1327);
#1327 = CARTESIAN_POINT('',(28.2,3.35,0.95));
#1328 = SURFACE_CURVE('',#1329,(#1333,#1340),.PCURVE_S1.);
#1329 = LINE('',#1330,#1331);
#1330 = CARTESIAN_POINT('',(28.2,3.35,0.95));
#1331 = VECTOR('',#1332,1.);
#1332 = DIRECTION('',(0.,1.644774851297E-16,1.));
#1333 = PCURVE('',#1203,#1334);
#1334 = DEFINITIONAL_REPRESENTATION('',(#1335),#1339);
#1335 = LINE('',#1336,#1337);
#1336 = CARTESIAN_POINT('',(8.,-97.6500002));
#1337 = VECTOR('',#1338,1.);
#1338 = DIRECTION('',(0.,1.));
#1339 = ( GEOMETRIC_REPRESENTATION_CONTEXT(2) 
PARAMETRIC_REPRESENTATION_CONTEXT() REPRESENTATION_CONTEXT('2D SPACE',''
  ) );
#1340 = PCURVE('',#1341,#1346);
#1341 = PLANE('',#1342);
#1342 = AXIS2_PLACEMENT_3D('',#1343,#1344,#1345);
#1343 = CARTESIAN_POINT('',(28.2,1.453647168085E-16,2.3));
#1344 = DIRECTION('',(-1.,-0.,-0.));
#1345 = DIRECTION('',(0.,0.,-1.));
#1346 = DEFINITIONAL_REPRESENTATION('',(#1347),#1351);
#1347 = LINE('',#1348,#1349);
#1348 = CARTESIAN_POINT('',(1.35,-3.35));
#1349 = VECTOR('',#1350,1.);
#1350 = DIRECTION('',(-1.,-1.644774851297E-16));
#1351 = ( GEOMETRIC_REPRESENTATION_CONTEXT(2) 
PARAMETRIC_REPRESENTATION_CONTEXT() REPRESENTATION_CONTEXT('2D SPACE',''
  ) );
#1352 = ORIENTED_EDGE('',*,*,#1353,.T.);
#1353 = EDGE_CURVE('',#1326,#1354,#1356,.T.);
#1354 = VERTEX_POINT('',#1355);
#1355 = CARTESIAN_POINT('',(20.2,3.35,0.95));
#1356 = SURFACE_CURVE('',#1357,(#1361,#1368),.PCURVE_S1.);
#1357 = LINE('',#1358,#1359);
#1358 = CARTESIAN_POINT('',(28.2,3.35,0.95));
#1359 = VECTOR('',#1360,1.);
#1360 = DIRECTION('',(-1.,-0.,-0.));
#1361 = PCURVE('',#1203,#1362);
#1362 = DEFINITIONAL_REPRESENTATION('',(#1363),#1367);
#1363 = LINE('',#1364,#1365);
#1364 = CARTESIAN_POINT('',(8.,-97.6500002));
#1365 = VECTOR('',#1366,1.);
#1366 = DIRECTION('',(-1.,0.));
#1367 = ( GEOMETRIC_REPRESENTATION_CONTEXT(2) 
PARAMETRIC_REPRESENTATION_CONTEXT() REPRESENTATION_CONTEXT('2D SPACE',''
  ) );
#1368 = PCURVE('',#1369,#1374);
#1369 = CYLINDRICAL_SURFACE('',#1370,0.3);
#1370 = AXIS2_PLACEMENT_3D('',#1371,#1372,#1373);
#1371 = CARTESIAN_POINT('',(28.2,3.65,0.95));
#1372 = DIRECTION('',(-1.,-0.,-0.));
#1373 = DIRECTION('',(0.,-1.,0.));
#1374 = DEFINITIONAL_REPRESENTATION('',(#1375),#1379);
#1375 = LINE('',#1376,#1377);
#1376 = CARTESIAN_POINT('',(0.,0.));
#1377 = VECTOR('',#1378,1.);
#1378 = DIRECTION('',(0.,1.));
#1379 = ( GEOMETRIC_REPRESENTATION_CONTEXT(2) 
PARAMETRIC_REPRESENTATION_CONTEXT() REPRESENTATION_CONTEXT('2D SPACE',''
  ) );
#1380 = ORIENTED_EDGE('',*,*,#1381,.T.);
#1381 = EDGE_CURVE('',#1354,#1382,#1384,.T.);
#1382 = VERTEX_POINT('',#1383);
#1383 = CARTESIAN_POINT('',(20.2,3.35,0.3));
#1384 = SURFACE_CURVE('',#1385,(#1389,#1396),.PCURVE_S1.);
#1385 = LINE('',#1386,#1387);
#1386 = CARTESIAN_POINT('',(20.2,3.35,98.6000002));
#1387 = VECTOR('',#1388,1.);
#1388 = DIRECTION('',(0.,0.,-1.));
#1389 = PCURVE('',#1203,#1390);
#1390 = DEFINITIONAL_REPRESENTATION('',(#1391),#1395);
#1391 = LINE('',#1392,#1393);
#1392 = CARTESIAN_POINT('',(-8.881784197001E-16,-0.));
#1393 = VECTOR('',#1394,1.);
#1394 = DIRECTION('',(0.,-1.));
#1395 = ( GEOMETRIC_REPRESENTATION_CONTEXT(2) 
PARAMETRIC_REPRESENTATION_CONTEXT() REPRESENTATION_CONTEXT('2D SPACE',''
  ) );
#1396 = PCURVE('',#1397,#1402);
#1397 = CYLINDRICAL_SURFACE('',#1398,3.2);
#1398 = AXIS2_PLACEMENT_3D('',#1399,#1400,#1401);
#1399 = CARTESIAN_POINT('',(20.2,0.15,98.6000002));
#1400 = DIRECTION('',(0.,-0.,1.));
#1401 = DIRECTION('',(2.775557561563E-16,-1.,-0.));
#1402 = DEFINITIONAL_REPRESENTATION('',(#1403),#1407);
#1403 = LINE('',#1404,#1405);
#1404 = CARTESIAN_POINT('',(-3.14159265359,0.));
#1405 = VECTOR('',#1406,1.);
#1406 = DIRECTION('',(-0.,-1.));
#1407 = ( GEOMETRIC_REPRESENTATION_CONTEXT(2) 
PARAMETRIC_REPRESENTATION_CONTEXT() REPRESENTATION_CONTEXT('2D SPACE',''
  ) );
#1408 = ORIENTED_EDGE('',*,*,#1409,.F.);
#1409 = EDGE_CURVE('',#1188,#1382,#1410,.T.);
#1410 = SURFACE_CURVE('',#1411,(#1415,#1422),.PCURVE_S1.);
#1411 = LINE('',#1412,#1413);
#1412 = CARTESIAN_POINT('',(35.8,3.35,0.3));
#1413 = VECTOR('',#1414,1.);
#1414 = DIRECTION('',(-1.,-0.,0.));
#1415 = PCURVE('',#1203,#1416);
#1416 = DEFINITIONAL_REPRESENTATION('',(#1417),#1421);
#1417 = LINE('',#1418,#1419);
#1418 = CARTESIAN_POINT('',(15.6,-98.3000002));
#1419 = VECTOR('',#1420,1.);
#1420 = DIRECTION('',(-1.,0.));
#1421 = ( GEOMETRIC_REPRESENTATION_CONTEXT(2) 
PARAMETRIC_REPRESENTATION_CONTEXT() REPRESENTATION_CONTEXT('2D SPACE',''
  ) );
#1422 = PCURVE('',#1423,#1428);
#1423 = CYLINDRICAL_SURFACE('',#1424,0.3);
#1424 = AXIS2_PLACEMENT_3D('',#1425,#1426,#1427);
#1425 = CARTESIAN_POINT('',(35.8,3.65,0.3));
#1426 = DIRECTION('',(-1.,-0.,0.));
#1427 = DIRECTION('',(-0.,0.,-1.));
#1428 = DEFINITIONAL_REPRESENTATION('',(#1429),#1433);
#1429 = LINE('',#1430,#1431);
#1430 = CARTESIAN_POINT('',(1.570796326795,0.));
#1431 = VECTOR('',#1432,1.);
#1432 = DIRECTION('',(0.,1.));
#1433 = ( GEOMETRIC_REPRESENTATION_CONTEXT(2) 
PARAMETRIC_REPRESENTATION_CONTEXT() REPRESENTATION_CONTEXT('2D SPACE',''
  ) );
#1434 = ADVANCED_FACE('',(#1435),#1423,.T.);
#1435 = FACE_BOUND('',#1436,.T.);
#1436 = EDGE_LOOP('',(#1437,#1459,#1460,#1487));
#1437 = ORIENTED_EDGE('',*,*,#1438,.T.);
#1438 = EDGE_CURVE('',#1439,#1188,#1441,.T.);
#1439 = VERTEX_POINT('',#1440);
#1440 = CARTESIAN_POINT('',(35.8,3.65,0.));
#1441 = SURFACE_CURVE('',#1442,(#1447,#1453),.PCURVE_S1.);
#1442 = CIRCLE('',#1443,0.3);
#1443 = AXIS2_PLACEMENT_3D('',#1444,#1445,#1446);
#1444 = CARTESIAN_POINT('',(35.8,3.65,0.3));
#1445 = DIRECTION('',(-1.,1.224646799147E-16,0.));
#1446 = DIRECTION('',(1.224646799147E-16,1.,-0.));
#1447 = PCURVE('',#1423,#1448);
#1448 = DEFINITIONAL_REPRESENTATION('',(#1449),#1452);
#1449 = B_SPLINE_CURVE_WITH_KNOTS('',1,(#1450,#1451),.UNSPECIFIED.,.F.,
  .F.,(2,2),(1.570796326795,3.14159265359),.PIECEWISE_BEZIER_KNOTS.);
#1450 = CARTESIAN_POINT('',(0.,-1.7763568394E-15));
#1451 = CARTESIAN_POINT('',(1.570796326795,-1.7763568394E-15));
#1452 = ( GEOMETRIC_REPRESENTATION_CONTEXT(2) 
PARAMETRIC_REPRESENTATION_CONTEXT() REPRESENTATION_CONTEXT('2D SPACE',''
  ) );
#1453 = PCURVE('',#1230,#1454);
#1454 = DEFINITIONAL_REPRESENTATION('',(#1455),#1458);
#1455 = B_SPLINE_CURVE_WITH_KNOTS('',1,(#1456,#1457),.UNSPECIFIED.,.F.,
  .F.,(2,2),(1.570796326795,3.14159265359),.PIECEWISE_BEZIER_KNOTS.);
#1456 = CARTESIAN_POINT('',(-3.14159265359,1.570796326795));
#1457 = CARTESIAN_POINT('',(-3.14159265359,3.14159265359));
#1458 = ( GEOMETRIC_REPRESENTATION_CONTEXT(2) 
PARAMETRIC_REPRESENTATION_CONTEXT() REPRESENTATION_CONTEXT('2D SPACE',''
  ) );
#1459 = ORIENTED_EDGE('',*,*,#1409,.T.);
#1460 = ORIENTED_EDGE('',*,*,#1461,.F.);
#1461 = EDGE_CURVE('',#1462,#1382,#1464,.T.);
#1462 = VERTEX_POINT('',#1463);
#1463 = CARTESIAN_POINT('',(20.2,3.65,0.));
#1464 = SURFACE_CURVE('',#1465,(#1470,#1476),.PCURVE_S1.);
#1465 = CIRCLE('',#1466,0.3);
#1466 = AXIS2_PLACEMENT_3D('',#1467,#1468,#1469);
#1467 = CARTESIAN_POINT('',(20.2,3.65,0.3));
#1468 = DIRECTION('',(-1.,4.440892098501E-16,0.));
#1469 = DIRECTION('',(4.440892098501E-16,1.,0.));
#1470 = PCURVE('',#1423,#1471);
#1471 = DEFINITIONAL_REPRESENTATION('',(#1472),#1475);
#1472 = B_SPLINE_CURVE_WITH_KNOTS('',1,(#1473,#1474),.UNSPECIFIED.,.F.,
  .F.,(2,2),(1.570796326795,3.14159265359),.PIECEWISE_BEZIER_KNOTS.);
#1473 = CARTESIAN_POINT('',(0.,15.6));
#1474 = CARTESIAN_POINT('',(1.570796326795,15.6));
#1475 = ( GEOMETRIC_REPRESENTATION_CONTEXT(2) 
PARAMETRIC_REPRESENTATION_CONTEXT() REPRESENTATION_CONTEXT('2D SPACE',''
  ) );
#1476 = PCURVE('',#1477,#1482);
#1477 = TOROIDAL_SURFACE('',#1478,3.5,0.3);
#1478 = AXIS2_PLACEMENT_3D('',#1479,#1480,#1481);
#1479 = CARTESIAN_POINT('',(20.2,0.15,0.3));
#1480 = DIRECTION('',(-0.,-0.,-1.));
#1481 = DIRECTION('',(0.,1.,-0.));
#1482 = DEFINITIONAL_REPRESENTATION('',(#1483),#1486);
#1483 = B_SPLINE_CURVE_WITH_KNOTS('',1,(#1484,#1485),.UNSPECIFIED.,.F.,
  .F.,(2,2),(1.570796326795,3.14159265359),.PIECEWISE_BEZIER_KNOTS.);
#1484 = CARTESIAN_POINT('',(4.440892098501E-16,1.570796326795));
#1485 = CARTESIAN_POINT('',(4.440892098501E-16,3.14159265359));
#1486 = ( GEOMETRIC_REPRESENTATION_CONTEXT(2) 
PARAMETRIC_REPRESENTATION_CONTEXT() REPRESENTATION_CONTEXT('2D SPACE',''
  ) );
#1487 = ORIENTED_EDGE('',*,*,#1488,.F.);
#1488 = EDGE_CURVE('',#1439,#1462,#1489,.T.);
#1489 = SURFACE_CURVE('',#1490,(#1494,#1501),.PCURVE_S1.);
#1490 = LINE('',#1491,#1492);
#1491 = CARTESIAN_POINT('',(35.8,3.65,-5.551115123126E-17));
#1492 = VECTOR('',#1493,1.);
#1493 = DIRECTION('',(-1.,-0.,0.));
#1494 = PCURVE('',#1423,#1495);
#1495 = DEFINITIONAL_REPRESENTATION('',(#1496),#1500);
#1496 = LINE('',#1497,#1498);
#1497 = CARTESIAN_POINT('',(0.,0.));
#1498 = VECTOR('',#1499,1.);
#1499 = DIRECTION('',(0.,1.));
#1500 = ( GEOMETRIC_REPRESENTATION_CONTEXT(2) 
PARAMETRIC_REPRESENTATION_CONTEXT() REPRESENTATION_CONTEXT('2D SPACE',''
  ) );
#1501 = PCURVE('',#1502,#1507);
#1502 = PLANE('',#1503);
#1503 = AXIS2_PLACEMENT_3D('',#1504,#1505,#1506);
#1504 = CARTESIAN_POINT('',(47.,0.,0.));
#1505 = DIRECTION('',(0.,0.,1.));
#1506 = DIRECTION('',(1.,0.,-0.));
#1507 = DEFINITIONAL_REPRESENTATION('',(#1508),#1512);
#1508 = LINE('',#1509,#1510);
#1509 = CARTESIAN_POINT('',(-11.2,3.65));
#1510 = VECTOR('',#1511,1.);
#1511 = DIRECTION('',(-1.,0.));
#1512 = ( GEOMETRIC_REPRESENTATION_CONTEXT(2) 
PARAMETRIC_REPRESENTATION_CONTEXT() REPRESENTATION_CONTEXT('2D SPACE',''
  ) );
#1513 = ADVANCED_FACE('',(#1514),#1477,.T.);
#1514 = FACE_BOUND('',#1515,.F.);
#1515 = EDGE_LOOP('',(#1516,#1517,#1541,#1568));
#1516 = ORIENTED_EDGE('',*,*,#1461,.F.);
#1517 = ORIENTED_EDGE('',*,*,#1518,.T.);
#1518 = EDGE_CURVE('',#1462,#1519,#1521,.T.);
#1519 = VERTEX_POINT('',#1520);
#1520 = CARTESIAN_POINT('',(20.2,-3.35,0.));
#1521 = SURFACE_CURVE('',#1522,(#1527,#1534),.PCURVE_S1.);
#1522 = CIRCLE('',#1523,3.5);
#1523 = AXIS2_PLACEMENT_3D('',#1524,#1525,#1526);
#1524 = CARTESIAN_POINT('',(20.2,0.15,0.));
#1525 = DIRECTION('',(0.,0.,1.));
#1526 = DIRECTION('',(0.,1.,-0.));
#1527 = PCURVE('',#1477,#1528);
#1528 = DEFINITIONAL_REPRESENTATION('',(#1529),#1533);
#1529 = LINE('',#1530,#1531);
#1530 = CARTESIAN_POINT('',(-0.,1.570796326795));
#1531 = VECTOR('',#1532,1.);
#1532 = DIRECTION('',(-1.,0.));
#1533 = ( GEOMETRIC_REPRESENTATION_CONTEXT(2) 
PARAMETRIC_REPRESENTATION_CONTEXT() REPRESENTATION_CONTEXT('2D SPACE',''
  ) );
#1534 = PCURVE('',#1502,#1535);
#1535 = DEFINITIONAL_REPRESENTATION('',(#1536),#1540);
#1536 = CIRCLE('',#1537,3.5);
#1537 = AXIS2_PLACEMENT_2D('',#1538,#1539);
#1538 = CARTESIAN_POINT('',(-26.8,0.15));
#1539 = DIRECTION('',(0.,1.));
#1540 = ( GEOMETRIC_REPRESENTATION_CONTEXT(2) 
PARAMETRIC_REPRESENTATION_CONTEXT() REPRESENTATION_CONTEXT('2D SPACE',''
  ) );
#1541 = ORIENTED_EDGE('',*,*,#1542,.T.);
#1542 = EDGE_CURVE('',#1519,#1543,#1545,.T.);
#1543 = VERTEX_POINT('',#1544);
#1544 = CARTESIAN_POINT('',(20.2,-3.05,0.3));
#1545 = SURFACE_CURVE('',#1546,(#1551,#1557),.PCURVE_S1.);
#1546 = CIRCLE('',#1547,0.3);
#1547 = AXIS2_PLACEMENT_3D('',#1548,#1549,#1550);
#1548 = CARTESIAN_POINT('',(20.2,-3.35,0.3));
#1549 = DIRECTION('',(1.,-1.224646799147E-16,0.));
#1550 = DIRECTION('',(-1.224646799147E-16,-1.,0.));
#1551 = PCURVE('',#1477,#1552);
#1552 = DEFINITIONAL_REPRESENTATION('',(#1553),#1556);
#1553 = B_SPLINE_CURVE_WITH_KNOTS('',1,(#1554,#1555),.UNSPECIFIED.,.F.,
  .F.,(2,2),(1.570796326795,3.14159265359),.PIECEWISE_BEZIER_KNOTS.);
#1554 = CARTESIAN_POINT('',(-3.14159265359,1.570796326795));
#1555 = CARTESIAN_POINT('',(-3.14159265359,3.14159265359));
#1556 = ( GEOMETRIC_REPRESENTATION_CONTEXT(2) 
PARAMETRIC_REPRESENTATION_CONTEXT() REPRESENTATION_CONTEXT('2D SPACE',''
  ) );
#1557 = PCURVE('',#1558,#1563);
#1558 = CYLINDRICAL_SURFACE('',#1559,0.3);
#1559 = AXIS2_PLACEMENT_3D('',#1560,#1561,#1562);
#1560 = CARTESIAN_POINT('',(20.2,-3.35,0.3));
#1561 = DIRECTION('',(1.,-0.,-0.));
#1562 = DIRECTION('',(-0.,-0.,-1.));
#1563 = DEFINITIONAL_REPRESENTATION('',(#1564),#1567);
#1564 = B_SPLINE_CURVE_WITH_KNOTS('',1,(#1565,#1566),.UNSPECIFIED.,.F.,
  .F.,(2,2),(1.570796326795,3.14159265359),.PIECEWISE_BEZIER_KNOTS.);
#1565 = CARTESIAN_POINT('',(0.,1.7763568394E-15));
#1566 = CARTESIAN_POINT('',(1.570796326795,1.7763568394E-15));
#1567 = ( GEOMETRIC_REPRESENTATION_CONTEXT(2) 
PARAMETRIC_REPRESENTATION_CONTEXT() REPRESENTATION_CONTEXT('2D SPACE',''
  ) );
#1568 = ORIENTED_EDGE('',*,*,#1569,.F.);
#1569 = EDGE_CURVE('',#1382,#1543,#1570,.T.);
#1570 = SURFACE_CURVE('',#1571,(#1576,#1583),.PCURVE_S1.);
#1571 = CIRCLE('',#1572,3.2);
#1572 = AXIS2_PLACEMENT_3D('',#1573,#1574,#1575);
#1573 = CARTESIAN_POINT('',(20.2,0.15,0.3));
#1574 = DIRECTION('',(0.,0.,1.));
#1575 = DIRECTION('',(0.,1.,-0.));
#1576 = PCURVE('',#1477,#1577);
#1577 = DEFINITIONAL_REPRESENTATION('',(#1578),#1582);
#1578 = LINE('',#1579,#1580);
#1579 = CARTESIAN_POINT('',(-0.,3.14159265359));
#1580 = VECTOR('',#1581,1.);
#1581 = DIRECTION('',(-1.,0.));
#1582 = ( GEOMETRIC_REPRESENTATION_CONTEXT(2) 
PARAMETRIC_REPRESENTATION_CONTEXT() REPRESENTATION_CONTEXT('2D SPACE',''
  ) );
#1583 = PCURVE('',#1397,#1584);
#1584 = DEFINITIONAL_REPRESENTATION('',(#1585),#1589);
#1585 = LINE('',#1586,#1587);
#1586 = CARTESIAN_POINT('',(-3.14159265359,-98.3000002));
#1587 = VECTOR('',#1588,1.);
#1588 = DIRECTION('',(1.,-0.));
#1589 = ( GEOMETRIC_REPRESENTATION_CONTEXT(2) 
PARAMETRIC_REPRESENTATION_CONTEXT() REPRESENTATION_CONTEXT('2D SPACE',''
  ) );
#1590 = ADVANCED_FACE('',(#1591),#1558,.T.);
#1591 = FACE_BOUND('',#1592,.T.);
#1592 = EDGE_LOOP('',(#1593,#1594,#1615,#1637));
#1593 = ORIENTED_EDGE('',*,*,#1542,.T.);
#1594 = ORIENTED_EDGE('',*,*,#1595,.T.);
#1595 = EDGE_CURVE('',#1543,#1159,#1596,.T.);
#1596 = SURFACE_CURVE('',#1597,(#1601,#1608),.PCURVE_S1.);
#1597 = LINE('',#1598,#1599);
#1598 = CARTESIAN_POINT('',(20.2,-3.05,0.3));
#1599 = VECTOR('',#1600,1.);
#1600 = DIRECTION('',(1.,-0.,-0.));
#1601 = PCURVE('',#1558,#1602);
#1602 = DEFINITIONAL_REPRESENTATION('',(#1603),#1607);
#1603 = LINE('',#1604,#1605);
#1604 = CARTESIAN_POINT('',(1.570796326795,0.));
#1605 = VECTOR('',#1606,1.);
#1606 = DIRECTION('',(0.,1.));
#1607 = ( GEOMETRIC_REPRESENTATION_CONTEXT(2) 
PARAMETRIC_REPRESENTATION_CONTEXT() REPRESENTATION_CONTEXT('2D SPACE',''
  ) );
#1608 = PCURVE('',#1174,#1609);
#1609 = DEFINITIONAL_REPRESENTATION('',(#1610),#1614);
#1610 = LINE('',#1611,#1612);
#1611 = CARTESIAN_POINT('',(15.6,-98.3000002));
#1612 = VECTOR('',#1613,1.);
#1613 = DIRECTION('',(-1.,0.));
#1614 = ( GEOMETRIC_REPRESENTATION_CONTEXT(2) 
PARAMETRIC_REPRESENTATION_CONTEXT() REPRESENTATION_CONTEXT('2D SPACE',''
  ) );
#1615 = ORIENTED_EDGE('',*,*,#1616,.F.);
#1616 = EDGE_CURVE('',#1617,#1159,#1619,.T.);
#1617 = VERTEX_POINT('',#1618);
#1618 = CARTESIAN_POINT('',(35.8,-3.35,-5.551115123126E-17));
#1619 = SURFACE_CURVE('',#1620,(#1625,#1631),.PCURVE_S1.);
#1620 = CIRCLE('',#1621,0.3);
#1621 = AXIS2_PLACEMENT_3D('',#1622,#1623,#1624);
#1622 = CARTESIAN_POINT('',(35.8,-3.35,0.3));
#1623 = DIRECTION('',(1.,-0.,0.));
#1624 = DIRECTION('',(-0.,-0.,-1.));
#1625 = PCURVE('',#1558,#1626);
#1626 = DEFINITIONAL_REPRESENTATION('',(#1627),#1630);
#1627 = B_SPLINE_CURVE_WITH_KNOTS('',1,(#1628,#1629),.UNSPECIFIED.,.F.,
  .F.,(2,2),(0.,1.570796326795),.PIECEWISE_BEZIER_KNOTS.);
#1628 = CARTESIAN_POINT('',(0.,15.6));
#1629 = CARTESIAN_POINT('',(1.570796326795,15.6));
#1630 = ( GEOMETRIC_REPRESENTATION_CONTEXT(2) 
PARAMETRIC_REPRESENTATION_CONTEXT() REPRESENTATION_CONTEXT('2D SPACE',''
  ) );
#1631 = PCURVE('',#1230,#1632);
#1632 = DEFINITIONAL_REPRESENTATION('',(#1633),#1636);
#1633 = B_SPLINE_CURVE_WITH_KNOTS('',1,(#1634,#1635),.UNSPECIFIED.,.F.,
  .F.,(2,2),(0.,1.570796326795),.PIECEWISE_BEZIER_KNOTS.);
#1634 = CARTESIAN_POINT('',(4.440892098501E-16,1.570796326795));
#1635 = CARTESIAN_POINT('',(4.440892098501E-16,3.14159265359));
#1636 = ( GEOMETRIC_REPRESENTATION_CONTEXT(2) 
PARAMETRIC_REPRESENTATION_CONTEXT() REPRESENTATION_CONTEXT('2D SPACE',''
  ) );
#1637 = ORIENTED_EDGE('',*,*,#1638,.F.);
#1638 = EDGE_CURVE('',#1519,#1617,#1639,.T.);
#1639 = SURFACE_CURVE('',#1640,(#1644,#1651),.PCURVE_S1.);
#1640 = LINE('',#1641,#1642);
#1641 = CARTESIAN_POINT('',(20.2,-3.35,-5.551115123126E-17));
#1642 = VECTOR('',#1643,1.);
#1643 = DIRECTION('',(1.,-0.,-0.));
#1644 = PCURVE('',#1558,#1645);
#1645 = DEFINITIONAL_REPRESENTATION('',(#1646),#1650);
#1646 = LINE('',#1647,#1648);
#1647 = CARTESIAN_POINT('',(0.,0.));
#1648 = VECTOR('',#1649,1.);
#1649 = DIRECTION('',(0.,1.));
#1650 = ( GEOMETRIC_REPRESENTATION_CONTEXT(2) 
PARAMETRIC_REPRESENTATION_CONTEXT() REPRESENTATION_CONTEXT('2D SPACE',''
  ) );
#1651 = PCURVE('',#1502,#1652);
#1652 = DEFINITIONAL_REPRESENTATION('',(#1653),#1657);
#1653 = LINE('',#1654,#1655);
#1654 = CARTESIAN_POINT('',(-26.8,-3.35));
#1655 = VECTOR('',#1656,1.);
#1656 = DIRECTION('',(1.,-0.));
#1657 = ( GEOMETRIC_REPRESENTATION_CONTEXT(2) 
PARAMETRIC_REPRESENTATION_CONTEXT() REPRESENTATION_CONTEXT('2D SPACE',''
  ) );
#1658 = ADVANCED_FACE('',(#1659,#1885,#2001),#1502,.F.);
#1659 = FACE_BOUND('',#1660,.F.);
#1660 = EDGE_LOOP('',(#1661,#1696,#1719,#1747,#1770,#1798,#1826,#1859));
#1661 = ORIENTED_EDGE('',*,*,#1662,.F.);
#1662 = EDGE_CURVE('',#1663,#1665,#1667,.T.);
#1663 = VERTEX_POINT('',#1664);
#1664 = CARTESIAN_POINT('',(2.2,-7.8,0.));
#1665 = VERTEX_POINT('',#1666);
#1666 = CARTESIAN_POINT('',(0.3,-5.9,0.));
#1667 = SURFACE_CURVE('',#1668,(#1673,#1684),.PCURVE_S1.);
#1668 = CIRCLE('',#1669,1.9);
#1669 = AXIS2_PLACEMENT_3D('',#1670,#1671,#1672);
#1670 = CARTESIAN_POINT('',(2.2,-5.9,0.));
#1671 = DIRECTION('',(-0.,0.,-1.));
#1672 = DIRECTION('',(-2.22044604925E-15,-1.,0.));
#1673 = PCURVE('',#1502,#1674);
#1674 = DEFINITIONAL_REPRESENTATION('',(#1675),#1683);
#1675 = ( BOUNDED_CURVE() B_SPLINE_CURVE(2,(#1676,#1677,#1678,#1679,
#1680,#1681,#1682),.UNSPECIFIED.,.T.,.F.) B_SPLINE_CURVE_WITH_KNOTS((1,2
    ,2,2,2,1),(-2.094395102393,0.,2.094395102393,4.188790204786,
6.28318530718,8.377580409573),.UNSPECIFIED.) CURVE() 
GEOMETRIC_REPRESENTATION_ITEM() RATIONAL_B_SPLINE_CURVE((1.,0.5,1.,0.5,
1.,0.5,1.)) REPRESENTATION_ITEM('') );
#1676 = CARTESIAN_POINT('',(-44.8,-7.8));
#1677 = CARTESIAN_POINT('',(-48.09089653438,-7.8));
#1678 = CARTESIAN_POINT('',(-46.44544826719,-4.95));
#1679 = CARTESIAN_POINT('',(-44.8,-2.1));
#1680 = CARTESIAN_POINT('',(-43.15455173281,-4.95));
#1681 = CARTESIAN_POINT('',(-41.50910346561,-7.8));
#1682 = CARTESIAN_POINT('',(-44.8,-7.8));
#1683 = ( GEOMETRIC_REPRESENTATION_CONTEXT(2) 
PARAMETRIC_REPRESENTATION_CONTEXT() REPRESENTATION_CONTEXT('2D SPACE',''
  ) );
#1684 = PCURVE('',#1685,#1690);
#1685 = TOROIDAL_SURFACE('',#1686,1.9,0.3);
#1686 = AXIS2_PLACEMENT_3D('',#1687,#1688,#1689);
#1687 = CARTESIAN_POINT('',(2.2,-5.9,0.3));
#1688 = DIRECTION('',(0.,0.,1.));
#1689 = DIRECTION('',(-2.22044604925E-15,-1.,0.));
#1690 = DEFINITIONAL_REPRESENTATION('',(#1691),#1695);
#1691 = LINE('',#1692,#1693);
#1692 = CARTESIAN_POINT('',(-0.,4.712388980385));
#1693 = VECTOR('',#1694,1.);
#1694 = DIRECTION('',(-1.,0.));
#1695 = ( GEOMETRIC_REPRESENTATION_CONTEXT(2) 
PARAMETRIC_REPRESENTATION_CONTEXT() REPRESENTATION_CONTEXT('2D SPACE',''
  ) );
#1696 = ORIENTED_EDGE('',*,*,#1697,.F.);
#1697 = EDGE_CURVE('',#1698,#1663,#1700,.T.);
#1698 = VERTEX_POINT('',#1699);
#1699 = CARTESIAN_POINT('',(91.8,-7.8,0.));
#1700 = SURFACE_CURVE('',#1701,(#1705,#1712),.PCURVE_S1.);
#1701 = LINE('',#1702,#1703);
#1702 = CARTESIAN_POINT('',(91.8,-7.8,-5.551115123126E-17));
#1703 = VECTOR('',#1704,1.);
#1704 = DIRECTION('',(-1.,-0.,-0.));
#1705 = PCURVE('',#1502,#1706);
#1706 = DEFINITIONAL_REPRESENTATION('',(#1707),#1711);
#1707 = LINE('',#1708,#1709);
#1708 = CARTESIAN_POINT('',(44.8,-7.8));
#1709 = VECTOR('',#1710,1.);
#1710 = DIRECTION('',(-1.,0.));
#1711 = ( GEOMETRIC_REPRESENTATION_CONTEXT(2) 
PARAMETRIC_REPRESENTATION_CONTEXT() REPRESENTATION_CONTEXT('2D SPACE',''
  ) );
#1712 = PCURVE('',#188,#1713);
#1713 = DEFINITIONAL_REPRESENTATION('',(#1714),#1718);
#1714 = LINE('',#1715,#1716);
#1715 = CARTESIAN_POINT('',(0.,0.));
#1716 = VECTOR('',#1717,1.);
#1717 = DIRECTION('',(0.,1.));
#1718 = ( GEOMETRIC_REPRESENTATION_CONTEXT(2) 
PARAMETRIC_REPRESENTATION_CONTEXT() REPRESENTATION_CONTEXT('2D SPACE',''
  ) );
#1719 = ORIENTED_EDGE('',*,*,#1720,.F.);
#1720 = EDGE_CURVE('',#1721,#1698,#1723,.T.);
#1721 = VERTEX_POINT('',#1722);
#1722 = CARTESIAN_POINT('',(93.7,-5.9,-5.551115123126E-17));
#1723 = SURFACE_CURVE('',#1724,(#1729,#1740),.PCURVE_S1.);
#1724 = CIRCLE('',#1725,1.9);
#1725 = AXIS2_PLACEMENT_3D('',#1726,#1727,#1728);
#1726 = CARTESIAN_POINT('',(91.8,-5.9,0.));
#1727 = DIRECTION('',(0.,-0.,-1.));
#1728 = DIRECTION('',(1.,0.,-0.));
#1729 = PCURVE('',#1502,#1730);
#1730 = DEFINITIONAL_REPRESENTATION('',(#1731),#1739);
#1731 = ( BOUNDED_CURVE() B_SPLINE_CURVE(2,(#1732,#1733,#1734,#1735,
#1736,#1737,#1738),.UNSPECIFIED.,.T.,.F.) B_SPLINE_CURVE_WITH_KNOTS((1,2
    ,2,2,2,1),(-2.094395102393,0.,2.094395102393,4.188790204786,
6.28318530718,8.377580409573),.UNSPECIFIED.) CURVE() 
GEOMETRIC_REPRESENTATION_ITEM() RATIONAL_B_SPLINE_CURVE((1.,0.5,1.,0.5,
1.,0.5,1.)) REPRESENTATION_ITEM('') );
#1732 = CARTESIAN_POINT('',(46.7,-5.9));
#1733 = CARTESIAN_POINT('',(46.7,-9.190896534381));
#1734 = CARTESIAN_POINT('',(43.85,-7.54544826719));
#1735 = CARTESIAN_POINT('',(41.,-5.9));
#1736 = CARTESIAN_POINT('',(43.85,-4.25455173281));
#1737 = CARTESIAN_POINT('',(46.7,-2.609103465619));
#1738 = CARTESIAN_POINT('',(46.7,-5.9));
#1739 = ( GEOMETRIC_REPRESENTATION_CONTEXT(2) 
PARAMETRIC_REPRESENTATION_CONTEXT() REPRESENTATION_CONTEXT('2D SPACE',''
  ) );
#1740 = PCURVE('',#221,#1741);
#1741 = DEFINITIONAL_REPRESENTATION('',(#1742),#1746);
#1742 = LINE('',#1743,#1744);
#1743 = CARTESIAN_POINT('',(-0.,4.712388980385));
#1744 = VECTOR('',#1745,1.);
#1745 = DIRECTION('',(-1.,0.));
#1746 = ( GEOMETRIC_REPRESENTATION_CONTEXT(2) 
PARAMETRIC_REPRESENTATION_CONTEXT() REPRESENTATION_CONTEXT('2D SPACE',''
  ) );
#1747 = ORIENTED_EDGE('',*,*,#1748,.F.);
#1748 = EDGE_CURVE('',#1749,#1721,#1751,.T.);
#1749 = VERTEX_POINT('',#1750);
#1750 = CARTESIAN_POINT('',(93.7,5.9,0.));
#1751 = SURFACE_CURVE('',#1752,(#1756,#1763),.PCURVE_S1.);
#1752 = LINE('',#1753,#1754);
#1753 = CARTESIAN_POINT('',(93.7,5.9,-5.551115123126E-17));
#1754 = VECTOR('',#1755,1.);
#1755 = DIRECTION('',(-0.,-1.,-0.));
#1756 = PCURVE('',#1502,#1757);
#1757 = DEFINITIONAL_REPRESENTATION('',(#1758),#1762);
#1758 = LINE('',#1759,#1760);
#1759 = CARTESIAN_POINT('',(46.7,5.9));
#1760 = VECTOR('',#1761,1.);
#1761 = DIRECTION('',(0.,-1.));
#1762 = ( GEOMETRIC_REPRESENTATION_CONTEXT(2) 
PARAMETRIC_REPRESENTATION_CONTEXT() REPRESENTATION_CONTEXT('2D SPACE',''
  ) );
#1763 = PCURVE('',#362,#1764);
#1764 = DEFINITIONAL_REPRESENTATION('',(#1765),#1769);
#1765 = LINE('',#1766,#1767);
#1766 = CARTESIAN_POINT('',(0.,0.));
#1767 = VECTOR('',#1768,1.);
#1768 = DIRECTION('',(0.,1.));
#1769 = ( GEOMETRIC_REPRESENTATION_CONTEXT(2) 
PARAMETRIC_REPRESENTATION_CONTEXT() REPRESENTATION_CONTEXT('2D SPACE',''
  ) );
#1770 = ORIENTED_EDGE('',*,*,#1771,.F.);
#1771 = EDGE_CURVE('',#1772,#1749,#1774,.T.);
#1772 = VERTEX_POINT('',#1773);
#1773 = CARTESIAN_POINT('',(91.8,7.8,-5.551115123126E-17));
#1774 = SURFACE_CURVE('',#1775,(#1780,#1791),.PCURVE_S1.);
#1775 = CIRCLE('',#1776,1.9);
#1776 = AXIS2_PLACEMENT_3D('',#1777,#1778,#1779);
#1777 = CARTESIAN_POINT('',(91.8,5.9,0.));
#1778 = DIRECTION('',(0.,-0.,-1.));
#1779 = DIRECTION('',(0.,1.,-0.));
#1780 = PCURVE('',#1502,#1781);
#1781 = DEFINITIONAL_REPRESENTATION('',(#1782),#1790);
#1782 = ( BOUNDED_CURVE() B_SPLINE_CURVE(2,(#1783,#1784,#1785,#1786,
#1787,#1788,#1789),.UNSPECIFIED.,.T.,.F.) B_SPLINE_CURVE_WITH_KNOTS((1,2
    ,2,2,2,1),(-2.094395102393,0.,2.094395102393,4.188790204786,
6.28318530718,8.377580409573),.UNSPECIFIED.) CURVE() 
GEOMETRIC_REPRESENTATION_ITEM() RATIONAL_B_SPLINE_CURVE((1.,0.5,1.,0.5,
1.,0.5,1.)) REPRESENTATION_ITEM('') );
#1783 = CARTESIAN_POINT('',(44.8,7.8));
#1784 = CARTESIAN_POINT('',(48.090896534381,7.8));
#1785 = CARTESIAN_POINT('',(46.44544826719,4.95));
#1786 = CARTESIAN_POINT('',(44.8,2.1));
#1787 = CARTESIAN_POINT('',(43.15455173281,4.95));
#1788 = CARTESIAN_POINT('',(41.509103465619,7.8));
#1789 = CARTESIAN_POINT('',(44.8,7.8));
#1790 = ( GEOMETRIC_REPRESENTATION_CONTEXT(2) 
PARAMETRIC_REPRESENTATION_CONTEXT() REPRESENTATION_CONTEXT('2D SPACE',''
  ) );
#1791 = PCURVE('',#395,#1792);
#1792 = DEFINITIONAL_REPRESENTATION('',(#1793),#1797);
#1793 = LINE('',#1794,#1795);
#1794 = CARTESIAN_POINT('',(-0.,4.712388980385));
#1795 = VECTOR('',#1796,1.);
#1796 = DIRECTION('',(-1.,0.));
#1797 = ( GEOMETRIC_REPRESENTATION_CONTEXT(2) 
PARAMETRIC_REPRESENTATION_CONTEXT() REPRESENTATION_CONTEXT('2D SPACE',''
  ) );
#1798 = ORIENTED_EDGE('',*,*,#1799,.F.);
#1799 = EDGE_CURVE('',#1800,#1772,#1802,.T.);
#1800 = VERTEX_POINT('',#1801);
#1801 = CARTESIAN_POINT('',(2.2,7.8,0.));
#1802 = SURFACE_CURVE('',#1803,(#1807,#1814),.PCURVE_S1.);
#1803 = LINE('',#1804,#1805);
#1804 = CARTESIAN_POINT('',(2.2,7.8,-5.551115123126E-17));
#1805 = VECTOR('',#1806,1.);
#1806 = DIRECTION('',(1.,-0.,-0.));
#1807 = PCURVE('',#1502,#1808);
#1808 = DEFINITIONAL_REPRESENTATION('',(#1809),#1813);
#1809 = LINE('',#1810,#1811);
#1810 = CARTESIAN_POINT('',(-44.8,7.8));
#1811 = VECTOR('',#1812,1.);
#1812 = DIRECTION('',(1.,-0.));
#1813 = ( GEOMETRIC_REPRESENTATION_CONTEXT(2) 
PARAMETRIC_REPRESENTATION_CONTEXT() REPRESENTATION_CONTEXT('2D SPACE',''
  ) );
#1814 = PCURVE('',#1815,#1820);
#1815 = CYLINDRICAL_SURFACE('',#1816,0.3);
#1816 = AXIS2_PLACEMENT_3D('',#1817,#1818,#1819);
#1817 = CARTESIAN_POINT('',(2.2,7.8,0.3));
#1818 = DIRECTION('',(1.,-0.,-0.));
#1819 = DIRECTION('',(-0.,-0.,-1.));
#1820 = DEFINITIONAL_REPRESENTATION('',(#1821),#1825);
#1821 = LINE('',#1822,#1823);
#1822 = CARTESIAN_POINT('',(0.,0.));
#1823 = VECTOR('',#1824,1.);
#1824 = DIRECTION('',(0.,1.));
#1825 = ( GEOMETRIC_REPRESENTATION_CONTEXT(2) 
PARAMETRIC_REPRESENTATION_CONTEXT() REPRESENTATION_CONTEXT('2D SPACE',''
  ) );
#1826 = ORIENTED_EDGE('',*,*,#1827,.F.);
#1827 = EDGE_CURVE('',#1828,#1800,#1830,.T.);
#1828 = VERTEX_POINT('',#1829);
#1829 = CARTESIAN_POINT('',(0.3,5.9,-5.551115123126E-17));
#1830 = SURFACE_CURVE('',#1831,(#1836,#1847),.PCURVE_S1.);
#1831 = CIRCLE('',#1832,1.9);
#1832 = AXIS2_PLACEMENT_3D('',#1833,#1834,#1835);
#1833 = CARTESIAN_POINT('',(2.2,5.9,0.));
#1834 = DIRECTION('',(-0.,0.,-1.));
#1835 = DIRECTION('',(-1.,0.,0.));
#1836 = PCURVE('',#1502,#1837);
#1837 = DEFINITIONAL_REPRESENTATION('',(#1838),#1846);
#1838 = ( BOUNDED_CURVE() B_SPLINE_CURVE(2,(#1839,#1840,#1841,#1842,
#1843,#1844,#1845),.UNSPECIFIED.,.T.,.F.) B_SPLINE_CURVE_WITH_KNOTS((1,2
    ,2,2,2,1),(-2.094395102393,0.,2.094395102393,4.188790204786,
6.28318530718,8.377580409573),.UNSPECIFIED.) CURVE() 
GEOMETRIC_REPRESENTATION_ITEM() RATIONAL_B_SPLINE_CURVE((1.,0.5,1.,0.5,
1.,0.5,1.)) REPRESENTATION_ITEM('') );
#1839 = CARTESIAN_POINT('',(-46.7,5.9));
#1840 = CARTESIAN_POINT('',(-46.7,9.190896534381));
#1841 = CARTESIAN_POINT('',(-43.85,7.54544826719));
#1842 = CARTESIAN_POINT('',(-41.,5.9));
#1843 = CARTESIAN_POINT('',(-43.85,4.25455173281));
#1844 = CARTESIAN_POINT('',(-46.7,2.609103465619));
#1845 = CARTESIAN_POINT('',(-46.7,5.9));
#1846 = ( GEOMETRIC_REPRESENTATION_CONTEXT(2) 
PARAMETRIC_REPRESENTATION_CONTEXT() REPRESENTATION_CONTEXT('2D SPACE',''
  ) );
#1847 = PCURVE('',#1848,#1853);
#1848 = TOROIDAL_SURFACE('',#1849,1.9,0.3);
#1849 = AXIS2_PLACEMENT_3D('',#1850,#1851,#1852);
#1850 = CARTESIAN_POINT('',(2.2,5.9,0.3));
#1851 = DIRECTION('',(0.,0.,1.));
#1852 = DIRECTION('',(-1.,0.,0.));
#1853 = DEFINITIONAL_REPRESENTATION('',(#1854),#1858);
#1854 = LINE('',#1855,#1856);
#1855 = CARTESIAN_POINT('',(-0.,4.712388980385));
#1856 = VECTOR('',#1857,1.);
#1857 = DIRECTION('',(-1.,0.));
#1858 = ( GEOMETRIC_REPRESENTATION_CONTEXT(2) 
PARAMETRIC_REPRESENTATION_CONTEXT() REPRESENTATION_CONTEXT('2D SPACE',''
  ) );
#1859 = ORIENTED_EDGE('',*,*,#1860,.F.);
#1860 = EDGE_CURVE('',#1665,#1828,#1861,.T.);
#1861 = SURFACE_CURVE('',#1862,(#1866,#1873),.PCURVE_S1.);
#1862 = LINE('',#1863,#1864);
#1863 = CARTESIAN_POINT('',(0.3,-5.9,-5.551115123126E-17));
#1864 = VECTOR('',#1865,1.);
#1865 = DIRECTION('',(-0.,1.,-0.));
#1866 = PCURVE('',#1502,#1867);
#1867 = DEFINITIONAL_REPRESENTATION('',(#1868),#1872);
#1868 = LINE('',#1869,#1870);
#1869 = CARTESIAN_POINT('',(-46.7,-5.9));
#1870 = VECTOR('',#1871,1.);
#1871 = DIRECTION('',(0.,1.));
#1872 = ( GEOMETRIC_REPRESENTATION_CONTEXT(2) 
PARAMETRIC_REPRESENTATION_CONTEXT() REPRESENTATION_CONTEXT('2D SPACE',''
  ) );
#1873 = PCURVE('',#1874,#1879);
#1874 = CYLINDRICAL_SURFACE('',#1875,0.3);
#1875 = AXIS2_PLACEMENT_3D('',#1876,#1877,#1878);
#1876 = CARTESIAN_POINT('',(0.3,-5.9,0.3));
#1877 = DIRECTION('',(-0.,1.,-0.));
#1878 = DIRECTION('',(0.,-0.,-1.));
#1879 = DEFINITIONAL_REPRESENTATION('',(#1880),#1884);
#1880 = LINE('',#1881,#1882);
#1881 = CARTESIAN_POINT('',(0.,0.));
#1882 = VECTOR('',#1883,1.);
#1883 = DIRECTION('',(0.,1.));
#1884 = ( GEOMETRIC_REPRESENTATION_CONTEXT(2) 
PARAMETRIC_REPRESENTATION_CONTEXT() REPRESENTATION_CONTEXT('2D SPACE',''
  ) );
#1885 = FACE_BOUND('',#1886,.F.);
#1886 = EDGE_LOOP('',(#1887,#1918,#1946,#1975));
#1887 = ORIENTED_EDGE('',*,*,#1888,.F.);
#1888 = EDGE_CURVE('',#1889,#1891,#1893,.T.);
#1889 = VERTEX_POINT('',#1890);
#1890 = CARTESIAN_POINT('',(50.05,3.2,0.));
#1891 = VERTEX_POINT('',#1892);
#1892 = CARTESIAN_POINT('',(50.05,-3.5,0.));
#1893 = SURFACE_CURVE('',#1894,(#1899,#1906),.PCURVE_S1.);
#1894 = CIRCLE('',#1895,3.35);
#1895 = AXIS2_PLACEMENT_3D('',#1896,#1897,#1898);
#1896 = CARTESIAN_POINT('',(50.05,-0.15,0.));
#1897 = DIRECTION('',(0.,0.,1.));
#1898 = DIRECTION('',(0.,1.,-0.));
#1899 = PCURVE('',#1502,#1900);
#1900 = DEFINITIONAL_REPRESENTATION('',(#1901),#1905);
#1901 = CIRCLE('',#1902,3.35);
#1902 = AXIS2_PLACEMENT_2D('',#1903,#1904);
#1903 = CARTESIAN_POINT('',(3.05,-0.15));
#1904 = DIRECTION('',(0.,1.));
#1905 = ( GEOMETRIC_REPRESENTATION_CONTEXT(2) 
PARAMETRIC_REPRESENTATION_CONTEXT() REPRESENTATION_CONTEXT('2D SPACE',''
  ) );
#1906 = PCURVE('',#1907,#1912);
#1907 = TOROIDAL_SURFACE('',#1908,3.35,0.3);
#1908 = AXIS2_PLACEMENT_3D('',#1909,#1910,#1911);
#1909 = CARTESIAN_POINT('',(50.05,-0.15,0.3));
#1910 = DIRECTION('',(-0.,-0.,-1.));
#1911 = DIRECTION('',(0.,1.,-0.));
#1912 = DEFINITIONAL_REPRESENTATION('',(#1913),#1917);
#1913 = LINE('',#1914,#1915);
#1914 = CARTESIAN_POINT('',(-0.,1.570796326795));
#1915 = VECTOR('',#1916,1.);
#1916 = DIRECTION('',(-1.,0.));
#1917 = ( GEOMETRIC_REPRESENTATION_CONTEXT(2) 
PARAMETRIC_REPRESENTATION_CONTEXT() REPRESENTATION_CONTEXT('2D SPACE',''
  ) );
#1918 = ORIENTED_EDGE('',*,*,#1919,.F.);
#1919 = EDGE_CURVE('',#1920,#1889,#1922,.T.);
#1920 = VERTEX_POINT('',#1921);
#1921 = CARTESIAN_POINT('',(61.95,3.2,0.));
#1922 = SURFACE_CURVE('',#1923,(#1927,#1934),.PCURVE_S1.);
#1923 = LINE('',#1924,#1925);
#1924 = CARTESIAN_POINT('',(61.95,3.2,-5.551115123126E-17));
#1925 = VECTOR('',#1926,1.);
#1926 = DIRECTION('',(-1.,-0.,0.));
#1927 = PCURVE('',#1502,#1928);
#1928 = DEFINITIONAL_REPRESENTATION('',(#1929),#1933);
#1929 = LINE('',#1930,#1931);
#1930 = CARTESIAN_POINT('',(14.95,3.2));
#1931 = VECTOR('',#1932,1.);
#1932 = DIRECTION('',(-1.,0.));
#1933 = ( GEOMETRIC_REPRESENTATION_CONTEXT(2) 
PARAMETRIC_REPRESENTATION_CONTEXT() REPRESENTATION_CONTEXT('2D SPACE',''
  ) );
#1934 = PCURVE('',#1935,#1940);
#1935 = CYLINDRICAL_SURFACE('',#1936,0.3);
#1936 = AXIS2_PLACEMENT_3D('',#1937,#1938,#1939);
#1937 = CARTESIAN_POINT('',(61.95,3.2,0.3));
#1938 = DIRECTION('',(-1.,-0.,0.));
#1939 = DIRECTION('',(-0.,0.,-1.));
#1940 = DEFINITIONAL_REPRESENTATION('',(#1941),#1945);
#1941 = LINE('',#1942,#1943);
#1942 = CARTESIAN_POINT('',(0.,0.));
#1943 = VECTOR('',#1944,1.);
#1944 = DIRECTION('',(0.,1.));
#1945 = ( GEOMETRIC_REPRESENTATION_CONTEXT(2) 
PARAMETRIC_REPRESENTATION_CONTEXT() REPRESENTATION_CONTEXT('2D SPACE',''
  ) );
#1946 = ORIENTED_EDGE('',*,*,#1947,.F.);
#1947 = EDGE_CURVE('',#1948,#1920,#1950,.T.);
#1948 = VERTEX_POINT('',#1949);
#1949 = CARTESIAN_POINT('',(61.95,-3.5,-5.551115123126E-17));
#1950 = SURFACE_CURVE('',#1951,(#1956,#1963),.PCURVE_S1.);
#1951 = CIRCLE('',#1952,3.35);
#1952 = AXIS2_PLACEMENT_3D('',#1953,#1954,#1955);
#1953 = CARTESIAN_POINT('',(61.95,-0.15,0.));
#1954 = DIRECTION('',(0.,0.,1.));
#1955 = DIRECTION('',(0.,-1.,0.));
#1956 = PCURVE('',#1502,#1957);
#1957 = DEFINITIONAL_REPRESENTATION('',(#1958),#1962);
#1958 = CIRCLE('',#1959,3.35);
#1959 = AXIS2_PLACEMENT_2D('',#1960,#1961);
#1960 = CARTESIAN_POINT('',(14.95,-0.15));
#1961 = DIRECTION('',(0.,-1.));
#1962 = ( GEOMETRIC_REPRESENTATION_CONTEXT(2) 
PARAMETRIC_REPRESENTATION_CONTEXT() REPRESENTATION_CONTEXT('2D SPACE',''
  ) );
#1963 = PCURVE('',#1964,#1969);
#1964 = TOROIDAL_SURFACE('',#1965,3.35,0.3);
#1965 = AXIS2_PLACEMENT_3D('',#1966,#1967,#1968);
#1966 = CARTESIAN_POINT('',(61.95,-0.15,0.3));
#1967 = DIRECTION('',(-0.,-0.,-1.));
#1968 = DIRECTION('',(0.,-1.,0.));
#1969 = DEFINITIONAL_REPRESENTATION('',(#1970),#1974);
#1970 = LINE('',#1971,#1972);
#1971 = CARTESIAN_POINT('',(-0.,1.570796326795));
#1972 = VECTOR('',#1973,1.);
#1973 = DIRECTION('',(-1.,0.));
#1974 = ( GEOMETRIC_REPRESENTATION_CONTEXT(2) 
PARAMETRIC_REPRESENTATION_CONTEXT() REPRESENTATION_CONTEXT('2D SPACE',''
  ) );
#1975 = ORIENTED_EDGE('',*,*,#1976,.F.);
#1976 = EDGE_CURVE('',#1891,#1948,#1977,.T.);
#1977 = SURFACE_CURVE('',#1978,(#1982,#1989),.PCURVE_S1.);
#1978 = LINE('',#1979,#1980);
#1979 = CARTESIAN_POINT('',(50.05,-3.5,-5.551115123126E-17));
#1980 = VECTOR('',#1981,1.);
#1981 = DIRECTION('',(1.,-0.,-0.));
#1982 = PCURVE('',#1502,#1983);
#1983 = DEFINITIONAL_REPRESENTATION('',(#1984),#1988);
#1984 = LINE('',#1985,#1986);
#1985 = CARTESIAN_POINT('',(3.05,-3.5));
#1986 = VECTOR('',#1987,1.);
#1987 = DIRECTION('',(1.,-0.));
#1988 = ( GEOMETRIC_REPRESENTATION_CONTEXT(2) 
PARAMETRIC_REPRESENTATION_CONTEXT() REPRESENTATION_CONTEXT('2D SPACE',''
  ) );
#1989 = PCURVE('',#1990,#1995);
#1990 = CYLINDRICAL_SURFACE('',#1991,0.3);
#1991 = AXIS2_PLACEMENT_3D('',#1992,#1993,#1994);
#1992 = CARTESIAN_POINT('',(50.05,-3.5,0.3));
#1993 = DIRECTION('',(1.,-0.,-0.));
#1994 = DIRECTION('',(-0.,-0.,-1.));
#1995 = DEFINITIONAL_REPRESENTATION('',(#1996),#2000);
#1996 = LINE('',#1997,#1998);
#1997 = CARTESIAN_POINT('',(0.,0.));
#1998 = VECTOR('',#1999,1.);
#1999 = DIRECTION('',(0.,1.));
#2000 = ( GEOMETRIC_REPRESENTATION_CONTEXT(2) 
PARAMETRIC_REPRESENTATION_CONTEXT() REPRESENTATION_CONTEXT('2D SPACE',''
  ) );
#2001 = FACE_BOUND('',#2002,.F.);
#2002 = EDGE_LOOP('',(#2003,#2004,#2005,#2027));
#2003 = ORIENTED_EDGE('',*,*,#1518,.F.);
#2004 = ORIENTED_EDGE('',*,*,#1488,.F.);
#2005 = ORIENTED_EDGE('',*,*,#2006,.F.);
#2006 = EDGE_CURVE('',#1617,#1439,#2007,.T.);
#2007 = SURFACE_CURVE('',#2008,(#2013,#2020),.PCURVE_S1.);
#2008 = CIRCLE('',#2009,3.5);
#2009 = AXIS2_PLACEMENT_3D('',#2010,#2011,#2012);
#2010 = CARTESIAN_POINT('',(35.8,0.15,0.));
#2011 = DIRECTION('',(0.,0.,1.));
#2012 = DIRECTION('',(0.,-1.,0.));
#2013 = PCURVE('',#1502,#2014);
#2014 = DEFINITIONAL_REPRESENTATION('',(#2015),#2019);
#2015 = CIRCLE('',#2016,3.5);
#2016 = AXIS2_PLACEMENT_2D('',#2017,#2018);
#2017 = CARTESIAN_POINT('',(-11.2,0.15));
#2018 = DIRECTION('',(0.,-1.));
#2019 = ( GEOMETRIC_REPRESENTATION_CONTEXT(2) 
PARAMETRIC_REPRESENTATION_CONTEXT() REPRESENTATION_CONTEXT('2D SPACE',''
  ) );
#2020 = PCURVE('',#1230,#2021);
#2021 = DEFINITIONAL_REPRESENTATION('',(#2022),#2026);
#2022 = LINE('',#2023,#2024);
#2023 = CARTESIAN_POINT('',(-0.,1.570796326795));
#2024 = VECTOR('',#2025,1.);
#2025 = DIRECTION('',(-1.,0.));
#2026 = ( GEOMETRIC_REPRESENTATION_CONTEXT(2) 
PARAMETRIC_REPRESENTATION_CONTEXT() REPRESENTATION_CONTEXT('2D SPACE',''
  ) );
#2027 = ORIENTED_EDGE('',*,*,#1638,.F.);
#2028 = ADVANCED_FACE('',(#2029),#1964,.T.);
#2029 = FACE_BOUND('',#2030,.F.);
#2030 = EDGE_LOOP('',(#2031,#2053,#2054,#2076));
#2031 = ORIENTED_EDGE('',*,*,#2032,.F.);
#2032 = EDGE_CURVE('',#1948,#2033,#2035,.T.);
#2033 = VERTEX_POINT('',#2034);
#2034 = CARTESIAN_POINT('',(61.95,-3.2,0.3));
#2035 = SURFACE_CURVE('',#2036,(#2041,#2047),.PCURVE_S1.);
#2036 = CIRCLE('',#2037,0.3);
#2037 = AXIS2_PLACEMENT_3D('',#2038,#2039,#2040);
#2038 = CARTESIAN_POINT('',(61.95,-3.5,0.3));
#2039 = DIRECTION('',(1.,-0.,0.));
#2040 = DIRECTION('',(-0.,-0.,-1.));
#2041 = PCURVE('',#1964,#2042);
#2042 = DEFINITIONAL_REPRESENTATION('',(#2043),#2046);
#2043 = B_SPLINE_CURVE_WITH_KNOTS('',1,(#2044,#2045),.UNSPECIFIED.,.F.,
  .F.,(2,2),(0.,1.570796326795),.PIECEWISE_BEZIER_KNOTS.);
#2044 = CARTESIAN_POINT('',(0.,1.570796326795));
#2045 = CARTESIAN_POINT('',(0.,3.14159265359));
#2046 = ( GEOMETRIC_REPRESENTATION_CONTEXT(2) 
PARAMETRIC_REPRESENTATION_CONTEXT() REPRESENTATION_CONTEXT('2D SPACE',''
  ) );
#2047 = PCURVE('',#1990,#2048);
#2048 = DEFINITIONAL_REPRESENTATION('',(#2049),#2052);
#2049 = B_SPLINE_CURVE_WITH_KNOTS('',1,(#2050,#2051),.UNSPECIFIED.,.F.,
  .F.,(2,2),(0.,1.570796326795),.PIECEWISE_BEZIER_KNOTS.);
#2050 = CARTESIAN_POINT('',(0.,11.9));
#2051 = CARTESIAN_POINT('',(1.570796326795,11.9));
#2052 = ( GEOMETRIC_REPRESENTATION_CONTEXT(2) 
PARAMETRIC_REPRESENTATION_CONTEXT() REPRESENTATION_CONTEXT('2D SPACE',''
  ) );
#2053 = ORIENTED_EDGE('',*,*,#1947,.T.);
#2054 = ORIENTED_EDGE('',*,*,#2055,.T.);
#2055 = EDGE_CURVE('',#1920,#2056,#2058,.T.);
#2056 = VERTEX_POINT('',#2057);
#2057 = CARTESIAN_POINT('',(61.95,2.9,0.3));
#2058 = SURFACE_CURVE('',#2059,(#2064,#2070),.PCURVE_S1.);
#2059 = CIRCLE('',#2060,0.3);
#2060 = AXIS2_PLACEMENT_3D('',#2061,#2062,#2063);
#2061 = CARTESIAN_POINT('',(61.95,3.2,0.3));
#2062 = DIRECTION('',(-1.,5.665538897648E-16,0.));
#2063 = DIRECTION('',(5.665538897648E-16,1.,-0.));
#2064 = PCURVE('',#1964,#2065);
#2065 = DEFINITIONAL_REPRESENTATION('',(#2066),#2069);
#2066 = B_SPLINE_CURVE_WITH_KNOTS('',1,(#2067,#2068),.UNSPECIFIED.,.F.,
  .F.,(2,2),(1.570796326795,3.14159265359),.PIECEWISE_BEZIER_KNOTS.);
#2067 = CARTESIAN_POINT('',(-3.14159265359,1.570796326795));
#2068 = CARTESIAN_POINT('',(-3.14159265359,3.14159265359));
#2069 = ( GEOMETRIC_REPRESENTATION_CONTEXT(2) 
PARAMETRIC_REPRESENTATION_CONTEXT() REPRESENTATION_CONTEXT('2D SPACE',''
  ) );
#2070 = PCURVE('',#1935,#2071);
#2071 = DEFINITIONAL_REPRESENTATION('',(#2072),#2075);
#2072 = B_SPLINE_CURVE_WITH_KNOTS('',1,(#2073,#2074),.UNSPECIFIED.,.F.,
  .F.,(2,2),(1.570796326795,3.14159265359),.PIECEWISE_BEZIER_KNOTS.);
#2073 = CARTESIAN_POINT('',(0.,0.));
#2074 = CARTESIAN_POINT('',(1.570796326795,0.));
#2075 = ( GEOMETRIC_REPRESENTATION_CONTEXT(2) 
PARAMETRIC_REPRESENTATION_CONTEXT() REPRESENTATION_CONTEXT('2D SPACE',''
  ) );
#2076 = ORIENTED_EDGE('',*,*,#2077,.F.);
#2077 = EDGE_CURVE('',#2033,#2056,#2078,.T.);
#2078 = SURFACE_CURVE('',#2079,(#2084,#2091),.PCURVE_S1.);
#2079 = CIRCLE('',#2080,3.05);
#2080 = AXIS2_PLACEMENT_3D('',#2081,#2082,#2083);
#2081 = CARTESIAN_POINT('',(61.95,-0.15,0.3));
#2082 = DIRECTION('',(0.,0.,1.));
#2083 = DIRECTION('',(0.,-1.,0.));
#2084 = PCURVE('',#1964,#2085);
#2085 = DEFINITIONAL_REPRESENTATION('',(#2086),#2090);
#2086 = LINE('',#2087,#2088);
#2087 = CARTESIAN_POINT('',(-0.,3.14159265359));
#2088 = VECTOR('',#2089,1.);
#2089 = DIRECTION('',(-1.,0.));
#2090 = ( GEOMETRIC_REPRESENTATION_CONTEXT(2) 
PARAMETRIC_REPRESENTATION_CONTEXT() REPRESENTATION_CONTEXT('2D SPACE',''
  ) );
#2091 = PCURVE('',#2092,#2097);
#2092 = CYLINDRICAL_SURFACE('',#2093,3.05);
#2093 = AXIS2_PLACEMENT_3D('',#2094,#2095,#2096);
#2094 = CARTESIAN_POINT('',(61.95,-0.15,98.6000003));
#2095 = DIRECTION('',(0.,-0.,1.));
#2096 = DIRECTION('',(2.912060392459E-16,1.,0.));
#2097 = DEFINITIONAL_REPRESENTATION('',(#2098),#2102);
#2098 = LINE('',#2099,#2100);
#2099 = CARTESIAN_POINT('',(-3.14159265359,-98.3000003));
#2100 = VECTOR('',#2101,1.);
#2101 = DIRECTION('',(1.,-0.));
#2102 = ( GEOMETRIC_REPRESENTATION_CONTEXT(2) 
PARAMETRIC_REPRESENTATION_CONTEXT() REPRESENTATION_CONTEXT('2D SPACE',''
  ) );
#2103 = ADVANCED_FACE('',(#2104),#2092,.F.);
#2104 = FACE_BOUND('',#2105,.T.);
#2105 = EDGE_LOOP('',(#2106,#2134,#2158,#2184));
#2106 = ORIENTED_EDGE('',*,*,#2107,.F.);
#2107 = EDGE_CURVE('',#2108,#2033,#2110,.T.);
#2108 = VERTEX_POINT('',#2109);
#2109 = CARTESIAN_POINT('',(61.95,-3.2,4.3));
#2110 = SURFACE_CURVE('',#2111,(#2115,#2122),.PCURVE_S1.);
#2111 = LINE('',#2112,#2113);
#2112 = CARTESIAN_POINT('',(61.95,-3.2,98.6000003));
#2113 = VECTOR('',#2114,1.);
#2114 = DIRECTION('',(0.,0.,-1.));
#2115 = PCURVE('',#2092,#2116);
#2116 = DEFINITIONAL_REPRESENTATION('',(#2117),#2121);
#2117 = LINE('',#2118,#2119);
#2118 = CARTESIAN_POINT('',(-3.14159265359,0.));
#2119 = VECTOR('',#2120,1.);
#2120 = DIRECTION('',(-0.,-1.));
#2121 = ( GEOMETRIC_REPRESENTATION_CONTEXT(2) 
PARAMETRIC_REPRESENTATION_CONTEXT() REPRESENTATION_CONTEXT('2D SPACE',''
  ) );
#2122 = PCURVE('',#2123,#2128);
#2123 = PLANE('',#2124);
#2124 = AXIS2_PLACEMENT_3D('',#2125,#2126,#2127);
#2125 = CARTESIAN_POINT('',(61.95,-3.2,98.6000003));
#2126 = DIRECTION('',(0.,1.,0.));
#2127 = DIRECTION('',(-1.,0.,0.));
#2128 = DEFINITIONAL_REPRESENTATION('',(#2129),#2133);
#2129 = LINE('',#2130,#2131);
#2130 = CARTESIAN_POINT('',(0.,0.));
#2131 = VECTOR('',#2132,1.);
#2132 = DIRECTION('',(0.,-1.));
#2133 = ( GEOMETRIC_REPRESENTATION_CONTEXT(2) 
PARAMETRIC_REPRESENTATION_CONTEXT() REPRESENTATION_CONTEXT('2D SPACE',''
  ) );
#2134 = ORIENTED_EDGE('',*,*,#2135,.T.);
#2135 = EDGE_CURVE('',#2108,#2136,#2138,.T.);
#2136 = VERTEX_POINT('',#2137);
#2137 = CARTESIAN_POINT('',(61.95,2.9,4.3));
#2138 = SURFACE_CURVE('',#2139,(#2144,#2151),.PCURVE_S1.);
#2139 = CIRCLE('',#2140,3.05);
#2140 = AXIS2_PLACEMENT_3D('',#2141,#2142,#2143);
#2141 = CARTESIAN_POINT('',(61.95,-0.15,4.3));
#2142 = DIRECTION('',(0.,0.,1.));
#2143 = DIRECTION('',(0.,-1.,0.));
#2144 = PCURVE('',#2092,#2145);
#2145 = DEFINITIONAL_REPRESENTATION('',(#2146),#2150);
#2146 = LINE('',#2147,#2148);
#2147 = CARTESIAN_POINT('',(-3.14159265359,-94.3000003));
#2148 = VECTOR('',#2149,1.);
#2149 = DIRECTION('',(1.,-0.));
#2150 = ( GEOMETRIC_REPRESENTATION_CONTEXT(2) 
PARAMETRIC_REPRESENTATION_CONTEXT() REPRESENTATION_CONTEXT('2D SPACE',''
  ) );
#2151 = PCURVE('',#926,#2152);
#2152 = DEFINITIONAL_REPRESENTATION('',(#2153),#2157);
#2153 = LINE('',#2154,#2155);
#2154 = CARTESIAN_POINT('',(0.,3.14159265359));
#2155 = VECTOR('',#2156,1.);
#2156 = DIRECTION('',(1.,0.));
#2157 = ( GEOMETRIC_REPRESENTATION_CONTEXT(2) 
PARAMETRIC_REPRESENTATION_CONTEXT() REPRESENTATION_CONTEXT('2D SPACE',''
  ) );
#2158 = ORIENTED_EDGE('',*,*,#2159,.T.);
#2159 = EDGE_CURVE('',#2136,#2056,#2160,.T.);
#2160 = SURFACE_CURVE('',#2161,(#2165,#2172),.PCURVE_S1.);
#2161 = LINE('',#2162,#2163);
#2162 = CARTESIAN_POINT('',(61.95,2.9,98.6000003));
#2163 = VECTOR('',#2164,1.);
#2164 = DIRECTION('',(0.,0.,-1.));
#2165 = PCURVE('',#2092,#2166);
#2166 = DEFINITIONAL_REPRESENTATION('',(#2167),#2171);
#2167 = LINE('',#2168,#2169);
#2168 = CARTESIAN_POINT('',(-0.,0.));
#2169 = VECTOR('',#2170,1.);
#2170 = DIRECTION('',(-0.,-1.));
#2171 = ( GEOMETRIC_REPRESENTATION_CONTEXT(2) 
PARAMETRIC_REPRESENTATION_CONTEXT() REPRESENTATION_CONTEXT('2D SPACE',''
  ) );
#2172 = PCURVE('',#2173,#2178);
#2173 = PLANE('',#2174);
#2174 = AXIS2_PLACEMENT_3D('',#2175,#2176,#2177);
#2175 = CARTESIAN_POINT('',(50.05,2.9,98.6000003));
#2176 = DIRECTION('',(0.,-1.,0.));
#2177 = DIRECTION('',(1.,0.,0.));
#2178 = DEFINITIONAL_REPRESENTATION('',(#2179),#2183);
#2179 = LINE('',#2180,#2181);
#2180 = CARTESIAN_POINT('',(11.9,0.));
#2181 = VECTOR('',#2182,1.);
#2182 = DIRECTION('',(0.,-1.));
#2183 = ( GEOMETRIC_REPRESENTATION_CONTEXT(2) 
PARAMETRIC_REPRESENTATION_CONTEXT() REPRESENTATION_CONTEXT('2D SPACE',''
  ) );
#2184 = ORIENTED_EDGE('',*,*,#2077,.F.);
#2185 = ADVANCED_FACE('',(#2186),#2173,.T.);
#2186 = FACE_BOUND('',#2187,.T.);
#2187 = EDGE_LOOP('',(#2188,#2189,#2212,#2240));
#2188 = ORIENTED_EDGE('',*,*,#2159,.F.);
#2189 = ORIENTED_EDGE('',*,*,#2190,.T.);
#2190 = EDGE_CURVE('',#2136,#2191,#2193,.T.);
#2191 = VERTEX_POINT('',#2192);
#2192 = CARTESIAN_POINT('',(50.05,2.9,4.3));
#2193 = SURFACE_CURVE('',#2194,(#2198,#2205),.PCURVE_S1.);
#2194 = LINE('',#2195,#2196);
#2195 = CARTESIAN_POINT('',(61.95,2.9,4.3));
#2196 = VECTOR('',#2197,1.);
#2197 = DIRECTION('',(-1.,-0.,0.));
#2198 = PCURVE('',#2173,#2199);
#2199 = DEFINITIONAL_REPRESENTATION('',(#2200),#2204);
#2200 = LINE('',#2201,#2202);
#2201 = CARTESIAN_POINT('',(11.9,-94.3000003));
#2202 = VECTOR('',#2203,1.);
#2203 = DIRECTION('',(-1.,0.));
#2204 = ( GEOMETRIC_REPRESENTATION_CONTEXT(2) 
PARAMETRIC_REPRESENTATION_CONTEXT() REPRESENTATION_CONTEXT('2D SPACE',''
  ) );
#2205 = PCURVE('',#897,#2206);
#2206 = DEFINITIONAL_REPRESENTATION('',(#2207),#2211);
#2207 = LINE('',#2208,#2209);
#2208 = CARTESIAN_POINT('',(-1.570796326795,0.));
#2209 = VECTOR('',#2210,1.);
#2210 = DIRECTION('',(-0.,1.));
#2211 = ( GEOMETRIC_REPRESENTATION_CONTEXT(2) 
PARAMETRIC_REPRESENTATION_CONTEXT() REPRESENTATION_CONTEXT('2D SPACE',''
  ) );
#2212 = ORIENTED_EDGE('',*,*,#2213,.T.);
#2213 = EDGE_CURVE('',#2191,#2214,#2216,.T.);
#2214 = VERTEX_POINT('',#2215);
#2215 = CARTESIAN_POINT('',(50.05,2.9,0.3));
#2216 = SURFACE_CURVE('',#2217,(#2221,#2228),.PCURVE_S1.);
#2217 = LINE('',#2218,#2219);
#2218 = CARTESIAN_POINT('',(50.05,2.9,98.6000003));
#2219 = VECTOR('',#2220,1.);
#2220 = DIRECTION('',(0.,0.,-1.));
#2221 = PCURVE('',#2173,#2222);
#2222 = DEFINITIONAL_REPRESENTATION('',(#2223),#2227);
#2223 = LINE('',#2224,#2225);
#2224 = CARTESIAN_POINT('',(0.,-0.));
#2225 = VECTOR('',#2226,1.);
#2226 = DIRECTION('',(0.,-1.));
#2227 = ( GEOMETRIC_REPRESENTATION_CONTEXT(2) 
PARAMETRIC_REPRESENTATION_CONTEXT() REPRESENTATION_CONTEXT('2D SPACE',''
  ) );
#2228 = PCURVE('',#2229,#2234);
#2229 = CYLINDRICAL_SURFACE('',#2230,3.05);
#2230 = AXIS2_PLACEMENT_3D('',#2231,#2232,#2233);
#2231 = CARTESIAN_POINT('',(50.05,-0.15,98.6000003));
#2232 = DIRECTION('',(-0.,0.,1.));
#2233 = DIRECTION('',(-2.912060392459E-16,-1.,0.));
#2234 = DEFINITIONAL_REPRESENTATION('',(#2235),#2239);
#2235 = LINE('',#2236,#2237);
#2236 = CARTESIAN_POINT('',(-3.14159265359,0.));
#2237 = VECTOR('',#2238,1.);
#2238 = DIRECTION('',(-0.,-1.));
#2239 = ( GEOMETRIC_REPRESENTATION_CONTEXT(2) 
PARAMETRIC_REPRESENTATION_CONTEXT() REPRESENTATION_CONTEXT('2D SPACE',''
  ) );
#2240 = ORIENTED_EDGE('',*,*,#2241,.F.);
#2241 = EDGE_CURVE('',#2056,#2214,#2242,.T.);
#2242 = SURFACE_CURVE('',#2243,(#2247,#2254),.PCURVE_S1.);
#2243 = LINE('',#2244,#2245);
#2244 = CARTESIAN_POINT('',(61.95,2.9,0.3));
#2245 = VECTOR('',#2246,1.);
#2246 = DIRECTION('',(-1.,-0.,0.));
#2247 = PCURVE('',#2173,#2248);
#2248 = DEFINITIONAL_REPRESENTATION('',(#2249),#2253);
#2249 = LINE('',#2250,#2251);
#2250 = CARTESIAN_POINT('',(11.9,-98.3000003));
#2251 = VECTOR('',#2252,1.);
#2252 = DIRECTION('',(-1.,0.));
#2253 = ( GEOMETRIC_REPRESENTATION_CONTEXT(2) 
PARAMETRIC_REPRESENTATION_CONTEXT() REPRESENTATION_CONTEXT('2D SPACE',''
  ) );
#2254 = PCURVE('',#1935,#2255);
#2255 = DEFINITIONAL_REPRESENTATION('',(#2256),#2260);
#2256 = LINE('',#2257,#2258);
#2257 = CARTESIAN_POINT('',(1.570796326795,0.));
#2258 = VECTOR('',#2259,1.);
#2259 = DIRECTION('',(0.,1.));
#2260 = ( GEOMETRIC_REPRESENTATION_CONTEXT(2) 
PARAMETRIC_REPRESENTATION_CONTEXT() REPRESENTATION_CONTEXT('2D SPACE',''
  ) );
#2261 = ADVANCED_FACE('',(#2262),#2229,.F.);
#2262 = FACE_BOUND('',#2263,.T.);
#2263 = EDGE_LOOP('',(#2264,#2265,#2289,#2312));
#2264 = ORIENTED_EDGE('',*,*,#2213,.F.);
#2265 = ORIENTED_EDGE('',*,*,#2266,.T.);
#2266 = EDGE_CURVE('',#2191,#2267,#2269,.T.);
#2267 = VERTEX_POINT('',#2268);
#2268 = CARTESIAN_POINT('',(50.05,-3.2,4.3));
#2269 = SURFACE_CURVE('',#2270,(#2275,#2282),.PCURVE_S1.);
#2270 = CIRCLE('',#2271,3.05);
#2271 = AXIS2_PLACEMENT_3D('',#2272,#2273,#2274);
#2272 = CARTESIAN_POINT('',(50.05,-0.15,4.3));
#2273 = DIRECTION('',(0.,0.,1.));
#2274 = DIRECTION('',(0.,1.,-0.));
#2275 = PCURVE('',#2229,#2276);
#2276 = DEFINITIONAL_REPRESENTATION('',(#2277),#2281);
#2277 = LINE('',#2278,#2279);
#2278 = CARTESIAN_POINT('',(-3.14159265359,-94.3000003));
#2279 = VECTOR('',#2280,1.);
#2280 = DIRECTION('',(1.,-0.));
#2281 = ( GEOMETRIC_REPRESENTATION_CONTEXT(2) 
PARAMETRIC_REPRESENTATION_CONTEXT() REPRESENTATION_CONTEXT('2D SPACE',''
  ) );
#2282 = PCURVE('',#869,#2283);
#2283 = DEFINITIONAL_REPRESENTATION('',(#2284),#2288);
#2284 = LINE('',#2285,#2286);
#2285 = CARTESIAN_POINT('',(0.,3.14159265359));
#2286 = VECTOR('',#2287,1.);
#2287 = DIRECTION('',(1.,0.));
#2288 = ( GEOMETRIC_REPRESENTATION_CONTEXT(2) 
PARAMETRIC_REPRESENTATION_CONTEXT() REPRESENTATION_CONTEXT('2D SPACE',''
  ) );
#2289 = ORIENTED_EDGE('',*,*,#2290,.T.);
#2290 = EDGE_CURVE('',#2267,#2291,#2293,.T.);
#2291 = VERTEX_POINT('',#2292);
#2292 = CARTESIAN_POINT('',(50.05,-3.2,0.3));
#2293 = SURFACE_CURVE('',#2294,(#2298,#2305),.PCURVE_S1.);
#2294 = LINE('',#2295,#2296);
#2295 = CARTESIAN_POINT('',(50.05,-3.2,98.6000003));
#2296 = VECTOR('',#2297,1.);
#2297 = DIRECTION('',(0.,0.,-1.));
#2298 = PCURVE('',#2229,#2299);
#2299 = DEFINITIONAL_REPRESENTATION('',(#2300),#2304);
#2300 = LINE('',#2301,#2302);
#2301 = CARTESIAN_POINT('',(-0.,0.));
#2302 = VECTOR('',#2303,1.);
#2303 = DIRECTION('',(-0.,-1.));
#2304 = ( GEOMETRIC_REPRESENTATION_CONTEXT(2) 
PARAMETRIC_REPRESENTATION_CONTEXT() REPRESENTATION_CONTEXT('2D SPACE',''
  ) );
#2305 = PCURVE('',#2123,#2306);
#2306 = DEFINITIONAL_REPRESENTATION('',(#2307),#2311);
#2307 = LINE('',#2308,#2309);
#2308 = CARTESIAN_POINT('',(11.9,0.));
#2309 = VECTOR('',#2310,1.);
#2310 = DIRECTION('',(0.,-1.));
#2311 = ( GEOMETRIC_REPRESENTATION_CONTEXT(2) 
PARAMETRIC_REPRESENTATION_CONTEXT() REPRESENTATION_CONTEXT('2D SPACE',''
  ) );
#2312 = ORIENTED_EDGE('',*,*,#2313,.F.);
#2313 = EDGE_CURVE('',#2214,#2291,#2314,.T.);
#2314 = SURFACE_CURVE('',#2315,(#2320,#2327),.PCURVE_S1.);
#2315 = CIRCLE('',#2316,3.05);
#2316 = AXIS2_PLACEMENT_3D('',#2317,#2318,#2319);
#2317 = CARTESIAN_POINT('',(50.05,-0.15,0.3));
#2318 = DIRECTION('',(0.,0.,1.));
#2319 = DIRECTION('',(0.,1.,-0.));
#2320 = PCURVE('',#2229,#2321);
#2321 = DEFINITIONAL_REPRESENTATION('',(#2322),#2326);
#2322 = LINE('',#2323,#2324);
#2323 = CARTESIAN_POINT('',(-3.14159265359,-98.3000003));
#2324 = VECTOR('',#2325,1.);
#2325 = DIRECTION('',(1.,-0.));
#2326 = ( GEOMETRIC_REPRESENTATION_CONTEXT(2) 
PARAMETRIC_REPRESENTATION_CONTEXT() REPRESENTATION_CONTEXT('2D SPACE',''
  ) );
#2327 = PCURVE('',#1907,#2328);
#2328 = DEFINITIONAL_REPRESENTATION('',(#2329),#2333);
#2329 = LINE('',#2330,#2331);
#2330 = CARTESIAN_POINT('',(-0.,3.14159265359));
#2331 = VECTOR('',#2332,1.);
#2332 = DIRECTION('',(-1.,0.));
#2333 = ( GEOMETRIC_REPRESENTATION_CONTEXT(2) 
PARAMETRIC_REPRESENTATION_CONTEXT() REPRESENTATION_CONTEXT('2D SPACE',''
  ) );
#2334 = ADVANCED_FACE('',(#2335),#2123,.T.);
#2335 = FACE_BOUND('',#2336,.T.);
#2336 = EDGE_LOOP('',(#2337,#2338,#2359,#2360));
#2337 = ORIENTED_EDGE('',*,*,#2290,.F.);
#2338 = ORIENTED_EDGE('',*,*,#2339,.T.);
#2339 = EDGE_CURVE('',#2267,#2108,#2340,.T.);
#2340 = SURFACE_CURVE('',#2341,(#2345,#2352),.PCURVE_S1.);
#2341 = LINE('',#2342,#2343);
#2342 = CARTESIAN_POINT('',(50.05,-3.2,4.3));
#2343 = VECTOR('',#2344,1.);
#2344 = DIRECTION('',(1.,-0.,-0.));
#2345 = PCURVE('',#2123,#2346);
#2346 = DEFINITIONAL_REPRESENTATION('',(#2347),#2351);
#2347 = LINE('',#2348,#2349);
#2348 = CARTESIAN_POINT('',(11.9,-94.3000003));
#2349 = VECTOR('',#2350,1.);
#2350 = DIRECTION('',(-1.,0.));
#2351 = ( GEOMETRIC_REPRESENTATION_CONTEXT(2) 
PARAMETRIC_REPRESENTATION_CONTEXT() REPRESENTATION_CONTEXT('2D SPACE',''
  ) );
#2352 = PCURVE('',#952,#2353);
#2353 = DEFINITIONAL_REPRESENTATION('',(#2354),#2358);
#2354 = LINE('',#2355,#2356);
#2355 = CARTESIAN_POINT('',(-1.570796326795,0.));
#2356 = VECTOR('',#2357,1.);
#2357 = DIRECTION('',(-0.,1.));
#2358 = ( GEOMETRIC_REPRESENTATION_CONTEXT(2) 
PARAMETRIC_REPRESENTATION_CONTEXT() REPRESENTATION_CONTEXT('2D SPACE',''
  ) );
#2359 = ORIENTED_EDGE('',*,*,#2107,.T.);
#2360 = ORIENTED_EDGE('',*,*,#2361,.F.);
#2361 = EDGE_CURVE('',#2291,#2033,#2362,.T.);
#2362 = SURFACE_CURVE('',#2363,(#2367,#2374),.PCURVE_S1.);
#2363 = LINE('',#2364,#2365);
#2364 = CARTESIAN_POINT('',(50.05,-3.2,0.3));
#2365 = VECTOR('',#2366,1.);
#2366 = DIRECTION('',(1.,-0.,-0.));
#2367 = PCURVE('',#2123,#2368);
#2368 = DEFINITIONAL_REPRESENTATION('',(#2369),#2373);
#2369 = LINE('',#2370,#2371);
#2370 = CARTESIAN_POINT('',(11.9,-98.3000003));
#2371 = VECTOR('',#2372,1.);
#2372 = DIRECTION('',(-1.,0.));
#2373 = ( GEOMETRIC_REPRESENTATION_CONTEXT(2) 
PARAMETRIC_REPRESENTATION_CONTEXT() REPRESENTATION_CONTEXT('2D SPACE',''
  ) );
#2374 = PCURVE('',#1990,#2375);
#2375 = DEFINITIONAL_REPRESENTATION('',(#2376),#2380);
#2376 = LINE('',#2377,#2378);
#2377 = CARTESIAN_POINT('',(1.570796326795,0.));
#2378 = VECTOR('',#2379,1.);
#2379 = DIRECTION('',(0.,1.));
#2380 = ( GEOMETRIC_REPRESENTATION_CONTEXT(2) 
PARAMETRIC_REPRESENTATION_CONTEXT() REPRESENTATION_CONTEXT('2D SPACE',''
  ) );
#2381 = ADVANCED_FACE('',(#2382),#1990,.T.);
#2382 = FACE_BOUND('',#2383,.T.);
#2383 = EDGE_LOOP('',(#2384,#2404,#2405,#2406));
#2384 = ORIENTED_EDGE('',*,*,#2385,.T.);
#2385 = EDGE_CURVE('',#1891,#2291,#2386,.T.);
#2386 = SURFACE_CURVE('',#2387,(#2392,#2398),.PCURVE_S1.);
#2387 = CIRCLE('',#2388,0.3);
#2388 = AXIS2_PLACEMENT_3D('',#2389,#2390,#2391);
#2389 = CARTESIAN_POINT('',(50.05,-3.5,0.3));
#2390 = DIRECTION('',(1.,-5.665538897648E-16,0.));
#2391 = DIRECTION('',(-5.665538897648E-16,-1.,0.));
#2392 = PCURVE('',#1990,#2393);
#2393 = DEFINITIONAL_REPRESENTATION('',(#2394),#2397);
#2394 = B_SPLINE_CURVE_WITH_KNOTS('',1,(#2395,#2396),.UNSPECIFIED.,.F.,
  .F.,(2,2),(1.570796326795,3.14159265359),.PIECEWISE_BEZIER_KNOTS.);
#2395 = CARTESIAN_POINT('',(0.,0.));
#2396 = CARTESIAN_POINT('',(1.570796326795,0.));
#2397 = ( GEOMETRIC_REPRESENTATION_CONTEXT(2) 
PARAMETRIC_REPRESENTATION_CONTEXT() REPRESENTATION_CONTEXT('2D SPACE',''
  ) );
#2398 = PCURVE('',#1907,#2399);
#2399 = DEFINITIONAL_REPRESENTATION('',(#2400),#2403);
#2400 = B_SPLINE_CURVE_WITH_KNOTS('',1,(#2401,#2402),.UNSPECIFIED.,.F.,
  .F.,(2,2),(1.570796326795,3.14159265359),.PIECEWISE_BEZIER_KNOTS.);
#2401 = CARTESIAN_POINT('',(-3.14159265359,1.570796326795));
#2402 = CARTESIAN_POINT('',(-3.14159265359,3.14159265359));
#2403 = ( GEOMETRIC_REPRESENTATION_CONTEXT(2) 
PARAMETRIC_REPRESENTATION_CONTEXT() REPRESENTATION_CONTEXT('2D SPACE',''
  ) );
#2404 = ORIENTED_EDGE('',*,*,#2361,.T.);
#2405 = ORIENTED_EDGE('',*,*,#2032,.F.);
#2406 = ORIENTED_EDGE('',*,*,#1976,.F.);
#2407 = ADVANCED_FACE('',(#2408),#1935,.T.);
#2408 = FACE_BOUND('',#2409,.T.);
#2409 = EDGE_LOOP('',(#2410,#2411,#2412,#2432));
#2410 = ORIENTED_EDGE('',*,*,#2055,.T.);
#2411 = ORIENTED_EDGE('',*,*,#2241,.T.);
#2412 = ORIENTED_EDGE('',*,*,#2413,.F.);
#2413 = EDGE_CURVE('',#1889,#2214,#2414,.T.);
#2414 = SURFACE_CURVE('',#2415,(#2420,#2426),.PCURVE_S1.);
#2415 = CIRCLE('',#2416,0.3);
#2416 = AXIS2_PLACEMENT_3D('',#2417,#2418,#2419);
#2417 = CARTESIAN_POINT('',(50.05,3.2,0.3));
#2418 = DIRECTION('',(-1.,0.,0.));
#2419 = DIRECTION('',(0.,1.,-0.));
#2420 = PCURVE('',#1935,#2421);
#2421 = DEFINITIONAL_REPRESENTATION('',(#2422),#2425);
#2422 = B_SPLINE_CURVE_WITH_KNOTS('',1,(#2423,#2424),.UNSPECIFIED.,.F.,
  .F.,(2,2),(1.570796326795,3.14159265359),.PIECEWISE_BEZIER_KNOTS.);
#2423 = CARTESIAN_POINT('',(0.,11.9));
#2424 = CARTESIAN_POINT('',(1.570796326795,11.9));
#2425 = ( GEOMETRIC_REPRESENTATION_CONTEXT(2) 
PARAMETRIC_REPRESENTATION_CONTEXT() REPRESENTATION_CONTEXT('2D SPACE',''
  ) );
#2426 = PCURVE('',#1907,#2427);
#2427 = DEFINITIONAL_REPRESENTATION('',(#2428),#2431);
#2428 = B_SPLINE_CURVE_WITH_KNOTS('',1,(#2429,#2430),.UNSPECIFIED.,.F.,
  .F.,(2,2),(1.570796326795,3.14159265359),.PIECEWISE_BEZIER_KNOTS.);
#2429 = CARTESIAN_POINT('',(0.,1.570796326795));
#2430 = CARTESIAN_POINT('',(0.,3.14159265359));
#2431 = ( GEOMETRIC_REPRESENTATION_CONTEXT(2) 
PARAMETRIC_REPRESENTATION_CONTEXT() REPRESENTATION_CONTEXT('2D SPACE',''
  ) );
#2432 = ORIENTED_EDGE('',*,*,#1919,.F.);
#2433 = ADVANCED_FACE('',(#2434),#1907,.T.);
#2434 = FACE_BOUND('',#2435,.F.);
#2435 = EDGE_LOOP('',(#2436,#2437,#2438,#2439));
#2436 = ORIENTED_EDGE('',*,*,#2413,.F.);
#2437 = ORIENTED_EDGE('',*,*,#1888,.T.);
#2438 = ORIENTED_EDGE('',*,*,#2385,.T.);
#2439 = ORIENTED_EDGE('',*,*,#2313,.F.);
#2440 = ADVANCED_FACE('',(#2441),#1815,.T.);
#2441 = FACE_BOUND('',#2442,.T.);
#2442 = EDGE_LOOP('',(#2443,#2465,#2486,#2506));
#2443 = ORIENTED_EDGE('',*,*,#2444,.T.);
#2444 = EDGE_CURVE('',#1800,#2445,#2447,.T.);
#2445 = VERTEX_POINT('',#2446);
#2446 = CARTESIAN_POINT('',(2.2,8.1,0.3));
#2447 = SURFACE_CURVE('',#2448,(#2453,#2459),.PCURVE_S1.);
#2448 = CIRCLE('',#2449,0.3);
#2449 = AXIS2_PLACEMENT_3D('',#2450,#2451,#2452);
#2450 = CARTESIAN_POINT('',(2.2,7.8,0.3));
#2451 = DIRECTION('',(1.,6.123233995737E-17,-0.));
#2452 = DIRECTION('',(-6.123233995737E-17,1.,0.));
#2453 = PCURVE('',#1815,#2454);
#2454 = DEFINITIONAL_REPRESENTATION('',(#2455),#2458);
#2455 = B_SPLINE_CURVE_WITH_KNOTS('',1,(#2456,#2457),.UNSPECIFIED.,.F.,
  .F.,(2,2),(4.712388980385,6.28318530718),.PIECEWISE_BEZIER_KNOTS.);
#2456 = CARTESIAN_POINT('',(0.,0.));
#2457 = CARTESIAN_POINT('',(1.570796326795,0.));
#2458 = ( GEOMETRIC_REPRESENTATION_CONTEXT(2) 
PARAMETRIC_REPRESENTATION_CONTEXT() REPRESENTATION_CONTEXT('2D SPACE',''
  ) );
#2459 = PCURVE('',#1848,#2460);
#2460 = DEFINITIONAL_REPRESENTATION('',(#2461),#2464);
#2461 = B_SPLINE_CURVE_WITH_KNOTS('',1,(#2462,#2463),.UNSPECIFIED.,.F.,
  .F.,(2,2),(4.712388980385,6.28318530718),.PIECEWISE_BEZIER_KNOTS.);
#2462 = CARTESIAN_POINT('',(-1.570796326795,4.712388980385));
#2463 = CARTESIAN_POINT('',(-1.570796326795,6.28318530718));
#2464 = ( GEOMETRIC_REPRESENTATION_CONTEXT(2) 
PARAMETRIC_REPRESENTATION_CONTEXT() REPRESENTATION_CONTEXT('2D SPACE',''
  ) );
#2465 = ORIENTED_EDGE('',*,*,#2466,.T.);
#2466 = EDGE_CURVE('',#2445,#379,#2467,.T.);
#2467 = SURFACE_CURVE('',#2468,(#2472,#2479),.PCURVE_S1.);
#2468 = LINE('',#2469,#2470);
#2469 = CARTESIAN_POINT('',(2.2,8.1,0.3));
#2470 = VECTOR('',#2471,1.);
#2471 = DIRECTION('',(1.,-0.,-0.));
#2472 = PCURVE('',#1815,#2473);
#2473 = DEFINITIONAL_REPRESENTATION('',(#2474),#2478);
#2474 = LINE('',#2475,#2476);
#2475 = CARTESIAN_POINT('',(1.570796326795,0.));
#2476 = VECTOR('',#2477,1.);
#2477 = DIRECTION('',(0.,1.));
#2478 = ( GEOMETRIC_REPRESENTATION_CONTEXT(2) 
PARAMETRIC_REPRESENTATION_CONTEXT() REPRESENTATION_CONTEXT('2D SPACE',''
  ) );
#2479 = PCURVE('',#423,#2480);
#2480 = DEFINITIONAL_REPRESENTATION('',(#2481),#2485);
#2481 = LINE('',#2482,#2483);
#2482 = CARTESIAN_POINT('',(91.8,-0.3));
#2483 = VECTOR('',#2484,1.);
#2484 = DIRECTION('',(-1.,0.));
#2485 = ( GEOMETRIC_REPRESENTATION_CONTEXT(2) 
PARAMETRIC_REPRESENTATION_CONTEXT() REPRESENTATION_CONTEXT('2D SPACE',''
  ) );
#2486 = ORIENTED_EDGE('',*,*,#2487,.F.);
#2487 = EDGE_CURVE('',#1772,#379,#2488,.T.);
#2488 = SURFACE_CURVE('',#2489,(#2494,#2500),.PCURVE_S1.);
#2489 = CIRCLE('',#2490,0.3);
#2490 = AXIS2_PLACEMENT_3D('',#2491,#2492,#2493);
#2491 = CARTESIAN_POINT('',(91.8,7.8,0.3));
#2492 = DIRECTION('',(1.,-0.,0.));
#2493 = DIRECTION('',(-0.,-0.,-1.));
#2494 = PCURVE('',#1815,#2495);
#2495 = DEFINITIONAL_REPRESENTATION('',(#2496),#2499);
#2496 = B_SPLINE_CURVE_WITH_KNOTS('',1,(#2497,#2498),.UNSPECIFIED.,.F.,
  .F.,(2,2),(0.,1.570796326795),.PIECEWISE_BEZIER_KNOTS.);
#2497 = CARTESIAN_POINT('',(0.,89.6));
#2498 = CARTESIAN_POINT('',(1.570796326795,89.6));
#2499 = ( GEOMETRIC_REPRESENTATION_CONTEXT(2) 
PARAMETRIC_REPRESENTATION_CONTEXT() REPRESENTATION_CONTEXT('2D SPACE',''
  ) );
#2500 = PCURVE('',#395,#2501);
#2501 = DEFINITIONAL_REPRESENTATION('',(#2502),#2505);
#2502 = B_SPLINE_CURVE_WITH_KNOTS('',1,(#2503,#2504),.UNSPECIFIED.,.F.,
  .F.,(2,2),(0.,1.570796326795),.PIECEWISE_BEZIER_KNOTS.);
#2503 = CARTESIAN_POINT('',(0.,4.712388980385));
#2504 = CARTESIAN_POINT('',(0.,6.28318530718));
#2505 = ( GEOMETRIC_REPRESENTATION_CONTEXT(2) 
PARAMETRIC_REPRESENTATION_CONTEXT() REPRESENTATION_CONTEXT('2D SPACE',''
  ) );
#2506 = ORIENTED_EDGE('',*,*,#1799,.F.);
#2507 = ADVANCED_FACE('',(#2508),#1848,.T.);
#2508 = FACE_BOUND('',#2509,.F.);
#2509 = EDGE_LOOP('',(#2510,#2532,#2533,#2534));
#2510 = ORIENTED_EDGE('',*,*,#2511,.F.);
#2511 = EDGE_CURVE('',#1828,#2512,#2514,.T.);
#2512 = VERTEX_POINT('',#2513);
#2513 = CARTESIAN_POINT('',(-5.551115123126E-17,5.9,0.3));
#2514 = SURFACE_CURVE('',#2515,(#2520,#2526),.PCURVE_S1.);
#2515 = CIRCLE('',#2516,0.3);
#2516 = AXIS2_PLACEMENT_3D('',#2517,#2518,#2519);
#2517 = CARTESIAN_POINT('',(0.3,5.9,0.3));
#2518 = DIRECTION('',(-0.,1.,0.));
#2519 = DIRECTION('',(0.,0.,-1.));
#2520 = PCURVE('',#1848,#2521);
#2521 = DEFINITIONAL_REPRESENTATION('',(#2522),#2525);
#2522 = B_SPLINE_CURVE_WITH_KNOTS('',1,(#2523,#2524),.UNSPECIFIED.,.F.,
  .F.,(2,2),(0.,1.570796326795),.PIECEWISE_BEZIER_KNOTS.);
#2523 = CARTESIAN_POINT('',(0.,4.712388980385));
#2524 = CARTESIAN_POINT('',(0.,6.28318530718));
#2525 = ( GEOMETRIC_REPRESENTATION_CONTEXT(2) 
PARAMETRIC_REPRESENTATION_CONTEXT() REPRESENTATION_CONTEXT('2D SPACE',''
  ) );
#2526 = PCURVE('',#1874,#2527);
#2527 = DEFINITIONAL_REPRESENTATION('',(#2528),#2531);
#2528 = B_SPLINE_CURVE_WITH_KNOTS('',1,(#2529,#2530),.UNSPECIFIED.,.F.,
  .F.,(2,2),(0.,1.570796326795),.PIECEWISE_BEZIER_KNOTS.);
#2529 = CARTESIAN_POINT('',(0.,11.8));
#2530 = CARTESIAN_POINT('',(1.570796326795,11.8));
#2531 = ( GEOMETRIC_REPRESENTATION_CONTEXT(2) 
PARAMETRIC_REPRESENTATION_CONTEXT() REPRESENTATION_CONTEXT('2D SPACE',''
  ) );
#2532 = ORIENTED_EDGE('',*,*,#1827,.T.);
#2533 = ORIENTED_EDGE('',*,*,#2444,.T.);
#2534 = ORIENTED_EDGE('',*,*,#2535,.F.);
#2535 = EDGE_CURVE('',#2512,#2445,#2536,.T.);
#2536 = SURFACE_CURVE('',#2537,(#2542,#2549),.PCURVE_S1.);
#2537 = CIRCLE('',#2538,2.2);
#2538 = AXIS2_PLACEMENT_3D('',#2539,#2540,#2541);
#2539 = CARTESIAN_POINT('',(2.2,5.9,0.3));
#2540 = DIRECTION('',(-0.,0.,-1.));
#2541 = DIRECTION('',(-1.,0.,0.));
#2542 = PCURVE('',#1848,#2543);
#2543 = DEFINITIONAL_REPRESENTATION('',(#2544),#2548);
#2544 = LINE('',#2545,#2546);
#2545 = CARTESIAN_POINT('',(-0.,6.28318530718));
#2546 = VECTOR('',#2547,1.);
#2547 = DIRECTION('',(-1.,0.));
#2548 = ( GEOMETRIC_REPRESENTATION_CONTEXT(2) 
PARAMETRIC_REPRESENTATION_CONTEXT() REPRESENTATION_CONTEXT('2D SPACE',''
  ) );
#2549 = PCURVE('',#2550,#2555);
#2550 = CYLINDRICAL_SURFACE('',#2551,2.2);
#2551 = AXIS2_PLACEMENT_3D('',#2552,#2553,#2554);
#2552 = CARTESIAN_POINT('',(2.2,5.9,0.));
#2553 = DIRECTION('',(0.,0.,1.));
#2554 = DIRECTION('',(-0.,1.,0.));
#2555 = DEFINITIONAL_REPRESENTATION('',(#2556),#2560);
#2556 = LINE('',#2557,#2558);
#2557 = CARTESIAN_POINT('',(1.570796326795,0.3));
#2558 = VECTOR('',#2559,1.);
#2559 = DIRECTION('',(-1.,-0.));
#2560 = ( GEOMETRIC_REPRESENTATION_CONTEXT(2) 
PARAMETRIC_REPRESENTATION_CONTEXT() REPRESENTATION_CONTEXT('2D SPACE',''
  ) );
#2561 = ADVANCED_FACE('',(#2562),#2550,.T.);
#2562 = FACE_BOUND('',#2563,.T.);
#2563 = EDGE_LOOP('',(#2564,#2587,#2588,#2616));
#2564 = ORIENTED_EDGE('',*,*,#2565,.F.);
#2565 = EDGE_CURVE('',#2445,#2566,#2568,.T.);
#2566 = VERTEX_POINT('',#2567);
#2567 = CARTESIAN_POINT('',(2.2,8.1,4.3));
#2568 = SURFACE_CURVE('',#2569,(#2573,#2580),.PCURVE_S1.);
#2569 = LINE('',#2570,#2571);
#2570 = CARTESIAN_POINT('',(2.2,8.1,0.));
#2571 = VECTOR('',#2572,1.);
#2572 = DIRECTION('',(0.,0.,1.));
#2573 = PCURVE('',#2550,#2574);
#2574 = DEFINITIONAL_REPRESENTATION('',(#2575),#2579);
#2575 = LINE('',#2576,#2577);
#2576 = CARTESIAN_POINT('',(0.,0.));
#2577 = VECTOR('',#2578,1.);
#2578 = DIRECTION('',(0.,1.));
#2579 = ( GEOMETRIC_REPRESENTATION_CONTEXT(2) 
PARAMETRIC_REPRESENTATION_CONTEXT() REPRESENTATION_CONTEXT('2D SPACE',''
  ) );
#2580 = PCURVE('',#423,#2581);
#2581 = DEFINITIONAL_REPRESENTATION('',(#2582),#2586);
#2582 = LINE('',#2583,#2584);
#2583 = CARTESIAN_POINT('',(91.8,0.));
#2584 = VECTOR('',#2585,1.);
#2585 = DIRECTION('',(0.,-1.));
#2586 = ( GEOMETRIC_REPRESENTATION_CONTEXT(2) 
PARAMETRIC_REPRESENTATION_CONTEXT() REPRESENTATION_CONTEXT('2D SPACE',''
  ) );
#2587 = ORIENTED_EDGE('',*,*,#2535,.F.);
#2588 = ORIENTED_EDGE('',*,*,#2589,.T.);
#2589 = EDGE_CURVE('',#2512,#2590,#2592,.T.);
#2590 = VERTEX_POINT('',#2591);
#2591 = CARTESIAN_POINT('',(-5.551115123126E-17,5.9,4.3));
#2592 = SURFACE_CURVE('',#2593,(#2597,#2604),.PCURVE_S1.);
#2593 = LINE('',#2594,#2595);
#2594 = CARTESIAN_POINT('',(-4.440892098501E-16,5.9,0.));
#2595 = VECTOR('',#2596,1.);
#2596 = DIRECTION('',(0.,0.,1.));
#2597 = PCURVE('',#2550,#2598);
#2598 = DEFINITIONAL_REPRESENTATION('',(#2599),#2603);
#2599 = LINE('',#2600,#2601);
#2600 = CARTESIAN_POINT('',(1.570796326795,0.));
#2601 = VECTOR('',#2602,1.);
#2602 = DIRECTION('',(0.,1.));
#2603 = ( GEOMETRIC_REPRESENTATION_CONTEXT(2) 
PARAMETRIC_REPRESENTATION_CONTEXT() REPRESENTATION_CONTEXT('2D SPACE',''
  ) );
#2604 = PCURVE('',#2605,#2610);
#2605 = PLANE('',#2606);
#2606 = AXIS2_PLACEMENT_3D('',#2607,#2608,#2609);
#2607 = CARTESIAN_POINT('',(0.,8.1,0.));
#2608 = DIRECTION('',(1.,0.,-0.));
#2609 = DIRECTION('',(0.,-1.,0.));
#2610 = DEFINITIONAL_REPRESENTATION('',(#2611),#2615);
#2611 = LINE('',#2612,#2613);
#2612 = CARTESIAN_POINT('',(2.2,-0.));
#2613 = VECTOR('',#2614,1.);
#2614 = DIRECTION('',(0.,-1.));
#2615 = ( GEOMETRIC_REPRESENTATION_CONTEXT(2) 
PARAMETRIC_REPRESENTATION_CONTEXT() REPRESENTATION_CONTEXT('2D SPACE',''
  ) );
#2616 = ORIENTED_EDGE('',*,*,#2617,.T.);
#2617 = EDGE_CURVE('',#2590,#2566,#2618,.T.);
#2618 = SURFACE_CURVE('',#2619,(#2624,#2631),.PCURVE_S1.);
#2619 = CIRCLE('',#2620,2.2);
#2620 = AXIS2_PLACEMENT_3D('',#2621,#2622,#2623);
#2621 = CARTESIAN_POINT('',(2.2,5.9,4.3));
#2622 = DIRECTION('',(-0.,0.,-1.));
#2623 = DIRECTION('',(-1.,0.,0.));
#2624 = PCURVE('',#2550,#2625);
#2625 = DEFINITIONAL_REPRESENTATION('',(#2626),#2630);
#2626 = LINE('',#2627,#2628);
#2627 = CARTESIAN_POINT('',(1.570796326795,4.3));
#2628 = VECTOR('',#2629,1.);
#2629 = DIRECTION('',(-1.,-0.));
#2630 = ( GEOMETRIC_REPRESENTATION_CONTEXT(2) 
PARAMETRIC_REPRESENTATION_CONTEXT() REPRESENTATION_CONTEXT('2D SPACE',''
  ) );
#2631 = PCURVE('',#810,#2632);
#2632 = DEFINITIONAL_REPRESENTATION('',(#2633),#2637);
#2633 = LINE('',#2634,#2635);
#2634 = CARTESIAN_POINT('',(-0.,0.));
#2635 = VECTOR('',#2636,1.);
#2636 = DIRECTION('',(-1.,0.));
#2637 = ( GEOMETRIC_REPRESENTATION_CONTEXT(2) 
PARAMETRIC_REPRESENTATION_CONTEXT() REPRESENTATION_CONTEXT('2D SPACE',''
  ) );
#2638 = ADVANCED_FACE('',(#2639,#2709),#2605,.F.);
#2639 = FACE_BOUND('',#2640,.F.);
#2640 = EDGE_LOOP('',(#2641,#2642,#2665,#2688));
#2641 = ORIENTED_EDGE('',*,*,#2589,.T.);
#2642 = ORIENTED_EDGE('',*,*,#2643,.F.);
#2643 = EDGE_CURVE('',#2644,#2590,#2646,.T.);
#2644 = VERTEX_POINT('',#2645);
#2645 = CARTESIAN_POINT('',(2.6645352591E-15,-5.9,4.3));
#2646 = SURFACE_CURVE('',#2647,(#2651,#2658),.PCURVE_S1.);
#2647 = LINE('',#2648,#2649);
#2648 = CARTESIAN_POINT('',(-5.551115123126E-17,-5.9,4.3));
#2649 = VECTOR('',#2650,1.);
#2650 = DIRECTION('',(-0.,1.,-0.));
#2651 = PCURVE('',#2605,#2652);
#2652 = DEFINITIONAL_REPRESENTATION('',(#2653),#2657);
#2653 = LINE('',#2654,#2655);
#2654 = CARTESIAN_POINT('',(14.,-4.3));
#2655 = VECTOR('',#2656,1.);
#2656 = DIRECTION('',(-1.,0.));
#2657 = ( GEOMETRIC_REPRESENTATION_CONTEXT(2) 
PARAMETRIC_REPRESENTATION_CONTEXT() REPRESENTATION_CONTEXT('2D SPACE',''
  ) );
#2658 = PCURVE('',#836,#2659);
#2659 = DEFINITIONAL_REPRESENTATION('',(#2660),#2664);
#2660 = LINE('',#2661,#2662);
#2661 = CARTESIAN_POINT('',(0.,0.));
#2662 = VECTOR('',#2663,1.);
#2663 = DIRECTION('',(0.,1.));
#2664 = ( GEOMETRIC_REPRESENTATION_CONTEXT(2) 
PARAMETRIC_REPRESENTATION_CONTEXT() REPRESENTATION_CONTEXT('2D SPACE',''
  ) );
#2665 = ORIENTED_EDGE('',*,*,#2666,.F.);
#2666 = EDGE_CURVE('',#2667,#2644,#2669,.T.);
#2667 = VERTEX_POINT('',#2668);
#2668 = CARTESIAN_POINT('',(2.6645352591E-15,-5.9,0.3));
#2669 = SURFACE_CURVE('',#2670,(#2674,#2681),.PCURVE_S1.);
#2670 = LINE('',#2671,#2672);
#2671 = CARTESIAN_POINT('',(-4.440892098501E-16,-5.9,0.));
#2672 = VECTOR('',#2673,1.);
#2673 = DIRECTION('',(0.,0.,1.));
#2674 = PCURVE('',#2605,#2675);
#2675 = DEFINITIONAL_REPRESENTATION('',(#2676),#2680);
#2676 = LINE('',#2677,#2678);
#2677 = CARTESIAN_POINT('',(14.,0.));
#2678 = VECTOR('',#2679,1.);
#2679 = DIRECTION('',(0.,-1.));
#2680 = ( GEOMETRIC_REPRESENTATION_CONTEXT(2) 
PARAMETRIC_REPRESENTATION_CONTEXT() REPRESENTATION_CONTEXT('2D SPACE',''
  ) );
#2681 = PCURVE('',#106,#2682);
#2682 = DEFINITIONAL_REPRESENTATION('',(#2683),#2687);
#2683 = LINE('',#2684,#2685);
#2684 = CARTESIAN_POINT('',(-1.570796326795,0.));
#2685 = VECTOR('',#2686,1.);
#2686 = DIRECTION('',(-0.,1.));
#2687 = ( GEOMETRIC_REPRESENTATION_CONTEXT(2) 
PARAMETRIC_REPRESENTATION_CONTEXT() REPRESENTATION_CONTEXT('2D SPACE',''
  ) );
#2688 = ORIENTED_EDGE('',*,*,#2689,.T.);
#2689 = EDGE_CURVE('',#2667,#2512,#2690,.T.);
#2690 = SURFACE_CURVE('',#2691,(#2695,#2702),.PCURVE_S1.);
#2691 = LINE('',#2692,#2693);
#2692 = CARTESIAN_POINT('',(-5.551115123126E-17,-5.9,0.3));
#2693 = VECTOR('',#2694,1.);
#2694 = DIRECTION('',(-0.,1.,-0.));
#2695 = PCURVE('',#2605,#2696);
#2696 = DEFINITIONAL_REPRESENTATION('',(#2697),#2701);
#2697 = LINE('',#2698,#2699);
#2698 = CARTESIAN_POINT('',(14.,-0.3));
#2699 = VECTOR('',#2700,1.);
#2700 = DIRECTION('',(-1.,0.));
#2701 = ( GEOMETRIC_REPRESENTATION_CONTEXT(2) 
PARAMETRIC_REPRESENTATION_CONTEXT() REPRESENTATION_CONTEXT('2D SPACE',''
  ) );
#2702 = PCURVE('',#1874,#2703);
#2703 = DEFINITIONAL_REPRESENTATION('',(#2704),#2708);
#2704 = LINE('',#2705,#2706);
#2705 = CARTESIAN_POINT('',(1.570796326795,0.));
#2706 = VECTOR('',#2707,1.);
#2707 = DIRECTION('',(0.,1.));
#2708 = ( GEOMETRIC_REPRESENTATION_CONTEXT(2) 
PARAMETRIC_REPRESENTATION_CONTEXT() REPRESENTATION_CONTEXT('2D SPACE',''
  ) );
#2709 = FACE_BOUND('',#2710,.F.);
#2710 = EDGE_LOOP('',(#2711,#2741,#2769,#2797));
#2711 = ORIENTED_EDGE('',*,*,#2712,.T.);
#2712 = EDGE_CURVE('',#2713,#2715,#2717,.T.);
#2713 = VERTEX_POINT('',#2714);
#2714 = CARTESIAN_POINT('',(-2.22044604925E-16,5.06,3.35));
#2715 = VERTEX_POINT('',#2716);
#2716 = CARTESIAN_POINT('',(-2.22044604925E-16,5.06,1.25));
#2717 = SURFACE_CURVE('',#2718,(#2722,#2729),.PCURVE_S1.);
#2718 = LINE('',#2719,#2720);
#2719 = CARTESIAN_POINT('',(-2.22044604925E-16,5.06,3.35));
#2720 = VECTOR('',#2721,1.);
#2721 = DIRECTION('',(0.,-0.,-1.));
#2722 = PCURVE('',#2605,#2723);
#2723 = DEFINITIONAL_REPRESENTATION('',(#2724),#2728);
#2724 = LINE('',#2725,#2726);
#2725 = CARTESIAN_POINT('',(3.04,-3.35));
#2726 = VECTOR('',#2727,1.);
#2727 = DIRECTION('',(0.,1.));
#2728 = ( GEOMETRIC_REPRESENTATION_CONTEXT(2) 
PARAMETRIC_REPRESENTATION_CONTEXT() REPRESENTATION_CONTEXT('2D SPACE',''
  ) );
#2729 = PCURVE('',#2730,#2735);
#2730 = PLANE('',#2731);
#2731 = AXIS2_PLACEMENT_3D('',#2732,#2733,#2734);
#2732 = CARTESIAN_POINT('',(-2.22044604925E-16,5.06,3.35));
#2733 = DIRECTION('',(0.,1.,-0.));
#2734 = DIRECTION('',(0.,-0.,-1.));
#2735 = DEFINITIONAL_REPRESENTATION('',(#2736),#2740);
#2736 = LINE('',#2737,#2738);
#2737 = CARTESIAN_POINT('',(0.,0.));
#2738 = VECTOR('',#2739,1.);
#2739 = DIRECTION('',(1.,0.));
#2740 = ( GEOMETRIC_REPRESENTATION_CONTEXT(2) 
PARAMETRIC_REPRESENTATION_CONTEXT() REPRESENTATION_CONTEXT('2D SPACE',''
  ) );
#2741 = ORIENTED_EDGE('',*,*,#2742,.T.);
#2742 = EDGE_CURVE('',#2715,#2743,#2745,.T.);
#2743 = VERTEX_POINT('',#2744);
#2744 = CARTESIAN_POINT('',(-2.22044604925E-16,-5.06,1.25));
#2745 = SURFACE_CURVE('',#2746,(#2750,#2757),.PCURVE_S1.);
#2746 = LINE('',#2747,#2748);
#2747 = CARTESIAN_POINT('',(-2.22044604925E-16,5.06,1.25));
#2748 = VECTOR('',#2749,1.);
#2749 = DIRECTION('',(0.,-1.,0.));
#2750 = PCURVE('',#2605,#2751);
#2751 = DEFINITIONAL_REPRESENTATION('',(#2752),#2756);
#2752 = LINE('',#2753,#2754);
#2753 = CARTESIAN_POINT('',(3.04,-1.25));
#2754 = VECTOR('',#2755,1.);
#2755 = DIRECTION('',(1.,0.));
#2756 = ( GEOMETRIC_REPRESENTATION_CONTEXT(2) 
PARAMETRIC_REPRESENTATION_CONTEXT() REPRESENTATION_CONTEXT('2D SPACE',''
  ) );
#2757 = PCURVE('',#2758,#2763);
#2758 = PLANE('',#2759);
#2759 = AXIS2_PLACEMENT_3D('',#2760,#2761,#2762);
#2760 = CARTESIAN_POINT('',(-2.22044604925E-16,5.06,1.25));
#2761 = DIRECTION('',(0.,0.,-1.));
#2762 = DIRECTION('',(0.,-1.,0.));
#2763 = DEFINITIONAL_REPRESENTATION('',(#2764),#2768);
#2764 = LINE('',#2765,#2766);
#2765 = CARTESIAN_POINT('',(0.,-0.));
#2766 = VECTOR('',#2767,1.);
#2767 = DIRECTION('',(1.,0.));
#2768 = ( GEOMETRIC_REPRESENTATION_CONTEXT(2) 
PARAMETRIC_REPRESENTATION_CONTEXT() REPRESENTATION_CONTEXT('2D SPACE',''
  ) );
#2769 = ORIENTED_EDGE('',*,*,#2770,.T.);
#2770 = EDGE_CURVE('',#2743,#2771,#2773,.T.);
#2771 = VERTEX_POINT('',#2772);
#2772 = CARTESIAN_POINT('',(-2.22044604925E-16,-5.06,3.35));
#2773 = SURFACE_CURVE('',#2774,(#2778,#2785),.PCURVE_S1.);
#2774 = LINE('',#2775,#2776);
#2775 = CARTESIAN_POINT('',(-2.22044604925E-16,-5.06,1.25));
#2776 = VECTOR('',#2777,1.);
#2777 = DIRECTION('',(0.,0.,1.));
#2778 = PCURVE('',#2605,#2779);
#2779 = DEFINITIONAL_REPRESENTATION('',(#2780),#2784);
#2780 = LINE('',#2781,#2782);
#2781 = CARTESIAN_POINT('',(13.16,-1.25));
#2782 = VECTOR('',#2783,1.);
#2783 = DIRECTION('',(0.,-1.));
#2784 = ( GEOMETRIC_REPRESENTATION_CONTEXT(2) 
PARAMETRIC_REPRESENTATION_CONTEXT() REPRESENTATION_CONTEXT('2D SPACE',''
  ) );
#2785 = PCURVE('',#2786,#2791);
#2786 = PLANE('',#2787);
#2787 = AXIS2_PLACEMENT_3D('',#2788,#2789,#2790);
#2788 = CARTESIAN_POINT('',(-2.22044604925E-16,-5.06,1.25));
#2789 = DIRECTION('',(0.,-1.,0.));
#2790 = DIRECTION('',(0.,0.,1.));
#2791 = DEFINITIONAL_REPRESENTATION('',(#2792),#2796);
#2792 = LINE('',#2793,#2794);
#2793 = CARTESIAN_POINT('',(0.,0.));
#2794 = VECTOR('',#2795,1.);
#2795 = DIRECTION('',(1.,0.));
#2796 = ( GEOMETRIC_REPRESENTATION_CONTEXT(2) 
PARAMETRIC_REPRESENTATION_CONTEXT() REPRESENTATION_CONTEXT('2D SPACE',''
  ) );
#2797 = ORIENTED_EDGE('',*,*,#2798,.T.);
#2798 = EDGE_CURVE('',#2771,#2713,#2799,.T.);
#2799 = SURFACE_CURVE('',#2800,(#2804,#2811),.PCURVE_S1.);
#2800 = LINE('',#2801,#2802);
#2801 = CARTESIAN_POINT('',(-2.22044604925E-16,-5.06,3.35));
#2802 = VECTOR('',#2803,1.);
#2803 = DIRECTION('',(-0.,1.,0.));
#2804 = PCURVE('',#2605,#2805);
#2805 = DEFINITIONAL_REPRESENTATION('',(#2806),#2810);
#2806 = LINE('',#2807,#2808);
#2807 = CARTESIAN_POINT('',(13.16,-3.35));
#2808 = VECTOR('',#2809,1.);
#2809 = DIRECTION('',(-1.,-0.));
#2810 = ( GEOMETRIC_REPRESENTATION_CONTEXT(2) 
PARAMETRIC_REPRESENTATION_CONTEXT() REPRESENTATION_CONTEXT('2D SPACE',''
  ) );
#2811 = PCURVE('',#2812,#2817);
#2812 = PLANE('',#2813);
#2813 = AXIS2_PLACEMENT_3D('',#2814,#2815,#2816);
#2814 = CARTESIAN_POINT('',(-2.22044604925E-16,-5.06,3.35));
#2815 = DIRECTION('',(0.,-0.,1.));
#2816 = DIRECTION('',(-0.,1.,0.));
#2817 = DEFINITIONAL_REPRESENTATION('',(#2818),#2822);
#2818 = LINE('',#2819,#2820);
#2819 = CARTESIAN_POINT('',(0.,0.));
#2820 = VECTOR('',#2821,1.);
#2821 = DIRECTION('',(1.,0.));
#2822 = ( GEOMETRIC_REPRESENTATION_CONTEXT(2) 
PARAMETRIC_REPRESENTATION_CONTEXT() REPRESENTATION_CONTEXT('2D SPACE',''
  ) );
#2823 = ADVANCED_FACE('',(#2824),#2758,.F.);
#2824 = FACE_BOUND('',#2825,.F.);
#2825 = EDGE_LOOP('',(#2826,#2856,#2877,#2878,#2901,#2924,#2947,#2980));
#2826 = ORIENTED_EDGE('',*,*,#2827,.T.);
#2827 = EDGE_CURVE('',#2828,#2830,#2832,.T.);
#2828 = VERTEX_POINT('',#2829);
#2829 = CARTESIAN_POINT('',(28.2,-3.35,1.25));
#2830 = VERTEX_POINT('',#2831);
#2831 = CARTESIAN_POINT('',(28.2,-5.06,1.25));
#2832 = SURFACE_CURVE('',#2833,(#2837,#2844),.PCURVE_S1.);
#2833 = LINE('',#2834,#2835);
#2834 = CARTESIAN_POINT('',(28.2,5.06,1.25));
#2835 = VECTOR('',#2836,1.);
#2836 = DIRECTION('',(0.,-1.,0.));
#2837 = PCURVE('',#2758,#2838);
#2838 = DEFINITIONAL_REPRESENTATION('',(#2839),#2843);
#2839 = LINE('',#2840,#2841);
#2840 = CARTESIAN_POINT('',(0.,-28.2));
#2841 = VECTOR('',#2842,1.);
#2842 = DIRECTION('',(1.,0.));
#2843 = ( GEOMETRIC_REPRESENTATION_CONTEXT(2) 
PARAMETRIC_REPRESENTATION_CONTEXT() REPRESENTATION_CONTEXT('2D SPACE',''
  ) );
#2844 = PCURVE('',#2845,#2850);
#2845 = PLANE('',#2846);
#2846 = AXIS2_PLACEMENT_3D('',#2847,#2848,#2849);
#2847 = CARTESIAN_POINT('',(28.2,1.453647168085E-16,2.3));
#2848 = DIRECTION('',(-1.,-0.,-0.));
#2849 = DIRECTION('',(0.,0.,-1.));
#2850 = DEFINITIONAL_REPRESENTATION('',(#2851),#2855);
#2851 = LINE('',#2852,#2853);
#2852 = CARTESIAN_POINT('',(1.05,-5.06));
#2853 = VECTOR('',#2854,1.);
#2854 = DIRECTION('',(0.,1.));
#2855 = ( GEOMETRIC_REPRESENTATION_CONTEXT(2) 
PARAMETRIC_REPRESENTATION_CONTEXT() REPRESENTATION_CONTEXT('2D SPACE',''
  ) );
#2856 = ORIENTED_EDGE('',*,*,#2857,.F.);
#2857 = EDGE_CURVE('',#2743,#2830,#2858,.T.);
#2858 = SURFACE_CURVE('',#2859,(#2863,#2870),.PCURVE_S1.);
#2859 = LINE('',#2860,#2861);
#2860 = CARTESIAN_POINT('',(-2.22044604925E-16,-5.06,1.25));
#2861 = VECTOR('',#2862,1.);
#2862 = DIRECTION('',(1.,0.,0.));
#2863 = PCURVE('',#2758,#2864);
#2864 = DEFINITIONAL_REPRESENTATION('',(#2865),#2869);
#2865 = LINE('',#2866,#2867);
#2866 = CARTESIAN_POINT('',(10.12,0.));
#2867 = VECTOR('',#2868,1.);
#2868 = DIRECTION('',(0.,-1.));
#2869 = ( GEOMETRIC_REPRESENTATION_CONTEXT(2) 
PARAMETRIC_REPRESENTATION_CONTEXT() REPRESENTATION_CONTEXT('2D SPACE',''
  ) );
#2870 = PCURVE('',#2786,#2871);
#2871 = DEFINITIONAL_REPRESENTATION('',(#2872),#2876);
#2872 = LINE('',#2873,#2874);
#2873 = CARTESIAN_POINT('',(0.,0.));
#2874 = VECTOR('',#2875,1.);
#2875 = DIRECTION('',(0.,-1.));
#2876 = ( GEOMETRIC_REPRESENTATION_CONTEXT(2) 
PARAMETRIC_REPRESENTATION_CONTEXT() REPRESENTATION_CONTEXT('2D SPACE',''
  ) );
#2877 = ORIENTED_EDGE('',*,*,#2742,.F.);
#2878 = ORIENTED_EDGE('',*,*,#2879,.T.);
#2879 = EDGE_CURVE('',#2715,#2880,#2882,.T.);
#2880 = VERTEX_POINT('',#2881);
#2881 = CARTESIAN_POINT('',(28.2,5.06,1.25));
#2882 = SURFACE_CURVE('',#2883,(#2887,#2894),.PCURVE_S1.);
#2883 = LINE('',#2884,#2885);
#2884 = CARTESIAN_POINT('',(-2.22044604925E-16,5.06,1.25));
#2885 = VECTOR('',#2886,1.);
#2886 = DIRECTION('',(1.,0.,0.));
#2887 = PCURVE('',#2758,#2888);
#2888 = DEFINITIONAL_REPRESENTATION('',(#2889),#2893);
#2889 = LINE('',#2890,#2891);
#2890 = CARTESIAN_POINT('',(0.,-0.));
#2891 = VECTOR('',#2892,1.);
#2892 = DIRECTION('',(0.,-1.));
#2893 = ( GEOMETRIC_REPRESENTATION_CONTEXT(2) 
PARAMETRIC_REPRESENTATION_CONTEXT() REPRESENTATION_CONTEXT('2D SPACE',''
  ) );
#2894 = PCURVE('',#2730,#2895);
#2895 = DEFINITIONAL_REPRESENTATION('',(#2896),#2900);
#2896 = LINE('',#2897,#2898);
#2897 = CARTESIAN_POINT('',(2.1,0.));
#2898 = VECTOR('',#2899,1.);
#2899 = DIRECTION('',(0.,-1.));
#2900 = ( GEOMETRIC_REPRESENTATION_CONTEXT(2) 
PARAMETRIC_REPRESENTATION_CONTEXT() REPRESENTATION_CONTEXT('2D SPACE',''
  ) );
#2901 = ORIENTED_EDGE('',*,*,#2902,.T.);
#2902 = EDGE_CURVE('',#2880,#2903,#2905,.T.);
#2903 = VERTEX_POINT('',#2904);
#2904 = CARTESIAN_POINT('',(28.2,3.65,1.25));
#2905 = SURFACE_CURVE('',#2906,(#2910,#2917),.PCURVE_S1.);
#2906 = LINE('',#2907,#2908);
#2907 = CARTESIAN_POINT('',(28.2,5.06,1.25));
#2908 = VECTOR('',#2909,1.);
#2909 = DIRECTION('',(0.,-1.,0.));
#2910 = PCURVE('',#2758,#2911);
#2911 = DEFINITIONAL_REPRESENTATION('',(#2912),#2916);
#2912 = LINE('',#2913,#2914);
#2913 = CARTESIAN_POINT('',(0.,-28.2));
#2914 = VECTOR('',#2915,1.);
#2915 = DIRECTION('',(1.,0.));
#2916 = ( GEOMETRIC_REPRESENTATION_CONTEXT(2) 
PARAMETRIC_REPRESENTATION_CONTEXT() REPRESENTATION_CONTEXT('2D SPACE',''
  ) );
#2917 = PCURVE('',#1341,#2918);
#2918 = DEFINITIONAL_REPRESENTATION('',(#2919),#2923);
#2919 = LINE('',#2920,#2921);
#2920 = CARTESIAN_POINT('',(1.05,-5.06));
#2921 = VECTOR('',#2922,1.);
#2922 = DIRECTION('',(0.,1.));
#2923 = ( GEOMETRIC_REPRESENTATION_CONTEXT(2) 
PARAMETRIC_REPRESENTATION_CONTEXT() REPRESENTATION_CONTEXT('2D SPACE',''
  ) );
#2924 = ORIENTED_EDGE('',*,*,#2925,.T.);
#2925 = EDGE_CURVE('',#2903,#2926,#2928,.T.);
#2926 = VERTEX_POINT('',#2927);
#2927 = CARTESIAN_POINT('',(20.2,3.65,1.25));
#2928 = SURFACE_CURVE('',#2929,(#2933,#2940),.PCURVE_S1.);
#2929 = LINE('',#2930,#2931);
#2930 = CARTESIAN_POINT('',(28.2,3.65,1.25));
#2931 = VECTOR('',#2932,1.);
#2932 = DIRECTION('',(-1.,-0.,-0.));
#2933 = PCURVE('',#2758,#2934);
#2934 = DEFINITIONAL_REPRESENTATION('',(#2935),#2939);
#2935 = LINE('',#2936,#2937);
#2936 = CARTESIAN_POINT('',(1.41,-28.2));
#2937 = VECTOR('',#2938,1.);
#2938 = DIRECTION('',(0.,1.));
#2939 = ( GEOMETRIC_REPRESENTATION_CONTEXT(2) 
PARAMETRIC_REPRESENTATION_CONTEXT() REPRESENTATION_CONTEXT('2D SPACE',''
  ) );
#2940 = PCURVE('',#1369,#2941);
#2941 = DEFINITIONAL_REPRESENTATION('',(#2942),#2946);
#2942 = LINE('',#2943,#2944);
#2943 = CARTESIAN_POINT('',(1.570796326795,0.));
#2944 = VECTOR('',#2945,1.);
#2945 = DIRECTION('',(0.,1.));
#2946 = ( GEOMETRIC_REPRESENTATION_CONTEXT(2) 
PARAMETRIC_REPRESENTATION_CONTEXT() REPRESENTATION_CONTEXT('2D SPACE',''
  ) );
#2947 = ORIENTED_EDGE('',*,*,#2948,.T.);
#2948 = EDGE_CURVE('',#2926,#2949,#2951,.T.);
#2949 = VERTEX_POINT('',#2950);
#2950 = CARTESIAN_POINT('',(20.2,-3.35,1.25));
#2951 = SURFACE_CURVE('',#2952,(#2957,#2968),.PCURVE_S1.);
#2952 = CIRCLE('',#2953,3.5);
#2953 = AXIS2_PLACEMENT_3D('',#2954,#2955,#2956);
#2954 = CARTESIAN_POINT('',(20.2,0.15,1.25));
#2955 = DIRECTION('',(0.,-0.,1.));
#2956 = DIRECTION('',(0.,1.,0.));
#2957 = PCURVE('',#2758,#2958);
#2958 = DEFINITIONAL_REPRESENTATION('',(#2959),#2967);
#2959 = ( BOUNDED_CURVE() B_SPLINE_CURVE(2,(#2960,#2961,#2962,#2963,
#2964,#2965,#2966),.UNSPECIFIED.,.T.,.F.) B_SPLINE_CURVE_WITH_KNOTS((1,2
    ,2,2,2,1),(-2.094395102393,0.,2.094395102393,4.188790204786,
6.28318530718,8.377580409573),.UNSPECIFIED.) CURVE() 
GEOMETRIC_REPRESENTATION_ITEM() RATIONAL_B_SPLINE_CURVE((1.,0.5,1.,0.5,
1.,0.5,1.)) REPRESENTATION_ITEM('') );
#2960 = CARTESIAN_POINT('',(1.41,-20.2));
#2961 = CARTESIAN_POINT('',(1.41,-14.1378221735));
#2962 = CARTESIAN_POINT('',(6.66,-17.16891108675));
#2963 = CARTESIAN_POINT('',(11.91,-20.2));
#2964 = CARTESIAN_POINT('',(6.66,-23.23108891324));
#2965 = CARTESIAN_POINT('',(1.41,-26.26217782649));
#2966 = CARTESIAN_POINT('',(1.41,-20.2));
#2967 = ( GEOMETRIC_REPRESENTATION_CONTEXT(2) 
PARAMETRIC_REPRESENTATION_CONTEXT() REPRESENTATION_CONTEXT('2D SPACE',''
  ) );
#2968 = PCURVE('',#2969,#2974);
#2969 = TOROIDAL_SURFACE('',#2970,3.5,0.3);
#2970 = AXIS2_PLACEMENT_3D('',#2971,#2972,#2973);
#2971 = CARTESIAN_POINT('',(20.2,0.15,0.95));
#2972 = DIRECTION('',(0.,0.,-1.));
#2973 = DIRECTION('',(0.,1.,0.));
#2974 = DEFINITIONAL_REPRESENTATION('',(#2975),#2979);
#2975 = LINE('',#2976,#2977);
#2976 = CARTESIAN_POINT('',(-0.,4.712388980385));
#2977 = VECTOR('',#2978,1.);
#2978 = DIRECTION('',(-1.,0.));
#2979 = ( GEOMETRIC_REPRESENTATION_CONTEXT(2) 
PARAMETRIC_REPRESENTATION_CONTEXT() REPRESENTATION_CONTEXT('2D SPACE',''
  ) );
#2980 = ORIENTED_EDGE('',*,*,#2981,.T.);
#2981 = EDGE_CURVE('',#2949,#2828,#2982,.T.);
#2982 = SURFACE_CURVE('',#2983,(#2987,#2994),.PCURVE_S1.);
#2983 = LINE('',#2984,#2985);
#2984 = CARTESIAN_POINT('',(20.2,-3.35,1.25));
#2985 = VECTOR('',#2986,1.);
#2986 = DIRECTION('',(1.,-0.,-0.));
#2987 = PCURVE('',#2758,#2988);
#2988 = DEFINITIONAL_REPRESENTATION('',(#2989),#2993);
#2989 = LINE('',#2990,#2991);
#2990 = CARTESIAN_POINT('',(8.41,-20.2));
#2991 = VECTOR('',#2992,1.);
#2992 = DIRECTION('',(0.,-1.));
#2993 = ( GEOMETRIC_REPRESENTATION_CONTEXT(2) 
PARAMETRIC_REPRESENTATION_CONTEXT() REPRESENTATION_CONTEXT('2D SPACE',''
  ) );
#2994 = PCURVE('',#2995,#3000);
#2995 = CYLINDRICAL_SURFACE('',#2996,0.3);
#2996 = AXIS2_PLACEMENT_3D('',#2997,#2998,#2999);
#2997 = CARTESIAN_POINT('',(20.2,-3.35,0.95));
#2998 = DIRECTION('',(1.,-0.,-0.));
#2999 = DIRECTION('',(0.,1.,0.));
#3000 = DEFINITIONAL_REPRESENTATION('',(#3001),#3005);
#3001 = LINE('',#3002,#3003);
#3002 = CARTESIAN_POINT('',(1.570796326795,0.));
#3003 = VECTOR('',#3004,1.);
#3004 = DIRECTION('',(0.,1.));
#3005 = ( GEOMETRIC_REPRESENTATION_CONTEXT(2) 
PARAMETRIC_REPRESENTATION_CONTEXT() REPRESENTATION_CONTEXT('2D SPACE',''
  ) );
#3006 = ADVANCED_FACE('',(#3007),#2969,.T.);
#3007 = FACE_BOUND('',#3008,.F.);
#3008 = EDGE_LOOP('',(#3009,#3029,#3053,#3073));
#3009 = ORIENTED_EDGE('',*,*,#3010,.F.);
#3010 = EDGE_CURVE('',#1354,#2926,#3011,.T.);
#3011 = SURFACE_CURVE('',#3012,(#3017,#3023),.PCURVE_S1.);
#3012 = CIRCLE('',#3013,0.3);
#3013 = AXIS2_PLACEMENT_3D('',#3014,#3015,#3016);
#3014 = CARTESIAN_POINT('',(20.2,3.65,0.95));
#3015 = DIRECTION('',(-1.,-0.,0.));
#3016 = DIRECTION('',(0.,-1.,0.));
#3017 = PCURVE('',#2969,#3018);
#3018 = DEFINITIONAL_REPRESENTATION('',(#3019),#3022);
#3019 = B_SPLINE_CURVE_WITH_KNOTS('',1,(#3020,#3021),.UNSPECIFIED.,.F.,
  .F.,(2,2),(0.,1.570796326795),.PIECEWISE_BEZIER_KNOTS.);
#3020 = CARTESIAN_POINT('',(4.440892098501E-16,3.14159265359));
#3021 = CARTESIAN_POINT('',(4.440892098501E-16,4.712388980385));
#3022 = ( GEOMETRIC_REPRESENTATION_CONTEXT(2) 
PARAMETRIC_REPRESENTATION_CONTEXT() REPRESENTATION_CONTEXT('2D SPACE',''
  ) );
#3023 = PCURVE('',#1369,#3024);
#3024 = DEFINITIONAL_REPRESENTATION('',(#3025),#3028);
#3025 = B_SPLINE_CURVE_WITH_KNOTS('',1,(#3026,#3027),.UNSPECIFIED.,.F.,
  .F.,(2,2),(0.,1.570796326795),.PIECEWISE_BEZIER_KNOTS.);
#3026 = CARTESIAN_POINT('',(0.,8.));
#3027 = CARTESIAN_POINT('',(1.570796326795,8.));
#3028 = ( GEOMETRIC_REPRESENTATION_CONTEXT(2) 
PARAMETRIC_REPRESENTATION_CONTEXT() REPRESENTATION_CONTEXT('2D SPACE',''
  ) );
#3029 = ORIENTED_EDGE('',*,*,#3030,.T.);
#3030 = EDGE_CURVE('',#1354,#3031,#3033,.T.);
#3031 = VERTEX_POINT('',#3032);
#3032 = CARTESIAN_POINT('',(20.2,-3.05,0.95));
#3033 = SURFACE_CURVE('',#3034,(#3039,#3046),.PCURVE_S1.);
#3034 = CIRCLE('',#3035,3.2);
#3035 = AXIS2_PLACEMENT_3D('',#3036,#3037,#3038);
#3036 = CARTESIAN_POINT('',(20.2,0.15,0.95));
#3037 = DIRECTION('',(0.,-0.,1.));
#3038 = DIRECTION('',(0.,1.,0.));
#3039 = PCURVE('',#2969,#3040);
#3040 = DEFINITIONAL_REPRESENTATION('',(#3041),#3045);
#3041 = LINE('',#3042,#3043);
#3042 = CARTESIAN_POINT('',(-0.,3.14159265359));
#3043 = VECTOR('',#3044,1.);
#3044 = DIRECTION('',(-1.,0.));
#3045 = ( GEOMETRIC_REPRESENTATION_CONTEXT(2) 
PARAMETRIC_REPRESENTATION_CONTEXT() REPRESENTATION_CONTEXT('2D SPACE',''
  ) );
#3046 = PCURVE('',#1397,#3047);
#3047 = DEFINITIONAL_REPRESENTATION('',(#3048),#3052);
#3048 = LINE('',#3049,#3050);
#3049 = CARTESIAN_POINT('',(-3.14159265359,-97.6500002));
#3050 = VECTOR('',#3051,1.);
#3051 = DIRECTION('',(1.,-0.));
#3052 = ( GEOMETRIC_REPRESENTATION_CONTEXT(2) 
PARAMETRIC_REPRESENTATION_CONTEXT() REPRESENTATION_CONTEXT('2D SPACE',''
  ) );
#3053 = ORIENTED_EDGE('',*,*,#3054,.T.);
#3054 = EDGE_CURVE('',#3031,#2949,#3055,.T.);
#3055 = SURFACE_CURVE('',#3056,(#3061,#3067),.PCURVE_S1.);
#3056 = CIRCLE('',#3057,0.3);
#3057 = AXIS2_PLACEMENT_3D('',#3058,#3059,#3060);
#3058 = CARTESIAN_POINT('',(20.2,-3.35,0.95));
#3059 = DIRECTION('',(1.,-1.224646799147E-16,0.));
#3060 = DIRECTION('',(-1.224646799147E-16,-1.,0.));
#3061 = PCURVE('',#2969,#3062);
#3062 = DEFINITIONAL_REPRESENTATION('',(#3063),#3066);
#3063 = B_SPLINE_CURVE_WITH_KNOTS('',1,(#3064,#3065),.UNSPECIFIED.,.F.,
  .F.,(2,2),(3.14159265359,4.712388980385),.PIECEWISE_BEZIER_KNOTS.);
#3064 = CARTESIAN_POINT('',(-3.14159265359,3.14159265359));
#3065 = CARTESIAN_POINT('',(-3.14159265359,4.712388980385));
#3066 = ( GEOMETRIC_REPRESENTATION_CONTEXT(2) 
PARAMETRIC_REPRESENTATION_CONTEXT() REPRESENTATION_CONTEXT('2D SPACE',''
  ) );
#3067 = PCURVE('',#2995,#3068);
#3068 = DEFINITIONAL_REPRESENTATION('',(#3069),#3072);
#3069 = B_SPLINE_CURVE_WITH_KNOTS('',1,(#3070,#3071),.UNSPECIFIED.,.F.,
  .F.,(2,2),(3.14159265359,4.712388980385),.PIECEWISE_BEZIER_KNOTS.);
#3070 = CARTESIAN_POINT('',(0.,1.7763568394E-15));
#3071 = CARTESIAN_POINT('',(1.570796326795,1.7763568394E-15));
#3072 = ( GEOMETRIC_REPRESENTATION_CONTEXT(2) 
PARAMETRIC_REPRESENTATION_CONTEXT() REPRESENTATION_CONTEXT('2D SPACE',''
  ) );
#3073 = ORIENTED_EDGE('',*,*,#2948,.F.);
#3074 = ADVANCED_FACE('',(#3075),#2995,.T.);
#3075 = FACE_BOUND('',#3076,.T.);
#3076 = EDGE_LOOP('',(#3077,#3078,#3079,#3107));
#3077 = ORIENTED_EDGE('',*,*,#3054,.T.);
#3078 = ORIENTED_EDGE('',*,*,#2981,.T.);
#3079 = ORIENTED_EDGE('',*,*,#3080,.F.);
#3080 = EDGE_CURVE('',#3081,#2828,#3083,.T.);
#3081 = VERTEX_POINT('',#3082);
#3082 = CARTESIAN_POINT('',(28.2,-3.05,0.95));
#3083 = SURFACE_CURVE('',#3084,(#3089,#3096),.PCURVE_S1.);
#3084 = CIRCLE('',#3085,0.3);
#3085 = AXIS2_PLACEMENT_3D('',#3086,#3087,#3088);
#3086 = CARTESIAN_POINT('',(28.2,-3.35,0.95));
#3087 = DIRECTION('',(1.,0.,-0.));
#3088 = DIRECTION('',(0.,0.,1.));
#3089 = PCURVE('',#2995,#3090);
#3090 = DEFINITIONAL_REPRESENTATION('',(#3091),#3095);
#3091 = LINE('',#3092,#3093);
#3092 = CARTESIAN_POINT('',(-4.712388980385,8.));
#3093 = VECTOR('',#3094,1.);
#3094 = DIRECTION('',(1.,0.));
#3095 = ( GEOMETRIC_REPRESENTATION_CONTEXT(2) 
PARAMETRIC_REPRESENTATION_CONTEXT() REPRESENTATION_CONTEXT('2D SPACE',''
  ) );
#3096 = PCURVE('',#2845,#3097);
#3097 = DEFINITIONAL_REPRESENTATION('',(#3098),#3106);
#3098 = ( BOUNDED_CURVE() B_SPLINE_CURVE(2,(#3099,#3100,#3101,#3102,
#3103,#3104,#3105),.UNSPECIFIED.,.T.,.F.) B_SPLINE_CURVE_WITH_KNOTS((1,2
    ,2,2,2,1),(-2.094395102393,0.,2.094395102393,4.188790204786,
6.28318530718,8.377580409573),.UNSPECIFIED.) CURVE() 
GEOMETRIC_REPRESENTATION_ITEM() RATIONAL_B_SPLINE_CURVE((1.,0.5,1.,0.5,
1.,0.5,1.)) REPRESENTATION_ITEM('') );
#3099 = CARTESIAN_POINT('',(1.05,3.35));
#3100 = CARTESIAN_POINT('',(1.05,3.869615242271));
#3101 = CARTESIAN_POINT('',(1.5,3.609807621135));
#3102 = CARTESIAN_POINT('',(1.95,3.35));
#3103 = CARTESIAN_POINT('',(1.5,3.090192378865));
#3104 = CARTESIAN_POINT('',(1.05,2.830384757729));
#3105 = CARTESIAN_POINT('',(1.05,3.35));
#3106 = ( GEOMETRIC_REPRESENTATION_CONTEXT(2) 
PARAMETRIC_REPRESENTATION_CONTEXT() REPRESENTATION_CONTEXT('2D SPACE',''
  ) );
#3107 = ORIENTED_EDGE('',*,*,#3108,.F.);
#3108 = EDGE_CURVE('',#3031,#3081,#3109,.T.);
#3109 = SURFACE_CURVE('',#3110,(#3114,#3121),.PCURVE_S1.);
#3110 = LINE('',#3111,#3112);
#3111 = CARTESIAN_POINT('',(20.2,-3.05,0.95));
#3112 = VECTOR('',#3113,1.);
#3113 = DIRECTION('',(1.,-0.,-0.));
#3114 = PCURVE('',#2995,#3115);
#3115 = DEFINITIONAL_REPRESENTATION('',(#3116),#3120);
#3116 = LINE('',#3117,#3118);
#3117 = CARTESIAN_POINT('',(0.,0.));
#3118 = VECTOR('',#3119,1.);
#3119 = DIRECTION('',(0.,1.));
#3120 = ( GEOMETRIC_REPRESENTATION_CONTEXT(2) 
PARAMETRIC_REPRESENTATION_CONTEXT() REPRESENTATION_CONTEXT('2D SPACE',''
  ) );
#3121 = PCURVE('',#1174,#3122);
#3122 = DEFINITIONAL_REPRESENTATION('',(#3123),#3127);
#3123 = LINE('',#3124,#3125);
#3124 = CARTESIAN_POINT('',(15.6,-97.6500002));
#3125 = VECTOR('',#3126,1.);
#3126 = DIRECTION('',(-1.,0.));
#3127 = ( GEOMETRIC_REPRESENTATION_CONTEXT(2) 
PARAMETRIC_REPRESENTATION_CONTEXT() REPRESENTATION_CONTEXT('2D SPACE',''
  ) );
#3128 = ADVANCED_FACE('',(#3129),#2845,.T.);
#3129 = FACE_BOUND('',#3130,.T.);
#3130 = EDGE_LOOP('',(#3131,#3156,#3185,#3206,#3207,#3208));
#3131 = ORIENTED_EDGE('',*,*,#3132,.T.);
#3132 = EDGE_CURVE('',#3133,#3135,#3137,.T.);
#3133 = VERTEX_POINT('',#3134);
#3134 = CARTESIAN_POINT('',(28.2,-5.06,3.35));
#3135 = VERTEX_POINT('',#3136);
#3136 = CARTESIAN_POINT('',(28.2,-3.35,3.35));
#3137 = SURFACE_CURVE('',#3138,(#3142,#3149),.PCURVE_S1.);
#3138 = LINE('',#3139,#3140);
#3139 = CARTESIAN_POINT('',(28.2,-5.06,3.35));
#3140 = VECTOR('',#3141,1.);
#3141 = DIRECTION('',(-0.,1.,0.));
#3142 = PCURVE('',#2845,#3143);
#3143 = DEFINITIONAL_REPRESENTATION('',(#3144),#3148);
#3144 = LINE('',#3145,#3146);
#3145 = CARTESIAN_POINT('',(-1.05,5.06));
#3146 = VECTOR('',#3147,1.);
#3147 = DIRECTION('',(0.,-1.));
#3148 = ( GEOMETRIC_REPRESENTATION_CONTEXT(2) 
PARAMETRIC_REPRESENTATION_CONTEXT() REPRESENTATION_CONTEXT('2D SPACE',''
  ) );
#3149 = PCURVE('',#2812,#3150);
#3150 = DEFINITIONAL_REPRESENTATION('',(#3151),#3155);
#3151 = LINE('',#3152,#3153);
#3152 = CARTESIAN_POINT('',(0.,-28.2));
#3153 = VECTOR('',#3154,1.);
#3154 = DIRECTION('',(1.,0.));
#3155 = ( GEOMETRIC_REPRESENTATION_CONTEXT(2) 
PARAMETRIC_REPRESENTATION_CONTEXT() REPRESENTATION_CONTEXT('2D SPACE',''
  ) );
#3156 = ORIENTED_EDGE('',*,*,#3157,.F.);
#3157 = EDGE_CURVE('',#3158,#3135,#3160,.T.);
#3158 = VERTEX_POINT('',#3159);
#3159 = CARTESIAN_POINT('',(28.2,-3.05,3.65));
#3160 = SURFACE_CURVE('',#3161,(#3166,#3173),.PCURVE_S1.);
#3161 = CIRCLE('',#3162,0.3);
#3162 = AXIS2_PLACEMENT_3D('',#3163,#3164,#3165);
#3163 = CARTESIAN_POINT('',(28.2,-3.35,3.65));
#3164 = DIRECTION('',(-1.,-0.,0.));
#3165 = DIRECTION('',(0.,0.,1.));
#3166 = PCURVE('',#2845,#3167);
#3167 = DEFINITIONAL_REPRESENTATION('',(#3168),#3172);
#3168 = CIRCLE('',#3169,0.3);
#3169 = AXIS2_PLACEMENT_2D('',#3170,#3171);
#3170 = CARTESIAN_POINT('',(-1.35,3.35));
#3171 = DIRECTION('',(-1.,0.));
#3172 = ( GEOMETRIC_REPRESENTATION_CONTEXT(2) 
PARAMETRIC_REPRESENTATION_CONTEXT() REPRESENTATION_CONTEXT('2D SPACE',''
  ) );
#3173 = PCURVE('',#3174,#3179);
#3174 = CYLINDRICAL_SURFACE('',#3175,0.3);
#3175 = AXIS2_PLACEMENT_3D('',#3176,#3177,#3178);
#3176 = CARTESIAN_POINT('',(20.2,-3.35,3.65));
#3177 = DIRECTION('',(1.,0.,-0.));
#3178 = DIRECTION('',(0.,1.,0.));
#3179 = DEFINITIONAL_REPRESENTATION('',(#3180),#3184);
#3180 = LINE('',#3181,#3182);
#3181 = CARTESIAN_POINT('',(1.570796326795,8.));
#3182 = VECTOR('',#3183,1.);
#3183 = DIRECTION('',(-1.,0.));
#3184 = ( GEOMETRIC_REPRESENTATION_CONTEXT(2) 
PARAMETRIC_REPRESENTATION_CONTEXT() REPRESENTATION_CONTEXT('2D SPACE',''
  ) );
#3185 = ORIENTED_EDGE('',*,*,#3186,.T.);
#3186 = EDGE_CURVE('',#3158,#3081,#3187,.T.);
#3187 = SURFACE_CURVE('',#3188,(#3192,#3199),.PCURVE_S1.);
#3188 = LINE('',#3189,#3190);
#3189 = CARTESIAN_POINT('',(28.2,-3.05,3.65));
#3190 = VECTOR('',#3191,1.);
#3191 = DIRECTION('',(0.,1.644774851297E-16,-1.));
#3192 = PCURVE('',#2845,#3193);
#3193 = DEFINITIONAL_REPRESENTATION('',(#3194),#3198);
#3194 = LINE('',#3195,#3196);
#3195 = CARTESIAN_POINT('',(-1.35,3.05));
#3196 = VECTOR('',#3197,1.);
#3197 = DIRECTION('',(1.,-1.644774851297E-16));
#3198 = ( GEOMETRIC_REPRESENTATION_CONTEXT(2) 
PARAMETRIC_REPRESENTATION_CONTEXT() REPRESENTATION_CONTEXT('2D SPACE',''
  ) );
#3199 = PCURVE('',#1174,#3200);
#3200 = DEFINITIONAL_REPRESENTATION('',(#3201),#3205);
#3201 = LINE('',#3202,#3203);
#3202 = CARTESIAN_POINT('',(7.6,-94.9500002));
#3203 = VECTOR('',#3204,1.);
#3204 = DIRECTION('',(0.,-1.));
#3205 = ( GEOMETRIC_REPRESENTATION_CONTEXT(2) 
PARAMETRIC_REPRESENTATION_CONTEXT() REPRESENTATION_CONTEXT('2D SPACE',''
  ) );
#3206 = ORIENTED_EDGE('',*,*,#3080,.T.);
#3207 = ORIENTED_EDGE('',*,*,#2827,.T.);
#3208 = ORIENTED_EDGE('',*,*,#3209,.T.);
#3209 = EDGE_CURVE('',#2830,#3133,#3210,.T.);
#3210 = SURFACE_CURVE('',#3211,(#3215,#3222),.PCURVE_S1.);
#3211 = LINE('',#3212,#3213);
#3212 = CARTESIAN_POINT('',(28.2,-5.06,1.25));
#3213 = VECTOR('',#3214,1.);
#3214 = DIRECTION('',(0.,0.,1.));
#3215 = PCURVE('',#2845,#3216);
#3216 = DEFINITIONAL_REPRESENTATION('',(#3217),#3221);
#3217 = LINE('',#3218,#3219);
#3218 = CARTESIAN_POINT('',(1.05,5.06));
#3219 = VECTOR('',#3220,1.);
#3220 = DIRECTION('',(-1.,0.));
#3221 = ( GEOMETRIC_REPRESENTATION_CONTEXT(2) 
PARAMETRIC_REPRESENTATION_CONTEXT() REPRESENTATION_CONTEXT('2D SPACE',''
  ) );
#3222 = PCURVE('',#2786,#3223);
#3223 = DEFINITIONAL_REPRESENTATION('',(#3224),#3228);
#3224 = LINE('',#3225,#3226);
#3225 = CARTESIAN_POINT('',(0.,-28.2));
#3226 = VECTOR('',#3227,1.);
#3227 = DIRECTION('',(1.,0.));
#3228 = ( GEOMETRIC_REPRESENTATION_CONTEXT(2) 
PARAMETRIC_REPRESENTATION_CONTEXT() REPRESENTATION_CONTEXT('2D SPACE',''
  ) );
#3229 = ADVANCED_FACE('',(#3230),#3174,.T.);
#3230 = FACE_BOUND('',#3231,.F.);
#3231 = EDGE_LOOP('',(#3232,#3261,#3282,#3283));
#3232 = ORIENTED_EDGE('',*,*,#3233,.T.);
#3233 = EDGE_CURVE('',#3234,#3236,#3238,.T.);
#3234 = VERTEX_POINT('',#3235);
#3235 = CARTESIAN_POINT('',(20.2,-3.05,3.65));
#3236 = VERTEX_POINT('',#3237);
#3237 = CARTESIAN_POINT('',(20.2,-3.35,3.35));
#3238 = SURFACE_CURVE('',#3239,(#3244,#3250),.PCURVE_S1.);
#3239 = CIRCLE('',#3240,0.3);
#3240 = AXIS2_PLACEMENT_3D('',#3241,#3242,#3243);
#3241 = CARTESIAN_POINT('',(20.2,-3.35,3.65));
#3242 = DIRECTION('',(-1.,1.224646799147E-16,0.));
#3243 = DIRECTION('',(-1.224646799147E-16,-1.,0.));
#3244 = PCURVE('',#3174,#3245);
#3245 = DEFINITIONAL_REPRESENTATION('',(#3246),#3249);
#3246 = B_SPLINE_CURVE_WITH_KNOTS('',1,(#3247,#3248),.UNSPECIFIED.,.F.,
  .F.,(2,2),(3.14159265359,4.712388980385),.PIECEWISE_BEZIER_KNOTS.);
#3247 = CARTESIAN_POINT('',(0.,1.7763568394E-15));
#3248 = CARTESIAN_POINT('',(-1.570796326795,1.7763568394E-15));
#3249 = ( GEOMETRIC_REPRESENTATION_CONTEXT(2) 
PARAMETRIC_REPRESENTATION_CONTEXT() REPRESENTATION_CONTEXT('2D SPACE',''
  ) );
#3250 = PCURVE('',#3251,#3256);
#3251 = TOROIDAL_SURFACE('',#3252,3.5,0.3);
#3252 = AXIS2_PLACEMENT_3D('',#3253,#3254,#3255);
#3253 = CARTESIAN_POINT('',(20.2,0.15,3.65));
#3254 = DIRECTION('',(0.,0.,1.));
#3255 = DIRECTION('',(0.,1.,-0.));
#3256 = DEFINITIONAL_REPRESENTATION('',(#3257),#3260);
#3257 = B_SPLINE_CURVE_WITH_KNOTS('',1,(#3258,#3259),.UNSPECIFIED.,.F.,
  .F.,(2,2),(3.14159265359,4.712388980385),.PIECEWISE_BEZIER_KNOTS.);
#3258 = CARTESIAN_POINT('',(3.14159265359,3.14159265359));
#3259 = CARTESIAN_POINT('',(3.14159265359,4.712388980385));
#3260 = ( GEOMETRIC_REPRESENTATION_CONTEXT(2) 
PARAMETRIC_REPRESENTATION_CONTEXT() REPRESENTATION_CONTEXT('2D SPACE',''
  ) );
#3261 = ORIENTED_EDGE('',*,*,#3262,.T.);
#3262 = EDGE_CURVE('',#3236,#3135,#3263,.T.);
#3263 = SURFACE_CURVE('',#3264,(#3268,#3275),.PCURVE_S1.);
#3264 = LINE('',#3265,#3266);
#3265 = CARTESIAN_POINT('',(20.2,-3.35,3.35));
#3266 = VECTOR('',#3267,1.);
#3267 = DIRECTION('',(1.,0.,-0.));
#3268 = PCURVE('',#3174,#3269);
#3269 = DEFINITIONAL_REPRESENTATION('',(#3270),#3274);
#3270 = LINE('',#3271,#3272);
#3271 = CARTESIAN_POINT('',(-1.570796326795,0.));
#3272 = VECTOR('',#3273,1.);
#3273 = DIRECTION('',(-0.,1.));
#3274 = ( GEOMETRIC_REPRESENTATION_CONTEXT(2) 
PARAMETRIC_REPRESENTATION_CONTEXT() REPRESENTATION_CONTEXT('2D SPACE',''
  ) );
#3275 = PCURVE('',#2812,#3276);
#3276 = DEFINITIONAL_REPRESENTATION('',(#3277),#3281);
#3277 = LINE('',#3278,#3279);
#3278 = CARTESIAN_POINT('',(1.71,-20.2));
#3279 = VECTOR('',#3280,1.);
#3280 = DIRECTION('',(0.,-1.));
#3281 = ( GEOMETRIC_REPRESENTATION_CONTEXT(2) 
PARAMETRIC_REPRESENTATION_CONTEXT() REPRESENTATION_CONTEXT('2D SPACE',''
  ) );
#3282 = ORIENTED_EDGE('',*,*,#3157,.F.);
#3283 = ORIENTED_EDGE('',*,*,#3284,.F.);
#3284 = EDGE_CURVE('',#3234,#3158,#3285,.T.);
#3285 = SURFACE_CURVE('',#3286,(#3290,#3297),.PCURVE_S1.);
#3286 = LINE('',#3287,#3288);
#3287 = CARTESIAN_POINT('',(20.2,-3.05,3.65));
#3288 = VECTOR('',#3289,1.);
#3289 = DIRECTION('',(1.,0.,-0.));
#3290 = PCURVE('',#3174,#3291);
#3291 = DEFINITIONAL_REPRESENTATION('',(#3292),#3296);
#3292 = LINE('',#3293,#3294);
#3293 = CARTESIAN_POINT('',(-0.,0.));
#3294 = VECTOR('',#3295,1.);
#3295 = DIRECTION('',(-0.,1.));
#3296 = ( GEOMETRIC_REPRESENTATION_CONTEXT(2) 
PARAMETRIC_REPRESENTATION_CONTEXT() REPRESENTATION_CONTEXT('2D SPACE',''
  ) );
#3297 = PCURVE('',#1174,#3298);
#3298 = DEFINITIONAL_REPRESENTATION('',(#3299),#3303);
#3299 = LINE('',#3300,#3301);
#3300 = CARTESIAN_POINT('',(15.6,-94.9500002));
#3301 = VECTOR('',#3302,1.);
#3302 = DIRECTION('',(-1.,0.));
#3303 = ( GEOMETRIC_REPRESENTATION_CONTEXT(2) 
PARAMETRIC_REPRESENTATION_CONTEXT() REPRESENTATION_CONTEXT('2D SPACE',''
  ) );
#3304 = ADVANCED_FACE('',(#3305),#3251,.T.);
#3305 = FACE_BOUND('',#3306,.T.);
#3306 = EDGE_LOOP('',(#3307,#3329,#3351,#3352));
#3307 = ORIENTED_EDGE('',*,*,#3308,.F.);
#3308 = EDGE_CURVE('',#1270,#3309,#3311,.T.);
#3309 = VERTEX_POINT('',#3310);
#3310 = CARTESIAN_POINT('',(20.2,3.65,3.35));
#3311 = SURFACE_CURVE('',#3312,(#3317,#3323),.PCURVE_S1.);
#3312 = CIRCLE('',#3313,0.3);
#3313 = AXIS2_PLACEMENT_3D('',#3314,#3315,#3316);
#3314 = CARTESIAN_POINT('',(20.2,3.65,3.65));
#3315 = DIRECTION('',(1.,-0.,-0.));
#3316 = DIRECTION('',(-0.,-1.,0.));
#3317 = PCURVE('',#3251,#3318);
#3318 = DEFINITIONAL_REPRESENTATION('',(#3319),#3322);
#3319 = B_SPLINE_CURVE_WITH_KNOTS('',1,(#3320,#3321),.UNSPECIFIED.,.F.,
  .F.,(2,2),(0.,1.570796326795),.PIECEWISE_BEZIER_KNOTS.);
#3320 = CARTESIAN_POINT('',(-4.440892098501E-16,3.14159265359));
#3321 = CARTESIAN_POINT('',(-4.440892098501E-16,4.712388980385));
#3322 = ( GEOMETRIC_REPRESENTATION_CONTEXT(2) 
PARAMETRIC_REPRESENTATION_CONTEXT() REPRESENTATION_CONTEXT('2D SPACE',''
  ) );
#3323 = PCURVE('',#1313,#3324);
#3324 = DEFINITIONAL_REPRESENTATION('',(#3325),#3328);
#3325 = B_SPLINE_CURVE_WITH_KNOTS('',1,(#3326,#3327),.UNSPECIFIED.,.F.,
  .F.,(2,2),(0.,1.570796326795),.PIECEWISE_BEZIER_KNOTS.);
#3326 = CARTESIAN_POINT('',(0.,8.));
#3327 = CARTESIAN_POINT('',(-1.570796326795,8.));
#3328 = ( GEOMETRIC_REPRESENTATION_CONTEXT(2) 
PARAMETRIC_REPRESENTATION_CONTEXT() REPRESENTATION_CONTEXT('2D SPACE',''
  ) );
#3329 = ORIENTED_EDGE('',*,*,#3330,.T.);
#3330 = EDGE_CURVE('',#1270,#3234,#3331,.T.);
#3331 = SURFACE_CURVE('',#3332,(#3337,#3344),.PCURVE_S1.);
#3332 = CIRCLE('',#3333,3.2);
#3333 = AXIS2_PLACEMENT_3D('',#3334,#3335,#3336);
#3334 = CARTESIAN_POINT('',(20.2,0.15,3.65));
#3335 = DIRECTION('',(0.,0.,1.));
#3336 = DIRECTION('',(0.,1.,-0.));
#3337 = PCURVE('',#3251,#3338);
#3338 = DEFINITIONAL_REPRESENTATION('',(#3339),#3343);
#3339 = LINE('',#3340,#3341);
#3340 = CARTESIAN_POINT('',(0.,3.14159265359));
#3341 = VECTOR('',#3342,1.);
#3342 = DIRECTION('',(1.,0.));
#3343 = ( GEOMETRIC_REPRESENTATION_CONTEXT(2) 
PARAMETRIC_REPRESENTATION_CONTEXT() REPRESENTATION_CONTEXT('2D SPACE',''
  ) );
#3344 = PCURVE('',#1285,#3345);
#3345 = DEFINITIONAL_REPRESENTATION('',(#3346),#3350);
#3346 = LINE('',#3347,#3348);
#3347 = CARTESIAN_POINT('',(-3.14159265359,-94.9500002));
#3348 = VECTOR('',#3349,1.);
#3349 = DIRECTION('',(1.,-0.));
#3350 = ( GEOMETRIC_REPRESENTATION_CONTEXT(2) 
PARAMETRIC_REPRESENTATION_CONTEXT() REPRESENTATION_CONTEXT('2D SPACE',''
  ) );
#3351 = ORIENTED_EDGE('',*,*,#3233,.T.);
#3352 = ORIENTED_EDGE('',*,*,#3353,.F.);
#3353 = EDGE_CURVE('',#3309,#3236,#3354,.T.);
#3354 = SURFACE_CURVE('',#3355,(#3360,#3367),.PCURVE_S1.);
#3355 = CIRCLE('',#3356,3.5);
#3356 = AXIS2_PLACEMENT_3D('',#3357,#3358,#3359);
#3357 = CARTESIAN_POINT('',(20.2,0.15,3.35));
#3358 = DIRECTION('',(0.,0.,1.));
#3359 = DIRECTION('',(0.,1.,-0.));
#3360 = PCURVE('',#3251,#3361);
#3361 = DEFINITIONAL_REPRESENTATION('',(#3362),#3366);
#3362 = LINE('',#3363,#3364);
#3363 = CARTESIAN_POINT('',(0.,4.712388980385));
#3364 = VECTOR('',#3365,1.);
#3365 = DIRECTION('',(1.,0.));
#3366 = ( GEOMETRIC_REPRESENTATION_CONTEXT(2) 
PARAMETRIC_REPRESENTATION_CONTEXT() REPRESENTATION_CONTEXT('2D SPACE',''
  ) );
#3367 = PCURVE('',#2812,#3368);
#3368 = DEFINITIONAL_REPRESENTATION('',(#3369),#3373);
#3369 = CIRCLE('',#3370,3.5);
#3370 = AXIS2_PLACEMENT_2D('',#3371,#3372);
#3371 = CARTESIAN_POINT('',(5.21,-20.2));
#3372 = DIRECTION('',(1.,0.));
#3373 = ( GEOMETRIC_REPRESENTATION_CONTEXT(2) 
PARAMETRIC_REPRESENTATION_CONTEXT() REPRESENTATION_CONTEXT('2D SPACE',''
  ) );
#3374 = ADVANCED_FACE('',(#3375),#2786,.F.);
#3375 = FACE_BOUND('',#3376,.F.);
#3376 = EDGE_LOOP('',(#3377,#3378,#3379,#3400));
#3377 = ORIENTED_EDGE('',*,*,#2857,.T.);
#3378 = ORIENTED_EDGE('',*,*,#3209,.T.);
#3379 = ORIENTED_EDGE('',*,*,#3380,.F.);
#3380 = EDGE_CURVE('',#2771,#3133,#3381,.T.);
#3381 = SURFACE_CURVE('',#3382,(#3386,#3393),.PCURVE_S1.);
#3382 = LINE('',#3383,#3384);
#3383 = CARTESIAN_POINT('',(-2.22044604925E-16,-5.06,3.35));
#3384 = VECTOR('',#3385,1.);
#3385 = DIRECTION('',(1.,0.,0.));
#3386 = PCURVE('',#2786,#3387);
#3387 = DEFINITIONAL_REPRESENTATION('',(#3388),#3392);
#3388 = LINE('',#3389,#3390);
#3389 = CARTESIAN_POINT('',(2.1,0.));
#3390 = VECTOR('',#3391,1.);
#3391 = DIRECTION('',(0.,-1.));
#3392 = ( GEOMETRIC_REPRESENTATION_CONTEXT(2) 
PARAMETRIC_REPRESENTATION_CONTEXT() REPRESENTATION_CONTEXT('2D SPACE',''
  ) );
#3393 = PCURVE('',#2812,#3394);
#3394 = DEFINITIONAL_REPRESENTATION('',(#3395),#3399);
#3395 = LINE('',#3396,#3397);
#3396 = CARTESIAN_POINT('',(0.,0.));
#3397 = VECTOR('',#3398,1.);
#3398 = DIRECTION('',(0.,-1.));
#3399 = ( GEOMETRIC_REPRESENTATION_CONTEXT(2) 
PARAMETRIC_REPRESENTATION_CONTEXT() REPRESENTATION_CONTEXT('2D SPACE',''
  ) );
#3400 = ORIENTED_EDGE('',*,*,#2770,.F.);
#3401 = ADVANCED_FACE('',(#3402),#2812,.F.);
#3402 = FACE_BOUND('',#3403,.F.);
#3403 = EDGE_LOOP('',(#3404,#3429,#3450,#3451,#3452,#3453,#3454,#3455));
#3404 = ORIENTED_EDGE('',*,*,#3405,.T.);
#3405 = EDGE_CURVE('',#3406,#3408,#3410,.T.);
#3406 = VERTEX_POINT('',#3407);
#3407 = CARTESIAN_POINT('',(28.2,3.65,3.35));
#3408 = VERTEX_POINT('',#3409);
#3409 = CARTESIAN_POINT('',(28.2,5.06,3.35));
#3410 = SURFACE_CURVE('',#3411,(#3415,#3422),.PCURVE_S1.);
#3411 = LINE('',#3412,#3413);
#3412 = CARTESIAN_POINT('',(28.2,-5.06,3.35));
#3413 = VECTOR('',#3414,1.);
#3414 = DIRECTION('',(-0.,1.,0.));
#3415 = PCURVE('',#2812,#3416);
#3416 = DEFINITIONAL_REPRESENTATION('',(#3417),#3421);
#3417 = LINE('',#3418,#3419);
#3418 = CARTESIAN_POINT('',(0.,-28.2));
#3419 = VECTOR('',#3420,1.);
#3420 = DIRECTION('',(1.,0.));
#3421 = ( GEOMETRIC_REPRESENTATION_CONTEXT(2) 
PARAMETRIC_REPRESENTATION_CONTEXT() REPRESENTATION_CONTEXT('2D SPACE',''
  ) );
#3422 = PCURVE('',#1341,#3423);
#3423 = DEFINITIONAL_REPRESENTATION('',(#3424),#3428);
#3424 = LINE('',#3425,#3426);
#3425 = CARTESIAN_POINT('',(-1.05,5.06));
#3426 = VECTOR('',#3427,1.);
#3427 = DIRECTION('',(0.,-1.));
#3428 = ( GEOMETRIC_REPRESENTATION_CONTEXT(2) 
PARAMETRIC_REPRESENTATION_CONTEXT() REPRESENTATION_CONTEXT('2D SPACE',''
  ) );
#3429 = ORIENTED_EDGE('',*,*,#3430,.F.);
#3430 = EDGE_CURVE('',#2713,#3408,#3431,.T.);
#3431 = SURFACE_CURVE('',#3432,(#3436,#3443),.PCURVE_S1.);
#3432 = LINE('',#3433,#3434);
#3433 = CARTESIAN_POINT('',(-2.22044604925E-16,5.06,3.35));
#3434 = VECTOR('',#3435,1.);
#3435 = DIRECTION('',(1.,0.,0.));
#3436 = PCURVE('',#2812,#3437);
#3437 = DEFINITIONAL_REPRESENTATION('',(#3438),#3442);
#3438 = LINE('',#3439,#3440);
#3439 = CARTESIAN_POINT('',(10.12,0.));
#3440 = VECTOR('',#3441,1.);
#3441 = DIRECTION('',(0.,-1.));
#3442 = ( GEOMETRIC_REPRESENTATION_CONTEXT(2) 
PARAMETRIC_REPRESENTATION_CONTEXT() REPRESENTATION_CONTEXT('2D SPACE',''
  ) );
#3443 = PCURVE('',#2730,#3444);
#3444 = DEFINITIONAL_REPRESENTATION('',(#3445),#3449);
#3445 = LINE('',#3446,#3447);
#3446 = CARTESIAN_POINT('',(0.,0.));
#3447 = VECTOR('',#3448,1.);
#3448 = DIRECTION('',(0.,-1.));
#3449 = ( GEOMETRIC_REPRESENTATION_CONTEXT(2) 
PARAMETRIC_REPRESENTATION_CONTEXT() REPRESENTATION_CONTEXT('2D SPACE',''
  ) );
#3450 = ORIENTED_EDGE('',*,*,#2798,.F.);
#3451 = ORIENTED_EDGE('',*,*,#3380,.T.);
#3452 = ORIENTED_EDGE('',*,*,#3132,.T.);
#3453 = ORIENTED_EDGE('',*,*,#3262,.F.);
#3454 = ORIENTED_EDGE('',*,*,#3353,.F.);
#3455 = ORIENTED_EDGE('',*,*,#3456,.F.);
#3456 = EDGE_CURVE('',#3406,#3309,#3457,.T.);
#3457 = SURFACE_CURVE('',#3458,(#3462,#3469),.PCURVE_S1.);
#3458 = LINE('',#3459,#3460);
#3459 = CARTESIAN_POINT('',(28.2,3.65,3.35));
#3460 = VECTOR('',#3461,1.);
#3461 = DIRECTION('',(-1.,0.,0.));
#3462 = PCURVE('',#2812,#3463);
#3463 = DEFINITIONAL_REPRESENTATION('',(#3464),#3468);
#3464 = LINE('',#3465,#3466);
#3465 = CARTESIAN_POINT('',(8.71,-28.2));
#3466 = VECTOR('',#3467,1.);
#3467 = DIRECTION('',(0.,1.));
#3468 = ( GEOMETRIC_REPRESENTATION_CONTEXT(2) 
PARAMETRIC_REPRESENTATION_CONTEXT() REPRESENTATION_CONTEXT('2D SPACE',''
  ) );
#3469 = PCURVE('',#1313,#3470);
#3470 = DEFINITIONAL_REPRESENTATION('',(#3471),#3475);
#3471 = LINE('',#3472,#3473);
#3472 = CARTESIAN_POINT('',(-1.570796326795,0.));
#3473 = VECTOR('',#3474,1.);
#3474 = DIRECTION('',(-0.,1.));
#3475 = ( GEOMETRIC_REPRESENTATION_CONTEXT(2) 
PARAMETRIC_REPRESENTATION_CONTEXT() REPRESENTATION_CONTEXT('2D SPACE',''
  ) );
#3476 = ADVANCED_FACE('',(#3477),#2730,.F.);
#3477 = FACE_BOUND('',#3478,.F.);
#3478 = EDGE_LOOP('',(#3479,#3480,#3501,#3502));
#3479 = ORIENTED_EDGE('',*,*,#3430,.T.);
#3480 = ORIENTED_EDGE('',*,*,#3481,.T.);
#3481 = EDGE_CURVE('',#3408,#2880,#3482,.T.);
#3482 = SURFACE_CURVE('',#3483,(#3487,#3494),.PCURVE_S1.);
#3483 = LINE('',#3484,#3485);
#3484 = CARTESIAN_POINT('',(28.2,5.06,3.35));
#3485 = VECTOR('',#3486,1.);
#3486 = DIRECTION('',(0.,-0.,-1.));
#3487 = PCURVE('',#2730,#3488);
#3488 = DEFINITIONAL_REPRESENTATION('',(#3489),#3493);
#3489 = LINE('',#3490,#3491);
#3490 = CARTESIAN_POINT('',(0.,-28.2));
#3491 = VECTOR('',#3492,1.);
#3492 = DIRECTION('',(1.,0.));
#3493 = ( GEOMETRIC_REPRESENTATION_CONTEXT(2) 
PARAMETRIC_REPRESENTATION_CONTEXT() REPRESENTATION_CONTEXT('2D SPACE',''
  ) );
#3494 = PCURVE('',#1341,#3495);
#3495 = DEFINITIONAL_REPRESENTATION('',(#3496),#3500);
#3496 = LINE('',#3497,#3498);
#3497 = CARTESIAN_POINT('',(-1.05,-5.06));
#3498 = VECTOR('',#3499,1.);
#3499 = DIRECTION('',(1.,0.));
#3500 = ( GEOMETRIC_REPRESENTATION_CONTEXT(2) 
PARAMETRIC_REPRESENTATION_CONTEXT() REPRESENTATION_CONTEXT('2D SPACE',''
  ) );
#3501 = ORIENTED_EDGE('',*,*,#2879,.F.);
#3502 = ORIENTED_EDGE('',*,*,#2712,.F.);
#3503 = ADVANCED_FACE('',(#3504),#1874,.T.);
#3504 = FACE_BOUND('',#3505,.T.);
#3505 = EDGE_LOOP('',(#3506,#3526,#3527,#3528));
#3506 = ORIENTED_EDGE('',*,*,#3507,.T.);
#3507 = EDGE_CURVE('',#1665,#2667,#3508,.T.);
#3508 = SURFACE_CURVE('',#3509,(#3514,#3520),.PCURVE_S1.);
#3509 = CIRCLE('',#3510,0.3);
#3510 = AXIS2_PLACEMENT_3D('',#3511,#3512,#3513);
#3511 = CARTESIAN_POINT('',(0.3,-5.9,0.3));
#3512 = DIRECTION('',(1.271035289593E-15,1.,-0.));
#3513 = DIRECTION('',(-1.,1.271035289593E-15,0.));
#3514 = PCURVE('',#1874,#3515);
#3515 = DEFINITIONAL_REPRESENTATION('',(#3516),#3519);
#3516 = B_SPLINE_CURVE_WITH_KNOTS('',1,(#3517,#3518),.UNSPECIFIED.,.F.,
  .F.,(2,2),(4.712388980385,6.28318530718),.PIECEWISE_BEZIER_KNOTS.);
#3517 = CARTESIAN_POINT('',(0.,0.));
#3518 = CARTESIAN_POINT('',(1.570796326795,0.));
#3519 = ( GEOMETRIC_REPRESENTATION_CONTEXT(2) 
PARAMETRIC_REPRESENTATION_CONTEXT() REPRESENTATION_CONTEXT('2D SPACE',''
  ) );
#3520 = PCURVE('',#1685,#3521);
#3521 = DEFINITIONAL_REPRESENTATION('',(#3522),#3525);
#3522 = B_SPLINE_CURVE_WITH_KNOTS('',1,(#3523,#3524),.UNSPECIFIED.,.F.,
  .F.,(2,2),(4.712388980385,6.28318530718),.PIECEWISE_BEZIER_KNOTS.);
#3523 = CARTESIAN_POINT('',(-1.570796326795,4.712388980385));
#3524 = CARTESIAN_POINT('',(-1.570796326795,6.28318530718));
#3525 = ( GEOMETRIC_REPRESENTATION_CONTEXT(2) 
PARAMETRIC_REPRESENTATION_CONTEXT() REPRESENTATION_CONTEXT('2D SPACE',''
  ) );
#3526 = ORIENTED_EDGE('',*,*,#2689,.T.);
#3527 = ORIENTED_EDGE('',*,*,#2511,.F.);
#3528 = ORIENTED_EDGE('',*,*,#1860,.F.);
#3529 = ADVANCED_FACE('',(#3530),#1685,.T.);
#3530 = FACE_BOUND('',#3531,.F.);
#3531 = EDGE_LOOP('',(#3532,#3552,#3553,#3554));
#3532 = ORIENTED_EDGE('',*,*,#3533,.F.);
#3533 = EDGE_CURVE('',#1663,#84,#3534,.T.);
#3534 = SURFACE_CURVE('',#3535,(#3540,#3546),.PCURVE_S1.);
#3535 = CIRCLE('',#3536,0.3);
#3536 = AXIS2_PLACEMENT_3D('',#3537,#3538,#3539);
#3537 = CARTESIAN_POINT('',(2.2,-7.8,0.3));
#3538 = DIRECTION('',(-1.,1.41301112225E-15,0.));
#3539 = DIRECTION('',(-1.41301112225E-15,-1.,0.));
#3540 = PCURVE('',#1685,#3541);
#3541 = DEFINITIONAL_REPRESENTATION('',(#3542),#3545);
#3542 = B_SPLINE_CURVE_WITH_KNOTS('',1,(#3543,#3544),.UNSPECIFIED.,.F.,
  .F.,(2,2),(4.712388980385,6.28318530718),.PIECEWISE_BEZIER_KNOTS.);
#3543 = CARTESIAN_POINT('',(8.074349270001E-16,4.712388980385));
#3544 = CARTESIAN_POINT('',(8.074349270001E-16,6.28318530718));
#3545 = ( GEOMETRIC_REPRESENTATION_CONTEXT(2) 
PARAMETRIC_REPRESENTATION_CONTEXT() REPRESENTATION_CONTEXT('2D SPACE',''
  ) );
#3546 = PCURVE('',#188,#3547);
#3547 = DEFINITIONAL_REPRESENTATION('',(#3548),#3551);
#3548 = B_SPLINE_CURVE_WITH_KNOTS('',1,(#3549,#3550),.UNSPECIFIED.,.F.,
  .F.,(2,2),(4.712388980385,6.28318530718),.PIECEWISE_BEZIER_KNOTS.);
#3549 = CARTESIAN_POINT('',(0.,89.6));
#3550 = CARTESIAN_POINT('',(1.570796326795,89.6));
#3551 = ( GEOMETRIC_REPRESENTATION_CONTEXT(2) 
PARAMETRIC_REPRESENTATION_CONTEXT() REPRESENTATION_CONTEXT('2D SPACE',''
  ) );
#3552 = ORIENTED_EDGE('',*,*,#1662,.T.);
#3553 = ORIENTED_EDGE('',*,*,#3507,.T.);
#3554 = ORIENTED_EDGE('',*,*,#3555,.F.);
#3555 = EDGE_CURVE('',#84,#2667,#3556,.T.);
#3556 = SURFACE_CURVE('',#3557,(#3562,#3569),.PCURVE_S1.);
#3557 = CIRCLE('',#3558,2.2);
#3558 = AXIS2_PLACEMENT_3D('',#3559,#3560,#3561);
#3559 = CARTESIAN_POINT('',(2.2,-5.9,0.3));
#3560 = DIRECTION('',(-0.,0.,-1.));
#3561 = DIRECTION('',(-2.22044604925E-15,-1.,0.));
#3562 = PCURVE('',#1685,#3563);
#3563 = DEFINITIONAL_REPRESENTATION('',(#3564),#3568);
#3564 = LINE('',#3565,#3566);
#3565 = CARTESIAN_POINT('',(-0.,6.28318530718));
#3566 = VECTOR('',#3567,1.);
#3567 = DIRECTION('',(-1.,0.));
#3568 = ( GEOMETRIC_REPRESENTATION_CONTEXT(2) 
PARAMETRIC_REPRESENTATION_CONTEXT() REPRESENTATION_CONTEXT('2D SPACE',''
  ) );
#3569 = PCURVE('',#106,#3570);
#3570 = DEFINITIONAL_REPRESENTATION('',(#3571),#3575);
#3571 = LINE('',#3572,#3573);
#3572 = CARTESIAN_POINT('',(-8.074349270001E-16,0.3));
#3573 = VECTOR('',#3574,1.);
#3574 = DIRECTION('',(-1.,0.));
#3575 = ( GEOMETRIC_REPRESENTATION_CONTEXT(2) 
PARAMETRIC_REPRESENTATION_CONTEXT() REPRESENTATION_CONTEXT('2D SPACE',''
  ) );
#3576 = ADVANCED_FACE('',(#3577),#1397,.F.);
#3577 = FACE_BOUND('',#3578,.T.);
#3578 = EDGE_LOOP('',(#3579,#3580,#3581,#3602));
#3579 = ORIENTED_EDGE('',*,*,#1381,.F.);
#3580 = ORIENTED_EDGE('',*,*,#3030,.T.);
#3581 = ORIENTED_EDGE('',*,*,#3582,.T.);
#3582 = EDGE_CURVE('',#3031,#1543,#3583,.T.);
#3583 = SURFACE_CURVE('',#3584,(#3588,#3595),.PCURVE_S1.);
#3584 = LINE('',#3585,#3586);
#3585 = CARTESIAN_POINT('',(20.2,-3.05,98.6000002));
#3586 = VECTOR('',#3587,1.);
#3587 = DIRECTION('',(0.,0.,-1.));
#3588 = PCURVE('',#1397,#3589);
#3589 = DEFINITIONAL_REPRESENTATION('',(#3590),#3594);
#3590 = LINE('',#3591,#3592);
#3591 = CARTESIAN_POINT('',(-0.,0.));
#3592 = VECTOR('',#3593,1.);
#3593 = DIRECTION('',(-0.,-1.));
#3594 = ( GEOMETRIC_REPRESENTATION_CONTEXT(2) 
PARAMETRIC_REPRESENTATION_CONTEXT() REPRESENTATION_CONTEXT('2D SPACE',''
  ) );
#3595 = PCURVE('',#1174,#3596);
#3596 = DEFINITIONAL_REPRESENTATION('',(#3597),#3601);
#3597 = LINE('',#3598,#3599);
#3598 = CARTESIAN_POINT('',(15.6,0.));
#3599 = VECTOR('',#3600,1.);
#3600 = DIRECTION('',(0.,-1.));
#3601 = ( GEOMETRIC_REPRESENTATION_CONTEXT(2) 
PARAMETRIC_REPRESENTATION_CONTEXT() REPRESENTATION_CONTEXT('2D SPACE',''
  ) );
#3602 = ORIENTED_EDGE('',*,*,#1569,.F.);
#3603 = ADVANCED_FACE('',(#3604),#1369,.T.);
#3604 = FACE_BOUND('',#3605,.T.);
#3605 = EDGE_LOOP('',(#3606,#3628,#3629,#3630));
#3606 = ORIENTED_EDGE('',*,*,#3607,.T.);
#3607 = EDGE_CURVE('',#1326,#2903,#3608,.T.);
#3608 = SURFACE_CURVE('',#3609,(#3614,#3621),.PCURVE_S1.);
#3609 = CIRCLE('',#3610,0.3);
#3610 = AXIS2_PLACEMENT_3D('',#3611,#3612,#3613);
#3611 = CARTESIAN_POINT('',(28.2,3.65,0.95));
#3612 = DIRECTION('',(-1.,-0.,-0.));
#3613 = DIRECTION('',(0.,0.,-1.));
#3614 = PCURVE('',#1369,#3615);
#3615 = DEFINITIONAL_REPRESENTATION('',(#3616),#3620);
#3616 = LINE('',#3617,#3618);
#3617 = CARTESIAN_POINT('',(-1.570796326795,3.552713678801E-15));
#3618 = VECTOR('',#3619,1.);
#3619 = DIRECTION('',(1.,0.));
#3620 = ( GEOMETRIC_REPRESENTATION_CONTEXT(2) 
PARAMETRIC_REPRESENTATION_CONTEXT() REPRESENTATION_CONTEXT('2D SPACE',''
  ) );
#3621 = PCURVE('',#1341,#3622);
#3622 = DEFINITIONAL_REPRESENTATION('',(#3623),#3627);
#3623 = CIRCLE('',#3624,0.3);
#3624 = AXIS2_PLACEMENT_2D('',#3625,#3626);
#3625 = CARTESIAN_POINT('',(1.35,-3.65));
#3626 = DIRECTION('',(1.,0.));
#3627 = ( GEOMETRIC_REPRESENTATION_CONTEXT(2) 
PARAMETRIC_REPRESENTATION_CONTEXT() REPRESENTATION_CONTEXT('2D SPACE',''
  ) );
#3628 = ORIENTED_EDGE('',*,*,#2925,.T.);
#3629 = ORIENTED_EDGE('',*,*,#3010,.F.);
#3630 = ORIENTED_EDGE('',*,*,#1353,.F.);
#3631 = ADVANCED_FACE('',(#3632),#1341,.T.);
#3632 = FACE_BOUND('',#3633,.T.);
#3633 = EDGE_LOOP('',(#3634,#3635,#3636,#3637,#3638,#3639));
#3634 = ORIENTED_EDGE('',*,*,#3405,.T.);
#3635 = ORIENTED_EDGE('',*,*,#3481,.T.);
#3636 = ORIENTED_EDGE('',*,*,#2902,.T.);
#3637 = ORIENTED_EDGE('',*,*,#3607,.F.);
#3638 = ORIENTED_EDGE('',*,*,#1325,.T.);
#3639 = ORIENTED_EDGE('',*,*,#3640,.T.);
#3640 = EDGE_CURVE('',#1298,#3406,#3641,.T.);
#3641 = SURFACE_CURVE('',#3642,(#3647,#3658),.PCURVE_S1.);
#3642 = CIRCLE('',#3643,0.3);
#3643 = AXIS2_PLACEMENT_3D('',#3644,#3645,#3646);
#3644 = CARTESIAN_POINT('',(28.2,3.65,3.65));
#3645 = DIRECTION('',(1.,-0.,0.));
#3646 = DIRECTION('',(0.,0.,-1.));
#3647 = PCURVE('',#1341,#3648);
#3648 = DEFINITIONAL_REPRESENTATION('',(#3649),#3657);
#3649 = ( BOUNDED_CURVE() B_SPLINE_CURVE(2,(#3650,#3651,#3652,#3653,
#3654,#3655,#3656),.UNSPECIFIED.,.T.,.F.) B_SPLINE_CURVE_WITH_KNOTS((1,2
    ,2,2,2,1),(-2.094395102393,0.,2.094395102393,4.188790204786,
6.28318530718,8.377580409573),.UNSPECIFIED.) CURVE() 
GEOMETRIC_REPRESENTATION_ITEM() RATIONAL_B_SPLINE_CURVE((1.,0.5,1.,0.5,
1.,0.5,1.)) REPRESENTATION_ITEM('') );
#3650 = CARTESIAN_POINT('',(-1.05,-3.65));
#3651 = CARTESIAN_POINT('',(-1.05,-4.169615242271));
#3652 = CARTESIAN_POINT('',(-1.5,-3.909807621135));
#3653 = CARTESIAN_POINT('',(-1.95,-3.65));
#3654 = CARTESIAN_POINT('',(-1.5,-3.390192378865));
#3655 = CARTESIAN_POINT('',(-1.05,-3.130384757729));
#3656 = CARTESIAN_POINT('',(-1.05,-3.65));
#3657 = ( GEOMETRIC_REPRESENTATION_CONTEXT(2) 
PARAMETRIC_REPRESENTATION_CONTEXT() REPRESENTATION_CONTEXT('2D SPACE',''
  ) );
#3658 = PCURVE('',#1313,#3659);
#3659 = DEFINITIONAL_REPRESENTATION('',(#3660),#3664);
#3660 = LINE('',#3661,#3662);
#3661 = CARTESIAN_POINT('',(4.712388980385,3.552713678801E-15));
#3662 = VECTOR('',#3663,1.);
#3663 = DIRECTION('',(-1.,0.));
#3664 = ( GEOMETRIC_REPRESENTATION_CONTEXT(2) 
PARAMETRIC_REPRESENTATION_CONTEXT() REPRESENTATION_CONTEXT('2D SPACE',''
  ) );
#3665 = ADVANCED_FACE('',(#3666),#1313,.T.);
#3666 = FACE_BOUND('',#3667,.F.);
#3667 = EDGE_LOOP('',(#3668,#3669,#3670,#3671));
#3668 = ORIENTED_EDGE('',*,*,#3640,.T.);
#3669 = ORIENTED_EDGE('',*,*,#3456,.T.);
#3670 = ORIENTED_EDGE('',*,*,#3308,.F.);
#3671 = ORIENTED_EDGE('',*,*,#1297,.F.);
#3672 = ADVANCED_FACE('',(#3673),#1285,.F.);
#3673 = FACE_BOUND('',#3674,.T.);
#3674 = EDGE_LOOP('',(#3675,#3676,#3700,#3721));
#3675 = ORIENTED_EDGE('',*,*,#1269,.F.);
#3676 = ORIENTED_EDGE('',*,*,#3677,.T.);
#3677 = EDGE_CURVE('',#1247,#3678,#3680,.T.);
#3678 = VERTEX_POINT('',#3679);
#3679 = CARTESIAN_POINT('',(20.2,-3.05,4.3));
#3680 = SURFACE_CURVE('',#3681,(#3686,#3693),.PCURVE_S1.);
#3681 = CIRCLE('',#3682,3.2);
#3682 = AXIS2_PLACEMENT_3D('',#3683,#3684,#3685);
#3683 = CARTESIAN_POINT('',(20.2,0.15,4.3));
#3684 = DIRECTION('',(0.,0.,1.));
#3685 = DIRECTION('',(0.,1.,-0.));
#3686 = PCURVE('',#1285,#3687);
#3687 = DEFINITIONAL_REPRESENTATION('',(#3688),#3692);
#3688 = LINE('',#3689,#3690);
#3689 = CARTESIAN_POINT('',(-3.14159265359,-94.3000002));
#3690 = VECTOR('',#3691,1.);
#3691 = DIRECTION('',(1.,-0.));
#3692 = ( GEOMETRIC_REPRESENTATION_CONTEXT(2) 
PARAMETRIC_REPRESENTATION_CONTEXT() REPRESENTATION_CONTEXT('2D SPACE',''
  ) );
#3693 = PCURVE('',#985,#3694);
#3694 = DEFINITIONAL_REPRESENTATION('',(#3695),#3699);
#3695 = LINE('',#3696,#3697);
#3696 = CARTESIAN_POINT('',(0.,3.14159265359));
#3697 = VECTOR('',#3698,1.);
#3698 = DIRECTION('',(1.,0.));
#3699 = ( GEOMETRIC_REPRESENTATION_CONTEXT(2) 
PARAMETRIC_REPRESENTATION_CONTEXT() REPRESENTATION_CONTEXT('2D SPACE',''
  ) );
#3700 = ORIENTED_EDGE('',*,*,#3701,.T.);
#3701 = EDGE_CURVE('',#3678,#3234,#3702,.T.);
#3702 = SURFACE_CURVE('',#3703,(#3707,#3714),.PCURVE_S1.);
#3703 = LINE('',#3704,#3705);
#3704 = CARTESIAN_POINT('',(20.2,-3.05,98.6000002));
#3705 = VECTOR('',#3706,1.);
#3706 = DIRECTION('',(0.,0.,-1.));
#3707 = PCURVE('',#1285,#3708);
#3708 = DEFINITIONAL_REPRESENTATION('',(#3709),#3713);
#3709 = LINE('',#3710,#3711);
#3710 = CARTESIAN_POINT('',(-0.,0.));
#3711 = VECTOR('',#3712,1.);
#3712 = DIRECTION('',(-0.,-1.));
#3713 = ( GEOMETRIC_REPRESENTATION_CONTEXT(2) 
PARAMETRIC_REPRESENTATION_CONTEXT() REPRESENTATION_CONTEXT('2D SPACE',''
  ) );
#3714 = PCURVE('',#1174,#3715);
#3715 = DEFINITIONAL_REPRESENTATION('',(#3716),#3720);
#3716 = LINE('',#3717,#3718);
#3717 = CARTESIAN_POINT('',(15.6,0.));
#3718 = VECTOR('',#3719,1.);
#3719 = DIRECTION('',(0.,-1.));
#3720 = ( GEOMETRIC_REPRESENTATION_CONTEXT(2) 
PARAMETRIC_REPRESENTATION_CONTEXT() REPRESENTATION_CONTEXT('2D SPACE',''
  ) );
#3721 = ORIENTED_EDGE('',*,*,#3330,.F.);
#3722 = ADVANCED_FACE('',(#3723),#1230,.T.);
#3723 = FACE_BOUND('',#3724,.F.);
#3724 = EDGE_LOOP('',(#3725,#3726,#3727,#3728));
#3725 = ORIENTED_EDGE('',*,*,#1616,.F.);
#3726 = ORIENTED_EDGE('',*,*,#2006,.T.);
#3727 = ORIENTED_EDGE('',*,*,#1438,.T.);
#3728 = ORIENTED_EDGE('',*,*,#1215,.F.);
#3729 = ADVANCED_FACE('',(#3730),#1174,.T.);
#3730 = FACE_BOUND('',#3731,.T.);
#3731 = EDGE_LOOP('',(#3732,#3733,#3754,#3755,#3756,#3757,#3758,#3759));
#3732 = ORIENTED_EDGE('',*,*,#3701,.F.);
#3733 = ORIENTED_EDGE('',*,*,#3734,.T.);
#3734 = EDGE_CURVE('',#3678,#1084,#3735,.T.);
#3735 = SURFACE_CURVE('',#3736,(#3740,#3747),.PCURVE_S1.);
#3736 = LINE('',#3737,#3738);
#3737 = CARTESIAN_POINT('',(20.2,-3.05,4.3));
#3738 = VECTOR('',#3739,1.);
#3739 = DIRECTION('',(1.,-0.,-0.));
#3740 = PCURVE('',#1174,#3741);
#3741 = DEFINITIONAL_REPRESENTATION('',(#3742),#3746);
#3742 = LINE('',#3743,#3744);
#3743 = CARTESIAN_POINT('',(15.6,-94.3000002));
#3744 = VECTOR('',#3745,1.);
#3745 = DIRECTION('',(-1.,0.));
#3746 = ( GEOMETRIC_REPRESENTATION_CONTEXT(2) 
PARAMETRIC_REPRESENTATION_CONTEXT() REPRESENTATION_CONTEXT('2D SPACE',''
  ) );
#3747 = PCURVE('',#1068,#3748);
#3748 = DEFINITIONAL_REPRESENTATION('',(#3749),#3753);
#3749 = LINE('',#3750,#3751);
#3750 = CARTESIAN_POINT('',(-1.570796326795,0.));
#3751 = VECTOR('',#3752,1.);
#3752 = DIRECTION('',(-0.,1.));
#3753 = ( GEOMETRIC_REPRESENTATION_CONTEXT(2) 
PARAMETRIC_REPRESENTATION_CONTEXT() REPRESENTATION_CONTEXT('2D SPACE',''
  ) );
#3754 = ORIENTED_EDGE('',*,*,#1158,.T.);
#3755 = ORIENTED_EDGE('',*,*,#1595,.F.);
#3756 = ORIENTED_EDGE('',*,*,#3582,.F.);
#3757 = ORIENTED_EDGE('',*,*,#3108,.T.);
#3758 = ORIENTED_EDGE('',*,*,#3186,.F.);
#3759 = ORIENTED_EDGE('',*,*,#3284,.F.);
#3760 = ADVANCED_FACE('',(#3761),#1068,.T.);
#3761 = FACE_BOUND('',#3762,.F.);
#3762 = EDGE_LOOP('',(#3763,#3783,#3784,#3785));
#3763 = ORIENTED_EDGE('',*,*,#3764,.T.);
#3764 = EDGE_CURVE('',#969,#3678,#3765,.T.);
#3765 = SURFACE_CURVE('',#3766,(#3771,#3777),.PCURVE_S1.);
#3766 = CIRCLE('',#3767,0.3);
#3767 = AXIS2_PLACEMENT_3D('',#3768,#3769,#3770);
#3768 = CARTESIAN_POINT('',(20.2,-3.35,4.3));
#3769 = DIRECTION('',(-1.,1.224646799147E-16,0.));
#3770 = DIRECTION('',(-1.224646799147E-16,-1.,0.));
#3771 = PCURVE('',#1068,#3772);
#3772 = DEFINITIONAL_REPRESENTATION('',(#3773),#3776);
#3773 = B_SPLINE_CURVE_WITH_KNOTS('',1,(#3774,#3775),.UNSPECIFIED.,.F.,
  .F.,(2,2),(1.570796326795,3.14159265359),.PIECEWISE_BEZIER_KNOTS.);
#3774 = CARTESIAN_POINT('',(0.,1.7763568394E-15));
#3775 = CARTESIAN_POINT('',(-1.570796326795,1.7763568394E-15));
#3776 = ( GEOMETRIC_REPRESENTATION_CONTEXT(2) 
PARAMETRIC_REPRESENTATION_CONTEXT() REPRESENTATION_CONTEXT('2D SPACE',''
  ) );
#3777 = PCURVE('',#985,#3778);
#3778 = DEFINITIONAL_REPRESENTATION('',(#3779),#3782);
#3779 = B_SPLINE_CURVE_WITH_KNOTS('',1,(#3780,#3781),.UNSPECIFIED.,.F.,
  .F.,(2,2),(1.570796326795,3.14159265359),.PIECEWISE_BEZIER_KNOTS.);
#3780 = CARTESIAN_POINT('',(3.14159265359,1.570796326795));
#3781 = CARTESIAN_POINT('',(3.14159265359,3.14159265359));
#3782 = ( GEOMETRIC_REPRESENTATION_CONTEXT(2) 
PARAMETRIC_REPRESENTATION_CONTEXT() REPRESENTATION_CONTEXT('2D SPACE',''
  ) );
#3783 = ORIENTED_EDGE('',*,*,#3734,.T.);
#3784 = ORIENTED_EDGE('',*,*,#1083,.F.);
#3785 = ORIENTED_EDGE('',*,*,#1054,.F.);
#3786 = ADVANCED_FACE('',(#3787),#1013,.T.);
#3787 = FACE_BOUND('',#3788,.F.);
#3788 = EDGE_LOOP('',(#3789,#3790,#3791,#3811));
#3789 = ORIENTED_EDGE('',*,*,#1106,.T.);
#3790 = ORIENTED_EDGE('',*,*,#1246,.T.);
#3791 = ORIENTED_EDGE('',*,*,#3792,.F.);
#3792 = EDGE_CURVE('',#967,#1247,#3793,.T.);
#3793 = SURFACE_CURVE('',#3794,(#3799,#3805),.PCURVE_S1.);
#3794 = CIRCLE('',#3795,0.3);
#3795 = AXIS2_PLACEMENT_3D('',#3796,#3797,#3798);
#3796 = CARTESIAN_POINT('',(20.2,3.65,4.3));
#3797 = DIRECTION('',(1.,-4.440892098501E-16,0.));
#3798 = DIRECTION('',(4.440892098501E-16,1.,0.));
#3799 = PCURVE('',#1013,#3800);
#3800 = DEFINITIONAL_REPRESENTATION('',(#3801),#3804);
#3801 = B_SPLINE_CURVE_WITH_KNOTS('',1,(#3802,#3803),.UNSPECIFIED.,.F.,
  .F.,(2,2),(1.570796326795,3.14159265359),.PIECEWISE_BEZIER_KNOTS.);
#3802 = CARTESIAN_POINT('',(0.,15.6));
#3803 = CARTESIAN_POINT('',(-1.570796326795,15.6));
#3804 = ( GEOMETRIC_REPRESENTATION_CONTEXT(2) 
PARAMETRIC_REPRESENTATION_CONTEXT() REPRESENTATION_CONTEXT('2D SPACE',''
  ) );
#3805 = PCURVE('',#985,#3806);
#3806 = DEFINITIONAL_REPRESENTATION('',(#3807),#3810);
#3807 = B_SPLINE_CURVE_WITH_KNOTS('',1,(#3808,#3809),.UNSPECIFIED.,.F.,
  .F.,(2,2),(1.570796326795,3.14159265359),.PIECEWISE_BEZIER_KNOTS.);
#3808 = CARTESIAN_POINT('',(-4.440892098501E-16,1.570796326795));
#3809 = CARTESIAN_POINT('',(-4.440892098501E-16,3.14159265359));
#3810 = ( GEOMETRIC_REPRESENTATION_CONTEXT(2) 
PARAMETRIC_REPRESENTATION_CONTEXT() REPRESENTATION_CONTEXT('2D SPACE',''
  ) );
#3811 = ORIENTED_EDGE('',*,*,#997,.F.);
#3812 = ADVANCED_FACE('',(#3813),#985,.T.);
#3813 = FACE_BOUND('',#3814,.T.);
#3814 = EDGE_LOOP('',(#3815,#3816,#3817,#3818));
#3815 = ORIENTED_EDGE('',*,*,#3792,.F.);
#3816 = ORIENTED_EDGE('',*,*,#966,.T.);
#3817 = ORIENTED_EDGE('',*,*,#3764,.T.);
#3818 = ORIENTED_EDGE('',*,*,#3677,.F.);
#3819 = ADVANCED_FACE('',(#3820),#926,.T.);
#3820 = FACE_BOUND('',#3821,.T.);
#3821 = EDGE_LOOP('',(#3822,#3842,#3843,#3863));
#3822 = ORIENTED_EDGE('',*,*,#3823,.F.);
#3823 = EDGE_CURVE('',#910,#2108,#3824,.T.);
#3824 = SURFACE_CURVE('',#3825,(#3830,#3836),.PCURVE_S1.);
#3825 = CIRCLE('',#3826,0.3);
#3826 = AXIS2_PLACEMENT_3D('',#3827,#3828,#3829);
#3827 = CARTESIAN_POINT('',(61.95,-3.5,4.3));
#3828 = DIRECTION('',(-1.,0.,0.));
#3829 = DIRECTION('',(0.,0.,1.));
#3830 = PCURVE('',#926,#3831);
#3831 = DEFINITIONAL_REPRESENTATION('',(#3832),#3835);
#3832 = B_SPLINE_CURVE_WITH_KNOTS('',1,(#3833,#3834),.UNSPECIFIED.,.F.,
  .F.,(2,2),(0.,1.570796326795),.PIECEWISE_BEZIER_KNOTS.);
#3833 = CARTESIAN_POINT('',(0.,1.570796326795));
#3834 = CARTESIAN_POINT('',(0.,3.14159265359));
#3835 = ( GEOMETRIC_REPRESENTATION_CONTEXT(2) 
PARAMETRIC_REPRESENTATION_CONTEXT() REPRESENTATION_CONTEXT('2D SPACE',''
  ) );
#3836 = PCURVE('',#952,#3837);
#3837 = DEFINITIONAL_REPRESENTATION('',(#3838),#3841);
#3838 = B_SPLINE_CURVE_WITH_KNOTS('',1,(#3839,#3840),.UNSPECIFIED.,.F.,
  .F.,(2,2),(0.,1.570796326795),.PIECEWISE_BEZIER_KNOTS.);
#3839 = CARTESIAN_POINT('',(0.,11.9));
#3840 = CARTESIAN_POINT('',(-1.570796326795,11.9));
#3841 = ( GEOMETRIC_REPRESENTATION_CONTEXT(2) 
PARAMETRIC_REPRESENTATION_CONTEXT() REPRESENTATION_CONTEXT('2D SPACE',''
  ) );
#3842 = ORIENTED_EDGE('',*,*,#909,.T.);
#3843 = ORIENTED_EDGE('',*,*,#3844,.T.);
#3844 = EDGE_CURVE('',#882,#2136,#3845,.T.);
#3845 = SURFACE_CURVE('',#3846,(#3851,#3857),.PCURVE_S1.);
#3846 = CIRCLE('',#3847,0.3);
#3847 = AXIS2_PLACEMENT_3D('',#3848,#3849,#3850);
#3848 = CARTESIAN_POINT('',(61.95,3.2,4.3));
#3849 = DIRECTION('',(1.,-5.665538897648E-16,0.));
#3850 = DIRECTION('',(5.665538897648E-16,1.,0.));
#3851 = PCURVE('',#926,#3852);
#3852 = DEFINITIONAL_REPRESENTATION('',(#3853),#3856);
#3853 = B_SPLINE_CURVE_WITH_KNOTS('',1,(#3854,#3855),.UNSPECIFIED.,.F.,
  .F.,(2,2),(1.570796326795,3.14159265359),.PIECEWISE_BEZIER_KNOTS.);
#3854 = CARTESIAN_POINT('',(3.14159265359,1.570796326795));
#3855 = CARTESIAN_POINT('',(3.14159265359,3.14159265359));
#3856 = ( GEOMETRIC_REPRESENTATION_CONTEXT(2) 
PARAMETRIC_REPRESENTATION_CONTEXT() REPRESENTATION_CONTEXT('2D SPACE',''
  ) );
#3857 = PCURVE('',#897,#3858);
#3858 = DEFINITIONAL_REPRESENTATION('',(#3859),#3862);
#3859 = B_SPLINE_CURVE_WITH_KNOTS('',1,(#3860,#3861),.UNSPECIFIED.,.F.,
  .F.,(2,2),(1.570796326795,3.14159265359),.PIECEWISE_BEZIER_KNOTS.);
#3860 = CARTESIAN_POINT('',(0.,0.));
#3861 = CARTESIAN_POINT('',(-1.570796326795,0.));
#3862 = ( GEOMETRIC_REPRESENTATION_CONTEXT(2) 
PARAMETRIC_REPRESENTATION_CONTEXT() REPRESENTATION_CONTEXT('2D SPACE',''
  ) );
#3863 = ORIENTED_EDGE('',*,*,#2135,.F.);
#3864 = ADVANCED_FACE('',(#3865),#952,.T.);
#3865 = FACE_BOUND('',#3866,.F.);
#3866 = EDGE_LOOP('',(#3867,#3887,#3888,#3889));
#3867 = ORIENTED_EDGE('',*,*,#3868,.T.);
#3868 = EDGE_CURVE('',#853,#2267,#3869,.T.);
#3869 = SURFACE_CURVE('',#3870,(#3875,#3881),.PCURVE_S1.);
#3870 = CIRCLE('',#3871,0.3);
#3871 = AXIS2_PLACEMENT_3D('',#3872,#3873,#3874);
#3872 = CARTESIAN_POINT('',(50.05,-3.5,4.3));
#3873 = DIRECTION('',(-1.,5.665538897648E-16,0.));
#3874 = DIRECTION('',(-5.665538897648E-16,-1.,0.));
#3875 = PCURVE('',#952,#3876);
#3876 = DEFINITIONAL_REPRESENTATION('',(#3877),#3880);
#3877 = B_SPLINE_CURVE_WITH_KNOTS('',1,(#3878,#3879),.UNSPECIFIED.,.F.,
  .F.,(2,2),(1.570796326795,3.14159265359),.PIECEWISE_BEZIER_KNOTS.);
#3878 = CARTESIAN_POINT('',(0.,0.));
#3879 = CARTESIAN_POINT('',(-1.570796326795,0.));
#3880 = ( GEOMETRIC_REPRESENTATION_CONTEXT(2) 
PARAMETRIC_REPRESENTATION_CONTEXT() REPRESENTATION_CONTEXT('2D SPACE',''
  ) );
#3881 = PCURVE('',#869,#3882);
#3882 = DEFINITIONAL_REPRESENTATION('',(#3883),#3886);
#3883 = B_SPLINE_CURVE_WITH_KNOTS('',1,(#3884,#3885),.UNSPECIFIED.,.F.,
  .F.,(2,2),(1.570796326795,3.14159265359),.PIECEWISE_BEZIER_KNOTS.);
#3884 = CARTESIAN_POINT('',(3.14159265359,1.570796326795));
#3885 = CARTESIAN_POINT('',(3.14159265359,3.14159265359));
#3886 = ( GEOMETRIC_REPRESENTATION_CONTEXT(2) 
PARAMETRIC_REPRESENTATION_CONTEXT() REPRESENTATION_CONTEXT('2D SPACE',''
  ) );
#3887 = ORIENTED_EDGE('',*,*,#2339,.T.);
#3888 = ORIENTED_EDGE('',*,*,#3823,.F.);
#3889 = ORIENTED_EDGE('',*,*,#938,.F.);
#3890 = ADVANCED_FACE('',(#3891),#897,.T.);
#3891 = FACE_BOUND('',#3892,.F.);
#3892 = EDGE_LOOP('',(#3893,#3894,#3895,#3915));
#3893 = ORIENTED_EDGE('',*,*,#3844,.T.);
#3894 = ORIENTED_EDGE('',*,*,#2190,.T.);
#3895 = ORIENTED_EDGE('',*,*,#3896,.F.);
#3896 = EDGE_CURVE('',#851,#2191,#3897,.T.);
#3897 = SURFACE_CURVE('',#3898,(#3903,#3909),.PCURVE_S1.);
#3898 = CIRCLE('',#3899,0.3);
#3899 = AXIS2_PLACEMENT_3D('',#3900,#3901,#3902);
#3900 = CARTESIAN_POINT('',(50.05,3.2,4.3));
#3901 = DIRECTION('',(1.,0.,0.));
#3902 = DIRECTION('',(-0.,1.,0.));
#3903 = PCURVE('',#897,#3904);
#3904 = DEFINITIONAL_REPRESENTATION('',(#3905),#3908);
#3905 = B_SPLINE_CURVE_WITH_KNOTS('',1,(#3906,#3907),.UNSPECIFIED.,.F.,
  .F.,(2,2),(1.570796326795,3.14159265359),.PIECEWISE_BEZIER_KNOTS.);
#3906 = CARTESIAN_POINT('',(0.,11.9));
#3907 = CARTESIAN_POINT('',(-1.570796326795,11.9));
#3908 = ( GEOMETRIC_REPRESENTATION_CONTEXT(2) 
PARAMETRIC_REPRESENTATION_CONTEXT() REPRESENTATION_CONTEXT('2D SPACE',''
  ) );
#3909 = PCURVE('',#869,#3910);
#3910 = DEFINITIONAL_REPRESENTATION('',(#3911),#3914);
#3911 = B_SPLINE_CURVE_WITH_KNOTS('',1,(#3912,#3913),.UNSPECIFIED.,.F.,
  .F.,(2,2),(1.570796326795,3.14159265359),.PIECEWISE_BEZIER_KNOTS.);
#3912 = CARTESIAN_POINT('',(0.,1.570796326795));
#3913 = CARTESIAN_POINT('',(0.,3.14159265359));
#3914 = ( GEOMETRIC_REPRESENTATION_CONTEXT(2) 
PARAMETRIC_REPRESENTATION_CONTEXT() REPRESENTATION_CONTEXT('2D SPACE',''
  ) );
#3915 = ORIENTED_EDGE('',*,*,#881,.F.);
#3916 = ADVANCED_FACE('',(#3917),#869,.T.);
#3917 = FACE_BOUND('',#3918,.T.);
#3918 = EDGE_LOOP('',(#3919,#3920,#3921,#3922));
#3919 = ORIENTED_EDGE('',*,*,#3896,.F.);
#3920 = ORIENTED_EDGE('',*,*,#850,.T.);
#3921 = ORIENTED_EDGE('',*,*,#3868,.T.);
#3922 = ORIENTED_EDGE('',*,*,#2266,.F.);
#3923 = ADVANCED_FACE('',(#3924),#810,.T.);
#3924 = FACE_BOUND('',#3925,.F.);
#3925 = EDGE_LOOP('',(#3926,#3946,#3947,#3967));
#3926 = ORIENTED_EDGE('',*,*,#3927,.F.);
#3927 = EDGE_CURVE('',#2590,#790,#3928,.T.);
#3928 = SURFACE_CURVE('',#3929,(#3934,#3940),.PCURVE_S1.);
#3929 = CIRCLE('',#3930,0.3);
#3930 = AXIS2_PLACEMENT_3D('',#3931,#3932,#3933);
#3931 = CARTESIAN_POINT('',(0.3,5.9,4.3));
#3932 = DIRECTION('',(0.,1.,-0.));
#3933 = DIRECTION('',(-1.,-0.,-0.));
#3934 = PCURVE('',#810,#3935);
#3935 = DEFINITIONAL_REPRESENTATION('',(#3936),#3939);
#3936 = B_SPLINE_CURVE_WITH_KNOTS('',1,(#3937,#3938),.UNSPECIFIED.,.F.,
  .F.,(2,2),(0.,1.570796326795),.PIECEWISE_BEZIER_KNOTS.);
#3937 = CARTESIAN_POINT('',(0.,0.));
#3938 = CARTESIAN_POINT('',(0.,1.570796326795));
#3939 = ( GEOMETRIC_REPRESENTATION_CONTEXT(2) 
PARAMETRIC_REPRESENTATION_CONTEXT() REPRESENTATION_CONTEXT('2D SPACE',''
  ) );
#3940 = PCURVE('',#836,#3941);
#3941 = DEFINITIONAL_REPRESENTATION('',(#3942),#3945);
#3942 = B_SPLINE_CURVE_WITH_KNOTS('',1,(#3943,#3944),.UNSPECIFIED.,.F.,
  .F.,(2,2),(0.,1.570796326795),.PIECEWISE_BEZIER_KNOTS.);
#3943 = CARTESIAN_POINT('',(0.,11.8));
#3944 = CARTESIAN_POINT('',(1.570796326795,11.8));
#3945 = ( GEOMETRIC_REPRESENTATION_CONTEXT(2) 
PARAMETRIC_REPRESENTATION_CONTEXT() REPRESENTATION_CONTEXT('2D SPACE',''
  ) );
#3946 = ORIENTED_EDGE('',*,*,#2617,.T.);
#3947 = ORIENTED_EDGE('',*,*,#3948,.T.);
#3948 = EDGE_CURVE('',#2566,#767,#3949,.T.);
#3949 = SURFACE_CURVE('',#3950,(#3955,#3961),.PCURVE_S1.);
#3950 = CIRCLE('',#3951,0.3);
#3951 = AXIS2_PLACEMENT_3D('',#3952,#3953,#3954);
#3952 = CARTESIAN_POINT('',(2.2,7.8,4.3));
#3953 = DIRECTION('',(1.,6.123233995737E-17,-0.));
#3954 = DIRECTION('',(-6.123233995737E-17,1.,0.));
#3955 = PCURVE('',#810,#3956);
#3956 = DEFINITIONAL_REPRESENTATION('',(#3957),#3960);
#3957 = B_SPLINE_CURVE_WITH_KNOTS('',1,(#3958,#3959),.UNSPECIFIED.,.F.,
  .F.,(2,2),(0.,1.570796326795),.PIECEWISE_BEZIER_KNOTS.);
#3958 = CARTESIAN_POINT('',(-1.570796326795,0.));
#3959 = CARTESIAN_POINT('',(-1.570796326795,1.570796326795));
#3960 = ( GEOMETRIC_REPRESENTATION_CONTEXT(2) 
PARAMETRIC_REPRESENTATION_CONTEXT() REPRESENTATION_CONTEXT('2D SPACE',''
  ) );
#3961 = PCURVE('',#590,#3962);
#3962 = DEFINITIONAL_REPRESENTATION('',(#3963),#3966);
#3963 = B_SPLINE_CURVE_WITH_KNOTS('',1,(#3964,#3965),.UNSPECIFIED.,.F.,
  .F.,(2,2),(0.,1.570796326795),.PIECEWISE_BEZIER_KNOTS.);
#3964 = CARTESIAN_POINT('',(0.,0.));
#3965 = CARTESIAN_POINT('',(1.570796326795,0.));
#3966 = ( GEOMETRIC_REPRESENTATION_CONTEXT(2) 
PARAMETRIC_REPRESENTATION_CONTEXT() REPRESENTATION_CONTEXT('2D SPACE',''
  ) );
#3967 = ORIENTED_EDGE('',*,*,#789,.F.);
#3968 = ADVANCED_FACE('',(#3969),#836,.T.);
#3969 = FACE_BOUND('',#3970,.T.);
#3970 = EDGE_LOOP('',(#3971,#3991,#3992,#3993));
#3971 = ORIENTED_EDGE('',*,*,#3972,.T.);
#3972 = EDGE_CURVE('',#2644,#661,#3973,.T.);
#3973 = SURFACE_CURVE('',#3974,(#3979,#3985),.PCURVE_S1.);
#3974 = CIRCLE('',#3975,0.3);
#3975 = AXIS2_PLACEMENT_3D('',#3976,#3977,#3978);
#3976 = CARTESIAN_POINT('',(0.3,-5.9,4.3));
#3977 = DIRECTION('',(1.271035289593E-15,1.,-0.));
#3978 = DIRECTION('',(-1.,1.271035289593E-15,0.));
#3979 = PCURVE('',#836,#3980);
#3980 = DEFINITIONAL_REPRESENTATION('',(#3981),#3984);
#3981 = B_SPLINE_CURVE_WITH_KNOTS('',1,(#3982,#3983),.UNSPECIFIED.,.F.,
  .F.,(2,2),(0.,1.570796326795),.PIECEWISE_BEZIER_KNOTS.);
#3982 = CARTESIAN_POINT('',(0.,0.));
#3983 = CARTESIAN_POINT('',(1.570796326795,0.));
#3984 = ( GEOMETRIC_REPRESENTATION_CONTEXT(2) 
PARAMETRIC_REPRESENTATION_CONTEXT() REPRESENTATION_CONTEXT('2D SPACE',''
  ) );
#3985 = PCURVE('',#681,#3986);
#3986 = DEFINITIONAL_REPRESENTATION('',(#3987),#3990);
#3987 = B_SPLINE_CURVE_WITH_KNOTS('',1,(#3988,#3989),.UNSPECIFIED.,.F.,
  .F.,(2,2),(0.,1.570796326795),.PIECEWISE_BEZIER_KNOTS.);
#3988 = CARTESIAN_POINT('',(-1.570796326795,0.));
#3989 = CARTESIAN_POINT('',(-1.570796326795,1.570796326795));
#3990 = ( GEOMETRIC_REPRESENTATION_CONTEXT(2) 
PARAMETRIC_REPRESENTATION_CONTEXT() REPRESENTATION_CONTEXT('2D SPACE',''
  ) );
#3991 = ORIENTED_EDGE('',*,*,#822,.T.);
#3992 = ORIENTED_EDGE('',*,*,#3927,.F.);
#3993 = ORIENTED_EDGE('',*,*,#2643,.F.);
#3994 = ADVANCED_FACE('',(#3995),#681,.T.);
#3995 = FACE_BOUND('',#3996,.F.);
#3996 = EDGE_LOOP('',(#3997,#4017,#4039,#4040));
#3997 = ORIENTED_EDGE('',*,*,#3998,.F.);
#3998 = EDGE_CURVE('',#86,#659,#3999,.T.);
#3999 = SURFACE_CURVE('',#4000,(#4005,#4011),.PCURVE_S1.);
#4000 = CIRCLE('',#4001,0.3);
#4001 = AXIS2_PLACEMENT_3D('',#4002,#4003,#4004);
#4002 = CARTESIAN_POINT('',(2.2,-7.8,4.3));
#4003 = DIRECTION('',(-1.,1.41301112225E-15,0.));
#4004 = DIRECTION('',(-1.41301112225E-15,-1.,0.));
#4005 = PCURVE('',#681,#4006);
#4006 = DEFINITIONAL_REPRESENTATION('',(#4007),#4010);
#4007 = B_SPLINE_CURVE_WITH_KNOTS('',1,(#4008,#4009),.UNSPECIFIED.,.F.,
  .F.,(2,2),(0.,1.570796326795),.PIECEWISE_BEZIER_KNOTS.);
#4008 = CARTESIAN_POINT('',(8.074349270001E-16,0.));
#4009 = CARTESIAN_POINT('',(8.074349270001E-16,1.570796326795));
#4010 = ( GEOMETRIC_REPRESENTATION_CONTEXT(2) 
PARAMETRIC_REPRESENTATION_CONTEXT() REPRESENTATION_CONTEXT('2D SPACE',''
  ) );
#4011 = PCURVE('',#134,#4012);
#4012 = DEFINITIONAL_REPRESENTATION('',(#4013),#4016);
#4013 = B_SPLINE_CURVE_WITH_KNOTS('',1,(#4014,#4015),.UNSPECIFIED.,.F.,
  .F.,(2,2),(0.,1.570796326795),.PIECEWISE_BEZIER_KNOTS.);
#4014 = CARTESIAN_POINT('',(0.,89.6));
#4015 = CARTESIAN_POINT('',(1.570796326795,89.6));
#4016 = ( GEOMETRIC_REPRESENTATION_CONTEXT(2) 
PARAMETRIC_REPRESENTATION_CONTEXT() REPRESENTATION_CONTEXT('2D SPACE',''
  ) );
#4017 = ORIENTED_EDGE('',*,*,#4018,.T.);
#4018 = EDGE_CURVE('',#86,#2644,#4019,.T.);
#4019 = SURFACE_CURVE('',#4020,(#4025,#4032),.PCURVE_S1.);
#4020 = CIRCLE('',#4021,2.2);
#4021 = AXIS2_PLACEMENT_3D('',#4022,#4023,#4024);
#4022 = CARTESIAN_POINT('',(2.2,-5.9,4.3));
#4023 = DIRECTION('',(-0.,0.,-1.));
#4024 = DIRECTION('',(-2.22044604925E-15,-1.,0.));
#4025 = PCURVE('',#681,#4026);
#4026 = DEFINITIONAL_REPRESENTATION('',(#4027),#4031);
#4027 = LINE('',#4028,#4029);
#4028 = CARTESIAN_POINT('',(-0.,0.));
#4029 = VECTOR('',#4030,1.);
#4030 = DIRECTION('',(-1.,0.));
#4031 = ( GEOMETRIC_REPRESENTATION_CONTEXT(2) 
PARAMETRIC_REPRESENTATION_CONTEXT() REPRESENTATION_CONTEXT('2D SPACE',''
  ) );
#4032 = PCURVE('',#106,#4033);
#4033 = DEFINITIONAL_REPRESENTATION('',(#4034),#4038);
#4034 = LINE('',#4035,#4036);
#4035 = CARTESIAN_POINT('',(-8.074349270001E-16,4.3));
#4036 = VECTOR('',#4037,1.);
#4037 = DIRECTION('',(-1.,0.));
#4038 = ( GEOMETRIC_REPRESENTATION_CONTEXT(2) 
PARAMETRIC_REPRESENTATION_CONTEXT() REPRESENTATION_CONTEXT('2D SPACE',''
  ) );
#4039 = ORIENTED_EDGE('',*,*,#3972,.T.);
#4040 = ORIENTED_EDGE('',*,*,#658,.F.);
#4041 = ADVANCED_FACE('',(#4042),#590,.T.);
#4042 = FACE_BOUND('',#4043,.T.);
#4043 = EDGE_LOOP('',(#4044,#4045,#4046,#4047));
#4044 = ORIENTED_EDGE('',*,*,#3948,.T.);
#4045 = ORIENTED_EDGE('',*,*,#766,.T.);
#4046 = ORIENTED_EDGE('',*,*,#574,.F.);
#4047 = ORIENTED_EDGE('',*,*,#4048,.F.);
#4048 = EDGE_CURVE('',#2566,#522,#4049,.T.);
#4049 = SURFACE_CURVE('',#4050,(#4054,#4061),.PCURVE_S1.);
#4050 = LINE('',#4051,#4052);
#4051 = CARTESIAN_POINT('',(2.2,8.1,4.3));
#4052 = VECTOR('',#4053,1.);
#4053 = DIRECTION('',(1.,-0.,-0.));
#4054 = PCURVE('',#590,#4055);
#4055 = DEFINITIONAL_REPRESENTATION('',(#4056),#4060);
#4056 = LINE('',#4057,#4058);
#4057 = CARTESIAN_POINT('',(0.,0.));
#4058 = VECTOR('',#4059,1.);
#4059 = DIRECTION('',(0.,1.));
#4060 = ( GEOMETRIC_REPRESENTATION_CONTEXT(2) 
PARAMETRIC_REPRESENTATION_CONTEXT() REPRESENTATION_CONTEXT('2D SPACE',''
  ) );
#4061 = PCURVE('',#423,#4062);
#4062 = DEFINITIONAL_REPRESENTATION('',(#4063),#4067);
#4063 = LINE('',#4064,#4065);
#4064 = CARTESIAN_POINT('',(91.8,-4.3));
#4065 = VECTOR('',#4066,1.);
#4066 = DIRECTION('',(-1.,0.));
#4067 = ( GEOMETRIC_REPRESENTATION_CONTEXT(2) 
PARAMETRIC_REPRESENTATION_CONTEXT() REPRESENTATION_CONTEXT('2D SPACE',''
  ) );
#4068 = ADVANCED_FACE('',(#4069),#509,.T.);
#4069 = FACE_BOUND('',#4070,.F.);
#4070 = EDGE_LOOP('',(#4071,#4121,#4122,#4149));
#4071 = ORIENTED_EDGE('',*,*,#4072,.F.);
#4072 = EDGE_CURVE('',#465,#4073,#4075,.T.);
#4073 = VERTEX_POINT('',#4074);
#4074 = CARTESIAN_POINT('',(92.,7.789444362769,3.5));
#4075 = SURFACE_CURVE('',#4076,(#4089,#4105),.PCURVE_S1.);
#4076 = B_SPLINE_CURVE_WITH_KNOTS('',6,(#4077,#4078,#4079,#4080,#4081,
    #4082,#4083,#4084,#4085,#4086,#4087,#4088),.UNSPECIFIED.,.F.,.F.,(7,
    5,7),(0.,0.50154649766,1.),.UNSPECIFIED.);
#4077 = CARTESIAN_POINT('',(92.,8.090890230021,3.8));
#4078 = CARTESIAN_POINT('',(92.,8.090890230021,3.760599470506));
#4079 = CARTESIAN_POINT('',(92.,8.08465479424,3.721195635127));
#4080 = CARTESIAN_POINT('',(92.,8.072182031918,3.683020344462));
#4081 = CARTESIAN_POINT('',(92.,8.053800223633,3.647293681939));
#4082 = CARTESIAN_POINT('',(92.,8.030145481355,3.615106612934));
#4083 = CARTESIAN_POINT('',(92.,7.974215518933,3.559713160781));
#4084 = CARTESIAN_POINT('',(92.,7.941989815922,3.536448113364));
#4085 = CARTESIAN_POINT('',(92.,7.906274246945,3.518380622753));
#4086 = CARTESIAN_POINT('',(92.,7.868144100108,3.506126022871));
#4087 = CARTESIAN_POINT('',(92.,7.828797406621,3.5));
#4088 = CARTESIAN_POINT('',(92.,7.789444362769,3.5));
#4089 = PCURVE('',#509,#4090);
#4090 = DEFINITIONAL_REPRESENTATION('',(#4091),#4104);
#4091 = B_SPLINE_CURVE_WITH_KNOTS('',6,(#4092,#4093,#4094,#4095,#4096,
    #4097,#4098,#4099,#4100,#4101,#4102,#4103),.UNSPECIFIED.,.F.,.F.,(7,
    5,7),(0.,0.50154649766,1.),.UNSPECIFIED.);
#4092 = CARTESIAN_POINT('',(2.57571741713E-14,0.));
#4093 = CARTESIAN_POINT('',(2.57571741713E-14,0.131335098315));
#4094 = CARTESIAN_POINT('',(2.576624569892E-04,0.262681037702));
#4095 = CARTESIAN_POINT('',(7.730662140517E-04,0.394010594593));
#4096 = CARTESIAN_POINT('',(1.543556497262E-03,0.52533344187));
#4097 = CARTESIAN_POINT('',(2.564656124222E-03,0.656659814612));
#4098 = CARTESIAN_POINT('',(5.073401634496E-03,0.918459832219));
#4099 = CARTESIAN_POINT('',(6.558353109149E-03,1.048954670166));
#4100 = CARTESIAN_POINT('',(8.264577632147E-03,1.179425574843));
#4101 = CARTESIAN_POINT('',(1.017140371775E-02,1.309885332195));
#4102 = CARTESIAN_POINT('',(1.224352332579E-02,1.440348279664));
#4103 = CARTESIAN_POINT('',(1.442374736193E-02,1.570796326795));
#4104 = ( GEOMETRIC_REPRESENTATION_CONTEXT(2) 
PARAMETRIC_REPRESENTATION_CONTEXT() REPRESENTATION_CONTEXT('2D SPACE',''
  ) );
#4105 = PCURVE('',#480,#4106);
#4106 = DEFINITIONAL_REPRESENTATION('',(#4107),#4120);
#4107 = B_SPLINE_CURVE_WITH_KNOTS('',6,(#4108,#4109,#4110,#4111,#4112,
    #4113,#4114,#4115,#4116,#4117,#4118,#4119),.UNSPECIFIED.,.F.,.F.,(7,
    5,7),(0.,0.50154649766,1.),.UNSPECIFIED.);
#4108 = CARTESIAN_POINT('',(-0.3,-9.109769979336E-03));
#4109 = CARTESIAN_POINT('',(-0.260599470506,-9.109769979336E-03));
#4110 = CARTESIAN_POINT('',(-0.221195635127,-1.534520576001E-02));
#4111 = CARTESIAN_POINT('',(-0.183020344462,-2.781796808196E-02));
#4112 = CARTESIAN_POINT('',(-0.147293681939,-4.619977636744E-02));
#4113 = CARTESIAN_POINT('',(-0.115106612934,-6.985451864455E-02));
#4114 = CARTESIAN_POINT('',(-5.971316078058E-02,-0.125784481067));
#4115 = CARTESIAN_POINT('',(-3.644811336424E-02,-0.158010184078));
#4116 = CARTESIAN_POINT('',(-1.838062275253E-02,-0.193725753055));
#4117 = CARTESIAN_POINT('',(-6.126022870943E-03,-0.231855899892));
#4118 = CARTESIAN_POINT('',(0.,-0.271202593379));
#4119 = CARTESIAN_POINT('',(0.,-0.310555637231));
#4120 = ( GEOMETRIC_REPRESENTATION_CONTEXT(2) 
PARAMETRIC_REPRESENTATION_CONTEXT() REPRESENTATION_CONTEXT('2D SPACE',''
  ) );
#4121 = ORIENTED_EDGE('',*,*,#492,.T.);
#4122 = ORIENTED_EDGE('',*,*,#4123,.T.);
#4123 = EDGE_CURVE('',#493,#4124,#4126,.T.);
#4124 = VERTEX_POINT('',#4125);
#4125 = CARTESIAN_POINT('',(91.8,7.8,3.5));
#4126 = SURFACE_CURVE('',#4127,(#4132,#4138),.PCURVE_S1.);
#4127 = CIRCLE('',#4128,0.3);
#4128 = AXIS2_PLACEMENT_3D('',#4129,#4130,#4131);
#4129 = CARTESIAN_POINT('',(91.8,7.8,3.8));
#4130 = DIRECTION('',(-1.,1.110223024625E-16,0.));
#4131 = DIRECTION('',(1.110223024625E-16,1.,0.));
#4132 = PCURVE('',#509,#4133);
#4133 = DEFINITIONAL_REPRESENTATION('',(#4134),#4137);
#4134 = B_SPLINE_CURVE_WITH_KNOTS('',1,(#4135,#4136),.UNSPECIFIED.,.F.,
  .F.,(2,2),(0.,1.570796326795),.PIECEWISE_BEZIER_KNOTS.);
#4135 = CARTESIAN_POINT('',(-9.103477803739E-02,0.));
#4136 = CARTESIAN_POINT('',(-9.103477803739E-02,1.570796326795));
#4137 = ( GEOMETRIC_REPRESENTATION_CONTEXT(2) 
PARAMETRIC_REPRESENTATION_CONTEXT() REPRESENTATION_CONTEXT('2D SPACE',''
  ) );
#4138 = PCURVE('',#4139,#4144);
#4139 = CYLINDRICAL_SURFACE('',#4140,0.3);
#4140 = AXIS2_PLACEMENT_3D('',#4141,#4142,#4143);
#4141 = CARTESIAN_POINT('',(91.8,7.8,3.8));
#4142 = DIRECTION('',(-1.,-0.,-0.));
#4143 = DIRECTION('',(0.,1.,-0.));
#4144 = DEFINITIONAL_REPRESENTATION('',(#4145),#4148);
#4145 = B_SPLINE_CURVE_WITH_KNOTS('',1,(#4146,#4147),.UNSPECIFIED.,.F.,
  .F.,(2,2),(0.,1.570796326795),.PIECEWISE_BEZIER_KNOTS.);
#4146 = CARTESIAN_POINT('',(0.,0.));
#4147 = CARTESIAN_POINT('',(1.570796326795,0.));
#4148 = ( GEOMETRIC_REPRESENTATION_CONTEXT(2) 
PARAMETRIC_REPRESENTATION_CONTEXT() REPRESENTATION_CONTEXT('2D SPACE',''
  ) );
#4149 = ORIENTED_EDGE('',*,*,#4150,.F.);
#4150 = EDGE_CURVE('',#4073,#4124,#4151,.T.);
#4151 = SURFACE_CURVE('',#4152,(#4157,#4164),.PCURVE_S1.);
#4152 = CIRCLE('',#4153,1.9);
#4153 = AXIS2_PLACEMENT_3D('',#4154,#4155,#4156);
#4154 = CARTESIAN_POINT('',(91.8,5.9,3.5));
#4155 = DIRECTION('',(-0.,0.,1.));
#4156 = DIRECTION('',(9.090909090907E-02,0.995859195464,0.));
#4157 = PCURVE('',#509,#4158);
#4158 = DEFINITIONAL_REPRESENTATION('',(#4159),#4163);
#4159 = LINE('',#4160,#4161);
#4160 = CARTESIAN_POINT('',(-0.,1.570796326795));
#4161 = VECTOR('',#4162,1.);
#4162 = DIRECTION('',(-1.,0.));
#4163 = ( GEOMETRIC_REPRESENTATION_CONTEXT(2) 
PARAMETRIC_REPRESENTATION_CONTEXT() REPRESENTATION_CONTEXT('2D SPACE',''
  ) );
#4164 = PCURVE('',#4165,#4170);
#4165 = PLANE('',#4166);
#4166 = AXIS2_PLACEMENT_3D('',#4167,#4168,#4169);
#4167 = CARTESIAN_POINT('',(76.,8.1,3.5));
#4168 = DIRECTION('',(-0.,0.,1.));
#4169 = DIRECTION('',(1.,0.,0.));
#4170 = DEFINITIONAL_REPRESENTATION('',(#4171),#4175);
#4171 = CIRCLE('',#4172,1.9);
#4172 = AXIS2_PLACEMENT_2D('',#4173,#4174);
#4173 = CARTESIAN_POINT('',(15.8,-2.2));
#4174 = DIRECTION('',(9.090909090907E-02,0.995859195464));
#4175 = ( GEOMETRIC_REPRESENTATION_CONTEXT(2) 
PARAMETRIC_REPRESENTATION_CONTEXT() REPRESENTATION_CONTEXT('2D SPACE',''
  ) );
#4176 = ADVANCED_FACE('',(#4177),#4139,.T.);
#4177 = FACE_BOUND('',#4178,.T.);
#4178 = EDGE_LOOP('',(#4179,#4180,#4203,#4232));
#4179 = ORIENTED_EDGE('',*,*,#4123,.T.);
#4180 = ORIENTED_EDGE('',*,*,#4181,.T.);
#4181 = EDGE_CURVE('',#4124,#4182,#4184,.T.);
#4182 = VERTEX_POINT('',#4183);
#4183 = CARTESIAN_POINT('',(76.,7.8,3.5));
#4184 = SURFACE_CURVE('',#4185,(#4189,#4196),.PCURVE_S1.);
#4185 = LINE('',#4186,#4187);
#4186 = CARTESIAN_POINT('',(91.8,7.8,3.5));
#4187 = VECTOR('',#4188,1.);
#4188 = DIRECTION('',(-1.,-0.,-0.));
#4189 = PCURVE('',#4139,#4190);
#4190 = DEFINITIONAL_REPRESENTATION('',(#4191),#4195);
#4191 = LINE('',#4192,#4193);
#4192 = CARTESIAN_POINT('',(1.570796326795,0.));
#4193 = VECTOR('',#4194,1.);
#4194 = DIRECTION('',(0.,1.));
#4195 = ( GEOMETRIC_REPRESENTATION_CONTEXT(2) 
PARAMETRIC_REPRESENTATION_CONTEXT() REPRESENTATION_CONTEXT('2D SPACE',''
  ) );
#4196 = PCURVE('',#4165,#4197);
#4197 = DEFINITIONAL_REPRESENTATION('',(#4198),#4202);
#4198 = LINE('',#4199,#4200);
#4199 = CARTESIAN_POINT('',(15.8,-0.3));
#4200 = VECTOR('',#4201,1.);
#4201 = DIRECTION('',(-1.,0.));
#4202 = ( GEOMETRIC_REPRESENTATION_CONTEXT(2) 
PARAMETRIC_REPRESENTATION_CONTEXT() REPRESENTATION_CONTEXT('2D SPACE',''
  ) );
#4203 = ORIENTED_EDGE('',*,*,#4204,.F.);
#4204 = EDGE_CURVE('',#4205,#4182,#4207,.T.);
#4205 = VERTEX_POINT('',#4206);
#4206 = CARTESIAN_POINT('',(76.,8.1,3.8));
#4207 = SURFACE_CURVE('',#4208,(#4213,#4220),.PCURVE_S1.);
#4208 = CIRCLE('',#4209,0.3);
#4209 = AXIS2_PLACEMENT_3D('',#4210,#4211,#4212);
#4210 = CARTESIAN_POINT('',(76.,7.8,3.8));
#4211 = DIRECTION('',(-1.,-0.,-0.));
#4212 = DIRECTION('',(0.,0.,-1.));
#4213 = PCURVE('',#4139,#4214);
#4214 = DEFINITIONAL_REPRESENTATION('',(#4215),#4219);
#4215 = LINE('',#4216,#4217);
#4216 = CARTESIAN_POINT('',(-4.712388980385,15.8));
#4217 = VECTOR('',#4218,1.);
#4218 = DIRECTION('',(1.,0.));
#4219 = ( GEOMETRIC_REPRESENTATION_CONTEXT(2) 
PARAMETRIC_REPRESENTATION_CONTEXT() REPRESENTATION_CONTEXT('2D SPACE',''
  ) );
#4220 = PCURVE('',#4221,#4226);
#4221 = PLANE('',#4222);
#4222 = AXIS2_PLACEMENT_3D('',#4223,#4224,#4225);
#4223 = CARTESIAN_POINT('',(76.,8.1,1.1));
#4224 = DIRECTION('',(-1.,0.,0.));
#4225 = DIRECTION('',(0.,0.,1.));
#4226 = DEFINITIONAL_REPRESENTATION('',(#4227),#4231);
#4227 = CIRCLE('',#4228,0.3);
#4228 = AXIS2_PLACEMENT_2D('',#4229,#4230);
#4229 = CARTESIAN_POINT('',(2.7,-0.3));
#4230 = DIRECTION('',(-1.,0.));
#4231 = ( GEOMETRIC_REPRESENTATION_CONTEXT(2) 
PARAMETRIC_REPRESENTATION_CONTEXT() REPRESENTATION_CONTEXT('2D SPACE',''
  ) );
#4232 = ORIENTED_EDGE('',*,*,#4233,.F.);
#4233 = EDGE_CURVE('',#493,#4205,#4234,.T.);
#4234 = SURFACE_CURVE('',#4235,(#4239,#4246),.PCURVE_S1.);
#4235 = LINE('',#4236,#4237);
#4236 = CARTESIAN_POINT('',(91.8,8.1,3.8));
#4237 = VECTOR('',#4238,1.);
#4238 = DIRECTION('',(-1.,-0.,-0.));
#4239 = PCURVE('',#4139,#4240);
#4240 = DEFINITIONAL_REPRESENTATION('',(#4241),#4245);
#4241 = LINE('',#4242,#4243);
#4242 = CARTESIAN_POINT('',(0.,0.));
#4243 = VECTOR('',#4244,1.);
#4244 = DIRECTION('',(0.,1.));
#4245 = ( GEOMETRIC_REPRESENTATION_CONTEXT(2) 
PARAMETRIC_REPRESENTATION_CONTEXT() REPRESENTATION_CONTEXT('2D SPACE',''
  ) );
#4246 = PCURVE('',#423,#4247);
#4247 = DEFINITIONAL_REPRESENTATION('',(#4248),#4252);
#4248 = LINE('',#4249,#4250);
#4249 = CARTESIAN_POINT('',(2.2,-3.8));
#4250 = VECTOR('',#4251,1.);
#4251 = DIRECTION('',(1.,0.));
#4252 = ( GEOMETRIC_REPRESENTATION_CONTEXT(2) 
PARAMETRIC_REPRESENTATION_CONTEXT() REPRESENTATION_CONTEXT('2D SPACE',''
  ) );
#4253 = ADVANCED_FACE('',(#4254),#4221,.F.);
#4254 = FACE_BOUND('',#4255,.F.);
#4255 = EDGE_LOOP('',(#4256,#4286,#4314,#4335,#4336,#4359));
#4256 = ORIENTED_EDGE('',*,*,#4257,.T.);
#4257 = EDGE_CURVE('',#4258,#4260,#4262,.T.);
#4258 = VERTEX_POINT('',#4259);
#4259 = CARTESIAN_POINT('',(76.,7.8,1.1));
#4260 = VERTEX_POINT('',#4261);
#4261 = CARTESIAN_POINT('',(76.,1.7,1.1));
#4262 = SURFACE_CURVE('',#4263,(#4267,#4274),.PCURVE_S1.);
#4263 = LINE('',#4264,#4265);
#4264 = CARTESIAN_POINT('',(76.,8.1,1.1));
#4265 = VECTOR('',#4266,1.);
#4266 = DIRECTION('',(0.,-1.,0.));
#4267 = PCURVE('',#4221,#4268);
#4268 = DEFINITIONAL_REPRESENTATION('',(#4269),#4273);
#4269 = LINE('',#4270,#4271);
#4270 = CARTESIAN_POINT('',(0.,0.));
#4271 = VECTOR('',#4272,1.);
#4272 = DIRECTION('',(0.,-1.));
#4273 = ( GEOMETRIC_REPRESENTATION_CONTEXT(2) 
PARAMETRIC_REPRESENTATION_CONTEXT() REPRESENTATION_CONTEXT('2D SPACE',''
  ) );
#4274 = PCURVE('',#4275,#4280);
#4275 = PLANE('',#4276);
#4276 = AXIS2_PLACEMENT_3D('',#4277,#4278,#4279);
#4277 = CARTESIAN_POINT('',(92.,8.1,1.1));
#4278 = DIRECTION('',(-0.,-0.,-1.));
#4279 = DIRECTION('',(-1.,0.,0.));
#4280 = DEFINITIONAL_REPRESENTATION('',(#4281),#4285);
#4281 = LINE('',#4282,#4283);
#4282 = CARTESIAN_POINT('',(16.,0.));
#4283 = VECTOR('',#4284,1.);
#4284 = DIRECTION('',(0.,-1.));
#4285 = ( GEOMETRIC_REPRESENTATION_CONTEXT(2) 
PARAMETRIC_REPRESENTATION_CONTEXT() REPRESENTATION_CONTEXT('2D SPACE',''
  ) );
#4286 = ORIENTED_EDGE('',*,*,#4287,.T.);
#4287 = EDGE_CURVE('',#4260,#4288,#4290,.T.);
#4288 = VERTEX_POINT('',#4289);
#4289 = CARTESIAN_POINT('',(76.,1.7,3.5));
#4290 = SURFACE_CURVE('',#4291,(#4295,#4302),.PCURVE_S1.);
#4291 = LINE('',#4292,#4293);
#4292 = CARTESIAN_POINT('',(76.,1.7,1.1));
#4293 = VECTOR('',#4294,1.);
#4294 = DIRECTION('',(0.,0.,1.));
#4295 = PCURVE('',#4221,#4296);
#4296 = DEFINITIONAL_REPRESENTATION('',(#4297),#4301);
#4297 = LINE('',#4298,#4299);
#4298 = CARTESIAN_POINT('',(0.,-6.4));
#4299 = VECTOR('',#4300,1.);
#4300 = DIRECTION('',(1.,0.));
#4301 = ( GEOMETRIC_REPRESENTATION_CONTEXT(2) 
PARAMETRIC_REPRESENTATION_CONTEXT() REPRESENTATION_CONTEXT('2D SPACE',''
  ) );
#4302 = PCURVE('',#4303,#4308);
#4303 = PLANE('',#4304);
#4304 = AXIS2_PLACEMENT_3D('',#4305,#4306,#4307);
#4305 = CARTESIAN_POINT('',(84.,1.7,2.3));
#4306 = DIRECTION('',(0.,1.,0.));
#4307 = DIRECTION('',(0.,-0.,1.));
#4308 = DEFINITIONAL_REPRESENTATION('',(#4309),#4313);
#4309 = LINE('',#4310,#4311);
#4310 = CARTESIAN_POINT('',(-1.2,-8.));
#4311 = VECTOR('',#4312,1.);
#4312 = DIRECTION('',(1.,0.));
#4313 = ( GEOMETRIC_REPRESENTATION_CONTEXT(2) 
PARAMETRIC_REPRESENTATION_CONTEXT() REPRESENTATION_CONTEXT('2D SPACE',''
  ) );
#4314 = ORIENTED_EDGE('',*,*,#4315,.F.);
#4315 = EDGE_CURVE('',#4182,#4288,#4316,.T.);
#4316 = SURFACE_CURVE('',#4317,(#4321,#4328),.PCURVE_S1.);
#4317 = LINE('',#4318,#4319);
#4318 = CARTESIAN_POINT('',(76.,8.1,3.5));
#4319 = VECTOR('',#4320,1.);
#4320 = DIRECTION('',(0.,-1.,0.));
#4321 = PCURVE('',#4221,#4322);
#4322 = DEFINITIONAL_REPRESENTATION('',(#4323),#4327);
#4323 = LINE('',#4324,#4325);
#4324 = CARTESIAN_POINT('',(2.4,0.));
#4325 = VECTOR('',#4326,1.);
#4326 = DIRECTION('',(0.,-1.));
#4327 = ( GEOMETRIC_REPRESENTATION_CONTEXT(2) 
PARAMETRIC_REPRESENTATION_CONTEXT() REPRESENTATION_CONTEXT('2D SPACE',''
  ) );
#4328 = PCURVE('',#4165,#4329);
#4329 = DEFINITIONAL_REPRESENTATION('',(#4330),#4334);
#4330 = LINE('',#4331,#4332);
#4331 = CARTESIAN_POINT('',(0.,0.));
#4332 = VECTOR('',#4333,1.);
#4333 = DIRECTION('',(0.,-1.));
#4334 = ( GEOMETRIC_REPRESENTATION_CONTEXT(2) 
PARAMETRIC_REPRESENTATION_CONTEXT() REPRESENTATION_CONTEXT('2D SPACE',''
  ) );
#4335 = ORIENTED_EDGE('',*,*,#4204,.F.);
#4336 = ORIENTED_EDGE('',*,*,#4337,.T.);
#4337 = EDGE_CURVE('',#4205,#4338,#4340,.T.);
#4338 = VERTEX_POINT('',#4339);
#4339 = CARTESIAN_POINT('',(76.,8.1,0.8));
#4340 = SURFACE_CURVE('',#4341,(#4345,#4352),.PCURVE_S1.);
#4341 = LINE('',#4342,#4343);
#4342 = CARTESIAN_POINT('',(76.,8.1,3.8));
#4343 = VECTOR('',#4344,1.);
#4344 = DIRECTION('',(0.,0.,-1.));
#4345 = PCURVE('',#4221,#4346);
#4346 = DEFINITIONAL_REPRESENTATION('',(#4347),#4351);
#4347 = LINE('',#4348,#4349);
#4348 = CARTESIAN_POINT('',(2.7,-1.7763568394E-15));
#4349 = VECTOR('',#4350,1.);
#4350 = DIRECTION('',(-1.,0.));
#4351 = ( GEOMETRIC_REPRESENTATION_CONTEXT(2) 
PARAMETRIC_REPRESENTATION_CONTEXT() REPRESENTATION_CONTEXT('2D SPACE',''
  ) );
#4352 = PCURVE('',#423,#4353);
#4353 = DEFINITIONAL_REPRESENTATION('',(#4354),#4358);
#4354 = LINE('',#4355,#4356);
#4355 = CARTESIAN_POINT('',(18.,-3.8));
#4356 = VECTOR('',#4357,1.);
#4357 = DIRECTION('',(0.,1.));
#4358 = ( GEOMETRIC_REPRESENTATION_CONTEXT(2) 
PARAMETRIC_REPRESENTATION_CONTEXT() REPRESENTATION_CONTEXT('2D SPACE',''
  ) );
#4359 = ORIENTED_EDGE('',*,*,#4360,.T.);
#4360 = EDGE_CURVE('',#4338,#4258,#4361,.T.);
#4361 = SURFACE_CURVE('',#4362,(#4367,#4378),.PCURVE_S1.);
#4362 = CIRCLE('',#4363,0.3);
#4363 = AXIS2_PLACEMENT_3D('',#4364,#4365,#4366);
#4364 = CARTESIAN_POINT('',(76.,7.8,0.8));
#4365 = DIRECTION('',(1.,-0.,0.));
#4366 = DIRECTION('',(0.,0.,-1.));
#4367 = PCURVE('',#4221,#4368);
#4368 = DEFINITIONAL_REPRESENTATION('',(#4369),#4377);
#4369 = ( BOUNDED_CURVE() B_SPLINE_CURVE(2,(#4370,#4371,#4372,#4373,
#4374,#4375,#4376),.UNSPECIFIED.,.T.,.F.) B_SPLINE_CURVE_WITH_KNOTS((1,2
    ,2,2,2,1),(-2.094395102393,0.,2.094395102393,4.188790204786,
6.28318530718,8.377580409573),.UNSPECIFIED.) CURVE() 
GEOMETRIC_REPRESENTATION_ITEM() RATIONAL_B_SPLINE_CURVE((1.,0.5,1.,0.5,
1.,0.5,1.)) REPRESENTATION_ITEM('') );
#4370 = CARTESIAN_POINT('',(-0.6,-0.3));
#4371 = CARTESIAN_POINT('',(-0.6,0.219615242271));
#4372 = CARTESIAN_POINT('',(-0.15,-4.019237886467E-02));
#4373 = CARTESIAN_POINT('',(0.3,-0.3));
#4374 = CARTESIAN_POINT('',(-0.15,-0.559807621135));
#4375 = CARTESIAN_POINT('',(-0.6,-0.819615242271));
#4376 = CARTESIAN_POINT('',(-0.6,-0.3));
#4377 = ( GEOMETRIC_REPRESENTATION_CONTEXT(2) 
PARAMETRIC_REPRESENTATION_CONTEXT() REPRESENTATION_CONTEXT('2D SPACE',''
  ) );
#4378 = PCURVE('',#4379,#4384);
#4379 = CYLINDRICAL_SURFACE('',#4380,0.3);
#4380 = AXIS2_PLACEMENT_3D('',#4381,#4382,#4383);
#4381 = CARTESIAN_POINT('',(91.8,7.8,0.8));
#4382 = DIRECTION('',(-1.,0.,0.));
#4383 = DIRECTION('',(0.,1.,-0.));
#4384 = DEFINITIONAL_REPRESENTATION('',(#4385),#4389);
#4385 = LINE('',#4386,#4387);
#4386 = CARTESIAN_POINT('',(1.570796326795,15.8));
#4387 = VECTOR('',#4388,1.);
#4388 = DIRECTION('',(-1.,0.));
#4389 = ( GEOMETRIC_REPRESENTATION_CONTEXT(2) 
PARAMETRIC_REPRESENTATION_CONTEXT() REPRESENTATION_CONTEXT('2D SPACE',''
  ) );
#4390 = ADVANCED_FACE('',(#4391),#4379,.T.);
#4391 = FACE_BOUND('',#4392,.F.);
#4392 = EDGE_LOOP('',(#4393,#4415,#4436,#4437));
#4393 = ORIENTED_EDGE('',*,*,#4394,.T.);
#4394 = EDGE_CURVE('',#408,#4395,#4397,.T.);
#4395 = VERTEX_POINT('',#4396);
#4396 = CARTESIAN_POINT('',(91.8,7.8,1.1));
#4397 = SURFACE_CURVE('',#4398,(#4403,#4409),.PCURVE_S1.);
#4398 = CIRCLE('',#4399,0.3);
#4399 = AXIS2_PLACEMENT_3D('',#4400,#4401,#4402);
#4400 = CARTESIAN_POINT('',(91.8,7.8,0.8));
#4401 = DIRECTION('',(1.,-1.110223024625E-16,-0.));
#4402 = DIRECTION('',(1.110223024625E-16,1.,0.));
#4403 = PCURVE('',#4379,#4404);
#4404 = DEFINITIONAL_REPRESENTATION('',(#4405),#4408);
#4405 = B_SPLINE_CURVE_WITH_KNOTS('',1,(#4406,#4407),.UNSPECIFIED.,.F.,
  .F.,(2,2),(0.,1.570796326795),.PIECEWISE_BEZIER_KNOTS.);
#4406 = CARTESIAN_POINT('',(0.,0.));
#4407 = CARTESIAN_POINT('',(-1.570796326795,0.));
#4408 = ( GEOMETRIC_REPRESENTATION_CONTEXT(2) 
PARAMETRIC_REPRESENTATION_CONTEXT() REPRESENTATION_CONTEXT('2D SPACE',''
  ) );
#4409 = PCURVE('',#452,#4410);
#4410 = DEFINITIONAL_REPRESENTATION('',(#4411),#4414);
#4411 = B_SPLINE_CURVE_WITH_KNOTS('',1,(#4412,#4413),.UNSPECIFIED.,.F.,
  .F.,(2,2),(0.,1.570796326795),.PIECEWISE_BEZIER_KNOTS.);
#4412 = CARTESIAN_POINT('',(9.103477803739E-02,0.));
#4413 = CARTESIAN_POINT('',(9.103477803739E-02,1.570796326795));
#4414 = ( GEOMETRIC_REPRESENTATION_CONTEXT(2) 
PARAMETRIC_REPRESENTATION_CONTEXT() REPRESENTATION_CONTEXT('2D SPACE',''
  ) );
#4415 = ORIENTED_EDGE('',*,*,#4416,.T.);
#4416 = EDGE_CURVE('',#4395,#4258,#4417,.T.);
#4417 = SURFACE_CURVE('',#4418,(#4422,#4429),.PCURVE_S1.);
#4418 = LINE('',#4419,#4420);
#4419 = CARTESIAN_POINT('',(91.8,7.8,1.1));
#4420 = VECTOR('',#4421,1.);
#4421 = DIRECTION('',(-1.,0.,0.));
#4422 = PCURVE('',#4379,#4423);
#4423 = DEFINITIONAL_REPRESENTATION('',(#4424),#4428);
#4424 = LINE('',#4425,#4426);
#4425 = CARTESIAN_POINT('',(-1.570796326795,0.));
#4426 = VECTOR('',#4427,1.);
#4427 = DIRECTION('',(-0.,1.));
#4428 = ( GEOMETRIC_REPRESENTATION_CONTEXT(2) 
PARAMETRIC_REPRESENTATION_CONTEXT() REPRESENTATION_CONTEXT('2D SPACE',''
  ) );
#4429 = PCURVE('',#4275,#4430);
#4430 = DEFINITIONAL_REPRESENTATION('',(#4431),#4435);
#4431 = LINE('',#4432,#4433);
#4432 = CARTESIAN_POINT('',(0.2,-0.3));
#4433 = VECTOR('',#4434,1.);
#4434 = DIRECTION('',(1.,0.));
#4435 = ( GEOMETRIC_REPRESENTATION_CONTEXT(2) 
PARAMETRIC_REPRESENTATION_CONTEXT() REPRESENTATION_CONTEXT('2D SPACE',''
  ) );
#4436 = ORIENTED_EDGE('',*,*,#4360,.F.);
#4437 = ORIENTED_EDGE('',*,*,#4438,.F.);
#4438 = EDGE_CURVE('',#408,#4338,#4439,.T.);
#4439 = SURFACE_CURVE('',#4440,(#4444,#4451),.PCURVE_S1.);
#4440 = LINE('',#4441,#4442);
#4441 = CARTESIAN_POINT('',(91.8,8.1,0.8));
#4442 = VECTOR('',#4443,1.);
#4443 = DIRECTION('',(-1.,0.,0.));
#4444 = PCURVE('',#4379,#4445);
#4445 = DEFINITIONAL_REPRESENTATION('',(#4446),#4450);
#4446 = LINE('',#4447,#4448);
#4447 = CARTESIAN_POINT('',(-0.,0.));
#4448 = VECTOR('',#4449,1.);
#4449 = DIRECTION('',(-0.,1.));
#4450 = ( GEOMETRIC_REPRESENTATION_CONTEXT(2) 
PARAMETRIC_REPRESENTATION_CONTEXT() REPRESENTATION_CONTEXT('2D SPACE',''
  ) );
#4451 = PCURVE('',#423,#4452);
#4452 = DEFINITIONAL_REPRESENTATION('',(#4453),#4457);
#4453 = LINE('',#4454,#4455);
#4454 = CARTESIAN_POINT('',(2.2,-0.8));
#4455 = VECTOR('',#4456,1.);
#4456 = DIRECTION('',(1.,0.));
#4457 = ( GEOMETRIC_REPRESENTATION_CONTEXT(2) 
PARAMETRIC_REPRESENTATION_CONTEXT() REPRESENTATION_CONTEXT('2D SPACE',''
  ) );
#4458 = ADVANCED_FACE('',(#4459),#4303,.T.);
#4459 = FACE_BOUND('',#4460,.T.);
#4460 = EDGE_LOOP('',(#4461,#4484,#4485,#4508));
#4461 = ORIENTED_EDGE('',*,*,#4462,.T.);
#4462 = EDGE_CURVE('',#4463,#4260,#4465,.T.);
#4463 = VERTEX_POINT('',#4464);
#4464 = CARTESIAN_POINT('',(92.,1.7,1.1));
#4465 = SURFACE_CURVE('',#4466,(#4470,#4477),.PCURVE_S1.);
#4466 = LINE('',#4467,#4468);
#4467 = CARTESIAN_POINT('',(92.,1.7,1.1));
#4468 = VECTOR('',#4469,1.);
#4469 = DIRECTION('',(-1.,0.,0.));
#4470 = PCURVE('',#4303,#4471);
#4471 = DEFINITIONAL_REPRESENTATION('',(#4472),#4476);
#4472 = LINE('',#4473,#4474);
#4473 = CARTESIAN_POINT('',(-1.2,8.));
#4474 = VECTOR('',#4475,1.);
#4475 = DIRECTION('',(0.,-1.));
#4476 = ( GEOMETRIC_REPRESENTATION_CONTEXT(2) 
PARAMETRIC_REPRESENTATION_CONTEXT() REPRESENTATION_CONTEXT('2D SPACE',''
  ) );
#4477 = PCURVE('',#4275,#4478);
#4478 = DEFINITIONAL_REPRESENTATION('',(#4479),#4483);
#4479 = LINE('',#4480,#4481);
#4480 = CARTESIAN_POINT('',(0.,-6.4));
#4481 = VECTOR('',#4482,1.);
#4482 = DIRECTION('',(1.,0.));
#4483 = ( GEOMETRIC_REPRESENTATION_CONTEXT(2) 
PARAMETRIC_REPRESENTATION_CONTEXT() REPRESENTATION_CONTEXT('2D SPACE',''
  ) );
#4484 = ORIENTED_EDGE('',*,*,#4287,.T.);
#4485 = ORIENTED_EDGE('',*,*,#4486,.T.);
#4486 = EDGE_CURVE('',#4288,#4487,#4489,.T.);
#4487 = VERTEX_POINT('',#4488);
#4488 = CARTESIAN_POINT('',(92.,1.7,3.5));
#4489 = SURFACE_CURVE('',#4490,(#4494,#4501),.PCURVE_S1.);
#4490 = LINE('',#4491,#4492);
#4491 = CARTESIAN_POINT('',(76.,1.7,3.5));
#4492 = VECTOR('',#4493,1.);
#4493 = DIRECTION('',(1.,0.,0.));
#4494 = PCURVE('',#4303,#4495);
#4495 = DEFINITIONAL_REPRESENTATION('',(#4496),#4500);
#4496 = LINE('',#4497,#4498);
#4497 = CARTESIAN_POINT('',(1.2,-8.));
#4498 = VECTOR('',#4499,1.);
#4499 = DIRECTION('',(0.,1.));
#4500 = ( GEOMETRIC_REPRESENTATION_CONTEXT(2) 
PARAMETRIC_REPRESENTATION_CONTEXT() REPRESENTATION_CONTEXT('2D SPACE',''
  ) );
#4501 = PCURVE('',#4165,#4502);
#4502 = DEFINITIONAL_REPRESENTATION('',(#4503),#4507);
#4503 = LINE('',#4504,#4505);
#4504 = CARTESIAN_POINT('',(0.,-6.4));
#4505 = VECTOR('',#4506,1.);
#4506 = DIRECTION('',(1.,0.));
#4507 = ( GEOMETRIC_REPRESENTATION_CONTEXT(2) 
PARAMETRIC_REPRESENTATION_CONTEXT() REPRESENTATION_CONTEXT('2D SPACE',''
  ) );
#4508 = ORIENTED_EDGE('',*,*,#4509,.T.);
#4509 = EDGE_CURVE('',#4487,#4463,#4510,.T.);
#4510 = SURFACE_CURVE('',#4511,(#4515,#4522),.PCURVE_S1.);
#4511 = LINE('',#4512,#4513);
#4512 = CARTESIAN_POINT('',(92.,1.7,3.5));
#4513 = VECTOR('',#4514,1.);
#4514 = DIRECTION('',(-0.,0.,-1.));
#4515 = PCURVE('',#4303,#4516);
#4516 = DEFINITIONAL_REPRESENTATION('',(#4517),#4521);
#4517 = LINE('',#4518,#4519);
#4518 = CARTESIAN_POINT('',(1.2,8.));
#4519 = VECTOR('',#4520,1.);
#4520 = DIRECTION('',(-1.,0.));
#4521 = ( GEOMETRIC_REPRESENTATION_CONTEXT(2) 
PARAMETRIC_REPRESENTATION_CONTEXT() REPRESENTATION_CONTEXT('2D SPACE',''
  ) );
#4522 = PCURVE('',#480,#4523);
#4523 = DEFINITIONAL_REPRESENTATION('',(#4524),#4528);
#4524 = LINE('',#4525,#4526);
#4525 = CARTESIAN_POINT('',(0.,-6.4));
#4526 = VECTOR('',#4527,1.);
#4527 = DIRECTION('',(1.,0.));
#4528 = ( GEOMETRIC_REPRESENTATION_CONTEXT(2) 
PARAMETRIC_REPRESENTATION_CONTEXT() REPRESENTATION_CONTEXT('2D SPACE',''
  ) );
#4529 = ADVANCED_FACE('',(#4530),#4275,.F.);
#4530 = FACE_BOUND('',#4531,.F.);
#4531 = EDGE_LOOP('',(#4532,#4533,#4534,#4562,#4583));
#4532 = ORIENTED_EDGE('',*,*,#4257,.F.);
#4533 = ORIENTED_EDGE('',*,*,#4416,.F.);
#4534 = ORIENTED_EDGE('',*,*,#4535,.F.);
#4535 = EDGE_CURVE('',#4536,#4395,#4538,.T.);
#4536 = VERTEX_POINT('',#4537);
#4537 = CARTESIAN_POINT('',(92.,7.789444362769,1.1));
#4538 = SURFACE_CURVE('',#4539,(#4544,#4555),.PCURVE_S1.);
#4539 = CIRCLE('',#4540,1.9);
#4540 = AXIS2_PLACEMENT_3D('',#4541,#4542,#4543);
#4541 = CARTESIAN_POINT('',(91.8,5.9,1.1));
#4542 = DIRECTION('',(0.,-0.,1.));
#4543 = DIRECTION('',(9.090909090907E-02,0.995859195464,0.));
#4544 = PCURVE('',#4275,#4545);
#4545 = DEFINITIONAL_REPRESENTATION('',(#4546),#4554);
#4546 = ( BOUNDED_CURVE() B_SPLINE_CURVE(2,(#4547,#4548,#4549,#4550,
#4551,#4552,#4553),.UNSPECIFIED.,.T.,.F.) B_SPLINE_CURVE_WITH_KNOTS((1,2
    ,2,2,2,1),(-2.094395102393,0.,2.094395102393,4.188790204786,
6.28318530718,8.377580409573),.UNSPECIFIED.) CURVE() 
GEOMETRIC_REPRESENTATION_ITEM() RATIONAL_B_SPLINE_CURVE((1.,0.5,1.,0.5,
1.,0.5,1.)) REPRESENTATION_ITEM('') );
#4547 = CARTESIAN_POINT('',(2.727272727277E-02,-0.307867528619));
#4548 = CARTESIAN_POINT('',(3.304542302356,-8.695116402147E-03));
#4549 = CARTESIAN_POINT('',(1.924998423905,-2.996480029583));
#4550 = CARTESIAN_POINT('',(0.545454545454,-5.984264942763));
#4551 = CARTESIAN_POINT('',(-1.352271151178,-3.295652441799));
#4552 = CARTESIAN_POINT('',(-3.249996847811,-0.607039940835));
#4553 = CARTESIAN_POINT('',(2.727272727277E-02,-0.307867528619));
#4554 = ( GEOMETRIC_REPRESENTATION_CONTEXT(2) 
PARAMETRIC_REPRESENTATION_CONTEXT() REPRESENTATION_CONTEXT('2D SPACE',''
  ) );
#4555 = PCURVE('',#452,#4556);
#4556 = DEFINITIONAL_REPRESENTATION('',(#4557),#4561);
#4557 = LINE('',#4558,#4559);
#4558 = CARTESIAN_POINT('',(0.,1.570796326795));
#4559 = VECTOR('',#4560,1.);
#4560 = DIRECTION('',(1.,0.));
#4561 = ( GEOMETRIC_REPRESENTATION_CONTEXT(2) 
PARAMETRIC_REPRESENTATION_CONTEXT() REPRESENTATION_CONTEXT('2D SPACE',''
  ) );
#4562 = ORIENTED_EDGE('',*,*,#4563,.T.);
#4563 = EDGE_CURVE('',#4536,#4463,#4564,.T.);
#4564 = SURFACE_CURVE('',#4565,(#4569,#4576),.PCURVE_S1.);
#4565 = LINE('',#4566,#4567);
#4566 = CARTESIAN_POINT('',(92.,8.1,1.1));
#4567 = VECTOR('',#4568,1.);
#4568 = DIRECTION('',(0.,-1.,0.));
#4569 = PCURVE('',#4275,#4570);
#4570 = DEFINITIONAL_REPRESENTATION('',(#4571),#4575);
#4571 = LINE('',#4572,#4573);
#4572 = CARTESIAN_POINT('',(0.,0.));
#4573 = VECTOR('',#4574,1.);
#4574 = DIRECTION('',(0.,-1.));
#4575 = ( GEOMETRIC_REPRESENTATION_CONTEXT(2) 
PARAMETRIC_REPRESENTATION_CONTEXT() REPRESENTATION_CONTEXT('2D SPACE',''
  ) );
#4576 = PCURVE('',#480,#4577);
#4577 = DEFINITIONAL_REPRESENTATION('',(#4578),#4582);
#4578 = LINE('',#4579,#4580);
#4579 = CARTESIAN_POINT('',(2.4,0.));
#4580 = VECTOR('',#4581,1.);
#4581 = DIRECTION('',(0.,-1.));
#4582 = ( GEOMETRIC_REPRESENTATION_CONTEXT(2) 
PARAMETRIC_REPRESENTATION_CONTEXT() REPRESENTATION_CONTEXT('2D SPACE',''
  ) );
#4583 = ORIENTED_EDGE('',*,*,#4462,.T.);
#4584 = ADVANCED_FACE('',(#4585),#4165,.F.);
#4585 = FACE_BOUND('',#4586,.F.);
#4586 = EDGE_LOOP('',(#4587,#4608,#4609,#4610,#4611));
#4587 = ORIENTED_EDGE('',*,*,#4588,.F.);
#4588 = EDGE_CURVE('',#4073,#4487,#4589,.T.);
#4589 = SURFACE_CURVE('',#4590,(#4594,#4601),.PCURVE_S1.);
#4590 = LINE('',#4591,#4592);
#4591 = CARTESIAN_POINT('',(92.,8.1,3.5));
#4592 = VECTOR('',#4593,1.);
#4593 = DIRECTION('',(0.,-1.,0.));
#4594 = PCURVE('',#4165,#4595);
#4595 = DEFINITIONAL_REPRESENTATION('',(#4596),#4600);
#4596 = LINE('',#4597,#4598);
#4597 = CARTESIAN_POINT('',(16.,0.));
#4598 = VECTOR('',#4599,1.);
#4599 = DIRECTION('',(0.,-1.));
#4600 = ( GEOMETRIC_REPRESENTATION_CONTEXT(2) 
PARAMETRIC_REPRESENTATION_CONTEXT() REPRESENTATION_CONTEXT('2D SPACE',''
  ) );
#4601 = PCURVE('',#480,#4602);
#4602 = DEFINITIONAL_REPRESENTATION('',(#4603),#4607);
#4603 = LINE('',#4604,#4605);
#4604 = CARTESIAN_POINT('',(0.,0.));
#4605 = VECTOR('',#4606,1.);
#4606 = DIRECTION('',(0.,-1.));
#4607 = ( GEOMETRIC_REPRESENTATION_CONTEXT(2) 
PARAMETRIC_REPRESENTATION_CONTEXT() REPRESENTATION_CONTEXT('2D SPACE',''
  ) );
#4608 = ORIENTED_EDGE('',*,*,#4150,.T.);
#4609 = ORIENTED_EDGE('',*,*,#4181,.T.);
#4610 = ORIENTED_EDGE('',*,*,#4315,.T.);
#4611 = ORIENTED_EDGE('',*,*,#4486,.T.);
#4612 = ADVANCED_FACE('',(#4613),#480,.F.);
#4613 = FACE_BOUND('',#4614,.F.);
#4614 = EDGE_LOOP('',(#4615,#4616,#4664,#4665,#4666,#4667));
#4615 = ORIENTED_EDGE('',*,*,#4563,.F.);
#4616 = ORIENTED_EDGE('',*,*,#4617,.F.);
#4617 = EDGE_CURVE('',#436,#4536,#4618,.T.);
#4618 = SURFACE_CURVE('',#4619,(#4632,#4648),.PCURVE_S1.);
#4619 = B_SPLINE_CURVE_WITH_KNOTS('',6,(#4620,#4621,#4622,#4623,#4624,
    #4625,#4626,#4627,#4628,#4629,#4630,#4631),.UNSPECIFIED.,.F.,.F.,(7,
    5,7),(0.,0.50154649766,1.),.UNSPECIFIED.);
#4620 = CARTESIAN_POINT('',(92.,8.090890230021,0.8));
#4621 = CARTESIAN_POINT('',(92.,8.090890230021,0.839400529494));
#4622 = CARTESIAN_POINT('',(92.,8.08465479424,0.878804364873));
#4623 = CARTESIAN_POINT('',(92.,8.072182031918,0.916979655538));
#4624 = CARTESIAN_POINT('',(92.,8.053800223633,0.952706318061));
#4625 = CARTESIAN_POINT('',(92.,8.030145481355,0.984893387066));
#4626 = CARTESIAN_POINT('',(92.,7.974215518933,1.040286839219));
#4627 = CARTESIAN_POINT('',(92.,7.941989815922,1.063551886636));
#4628 = CARTESIAN_POINT('',(92.,7.906274246945,1.081619377247));
#4629 = CARTESIAN_POINT('',(92.,7.868144100108,1.093873977129));
#4630 = CARTESIAN_POINT('',(92.,7.828797406621,1.1));
#4631 = CARTESIAN_POINT('',(92.,7.789444362769,1.1));
#4632 = PCURVE('',#480,#4633);
#4633 = DEFINITIONAL_REPRESENTATION('',(#4634),#4647);
#4634 = B_SPLINE_CURVE_WITH_KNOTS('',6,(#4635,#4636,#4637,#4638,#4639,
    #4640,#4641,#4642,#4643,#4644,#4645,#4646),.UNSPECIFIED.,.F.,.F.,(7,
    5,7),(0.,0.50154649766,1.),.UNSPECIFIED.);
#4635 = CARTESIAN_POINT('',(2.7,-9.109769979336E-03));
#4636 = CARTESIAN_POINT('',(2.660599470506,-9.109769979336E-03));
#4637 = CARTESIAN_POINT('',(2.621195635127,-1.534520576002E-02));
#4638 = CARTESIAN_POINT('',(2.583020344462,-2.781796808195E-02));
#4639 = CARTESIAN_POINT('',(2.547293681939,-4.619977636745E-02));
#4640 = CARTESIAN_POINT('',(2.515106612934,-6.985451864455E-02));
#4641 = CARTESIAN_POINT('',(2.459713160781,-0.125784481067));
#4642 = CARTESIAN_POINT('',(2.436448113364,-0.158010184078));
#4643 = CARTESIAN_POINT('',(2.418380622753,-0.193725753055));
#4644 = CARTESIAN_POINT('',(2.406126022871,-0.231855899892));
#4645 = CARTESIAN_POINT('',(2.4,-0.271202593379));
#4646 = CARTESIAN_POINT('',(2.4,-0.310555637231));
#4647 = ( GEOMETRIC_REPRESENTATION_CONTEXT(2) 
PARAMETRIC_REPRESENTATION_CONTEXT() REPRESENTATION_CONTEXT('2D SPACE',''
  ) );
#4648 = PCURVE('',#452,#4649);
#4649 = DEFINITIONAL_REPRESENTATION('',(#4650),#4663);
#4650 = B_SPLINE_CURVE_WITH_KNOTS('',6,(#4651,#4652,#4653,#4654,#4655,
    #4656,#4657,#4658,#4659,#4660,#4661,#4662),.UNSPECIFIED.,.F.,.F.,(7,
    5,7),(0.,0.50154649766,1.),.UNSPECIFIED.);
#4651 = CARTESIAN_POINT('',(-2.57571741713E-14,0.));
#4652 = CARTESIAN_POINT('',(-2.57571741713E-14,0.131335098315));
#4653 = CARTESIAN_POINT('',(-2.576624569901E-04,0.262681037702));
#4654 = CARTESIAN_POINT('',(-7.730662140508E-04,0.394010594593));
#4655 = CARTESIAN_POINT('',(-1.543556497263E-03,0.52533344187));
#4656 = CARTESIAN_POINT('',(-2.564656124221E-03,0.656659814612));
#4657 = CARTESIAN_POINT('',(-5.073401634496E-03,0.918459832219));
#4658 = CARTESIAN_POINT('',(-6.558353109149E-03,1.048954670166));
#4659 = CARTESIAN_POINT('',(-8.264577632145E-03,1.179425574843));
#4660 = CARTESIAN_POINT('',(-1.017140371775E-02,1.309885332195));
#4661 = CARTESIAN_POINT('',(-1.224352332579E-02,1.440348279664));
#4662 = CARTESIAN_POINT('',(-1.442374736193E-02,1.570796326795));
#4663 = ( GEOMETRIC_REPRESENTATION_CONTEXT(2) 
PARAMETRIC_REPRESENTATION_CONTEXT() REPRESENTATION_CONTEXT('2D SPACE',''
  ) );
#4664 = ORIENTED_EDGE('',*,*,#464,.T.);
#4665 = ORIENTED_EDGE('',*,*,#4072,.T.);
#4666 = ORIENTED_EDGE('',*,*,#4588,.T.);
#4667 = ORIENTED_EDGE('',*,*,#4509,.T.);
#4668 = ADVANCED_FACE('',(#4669),#452,.T.);
#4669 = FACE_BOUND('',#4670,.T.);
#4670 = EDGE_LOOP('',(#4671,#4672,#4673,#4674));
#4671 = ORIENTED_EDGE('',*,*,#4617,.F.);
#4672 = ORIENTED_EDGE('',*,*,#435,.T.);
#4673 = ORIENTED_EDGE('',*,*,#4394,.T.);
#4674 = ORIENTED_EDGE('',*,*,#4535,.F.);
#4675 = ADVANCED_FACE('',(#4676),#423,.F.);
#4676 = FACE_BOUND('',#4677,.F.);
#4677 = EDGE_LOOP('',(#4678,#4679,#4680,#4681,#4682,#4683,#4684,#4685));
#4678 = ORIENTED_EDGE('',*,*,#2565,.F.);
#4679 = ORIENTED_EDGE('',*,*,#2466,.T.);
#4680 = ORIENTED_EDGE('',*,*,#407,.T.);
#4681 = ORIENTED_EDGE('',*,*,#4438,.T.);
#4682 = ORIENTED_EDGE('',*,*,#4337,.F.);
#4683 = ORIENTED_EDGE('',*,*,#4233,.F.);
#4684 = ORIENTED_EDGE('',*,*,#521,.T.);
#4685 = ORIENTED_EDGE('',*,*,#4048,.F.);
#4686 = ADVANCED_FACE('',(#4687),#395,.T.);
#4687 = FACE_BOUND('',#4688,.F.);
#4688 = EDGE_LOOP('',(#4689,#4690,#4691,#4711));
#4689 = ORIENTED_EDGE('',*,*,#2487,.F.);
#4690 = ORIENTED_EDGE('',*,*,#1771,.T.);
#4691 = ORIENTED_EDGE('',*,*,#4692,.T.);
#4692 = EDGE_CURVE('',#1749,#321,#4693,.T.);
#4693 = SURFACE_CURVE('',#4694,(#4699,#4705),.PCURVE_S1.);
#4694 = CIRCLE('',#4695,0.3);
#4695 = AXIS2_PLACEMENT_3D('',#4696,#4697,#4698);
#4696 = CARTESIAN_POINT('',(93.7,5.9,0.3));
#4697 = DIRECTION('',(6.123233995737E-17,-1.,0.));
#4698 = DIRECTION('',(1.,6.123233995737E-17,0.));
#4699 = PCURVE('',#395,#4700);
#4700 = DEFINITIONAL_REPRESENTATION('',(#4701),#4704);
#4701 = B_SPLINE_CURVE_WITH_KNOTS('',1,(#4702,#4703),.UNSPECIFIED.,.F.,
  .F.,(2,2),(4.712388980385,6.28318530718),.PIECEWISE_BEZIER_KNOTS.);
#4702 = CARTESIAN_POINT('',(-1.570796326795,4.712388980385));
#4703 = CARTESIAN_POINT('',(-1.570796326795,6.28318530718));
#4704 = ( GEOMETRIC_REPRESENTATION_CONTEXT(2) 
PARAMETRIC_REPRESENTATION_CONTEXT() REPRESENTATION_CONTEXT('2D SPACE',''
  ) );
#4705 = PCURVE('',#362,#4706);
#4706 = DEFINITIONAL_REPRESENTATION('',(#4707),#4710);
#4707 = B_SPLINE_CURVE_WITH_KNOTS('',1,(#4708,#4709),.UNSPECIFIED.,.F.,
  .F.,(2,2),(4.712388980385,6.28318530718),.PIECEWISE_BEZIER_KNOTS.);
#4708 = CARTESIAN_POINT('',(0.,0.));
#4709 = CARTESIAN_POINT('',(1.570796326795,0.));
#4710 = ( GEOMETRIC_REPRESENTATION_CONTEXT(2) 
PARAMETRIC_REPRESENTATION_CONTEXT() REPRESENTATION_CONTEXT('2D SPACE',''
  ) );
#4711 = ORIENTED_EDGE('',*,*,#378,.F.);
#4712 = ADVANCED_FACE('',(#4713),#308,.T.);
#4713 = FACE_BOUND('',#4714,.T.);
#4714 = EDGE_LOOP('',(#4715,#4716,#4717,#4737));
#4715 = ORIENTED_EDGE('',*,*,#602,.T.);
#4716 = ORIENTED_EDGE('',*,*,#744,.T.);
#4717 = ORIENTED_EDGE('',*,*,#4718,.F.);
#4718 = EDGE_CURVE('',#234,#717,#4719,.T.);
#4719 = SURFACE_CURVE('',#4720,(#4725,#4731),.PCURVE_S1.);
#4720 = CIRCLE('',#4721,0.3);
#4721 = AXIS2_PLACEMENT_3D('',#4722,#4723,#4724);
#4722 = CARTESIAN_POINT('',(93.7,-5.9,4.3));
#4723 = DIRECTION('',(-0.,-1.,0.));
#4724 = DIRECTION('',(1.,-0.,0.));
#4725 = PCURVE('',#308,#4726);
#4726 = DEFINITIONAL_REPRESENTATION('',(#4727),#4730);
#4727 = B_SPLINE_CURVE_WITH_KNOTS('',1,(#4728,#4729),.UNSPECIFIED.,.F.,
  .F.,(2,2),(0.,1.570796326795),.PIECEWISE_BEZIER_KNOTS.);
#4728 = CARTESIAN_POINT('',(0.,11.8));
#4729 = CARTESIAN_POINT('',(1.570796326795,11.8));
#4730 = ( GEOMETRIC_REPRESENTATION_CONTEXT(2) 
PARAMETRIC_REPRESENTATION_CONTEXT() REPRESENTATION_CONTEXT('2D SPACE',''
  ) );
#4731 = PCURVE('',#276,#4732);
#4732 = DEFINITIONAL_REPRESENTATION('',(#4733),#4736);
#4733 = B_SPLINE_CURVE_WITH_KNOTS('',1,(#4734,#4735),.UNSPECIFIED.,.F.,
  .F.,(2,2),(0.,1.570796326795),.PIECEWISE_BEZIER_KNOTS.);
#4734 = CARTESIAN_POINT('',(0.,0.));
#4735 = CARTESIAN_POINT('',(0.,1.570796326795));
#4736 = ( GEOMETRIC_REPRESENTATION_CONTEXT(2) 
PARAMETRIC_REPRESENTATION_CONTEXT() REPRESENTATION_CONTEXT('2D SPACE',''
  ) );
#4737 = ORIENTED_EDGE('',*,*,#292,.F.);
#4738 = ADVANCED_FACE('',(#4739),#362,.T.);
#4739 = FACE_BOUND('',#4740,.T.);
#4740 = EDGE_LOOP('',(#4741,#4742,#4743,#4763));
#4741 = ORIENTED_EDGE('',*,*,#4692,.T.);
#4742 = ORIENTED_EDGE('',*,*,#348,.T.);
#4743 = ORIENTED_EDGE('',*,*,#4744,.F.);
#4744 = EDGE_CURVE('',#1721,#205,#4745,.T.);
#4745 = SURFACE_CURVE('',#4746,(#4751,#4757),.PCURVE_S1.);
#4746 = CIRCLE('',#4747,0.3);
#4747 = AXIS2_PLACEMENT_3D('',#4748,#4749,#4750);
#4748 = CARTESIAN_POINT('',(93.7,-5.9,0.3));
#4749 = DIRECTION('',(0.,-1.,-0.));
#4750 = DIRECTION('',(0.,0.,-1.));
#4751 = PCURVE('',#362,#4752);
#4752 = DEFINITIONAL_REPRESENTATION('',(#4753),#4756);
#4753 = B_SPLINE_CURVE_WITH_KNOTS('',1,(#4754,#4755),.UNSPECIFIED.,.F.,
  .F.,(2,2),(0.,1.570796326795),.PIECEWISE_BEZIER_KNOTS.);
#4754 = CARTESIAN_POINT('',(0.,11.8));
#4755 = CARTESIAN_POINT('',(1.570796326795,11.8));
#4756 = ( GEOMETRIC_REPRESENTATION_CONTEXT(2) 
PARAMETRIC_REPRESENTATION_CONTEXT() REPRESENTATION_CONTEXT('2D SPACE',''
  ) );
#4757 = PCURVE('',#221,#4758);
#4758 = DEFINITIONAL_REPRESENTATION('',(#4759),#4762);
#4759 = B_SPLINE_CURVE_WITH_KNOTS('',1,(#4760,#4761),.UNSPECIFIED.,.F.,
  .F.,(2,2),(0.,1.570796326795),.PIECEWISE_BEZIER_KNOTS.);
#4760 = CARTESIAN_POINT('',(0.,4.712388980385));
#4761 = CARTESIAN_POINT('',(0.,6.28318530718));
#4762 = ( GEOMETRIC_REPRESENTATION_CONTEXT(2) 
PARAMETRIC_REPRESENTATION_CONTEXT() REPRESENTATION_CONTEXT('2D SPACE',''
  ) );
#4763 = ORIENTED_EDGE('',*,*,#1748,.F.);
#4764 = ADVANCED_FACE('',(#4765),#276,.T.);
#4765 = FACE_BOUND('',#4766,.F.);
#4766 = EDGE_LOOP('',(#4767,#4768,#4769,#4789));
#4767 = ORIENTED_EDGE('',*,*,#4718,.F.);
#4768 = ORIENTED_EDGE('',*,*,#261,.T.);
#4769 = ORIENTED_EDGE('',*,*,#4770,.T.);
#4770 = EDGE_CURVE('',#119,#694,#4771,.T.);
#4771 = SURFACE_CURVE('',#4772,(#4777,#4783),.PCURVE_S1.);
#4772 = CIRCLE('',#4773,0.3);
#4773 = AXIS2_PLACEMENT_3D('',#4774,#4775,#4776);
#4774 = CARTESIAN_POINT('',(91.8,-7.8,4.3));
#4775 = DIRECTION('',(-1.,-6.123233995737E-17,0.));
#4776 = DIRECTION('',(6.123233995737E-17,-1.,-0.));
#4777 = PCURVE('',#276,#4778);
#4778 = DEFINITIONAL_REPRESENTATION('',(#4779),#4782);
#4779 = B_SPLINE_CURVE_WITH_KNOTS('',1,(#4780,#4781),.UNSPECIFIED.,.F.,
  .F.,(2,2),(0.,1.570796326795),.PIECEWISE_BEZIER_KNOTS.);
#4780 = CARTESIAN_POINT('',(-1.570796326795,0.));
#4781 = CARTESIAN_POINT('',(-1.570796326795,1.570796326795));
#4782 = ( GEOMETRIC_REPRESENTATION_CONTEXT(2) 
PARAMETRIC_REPRESENTATION_CONTEXT() REPRESENTATION_CONTEXT('2D SPACE',''
  ) );
#4783 = PCURVE('',#134,#4784);
#4784 = DEFINITIONAL_REPRESENTATION('',(#4785),#4788);
#4785 = B_SPLINE_CURVE_WITH_KNOTS('',1,(#4786,#4787),.UNSPECIFIED.,.F.,
  .F.,(2,2),(0.,1.570796326795),.PIECEWISE_BEZIER_KNOTS.);
#4786 = CARTESIAN_POINT('',(0.,0.));
#4787 = CARTESIAN_POINT('',(1.570796326795,0.));
#4788 = ( GEOMETRIC_REPRESENTATION_CONTEXT(2) 
PARAMETRIC_REPRESENTATION_CONTEXT() REPRESENTATION_CONTEXT('2D SPACE',''
  ) );
#4789 = ORIENTED_EDGE('',*,*,#716,.F.);
#4790 = ADVANCED_FACE('',(#4791),#221,.T.);
#4791 = FACE_BOUND('',#4792,.F.);
#4792 = EDGE_LOOP('',(#4793,#4794,#4795,#4815));
#4793 = ORIENTED_EDGE('',*,*,#4744,.F.);
#4794 = ORIENTED_EDGE('',*,*,#1720,.T.);
#4795 = ORIENTED_EDGE('',*,*,#4796,.T.);
#4796 = EDGE_CURVE('',#1698,#147,#4797,.T.);
#4797 = SURFACE_CURVE('',#4798,(#4803,#4809),.PCURVE_S1.);
#4798 = CIRCLE('',#4799,0.3);
#4799 = AXIS2_PLACEMENT_3D('',#4800,#4801,#4802);
#4800 = CARTESIAN_POINT('',(91.8,-7.8,0.3));
#4801 = DIRECTION('',(-1.,-6.123233995737E-17,0.));
#4802 = DIRECTION('',(6.123233995737E-17,-1.,-0.));
#4803 = PCURVE('',#221,#4804);
#4804 = DEFINITIONAL_REPRESENTATION('',(#4805),#4808);
#4805 = B_SPLINE_CURVE_WITH_KNOTS('',1,(#4806,#4807),.UNSPECIFIED.,.F.,
  .F.,(2,2),(4.712388980385,6.28318530718),.PIECEWISE_BEZIER_KNOTS.);
#4806 = CARTESIAN_POINT('',(-1.570796326795,4.712388980385));
#4807 = CARTESIAN_POINT('',(-1.570796326795,6.28318530718));
#4808 = ( GEOMETRIC_REPRESENTATION_CONTEXT(2) 
PARAMETRIC_REPRESENTATION_CONTEXT() REPRESENTATION_CONTEXT('2D SPACE',''
  ) );
#4809 = PCURVE('',#188,#4810);
#4810 = DEFINITIONAL_REPRESENTATION('',(#4811),#4814);
#4811 = B_SPLINE_CURVE_WITH_KNOTS('',1,(#4812,#4813),.UNSPECIFIED.,.F.,
  .F.,(2,2),(4.712388980385,6.28318530718),.PIECEWISE_BEZIER_KNOTS.);
#4812 = CARTESIAN_POINT('',(0.,0.));
#4813 = CARTESIAN_POINT('',(1.570796326795,0.));
#4814 = ( GEOMETRIC_REPRESENTATION_CONTEXT(2) 
PARAMETRIC_REPRESENTATION_CONTEXT() REPRESENTATION_CONTEXT('2D SPACE',''
  ) );
#4815 = ORIENTED_EDGE('',*,*,#204,.F.);
#4816 = ADVANCED_FACE('',(#4817),#134,.T.);
#4817 = FACE_BOUND('',#4818,.T.);
#4818 = EDGE_LOOP('',(#4819,#4820,#4821,#4822));
#4819 = ORIENTED_EDGE('',*,*,#4770,.T.);
#4820 = ORIENTED_EDGE('',*,*,#693,.T.);
#4821 = ORIENTED_EDGE('',*,*,#3998,.F.);
#4822 = ORIENTED_EDGE('',*,*,#118,.F.);
#4823 = ADVANCED_FACE('',(#4824),#188,.T.);
#4824 = FACE_BOUND('',#4825,.T.);
#4825 = EDGE_LOOP('',(#4826,#4827,#4828,#4829));
#4826 = ORIENTED_EDGE('',*,*,#4796,.T.);
#4827 = ORIENTED_EDGE('',*,*,#174,.T.);
#4828 = ORIENTED_EDGE('',*,*,#3533,.F.);
#4829 = ORIENTED_EDGE('',*,*,#1697,.F.);
#4830 = ADVANCED_FACE('',(#4831),#106,.T.);
#4831 = FACE_BOUND('',#4832,.F.);
#4832 = EDGE_LOOP('',(#4833,#4834,#4835,#4836));
#4833 = ORIENTED_EDGE('',*,*,#83,.F.);
#4834 = ORIENTED_EDGE('',*,*,#3555,.T.);
#4835 = ORIENTED_EDGE('',*,*,#2666,.T.);
#4836 = ORIENTED_EDGE('',*,*,#4018,.F.);
#4837 = ( GEOMETRIC_REPRESENTATION_CONTEXT(3) 
GLOBAL_UNCERTAINTY_ASSIGNED_CONTEXT((#4841)) 
GLOBAL_UNIT_ASSIGNED_CONTEXT((#4838,#4839,#4840)) REPRESENTATION_CONTEXT
('Context #1','3D Context with UNIT and UNCERTAINTY') );
#4838 = ( LENGTH_UNIT() NAMED_UNIT(*) SI_UNIT(.MILLI.,.METRE.) );
#4839 = ( NAMED_UNIT(*) PLANE_ANGLE_UNIT() SI_UNIT($,.RADIAN.) );
#4840 = ( NAMED_UNIT(*) SI_UNIT($,.STERADIAN.) SOLID_ANGLE_UNIT() );
#4841 = UNCERTAINTY_MEASURE_WITH_UNIT(LENGTH_MEASURE(2.E-06),#4838,
  'distance_accuracy_value','confusion accuracy');
#4842 = CONTEXT_DEPENDENT_SHAPE_REPRESENTATION(#4843,#4845);
#4843 = ( REPRESENTATION_RELATIONSHIP('','',#76,#10) 
REPRESENTATION_RELATIONSHIP_WITH_TRANSFORMATION(#4844) 
SHAPE_REPRESENTATION_RELATIONSHIP() );
#4844 = ITEM_DEFINED_TRANSFORMATION('','',#11,#15);
#4845 = PRODUCT_DEFINITION_SHAPE('Placement','Placement of an item',
  #4846);
#4846 = NEXT_ASSEMBLY_USAGE_OCCURRENCE('1','01-frame','',#5,#71,$);
#4847 = PRODUCT_RELATED_PRODUCT_CATEGORY('part',$,(#73));
#4848 = SHAPE_DEFINITION_REPRESENTATION(#4849,#4855);
#4849 = PRODUCT_DEFINITION_SHAPE('','',#4850);
#4850 = PRODUCT_DEFINITION('design','',#4851,#4854);
#4851 = PRODUCT_DEFINITION_FORMATION('','',#4852);
#4852 = PRODUCT('02-mizu','02-mizu','',(#4853));
#4853 = PRODUCT_CONTEXT('',#2,'mechanical');
#4854 = PRODUCT_DEFINITION_CONTEXT('part definition',#2,'design');
#4855 = ADVANCED_BREP_SHAPE_REPRESENTATION('',(#11,#4856),#6288);
#4856 = MANIFOLD_SOLID_BREP('',#4857);
#4857 = CLOSED_SHELL('',(#4858,#5002,#5223,#5360,#5523,#5672,#5780,#5828
    ,#5856,#5883,#5910,#5937,#5991,#6018,#6089,#6138,#6165,#6192,#6218,
    #6245,#6272,#6279));
#4858 = ADVANCED_FACE('',(#4859),#4873,.T.);
#4859 = FACE_BOUND('',#4860,.T.);
#4860 = EDGE_LOOP('',(#4861,#4896,#4922,#4948,#4976));
#4861 = ORIENTED_EDGE('',*,*,#4862,.F.);
#4862 = EDGE_CURVE('',#4863,#4865,#4867,.T.);
#4863 = VERTEX_POINT('',#4864);
#4864 = CARTESIAN_POINT('',(0.,2.916870667877,0.));
#4865 = VERTEX_POINT('',#4866);
#4866 = CARTESIAN_POINT('',(0.,4.9,0.));
#4867 = SURFACE_CURVE('',#4868,(#4872,#4884),.PCURVE_S1.);
#4868 = LINE('',#4869,#4870);
#4869 = CARTESIAN_POINT('',(0.,0.,0.));
#4870 = VECTOR('',#4871,1.);
#4871 = DIRECTION('',(0.,1.,0.));
#4872 = PCURVE('',#4873,#4878);
#4873 = PLANE('',#4874);
#4874 = AXIS2_PLACEMENT_3D('',#4875,#4876,#4877);
#4875 = CARTESIAN_POINT('',(0.,0.,0.));
#4876 = DIRECTION('',(-1.,0.,0.));
#4877 = DIRECTION('',(0.,1.,0.));
#4878 = DEFINITIONAL_REPRESENTATION('',(#4879),#4883);
#4879 = LINE('',#4880,#4881);
#4880 = CARTESIAN_POINT('',(0.,0.));
#4881 = VECTOR('',#4882,1.);
#4882 = DIRECTION('',(1.,0.));
#4883 = ( GEOMETRIC_REPRESENTATION_CONTEXT(2) 
PARAMETRIC_REPRESENTATION_CONTEXT() REPRESENTATION_CONTEXT('2D SPACE',''
  ) );
#4884 = PCURVE('',#4885,#4890);
#4885 = PLANE('',#4886);
#4886 = AXIS2_PLACEMENT_3D('',#4887,#4888,#4889);
#4887 = CARTESIAN_POINT('',(38.277960251768,6.251894228362,0.));
#4888 = DIRECTION('',(-0.,-0.,-1.));
#4889 = DIRECTION('',(-1.,0.,0.));
#4890 = DEFINITIONAL_REPRESENTATION('',(#4891),#4895);
#4891 = LINE('',#4892,#4893);
#4892 = CARTESIAN_POINT('',(38.277960251768,-6.251894228362));
#4893 = VECTOR('',#4894,1.);
#4894 = DIRECTION('',(0.,1.));
#4895 = ( GEOMETRIC_REPRESENTATION_CONTEXT(2) 
PARAMETRIC_REPRESENTATION_CONTEXT() REPRESENTATION_CONTEXT('2D SPACE',''
  ) );
#4896 = ORIENTED_EDGE('',*,*,#4897,.T.);
#4897 = EDGE_CURVE('',#4863,#4898,#4900,.T.);
#4898 = VERTEX_POINT('',#4899);
#4899 = CARTESIAN_POINT('',(0.,0.,0.62));
#4900 = SURFACE_CURVE('',#4901,(#4905,#4911),.PCURVE_S1.);
#4901 = LINE('',#4902,#4903);
#4902 = CARTESIAN_POINT('',(4.440892098501E-16,1.521479513615,
    0.296599545935));
#4903 = VECTOR('',#4904,1.);
#4904 = DIRECTION('',(0.,-0.978147600734,0.207911690818));
#4905 = PCURVE('',#4873,#4906);
#4906 = DEFINITIONAL_REPRESENTATION('',(#4907),#4910);
#4907 = B_SPLINE_CURVE_WITH_KNOTS('',1,(#4908,#4909),.UNSPECIFIED.,.F.,
  .F.,(2,2),(-1.426565022717,1.555470271024),.PIECEWISE_BEZIER_KNOTS.);
#4908 = CARTESIAN_POINT('',(2.916870667877,-5.551115123126E-17));
#4909 = CARTESIAN_POINT('',(0.,-0.62));
#4910 = ( GEOMETRIC_REPRESENTATION_CONTEXT(2) 
PARAMETRIC_REPRESENTATION_CONTEXT() REPRESENTATION_CONTEXT('2D SPACE',''
  ) );
#4911 = PCURVE('',#4912,#4917);
#4912 = PLANE('',#4913);
#4913 = AXIS2_PLACEMENT_3D('',#4914,#4915,#4916);
#4914 = CARTESIAN_POINT('',(-4.,2.916870667877,0.));
#4915 = DIRECTION('',(0.,-0.207911690818,-0.978147600734));
#4916 = DIRECTION('',(0.,-0.978147600734,0.207911690818));
#4917 = DEFINITIONAL_REPRESENTATION('',(#4918),#4921);
#4918 = B_SPLINE_CURVE_WITH_KNOTS('',1,(#4919,#4920),.UNSPECIFIED.,.F.,
  .F.,(2,2),(-1.426565022717,1.555470271024),.PIECEWISE_BEZIER_KNOTS.);
#4919 = CARTESIAN_POINT('',(0.,-4.));
#4920 = CARTESIAN_POINT('',(2.982035293741,-4.));
#4921 = ( GEOMETRIC_REPRESENTATION_CONTEXT(2) 
PARAMETRIC_REPRESENTATION_CONTEXT() REPRESENTATION_CONTEXT('2D SPACE',''
  ) );
#4922 = ORIENTED_EDGE('',*,*,#4923,.F.);
#4923 = EDGE_CURVE('',#4924,#4898,#4926,.T.);
#4924 = VERTEX_POINT('',#4925);
#4925 = CARTESIAN_POINT('',(0.,3.470807251039,1.55));
#4926 = SURFACE_CURVE('',#4927,(#4931,#4937),.PCURVE_S1.);
#4927 = LINE('',#4928,#4929);
#4928 = CARTESIAN_POINT('',(0.,1.65790362552,1.064233937587));
#4929 = VECTOR('',#4930,1.);
#4930 = DIRECTION('',(-0.,-0.965925826289,-0.258819045103));
#4931 = PCURVE('',#4873,#4932);
#4932 = DEFINITIONAL_REPRESENTATION('',(#4933),#4936);
#4933 = B_SPLINE_CURVE_WITH_KNOTS('',1,(#4934,#4935),.UNSPECIFIED.,.F.,
  .F.,(2,2),(-1.876855940879,1.716388132916),.PIECEWISE_BEZIER_KNOTS.);
#4934 = CARTESIAN_POINT('',(3.470807251039,-1.55));
#4935 = CARTESIAN_POINT('',(0.,-0.62));
#4936 = ( GEOMETRIC_REPRESENTATION_CONTEXT(2) 
PARAMETRIC_REPRESENTATION_CONTEXT() REPRESENTATION_CONTEXT('2D SPACE',''
  ) );
#4937 = PCURVE('',#4938,#4943);
#4938 = PLANE('',#4939);
#4939 = AXIS2_PLACEMENT_3D('',#4940,#4941,#4942);
#4940 = CARTESIAN_POINT('',(-4.,3.470807251039,1.55));
#4941 = DIRECTION('',(0.,0.258819045103,-0.965925826289));
#4942 = DIRECTION('',(0.,-0.965925826289,-0.258819045103));
#4943 = DEFINITIONAL_REPRESENTATION('',(#4944),#4947);
#4944 = B_SPLINE_CURVE_WITH_KNOTS('',1,(#4945,#4946),.UNSPECIFIED.,.F.,
  .F.,(2,2),(-1.876855940879,1.716388132916),.PIECEWISE_BEZIER_KNOTS.);
#4945 = CARTESIAN_POINT('',(2.22044604925E-16,-4.));
#4946 = CARTESIAN_POINT('',(3.593244073795,-4.));
#4947 = ( GEOMETRIC_REPRESENTATION_CONTEXT(2) 
PARAMETRIC_REPRESENTATION_CONTEXT() REPRESENTATION_CONTEXT('2D SPACE',''
  ) );
#4948 = ORIENTED_EDGE('',*,*,#4949,.T.);
#4949 = EDGE_CURVE('',#4924,#4950,#4952,.T.);
#4950 = VERTEX_POINT('',#4951);
#4951 = CARTESIAN_POINT('',(0.,4.9,1.55));
#4952 = SURFACE_CURVE('',#4953,(#4957,#4964),.PCURVE_S1.);
#4953 = LINE('',#4954,#4955);
#4954 = CARTESIAN_POINT('',(0.,0.,1.55));
#4955 = VECTOR('',#4956,1.);
#4956 = DIRECTION('',(0.,1.,0.));
#4957 = PCURVE('',#4873,#4958);
#4958 = DEFINITIONAL_REPRESENTATION('',(#4959),#4963);
#4959 = LINE('',#4960,#4961);
#4960 = CARTESIAN_POINT('',(0.,-1.55));
#4961 = VECTOR('',#4962,1.);
#4962 = DIRECTION('',(1.,0.));
#4963 = ( GEOMETRIC_REPRESENTATION_CONTEXT(2) 
PARAMETRIC_REPRESENTATION_CONTEXT() REPRESENTATION_CONTEXT('2D SPACE',''
  ) );
#4964 = PCURVE('',#4965,#4970);
#4965 = PLANE('',#4966);
#4966 = AXIS2_PLACEMENT_3D('',#4967,#4968,#4969);
#4967 = CARTESIAN_POINT('',(38.277960251768,6.251894228362,1.55));
#4968 = DIRECTION('',(-0.,-0.,-1.));
#4969 = DIRECTION('',(-1.,0.,0.));
#4970 = DEFINITIONAL_REPRESENTATION('',(#4971),#4975);
#4971 = LINE('',#4972,#4973);
#4972 = CARTESIAN_POINT('',(38.277960251768,-6.251894228362));
#4973 = VECTOR('',#4974,1.);
#4974 = DIRECTION('',(0.,1.));
#4975 = ( GEOMETRIC_REPRESENTATION_CONTEXT(2) 
PARAMETRIC_REPRESENTATION_CONTEXT() REPRESENTATION_CONTEXT('2D SPACE',''
  ) );
#4976 = ORIENTED_EDGE('',*,*,#4977,.F.);
#4977 = EDGE_CURVE('',#4865,#4950,#4978,.T.);
#4978 = SURFACE_CURVE('',#4979,(#4983,#4990),.PCURVE_S1.);
#4979 = LINE('',#4980,#4981);
#4980 = CARTESIAN_POINT('',(0.,4.9,-0.225));
#4981 = VECTOR('',#4982,1.);
#4982 = DIRECTION('',(0.,0.,1.));
#4983 = PCURVE('',#4873,#4984);
#4984 = DEFINITIONAL_REPRESENTATION('',(#4985),#4989);
#4985 = LINE('',#4986,#4987);
#4986 = CARTESIAN_POINT('',(4.9,0.225));
#4987 = VECTOR('',#4988,1.);
#4988 = DIRECTION('',(0.,-1.));
#4989 = ( GEOMETRIC_REPRESENTATION_CONTEXT(2) 
PARAMETRIC_REPRESENTATION_CONTEXT() REPRESENTATION_CONTEXT('2D SPACE',''
  ) );
#4990 = PCURVE('',#4991,#4996);
#4991 = PLANE('',#4992);
#4992 = AXIS2_PLACEMENT_3D('',#4993,#4994,#4995);
#4993 = CARTESIAN_POINT('',(-28.,4.9,-0.225));
#4994 = DIRECTION('',(0.,1.,0.));
#4995 = DIRECTION('',(1.,0.,0.));
#4996 = DEFINITIONAL_REPRESENTATION('',(#4997),#5001);
#4997 = LINE('',#4998,#4999);
#4998 = CARTESIAN_POINT('',(28.,0.));
#4999 = VECTOR('',#5000,1.);
#5000 = DIRECTION('',(0.,-1.));
#5001 = ( GEOMETRIC_REPRESENTATION_CONTEXT(2) 
PARAMETRIC_REPRESENTATION_CONTEXT() REPRESENTATION_CONTEXT('2D SPACE',''
  ) );
#5002 = ADVANCED_FACE('',(#5003),#4885,.T.);
#5003 = FACE_BOUND('',#5004,.T.);
#5004 = EDGE_LOOP('',(#5005,#5028,#5029,#5057,#5085,#5113,#5141,#5169,
    #5197));
#5005 = ORIENTED_EDGE('',*,*,#5006,.F.);
#5006 = EDGE_CURVE('',#4863,#5007,#5009,.T.);
#5007 = VERTEX_POINT('',#5008);
#5008 = CARTESIAN_POINT('',(82.,2.916870667877,0.));
#5009 = SURFACE_CURVE('',#5010,(#5014,#5021),.PCURVE_S1.);
#5010 = LINE('',#5011,#5012);
#5011 = CARTESIAN_POINT('',(-4.,2.916870667877,0.));
#5012 = VECTOR('',#5013,1.);
#5013 = DIRECTION('',(1.,0.,0.));
#5014 = PCURVE('',#4885,#5015);
#5015 = DEFINITIONAL_REPRESENTATION('',(#5016),#5020);
#5016 = LINE('',#5017,#5018);
#5017 = CARTESIAN_POINT('',(42.277960251768,-3.335023560485));
#5018 = VECTOR('',#5019,1.);
#5019 = DIRECTION('',(-1.,0.));
#5020 = ( GEOMETRIC_REPRESENTATION_CONTEXT(2) 
PARAMETRIC_REPRESENTATION_CONTEXT() REPRESENTATION_CONTEXT('2D SPACE',''
  ) );
#5021 = PCURVE('',#4912,#5022);
#5022 = DEFINITIONAL_REPRESENTATION('',(#5023),#5027);
#5023 = LINE('',#5024,#5025);
#5024 = CARTESIAN_POINT('',(0.,0.));
#5025 = VECTOR('',#5026,1.);
#5026 = DIRECTION('',(0.,-1.));
#5027 = ( GEOMETRIC_REPRESENTATION_CONTEXT(2) 
PARAMETRIC_REPRESENTATION_CONTEXT() REPRESENTATION_CONTEXT('2D SPACE',''
  ) );
#5028 = ORIENTED_EDGE('',*,*,#4862,.T.);
#5029 = ORIENTED_EDGE('',*,*,#5030,.T.);
#5030 = EDGE_CURVE('',#4865,#5031,#5033,.T.);
#5031 = VERTEX_POINT('',#5032);
#5032 = CARTESIAN_POINT('',(0.,14.9,0.));
#5033 = SURFACE_CURVE('',#5034,(#5038,#5045),.PCURVE_S1.);
#5034 = LINE('',#5035,#5036);
#5035 = CARTESIAN_POINT('',(0.,0.,0.));
#5036 = VECTOR('',#5037,1.);
#5037 = DIRECTION('',(0.,1.,0.));
#5038 = PCURVE('',#4885,#5039);
#5039 = DEFINITIONAL_REPRESENTATION('',(#5040),#5044);
#5040 = LINE('',#5041,#5042);
#5041 = CARTESIAN_POINT('',(38.277960251768,-6.251894228362));
#5042 = VECTOR('',#5043,1.);
#5043 = DIRECTION('',(0.,1.));
#5044 = ( GEOMETRIC_REPRESENTATION_CONTEXT(2) 
PARAMETRIC_REPRESENTATION_CONTEXT() REPRESENTATION_CONTEXT('2D SPACE',''
  ) );
#5045 = PCURVE('',#5046,#5051);
#5046 = PLANE('',#5047);
#5047 = AXIS2_PLACEMENT_3D('',#5048,#5049,#5050);
#5048 = CARTESIAN_POINT('',(0.,4.9,-0.225));
#5049 = DIRECTION('',(-1.,0.,0.));
#5050 = DIRECTION('',(0.,1.,0.));
#5051 = DEFINITIONAL_REPRESENTATION('',(#5052),#5056);
#5052 = LINE('',#5053,#5054);
#5053 = CARTESIAN_POINT('',(-4.9,-0.225));
#5054 = VECTOR('',#5055,1.);
#5055 = DIRECTION('',(1.,0.));
#5056 = ( GEOMETRIC_REPRESENTATION_CONTEXT(2) 
PARAMETRIC_REPRESENTATION_CONTEXT() REPRESENTATION_CONTEXT('2D SPACE',''
  ) );
#5057 = ORIENTED_EDGE('',*,*,#5058,.T.);
#5058 = EDGE_CURVE('',#5031,#5059,#5061,.T.);
#5059 = VERTEX_POINT('',#5060);
#5060 = CARTESIAN_POINT('',(0.,15.2,0.));
#5061 = SURFACE_CURVE('',#5062,(#5066,#5073),.PCURVE_S1.);
#5062 = LINE('',#5063,#5064);
#5063 = CARTESIAN_POINT('',(0.,0.,0.));
#5064 = VECTOR('',#5065,1.);
#5065 = DIRECTION('',(0.,1.,0.));
#5066 = PCURVE('',#4885,#5067);
#5067 = DEFINITIONAL_REPRESENTATION('',(#5068),#5072);
#5068 = LINE('',#5069,#5070);
#5069 = CARTESIAN_POINT('',(38.277960251768,-6.251894228362));
#5070 = VECTOR('',#5071,1.);
#5071 = DIRECTION('',(0.,1.));
#5072 = ( GEOMETRIC_REPRESENTATION_CONTEXT(2) 
PARAMETRIC_REPRESENTATION_CONTEXT() REPRESENTATION_CONTEXT('2D SPACE',''
  ) );
#5073 = PCURVE('',#5074,#5079);
#5074 = PLANE('',#5075);
#5075 = AXIS2_PLACEMENT_3D('',#5076,#5077,#5078);
#5076 = CARTESIAN_POINT('',(0.,0.,0.));
#5077 = DIRECTION('',(-1.,0.,0.));
#5078 = DIRECTION('',(0.,1.,0.));
#5079 = DEFINITIONAL_REPRESENTATION('',(#5080),#5084);
#5080 = LINE('',#5081,#5082);
#5081 = CARTESIAN_POINT('',(0.,0.));
#5082 = VECTOR('',#5083,1.);
#5083 = DIRECTION('',(1.,0.));
#5084 = ( GEOMETRIC_REPRESENTATION_CONTEXT(2) 
PARAMETRIC_REPRESENTATION_CONTEXT() REPRESENTATION_CONTEXT('2D SPACE',''
  ) );
#5085 = ORIENTED_EDGE('',*,*,#5086,.T.);
#5086 = EDGE_CURVE('',#5059,#5087,#5089,.T.);
#5087 = VERTEX_POINT('',#5088);
#5088 = CARTESIAN_POINT('',(21.,14.6,0.));
#5089 = SURFACE_CURVE('',#5090,(#5094,#5101),.PCURVE_S1.);
#5090 = LINE('',#5091,#5092);
#5091 = CARTESIAN_POINT('',(0.,15.2,0.));
#5092 = VECTOR('',#5093,1.);
#5093 = DIRECTION('',(0.999592086461,-2.855977389888E-02,0.));
#5094 = PCURVE('',#4885,#5095);
#5095 = DEFINITIONAL_REPRESENTATION('',(#5096),#5100);
#5096 = LINE('',#5097,#5098);
#5097 = CARTESIAN_POINT('',(38.277960251768,8.948105771638));
#5098 = VECTOR('',#5099,1.);
#5099 = DIRECTION('',(-0.999592086461,-2.855977389888E-02));
#5100 = ( GEOMETRIC_REPRESENTATION_CONTEXT(2) 
PARAMETRIC_REPRESENTATION_CONTEXT() REPRESENTATION_CONTEXT('2D SPACE',''
  ) );
#5101 = PCURVE('',#5102,#5107);
#5102 = PLANE('',#5103);
#5103 = AXIS2_PLACEMENT_3D('',#5104,#5105,#5106);
#5104 = CARTESIAN_POINT('',(0.,15.2,0.));
#5105 = DIRECTION('',(2.855977389888E-02,0.999592086461,-0.));
#5106 = DIRECTION('',(0.999592086461,-2.855977389888E-02,0.));
#5107 = DEFINITIONAL_REPRESENTATION('',(#5108),#5112);
#5108 = LINE('',#5109,#5110);
#5109 = CARTESIAN_POINT('',(0.,0.));
#5110 = VECTOR('',#5111,1.);
#5111 = DIRECTION('',(1.,0.));
#5112 = ( GEOMETRIC_REPRESENTATION_CONTEXT(2) 
PARAMETRIC_REPRESENTATION_CONTEXT() REPRESENTATION_CONTEXT('2D SPACE',''
  ) );
#5113 = ORIENTED_EDGE('',*,*,#5114,.T.);
#5114 = EDGE_CURVE('',#5087,#5115,#5117,.T.);
#5115 = VERTEX_POINT('',#5116);
#5116 = CARTESIAN_POINT('',(48.,12.1,0.));
#5117 = SURFACE_CURVE('',#5118,(#5122,#5129),.PCURVE_S1.);
#5118 = LINE('',#5119,#5120);
#5119 = CARTESIAN_POINT('',(21.,14.6,0.));
#5120 = VECTOR('',#5121,1.);
#5121 = DIRECTION('',(0.995740674056,-9.219821056074E-02,0.));
#5122 = PCURVE('',#4885,#5123);
#5123 = DEFINITIONAL_REPRESENTATION('',(#5124),#5128);
#5124 = LINE('',#5125,#5126);
#5125 = CARTESIAN_POINT('',(17.277960251768,8.348105771638));
#5126 = VECTOR('',#5127,1.);
#5127 = DIRECTION('',(-0.995740674056,-9.219821056074E-02));
#5128 = ( GEOMETRIC_REPRESENTATION_CONTEXT(2) 
PARAMETRIC_REPRESENTATION_CONTEXT() REPRESENTATION_CONTEXT('2D SPACE',''
  ) );
#5129 = PCURVE('',#5130,#5135);
#5130 = PLANE('',#5131);
#5131 = AXIS2_PLACEMENT_3D('',#5132,#5133,#5134);
#5132 = CARTESIAN_POINT('',(21.,14.6,0.));
#5133 = DIRECTION('',(9.219821056074E-02,0.995740674056,-0.));
#5134 = DIRECTION('',(0.995740674056,-9.219821056074E-02,0.));
#5135 = DEFINITIONAL_REPRESENTATION('',(#5136),#5140);
#5136 = LINE('',#5137,#5138);
#5137 = CARTESIAN_POINT('',(0.,0.));
#5138 = VECTOR('',#5139,1.);
#5139 = DIRECTION('',(1.,0.));
#5140 = ( GEOMETRIC_REPRESENTATION_CONTEXT(2) 
PARAMETRIC_REPRESENTATION_CONTEXT() REPRESENTATION_CONTEXT('2D SPACE',''
  ) );
#5141 = ORIENTED_EDGE('',*,*,#5142,.T.);
#5142 = EDGE_CURVE('',#5115,#5143,#5145,.T.);
#5143 = VERTEX_POINT('',#5144);
#5144 = CARTESIAN_POINT('',(70.,8.4,0.));
#5145 = SURFACE_CURVE('',#5146,(#5150,#5157),.PCURVE_S1.);
#5146 = LINE('',#5147,#5148);
#5147 = CARTESIAN_POINT('',(48.,12.1,0.));
#5148 = VECTOR('',#5149,1.);
#5149 = DIRECTION('',(0.986150555077,-0.165852593354,0.));
#5150 = PCURVE('',#4885,#5151);
#5151 = DEFINITIONAL_REPRESENTATION('',(#5152),#5156);
#5152 = LINE('',#5153,#5154);
#5153 = CARTESIAN_POINT('',(-9.722039748232,5.848105771638));
#5154 = VECTOR('',#5155,1.);
#5155 = DIRECTION('',(-0.986150555077,-0.165852593354));
#5156 = ( GEOMETRIC_REPRESENTATION_CONTEXT(2) 
PARAMETRIC_REPRESENTATION_CONTEXT() REPRESENTATION_CONTEXT('2D SPACE',''
  ) );
#5157 = PCURVE('',#5158,#5163);
#5158 = PLANE('',#5159);
#5159 = AXIS2_PLACEMENT_3D('',#5160,#5161,#5162);
#5160 = CARTESIAN_POINT('',(48.,12.1,0.));
#5161 = DIRECTION('',(0.165852593354,0.986150555077,-0.));
#5162 = DIRECTION('',(0.986150555077,-0.165852593354,0.));
#5163 = DEFINITIONAL_REPRESENTATION('',(#5164),#5168);
#5164 = LINE('',#5165,#5166);
#5165 = CARTESIAN_POINT('',(0.,0.));
#5166 = VECTOR('',#5167,1.);
#5167 = DIRECTION('',(1.,0.));
#5168 = ( GEOMETRIC_REPRESENTATION_CONTEXT(2) 
PARAMETRIC_REPRESENTATION_CONTEXT() REPRESENTATION_CONTEXT('2D SPACE',''
  ) );
#5169 = ORIENTED_EDGE('',*,*,#5170,.T.);
#5170 = EDGE_CURVE('',#5143,#5171,#5173,.T.);
#5171 = VERTEX_POINT('',#5172);
#5172 = CARTESIAN_POINT('',(82.,3.1,0.));
#5173 = SURFACE_CURVE('',#5174,(#5178,#5185),.PCURVE_S1.);
#5174 = LINE('',#5175,#5176);
#5175 = CARTESIAN_POINT('',(70.,8.4,0.));
#5176 = VECTOR('',#5177,1.);
#5177 = DIRECTION('',(0.91475212861,-0.404015523469,0.));
#5178 = PCURVE('',#4885,#5179);
#5179 = DEFINITIONAL_REPRESENTATION('',(#5180),#5184);
#5180 = LINE('',#5181,#5182);
#5181 = CARTESIAN_POINT('',(-31.72203974823,2.148105771638));
#5182 = VECTOR('',#5183,1.);
#5183 = DIRECTION('',(-0.91475212861,-0.404015523469));
#5184 = ( GEOMETRIC_REPRESENTATION_CONTEXT(2) 
PARAMETRIC_REPRESENTATION_CONTEXT() REPRESENTATION_CONTEXT('2D SPACE',''
  ) );
#5185 = PCURVE('',#5186,#5191);
#5186 = PLANE('',#5187);
#5187 = AXIS2_PLACEMENT_3D('',#5188,#5189,#5190);
#5188 = CARTESIAN_POINT('',(70.,8.4,0.));
#5189 = DIRECTION('',(0.404015523469,0.91475212861,-0.));
#5190 = DIRECTION('',(0.91475212861,-0.404015523469,0.));
#5191 = DEFINITIONAL_REPRESENTATION('',(#5192),#5196);
#5192 = LINE('',#5193,#5194);
#5193 = CARTESIAN_POINT('',(0.,0.));
#5194 = VECTOR('',#5195,1.);
#5195 = DIRECTION('',(1.,0.));
#5196 = ( GEOMETRIC_REPRESENTATION_CONTEXT(2) 
PARAMETRIC_REPRESENTATION_CONTEXT() REPRESENTATION_CONTEXT('2D SPACE',''
  ) );
#5197 = ORIENTED_EDGE('',*,*,#5198,.T.);
#5198 = EDGE_CURVE('',#5171,#5007,#5199,.T.);
#5199 = SURFACE_CURVE('',#5200,(#5204,#5211),.PCURVE_S1.);
#5200 = LINE('',#5201,#5202);
#5201 = CARTESIAN_POINT('',(82.,3.1,0.));
#5202 = VECTOR('',#5203,1.);
#5203 = DIRECTION('',(0.,-1.,0.));
#5204 = PCURVE('',#4885,#5205);
#5205 = DEFINITIONAL_REPRESENTATION('',(#5206),#5210);
#5206 = LINE('',#5207,#5208);
#5207 = CARTESIAN_POINT('',(-43.72203974823,-3.151894228362));
#5208 = VECTOR('',#5209,1.);
#5209 = DIRECTION('',(0.,-1.));
#5210 = ( GEOMETRIC_REPRESENTATION_CONTEXT(2) 
PARAMETRIC_REPRESENTATION_CONTEXT() REPRESENTATION_CONTEXT('2D SPACE',''
  ) );
#5211 = PCURVE('',#5212,#5217);
#5212 = PLANE('',#5213);
#5213 = AXIS2_PLACEMENT_3D('',#5214,#5215,#5216);
#5214 = CARTESIAN_POINT('',(82.,3.1,0.));
#5215 = DIRECTION('',(1.,0.,-0.));
#5216 = DIRECTION('',(0.,-1.,0.));
#5217 = DEFINITIONAL_REPRESENTATION('',(#5218),#5222);
#5218 = LINE('',#5219,#5220);
#5219 = CARTESIAN_POINT('',(0.,0.));
#5220 = VECTOR('',#5221,1.);
#5221 = DIRECTION('',(1.,0.));
#5222 = ( GEOMETRIC_REPRESENTATION_CONTEXT(2) 
PARAMETRIC_REPRESENTATION_CONTEXT() REPRESENTATION_CONTEXT('2D SPACE',''
  ) );
#5223 = ADVANCED_FACE('',(#5224),#4991,.F.);
#5224 = FACE_BOUND('',#5225,.F.);
#5225 = EDGE_LOOP('',(#5226,#5256,#5284,#5310,#5311,#5334));
#5226 = ORIENTED_EDGE('',*,*,#5227,.T.);
#5227 = EDGE_CURVE('',#5228,#5230,#5232,.T.);
#5228 = VERTEX_POINT('',#5229);
#5229 = CARTESIAN_POINT('',(-28.,4.9,-0.225));
#5230 = VERTEX_POINT('',#5231);
#5231 = CARTESIAN_POINT('',(-28.,4.9,1.775));
#5232 = SURFACE_CURVE('',#5233,(#5237,#5244),.PCURVE_S1.);
#5233 = LINE('',#5234,#5235);
#5234 = CARTESIAN_POINT('',(-28.,4.9,-0.225));
#5235 = VECTOR('',#5236,1.);
#5236 = DIRECTION('',(0.,0.,1.));
#5237 = PCURVE('',#4991,#5238);
#5238 = DEFINITIONAL_REPRESENTATION('',(#5239),#5243);
#5239 = LINE('',#5240,#5241);
#5240 = CARTESIAN_POINT('',(0.,0.));
#5241 = VECTOR('',#5242,1.);
#5242 = DIRECTION('',(0.,-1.));
#5243 = ( GEOMETRIC_REPRESENTATION_CONTEXT(2) 
PARAMETRIC_REPRESENTATION_CONTEXT() REPRESENTATION_CONTEXT('2D SPACE',''
  ) );
#5244 = PCURVE('',#5245,#5250);
#5245 = PLANE('',#5246);
#5246 = AXIS2_PLACEMENT_3D('',#5247,#5248,#5249);
#5247 = CARTESIAN_POINT('',(-28.,14.9,-0.225));
#5248 = DIRECTION('',(1.,0.,-0.));
#5249 = DIRECTION('',(0.,-1.,0.));
#5250 = DEFINITIONAL_REPRESENTATION('',(#5251),#5255);
#5251 = LINE('',#5252,#5253);
#5252 = CARTESIAN_POINT('',(10.,0.));
#5253 = VECTOR('',#5254,1.);
#5254 = DIRECTION('',(0.,-1.));
#5255 = ( GEOMETRIC_REPRESENTATION_CONTEXT(2) 
PARAMETRIC_REPRESENTATION_CONTEXT() REPRESENTATION_CONTEXT('2D SPACE',''
  ) );
#5256 = ORIENTED_EDGE('',*,*,#5257,.T.);
#5257 = EDGE_CURVE('',#5230,#5258,#5260,.T.);
#5258 = VERTEX_POINT('',#5259);
#5259 = CARTESIAN_POINT('',(0.,4.9,1.775));
#5260 = SURFACE_CURVE('',#5261,(#5265,#5272),.PCURVE_S1.);
#5261 = LINE('',#5262,#5263);
#5262 = CARTESIAN_POINT('',(-28.,4.9,1.775));
#5263 = VECTOR('',#5264,1.);
#5264 = DIRECTION('',(1.,0.,0.));
#5265 = PCURVE('',#4991,#5266);
#5266 = DEFINITIONAL_REPRESENTATION('',(#5267),#5271);
#5267 = LINE('',#5268,#5269);
#5268 = CARTESIAN_POINT('',(0.,-2.));
#5269 = VECTOR('',#5270,1.);
#5270 = DIRECTION('',(1.,0.));
#5271 = ( GEOMETRIC_REPRESENTATION_CONTEXT(2) 
PARAMETRIC_REPRESENTATION_CONTEXT() REPRESENTATION_CONTEXT('2D SPACE',''
  ) );
#5272 = PCURVE('',#5273,#5278);
#5273 = PLANE('',#5274);
#5274 = AXIS2_PLACEMENT_3D('',#5275,#5276,#5277);
#5275 = CARTESIAN_POINT('',(-14.,9.9,1.775));
#5276 = DIRECTION('',(0.,0.,1.));
#5277 = DIRECTION('',(1.,0.,-0.));
#5278 = DEFINITIONAL_REPRESENTATION('',(#5279),#5283);
#5279 = LINE('',#5280,#5281);
#5280 = CARTESIAN_POINT('',(-14.,-5.));
#5281 = VECTOR('',#5282,1.);
#5282 = DIRECTION('',(1.,0.));
#5283 = ( GEOMETRIC_REPRESENTATION_CONTEXT(2) 
PARAMETRIC_REPRESENTATION_CONTEXT() REPRESENTATION_CONTEXT('2D SPACE',''
  ) );
#5284 = ORIENTED_EDGE('',*,*,#5285,.F.);
#5285 = EDGE_CURVE('',#4950,#5258,#5286,.T.);
#5286 = SURFACE_CURVE('',#5287,(#5291,#5298),.PCURVE_S1.);
#5287 = LINE('',#5288,#5289);
#5288 = CARTESIAN_POINT('',(0.,4.9,-0.225));
#5289 = VECTOR('',#5290,1.);
#5290 = DIRECTION('',(0.,0.,1.));
#5291 = PCURVE('',#4991,#5292);
#5292 = DEFINITIONAL_REPRESENTATION('',(#5293),#5297);
#5293 = LINE('',#5294,#5295);
#5294 = CARTESIAN_POINT('',(28.,0.));
#5295 = VECTOR('',#5296,1.);
#5296 = DIRECTION('',(0.,-1.));
#5297 = ( GEOMETRIC_REPRESENTATION_CONTEXT(2) 
PARAMETRIC_REPRESENTATION_CONTEXT() REPRESENTATION_CONTEXT('2D SPACE',''
  ) );
#5298 = PCURVE('',#5299,#5304);
#5299 = PLANE('',#5300);
#5300 = AXIS2_PLACEMENT_3D('',#5301,#5302,#5303);
#5301 = CARTESIAN_POINT('',(0.,4.9,-0.225));
#5302 = DIRECTION('',(-1.,0.,0.));
#5303 = DIRECTION('',(0.,1.,0.));
#5304 = DEFINITIONAL_REPRESENTATION('',(#5305),#5309);
#5305 = LINE('',#5306,#5307);
#5306 = CARTESIAN_POINT('',(0.,0.));
#5307 = VECTOR('',#5308,1.);
#5308 = DIRECTION('',(0.,-1.));
#5309 = ( GEOMETRIC_REPRESENTATION_CONTEXT(2) 
PARAMETRIC_REPRESENTATION_CONTEXT() REPRESENTATION_CONTEXT('2D SPACE',''
  ) );
#5310 = ORIENTED_EDGE('',*,*,#4977,.F.);
#5311 = ORIENTED_EDGE('',*,*,#5312,.F.);
#5312 = EDGE_CURVE('',#5313,#4865,#5315,.T.);
#5313 = VERTEX_POINT('',#5314);
#5314 = CARTESIAN_POINT('',(0.,4.9,-0.225));
#5315 = SURFACE_CURVE('',#5316,(#5320,#5327),.PCURVE_S1.);
#5316 = LINE('',#5317,#5318);
#5317 = CARTESIAN_POINT('',(0.,4.9,-0.225));
#5318 = VECTOR('',#5319,1.);
#5319 = DIRECTION('',(0.,0.,1.));
#5320 = PCURVE('',#4991,#5321);
#5321 = DEFINITIONAL_REPRESENTATION('',(#5322),#5326);
#5322 = LINE('',#5323,#5324);
#5323 = CARTESIAN_POINT('',(28.,0.));
#5324 = VECTOR('',#5325,1.);
#5325 = DIRECTION('',(0.,-1.));
#5326 = ( GEOMETRIC_REPRESENTATION_CONTEXT(2) 
PARAMETRIC_REPRESENTATION_CONTEXT() REPRESENTATION_CONTEXT('2D SPACE',''
  ) );
#5327 = PCURVE('',#5046,#5328);
#5328 = DEFINITIONAL_REPRESENTATION('',(#5329),#5333);
#5329 = LINE('',#5330,#5331);
#5330 = CARTESIAN_POINT('',(0.,0.));
#5331 = VECTOR('',#5332,1.);
#5332 = DIRECTION('',(0.,-1.));
#5333 = ( GEOMETRIC_REPRESENTATION_CONTEXT(2) 
PARAMETRIC_REPRESENTATION_CONTEXT() REPRESENTATION_CONTEXT('2D SPACE',''
  ) );
#5334 = ORIENTED_EDGE('',*,*,#5335,.F.);
#5335 = EDGE_CURVE('',#5228,#5313,#5336,.T.);
#5336 = SURFACE_CURVE('',#5337,(#5341,#5348),.PCURVE_S1.);
#5337 = LINE('',#5338,#5339);
#5338 = CARTESIAN_POINT('',(-28.,4.9,-0.225));
#5339 = VECTOR('',#5340,1.);
#5340 = DIRECTION('',(1.,0.,0.));
#5341 = PCURVE('',#4991,#5342);
#5342 = DEFINITIONAL_REPRESENTATION('',(#5343),#5347);
#5343 = LINE('',#5344,#5345);
#5344 = CARTESIAN_POINT('',(0.,0.));
#5345 = VECTOR('',#5346,1.);
#5346 = DIRECTION('',(1.,0.));
#5347 = ( GEOMETRIC_REPRESENTATION_CONTEXT(2) 
PARAMETRIC_REPRESENTATION_CONTEXT() REPRESENTATION_CONTEXT('2D SPACE',''
  ) );
#5348 = PCURVE('',#5349,#5354);
#5349 = PLANE('',#5350);
#5350 = AXIS2_PLACEMENT_3D('',#5351,#5352,#5353);
#5351 = CARTESIAN_POINT('',(-14.,9.9,-0.225));
#5352 = DIRECTION('',(0.,0.,1.));
#5353 = DIRECTION('',(1.,0.,-0.));
#5354 = DEFINITIONAL_REPRESENTATION('',(#5355),#5359);
#5355 = LINE('',#5356,#5357);
#5356 = CARTESIAN_POINT('',(-14.,-5.));
#5357 = VECTOR('',#5358,1.);
#5358 = DIRECTION('',(1.,0.));
#5359 = ( GEOMETRIC_REPRESENTATION_CONTEXT(2) 
PARAMETRIC_REPRESENTATION_CONTEXT() REPRESENTATION_CONTEXT('2D SPACE',''
  ) );
#5360 = ADVANCED_FACE('',(#5361),#4965,.F.);
#5361 = FACE_BOUND('',#5362,.F.);
#5362 = EDGE_LOOP('',(#5363,#5386,#5387,#5410,#5433,#5456,#5479,#5502));
#5363 = ORIENTED_EDGE('',*,*,#5364,.F.);
#5364 = EDGE_CURVE('',#4924,#5365,#5367,.T.);
#5365 = VERTEX_POINT('',#5366);
#5366 = CARTESIAN_POINT('',(81.160436412742,3.470807251039,1.55));
#5367 = SURFACE_CURVE('',#5368,(#5372,#5379),.PCURVE_S1.);
#5368 = LINE('',#5369,#5370);
#5369 = CARTESIAN_POINT('',(-4.,3.470807251039,1.55));
#5370 = VECTOR('',#5371,1.);
#5371 = DIRECTION('',(1.,0.,0.));
#5372 = PCURVE('',#4965,#5373);
#5373 = DEFINITIONAL_REPRESENTATION('',(#5374),#5378);
#5374 = LINE('',#5375,#5376);
#5375 = CARTESIAN_POINT('',(42.277960251768,-2.781086977323));
#5376 = VECTOR('',#5377,1.);
#5377 = DIRECTION('',(-1.,0.));
#5378 = ( GEOMETRIC_REPRESENTATION_CONTEXT(2) 
PARAMETRIC_REPRESENTATION_CONTEXT() REPRESENTATION_CONTEXT('2D SPACE',''
  ) );
#5379 = PCURVE('',#4938,#5380);
#5380 = DEFINITIONAL_REPRESENTATION('',(#5381),#5385);
#5381 = LINE('',#5382,#5383);
#5382 = CARTESIAN_POINT('',(0.,0.));
#5383 = VECTOR('',#5384,1.);
#5384 = DIRECTION('',(0.,-1.));
#5385 = ( GEOMETRIC_REPRESENTATION_CONTEXT(2) 
PARAMETRIC_REPRESENTATION_CONTEXT() REPRESENTATION_CONTEXT('2D SPACE',''
  ) );
#5386 = ORIENTED_EDGE('',*,*,#4949,.T.);
#5387 = ORIENTED_EDGE('',*,*,#5388,.T.);
#5388 = EDGE_CURVE('',#4950,#5389,#5391,.T.);
#5389 = VERTEX_POINT('',#5390);
#5390 = CARTESIAN_POINT('',(0.,14.9,1.55));
#5391 = SURFACE_CURVE('',#5392,(#5396,#5403),.PCURVE_S1.);
#5392 = LINE('',#5393,#5394);
#5393 = CARTESIAN_POINT('',(0.,0.,1.55));
#5394 = VECTOR('',#5395,1.);
#5395 = DIRECTION('',(0.,1.,0.));
#5396 = PCURVE('',#4965,#5397);
#5397 = DEFINITIONAL_REPRESENTATION('',(#5398),#5402);
#5398 = LINE('',#5399,#5400);
#5399 = CARTESIAN_POINT('',(38.277960251768,-6.251894228362));
#5400 = VECTOR('',#5401,1.);
#5401 = DIRECTION('',(0.,1.));
#5402 = ( GEOMETRIC_REPRESENTATION_CONTEXT(2) 
PARAMETRIC_REPRESENTATION_CONTEXT() REPRESENTATION_CONTEXT('2D SPACE',''
  ) );
#5403 = PCURVE('',#5299,#5404);
#5404 = DEFINITIONAL_REPRESENTATION('',(#5405),#5409);
#5405 = LINE('',#5406,#5407);
#5406 = CARTESIAN_POINT('',(-4.9,-1.775));
#5407 = VECTOR('',#5408,1.);
#5408 = DIRECTION('',(1.,0.));
#5409 = ( GEOMETRIC_REPRESENTATION_CONTEXT(2) 
PARAMETRIC_REPRESENTATION_CONTEXT() REPRESENTATION_CONTEXT('2D SPACE',''
  ) );
#5410 = ORIENTED_EDGE('',*,*,#5411,.T.);
#5411 = EDGE_CURVE('',#5389,#5412,#5414,.T.);
#5412 = VERTEX_POINT('',#5413);
#5413 = CARTESIAN_POINT('',(0.,15.2,1.55));
#5414 = SURFACE_CURVE('',#5415,(#5419,#5426),.PCURVE_S1.);
#5415 = LINE('',#5416,#5417);
#5416 = CARTESIAN_POINT('',(0.,0.,1.55));
#5417 = VECTOR('',#5418,1.);
#5418 = DIRECTION('',(0.,1.,0.));
#5419 = PCURVE('',#4965,#5420);
#5420 = DEFINITIONAL_REPRESENTATION('',(#5421),#5425);
#5421 = LINE('',#5422,#5423);
#5422 = CARTESIAN_POINT('',(38.277960251768,-6.251894228362));
#5423 = VECTOR('',#5424,1.);
#5424 = DIRECTION('',(0.,1.));
#5425 = ( GEOMETRIC_REPRESENTATION_CONTEXT(2) 
PARAMETRIC_REPRESENTATION_CONTEXT() REPRESENTATION_CONTEXT('2D SPACE',''
  ) );
#5426 = PCURVE('',#5074,#5427);
#5427 = DEFINITIONAL_REPRESENTATION('',(#5428),#5432);
#5428 = LINE('',#5429,#5430);
#5429 = CARTESIAN_POINT('',(0.,-1.55));
#5430 = VECTOR('',#5431,1.);
#5431 = DIRECTION('',(1.,0.));
#5432 = ( GEOMETRIC_REPRESENTATION_CONTEXT(2) 
PARAMETRIC_REPRESENTATION_CONTEXT() REPRESENTATION_CONTEXT('2D SPACE',''
  ) );
#5433 = ORIENTED_EDGE('',*,*,#5434,.T.);
#5434 = EDGE_CURVE('',#5412,#5435,#5437,.T.);
#5435 = VERTEX_POINT('',#5436);
#5436 = CARTESIAN_POINT('',(21.,14.6,1.55));
#5437 = SURFACE_CURVE('',#5438,(#5442,#5449),.PCURVE_S1.);
#5438 = LINE('',#5439,#5440);
#5439 = CARTESIAN_POINT('',(0.,15.2,1.55));
#5440 = VECTOR('',#5441,1.);
#5441 = DIRECTION('',(0.999592086461,-2.855977389888E-02,0.));
#5442 = PCURVE('',#4965,#5443);
#5443 = DEFINITIONAL_REPRESENTATION('',(#5444),#5448);
#5444 = LINE('',#5445,#5446);
#5445 = CARTESIAN_POINT('',(38.277960251768,8.948105771638));
#5446 = VECTOR('',#5447,1.);
#5447 = DIRECTION('',(-0.999592086461,-2.855977389888E-02));
#5448 = ( GEOMETRIC_REPRESENTATION_CONTEXT(2) 
PARAMETRIC_REPRESENTATION_CONTEXT() REPRESENTATION_CONTEXT('2D SPACE',''
  ) );
#5449 = PCURVE('',#5102,#5450);
#5450 = DEFINITIONAL_REPRESENTATION('',(#5451),#5455);
#5451 = LINE('',#5452,#5453);
#5452 = CARTESIAN_POINT('',(0.,-1.55));
#5453 = VECTOR('',#5454,1.);
#5454 = DIRECTION('',(1.,0.));
#5455 = ( GEOMETRIC_REPRESENTATION_CONTEXT(2) 
PARAMETRIC_REPRESENTATION_CONTEXT() REPRESENTATION_CONTEXT('2D SPACE',''
  ) );
#5456 = ORIENTED_EDGE('',*,*,#5457,.T.);
#5457 = EDGE_CURVE('',#5435,#5458,#5460,.T.);
#5458 = VERTEX_POINT('',#5459);
#5459 = CARTESIAN_POINT('',(48.,12.1,1.55));
#5460 = SURFACE_CURVE('',#5461,(#5465,#5472),.PCURVE_S1.);
#5461 = LINE('',#5462,#5463);
#5462 = CARTESIAN_POINT('',(21.,14.6,1.55));
#5463 = VECTOR('',#5464,1.);
#5464 = DIRECTION('',(0.995740674056,-9.219821056074E-02,0.));
#5465 = PCURVE('',#4965,#5466);
#5466 = DEFINITIONAL_REPRESENTATION('',(#5467),#5471);
#5467 = LINE('',#5468,#5469);
#5468 = CARTESIAN_POINT('',(17.277960251768,8.348105771638));
#5469 = VECTOR('',#5470,1.);
#5470 = DIRECTION('',(-0.995740674056,-9.219821056074E-02));
#5471 = ( GEOMETRIC_REPRESENTATION_CONTEXT(2) 
PARAMETRIC_REPRESENTATION_CONTEXT() REPRESENTATION_CONTEXT('2D SPACE',''
  ) );
#5472 = PCURVE('',#5130,#5473);
#5473 = DEFINITIONAL_REPRESENTATION('',(#5474),#5478);
#5474 = LINE('',#5475,#5476);
#5475 = CARTESIAN_POINT('',(0.,-1.55));
#5476 = VECTOR('',#5477,1.);
#5477 = DIRECTION('',(1.,0.));
#5478 = ( GEOMETRIC_REPRESENTATION_CONTEXT(2) 
PARAMETRIC_REPRESENTATION_CONTEXT() REPRESENTATION_CONTEXT('2D SPACE',''
  ) );
#5479 = ORIENTED_EDGE('',*,*,#5480,.T.);
#5480 = EDGE_CURVE('',#5458,#5481,#5483,.T.);
#5481 = VERTEX_POINT('',#5482);
#5482 = CARTESIAN_POINT('',(70.,8.4,1.55));
#5483 = SURFACE_CURVE('',#5484,(#5488,#5495),.PCURVE_S1.);
#5484 = LINE('',#5485,#5486);
#5485 = CARTESIAN_POINT('',(48.,12.1,1.55));
#5486 = VECTOR('',#5487,1.);
#5487 = DIRECTION('',(0.986150555077,-0.165852593354,0.));
#5488 = PCURVE('',#4965,#5489);
#5489 = DEFINITIONAL_REPRESENTATION('',(#5490),#5494);
#5490 = LINE('',#5491,#5492);
#5491 = CARTESIAN_POINT('',(-9.722039748232,5.848105771638));
#5492 = VECTOR('',#5493,1.);
#5493 = DIRECTION('',(-0.986150555077,-0.165852593354));
#5494 = ( GEOMETRIC_REPRESENTATION_CONTEXT(2) 
PARAMETRIC_REPRESENTATION_CONTEXT() REPRESENTATION_CONTEXT('2D SPACE',''
  ) );
#5495 = PCURVE('',#5158,#5496);
#5496 = DEFINITIONAL_REPRESENTATION('',(#5497),#5501);
#5497 = LINE('',#5498,#5499);
#5498 = CARTESIAN_POINT('',(0.,-1.55));
#5499 = VECTOR('',#5500,1.);
#5500 = DIRECTION('',(1.,0.));
#5501 = ( GEOMETRIC_REPRESENTATION_CONTEXT(2) 
PARAMETRIC_REPRESENTATION_CONTEXT() REPRESENTATION_CONTEXT('2D SPACE',''
  ) );
#5502 = ORIENTED_EDGE('',*,*,#5503,.T.);
#5503 = EDGE_CURVE('',#5481,#5365,#5504,.T.);
#5504 = SURFACE_CURVE('',#5505,(#5509,#5516),.PCURVE_S1.);
#5505 = LINE('',#5506,#5507);
#5506 = CARTESIAN_POINT('',(70.,8.4,1.55));
#5507 = VECTOR('',#5508,1.);
#5508 = DIRECTION('',(0.91475212861,-0.404015523469,0.));
#5509 = PCURVE('',#4965,#5510);
#5510 = DEFINITIONAL_REPRESENTATION('',(#5511),#5515);
#5511 = LINE('',#5512,#5513);
#5512 = CARTESIAN_POINT('',(-31.72203974823,2.148105771638));
#5513 = VECTOR('',#5514,1.);
#5514 = DIRECTION('',(-0.91475212861,-0.404015523469));
#5515 = ( GEOMETRIC_REPRESENTATION_CONTEXT(2) 
PARAMETRIC_REPRESENTATION_CONTEXT() REPRESENTATION_CONTEXT('2D SPACE',''
  ) );
#5516 = PCURVE('',#5186,#5517);
#5517 = DEFINITIONAL_REPRESENTATION('',(#5518),#5522);
#5518 = LINE('',#5519,#5520);
#5519 = CARTESIAN_POINT('',(0.,-1.55));
#5520 = VECTOR('',#5521,1.);
#5521 = DIRECTION('',(1.,0.));
#5522 = ( GEOMETRIC_REPRESENTATION_CONTEXT(2) 
PARAMETRIC_REPRESENTATION_CONTEXT() REPRESENTATION_CONTEXT('2D SPACE',''
  ) );
#5523 = ADVANCED_FACE('',(#5524),#4938,.F.);
#5524 = FACE_BOUND('',#5525,.F.);
#5525 = EDGE_LOOP('',(#5526,#5527,#5528,#5549,#5570,#5596,#5622,#5648));
#5526 = ORIENTED_EDGE('',*,*,#4923,.F.);
#5527 = ORIENTED_EDGE('',*,*,#5364,.T.);
#5528 = ORIENTED_EDGE('',*,*,#5529,.F.);
#5529 = EDGE_CURVE('',#5530,#5365,#5532,.T.);
#5530 = VERTEX_POINT('',#5531);
#5531 = CARTESIAN_POINT('',(82.,3.1,1.450642496536));
#5532 = SURFACE_CURVE('',#5533,(#5537,#5543),.PCURVE_S1.);
#5533 = LINE('',#5534,#5535);
#5534 = CARTESIAN_POINT('',(40.503522808143,21.427610759737,6.3615109988
    ));
#5535 = VECTOR('',#5536,1.);
#5536 = DIRECTION('',(-0.909438666599,0.401668744414,0.107626815691));
#5537 = PCURVE('',#4938,#5538);
#5538 = DEFINITIONAL_REPRESENTATION('',(#5539),#5542);
#5539 = B_SPLINE_CURVE_WITH_KNOTS('',1,(#5540,#5541),.UNSPECIFIED.,.F.,
  .F.,(2,2),(-45.62867042705,-44.70550362308),.PIECEWISE_BEZIER_KNOTS.);
#5540 = CARTESIAN_POINT('',(0.383887914524,-86.));
#5541 = CARTESIAN_POINT('',(-3.552713678801E-15,-85.16043641274));
#5542 = ( GEOMETRIC_REPRESENTATION_CONTEXT(2) 
PARAMETRIC_REPRESENTATION_CONTEXT() REPRESENTATION_CONTEXT('2D SPACE',''
  ) );
#5543 = PCURVE('',#5186,#5544);
#5544 = DEFINITIONAL_REPRESENTATION('',(#5545),#5548);
#5545 = B_SPLINE_CURVE_WITH_KNOTS('',1,(#5546,#5547),.UNSPECIFIED.,.F.,
  .F.,(2,2),(-45.62867042705,-44.70550362308),.PIECEWISE_BEZIER_KNOTS.);
#5546 = CARTESIAN_POINT('',(13.118307817703,-1.450642496536));
#5547 = CARTESIAN_POINT('',(12.20050335352,-1.55));
#5548 = ( GEOMETRIC_REPRESENTATION_CONTEXT(2) 
PARAMETRIC_REPRESENTATION_CONTEXT() REPRESENTATION_CONTEXT('2D SPACE',''
  ) );
#5549 = ORIENTED_EDGE('',*,*,#5550,.F.);
#5550 = EDGE_CURVE('',#5551,#5530,#5553,.T.);
#5551 = VERTEX_POINT('',#5552);
#5552 = CARTESIAN_POINT('',(82.,1.1,0.914744111674));
#5553 = SURFACE_CURVE('',#5554,(#5558,#5564),.PCURVE_S1.);
#5554 = LINE('',#5555,#5556);
#5555 = CARTESIAN_POINT('',(82.,3.104073313452,1.451733937587));
#5556 = VECTOR('',#5557,1.);
#5557 = DIRECTION('',(0.,0.965925826289,0.258819045103));
#5558 = PCURVE('',#4938,#5559);
#5559 = DEFINITIONAL_REPRESENTATION('',(#5560),#5563);
#5560 = B_SPLINE_CURVE_WITH_KNOTS('',1,(#5561,#5562),.UNSPECIFIED.,.F.,
  .F.,(2,2),(-2.074769365213,-4.217004392684E-03),
  .PIECEWISE_BEZIER_KNOTS.);
#5561 = CARTESIAN_POINT('',(2.454440275344,-86.));
#5562 = CARTESIAN_POINT('',(0.383887914524,-86.));
#5563 = ( GEOMETRIC_REPRESENTATION_CONTEXT(2) 
PARAMETRIC_REPRESENTATION_CONTEXT() REPRESENTATION_CONTEXT('2D SPACE',''
  ) );
#5564 = PCURVE('',#5212,#5565);
#5565 = DEFINITIONAL_REPRESENTATION('',(#5566),#5569);
#5566 = B_SPLINE_CURVE_WITH_KNOTS('',1,(#5567,#5568),.UNSPECIFIED.,.F.,
  .F.,(2,2),(-2.074769365213,-4.217004392684E-03),
  .PIECEWISE_BEZIER_KNOTS.);
#5567 = CARTESIAN_POINT('',(2.,-0.914744111674));
#5568 = CARTESIAN_POINT('',(2.515349040166E-17,-1.450642496536));
#5569 = ( GEOMETRIC_REPRESENTATION_CONTEXT(2) 
PARAMETRIC_REPRESENTATION_CONTEXT() REPRESENTATION_CONTEXT('2D SPACE',''
  ) );
#5570 = ORIENTED_EDGE('',*,*,#5571,.F.);
#5571 = EDGE_CURVE('',#5572,#5551,#5574,.T.);
#5572 = VERTEX_POINT('',#5573);
#5573 = CARTESIAN_POINT('',(70.,0.85,0.847756813566));
#5574 = SURFACE_CURVE('',#5575,(#5579,#5585),.PCURVE_S1.);
#5575 = LINE('',#5576,#5577);
#5576 = CARTESIAN_POINT('',(39.043898549197,0.205081219775,
    0.674951347221));
#5577 = VECTOR('',#5578,1.);
#5578 = DIRECTION('',(0.999767486334,2.082848929862E-02,
    5.580976887127E-03));
#5579 = PCURVE('',#4938,#5580);
#5580 = DEFINITIONAL_REPRESENTATION('',(#5581),#5584);
#5581 = B_SPLINE_CURVE_WITH_KNOTS('',1,(#5582,#5583),.UNSPECIFIED.,.F.,
  .F.,(2,2),(30.963300841394,42.966091654289),.PIECEWISE_BEZIER_KNOTS.);
#5582 = CARTESIAN_POINT('',(2.713259320447,-74.));
#5583 = CARTESIAN_POINT('',(2.454440275344,-86.));
#5584 = ( GEOMETRIC_REPRESENTATION_CONTEXT(2) 
PARAMETRIC_REPRESENTATION_CONTEXT() REPRESENTATION_CONTEXT('2D SPACE',''
  ) );
#5585 = PCURVE('',#5586,#5591);
#5586 = PLANE('',#5587);
#5587 = AXIS2_PLACEMENT_3D('',#5588,#5589,#5590);
#5588 = CARTESIAN_POINT('',(82.,1.1,0.));
#5589 = DIRECTION('',(2.082881368184E-02,-0.999783056728,0.));
#5590 = DIRECTION('',(-0.999783056728,-2.082881368184E-02,0.));
#5591 = DEFINITIONAL_REPRESENTATION('',(#5592),#5595);
#5592 = B_SPLINE_CURVE_WITH_KNOTS('',1,(#5593,#5594),.UNSPECIFIED.,.F.,
  .F.,(2,2),(30.963300841394,42.966091654289),.PIECEWISE_BEZIER_KNOTS.);
#5593 = CARTESIAN_POINT('',(12.002603884158,-0.847756813566));
#5594 = CARTESIAN_POINT('',(0.,-0.914744111674));
#5595 = ( GEOMETRIC_REPRESENTATION_CONTEXT(2) 
PARAMETRIC_REPRESENTATION_CONTEXT() REPRESENTATION_CONTEXT('2D SPACE',''
  ) );
#5596 = ORIENTED_EDGE('',*,*,#5597,.F.);
#5597 = EDGE_CURVE('',#5598,#5572,#5600,.T.);
#5598 = VERTEX_POINT('',#5599);
#5599 = CARTESIAN_POINT('',(40.,0.55,0.767372055837));
#5600 = SURFACE_CURVE('',#5601,(#5605,#5611),.PCURVE_S1.);
#5601 = LINE('',#5602,#5603);
#5602 = CARTESIAN_POINT('',(33.016872924574,0.480168729246,
    0.748660823232));
#5603 = VECTOR('',#5604,1.);
#5604 = DIRECTION('',(0.999946414469,9.999464144689E-03,
    2.679348342313E-03));
#5605 = PCURVE('',#4938,#5606);
#5606 = DEFINITIONAL_REPRESENTATION('',(#5607),#5610);
#5607 = B_SPLINE_CURVE_WITH_KNOTS('',1,(#5608,#5609),.UNSPECIFIED.,.F.,
  .F.,(2,2),(6.983501290051,36.98510894213),.PIECEWISE_BEZIER_KNOTS.);
#5608 = CARTESIAN_POINT('',(3.02384217457,-44.));
#5609 = CARTESIAN_POINT('',(2.713259320447,-74.));
#5610 = ( GEOMETRIC_REPRESENTATION_CONTEXT(2) 
PARAMETRIC_REPRESENTATION_CONTEXT() REPRESENTATION_CONTEXT('2D SPACE',''
  ) );
#5611 = PCURVE('',#5612,#5617);
#5612 = PLANE('',#5613);
#5613 = AXIS2_PLACEMENT_3D('',#5614,#5615,#5616);
#5614 = CARTESIAN_POINT('',(70.,0.85,0.));
#5615 = DIRECTION('',(9.999500037497E-03,-0.99995000375,0.));
#5616 = DIRECTION('',(-0.99995000375,-9.999500037497E-03,0.));
#5617 = DEFINITIONAL_REPRESENTATION('',(#5618),#5621);
#5618 = B_SPLINE_CURVE_WITH_KNOTS('',1,(#5619,#5620),.UNSPECIFIED.,.F.,
  .F.,(2,2),(6.983501290051,36.98510894213),.PIECEWISE_BEZIER_KNOTS.);
#5619 = CARTESIAN_POINT('',(30.001499962502,-0.767372055837));
#5620 = CARTESIAN_POINT('',(-7.105427357601E-15,-0.847756813566));
#5621 = ( GEOMETRIC_REPRESENTATION_CONTEXT(2) 
PARAMETRIC_REPRESENTATION_CONTEXT() REPRESENTATION_CONTEXT('2D SPACE',''
  ) );
#5622 = ORIENTED_EDGE('',*,*,#5623,.F.);
#5623 = EDGE_CURVE('',#5624,#5598,#5626,.T.);
#5624 = VERTEX_POINT('',#5625);
#5625 = CARTESIAN_POINT('',(18.,0.25,0.686987298108));
#5626 = SURFACE_CURVE('',#5627,(#5631,#5637),.PCURVE_S1.);
#5627 = LINE('',#5628,#5629);
#5628 = CARTESIAN_POINT('',(18.024322241978,0.250331666936,
    0.687076167995));
#5629 = VECTOR('',#5630,1.);
#5630 = DIRECTION('',(0.999900364367,1.363500496864E-02,
    3.653488570141E-03));
#5631 = PCURVE('',#4938,#5632);
#5632 = DEFINITIONAL_REPRESENTATION('',(#5633),#5636);
#5633 = B_SPLINE_CURVE_WITH_KNOTS('',1,(#5634,#5635),.UNSPECIFIED.,.F.,
  .F.,(2,2),(-2.432466558116E-02,21.977867536772),
  .PIECEWISE_BEZIER_KNOTS.);
#5634 = CARTESIAN_POINT('',(3.334425028693,-22.));
#5635 = CARTESIAN_POINT('',(3.02384217457,-44.));
#5636 = ( GEOMETRIC_REPRESENTATION_CONTEXT(2) 
PARAMETRIC_REPRESENTATION_CONTEXT() REPRESENTATION_CONTEXT('2D SPACE',''
  ) );
#5637 = PCURVE('',#5638,#5643);
#5638 = PLANE('',#5639);
#5639 = AXIS2_PLACEMENT_3D('',#5640,#5641,#5642);
#5640 = CARTESIAN_POINT('',(40.,0.55,0.));
#5641 = DIRECTION('',(1.363509596943E-02,-0.999907037758,0.));
#5642 = DIRECTION('',(-0.999907037758,-1.363509596943E-02,0.));
#5643 = DEFINITIONAL_REPRESENTATION('',(#5644),#5647);
#5644 = B_SPLINE_CURVE_WITH_KNOTS('',1,(#5645,#5646),.UNSPECIFIED.,.F.,
  .F.,(2,2),(-2.432466558116E-02,21.977867536772),
  .PIECEWISE_BEZIER_KNOTS.);
#5645 = CARTESIAN_POINT('',(22.002045359466,-0.686987298108));
#5646 = CARTESIAN_POINT('',(-3.552713678801E-15,-0.767372055837));
#5647 = ( GEOMETRIC_REPRESENTATION_CONTEXT(2) 
PARAMETRIC_REPRESENTATION_CONTEXT() REPRESENTATION_CONTEXT('2D SPACE',''
  ) );
#5648 = ORIENTED_EDGE('',*,*,#5649,.F.);
#5649 = EDGE_CURVE('',#4898,#5624,#5650,.T.);
#5650 = SURFACE_CURVE('',#5651,(#5655,#5661),.PCURVE_S1.);
#5651 = LINE('',#5652,#5653);
#5652 = CARTESIAN_POINT('',(7.024963356673,9.756893550934E-02,
    0.646143517476));
#5653 = VECTOR('',#5654,1.);
#5654 = DIRECTION('',(0.999896640567,1.388745334121E-02,
    3.721131907701E-03));
#5655 = PCURVE('',#4938,#5656);
#5656 = DEFINITIONAL_REPRESENTATION('',(#5657),#5660);
#5657 = B_SPLINE_CURVE_WITH_KNOTS('',1,(#5658,#5659),.UNSPECIFIED.,.F.,
  .F.,(2,2),(-7.025689527959,10.976171134153),.PIECEWISE_BEZIER_KNOTS.);
#5658 = CARTESIAN_POINT('',(3.593244073795,-4.));
#5659 = CARTESIAN_POINT('',(3.334425028693,-22.));
#5660 = ( GEOMETRIC_REPRESENTATION_CONTEXT(2) 
PARAMETRIC_REPRESENTATION_CONTEXT() REPRESENTATION_CONTEXT('2D SPACE',''
  ) );
#5661 = PCURVE('',#5662,#5667);
#5662 = PLANE('',#5663);
#5663 = AXIS2_PLACEMENT_3D('',#5664,#5665,#5666);
#5664 = CARTESIAN_POINT('',(18.,0.25,0.));
#5665 = DIRECTION('',(1.388754949076E-02,-0.999903563335,0.));
#5666 = DIRECTION('',(-0.999903563335,-1.388754949076E-02,0.));
#5667 = DEFINITIONAL_REPRESENTATION('',(#5668),#5671);
#5668 = B_SPLINE_CURVE_WITH_KNOTS('',1,(#5669,#5670),.UNSPECIFIED.,.F.,
  .F.,(2,2),(-7.025689527959,10.976171134153),.PIECEWISE_BEZIER_KNOTS.);
#5669 = CARTESIAN_POINT('',(18.001736027395,-0.62));
#5670 = CARTESIAN_POINT('',(0.,-0.686987298108));
#5671 = ( GEOMETRIC_REPRESENTATION_CONTEXT(2) 
PARAMETRIC_REPRESENTATION_CONTEXT() REPRESENTATION_CONTEXT('2D SPACE',''
  ) );
#5672 = ADVANCED_FACE('',(#5673),#4912,.T.);
#5673 = FACE_BOUND('',#5674,.T.);
#5674 = EDGE_LOOP('',(#5675,#5676,#5677,#5698,#5719,#5740,#5761));
#5675 = ORIENTED_EDGE('',*,*,#4897,.F.);
#5676 = ORIENTED_EDGE('',*,*,#5006,.T.);
#5677 = ORIENTED_EDGE('',*,*,#5678,.F.);
#5678 = EDGE_CURVE('',#5679,#5007,#5681,.T.);
#5679 = VERTEX_POINT('',#5680);
#5680 = CARTESIAN_POINT('',(82.,1.1,0.386187782163));
#5681 = SURFACE_CURVE('',#5682,(#5686,#5692),.PCURVE_S1.);
#5682 = LINE('',#5683,#5684);
#5683 = CARTESIAN_POINT('',(82.,3.004477243288,-1.862135244914E-02));
#5684 = VECTOR('',#5685,1.);
#5685 = DIRECTION('',(-0.,0.978147600734,-0.207911690818));
#5686 = PCURVE('',#4912,#5687);
#5687 = DEFINITIONAL_REPRESENTATION('',(#5688),#5691);
#5688 = B_SPLINE_CURVE_WITH_KNOTS('',1,(#5689,#5690),.UNSPECIFIED.,.F.,
  .F.,(2,2),(-1.94702439781,-8.956375842022E-02),
  .PIECEWISE_BEZIER_KNOTS.);
#5689 = CARTESIAN_POINT('',(1.85746063939,-86.));
#5690 = CARTESIAN_POINT('',(3.053113317719E-16,-86.));
#5691 = ( GEOMETRIC_REPRESENTATION_CONTEXT(2) 
PARAMETRIC_REPRESENTATION_CONTEXT() REPRESENTATION_CONTEXT('2D SPACE',''
  ) );
#5692 = PCURVE('',#5212,#5693);
#5693 = DEFINITIONAL_REPRESENTATION('',(#5694),#5697);
#5694 = B_SPLINE_CURVE_WITH_KNOTS('',1,(#5695,#5696),.UNSPECIFIED.,.F.,
  .F.,(2,2),(-1.94702439781,-8.956375842022E-02),
  .PIECEWISE_BEZIER_KNOTS.);
#5695 = CARTESIAN_POINT('',(2.,-0.386187782163));
#5696 = CARTESIAN_POINT('',(0.183129332123,-3.469446951954E-18));
#5697 = ( GEOMETRIC_REPRESENTATION_CONTEXT(2) 
PARAMETRIC_REPRESENTATION_CONTEXT() REPRESENTATION_CONTEXT('2D SPACE',''
  ) );
#5698 = ORIENTED_EDGE('',*,*,#5699,.F.);
#5699 = EDGE_CURVE('',#5700,#5679,#5702,.T.);
#5700 = VERTEX_POINT('',#5701);
#5701 = CARTESIAN_POINT('',(70.,0.85,0.43932692258));
#5702 = SURFACE_CURVE('',#5703,(#5707,#5713),.PCURVE_S1.);
#5703 = LINE('',#5704,#5705);
#5704 = CARTESIAN_POINT('',(39.040124077929,0.205002584957,
    0.576425355408));
#5705 = VECTOR('',#5706,1.);
#5706 = DIRECTION('',(0.999773258501,2.082860955211E-02,
    -4.427257630763E-03));
#5707 = PCURVE('',#4912,#5708);
#5708 = DEFINITIONAL_REPRESENTATION('',(#5709),#5712);
#5709 = B_SPLINE_CURVE_WITH_KNOTS('',1,(#5710,#5711),.UNSPECIFIED.,.F.,
  .F.,(2,2),(30.966897402803,42.96961891787),.PIECEWISE_BEZIER_KNOTS.);
#5710 = CARTESIAN_POINT('',(2.113045788106,-74.));
#5711 = CARTESIAN_POINT('',(1.85746063939,-86.));
#5712 = ( GEOMETRIC_REPRESENTATION_CONTEXT(2) 
PARAMETRIC_REPRESENTATION_CONTEXT() REPRESENTATION_CONTEXT('2D SPACE',''
  ) );
#5713 = PCURVE('',#5586,#5714);
#5714 = DEFINITIONAL_REPRESENTATION('',(#5715),#5718);
#5715 = B_SPLINE_CURVE_WITH_KNOTS('',1,(#5716,#5717),.UNSPECIFIED.,.F.,
  .F.,(2,2),(30.966897402803,42.96961891787),.PIECEWISE_BEZIER_KNOTS.);
#5716 = CARTESIAN_POINT('',(12.002603884158,-0.43932692258));
#5717 = CARTESIAN_POINT('',(-7.105427357601E-15,-0.386187782163));
#5718 = ( GEOMETRIC_REPRESENTATION_CONTEXT(2) 
PARAMETRIC_REPRESENTATION_CONTEXT() REPRESENTATION_CONTEXT('2D SPACE',''
  ) );
#5719 = ORIENTED_EDGE('',*,*,#5720,.F.);
#5720 = EDGE_CURVE('',#5721,#5700,#5723,.T.);
#5721 = VERTEX_POINT('',#5722);
#5722 = CARTESIAN_POINT('',(40.,0.55,0.503093891081));
#5723 = SURFACE_CURVE('',#5724,(#5728,#5734),.PCURVE_S1.);
#5724 = LINE('',#5725,#5726);
#5725 = CARTESIAN_POINT('',(33.01513375687,0.480151337569,0.517940682605
    ));
#5726 = VECTOR('',#5727,1.);
#5727 = DIRECTION('',(0.999947745082,9.999477450816E-03,
    -2.125454545442E-03));
#5728 = PCURVE('',#4912,#5729);
#5729 = DEFINITIONAL_REPRESENTATION('',(#5730),#5733);
#5730 = B_SPLINE_CURVE_WITH_KNOTS('',1,(#5731,#5732),.UNSPECIFIED.,.F.,
  .F.,(2,2),(6.985231255819,36.986798985294),.PIECEWISE_BEZIER_KNOTS.);
#5731 = CARTESIAN_POINT('',(2.419747966566,-44.));
#5732 = CARTESIAN_POINT('',(2.113045788106,-74.));
#5733 = ( GEOMETRIC_REPRESENTATION_CONTEXT(2) 
PARAMETRIC_REPRESENTATION_CONTEXT() REPRESENTATION_CONTEXT('2D SPACE',''
  ) );
#5734 = PCURVE('',#5612,#5735);
#5735 = DEFINITIONAL_REPRESENTATION('',(#5736),#5739);
#5736 = B_SPLINE_CURVE_WITH_KNOTS('',1,(#5737,#5738),.UNSPECIFIED.,.F.,
  .F.,(2,2),(6.985231255819,36.986798985294),.PIECEWISE_BEZIER_KNOTS.);
#5737 = CARTESIAN_POINT('',(30.001499962502,-0.503093891081));
#5738 = CARTESIAN_POINT('',(-1.42108547152E-14,-0.43932692258));
#5739 = ( GEOMETRIC_REPRESENTATION_CONTEXT(2) 
PARAMETRIC_REPRESENTATION_CONTEXT() REPRESENTATION_CONTEXT('2D SPACE',''
  ) );
#5740 = ORIENTED_EDGE('',*,*,#5741,.F.);
#5741 = EDGE_CURVE('',#5742,#5721,#5744,.T.);
#5742 = VERTEX_POINT('',#5743);
#5743 = CARTESIAN_POINT('',(18.,0.25,0.566860859582));
#5744 = SURFACE_CURVE('',#5745,(#5749,#5755),.PCURVE_S1.);
#5745 = LINE('',#5746,#5747);
#5746 = CARTESIAN_POINT('',(18.021867459056,0.250298192623,
    0.566797476784));
#5747 = VECTOR('',#5748,1.);
#5748 = DIRECTION('',(0.999902838309,1.363503870421E-02,
    -2.898216945205E-03));
#5749 = PCURVE('',#4912,#5750);
#5750 = DEFINITIONAL_REPRESENTATION('',(#5751),#5754);
#5751 = B_SPLINE_CURVE_WITH_KNOTS('',1,(#5752,#5753),.UNSPECIFIED.,.F.,
  .F.,(2,2),(-2.186958394226E-02,21.980268180972),
  .PIECEWISE_BEZIER_KNOTS.);
#5752 = CARTESIAN_POINT('',(2.726450145025,-22.));
#5753 = CARTESIAN_POINT('',(2.419747966566,-44.));
#5754 = ( GEOMETRIC_REPRESENTATION_CONTEXT(2) 
PARAMETRIC_REPRESENTATION_CONTEXT() REPRESENTATION_CONTEXT('2D SPACE',''
  ) );
#5755 = PCURVE('',#5638,#5756);
#5756 = DEFINITIONAL_REPRESENTATION('',(#5757),#5760);
#5757 = B_SPLINE_CURVE_WITH_KNOTS('',1,(#5758,#5759),.UNSPECIFIED.,.F.,
  .F.,(2,2),(-2.186958394226E-02,21.980268180972),
  .PIECEWISE_BEZIER_KNOTS.);
#5758 = CARTESIAN_POINT('',(22.002045359466,-0.566860859582));
#5759 = CARTESIAN_POINT('',(-7.105427357601E-15,-0.503093891081));
#5760 = ( GEOMETRIC_REPRESENTATION_CONTEXT(2) 
PARAMETRIC_REPRESENTATION_CONTEXT() REPRESENTATION_CONTEXT('2D SPACE',''
  ) );
#5761 = ORIENTED_EDGE('',*,*,#5762,.F.);
#5762 = EDGE_CURVE('',#4898,#5742,#5763,.T.);
#5763 = SURFACE_CURVE('',#5764,(#5768,#5774),.PCURVE_S1.);
#5764 = LINE('',#5765,#5766);
#5765 = CARTESIAN_POINT('',(7.022406672049,9.753342600068E-02,
    0.599268630321));
#5766 = VECTOR('',#5767,1.);
#5767 = DIRECTION('',(0.999899206957,1.388748898551E-02,
    -2.95187690899E-03));
#5768 = PCURVE('',#4912,#5769);
#5769 = DEFINITIONAL_REPRESENTATION('',(#5770),#5773);
#5770 = B_SPLINE_CURVE_WITH_KNOTS('',1,(#5771,#5772),.UNSPECIFIED.,.F.,
  .F.,(2,2),(-7.023114553139,10.978699904527),.PIECEWISE_BEZIER_KNOTS.);
#5771 = CARTESIAN_POINT('',(2.982035293741,-4.));
#5772 = CARTESIAN_POINT('',(2.726450145025,-22.));
#5773 = ( GEOMETRIC_REPRESENTATION_CONTEXT(2) 
PARAMETRIC_REPRESENTATION_CONTEXT() REPRESENTATION_CONTEXT('2D SPACE',''
  ) );
#5774 = PCURVE('',#5662,#5775);
#5775 = DEFINITIONAL_REPRESENTATION('',(#5776),#5779);
#5776 = B_SPLINE_CURVE_WITH_KNOTS('',1,(#5777,#5778),.UNSPECIFIED.,.F.,
  .F.,(2,2),(-7.023114553139,10.978699904527),.PIECEWISE_BEZIER_KNOTS.);
#5777 = CARTESIAN_POINT('',(18.001736027395,-0.62));
#5778 = CARTESIAN_POINT('',(-1.7763568394E-15,-0.566860859582));
#5779 = ( GEOMETRIC_REPRESENTATION_CONTEXT(2) 
PARAMETRIC_REPRESENTATION_CONTEXT() REPRESENTATION_CONTEXT('2D SPACE',''
  ) );
#5780 = ADVANCED_FACE('',(#5781),#5212,.T.);
#5781 = FACE_BOUND('',#5782,.T.);
#5782 = EDGE_LOOP('',(#5783,#5784,#5805,#5806,#5827));
#5783 = ORIENTED_EDGE('',*,*,#5198,.F.);
#5784 = ORIENTED_EDGE('',*,*,#5785,.T.);
#5785 = EDGE_CURVE('',#5171,#5530,#5786,.T.);
#5786 = SURFACE_CURVE('',#5787,(#5791,#5798),.PCURVE_S1.);
#5787 = LINE('',#5788,#5789);
#5788 = CARTESIAN_POINT('',(82.,3.1,0.));
#5789 = VECTOR('',#5790,1.);
#5790 = DIRECTION('',(0.,0.,1.));
#5791 = PCURVE('',#5212,#5792);
#5792 = DEFINITIONAL_REPRESENTATION('',(#5793),#5797);
#5793 = LINE('',#5794,#5795);
#5794 = CARTESIAN_POINT('',(0.,0.));
#5795 = VECTOR('',#5796,1.);
#5796 = DIRECTION('',(0.,-1.));
#5797 = ( GEOMETRIC_REPRESENTATION_CONTEXT(2) 
PARAMETRIC_REPRESENTATION_CONTEXT() REPRESENTATION_CONTEXT('2D SPACE',''
  ) );
#5798 = PCURVE('',#5186,#5799);
#5799 = DEFINITIONAL_REPRESENTATION('',(#5800),#5804);
#5800 = LINE('',#5801,#5802);
#5801 = CARTESIAN_POINT('',(13.118307817703,0.));
#5802 = VECTOR('',#5803,1.);
#5803 = DIRECTION('',(0.,-1.));
#5804 = ( GEOMETRIC_REPRESENTATION_CONTEXT(2) 
PARAMETRIC_REPRESENTATION_CONTEXT() REPRESENTATION_CONTEXT('2D SPACE',''
  ) );
#5805 = ORIENTED_EDGE('',*,*,#5550,.F.);
#5806 = ORIENTED_EDGE('',*,*,#5807,.F.);
#5807 = EDGE_CURVE('',#5679,#5551,#5808,.T.);
#5808 = SURFACE_CURVE('',#5809,(#5813,#5820),.PCURVE_S1.);
#5809 = LINE('',#5810,#5811);
#5810 = CARTESIAN_POINT('',(82.,1.1,0.));
#5811 = VECTOR('',#5812,1.);
#5812 = DIRECTION('',(0.,0.,1.));
#5813 = PCURVE('',#5212,#5814);
#5814 = DEFINITIONAL_REPRESENTATION('',(#5815),#5819);
#5815 = LINE('',#5816,#5817);
#5816 = CARTESIAN_POINT('',(2.,0.));
#5817 = VECTOR('',#5818,1.);
#5818 = DIRECTION('',(0.,-1.));
#5819 = ( GEOMETRIC_REPRESENTATION_CONTEXT(2) 
PARAMETRIC_REPRESENTATION_CONTEXT() REPRESENTATION_CONTEXT('2D SPACE',''
  ) );
#5820 = PCURVE('',#5586,#5821);
#5821 = DEFINITIONAL_REPRESENTATION('',(#5822),#5826);
#5822 = LINE('',#5823,#5824);
#5823 = CARTESIAN_POINT('',(0.,0.));
#5824 = VECTOR('',#5825,1.);
#5825 = DIRECTION('',(0.,-1.));
#5826 = ( GEOMETRIC_REPRESENTATION_CONTEXT(2) 
PARAMETRIC_REPRESENTATION_CONTEXT() REPRESENTATION_CONTEXT('2D SPACE',''
  ) );
#5827 = ORIENTED_EDGE('',*,*,#5678,.T.);
#5828 = ADVANCED_FACE('',(#5829),#5186,.T.);
#5829 = FACE_BOUND('',#5830,.T.);
#5830 = EDGE_LOOP('',(#5831,#5832,#5853,#5854,#5855));
#5831 = ORIENTED_EDGE('',*,*,#5170,.F.);
#5832 = ORIENTED_EDGE('',*,*,#5833,.T.);
#5833 = EDGE_CURVE('',#5143,#5481,#5834,.T.);
#5834 = SURFACE_CURVE('',#5835,(#5839,#5846),.PCURVE_S1.);
#5835 = LINE('',#5836,#5837);
#5836 = CARTESIAN_POINT('',(70.,8.4,0.));
#5837 = VECTOR('',#5838,1.);
#5838 = DIRECTION('',(0.,0.,1.));
#5839 = PCURVE('',#5186,#5840);
#5840 = DEFINITIONAL_REPRESENTATION('',(#5841),#5845);
#5841 = LINE('',#5842,#5843);
#5842 = CARTESIAN_POINT('',(0.,0.));
#5843 = VECTOR('',#5844,1.);
#5844 = DIRECTION('',(0.,-1.));
#5845 = ( GEOMETRIC_REPRESENTATION_CONTEXT(2) 
PARAMETRIC_REPRESENTATION_CONTEXT() REPRESENTATION_CONTEXT('2D SPACE',''
  ) );
#5846 = PCURVE('',#5158,#5847);
#5847 = DEFINITIONAL_REPRESENTATION('',(#5848),#5852);
#5848 = LINE('',#5849,#5850);
#5849 = CARTESIAN_POINT('',(22.308966807094,0.));
#5850 = VECTOR('',#5851,1.);
#5851 = DIRECTION('',(0.,-1.));
#5852 = ( GEOMETRIC_REPRESENTATION_CONTEXT(2) 
PARAMETRIC_REPRESENTATION_CONTEXT() REPRESENTATION_CONTEXT('2D SPACE',''
  ) );
#5853 = ORIENTED_EDGE('',*,*,#5503,.T.);
#5854 = ORIENTED_EDGE('',*,*,#5529,.F.);
#5855 = ORIENTED_EDGE('',*,*,#5785,.F.);
#5856 = ADVANCED_FACE('',(#5857),#5158,.T.);
#5857 = FACE_BOUND('',#5858,.T.);
#5858 = EDGE_LOOP('',(#5859,#5880,#5881,#5882));
#5859 = ORIENTED_EDGE('',*,*,#5860,.T.);
#5860 = EDGE_CURVE('',#5115,#5458,#5861,.T.);
#5861 = SURFACE_CURVE('',#5862,(#5866,#5873),.PCURVE_S1.);
#5862 = LINE('',#5863,#5864);
#5863 = CARTESIAN_POINT('',(48.,12.1,0.));
#5864 = VECTOR('',#5865,1.);
#5865 = DIRECTION('',(0.,0.,1.));
#5866 = PCURVE('',#5158,#5867);
#5867 = DEFINITIONAL_REPRESENTATION('',(#5868),#5872);
#5868 = LINE('',#5869,#5870);
#5869 = CARTESIAN_POINT('',(0.,0.));
#5870 = VECTOR('',#5871,1.);
#5871 = DIRECTION('',(0.,-1.));
#5872 = ( GEOMETRIC_REPRESENTATION_CONTEXT(2) 
PARAMETRIC_REPRESENTATION_CONTEXT() REPRESENTATION_CONTEXT('2D SPACE',''
  ) );
#5873 = PCURVE('',#5130,#5874);
#5874 = DEFINITIONAL_REPRESENTATION('',(#5875),#5879);
#5875 = LINE('',#5876,#5877);
#5876 = CARTESIAN_POINT('',(27.115493725912,0.));
#5877 = VECTOR('',#5878,1.);
#5878 = DIRECTION('',(0.,-1.));
#5879 = ( GEOMETRIC_REPRESENTATION_CONTEXT(2) 
PARAMETRIC_REPRESENTATION_CONTEXT() REPRESENTATION_CONTEXT('2D SPACE',''
  ) );
#5880 = ORIENTED_EDGE('',*,*,#5480,.T.);
#5881 = ORIENTED_EDGE('',*,*,#5833,.F.);
#5882 = ORIENTED_EDGE('',*,*,#5142,.F.);
#5883 = ADVANCED_FACE('',(#5884),#5130,.T.);
#5884 = FACE_BOUND('',#5885,.T.);
#5885 = EDGE_LOOP('',(#5886,#5907,#5908,#5909));
#5886 = ORIENTED_EDGE('',*,*,#5887,.T.);
#5887 = EDGE_CURVE('',#5087,#5435,#5888,.T.);
#5888 = SURFACE_CURVE('',#5889,(#5893,#5900),.PCURVE_S1.);
#5889 = LINE('',#5890,#5891);
#5890 = CARTESIAN_POINT('',(21.,14.6,0.));
#5891 = VECTOR('',#5892,1.);
#5892 = DIRECTION('',(0.,0.,1.));
#5893 = PCURVE('',#5130,#5894);
#5894 = DEFINITIONAL_REPRESENTATION('',(#5895),#5899);
#5895 = LINE('',#5896,#5897);
#5896 = CARTESIAN_POINT('',(0.,0.));
#5897 = VECTOR('',#5898,1.);
#5898 = DIRECTION('',(0.,-1.));
#5899 = ( GEOMETRIC_REPRESENTATION_CONTEXT(2) 
PARAMETRIC_REPRESENTATION_CONTEXT() REPRESENTATION_CONTEXT('2D SPACE',''
  ) );
#5900 = PCURVE('',#5102,#5901);
#5901 = DEFINITIONAL_REPRESENTATION('',(#5902),#5906);
#5902 = LINE('',#5903,#5904);
#5903 = CARTESIAN_POINT('',(21.008569680014,0.));
#5904 = VECTOR('',#5905,1.);
#5905 = DIRECTION('',(0.,-1.));
#5906 = ( GEOMETRIC_REPRESENTATION_CONTEXT(2) 
PARAMETRIC_REPRESENTATION_CONTEXT() REPRESENTATION_CONTEXT('2D SPACE',''
  ) );
#5907 = ORIENTED_EDGE('',*,*,#5457,.T.);
#5908 = ORIENTED_EDGE('',*,*,#5860,.F.);
#5909 = ORIENTED_EDGE('',*,*,#5114,.F.);
#5910 = ADVANCED_FACE('',(#5911),#5102,.T.);
#5911 = FACE_BOUND('',#5912,.T.);
#5912 = EDGE_LOOP('',(#5913,#5934,#5935,#5936));
#5913 = ORIENTED_EDGE('',*,*,#5914,.T.);
#5914 = EDGE_CURVE('',#5059,#5412,#5915,.T.);
#5915 = SURFACE_CURVE('',#5916,(#5920,#5927),.PCURVE_S1.);
#5916 = LINE('',#5917,#5918);
#5917 = CARTESIAN_POINT('',(0.,15.2,0.));
#5918 = VECTOR('',#5919,1.);
#5919 = DIRECTION('',(0.,0.,1.));
#5920 = PCURVE('',#5102,#5921);
#5921 = DEFINITIONAL_REPRESENTATION('',(#5922),#5926);
#5922 = LINE('',#5923,#5924);
#5923 = CARTESIAN_POINT('',(0.,0.));
#5924 = VECTOR('',#5925,1.);
#5925 = DIRECTION('',(0.,-1.));
#5926 = ( GEOMETRIC_REPRESENTATION_CONTEXT(2) 
PARAMETRIC_REPRESENTATION_CONTEXT() REPRESENTATION_CONTEXT('2D SPACE',''
  ) );
#5927 = PCURVE('',#5074,#5928);
#5928 = DEFINITIONAL_REPRESENTATION('',(#5929),#5933);
#5929 = LINE('',#5930,#5931);
#5930 = CARTESIAN_POINT('',(15.2,0.));
#5931 = VECTOR('',#5932,1.);
#5932 = DIRECTION('',(0.,-1.));
#5933 = ( GEOMETRIC_REPRESENTATION_CONTEXT(2) 
PARAMETRIC_REPRESENTATION_CONTEXT() REPRESENTATION_CONTEXT('2D SPACE',''
  ) );
#5934 = ORIENTED_EDGE('',*,*,#5434,.T.);
#5935 = ORIENTED_EDGE('',*,*,#5887,.F.);
#5936 = ORIENTED_EDGE('',*,*,#5086,.F.);
#5937 = ADVANCED_FACE('',(#5938),#5046,.F.);
#5938 = FACE_BOUND('',#5939,.F.);
#5939 = EDGE_LOOP('',(#5940,#5963,#5964,#5965));
#5940 = ORIENTED_EDGE('',*,*,#5941,.F.);
#5941 = EDGE_CURVE('',#5313,#5942,#5944,.T.);
#5942 = VERTEX_POINT('',#5943);
#5943 = CARTESIAN_POINT('',(0.,14.9,-0.225));
#5944 = SURFACE_CURVE('',#5945,(#5949,#5956),.PCURVE_S1.);
#5945 = LINE('',#5946,#5947);
#5946 = CARTESIAN_POINT('',(0.,4.9,-0.225));
#5947 = VECTOR('',#5948,1.);
#5948 = DIRECTION('',(0.,1.,0.));
#5949 = PCURVE('',#5046,#5950);
#5950 = DEFINITIONAL_REPRESENTATION('',(#5951),#5955);
#5951 = LINE('',#5952,#5953);
#5952 = CARTESIAN_POINT('',(0.,0.));
#5953 = VECTOR('',#5954,1.);
#5954 = DIRECTION('',(1.,0.));
#5955 = ( GEOMETRIC_REPRESENTATION_CONTEXT(2) 
PARAMETRIC_REPRESENTATION_CONTEXT() REPRESENTATION_CONTEXT('2D SPACE',''
  ) );
#5956 = PCURVE('',#5349,#5957);
#5957 = DEFINITIONAL_REPRESENTATION('',(#5958),#5962);
#5958 = LINE('',#5959,#5960);
#5959 = CARTESIAN_POINT('',(14.,-5.));
#5960 = VECTOR('',#5961,1.);
#5961 = DIRECTION('',(0.,1.));
#5962 = ( GEOMETRIC_REPRESENTATION_CONTEXT(2) 
PARAMETRIC_REPRESENTATION_CONTEXT() REPRESENTATION_CONTEXT('2D SPACE',''
  ) );
#5963 = ORIENTED_EDGE('',*,*,#5312,.T.);
#5964 = ORIENTED_EDGE('',*,*,#5030,.T.);
#5965 = ORIENTED_EDGE('',*,*,#5966,.F.);
#5966 = EDGE_CURVE('',#5942,#5031,#5967,.T.);
#5967 = SURFACE_CURVE('',#5968,(#5972,#5979),.PCURVE_S1.);
#5968 = LINE('',#5969,#5970);
#5969 = CARTESIAN_POINT('',(0.,14.9,-0.225));
#5970 = VECTOR('',#5971,1.);
#5971 = DIRECTION('',(0.,0.,1.));
#5972 = PCURVE('',#5046,#5973);
#5973 = DEFINITIONAL_REPRESENTATION('',(#5974),#5978);
#5974 = LINE('',#5975,#5976);
#5975 = CARTESIAN_POINT('',(10.,0.));
#5976 = VECTOR('',#5977,1.);
#5977 = DIRECTION('',(0.,-1.));
#5978 = ( GEOMETRIC_REPRESENTATION_CONTEXT(2) 
PARAMETRIC_REPRESENTATION_CONTEXT() REPRESENTATION_CONTEXT('2D SPACE',''
  ) );
#5979 = PCURVE('',#5980,#5985);
#5980 = PLANE('',#5981);
#5981 = AXIS2_PLACEMENT_3D('',#5982,#5983,#5984);
#5982 = CARTESIAN_POINT('',(0.,14.9,-0.225));
#5983 = DIRECTION('',(0.,-1.,0.));
#5984 = DIRECTION('',(-1.,0.,0.));
#5985 = DEFINITIONAL_REPRESENTATION('',(#5986),#5990);
#5986 = LINE('',#5987,#5988);
#5987 = CARTESIAN_POINT('',(0.,-0.));
#5988 = VECTOR('',#5989,1.);
#5989 = DIRECTION('',(0.,-1.));
#5990 = ( GEOMETRIC_REPRESENTATION_CONTEXT(2) 
PARAMETRIC_REPRESENTATION_CONTEXT() REPRESENTATION_CONTEXT('2D SPACE',''
  ) );
#5991 = ADVANCED_FACE('',(#5992),#5074,.T.);
#5992 = FACE_BOUND('',#5993,.T.);
#5993 = EDGE_LOOP('',(#5994,#5995,#6016,#6017));
#5994 = ORIENTED_EDGE('',*,*,#5058,.F.);
#5995 = ORIENTED_EDGE('',*,*,#5996,.T.);
#5996 = EDGE_CURVE('',#5031,#5389,#5997,.T.);
#5997 = SURFACE_CURVE('',#5998,(#6002,#6009),.PCURVE_S1.);
#5998 = LINE('',#5999,#6000);
#5999 = CARTESIAN_POINT('',(0.,14.9,-0.225));
#6000 = VECTOR('',#6001,1.);
#6001 = DIRECTION('',(0.,0.,1.));
#6002 = PCURVE('',#5074,#6003);
#6003 = DEFINITIONAL_REPRESENTATION('',(#6004),#6008);
#6004 = LINE('',#6005,#6006);
#6005 = CARTESIAN_POINT('',(14.9,0.225));
#6006 = VECTOR('',#6007,1.);
#6007 = DIRECTION('',(0.,-1.));
#6008 = ( GEOMETRIC_REPRESENTATION_CONTEXT(2) 
PARAMETRIC_REPRESENTATION_CONTEXT() REPRESENTATION_CONTEXT('2D SPACE',''
  ) );
#6009 = PCURVE('',#5980,#6010);
#6010 = DEFINITIONAL_REPRESENTATION('',(#6011),#6015);
#6011 = LINE('',#6012,#6013);
#6012 = CARTESIAN_POINT('',(0.,-0.));
#6013 = VECTOR('',#6014,1.);
#6014 = DIRECTION('',(0.,-1.));
#6015 = ( GEOMETRIC_REPRESENTATION_CONTEXT(2) 
PARAMETRIC_REPRESENTATION_CONTEXT() REPRESENTATION_CONTEXT('2D SPACE',''
  ) );
#6016 = ORIENTED_EDGE('',*,*,#5411,.T.);
#6017 = ORIENTED_EDGE('',*,*,#5914,.F.);
#6018 = ADVANCED_FACE('',(#6019),#5245,.F.);
#6019 = FACE_BOUND('',#6020,.F.);
#6020 = EDGE_LOOP('',(#6021,#6046,#6067,#6068));
#6021 = ORIENTED_EDGE('',*,*,#6022,.T.);
#6022 = EDGE_CURVE('',#6023,#6025,#6027,.T.);
#6023 = VERTEX_POINT('',#6024);
#6024 = CARTESIAN_POINT('',(-28.,14.9,-0.225));
#6025 = VERTEX_POINT('',#6026);
#6026 = CARTESIAN_POINT('',(-28.,14.9,1.775));
#6027 = SURFACE_CURVE('',#6028,(#6032,#6039),.PCURVE_S1.);
#6028 = LINE('',#6029,#6030);
#6029 = CARTESIAN_POINT('',(-28.,14.9,-0.225));
#6030 = VECTOR('',#6031,1.);
#6031 = DIRECTION('',(0.,0.,1.));
#6032 = PCURVE('',#5245,#6033);
#6033 = DEFINITIONAL_REPRESENTATION('',(#6034),#6038);
#6034 = LINE('',#6035,#6036);
#6035 = CARTESIAN_POINT('',(0.,0.));
#6036 = VECTOR('',#6037,1.);
#6037 = DIRECTION('',(0.,-1.));
#6038 = ( GEOMETRIC_REPRESENTATION_CONTEXT(2) 
PARAMETRIC_REPRESENTATION_CONTEXT() REPRESENTATION_CONTEXT('2D SPACE',''
  ) );
#6039 = PCURVE('',#5980,#6040);
#6040 = DEFINITIONAL_REPRESENTATION('',(#6041),#6045);
#6041 = LINE('',#6042,#6043);
#6042 = CARTESIAN_POINT('',(28.,0.));
#6043 = VECTOR('',#6044,1.);
#6044 = DIRECTION('',(0.,-1.));
#6045 = ( GEOMETRIC_REPRESENTATION_CONTEXT(2) 
PARAMETRIC_REPRESENTATION_CONTEXT() REPRESENTATION_CONTEXT('2D SPACE',''
  ) );
#6046 = ORIENTED_EDGE('',*,*,#6047,.T.);
#6047 = EDGE_CURVE('',#6025,#5230,#6048,.T.);
#6048 = SURFACE_CURVE('',#6049,(#6053,#6060),.PCURVE_S1.);
#6049 = LINE('',#6050,#6051);
#6050 = CARTESIAN_POINT('',(-28.,14.9,1.775));
#6051 = VECTOR('',#6052,1.);
#6052 = DIRECTION('',(0.,-1.,0.));
#6053 = PCURVE('',#5245,#6054);
#6054 = DEFINITIONAL_REPRESENTATION('',(#6055),#6059);
#6055 = LINE('',#6056,#6057);
#6056 = CARTESIAN_POINT('',(0.,-2.));
#6057 = VECTOR('',#6058,1.);
#6058 = DIRECTION('',(1.,0.));
#6059 = ( GEOMETRIC_REPRESENTATION_CONTEXT(2) 
PARAMETRIC_REPRESENTATION_CONTEXT() REPRESENTATION_CONTEXT('2D SPACE',''
  ) );
#6060 = PCURVE('',#5273,#6061);
#6061 = DEFINITIONAL_REPRESENTATION('',(#6062),#6066);
#6062 = LINE('',#6063,#6064);
#6063 = CARTESIAN_POINT('',(-14.,5.));
#6064 = VECTOR('',#6065,1.);
#6065 = DIRECTION('',(0.,-1.));
#6066 = ( GEOMETRIC_REPRESENTATION_CONTEXT(2) 
PARAMETRIC_REPRESENTATION_CONTEXT() REPRESENTATION_CONTEXT('2D SPACE',''
  ) );
#6067 = ORIENTED_EDGE('',*,*,#5227,.F.);
#6068 = ORIENTED_EDGE('',*,*,#6069,.F.);
#6069 = EDGE_CURVE('',#6023,#5228,#6070,.T.);
#6070 = SURFACE_CURVE('',#6071,(#6075,#6082),.PCURVE_S1.);
#6071 = LINE('',#6072,#6073);
#6072 = CARTESIAN_POINT('',(-28.,14.9,-0.225));
#6073 = VECTOR('',#6074,1.);
#6074 = DIRECTION('',(0.,-1.,0.));
#6075 = PCURVE('',#5245,#6076);
#6076 = DEFINITIONAL_REPRESENTATION('',(#6077),#6081);
#6077 = LINE('',#6078,#6079);
#6078 = CARTESIAN_POINT('',(0.,0.));
#6079 = VECTOR('',#6080,1.);
#6080 = DIRECTION('',(1.,0.));
#6081 = ( GEOMETRIC_REPRESENTATION_CONTEXT(2) 
PARAMETRIC_REPRESENTATION_CONTEXT() REPRESENTATION_CONTEXT('2D SPACE',''
  ) );
#6082 = PCURVE('',#5349,#6083);
#6083 = DEFINITIONAL_REPRESENTATION('',(#6084),#6088);
#6084 = LINE('',#6085,#6086);
#6085 = CARTESIAN_POINT('',(-14.,5.));
#6086 = VECTOR('',#6087,1.);
#6087 = DIRECTION('',(0.,-1.));
#6088 = ( GEOMETRIC_REPRESENTATION_CONTEXT(2) 
PARAMETRIC_REPRESENTATION_CONTEXT() REPRESENTATION_CONTEXT('2D SPACE',''
  ) );
#6089 = ADVANCED_FACE('',(#6090),#5299,.F.);
#6090 = FACE_BOUND('',#6091,.F.);
#6091 = EDGE_LOOP('',(#6092,#6093,#6094,#6117));
#6092 = ORIENTED_EDGE('',*,*,#5388,.F.);
#6093 = ORIENTED_EDGE('',*,*,#5285,.T.);
#6094 = ORIENTED_EDGE('',*,*,#6095,.T.);
#6095 = EDGE_CURVE('',#5258,#6096,#6098,.T.);
#6096 = VERTEX_POINT('',#6097);
#6097 = CARTESIAN_POINT('',(0.,14.9,1.775));
#6098 = SURFACE_CURVE('',#6099,(#6103,#6110),.PCURVE_S1.);
#6099 = LINE('',#6100,#6101);
#6100 = CARTESIAN_POINT('',(0.,4.9,1.775));
#6101 = VECTOR('',#6102,1.);
#6102 = DIRECTION('',(0.,1.,0.));
#6103 = PCURVE('',#5299,#6104);
#6104 = DEFINITIONAL_REPRESENTATION('',(#6105),#6109);
#6105 = LINE('',#6106,#6107);
#6106 = CARTESIAN_POINT('',(0.,-2.));
#6107 = VECTOR('',#6108,1.);
#6108 = DIRECTION('',(1.,0.));
#6109 = ( GEOMETRIC_REPRESENTATION_CONTEXT(2) 
PARAMETRIC_REPRESENTATION_CONTEXT() REPRESENTATION_CONTEXT('2D SPACE',''
  ) );
#6110 = PCURVE('',#5273,#6111);
#6111 = DEFINITIONAL_REPRESENTATION('',(#6112),#6116);
#6112 = LINE('',#6113,#6114);
#6113 = CARTESIAN_POINT('',(14.,-5.));
#6114 = VECTOR('',#6115,1.);
#6115 = DIRECTION('',(0.,1.));
#6116 = ( GEOMETRIC_REPRESENTATION_CONTEXT(2) 
PARAMETRIC_REPRESENTATION_CONTEXT() REPRESENTATION_CONTEXT('2D SPACE',''
  ) );
#6117 = ORIENTED_EDGE('',*,*,#6118,.F.);
#6118 = EDGE_CURVE('',#5389,#6096,#6119,.T.);
#6119 = SURFACE_CURVE('',#6120,(#6124,#6131),.PCURVE_S1.);
#6120 = LINE('',#6121,#6122);
#6121 = CARTESIAN_POINT('',(0.,14.9,-0.225));
#6122 = VECTOR('',#6123,1.);
#6123 = DIRECTION('',(0.,0.,1.));
#6124 = PCURVE('',#5299,#6125);
#6125 = DEFINITIONAL_REPRESENTATION('',(#6126),#6130);
#6126 = LINE('',#6127,#6128);
#6127 = CARTESIAN_POINT('',(10.,0.));
#6128 = VECTOR('',#6129,1.);
#6129 = DIRECTION('',(0.,-1.));
#6130 = ( GEOMETRIC_REPRESENTATION_CONTEXT(2) 
PARAMETRIC_REPRESENTATION_CONTEXT() REPRESENTATION_CONTEXT('2D SPACE',''
  ) );
#6131 = PCURVE('',#5980,#6132);
#6132 = DEFINITIONAL_REPRESENTATION('',(#6133),#6137);
#6133 = LINE('',#6134,#6135);
#6134 = CARTESIAN_POINT('',(0.,-0.));
#6135 = VECTOR('',#6136,1.);
#6136 = DIRECTION('',(0.,-1.));
#6137 = ( GEOMETRIC_REPRESENTATION_CONTEXT(2) 
PARAMETRIC_REPRESENTATION_CONTEXT() REPRESENTATION_CONTEXT('2D SPACE',''
  ) );
#6138 = ADVANCED_FACE('',(#6139),#5349,.F.);
#6139 = FACE_BOUND('',#6140,.F.);
#6140 = EDGE_LOOP('',(#6141,#6142,#6143,#6164));
#6141 = ORIENTED_EDGE('',*,*,#5335,.T.);
#6142 = ORIENTED_EDGE('',*,*,#5941,.T.);
#6143 = ORIENTED_EDGE('',*,*,#6144,.T.);
#6144 = EDGE_CURVE('',#5942,#6023,#6145,.T.);
#6145 = SURFACE_CURVE('',#6146,(#6150,#6157),.PCURVE_S1.);
#6146 = LINE('',#6147,#6148);
#6147 = CARTESIAN_POINT('',(0.,14.9,-0.225));
#6148 = VECTOR('',#6149,1.);
#6149 = DIRECTION('',(-1.,0.,0.));
#6150 = PCURVE('',#5349,#6151);
#6151 = DEFINITIONAL_REPRESENTATION('',(#6152),#6156);
#6152 = LINE('',#6153,#6154);
#6153 = CARTESIAN_POINT('',(14.,5.));
#6154 = VECTOR('',#6155,1.);
#6155 = DIRECTION('',(-1.,0.));
#6156 = ( GEOMETRIC_REPRESENTATION_CONTEXT(2) 
PARAMETRIC_REPRESENTATION_CONTEXT() REPRESENTATION_CONTEXT('2D SPACE',''
  ) );
#6157 = PCURVE('',#5980,#6158);
#6158 = DEFINITIONAL_REPRESENTATION('',(#6159),#6163);
#6159 = LINE('',#6160,#6161);
#6160 = CARTESIAN_POINT('',(0.,-0.));
#6161 = VECTOR('',#6162,1.);
#6162 = DIRECTION('',(1.,0.));
#6163 = ( GEOMETRIC_REPRESENTATION_CONTEXT(2) 
PARAMETRIC_REPRESENTATION_CONTEXT() REPRESENTATION_CONTEXT('2D SPACE',''
  ) );
#6164 = ORIENTED_EDGE('',*,*,#6069,.T.);
#6165 = ADVANCED_FACE('',(#6166),#5273,.T.);
#6166 = FACE_BOUND('',#6167,.T.);
#6167 = EDGE_LOOP('',(#6168,#6169,#6170,#6191));
#6168 = ORIENTED_EDGE('',*,*,#5257,.T.);
#6169 = ORIENTED_EDGE('',*,*,#6095,.T.);
#6170 = ORIENTED_EDGE('',*,*,#6171,.T.);
#6171 = EDGE_CURVE('',#6096,#6025,#6172,.T.);
#6172 = SURFACE_CURVE('',#6173,(#6177,#6184),.PCURVE_S1.);
#6173 = LINE('',#6174,#6175);
#6174 = CARTESIAN_POINT('',(0.,14.9,1.775));
#6175 = VECTOR('',#6176,1.);
#6176 = DIRECTION('',(-1.,0.,0.));
#6177 = PCURVE('',#5273,#6178);
#6178 = DEFINITIONAL_REPRESENTATION('',(#6179),#6183);
#6179 = LINE('',#6180,#6181);
#6180 = CARTESIAN_POINT('',(14.,5.));
#6181 = VECTOR('',#6182,1.);
#6182 = DIRECTION('',(-1.,0.));
#6183 = ( GEOMETRIC_REPRESENTATION_CONTEXT(2) 
PARAMETRIC_REPRESENTATION_CONTEXT() REPRESENTATION_CONTEXT('2D SPACE',''
  ) );
#6184 = PCURVE('',#5980,#6185);
#6185 = DEFINITIONAL_REPRESENTATION('',(#6186),#6190);
#6186 = LINE('',#6187,#6188);
#6187 = CARTESIAN_POINT('',(0.,-2.));
#6188 = VECTOR('',#6189,1.);
#6189 = DIRECTION('',(1.,0.));
#6190 = ( GEOMETRIC_REPRESENTATION_CONTEXT(2) 
PARAMETRIC_REPRESENTATION_CONTEXT() REPRESENTATION_CONTEXT('2D SPACE',''
  ) );
#6191 = ORIENTED_EDGE('',*,*,#6047,.T.);
#6192 = ADVANCED_FACE('',(#6193),#5662,.T.);
#6193 = FACE_BOUND('',#6194,.T.);
#6194 = EDGE_LOOP('',(#6195,#6196,#6217));
#6195 = ORIENTED_EDGE('',*,*,#5762,.T.);
#6196 = ORIENTED_EDGE('',*,*,#6197,.T.);
#6197 = EDGE_CURVE('',#5742,#5624,#6198,.T.);
#6198 = SURFACE_CURVE('',#6199,(#6203,#6210),.PCURVE_S1.);
#6199 = LINE('',#6200,#6201);
#6200 = CARTESIAN_POINT('',(18.,0.25,0.));
#6201 = VECTOR('',#6202,1.);
#6202 = DIRECTION('',(0.,0.,1.));
#6203 = PCURVE('',#5662,#6204);
#6204 = DEFINITIONAL_REPRESENTATION('',(#6205),#6209);
#6205 = LINE('',#6206,#6207);
#6206 = CARTESIAN_POINT('',(0.,0.));
#6207 = VECTOR('',#6208,1.);
#6208 = DIRECTION('',(0.,-1.));
#6209 = ( GEOMETRIC_REPRESENTATION_CONTEXT(2) 
PARAMETRIC_REPRESENTATION_CONTEXT() REPRESENTATION_CONTEXT('2D SPACE',''
  ) );
#6210 = PCURVE('',#5638,#6211);
#6211 = DEFINITIONAL_REPRESENTATION('',(#6212),#6216);
#6212 = LINE('',#6213,#6214);
#6213 = CARTESIAN_POINT('',(22.002045359466,0.));
#6214 = VECTOR('',#6215,1.);
#6215 = DIRECTION('',(0.,-1.));
#6216 = ( GEOMETRIC_REPRESENTATION_CONTEXT(2) 
PARAMETRIC_REPRESENTATION_CONTEXT() REPRESENTATION_CONTEXT('2D SPACE',''
  ) );
#6217 = ORIENTED_EDGE('',*,*,#5649,.F.);
#6218 = ADVANCED_FACE('',(#6219),#5638,.T.);
#6219 = FACE_BOUND('',#6220,.T.);
#6220 = EDGE_LOOP('',(#6221,#6222,#6243,#6244));
#6221 = ORIENTED_EDGE('',*,*,#5741,.T.);
#6222 = ORIENTED_EDGE('',*,*,#6223,.T.);
#6223 = EDGE_CURVE('',#5721,#5598,#6224,.T.);
#6224 = SURFACE_CURVE('',#6225,(#6229,#6236),.PCURVE_S1.);
#6225 = LINE('',#6226,#6227);
#6226 = CARTESIAN_POINT('',(40.,0.55,0.));
#6227 = VECTOR('',#6228,1.);
#6228 = DIRECTION('',(0.,0.,1.));
#6229 = PCURVE('',#5638,#6230);
#6230 = DEFINITIONAL_REPRESENTATION('',(#6231),#6235);
#6231 = LINE('',#6232,#6233);
#6232 = CARTESIAN_POINT('',(0.,0.));
#6233 = VECTOR('',#6234,1.);
#6234 = DIRECTION('',(0.,-1.));
#6235 = ( GEOMETRIC_REPRESENTATION_CONTEXT(2) 
PARAMETRIC_REPRESENTATION_CONTEXT() REPRESENTATION_CONTEXT('2D SPACE',''
  ) );
#6236 = PCURVE('',#5612,#6237);
#6237 = DEFINITIONAL_REPRESENTATION('',(#6238),#6242);
#6238 = LINE('',#6239,#6240);
#6239 = CARTESIAN_POINT('',(30.001499962502,0.));
#6240 = VECTOR('',#6241,1.);
#6241 = DIRECTION('',(0.,-1.));
#6242 = ( GEOMETRIC_REPRESENTATION_CONTEXT(2) 
PARAMETRIC_REPRESENTATION_CONTEXT() REPRESENTATION_CONTEXT('2D SPACE',''
  ) );
#6243 = ORIENTED_EDGE('',*,*,#5623,.F.);
#6244 = ORIENTED_EDGE('',*,*,#6197,.F.);
#6245 = ADVANCED_FACE('',(#6246),#5612,.T.);
#6246 = FACE_BOUND('',#6247,.T.);
#6247 = EDGE_LOOP('',(#6248,#6249,#6270,#6271));
#6248 = ORIENTED_EDGE('',*,*,#5720,.T.);
#6249 = ORIENTED_EDGE('',*,*,#6250,.T.);
#6250 = EDGE_CURVE('',#5700,#5572,#6251,.T.);
#6251 = SURFACE_CURVE('',#6252,(#6256,#6263),.PCURVE_S1.);
#6252 = LINE('',#6253,#6254);
#6253 = CARTESIAN_POINT('',(70.,0.85,0.));
#6254 = VECTOR('',#6255,1.);
#6255 = DIRECTION('',(0.,0.,1.));
#6256 = PCURVE('',#5612,#6257);
#6257 = DEFINITIONAL_REPRESENTATION('',(#6258),#6262);
#6258 = LINE('',#6259,#6260);
#6259 = CARTESIAN_POINT('',(0.,0.));
#6260 = VECTOR('',#6261,1.);
#6261 = DIRECTION('',(0.,-1.));
#6262 = ( GEOMETRIC_REPRESENTATION_CONTEXT(2) 
PARAMETRIC_REPRESENTATION_CONTEXT() REPRESENTATION_CONTEXT('2D SPACE',''
  ) );
#6263 = PCURVE('',#5586,#6264);
#6264 = DEFINITIONAL_REPRESENTATION('',(#6265),#6269);
#6265 = LINE('',#6266,#6267);
#6266 = CARTESIAN_POINT('',(12.002603884158,0.));
#6267 = VECTOR('',#6268,1.);
#6268 = DIRECTION('',(0.,-1.));
#6269 = ( GEOMETRIC_REPRESENTATION_CONTEXT(2) 
PARAMETRIC_REPRESENTATION_CONTEXT() REPRESENTATION_CONTEXT('2D SPACE',''
  ) );
#6270 = ORIENTED_EDGE('',*,*,#5597,.F.);
#6271 = ORIENTED_EDGE('',*,*,#6223,.F.);
#6272 = ADVANCED_FACE('',(#6273),#5586,.T.);
#6273 = FACE_BOUND('',#6274,.T.);
#6274 = EDGE_LOOP('',(#6275,#6276,#6277,#6278));
#6275 = ORIENTED_EDGE('',*,*,#5699,.T.);
#6276 = ORIENTED_EDGE('',*,*,#5807,.T.);
#6277 = ORIENTED_EDGE('',*,*,#5571,.F.);
#6278 = ORIENTED_EDGE('',*,*,#6250,.F.);
#6279 = ADVANCED_FACE('',(#6280),#5980,.F.);
#6280 = FACE_BOUND('',#6281,.F.);
#6281 = EDGE_LOOP('',(#6282,#6283,#6284,#6285,#6286,#6287));
#6282 = ORIENTED_EDGE('',*,*,#5966,.T.);
#6283 = ORIENTED_EDGE('',*,*,#5996,.T.);
#6284 = ORIENTED_EDGE('',*,*,#6118,.T.);
#6285 = ORIENTED_EDGE('',*,*,#6171,.T.);
#6286 = ORIENTED_EDGE('',*,*,#6022,.F.);
#6287 = ORIENTED_EDGE('',*,*,#6144,.F.);
#6288 = ( GEOMETRIC_REPRESENTATION_CONTEXT(3) 
GLOBAL_UNCERTAINTY_ASSIGNED_CONTEXT((#6292)) 
GLOBAL_UNIT_ASSIGNED_CONTEXT((#6289,#6290,#6291)) REPRESENTATION_CONTEXT
('Context #1','3D Context with UNIT and UNCERTAINTY') );
#6289 = ( LENGTH_UNIT() NAMED_UNIT(*) SI_UNIT(.MILLI.,.METRE.) );
#6290 = ( NAMED_UNIT(*) PLANE_ANGLE_UNIT() SI_UNIT($,.RADIAN.) );
#6291 = ( NAMED_UNIT(*) SI_UNIT($,.STERADIAN.) SOLID_ANGLE_UNIT() );
#6292 = UNCERTAINTY_MEASURE_WITH_UNIT(LENGTH_MEASURE(1.E-07),#6289,
  'distance_accuracy_value','confusion accuracy');
#6293 = CONTEXT_DEPENDENT_SHAPE_REPRESENTATION(#6294,#6296);
#6294 = ( REPRESENTATION_RELATIONSHIP('','',#4855,#10) 
REPRESENTATION_RELATIONSHIP_WITH_TRANSFORMATION(#6295) 
SHAPE_REPRESENTATION_RELATIONSHIP() );
#6295 = ITEM_DEFINED_TRANSFORMATION('','',#11,#19);
#6296 = PRODUCT_DEFINITION_SHAPE('Placement','Placement of an item',
  #6297);
#6297 = NEXT_ASSEMBLY_USAGE_OCCURRENCE('2','02-mizu','',#5,#4850,$);
#6298 = PRODUCT_RELATED_PRODUCT_CATEGORY('part',$,(#4852));
#6299 = SHAPE_DEFINITION_REPRESENTATION(#6300,#6306);
#6300 = PRODUCT_DEFINITION_SHAPE('','',#6301);
#6301 = PRODUCT_DEFINITION('design','',#6302,#6305);
#6302 = PRODUCT_DEFINITION_FORMATION('','',#6303);
#6303 = PRODUCT('03-kumiko','03-kumiko','',(#6304));
#6304 = PRODUCT_CONTEXT('',#2,'mechanical');
#6305 = PRODUCT_DEFINITION_CONTEXT('part definition',#2,'design');
#6306 = ADVANCED_BREP_SHAPE_REPRESENTATION('',(#11,#6307),#7280);
#6307 = MANIFOLD_SOLID_BREP('',#6308);
#6308 = CLOSED_SHELL('',(#6309,#6399,#6676,#6758,#6889,#6960,#7009,#7058
    ,#7106,#7133,#7160,#7166,#7215,#7241,#7273));
#6309 = ADVANCED_FACE('',(#6310),#6324,.T.);
#6310 = FACE_BOUND('',#6311,.T.);
#6311 = EDGE_LOOP('',(#6312,#6347,#6373));
#6312 = ORIENTED_EDGE('',*,*,#6313,.F.);
#6313 = EDGE_CURVE('',#6314,#6316,#6318,.T.);
#6314 = VERTEX_POINT('',#6315);
#6315 = CARTESIAN_POINT('',(0.,0.,0.));
#6316 = VERTEX_POINT('',#6317);
#6317 = CARTESIAN_POINT('',(0.,2.1,0.));
#6318 = SURFACE_CURVE('',#6319,(#6323,#6335),.PCURVE_S1.);
#6319 = LINE('',#6320,#6321);
#6320 = CARTESIAN_POINT('',(0.,0.,0.));
#6321 = VECTOR('',#6322,1.);
#6322 = DIRECTION('',(0.,1.,0.));
#6323 = PCURVE('',#6324,#6329);
#6324 = PLANE('',#6325);
#6325 = AXIS2_PLACEMENT_3D('',#6326,#6327,#6328);
#6326 = CARTESIAN_POINT('',(0.,0.,0.));
#6327 = DIRECTION('',(-1.,0.,0.));
#6328 = DIRECTION('',(0.,1.,0.));
#6329 = DEFINITIONAL_REPRESENTATION('',(#6330),#6334);
#6330 = LINE('',#6331,#6332);
#6331 = CARTESIAN_POINT('',(0.,0.));
#6332 = VECTOR('',#6333,1.);
#6333 = DIRECTION('',(1.,0.));
#6334 = ( GEOMETRIC_REPRESENTATION_CONTEXT(2) 
PARAMETRIC_REPRESENTATION_CONTEXT() REPRESENTATION_CONTEXT('2D SPACE',''
  ) );
#6335 = PCURVE('',#6336,#6341);
#6336 = PLANE('',#6337);
#6337 = AXIS2_PLACEMENT_3D('',#6338,#6339,#6340);
#6338 = CARTESIAN_POINT('',(19.2294690138,5.589570605393,0.));
#6339 = DIRECTION('',(-0.,-0.,-1.));
#6340 = DIRECTION('',(-1.,0.,0.));
#6341 = DEFINITIONAL_REPRESENTATION('',(#6342),#6346);
#6342 = LINE('',#6343,#6344);
#6343 = CARTESIAN_POINT('',(19.2294690138,-5.589570605393));
#6344 = VECTOR('',#6345,1.);
#6345 = DIRECTION('',(0.,1.));
#6346 = ( GEOMETRIC_REPRESENTATION_CONTEXT(2) 
PARAMETRIC_REPRESENTATION_CONTEXT() REPRESENTATION_CONTEXT('2D SPACE',''
  ) );
#6347 = ORIENTED_EDGE('',*,*,#6348,.F.);
#6348 = EDGE_CURVE('',#6349,#6314,#6351,.T.);
#6349 = VERTEX_POINT('',#6350);
#6350 = CARTESIAN_POINT('',(0.,2.1,0.562693304105));
#6351 = SURFACE_CURVE('',#6352,(#6356,#6362),.PCURVE_S1.);
#6352 = LINE('',#6353,#6354);
#6353 = CARTESIAN_POINT('',(0.,3.732050807569,1.));
#6354 = VECTOR('',#6355,1.);
#6355 = DIRECTION('',(-0.,-0.965925826289,-0.258819045103));
#6356 = PCURVE('',#6324,#6357);
#6357 = DEFINITIONAL_REPRESENTATION('',(#6358),#6361);
#6358 = B_SPLINE_CURVE_WITH_KNOTS('',1,(#6359,#6360),.UNSPECIFIED.,.F.,
  .F.,(2,2),(-3.863703305156,3.863703305156),.PIECEWISE_BEZIER_KNOTS.);
#6359 = CARTESIAN_POINT('',(7.464101615138,-2.));
#6360 = CARTESIAN_POINT('',(-4.440892098501E-16,4.440892098501E-16));
#6361 = ( GEOMETRIC_REPRESENTATION_CONTEXT(2) 
PARAMETRIC_REPRESENTATION_CONTEXT() REPRESENTATION_CONTEXT('2D SPACE',''
  ) );
#6362 = PCURVE('',#6363,#6368);
#6363 = PLANE('',#6364);
#6364 = AXIS2_PLACEMENT_3D('',#6365,#6366,#6367);
#6365 = CARTESIAN_POINT('',(-4.,7.464101615138,2.));
#6366 = DIRECTION('',(0.,0.258819045103,-0.965925826289));
#6367 = DIRECTION('',(0.,-0.965925826289,-0.258819045103));
#6368 = DEFINITIONAL_REPRESENTATION('',(#6369),#6372);
#6369 = B_SPLINE_CURVE_WITH_KNOTS('',1,(#6370,#6371),.UNSPECIFIED.,.F.,
  .F.,(2,2),(-3.863703305156,3.863703305156),.PIECEWISE_BEZIER_KNOTS.);
#6370 = CARTESIAN_POINT('',(0.,-4.));
#6371 = CARTESIAN_POINT('',(7.727406610313,-4.));
#6372 = ( GEOMETRIC_REPRESENTATION_CONTEXT(2) 
PARAMETRIC_REPRESENTATION_CONTEXT() REPRESENTATION_CONTEXT('2D SPACE',''
  ) );
#6373 = ORIENTED_EDGE('',*,*,#6374,.F.);
#6374 = EDGE_CURVE('',#6316,#6349,#6375,.T.);
#6375 = SURFACE_CURVE('',#6376,(#6380,#6387),.PCURVE_S1.);
#6376 = LINE('',#6377,#6378);
#6377 = CARTESIAN_POINT('',(0.,2.1,0.));
#6378 = VECTOR('',#6379,1.);
#6379 = DIRECTION('',(0.,0.,1.));
#6380 = PCURVE('',#6324,#6381);
#6381 = DEFINITIONAL_REPRESENTATION('',(#6382),#6386);
#6382 = LINE('',#6383,#6384);
#6383 = CARTESIAN_POINT('',(2.1,0.));
#6384 = VECTOR('',#6385,1.);
#6385 = DIRECTION('',(0.,-1.));
#6386 = ( GEOMETRIC_REPRESENTATION_CONTEXT(2) 
PARAMETRIC_REPRESENTATION_CONTEXT() REPRESENTATION_CONTEXT('2D SPACE',''
  ) );
#6387 = PCURVE('',#6388,#6393);
#6388 = PLANE('',#6389);
#6389 = AXIS2_PLACEMENT_3D('',#6390,#6391,#6392);
#6390 = CARTESIAN_POINT('',(-28.,2.1,0.));
#6391 = DIRECTION('',(0.,1.,0.));
#6392 = DIRECTION('',(1.,0.,0.));
#6393 = DEFINITIONAL_REPRESENTATION('',(#6394),#6398);
#6394 = LINE('',#6395,#6396);
#6395 = CARTESIAN_POINT('',(28.,0.));
#6396 = VECTOR('',#6397,1.);
#6397 = DIRECTION('',(0.,-1.));
#6398 = ( GEOMETRIC_REPRESENTATION_CONTEXT(2) 
PARAMETRIC_REPRESENTATION_CONTEXT() REPRESENTATION_CONTEXT('2D SPACE',''
  ) );
#6399 = ADVANCED_FACE('',(#6400),#6336,.T.);
#6400 = FACE_BOUND('',#6401,.T.);
#6401 = EDGE_LOOP('',(#6402,#6403,#6426,#6454,#6482,#6510,#6538,#6566,
    #6594,#6622,#6650));
#6402 = ORIENTED_EDGE('',*,*,#6313,.T.);
#6403 = ORIENTED_EDGE('',*,*,#6404,.F.);
#6404 = EDGE_CURVE('',#6405,#6316,#6407,.T.);
#6405 = VERTEX_POINT('',#6406);
#6406 = CARTESIAN_POINT('',(-28.,2.1,0.));
#6407 = SURFACE_CURVE('',#6408,(#6412,#6419),.PCURVE_S1.);
#6408 = LINE('',#6409,#6410);
#6409 = CARTESIAN_POINT('',(-28.,2.1,0.));
#6410 = VECTOR('',#6411,1.);
#6411 = DIRECTION('',(1.,0.,0.));
#6412 = PCURVE('',#6336,#6413);
#6413 = DEFINITIONAL_REPRESENTATION('',(#6414),#6418);
#6414 = LINE('',#6415,#6416);
#6415 = CARTESIAN_POINT('',(47.2294690138,-3.489570605393));
#6416 = VECTOR('',#6417,1.);
#6417 = DIRECTION('',(-1.,0.));
#6418 = ( GEOMETRIC_REPRESENTATION_CONTEXT(2) 
PARAMETRIC_REPRESENTATION_CONTEXT() REPRESENTATION_CONTEXT('2D SPACE',''
  ) );
#6419 = PCURVE('',#6388,#6420);
#6420 = DEFINITIONAL_REPRESENTATION('',(#6421),#6425);
#6421 = LINE('',#6422,#6423);
#6422 = CARTESIAN_POINT('',(0.,0.));
#6423 = VECTOR('',#6424,1.);
#6424 = DIRECTION('',(1.,0.));
#6425 = ( GEOMETRIC_REPRESENTATION_CONTEXT(2) 
PARAMETRIC_REPRESENTATION_CONTEXT() REPRESENTATION_CONTEXT('2D SPACE',''
  ) );
#6426 = ORIENTED_EDGE('',*,*,#6427,.F.);
#6427 = EDGE_CURVE('',#6428,#6405,#6430,.T.);
#6428 = VERTEX_POINT('',#6429);
#6429 = CARTESIAN_POINT('',(-28.,12.1,0.));
#6430 = SURFACE_CURVE('',#6431,(#6435,#6442),.PCURVE_S1.);
#6431 = LINE('',#6432,#6433);
#6432 = CARTESIAN_POINT('',(-28.,12.1,0.));
#6433 = VECTOR('',#6434,1.);
#6434 = DIRECTION('',(0.,-1.,0.));
#6435 = PCURVE('',#6336,#6436);
#6436 = DEFINITIONAL_REPRESENTATION('',(#6437),#6441);
#6437 = LINE('',#6438,#6439);
#6438 = CARTESIAN_POINT('',(47.2294690138,6.510429394607));
#6439 = VECTOR('',#6440,1.);
#6440 = DIRECTION('',(0.,-1.));
#6441 = ( GEOMETRIC_REPRESENTATION_CONTEXT(2) 
PARAMETRIC_REPRESENTATION_CONTEXT() REPRESENTATION_CONTEXT('2D SPACE',''
  ) );
#6442 = PCURVE('',#6443,#6448);
#6443 = PLANE('',#6444);
#6444 = AXIS2_PLACEMENT_3D('',#6445,#6446,#6447);
#6445 = CARTESIAN_POINT('',(-28.,12.1,0.));
#6446 = DIRECTION('',(1.,0.,-0.));
#6447 = DIRECTION('',(0.,-1.,0.));
#6448 = DEFINITIONAL_REPRESENTATION('',(#6449),#6453);
#6449 = LINE('',#6450,#6451);
#6450 = CARTESIAN_POINT('',(0.,0.));
#6451 = VECTOR('',#6452,1.);
#6452 = DIRECTION('',(1.,0.));
#6453 = ( GEOMETRIC_REPRESENTATION_CONTEXT(2) 
PARAMETRIC_REPRESENTATION_CONTEXT() REPRESENTATION_CONTEXT('2D SPACE',''
  ) );
#6454 = ORIENTED_EDGE('',*,*,#6455,.F.);
#6455 = EDGE_CURVE('',#6456,#6428,#6458,.T.);
#6456 = VERTEX_POINT('',#6457);
#6457 = CARTESIAN_POINT('',(0.,12.1,0.));
#6458 = SURFACE_CURVE('',#6459,(#6463,#6470),.PCURVE_S1.);
#6459 = LINE('',#6460,#6461);
#6460 = CARTESIAN_POINT('',(0.,12.1,0.));
#6461 = VECTOR('',#6462,1.);
#6462 = DIRECTION('',(-1.,0.,0.));
#6463 = PCURVE('',#6336,#6464);
#6464 = DEFINITIONAL_REPRESENTATION('',(#6465),#6469);
#6465 = LINE('',#6466,#6467);
#6466 = CARTESIAN_POINT('',(19.2294690138,6.510429394607));
#6467 = VECTOR('',#6468,1.);
#6468 = DIRECTION('',(1.,0.));
#6469 = ( GEOMETRIC_REPRESENTATION_CONTEXT(2) 
PARAMETRIC_REPRESENTATION_CONTEXT() REPRESENTATION_CONTEXT('2D SPACE',''
  ) );
#6470 = PCURVE('',#6471,#6476);
#6471 = PLANE('',#6472);
#6472 = AXIS2_PLACEMENT_3D('',#6473,#6474,#6475);
#6473 = CARTESIAN_POINT('',(0.,12.1,0.));
#6474 = DIRECTION('',(0.,-1.,0.));
#6475 = DIRECTION('',(-1.,0.,0.));
#6476 = DEFINITIONAL_REPRESENTATION('',(#6477),#6481);
#6477 = LINE('',#6478,#6479);
#6478 = CARTESIAN_POINT('',(0.,-0.));
#6479 = VECTOR('',#6480,1.);
#6480 = DIRECTION('',(1.,0.));
#6481 = ( GEOMETRIC_REPRESENTATION_CONTEXT(2) 
PARAMETRIC_REPRESENTATION_CONTEXT() REPRESENTATION_CONTEXT('2D SPACE',''
  ) );
#6482 = ORIENTED_EDGE('',*,*,#6483,.T.);
#6483 = EDGE_CURVE('',#6456,#6484,#6486,.T.);
#6484 = VERTEX_POINT('',#6485);
#6485 = CARTESIAN_POINT('',(0.,12.4,0.));
#6486 = SURFACE_CURVE('',#6487,(#6491,#6498),.PCURVE_S1.);
#6487 = LINE('',#6488,#6489);
#6488 = CARTESIAN_POINT('',(0.,0.,0.));
#6489 = VECTOR('',#6490,1.);
#6490 = DIRECTION('',(0.,1.,0.));
#6491 = PCURVE('',#6336,#6492);
#6492 = DEFINITIONAL_REPRESENTATION('',(#6493),#6497);
#6493 = LINE('',#6494,#6495);
#6494 = CARTESIAN_POINT('',(19.2294690138,-5.589570605393));
#6495 = VECTOR('',#6496,1.);
#6496 = DIRECTION('',(0.,1.));
#6497 = ( GEOMETRIC_REPRESENTATION_CONTEXT(2) 
PARAMETRIC_REPRESENTATION_CONTEXT() REPRESENTATION_CONTEXT('2D SPACE',''
  ) );
#6498 = PCURVE('',#6499,#6504);
#6499 = PLANE('',#6500);
#6500 = AXIS2_PLACEMENT_3D('',#6501,#6502,#6503);
#6501 = CARTESIAN_POINT('',(0.,0.,0.));
#6502 = DIRECTION('',(-1.,0.,0.));
#6503 = DIRECTION('',(0.,1.,0.));
#6504 = DEFINITIONAL_REPRESENTATION('',(#6505),#6509);
#6505 = LINE('',#6506,#6507);
#6506 = CARTESIAN_POINT('',(0.,0.));
#6507 = VECTOR('',#6508,1.);
#6508 = DIRECTION('',(1.,0.));
#6509 = ( GEOMETRIC_REPRESENTATION_CONTEXT(2) 
PARAMETRIC_REPRESENTATION_CONTEXT() REPRESENTATION_CONTEXT('2D SPACE',''
  ) );
#6510 = ORIENTED_EDGE('',*,*,#6511,.T.);
#6511 = EDGE_CURVE('',#6484,#6512,#6514,.T.);
#6512 = VERTEX_POINT('',#6513);
#6513 = CARTESIAN_POINT('',(18.,12.1,0.));
#6514 = SURFACE_CURVE('',#6515,(#6519,#6526),.PCURVE_S1.);
#6515 = LINE('',#6516,#6517);
#6516 = CARTESIAN_POINT('',(0.,12.4,0.));
#6517 = VECTOR('',#6518,1.);
#6518 = DIRECTION('',(0.99986114004,-1.666435233399E-02,0.));
#6519 = PCURVE('',#6336,#6520);
#6520 = DEFINITIONAL_REPRESENTATION('',(#6521),#6525);
#6521 = LINE('',#6522,#6523);
#6522 = CARTESIAN_POINT('',(19.2294690138,6.810429394607));
#6523 = VECTOR('',#6524,1.);
#6524 = DIRECTION('',(-0.99986114004,-1.666435233399E-02));
#6525 = ( GEOMETRIC_REPRESENTATION_CONTEXT(2) 
PARAMETRIC_REPRESENTATION_CONTEXT() REPRESENTATION_CONTEXT('2D SPACE',''
  ) );
#6526 = PCURVE('',#6527,#6532);
#6527 = PLANE('',#6528);
#6528 = AXIS2_PLACEMENT_3D('',#6529,#6530,#6531);
#6529 = CARTESIAN_POINT('',(0.,12.4,0.));
#6530 = DIRECTION('',(1.666435233399E-02,0.99986114004,-0.));
#6531 = DIRECTION('',(0.99986114004,-1.666435233399E-02,0.));
#6532 = DEFINITIONAL_REPRESENTATION('',(#6533),#6537);
#6533 = LINE('',#6534,#6535);
#6534 = CARTESIAN_POINT('',(0.,0.));
#6535 = VECTOR('',#6536,1.);
#6536 = DIRECTION('',(1.,0.));
#6537 = ( GEOMETRIC_REPRESENTATION_CONTEXT(2) 
PARAMETRIC_REPRESENTATION_CONTEXT() REPRESENTATION_CONTEXT('2D SPACE',''
  ) );
#6538 = ORIENTED_EDGE('',*,*,#6539,.T.);
#6539 = EDGE_CURVE('',#6512,#6540,#6542,.T.);
#6540 = VERTEX_POINT('',#6541);
#6541 = CARTESIAN_POINT('',(34.,9.2,0.));
#6542 = SURFACE_CURVE('',#6543,(#6547,#6554),.PCURVE_S1.);
#6543 = LINE('',#6544,#6545);
#6544 = CARTESIAN_POINT('',(18.,12.1,0.));
#6545 = VECTOR('',#6546,1.);
#6546 = DIRECTION('',(0.983968158076,-0.178344228651,0.));
#6547 = PCURVE('',#6336,#6548);
#6548 = DEFINITIONAL_REPRESENTATION('',(#6549),#6553);
#6549 = LINE('',#6550,#6551);
#6550 = CARTESIAN_POINT('',(1.2294690138,6.510429394607));
#6551 = VECTOR('',#6552,1.);
#6552 = DIRECTION('',(-0.983968158076,-0.178344228651));
#6553 = ( GEOMETRIC_REPRESENTATION_CONTEXT(2) 
PARAMETRIC_REPRESENTATION_CONTEXT() REPRESENTATION_CONTEXT('2D SPACE',''
  ) );
#6554 = PCURVE('',#6555,#6560);
#6555 = PLANE('',#6556);
#6556 = AXIS2_PLACEMENT_3D('',#6557,#6558,#6559);
#6557 = CARTESIAN_POINT('',(18.,12.1,0.));
#6558 = DIRECTION('',(0.178344228651,0.983968158076,-0.));
#6559 = DIRECTION('',(0.983968158076,-0.178344228651,0.));
#6560 = DEFINITIONAL_REPRESENTATION('',(#6561),#6565);
#6561 = LINE('',#6562,#6563);
#6562 = CARTESIAN_POINT('',(0.,0.));
#6563 = VECTOR('',#6564,1.);
#6564 = DIRECTION('',(1.,0.));
#6565 = ( GEOMETRIC_REPRESENTATION_CONTEXT(2) 
PARAMETRIC_REPRESENTATION_CONTEXT() REPRESENTATION_CONTEXT('2D SPACE',''
  ) );
#6566 = ORIENTED_EDGE('',*,*,#6567,.T.);
#6567 = EDGE_CURVE('',#6540,#6568,#6570,.T.);
#6568 = VERTEX_POINT('',#6569);
#6569 = CARTESIAN_POINT('',(42.,4.6,0.));
#6570 = SURFACE_CURVE('',#6571,(#6575,#6582),.PCURVE_S1.);
#6571 = LINE('',#6572,#6573);
#6572 = CARTESIAN_POINT('',(34.,9.2,0.));
#6573 = VECTOR('',#6574,1.);
#6574 = DIRECTION('',(0.866906303058,-0.498471124258,0.));
#6575 = PCURVE('',#6336,#6576);
#6576 = DEFINITIONAL_REPRESENTATION('',(#6577),#6581);
#6577 = LINE('',#6578,#6579);
#6578 = CARTESIAN_POINT('',(-14.7705309862,3.610429394607));
#6579 = VECTOR('',#6580,1.);
#6580 = DIRECTION('',(-0.866906303058,-0.498471124258));
#6581 = ( GEOMETRIC_REPRESENTATION_CONTEXT(2) 
PARAMETRIC_REPRESENTATION_CONTEXT() REPRESENTATION_CONTEXT('2D SPACE',''
  ) );
#6582 = PCURVE('',#6583,#6588);
#6583 = PLANE('',#6584);
#6584 = AXIS2_PLACEMENT_3D('',#6585,#6586,#6587);
#6585 = CARTESIAN_POINT('',(34.,9.2,0.));
#6586 = DIRECTION('',(0.498471124258,0.866906303058,-0.));
#6587 = DIRECTION('',(0.866906303058,-0.498471124258,0.));
#6588 = DEFINITIONAL_REPRESENTATION('',(#6589),#6593);
#6589 = LINE('',#6590,#6591);
#6590 = CARTESIAN_POINT('',(0.,0.));
#6591 = VECTOR('',#6592,1.);
#6592 = DIRECTION('',(1.,0.));
#6593 = ( GEOMETRIC_REPRESENTATION_CONTEXT(2) 
PARAMETRIC_REPRESENTATION_CONTEXT() REPRESENTATION_CONTEXT('2D SPACE',''
  ) );
#6594 = ORIENTED_EDGE('',*,*,#6595,.T.);
#6595 = EDGE_CURVE('',#6568,#6596,#6598,.T.);
#6596 = VERTEX_POINT('',#6597);
#6597 = CARTESIAN_POINT('',(42.,1.8,0.));
#6598 = SURFACE_CURVE('',#6599,(#6603,#6610),.PCURVE_S1.);
#6599 = LINE('',#6600,#6601);
#6600 = CARTESIAN_POINT('',(42.,4.6,0.));
#6601 = VECTOR('',#6602,1.);
#6602 = DIRECTION('',(0.,-1.,0.));
#6603 = PCURVE('',#6336,#6604);
#6604 = DEFINITIONAL_REPRESENTATION('',(#6605),#6609);
#6605 = LINE('',#6606,#6607);
#6606 = CARTESIAN_POINT('',(-22.7705309862,-0.989570605393));
#6607 = VECTOR('',#6608,1.);
#6608 = DIRECTION('',(0.,-1.));
#6609 = ( GEOMETRIC_REPRESENTATION_CONTEXT(2) 
PARAMETRIC_REPRESENTATION_CONTEXT() REPRESENTATION_CONTEXT('2D SPACE',''
  ) );
#6610 = PCURVE('',#6611,#6616);
#6611 = PLANE('',#6612);
#6612 = AXIS2_PLACEMENT_3D('',#6613,#6614,#6615);
#6613 = CARTESIAN_POINT('',(42.,4.6,0.));
#6614 = DIRECTION('',(1.,0.,-0.));
#6615 = DIRECTION('',(0.,-1.,0.));
#6616 = DEFINITIONAL_REPRESENTATION('',(#6617),#6621);
#6617 = LINE('',#6618,#6619);
#6618 = CARTESIAN_POINT('',(0.,0.));
#6619 = VECTOR('',#6620,1.);
#6620 = DIRECTION('',(1.,0.));
#6621 = ( GEOMETRIC_REPRESENTATION_CONTEXT(2) 
PARAMETRIC_REPRESENTATION_CONTEXT() REPRESENTATION_CONTEXT('2D SPACE',''
  ) );
#6622 = ORIENTED_EDGE('',*,*,#6623,.T.);
#6623 = EDGE_CURVE('',#6596,#6624,#6626,.T.);
#6624 = VERTEX_POINT('',#6625);
#6625 = CARTESIAN_POINT('',(28.,0.35,0.));
#6626 = SURFACE_CURVE('',#6627,(#6631,#6638),.PCURVE_S1.);
#6627 = LINE('',#6628,#6629);
#6628 = CARTESIAN_POINT('',(42.,1.8,0.));
#6629 = VECTOR('',#6630,1.);
#6630 = DIRECTION('',(-0.994679248469,-0.103020350734,0.));
#6631 = PCURVE('',#6336,#6632);
#6632 = DEFINITIONAL_REPRESENTATION('',(#6633),#6637);
#6633 = LINE('',#6634,#6635);
#6634 = CARTESIAN_POINT('',(-22.7705309862,-3.789570605393));
#6635 = VECTOR('',#6636,1.);
#6636 = DIRECTION('',(0.994679248469,-0.103020350734));
#6637 = ( GEOMETRIC_REPRESENTATION_CONTEXT(2) 
PARAMETRIC_REPRESENTATION_CONTEXT() REPRESENTATION_CONTEXT('2D SPACE',''
  ) );
#6638 = PCURVE('',#6639,#6644);
#6639 = PLANE('',#6640);
#6640 = AXIS2_PLACEMENT_3D('',#6641,#6642,#6643);
#6641 = CARTESIAN_POINT('',(42.,1.8,0.));
#6642 = DIRECTION('',(0.103020350734,-0.994679248469,0.));
#6643 = DIRECTION('',(-0.994679248469,-0.103020350734,0.));
#6644 = DEFINITIONAL_REPRESENTATION('',(#6645),#6649);
#6645 = LINE('',#6646,#6647);
#6646 = CARTESIAN_POINT('',(0.,0.));
#6647 = VECTOR('',#6648,1.);
#6648 = DIRECTION('',(1.,0.));
#6649 = ( GEOMETRIC_REPRESENTATION_CONTEXT(2) 
PARAMETRIC_REPRESENTATION_CONTEXT() REPRESENTATION_CONTEXT('2D SPACE',''
  ) );
#6650 = ORIENTED_EDGE('',*,*,#6651,.T.);
#6651 = EDGE_CURVE('',#6624,#6314,#6652,.T.);
#6652 = SURFACE_CURVE('',#6653,(#6657,#6664),.PCURVE_S1.);
#6653 = LINE('',#6654,#6655);
#6654 = CARTESIAN_POINT('',(28.,0.35,0.));
#6655 = VECTOR('',#6656,1.);
#6656 = DIRECTION('',(-0.999921884154,-1.249902355193E-02,0.));
#6657 = PCURVE('',#6336,#6658);
#6658 = DEFINITIONAL_REPRESENTATION('',(#6659),#6663);
#6659 = LINE('',#6660,#6661);
#6660 = CARTESIAN_POINT('',(-8.7705309862,-5.239570605393));
#6661 = VECTOR('',#6662,1.);
#6662 = DIRECTION('',(0.999921884154,-1.249902355193E-02));
#6663 = ( GEOMETRIC_REPRESENTATION_CONTEXT(2) 
PARAMETRIC_REPRESENTATION_CONTEXT() REPRESENTATION_CONTEXT('2D SPACE',''
  ) );
#6664 = PCURVE('',#6665,#6670);
#6665 = PLANE('',#6666);
#6666 = AXIS2_PLACEMENT_3D('',#6667,#6668,#6669);
#6667 = CARTESIAN_POINT('',(28.,0.35,0.));
#6668 = DIRECTION('',(1.249902355193E-02,-0.999921884154,0.));
#6669 = DIRECTION('',(-0.999921884154,-1.249902355193E-02,0.));
#6670 = DEFINITIONAL_REPRESENTATION('',(#6671),#6675);
#6671 = LINE('',#6672,#6673);
#6672 = CARTESIAN_POINT('',(0.,0.));
#6673 = VECTOR('',#6674,1.);
#6674 = DIRECTION('',(1.,0.));
#6675 = ( GEOMETRIC_REPRESENTATION_CONTEXT(2) 
PARAMETRIC_REPRESENTATION_CONTEXT() REPRESENTATION_CONTEXT('2D SPACE',''
  ) );
#6676 = ADVANCED_FACE('',(#6677),#6388,.F.);
#6677 = FACE_BOUND('',#6678,.F.);
#6678 = EDGE_LOOP('',(#6679,#6702,#6730,#6756,#6757));
#6679 = ORIENTED_EDGE('',*,*,#6680,.T.);
#6680 = EDGE_CURVE('',#6405,#6681,#6683,.T.);
#6681 = VERTEX_POINT('',#6682);
#6682 = CARTESIAN_POINT('',(-28.,2.1,2.));
#6683 = SURFACE_CURVE('',#6684,(#6688,#6695),.PCURVE_S1.);
#6684 = LINE('',#6685,#6686);
#6685 = CARTESIAN_POINT('',(-28.,2.1,0.));
#6686 = VECTOR('',#6687,1.);
#6687 = DIRECTION('',(0.,0.,1.));
#6688 = PCURVE('',#6388,#6689);
#6689 = DEFINITIONAL_REPRESENTATION('',(#6690),#6694);
#6690 = LINE('',#6691,#6692);
#6691 = CARTESIAN_POINT('',(0.,0.));
#6692 = VECTOR('',#6693,1.);
#6693 = DIRECTION('',(0.,-1.));
#6694 = ( GEOMETRIC_REPRESENTATION_CONTEXT(2) 
PARAMETRIC_REPRESENTATION_CONTEXT() REPRESENTATION_CONTEXT('2D SPACE',''
  ) );
#6695 = PCURVE('',#6443,#6696);
#6696 = DEFINITIONAL_REPRESENTATION('',(#6697),#6701);
#6697 = LINE('',#6698,#6699);
#6698 = CARTESIAN_POINT('',(10.,0.));
#6699 = VECTOR('',#6700,1.);
#6700 = DIRECTION('',(0.,-1.));
#6701 = ( GEOMETRIC_REPRESENTATION_CONTEXT(2) 
PARAMETRIC_REPRESENTATION_CONTEXT() REPRESENTATION_CONTEXT('2D SPACE',''
  ) );
#6702 = ORIENTED_EDGE('',*,*,#6703,.T.);
#6703 = EDGE_CURVE('',#6681,#6704,#6706,.T.);
#6704 = VERTEX_POINT('',#6705);
#6705 = CARTESIAN_POINT('',(0.,2.1,2.));
#6706 = SURFACE_CURVE('',#6707,(#6711,#6718),.PCURVE_S1.);
#6707 = LINE('',#6708,#6709);
#6708 = CARTESIAN_POINT('',(-28.,2.1,2.));
#6709 = VECTOR('',#6710,1.);
#6710 = DIRECTION('',(1.,0.,0.));
#6711 = PCURVE('',#6388,#6712);
#6712 = DEFINITIONAL_REPRESENTATION('',(#6713),#6717);
#6713 = LINE('',#6714,#6715);
#6714 = CARTESIAN_POINT('',(0.,-2.));
#6715 = VECTOR('',#6716,1.);
#6716 = DIRECTION('',(1.,0.));
#6717 = ( GEOMETRIC_REPRESENTATION_CONTEXT(2) 
PARAMETRIC_REPRESENTATION_CONTEXT() REPRESENTATION_CONTEXT('2D SPACE',''
  ) );
#6718 = PCURVE('',#6719,#6724);
#6719 = PLANE('',#6720);
#6720 = AXIS2_PLACEMENT_3D('',#6721,#6722,#6723);
#6721 = CARTESIAN_POINT('',(-14.,7.1,2.));
#6722 = DIRECTION('',(0.,0.,1.));
#6723 = DIRECTION('',(1.,0.,-0.));
#6724 = DEFINITIONAL_REPRESENTATION('',(#6725),#6729);
#6725 = LINE('',#6726,#6727);
#6726 = CARTESIAN_POINT('',(-14.,-5.));
#6727 = VECTOR('',#6728,1.);
#6728 = DIRECTION('',(1.,0.));
#6729 = ( GEOMETRIC_REPRESENTATION_CONTEXT(2) 
PARAMETRIC_REPRESENTATION_CONTEXT() REPRESENTATION_CONTEXT('2D SPACE',''
  ) );
#6730 = ORIENTED_EDGE('',*,*,#6731,.F.);
#6731 = EDGE_CURVE('',#6349,#6704,#6732,.T.);
#6732 = SURFACE_CURVE('',#6733,(#6737,#6744),.PCURVE_S1.);
#6733 = LINE('',#6734,#6735);
#6734 = CARTESIAN_POINT('',(0.,2.1,0.));
#6735 = VECTOR('',#6736,1.);
#6736 = DIRECTION('',(0.,0.,1.));
#6737 = PCURVE('',#6388,#6738);
#6738 = DEFINITIONAL_REPRESENTATION('',(#6739),#6743);
#6739 = LINE('',#6740,#6741);
#6740 = CARTESIAN_POINT('',(28.,0.));
#6741 = VECTOR('',#6742,1.);
#6742 = DIRECTION('',(0.,-1.));
#6743 = ( GEOMETRIC_REPRESENTATION_CONTEXT(2) 
PARAMETRIC_REPRESENTATION_CONTEXT() REPRESENTATION_CONTEXT('2D SPACE',''
  ) );
#6744 = PCURVE('',#6745,#6750);
#6745 = PLANE('',#6746);
#6746 = AXIS2_PLACEMENT_3D('',#6747,#6748,#6749);
#6747 = CARTESIAN_POINT('',(0.,2.1,0.));
#6748 = DIRECTION('',(-1.,0.,0.));
#6749 = DIRECTION('',(0.,1.,0.));
#6750 = DEFINITIONAL_REPRESENTATION('',(#6751),#6755);
#6751 = LINE('',#6752,#6753);
#6752 = CARTESIAN_POINT('',(0.,0.));
#6753 = VECTOR('',#6754,1.);
#6754 = DIRECTION('',(0.,-1.));
#6755 = ( GEOMETRIC_REPRESENTATION_CONTEXT(2) 
PARAMETRIC_REPRESENTATION_CONTEXT() REPRESENTATION_CONTEXT('2D SPACE',''
  ) );
#6756 = ORIENTED_EDGE('',*,*,#6374,.F.);
#6757 = ORIENTED_EDGE('',*,*,#6404,.F.);
#6758 = ADVANCED_FACE('',(#6759),#6363,.F.);
#6759 = FACE_BOUND('',#6760,.F.);
#6760 = EDGE_LOOP('',(#6761,#6783,#6806,#6827,#6848,#6869,#6888));
#6761 = ORIENTED_EDGE('',*,*,#6762,.F.);
#6762 = EDGE_CURVE('',#6763,#6349,#6765,.T.);
#6763 = VERTEX_POINT('',#6764);
#6764 = CARTESIAN_POINT('',(0.,7.464101615138,2.));
#6765 = SURFACE_CURVE('',#6766,(#6770,#6776),.PCURVE_S1.);
#6766 = LINE('',#6767,#6768);
#6767 = CARTESIAN_POINT('',(0.,3.732050807569,1.));
#6768 = VECTOR('',#6769,1.);
#6769 = DIRECTION('',(-0.,-0.965925826289,-0.258819045103));
#6770 = PCURVE('',#6363,#6771);
#6771 = DEFINITIONAL_REPRESENTATION('',(#6772),#6775);
#6772 = B_SPLINE_CURVE_WITH_KNOTS('',1,(#6773,#6774),.UNSPECIFIED.,.F.,
  .F.,(2,2),(-3.863703305156,3.863703305156),.PIECEWISE_BEZIER_KNOTS.);
#6773 = CARTESIAN_POINT('',(0.,-4.));
#6774 = CARTESIAN_POINT('',(7.727406610313,-4.));
#6775 = ( GEOMETRIC_REPRESENTATION_CONTEXT(2) 
PARAMETRIC_REPRESENTATION_CONTEXT() REPRESENTATION_CONTEXT('2D SPACE',''
  ) );
#6776 = PCURVE('',#6745,#6777);
#6777 = DEFINITIONAL_REPRESENTATION('',(#6778),#6782);
#6778 = LINE('',#6779,#6780);
#6779 = CARTESIAN_POINT('',(1.632050807569,-1.));
#6780 = VECTOR('',#6781,1.);
#6781 = DIRECTION('',(-0.965925826289,0.258819045103));
#6782 = ( GEOMETRIC_REPRESENTATION_CONTEXT(2) 
PARAMETRIC_REPRESENTATION_CONTEXT() REPRESENTATION_CONTEXT('2D SPACE',''
  ) );
#6783 = ORIENTED_EDGE('',*,*,#6784,.T.);
#6784 = EDGE_CURVE('',#6763,#6785,#6787,.T.);
#6785 = VERTEX_POINT('',#6786);
#6786 = CARTESIAN_POINT('',(37.018953712804,7.464101615138,2.));
#6787 = SURFACE_CURVE('',#6788,(#6792,#6799),.PCURVE_S1.);
#6788 = LINE('',#6789,#6790);
#6789 = CARTESIAN_POINT('',(-4.,7.464101615138,2.));
#6790 = VECTOR('',#6791,1.);
#6791 = DIRECTION('',(1.,0.,0.));
#6792 = PCURVE('',#6363,#6793);
#6793 = DEFINITIONAL_REPRESENTATION('',(#6794),#6798);
#6794 = LINE('',#6795,#6796);
#6795 = CARTESIAN_POINT('',(0.,0.));
#6796 = VECTOR('',#6797,1.);
#6797 = DIRECTION('',(0.,-1.));
#6798 = ( GEOMETRIC_REPRESENTATION_CONTEXT(2) 
PARAMETRIC_REPRESENTATION_CONTEXT() REPRESENTATION_CONTEXT('2D SPACE',''
  ) );
#6799 = PCURVE('',#6719,#6800);
#6800 = DEFINITIONAL_REPRESENTATION('',(#6801),#6805);
#6801 = LINE('',#6802,#6803);
#6802 = CARTESIAN_POINT('',(10.,0.364101615138));
#6803 = VECTOR('',#6804,1.);
#6804 = DIRECTION('',(1.,0.));
#6805 = ( GEOMETRIC_REPRESENTATION_CONTEXT(2) 
PARAMETRIC_REPRESENTATION_CONTEXT() REPRESENTATION_CONTEXT('2D SPACE',''
  ) );
#6806 = ORIENTED_EDGE('',*,*,#6807,.F.);
#6807 = EDGE_CURVE('',#6808,#6785,#6810,.T.);
#6808 = VERTEX_POINT('',#6809);
#6809 = CARTESIAN_POINT('',(42.,4.6,1.232566285183));
#6810 = SURFACE_CURVE('',#6811,(#6815,#6821),.PCURVE_S1.);
#6811 = LINE('',#6812,#6813);
#6812 = CARTESIAN_POINT('',(20.506425756943,16.958805189758,
    4.544098155192));
#6813 = VECTOR('',#6814,1.);
#6814 = DIRECTION('',(-0.859275621464,0.494083482342,0.132389270087));
#6815 = PCURVE('',#6363,#6816);
#6816 = DEFINITIONAL_REPRESENTATION('',(#6817),#6820);
#6817 = B_SPLINE_CURVE_WITH_KNOTS('',1,(#6818,#6819),.UNSPECIFIED.,.F.,
  .F.,(2,2),(-25.01359715807,-19.21680022496),.PIECEWISE_BEZIER_KNOTS.);
#6818 = CARTESIAN_POINT('',(2.965136180426,-46.));
#6819 = CARTESIAN_POINT('',(7.105427357601E-15,-41.0189537128));
#6820 = ( GEOMETRIC_REPRESENTATION_CONTEXT(2) 
PARAMETRIC_REPRESENTATION_CONTEXT() REPRESENTATION_CONTEXT('2D SPACE',''
  ) );
#6821 = PCURVE('',#6583,#6822);
#6822 = DEFINITIONAL_REPRESENTATION('',(#6823),#6826);
#6823 = B_SPLINE_CURVE_WITH_KNOTS('',1,(#6824,#6825),.UNSPECIFIED.,.F.,
  .F.,(2,2),(-25.01359715807,-19.21680022496),.PIECEWISE_BEZIER_KNOTS.);
#6824 = CARTESIAN_POINT('',(9.228217596047,-1.232566285183));
#6825 = CARTESIAN_POINT('',(3.482445221769,-2.));
#6826 = ( GEOMETRIC_REPRESENTATION_CONTEXT(2) 
PARAMETRIC_REPRESENTATION_CONTEXT() REPRESENTATION_CONTEXT('2D SPACE',''
  ) );
#6827 = ORIENTED_EDGE('',*,*,#6828,.F.);
#6828 = EDGE_CURVE('',#6829,#6808,#6831,.T.);
#6829 = VERTEX_POINT('',#6830);
#6830 = CARTESIAN_POINT('',(42.,1.8,0.482308546376));
#6831 = SURFACE_CURVE('',#6832,(#6836,#6842),.PCURVE_S1.);
#6832 = LINE('',#6833,#6834);
#6833 = CARTESIAN_POINT('',(42.,5.877980021921,1.575));
#6834 = VECTOR('',#6835,1.);
#6835 = DIRECTION('',(0.,0.965925826289,0.258819045103));
#6836 = PCURVE('',#6363,#6837);
#6837 = DEFINITIONAL_REPRESENTATION('',(#6838),#6841);
#6838 = B_SPLINE_CURVE_WITH_KNOTS('',1,(#6839,#6840),.UNSPECIFIED.,.F.,
  .F.,(2,2),(-4.221835580883,-1.323062275735),.PIECEWISE_BEZIER_KNOTS.);
#6839 = CARTESIAN_POINT('',(5.863909485574,-46.));
#6840 = CARTESIAN_POINT('',(2.965136180426,-46.));
#6841 = ( GEOMETRIC_REPRESENTATION_CONTEXT(2) 
PARAMETRIC_REPRESENTATION_CONTEXT() REPRESENTATION_CONTEXT('2D SPACE',''
  ) );
#6842 = PCURVE('',#6611,#6843);
#6843 = DEFINITIONAL_REPRESENTATION('',(#6844),#6847);
#6844 = B_SPLINE_CURVE_WITH_KNOTS('',1,(#6845,#6846),.UNSPECIFIED.,.F.,
  .F.,(2,2),(-4.221835580883,-1.323062275735),.PIECEWISE_BEZIER_KNOTS.);
#6845 = CARTESIAN_POINT('',(2.8,-0.482308546376));
#6846 = CARTESIAN_POINT('',(0.,-1.232566285183));
#6847 = ( GEOMETRIC_REPRESENTATION_CONTEXT(2) 
PARAMETRIC_REPRESENTATION_CONTEXT() REPRESENTATION_CONTEXT('2D SPACE',''
  ) );
#6848 = ORIENTED_EDGE('',*,*,#6849,.F.);
#6849 = EDGE_CURVE('',#6850,#6829,#6852,.T.);
#6850 = VERTEX_POINT('',#6851);
#6851 = CARTESIAN_POINT('',(28.,0.35,9.378221735089E-02));
#6852 = SURFACE_CURVE('',#6853,(#6857,#6863),.PCURVE_S1.);
#6853 = LINE('',#6854,#6855);
#6854 = CARTESIAN_POINT('',(19.565619194997,-0.52356086909,
    -0.140287712061));
#6855 = VECTOR('',#6856,1.);
#6856 = DIRECTION('',(0.994300495623,0.102981122761,2.759370867945E-02)
  );
#6857 = PCURVE('',#6363,#6858);
#6858 = DEFINITIONAL_REPRESENTATION('',(#6859),#6862);
#6859 = B_SPLINE_CURVE_WITH_KNOTS('',1,(#6860,#6861),.UNSPECIFIED.,.F.,
  .F.,(2,2),(8.48272815123,22.562978600293),.PIECEWISE_BEZIER_KNOTS.);
#6860 = CARTESIAN_POINT('',(7.365059947169,-32.));
#6861 = CARTESIAN_POINT('',(5.863909485574,-46.));
#6862 = ( GEOMETRIC_REPRESENTATION_CONTEXT(2) 
PARAMETRIC_REPRESENTATION_CONTEXT() REPRESENTATION_CONTEXT('2D SPACE',''
  ) );
#6863 = PCURVE('',#6639,#6864);
#6864 = DEFINITIONAL_REPRESENTATION('',(#6865),#6868);
#6865 = B_SPLINE_CURVE_WITH_KNOTS('',1,(#6866,#6867),.UNSPECIFIED.,.F.,
  .F.,(2,2),(8.48272815123,22.562978600293),.PIECEWISE_BEZIER_KNOTS.);
#6866 = CARTESIAN_POINT('',(14.074888987129,-9.378221735089E-02));
#6867 = CARTESIAN_POINT('',(-7.105427357601E-15,-0.482308546376));
#6868 = ( GEOMETRIC_REPRESENTATION_CONTEXT(2) 
PARAMETRIC_REPRESENTATION_CONTEXT() REPRESENTATION_CONTEXT('2D SPACE',''
  ) );
#6869 = ORIENTED_EDGE('',*,*,#6870,.F.);
#6870 = EDGE_CURVE('',#6314,#6850,#6871,.T.);
#6871 = SURFACE_CURVE('',#6872,(#6876,#6882),.PCURVE_S1.);
#6872 = LINE('',#6873,#6874);
#6873 = CARTESIAN_POINT('',(12.050169479262,0.150627118491,
    4.036041475783E-02));
#6874 = VECTOR('',#6875,1.);
#6875 = DIRECTION('',(0.999916276393,1.249895345491E-02,
    3.349084484478E-03));
#6876 = PCURVE('',#6363,#6877);
#6877 = DEFINITIONAL_REPRESENTATION('',(#6878),#6881);
#6878 = B_SPLINE_CURVE_WITH_KNOTS('',1,(#6879,#6880),.UNSPECIFIED.,.F.,
  .F.,(2,2),(-12.05117844739,15.951166009892),.PIECEWISE_BEZIER_KNOTS.);
#6879 = CARTESIAN_POINT('',(7.727406610313,-4.));
#6880 = CARTESIAN_POINT('',(7.365059947169,-32.));
#6881 = ( GEOMETRIC_REPRESENTATION_CONTEXT(2) 
PARAMETRIC_REPRESENTATION_CONTEXT() REPRESENTATION_CONTEXT('2D SPACE',''
  ) );
#6882 = PCURVE('',#6665,#6883);
#6883 = DEFINITIONAL_REPRESENTATION('',(#6884),#6887);
#6884 = B_SPLINE_CURVE_WITH_KNOTS('',1,(#6885,#6886),.UNSPECIFIED.,.F.,
  .F.,(2,2),(-12.05117844739,15.951166009892),.PIECEWISE_BEZIER_KNOTS.);
#6885 = CARTESIAN_POINT('',(28.002187414557,-6.938893903907E-18));
#6886 = CARTESIAN_POINT('',(0.,-9.378221735089E-02));
#6887 = ( GEOMETRIC_REPRESENTATION_CONTEXT(2) 
PARAMETRIC_REPRESENTATION_CONTEXT() REPRESENTATION_CONTEXT('2D SPACE',''
  ) );
#6888 = ORIENTED_EDGE('',*,*,#6348,.F.);
#6889 = ADVANCED_FACE('',(#6890),#6499,.T.);
#6890 = FACE_BOUND('',#6891,.T.);
#6891 = EDGE_LOOP('',(#6892,#6893,#6916,#6939));
#6892 = ORIENTED_EDGE('',*,*,#6483,.F.);
#6893 = ORIENTED_EDGE('',*,*,#6894,.T.);
#6894 = EDGE_CURVE('',#6456,#6895,#6897,.T.);
#6895 = VERTEX_POINT('',#6896);
#6896 = CARTESIAN_POINT('',(0.,12.1,2.));
#6897 = SURFACE_CURVE('',#6898,(#6902,#6909),.PCURVE_S1.);
#6898 = LINE('',#6899,#6900);
#6899 = CARTESIAN_POINT('',(0.,12.1,0.));
#6900 = VECTOR('',#6901,1.);
#6901 = DIRECTION('',(0.,0.,1.));
#6902 = PCURVE('',#6499,#6903);
#6903 = DEFINITIONAL_REPRESENTATION('',(#6904),#6908);
#6904 = LINE('',#6905,#6906);
#6905 = CARTESIAN_POINT('',(12.1,0.));
#6906 = VECTOR('',#6907,1.);
#6907 = DIRECTION('',(0.,-1.));
#6908 = ( GEOMETRIC_REPRESENTATION_CONTEXT(2) 
PARAMETRIC_REPRESENTATION_CONTEXT() REPRESENTATION_CONTEXT('2D SPACE',''
  ) );
#6909 = PCURVE('',#6471,#6910);
#6910 = DEFINITIONAL_REPRESENTATION('',(#6911),#6915);
#6911 = LINE('',#6912,#6913);
#6912 = CARTESIAN_POINT('',(0.,-0.));
#6913 = VECTOR('',#6914,1.);
#6914 = DIRECTION('',(0.,-1.));
#6915 = ( GEOMETRIC_REPRESENTATION_CONTEXT(2) 
PARAMETRIC_REPRESENTATION_CONTEXT() REPRESENTATION_CONTEXT('2D SPACE',''
  ) );
#6916 = ORIENTED_EDGE('',*,*,#6917,.T.);
#6917 = EDGE_CURVE('',#6895,#6918,#6920,.T.);
#6918 = VERTEX_POINT('',#6919);
#6919 = CARTESIAN_POINT('',(0.,12.4,2.));
#6920 = SURFACE_CURVE('',#6921,(#6925,#6932),.PCURVE_S1.);
#6921 = LINE('',#6922,#6923);
#6922 = CARTESIAN_POINT('',(0.,0.,2.));
#6923 = VECTOR('',#6924,1.);
#6924 = DIRECTION('',(0.,1.,0.));
#6925 = PCURVE('',#6499,#6926);
#6926 = DEFINITIONAL_REPRESENTATION('',(#6927),#6931);
#6927 = LINE('',#6928,#6929);
#6928 = CARTESIAN_POINT('',(0.,-2.));
#6929 = VECTOR('',#6930,1.);
#6930 = DIRECTION('',(1.,0.));
#6931 = ( GEOMETRIC_REPRESENTATION_CONTEXT(2) 
PARAMETRIC_REPRESENTATION_CONTEXT() REPRESENTATION_CONTEXT('2D SPACE',''
  ) );
#6932 = PCURVE('',#6719,#6933);
#6933 = DEFINITIONAL_REPRESENTATION('',(#6934),#6938);
#6934 = LINE('',#6935,#6936);
#6935 = CARTESIAN_POINT('',(14.,-7.1));
#6936 = VECTOR('',#6937,1.);
#6937 = DIRECTION('',(0.,1.));
#6938 = ( GEOMETRIC_REPRESENTATION_CONTEXT(2) 
PARAMETRIC_REPRESENTATION_CONTEXT() REPRESENTATION_CONTEXT('2D SPACE',''
  ) );
#6939 = ORIENTED_EDGE('',*,*,#6940,.F.);
#6940 = EDGE_CURVE('',#6484,#6918,#6941,.T.);
#6941 = SURFACE_CURVE('',#6942,(#6946,#6953),.PCURVE_S1.);
#6942 = LINE('',#6943,#6944);
#6943 = CARTESIAN_POINT('',(0.,12.4,0.));
#6944 = VECTOR('',#6945,1.);
#6945 = DIRECTION('',(0.,0.,1.));
#6946 = PCURVE('',#6499,#6947);
#6947 = DEFINITIONAL_REPRESENTATION('',(#6948),#6952);
#6948 = LINE('',#6949,#6950);
#6949 = CARTESIAN_POINT('',(12.4,0.));
#6950 = VECTOR('',#6951,1.);
#6951 = DIRECTION('',(0.,-1.));
#6952 = ( GEOMETRIC_REPRESENTATION_CONTEXT(2) 
PARAMETRIC_REPRESENTATION_CONTEXT() REPRESENTATION_CONTEXT('2D SPACE',''
  ) );
#6953 = PCURVE('',#6527,#6954);
#6954 = DEFINITIONAL_REPRESENTATION('',(#6955),#6959);
#6955 = LINE('',#6956,#6957);
#6956 = CARTESIAN_POINT('',(0.,0.));
#6957 = VECTOR('',#6958,1.);
#6958 = DIRECTION('',(0.,-1.));
#6959 = ( GEOMETRIC_REPRESENTATION_CONTEXT(2) 
PARAMETRIC_REPRESENTATION_CONTEXT() REPRESENTATION_CONTEXT('2D SPACE',''
  ) );
#6960 = ADVANCED_FACE('',(#6961),#6527,.T.);
#6961 = FACE_BOUND('',#6962,.T.);
#6962 = EDGE_LOOP('',(#6963,#6964,#6987,#7008));
#6963 = ORIENTED_EDGE('',*,*,#6940,.T.);
#6964 = ORIENTED_EDGE('',*,*,#6965,.T.);
#6965 = EDGE_CURVE('',#6918,#6966,#6968,.T.);
#6966 = VERTEX_POINT('',#6967);
#6967 = CARTESIAN_POINT('',(18.,12.1,2.));
#6968 = SURFACE_CURVE('',#6969,(#6973,#6980),.PCURVE_S1.);
#6969 = LINE('',#6970,#6971);
#6970 = CARTESIAN_POINT('',(0.,12.4,2.));
#6971 = VECTOR('',#6972,1.);
#6972 = DIRECTION('',(0.99986114004,-1.666435233399E-02,0.));
#6973 = PCURVE('',#6527,#6974);
#6974 = DEFINITIONAL_REPRESENTATION('',(#6975),#6979);
#6975 = LINE('',#6976,#6977);
#6976 = CARTESIAN_POINT('',(0.,-2.));
#6977 = VECTOR('',#6978,1.);
#6978 = DIRECTION('',(1.,0.));
#6979 = ( GEOMETRIC_REPRESENTATION_CONTEXT(2) 
PARAMETRIC_REPRESENTATION_CONTEXT() REPRESENTATION_CONTEXT('2D SPACE',''
  ) );
#6980 = PCURVE('',#6719,#6981);
#6981 = DEFINITIONAL_REPRESENTATION('',(#6982),#6986);
#6982 = LINE('',#6983,#6984);
#6983 = CARTESIAN_POINT('',(14.,5.3));
#6984 = VECTOR('',#6985,1.);
#6985 = DIRECTION('',(0.99986114004,-1.666435233399E-02));
#6986 = ( GEOMETRIC_REPRESENTATION_CONTEXT(2) 
PARAMETRIC_REPRESENTATION_CONTEXT() REPRESENTATION_CONTEXT('2D SPACE',''
  ) );
#6987 = ORIENTED_EDGE('',*,*,#6988,.F.);
#6988 = EDGE_CURVE('',#6512,#6966,#6989,.T.);
#6989 = SURFACE_CURVE('',#6990,(#6994,#7001),.PCURVE_S1.);
#6990 = LINE('',#6991,#6992);
#6991 = CARTESIAN_POINT('',(18.,12.1,0.));
#6992 = VECTOR('',#6993,1.);
#6993 = DIRECTION('',(0.,0.,1.));
#6994 = PCURVE('',#6527,#6995);
#6995 = DEFINITIONAL_REPRESENTATION('',(#6996),#7000);
#6996 = LINE('',#6997,#6998);
#6997 = CARTESIAN_POINT('',(18.002499826413,0.));
#6998 = VECTOR('',#6999,1.);
#6999 = DIRECTION('',(0.,-1.));
#7000 = ( GEOMETRIC_REPRESENTATION_CONTEXT(2) 
PARAMETRIC_REPRESENTATION_CONTEXT() REPRESENTATION_CONTEXT('2D SPACE',''
  ) );
#7001 = PCURVE('',#6555,#7002);
#7002 = DEFINITIONAL_REPRESENTATION('',(#7003),#7007);
#7003 = LINE('',#7004,#7005);
#7004 = CARTESIAN_POINT('',(0.,0.));
#7005 = VECTOR('',#7006,1.);
#7006 = DIRECTION('',(0.,-1.));
#7007 = ( GEOMETRIC_REPRESENTATION_CONTEXT(2) 
PARAMETRIC_REPRESENTATION_CONTEXT() REPRESENTATION_CONTEXT('2D SPACE',''
  ) );
#7008 = ORIENTED_EDGE('',*,*,#6511,.F.);
#7009 = ADVANCED_FACE('',(#7010),#6555,.T.);
#7010 = FACE_BOUND('',#7011,.T.);
#7011 = EDGE_LOOP('',(#7012,#7013,#7036,#7057));
#7012 = ORIENTED_EDGE('',*,*,#6988,.T.);
#7013 = ORIENTED_EDGE('',*,*,#7014,.T.);
#7014 = EDGE_CURVE('',#6966,#7015,#7017,.T.);
#7015 = VERTEX_POINT('',#7016);
#7016 = CARTESIAN_POINT('',(34.,9.2,2.));
#7017 = SURFACE_CURVE('',#7018,(#7022,#7029),.PCURVE_S1.);
#7018 = LINE('',#7019,#7020);
#7019 = CARTESIAN_POINT('',(18.,12.1,2.));
#7020 = VECTOR('',#7021,1.);
#7021 = DIRECTION('',(0.983968158076,-0.178344228651,0.));
#7022 = PCURVE('',#6555,#7023);
#7023 = DEFINITIONAL_REPRESENTATION('',(#7024),#7028);
#7024 = LINE('',#7025,#7026);
#7025 = CARTESIAN_POINT('',(0.,-2.));
#7026 = VECTOR('',#7027,1.);
#7027 = DIRECTION('',(1.,0.));
#7028 = ( GEOMETRIC_REPRESENTATION_CONTEXT(2) 
PARAMETRIC_REPRESENTATION_CONTEXT() REPRESENTATION_CONTEXT('2D SPACE',''
  ) );
#7029 = PCURVE('',#6719,#7030);
#7030 = DEFINITIONAL_REPRESENTATION('',(#7031),#7035);
#7031 = LINE('',#7032,#7033);
#7032 = CARTESIAN_POINT('',(32.,5.));
#7033 = VECTOR('',#7034,1.);
#7034 = DIRECTION('',(0.983968158076,-0.178344228651));
#7035 = ( GEOMETRIC_REPRESENTATION_CONTEXT(2) 
PARAMETRIC_REPRESENTATION_CONTEXT() REPRESENTATION_CONTEXT('2D SPACE',''
  ) );
#7036 = ORIENTED_EDGE('',*,*,#7037,.F.);
#7037 = EDGE_CURVE('',#6540,#7015,#7038,.T.);
#7038 = SURFACE_CURVE('',#7039,(#7043,#7050),.PCURVE_S1.);
#7039 = LINE('',#7040,#7041);
#7040 = CARTESIAN_POINT('',(34.,9.2,0.));
#7041 = VECTOR('',#7042,1.);
#7042 = DIRECTION('',(0.,0.,1.));
#7043 = PCURVE('',#6555,#7044);
#7044 = DEFINITIONAL_REPRESENTATION('',(#7045),#7049);
#7045 = LINE('',#7046,#7047);
#7046 = CARTESIAN_POINT('',(16.260688792299,0.));
#7047 = VECTOR('',#7048,1.);
#7048 = DIRECTION('',(0.,-1.));
#7049 = ( GEOMETRIC_REPRESENTATION_CONTEXT(2) 
PARAMETRIC_REPRESENTATION_CONTEXT() REPRESENTATION_CONTEXT('2D SPACE',''
  ) );
#7050 = PCURVE('',#6583,#7051);
#7051 = DEFINITIONAL_REPRESENTATION('',(#7052),#7056);
#7052 = LINE('',#7053,#7054);
#7053 = CARTESIAN_POINT('',(0.,0.));
#7054 = VECTOR('',#7055,1.);
#7055 = DIRECTION('',(0.,-1.));
#7056 = ( GEOMETRIC_REPRESENTATION_CONTEXT(2) 
PARAMETRIC_REPRESENTATION_CONTEXT() REPRESENTATION_CONTEXT('2D SPACE',''
  ) );
#7057 = ORIENTED_EDGE('',*,*,#6539,.F.);
#7058 = ADVANCED_FACE('',(#7059),#6583,.T.);
#7059 = FACE_BOUND('',#7060,.T.);
#7060 = EDGE_LOOP('',(#7061,#7062,#7063,#7084,#7085));
#7061 = ORIENTED_EDGE('',*,*,#6567,.F.);
#7062 = ORIENTED_EDGE('',*,*,#7037,.T.);
#7063 = ORIENTED_EDGE('',*,*,#7064,.T.);
#7064 = EDGE_CURVE('',#7015,#6785,#7065,.T.);
#7065 = SURFACE_CURVE('',#7066,(#7070,#7077),.PCURVE_S1.);
#7066 = LINE('',#7067,#7068);
#7067 = CARTESIAN_POINT('',(34.,9.2,2.));
#7068 = VECTOR('',#7069,1.);
#7069 = DIRECTION('',(0.866906303058,-0.498471124258,0.));
#7070 = PCURVE('',#6583,#7071);
#7071 = DEFINITIONAL_REPRESENTATION('',(#7072),#7076);
#7072 = LINE('',#7073,#7074);
#7073 = CARTESIAN_POINT('',(0.,-2.));
#7074 = VECTOR('',#7075,1.);
#7075 = DIRECTION('',(1.,0.));
#7076 = ( GEOMETRIC_REPRESENTATION_CONTEXT(2) 
PARAMETRIC_REPRESENTATION_CONTEXT() REPRESENTATION_CONTEXT('2D SPACE',''
  ) );
#7077 = PCURVE('',#6719,#7078);
#7078 = DEFINITIONAL_REPRESENTATION('',(#7079),#7083);
#7079 = LINE('',#7080,#7081);
#7080 = CARTESIAN_POINT('',(48.,2.1));
#7081 = VECTOR('',#7082,1.);
#7082 = DIRECTION('',(0.866906303058,-0.498471124258));
#7083 = ( GEOMETRIC_REPRESENTATION_CONTEXT(2) 
PARAMETRIC_REPRESENTATION_CONTEXT() REPRESENTATION_CONTEXT('2D SPACE',''
  ) );
#7084 = ORIENTED_EDGE('',*,*,#6807,.F.);
#7085 = ORIENTED_EDGE('',*,*,#7086,.F.);
#7086 = EDGE_CURVE('',#6568,#6808,#7087,.T.);
#7087 = SURFACE_CURVE('',#7088,(#7092,#7099),.PCURVE_S1.);
#7088 = LINE('',#7089,#7090);
#7089 = CARTESIAN_POINT('',(42.,4.6,0.));
#7090 = VECTOR('',#7091,1.);
#7091 = DIRECTION('',(0.,0.,1.));
#7092 = PCURVE('',#6583,#7093);
#7093 = DEFINITIONAL_REPRESENTATION('',(#7094),#7098);
#7094 = LINE('',#7095,#7096);
#7095 = CARTESIAN_POINT('',(9.228217596047,0.));
#7096 = VECTOR('',#7097,1.);
#7097 = DIRECTION('',(0.,-1.));
#7098 = ( GEOMETRIC_REPRESENTATION_CONTEXT(2) 
PARAMETRIC_REPRESENTATION_CONTEXT() REPRESENTATION_CONTEXT('2D SPACE',''
  ) );
#7099 = PCURVE('',#6611,#7100);
#7100 = DEFINITIONAL_REPRESENTATION('',(#7101),#7105);
#7101 = LINE('',#7102,#7103);
#7102 = CARTESIAN_POINT('',(0.,0.));
#7103 = VECTOR('',#7104,1.);
#7104 = DIRECTION('',(0.,-1.));
#7105 = ( GEOMETRIC_REPRESENTATION_CONTEXT(2) 
PARAMETRIC_REPRESENTATION_CONTEXT() REPRESENTATION_CONTEXT('2D SPACE',''
  ) );
#7106 = ADVANCED_FACE('',(#7107),#6611,.T.);
#7107 = FACE_BOUND('',#7108,.T.);
#7108 = EDGE_LOOP('',(#7109,#7110,#7111,#7112));
#7109 = ORIENTED_EDGE('',*,*,#6595,.F.);
#7110 = ORIENTED_EDGE('',*,*,#7086,.T.);
#7111 = ORIENTED_EDGE('',*,*,#6828,.F.);
#7112 = ORIENTED_EDGE('',*,*,#7113,.F.);
#7113 = EDGE_CURVE('',#6596,#6829,#7114,.T.);
#7114 = SURFACE_CURVE('',#7115,(#7119,#7126),.PCURVE_S1.);
#7115 = LINE('',#7116,#7117);
#7116 = CARTESIAN_POINT('',(42.,1.8,0.));
#7117 = VECTOR('',#7118,1.);
#7118 = DIRECTION('',(0.,0.,1.));
#7119 = PCURVE('',#6611,#7120);
#7120 = DEFINITIONAL_REPRESENTATION('',(#7121),#7125);
#7121 = LINE('',#7122,#7123);
#7122 = CARTESIAN_POINT('',(2.8,0.));
#7123 = VECTOR('',#7124,1.);
#7124 = DIRECTION('',(0.,-1.));
#7125 = ( GEOMETRIC_REPRESENTATION_CONTEXT(2) 
PARAMETRIC_REPRESENTATION_CONTEXT() REPRESENTATION_CONTEXT('2D SPACE',''
  ) );
#7126 = PCURVE('',#6639,#7127);
#7127 = DEFINITIONAL_REPRESENTATION('',(#7128),#7132);
#7128 = LINE('',#7129,#7130);
#7129 = CARTESIAN_POINT('',(0.,0.));
#7130 = VECTOR('',#7131,1.);
#7131 = DIRECTION('',(0.,-1.));
#7132 = ( GEOMETRIC_REPRESENTATION_CONTEXT(2) 
PARAMETRIC_REPRESENTATION_CONTEXT() REPRESENTATION_CONTEXT('2D SPACE',''
  ) );
#7133 = ADVANCED_FACE('',(#7134),#6639,.T.);
#7134 = FACE_BOUND('',#7135,.T.);
#7135 = EDGE_LOOP('',(#7136,#7137,#7138,#7139));
#7136 = ORIENTED_EDGE('',*,*,#6623,.F.);
#7137 = ORIENTED_EDGE('',*,*,#7113,.T.);
#7138 = ORIENTED_EDGE('',*,*,#6849,.F.);
#7139 = ORIENTED_EDGE('',*,*,#7140,.F.);
#7140 = EDGE_CURVE('',#6624,#6850,#7141,.T.);
#7141 = SURFACE_CURVE('',#7142,(#7146,#7153),.PCURVE_S1.);
#7142 = LINE('',#7143,#7144);
#7143 = CARTESIAN_POINT('',(28.,0.35,0.));
#7144 = VECTOR('',#7145,1.);
#7145 = DIRECTION('',(0.,0.,1.));
#7146 = PCURVE('',#6639,#7147);
#7147 = DEFINITIONAL_REPRESENTATION('',(#7148),#7152);
#7148 = LINE('',#7149,#7150);
#7149 = CARTESIAN_POINT('',(14.074888987129,0.));
#7150 = VECTOR('',#7151,1.);
#7151 = DIRECTION('',(0.,-1.));
#7152 = ( GEOMETRIC_REPRESENTATION_CONTEXT(2) 
PARAMETRIC_REPRESENTATION_CONTEXT() REPRESENTATION_CONTEXT('2D SPACE',''
  ) );
#7153 = PCURVE('',#6665,#7154);
#7154 = DEFINITIONAL_REPRESENTATION('',(#7155),#7159);
#7155 = LINE('',#7156,#7157);
#7156 = CARTESIAN_POINT('',(0.,0.));
#7157 = VECTOR('',#7158,1.);
#7158 = DIRECTION('',(0.,-1.));
#7159 = ( GEOMETRIC_REPRESENTATION_CONTEXT(2) 
PARAMETRIC_REPRESENTATION_CONTEXT() REPRESENTATION_CONTEXT('2D SPACE',''
  ) );
#7160 = ADVANCED_FACE('',(#7161),#6665,.T.);
#7161 = FACE_BOUND('',#7162,.T.);
#7162 = EDGE_LOOP('',(#7163,#7164,#7165));
#7163 = ORIENTED_EDGE('',*,*,#6651,.F.);
#7164 = ORIENTED_EDGE('',*,*,#7140,.T.);
#7165 = ORIENTED_EDGE('',*,*,#6870,.F.);
#7166 = ADVANCED_FACE('',(#7167),#6443,.F.);
#7167 = FACE_BOUND('',#7168,.F.);
#7168 = EDGE_LOOP('',(#7169,#7192,#7213,#7214));
#7169 = ORIENTED_EDGE('',*,*,#7170,.T.);
#7170 = EDGE_CURVE('',#6428,#7171,#7173,.T.);
#7171 = VERTEX_POINT('',#7172);
#7172 = CARTESIAN_POINT('',(-28.,12.1,2.));
#7173 = SURFACE_CURVE('',#7174,(#7178,#7185),.PCURVE_S1.);
#7174 = LINE('',#7175,#7176);
#7175 = CARTESIAN_POINT('',(-28.,12.1,0.));
#7176 = VECTOR('',#7177,1.);
#7177 = DIRECTION('',(0.,0.,1.));
#7178 = PCURVE('',#6443,#7179);
#7179 = DEFINITIONAL_REPRESENTATION('',(#7180),#7184);
#7180 = LINE('',#7181,#7182);
#7181 = CARTESIAN_POINT('',(0.,0.));
#7182 = VECTOR('',#7183,1.);
#7183 = DIRECTION('',(0.,-1.));
#7184 = ( GEOMETRIC_REPRESENTATION_CONTEXT(2) 
PARAMETRIC_REPRESENTATION_CONTEXT() REPRESENTATION_CONTEXT('2D SPACE',''
  ) );
#7185 = PCURVE('',#6471,#7186);
#7186 = DEFINITIONAL_REPRESENTATION('',(#7187),#7191);
#7187 = LINE('',#7188,#7189);
#7188 = CARTESIAN_POINT('',(28.,0.));
#7189 = VECTOR('',#7190,1.);
#7190 = DIRECTION('',(0.,-1.));
#7191 = ( GEOMETRIC_REPRESENTATION_CONTEXT(2) 
PARAMETRIC_REPRESENTATION_CONTEXT() REPRESENTATION_CONTEXT('2D SPACE',''
  ) );
#7192 = ORIENTED_EDGE('',*,*,#7193,.T.);
#7193 = EDGE_CURVE('',#7171,#6681,#7194,.T.);
#7194 = SURFACE_CURVE('',#7195,(#7199,#7206),.PCURVE_S1.);
#7195 = LINE('',#7196,#7197);
#7196 = CARTESIAN_POINT('',(-28.,12.1,2.));
#7197 = VECTOR('',#7198,1.);
#7198 = DIRECTION('',(0.,-1.,0.));
#7199 = PCURVE('',#6443,#7200);
#7200 = DEFINITIONAL_REPRESENTATION('',(#7201),#7205);
#7201 = LINE('',#7202,#7203);
#7202 = CARTESIAN_POINT('',(0.,-2.));
#7203 = VECTOR('',#7204,1.);
#7204 = DIRECTION('',(1.,0.));
#7205 = ( GEOMETRIC_REPRESENTATION_CONTEXT(2) 
PARAMETRIC_REPRESENTATION_CONTEXT() REPRESENTATION_CONTEXT('2D SPACE',''
  ) );
#7206 = PCURVE('',#6719,#7207);
#7207 = DEFINITIONAL_REPRESENTATION('',(#7208),#7212);
#7208 = LINE('',#7209,#7210);
#7209 = CARTESIAN_POINT('',(-14.,5.));
#7210 = VECTOR('',#7211,1.);
#7211 = DIRECTION('',(0.,-1.));
#7212 = ( GEOMETRIC_REPRESENTATION_CONTEXT(2) 
PARAMETRIC_REPRESENTATION_CONTEXT() REPRESENTATION_CONTEXT('2D SPACE',''
  ) );
#7213 = ORIENTED_EDGE('',*,*,#6680,.F.);
#7214 = ORIENTED_EDGE('',*,*,#6427,.F.);
#7215 = ADVANCED_FACE('',(#7216),#6745,.F.);
#7216 = FACE_BOUND('',#7217,.F.);
#7217 = EDGE_LOOP('',(#7218,#7219,#7220));
#7218 = ORIENTED_EDGE('',*,*,#6762,.T.);
#7219 = ORIENTED_EDGE('',*,*,#6731,.T.);
#7220 = ORIENTED_EDGE('',*,*,#7221,.T.);
#7221 = EDGE_CURVE('',#6704,#6763,#7222,.T.);
#7222 = SURFACE_CURVE('',#7223,(#7227,#7234),.PCURVE_S1.);
#7223 = LINE('',#7224,#7225);
#7224 = CARTESIAN_POINT('',(0.,2.1,2.));
#7225 = VECTOR('',#7226,1.);
#7226 = DIRECTION('',(0.,1.,0.));
#7227 = PCURVE('',#6745,#7228);
#7228 = DEFINITIONAL_REPRESENTATION('',(#7229),#7233);
#7229 = LINE('',#7230,#7231);
#7230 = CARTESIAN_POINT('',(0.,-2.));
#7231 = VECTOR('',#7232,1.);
#7232 = DIRECTION('',(1.,0.));
#7233 = ( GEOMETRIC_REPRESENTATION_CONTEXT(2) 
PARAMETRIC_REPRESENTATION_CONTEXT() REPRESENTATION_CONTEXT('2D SPACE',''
  ) );
#7234 = PCURVE('',#6719,#7235);
#7235 = DEFINITIONAL_REPRESENTATION('',(#7236),#7240);
#7236 = LINE('',#7237,#7238);
#7237 = CARTESIAN_POINT('',(14.,-5.));
#7238 = VECTOR('',#7239,1.);
#7239 = DIRECTION('',(0.,1.));
#7240 = ( GEOMETRIC_REPRESENTATION_CONTEXT(2) 
PARAMETRIC_REPRESENTATION_CONTEXT() REPRESENTATION_CONTEXT('2D SPACE',''
  ) );
#7241 = ADVANCED_FACE('',(#7242),#6719,.T.);
#7242 = FACE_BOUND('',#7243,.T.);
#7243 = EDGE_LOOP('',(#7244,#7245,#7246,#7247,#7248,#7249,#7250,#7251,
    #7272));
#7244 = ORIENTED_EDGE('',*,*,#6703,.T.);
#7245 = ORIENTED_EDGE('',*,*,#7221,.T.);
#7246 = ORIENTED_EDGE('',*,*,#6784,.T.);
#7247 = ORIENTED_EDGE('',*,*,#7064,.F.);
#7248 = ORIENTED_EDGE('',*,*,#7014,.F.);
#7249 = ORIENTED_EDGE('',*,*,#6965,.F.);
#7250 = ORIENTED_EDGE('',*,*,#6917,.F.);
#7251 = ORIENTED_EDGE('',*,*,#7252,.T.);
#7252 = EDGE_CURVE('',#6895,#7171,#7253,.T.);
#7253 = SURFACE_CURVE('',#7254,(#7258,#7265),.PCURVE_S1.);
#7254 = LINE('',#7255,#7256);
#7255 = CARTESIAN_POINT('',(0.,12.1,2.));
#7256 = VECTOR('',#7257,1.);
#7257 = DIRECTION('',(-1.,0.,0.));
#7258 = PCURVE('',#6719,#7259);
#7259 = DEFINITIONAL_REPRESENTATION('',(#7260),#7264);
#7260 = LINE('',#7261,#7262);
#7261 = CARTESIAN_POINT('',(14.,5.));
#7262 = VECTOR('',#7263,1.);
#7263 = DIRECTION('',(-1.,0.));
#7264 = ( GEOMETRIC_REPRESENTATION_CONTEXT(2) 
PARAMETRIC_REPRESENTATION_CONTEXT() REPRESENTATION_CONTEXT('2D SPACE',''
  ) );
#7265 = PCURVE('',#6471,#7266);
#7266 = DEFINITIONAL_REPRESENTATION('',(#7267),#7271);
#7267 = LINE('',#7268,#7269);
#7268 = CARTESIAN_POINT('',(0.,-2.));
#7269 = VECTOR('',#7270,1.);
#7270 = DIRECTION('',(1.,0.));
#7271 = ( GEOMETRIC_REPRESENTATION_CONTEXT(2) 
PARAMETRIC_REPRESENTATION_CONTEXT() REPRESENTATION_CONTEXT('2D SPACE',''
  ) );
#7272 = ORIENTED_EDGE('',*,*,#7193,.T.);
#7273 = ADVANCED_FACE('',(#7274),#6471,.F.);
#7274 = FACE_BOUND('',#7275,.F.);
#7275 = EDGE_LOOP('',(#7276,#7277,#7278,#7279));
#7276 = ORIENTED_EDGE('',*,*,#6894,.T.);
#7277 = ORIENTED_EDGE('',*,*,#7252,.T.);
#7278 = ORIENTED_EDGE('',*,*,#7170,.F.);
#7279 = ORIENTED_EDGE('',*,*,#6455,.F.);
#7280 = ( GEOMETRIC_REPRESENTATION_CONTEXT(3) 
GLOBAL_UNCERTAINTY_ASSIGNED_CONTEXT((#7284)) 
GLOBAL_UNIT_ASSIGNED_CONTEXT((#7281,#7282,#7283)) REPRESENTATION_CONTEXT
('Context #1','3D Context with UNIT and UNCERTAINTY') );
#7281 = ( LENGTH_UNIT() NAMED_UNIT(*) SI_UNIT(.MILLI.,.METRE.) );
#7282 = ( NAMED_UNIT(*) PLANE_ANGLE_UNIT() SI_UNIT($,.RADIAN.) );
#7283 = ( NAMED_UNIT(*) SI_UNIT($,.STERADIAN.) SOLID_ANGLE_UNIT() );
#7284 = UNCERTAINTY_MEASURE_WITH_UNIT(LENGTH_MEASURE(1.E-07),#7281,
  'distance_accuracy_value','confusion accuracy');
#7285 = CONTEXT_DEPENDENT_SHAPE_REPRESENTATION(#7286,#7288);
#7286 = ( REPRESENTATION_RELATIONSHIP('','',#6306,#10) 
REPRESENTATION_RELATIONSHIP_WITH_TRANSFORMATION(#7287) 
SHAPE_REPRESENTATION_RELATIONSHIP() );
#7287 = ITEM_DEFINED_TRANSFORMATION('','',#11,#23);
#7288 = PRODUCT_DEFINITION_SHAPE('Placement','Placement of an item',
  #7289);
#7289 = NEXT_ASSEMBLY_USAGE_OCCURRENCE('3','03-kumiko','',#5,#6301,$);
#7290 = PRODUCT_RELATED_PRODUCT_CATEGORY('part',$,(#6303));
#7291 = SHAPE_DEFINITION_REPRESENTATION(#7292,#7298);
#7292 = PRODUCT_DEFINITION_SHAPE('','',#7293);
#7293 = PRODUCT_DEFINITION('design','',#7294,#7297);
#7294 = PRODUCT_DEFINITION_FORMATION('','',#7295);
#7295 = PRODUCT('04-nata','04-nata','',(#7296));
#7296 = PRODUCT_CONTEXT('',#2,'mechanical');
#7297 = PRODUCT_DEFINITION_CONTEXT('part definition',#2,'design');
#7298 = ADVANCED_BREP_SHAPE_REPRESENTATION('',(#11,#7299),#8231);
#7299 = MANIFOLD_SOLID_BREP('',#7300);
#7300 = CLOSED_SHELL('',(#7301,#7533,#7698,#7786,#7835,#7908,#7984,#8033
    ,#8082,#8109,#8136,#8163,#8191,#8218,#8224));
#7301 = ADVANCED_FACE('',(#7302,#7419),#7316,.T.);
#7302 = FACE_BOUND('',#7303,.T.);
#7303 = EDGE_LOOP('',(#7304,#7339,#7365,#7393));
#7304 = ORIENTED_EDGE('',*,*,#7305,.F.);
#7305 = EDGE_CURVE('',#7306,#7308,#7310,.T.);
#7306 = VERTEX_POINT('',#7307);
#7307 = CARTESIAN_POINT('',(0.,0.,0.));
#7308 = VERTEX_POINT('',#7309);
#7309 = CARTESIAN_POINT('',(0.,17.8,0.));
#7310 = SURFACE_CURVE('',#7311,(#7315,#7327),.PCURVE_S1.);
#7311 = LINE('',#7312,#7313);
#7312 = CARTESIAN_POINT('',(0.,0.,0.));
#7313 = VECTOR('',#7314,1.);
#7314 = DIRECTION('',(0.,1.,0.));
#7315 = PCURVE('',#7316,#7321);
#7316 = PLANE('',#7317);
#7317 = AXIS2_PLACEMENT_3D('',#7318,#7319,#7320);
#7318 = CARTESIAN_POINT('',(0.,0.,0.));
#7319 = DIRECTION('',(-1.,0.,0.));
#7320 = DIRECTION('',(0.,1.,0.));
#7321 = DEFINITIONAL_REPRESENTATION('',(#7322),#7326);
#7322 = LINE('',#7323,#7324);
#7323 = CARTESIAN_POINT('',(0.,0.));
#7324 = VECTOR('',#7325,1.);
#7325 = DIRECTION('',(1.,0.));
#7326 = ( GEOMETRIC_REPRESENTATION_CONTEXT(2) 
PARAMETRIC_REPRESENTATION_CONTEXT() REPRESENTATION_CONTEXT('2D SPACE',''
  ) );
#7327 = PCURVE('',#7328,#7333);
#7328 = PLANE('',#7329);
#7329 = AXIS2_PLACEMENT_3D('',#7330,#7331,#7332);
#7330 = CARTESIAN_POINT('',(27.683566743362,7.961616096214,0.));
#7331 = DIRECTION('',(-0.,-0.,-1.));
#7332 = DIRECTION('',(-1.,0.,0.));
#7333 = DEFINITIONAL_REPRESENTATION('',(#7334),#7338);
#7334 = LINE('',#7335,#7336);
#7335 = CARTESIAN_POINT('',(27.683566743362,-7.961616096214));
#7336 = VECTOR('',#7337,1.);
#7337 = DIRECTION('',(0.,1.));
#7338 = ( GEOMETRIC_REPRESENTATION_CONTEXT(2) 
PARAMETRIC_REPRESENTATION_CONTEXT() REPRESENTATION_CONTEXT('2D SPACE',''
  ) );
#7339 = ORIENTED_EDGE('',*,*,#7340,.F.);
#7340 = EDGE_CURVE('',#7341,#7306,#7343,.T.);
#7341 = VERTEX_POINT('',#7342);
#7342 = CARTESIAN_POINT('',(0.,5.39048825737,2.4));
#7343 = SURFACE_CURVE('',#7344,(#7348,#7354),.PCURVE_S1.);
#7344 = LINE('',#7345,#7346);
#7345 = CARTESIAN_POINT('',(4.440892098501E-16,2.695244128685,1.2));
#7346 = VECTOR('',#7347,1.);
#7347 = DIRECTION('',(-0.,-0.913545457643,-0.406736643076));
#7348 = PCURVE('',#7316,#7349);
#7349 = DEFINITIONAL_REPRESENTATION('',(#7350),#7353);
#7350 = B_SPLINE_CURVE_WITH_KNOTS('',1,(#7351,#7352),.UNSPECIFIED.,.F.,
  .F.,(2,2),(-2.950312002689,2.950312002689),.PIECEWISE_BEZIER_KNOTS.);
#7351 = CARTESIAN_POINT('',(5.39048825737,-2.4));
#7352 = CARTESIAN_POINT('',(-4.440892098501E-16,2.22044604925E-16));
#7353 = ( GEOMETRIC_REPRESENTATION_CONTEXT(2) 
PARAMETRIC_REPRESENTATION_CONTEXT() REPRESENTATION_CONTEXT('2D SPACE',''
  ) );
#7354 = PCURVE('',#7355,#7360);
#7355 = PLANE('',#7356);
#7356 = AXIS2_PLACEMENT_3D('',#7357,#7358,#7359);
#7357 = CARTESIAN_POINT('',(-4.,5.39048825737,2.4));
#7358 = DIRECTION('',(0.,0.406736643076,-0.913545457643));
#7359 = DIRECTION('',(0.,-0.913545457643,-0.406736643076));
#7360 = DEFINITIONAL_REPRESENTATION('',(#7361),#7364);
#7361 = B_SPLINE_CURVE_WITH_KNOTS('',1,(#7362,#7363),.UNSPECIFIED.,.F.,
  .F.,(2,2),(-2.950312002689,2.950312002689),.PIECEWISE_BEZIER_KNOTS.);
#7362 = CARTESIAN_POINT('',(0.,-4.));
#7363 = CARTESIAN_POINT('',(5.900624005378,-4.));
#7364 = ( GEOMETRIC_REPRESENTATION_CONTEXT(2) 
PARAMETRIC_REPRESENTATION_CONTEXT() REPRESENTATION_CONTEXT('2D SPACE',''
  ) );
#7365 = ORIENTED_EDGE('',*,*,#7366,.T.);
#7366 = EDGE_CURVE('',#7341,#7367,#7369,.T.);
#7367 = VERTEX_POINT('',#7368);
#7368 = CARTESIAN_POINT('',(0.,17.8,2.4));
#7369 = SURFACE_CURVE('',#7370,(#7374,#7381),.PCURVE_S1.);
#7370 = LINE('',#7371,#7372);
#7371 = CARTESIAN_POINT('',(0.,0.,2.4));
#7372 = VECTOR('',#7373,1.);
#7373 = DIRECTION('',(0.,1.,0.));
#7374 = PCURVE('',#7316,#7375);
#7375 = DEFINITIONAL_REPRESENTATION('',(#7376),#7380);
#7376 = LINE('',#7377,#7378);
#7377 = CARTESIAN_POINT('',(0.,-2.4));
#7378 = VECTOR('',#7379,1.);
#7379 = DIRECTION('',(1.,0.));
#7380 = ( GEOMETRIC_REPRESENTATION_CONTEXT(2) 
PARAMETRIC_REPRESENTATION_CONTEXT() REPRESENTATION_CONTEXT('2D SPACE',''
  ) );
#7381 = PCURVE('',#7382,#7387);
#7382 = PLANE('',#7383);
#7383 = AXIS2_PLACEMENT_3D('',#7384,#7385,#7386);
#7384 = CARTESIAN_POINT('',(27.683566743362,7.961616096214,2.4));
#7385 = DIRECTION('',(-0.,-0.,-1.));
#7386 = DIRECTION('',(-1.,0.,0.));
#7387 = DEFINITIONAL_REPRESENTATION('',(#7388),#7392);
#7388 = LINE('',#7389,#7390);
#7389 = CARTESIAN_POINT('',(27.683566743362,-7.961616096214));
#7390 = VECTOR('',#7391,1.);
#7391 = DIRECTION('',(0.,1.));
#7392 = ( GEOMETRIC_REPRESENTATION_CONTEXT(2) 
PARAMETRIC_REPRESENTATION_CONTEXT() REPRESENTATION_CONTEXT('2D SPACE',''
  ) );
#7393 = ORIENTED_EDGE('',*,*,#7394,.F.);
#7394 = EDGE_CURVE('',#7308,#7367,#7395,.T.);
#7395 = SURFACE_CURVE('',#7396,(#7400,#7407),.PCURVE_S1.);
#7396 = LINE('',#7397,#7398);
#7397 = CARTESIAN_POINT('',(0.,17.8,0.));
#7398 = VECTOR('',#7399,1.);
#7399 = DIRECTION('',(0.,0.,1.));
#7400 = PCURVE('',#7316,#7401);
#7401 = DEFINITIONAL_REPRESENTATION('',(#7402),#7406);
#7402 = LINE('',#7403,#7404);
#7403 = CARTESIAN_POINT('',(17.8,0.));
#7404 = VECTOR('',#7405,1.);
#7405 = DIRECTION('',(0.,-1.));
#7406 = ( GEOMETRIC_REPRESENTATION_CONTEXT(2) 
PARAMETRIC_REPRESENTATION_CONTEXT() REPRESENTATION_CONTEXT('2D SPACE',''
  ) );
#7407 = PCURVE('',#7408,#7413);
#7408 = PLANE('',#7409);
#7409 = AXIS2_PLACEMENT_3D('',#7410,#7411,#7412);
#7410 = CARTESIAN_POINT('',(0.,17.8,0.));
#7411 = DIRECTION('',(2.726259017756E-02,0.99962830651,-0.));
#7412 = DIRECTION('',(0.99962830651,-2.726259017756E-02,0.));
#7413 = DEFINITIONAL_REPRESENTATION('',(#7414),#7418);
#7414 = LINE('',#7415,#7416);
#7415 = CARTESIAN_POINT('',(0.,0.));
#7416 = VECTOR('',#7417,1.);
#7417 = DIRECTION('',(0.,-1.));
#7418 = ( GEOMETRIC_REPRESENTATION_CONTEXT(2) 
PARAMETRIC_REPRESENTATION_CONTEXT() REPRESENTATION_CONTEXT('2D SPACE',''
  ) );
#7419 = FACE_BOUND('',#7420,.T.);
#7420 = EDGE_LOOP('',(#7421,#7451,#7479,#7507));
#7421 = ORIENTED_EDGE('',*,*,#7422,.F.);
#7422 = EDGE_CURVE('',#7423,#7425,#7427,.T.);
#7423 = VERTEX_POINT('',#7424);
#7424 = CARTESIAN_POINT('',(0.,7.5,0.2));
#7425 = VERTEX_POINT('',#7426);
#7426 = CARTESIAN_POINT('',(0.,7.5,2.2));
#7427 = SURFACE_CURVE('',#7428,(#7432,#7439),.PCURVE_S1.);
#7428 = LINE('',#7429,#7430);
#7429 = CARTESIAN_POINT('',(0.,7.5,0.2));
#7430 = VECTOR('',#7431,1.);
#7431 = DIRECTION('',(0.,0.,1.));
#7432 = PCURVE('',#7316,#7433);
#7433 = DEFINITIONAL_REPRESENTATION('',(#7434),#7438);
#7434 = LINE('',#7435,#7436);
#7435 = CARTESIAN_POINT('',(7.5,-0.2));
#7436 = VECTOR('',#7437,1.);
#7437 = DIRECTION('',(0.,-1.));
#7438 = ( GEOMETRIC_REPRESENTATION_CONTEXT(2) 
PARAMETRIC_REPRESENTATION_CONTEXT() REPRESENTATION_CONTEXT('2D SPACE',''
  ) );
#7439 = PCURVE('',#7440,#7445);
#7440 = PLANE('',#7441);
#7441 = AXIS2_PLACEMENT_3D('',#7442,#7443,#7444);
#7442 = CARTESIAN_POINT('',(-28.,7.5,0.2));
#7443 = DIRECTION('',(0.,1.,0.));
#7444 = DIRECTION('',(1.,0.,0.));
#7445 = DEFINITIONAL_REPRESENTATION('',(#7446),#7450);
#7446 = LINE('',#7447,#7448);
#7447 = CARTESIAN_POINT('',(28.,0.));
#7448 = VECTOR('',#7449,1.);
#7449 = DIRECTION('',(0.,-1.));
#7450 = ( GEOMETRIC_REPRESENTATION_CONTEXT(2) 
PARAMETRIC_REPRESENTATION_CONTEXT() REPRESENTATION_CONTEXT('2D SPACE',''
  ) );
#7451 = ORIENTED_EDGE('',*,*,#7452,.T.);
#7452 = EDGE_CURVE('',#7423,#7453,#7455,.T.);
#7453 = VERTEX_POINT('',#7454);
#7454 = CARTESIAN_POINT('',(0.,17.5,0.2));
#7455 = SURFACE_CURVE('',#7456,(#7460,#7467),.PCURVE_S1.);
#7456 = LINE('',#7457,#7458);
#7457 = CARTESIAN_POINT('',(0.,7.5,0.2));
#7458 = VECTOR('',#7459,1.);
#7459 = DIRECTION('',(0.,1.,0.));
#7460 = PCURVE('',#7316,#7461);
#7461 = DEFINITIONAL_REPRESENTATION('',(#7462),#7466);
#7462 = LINE('',#7463,#7464);
#7463 = CARTESIAN_POINT('',(7.5,-0.2));
#7464 = VECTOR('',#7465,1.);
#7465 = DIRECTION('',(1.,0.));
#7466 = ( GEOMETRIC_REPRESENTATION_CONTEXT(2) 
PARAMETRIC_REPRESENTATION_CONTEXT() REPRESENTATION_CONTEXT('2D SPACE',''
  ) );
#7467 = PCURVE('',#7468,#7473);
#7468 = PLANE('',#7469);
#7469 = AXIS2_PLACEMENT_3D('',#7470,#7471,#7472);
#7470 = CARTESIAN_POINT('',(-14.,12.5,0.2));
#7471 = DIRECTION('',(0.,0.,1.));
#7472 = DIRECTION('',(1.,0.,-0.));
#7473 = DEFINITIONAL_REPRESENTATION('',(#7474),#7478);
#7474 = LINE('',#7475,#7476);
#7475 = CARTESIAN_POINT('',(14.,-5.));
#7476 = VECTOR('',#7477,1.);
#7477 = DIRECTION('',(0.,1.));
#7478 = ( GEOMETRIC_REPRESENTATION_CONTEXT(2) 
PARAMETRIC_REPRESENTATION_CONTEXT() REPRESENTATION_CONTEXT('2D SPACE',''
  ) );
#7479 = ORIENTED_EDGE('',*,*,#7480,.T.);
#7480 = EDGE_CURVE('',#7453,#7481,#7483,.T.);
#7481 = VERTEX_POINT('',#7482);
#7482 = CARTESIAN_POINT('',(0.,17.5,2.2));
#7483 = SURFACE_CURVE('',#7484,(#7488,#7495),.PCURVE_S1.);
#7484 = LINE('',#7485,#7486);
#7485 = CARTESIAN_POINT('',(0.,17.5,0.2));
#7486 = VECTOR('',#7487,1.);
#7487 = DIRECTION('',(0.,0.,1.));
#7488 = PCURVE('',#7316,#7489);
#7489 = DEFINITIONAL_REPRESENTATION('',(#7490),#7494);
#7490 = LINE('',#7491,#7492);
#7491 = CARTESIAN_POINT('',(17.5,-0.2));
#7492 = VECTOR('',#7493,1.);
#7493 = DIRECTION('',(0.,-1.));
#7494 = ( GEOMETRIC_REPRESENTATION_CONTEXT(2) 
PARAMETRIC_REPRESENTATION_CONTEXT() REPRESENTATION_CONTEXT('2D SPACE',''
  ) );
#7495 = PCURVE('',#7496,#7501);
#7496 = PLANE('',#7497);
#7497 = AXIS2_PLACEMENT_3D('',#7498,#7499,#7500);
#7498 = CARTESIAN_POINT('',(0.,17.5,0.2));
#7499 = DIRECTION('',(0.,-1.,0.));
#7500 = DIRECTION('',(-1.,0.,0.));
#7501 = DEFINITIONAL_REPRESENTATION('',(#7502),#7506);
#7502 = LINE('',#7503,#7504);
#7503 = CARTESIAN_POINT('',(0.,-0.));
#7504 = VECTOR('',#7505,1.);
#7505 = DIRECTION('',(0.,-1.));
#7506 = ( GEOMETRIC_REPRESENTATION_CONTEXT(2) 
PARAMETRIC_REPRESENTATION_CONTEXT() REPRESENTATION_CONTEXT('2D SPACE',''
  ) );
#7507 = ORIENTED_EDGE('',*,*,#7508,.F.);
#7508 = EDGE_CURVE('',#7425,#7481,#7509,.T.);
#7509 = SURFACE_CURVE('',#7510,(#7514,#7521),.PCURVE_S1.);
#7510 = LINE('',#7511,#7512);
#7511 = CARTESIAN_POINT('',(0.,7.5,2.2));
#7512 = VECTOR('',#7513,1.);
#7513 = DIRECTION('',(0.,1.,0.));
#7514 = PCURVE('',#7316,#7515);
#7515 = DEFINITIONAL_REPRESENTATION('',(#7516),#7520);
#7516 = LINE('',#7517,#7518);
#7517 = CARTESIAN_POINT('',(7.5,-2.2));
#7518 = VECTOR('',#7519,1.);
#7519 = DIRECTION('',(1.,0.));
#7520 = ( GEOMETRIC_REPRESENTATION_CONTEXT(2) 
PARAMETRIC_REPRESENTATION_CONTEXT() REPRESENTATION_CONTEXT('2D SPACE',''
  ) );
#7521 = PCURVE('',#7522,#7527);
#7522 = PLANE('',#7523);
#7523 = AXIS2_PLACEMENT_3D('',#7524,#7525,#7526);
#7524 = CARTESIAN_POINT('',(-14.,12.5,2.2));
#7525 = DIRECTION('',(0.,0.,1.));
#7526 = DIRECTION('',(1.,0.,-0.));
#7527 = DEFINITIONAL_REPRESENTATION('',(#7528),#7532);
#7528 = LINE('',#7529,#7530);
#7529 = CARTESIAN_POINT('',(14.,-5.));
#7530 = VECTOR('',#7531,1.);
#7531 = DIRECTION('',(0.,1.));
#7532 = ( GEOMETRIC_REPRESENTATION_CONTEXT(2) 
PARAMETRIC_REPRESENTATION_CONTEXT() REPRESENTATION_CONTEXT('2D SPACE',''
  ) );
#7533 = ADVANCED_FACE('',(#7534),#7328,.T.);
#7534 = FACE_BOUND('',#7535,.T.);
#7535 = EDGE_LOOP('',(#7536,#7537,#7560,#7588,#7616,#7644,#7672));
#7536 = ORIENTED_EDGE('',*,*,#7305,.T.);
#7537 = ORIENTED_EDGE('',*,*,#7538,.T.);
#7538 = EDGE_CURVE('',#7308,#7539,#7541,.T.);
#7539 = VERTEX_POINT('',#7540);
#7540 = CARTESIAN_POINT('',(22.,17.2,0.));
#7541 = SURFACE_CURVE('',#7542,(#7546,#7553),.PCURVE_S1.);
#7542 = LINE('',#7543,#7544);
#7543 = CARTESIAN_POINT('',(0.,17.8,0.));
#7544 = VECTOR('',#7545,1.);
#7545 = DIRECTION('',(0.99962830651,-2.726259017756E-02,0.));
#7546 = PCURVE('',#7328,#7547);
#7547 = DEFINITIONAL_REPRESENTATION('',(#7548),#7552);
#7548 = LINE('',#7549,#7550);
#7549 = CARTESIAN_POINT('',(27.683566743362,9.838383903786));
#7550 = VECTOR('',#7551,1.);
#7551 = DIRECTION('',(-0.99962830651,-2.726259017756E-02));
#7552 = ( GEOMETRIC_REPRESENTATION_CONTEXT(2) 
PARAMETRIC_REPRESENTATION_CONTEXT() REPRESENTATION_CONTEXT('2D SPACE',''
  ) );
#7553 = PCURVE('',#7408,#7554);
#7554 = DEFINITIONAL_REPRESENTATION('',(#7555),#7559);
#7555 = LINE('',#7556,#7557);
#7556 = CARTESIAN_POINT('',(0.,0.));
#7557 = VECTOR('',#7558,1.);
#7558 = DIRECTION('',(1.,0.));
#7559 = ( GEOMETRIC_REPRESENTATION_CONTEXT(2) 
PARAMETRIC_REPRESENTATION_CONTEXT() REPRESENTATION_CONTEXT('2D SPACE',''
  ) );
#7560 = ORIENTED_EDGE('',*,*,#7561,.T.);
#7561 = EDGE_CURVE('',#7539,#7562,#7564,.T.);
#7562 = VERTEX_POINT('',#7563);
#7563 = CARTESIAN_POINT('',(44.,14.,0.));
#7564 = SURFACE_CURVE('',#7565,(#7569,#7576),.PCURVE_S1.);
#7565 = LINE('',#7566,#7567);
#7566 = CARTESIAN_POINT('',(22.,17.2,0.));
#7567 = VECTOR('',#7568,1.);
#7568 = DIRECTION('',(0.989586439285,-0.143939845714,0.));
#7569 = PCURVE('',#7328,#7570);
#7570 = DEFINITIONAL_REPRESENTATION('',(#7571),#7575);
#7571 = LINE('',#7572,#7573);
#7572 = CARTESIAN_POINT('',(5.683566743362,9.238383903786));
#7573 = VECTOR('',#7574,1.);
#7574 = DIRECTION('',(-0.989586439285,-0.143939845714));
#7575 = ( GEOMETRIC_REPRESENTATION_CONTEXT(2) 
PARAMETRIC_REPRESENTATION_CONTEXT() REPRESENTATION_CONTEXT('2D SPACE',''
  ) );
#7576 = PCURVE('',#7577,#7582);
#7577 = PLANE('',#7578);
#7578 = AXIS2_PLACEMENT_3D('',#7579,#7580,#7581);
#7579 = CARTESIAN_POINT('',(22.,17.2,0.));
#7580 = DIRECTION('',(0.143939845714,0.989586439285,-0.));
#7581 = DIRECTION('',(0.989586439285,-0.143939845714,0.));
#7582 = DEFINITIONAL_REPRESENTATION('',(#7583),#7587);
#7583 = LINE('',#7584,#7585);
#7584 = CARTESIAN_POINT('',(0.,0.));
#7585 = VECTOR('',#7586,1.);
#7586 = DIRECTION('',(1.,0.));
#7587 = ( GEOMETRIC_REPRESENTATION_CONTEXT(2) 
PARAMETRIC_REPRESENTATION_CONTEXT() REPRESENTATION_CONTEXT('2D SPACE',''
  ) );
#7588 = ORIENTED_EDGE('',*,*,#7589,.T.);
#7589 = EDGE_CURVE('',#7562,#7590,#7592,.T.);
#7590 = VERTEX_POINT('',#7591);
#7591 = CARTESIAN_POINT('',(60.,8.2,0.));
#7592 = SURFACE_CURVE('',#7593,(#7597,#7604),.PCURVE_S1.);
#7593 = LINE('',#7594,#7595);
#7594 = CARTESIAN_POINT('',(44.,14.,0.));
#7595 = VECTOR('',#7596,1.);
#7596 = DIRECTION('',(0.940136065162,-0.340799323621,0.));
#7597 = PCURVE('',#7328,#7598);
#7598 = DEFINITIONAL_REPRESENTATION('',(#7599),#7603);
#7599 = LINE('',#7600,#7601);
#7600 = CARTESIAN_POINT('',(-16.31643325663,6.038383903786));
#7601 = VECTOR('',#7602,1.);
#7602 = DIRECTION('',(-0.940136065162,-0.340799323621));
#7603 = ( GEOMETRIC_REPRESENTATION_CONTEXT(2) 
PARAMETRIC_REPRESENTATION_CONTEXT() REPRESENTATION_CONTEXT('2D SPACE',''
  ) );
#7604 = PCURVE('',#7605,#7610);
#7605 = PLANE('',#7606);
#7606 = AXIS2_PLACEMENT_3D('',#7607,#7608,#7609);
#7607 = CARTESIAN_POINT('',(44.,14.,0.));
#7608 = DIRECTION('',(0.340799323621,0.940136065162,-0.));
#7609 = DIRECTION('',(0.940136065162,-0.340799323621,0.));
#7610 = DEFINITIONAL_REPRESENTATION('',(#7611),#7615);
#7611 = LINE('',#7612,#7613);
#7612 = CARTESIAN_POINT('',(0.,0.));
#7613 = VECTOR('',#7614,1.);
#7614 = DIRECTION('',(1.,0.));
#7615 = ( GEOMETRIC_REPRESENTATION_CONTEXT(2) 
PARAMETRIC_REPRESENTATION_CONTEXT() REPRESENTATION_CONTEXT('2D SPACE',''
  ) );
#7616 = ORIENTED_EDGE('',*,*,#7617,.T.);
#7617 = EDGE_CURVE('',#7590,#7618,#7620,.T.);
#7618 = VERTEX_POINT('',#7619);
#7619 = CARTESIAN_POINT('',(60.,2.4,0.));
#7620 = SURFACE_CURVE('',#7621,(#7625,#7632),.PCURVE_S1.);
#7621 = LINE('',#7622,#7623);
#7622 = CARTESIAN_POINT('',(60.,8.2,0.));
#7623 = VECTOR('',#7624,1.);
#7624 = DIRECTION('',(0.,-1.,0.));
#7625 = PCURVE('',#7328,#7626);
#7626 = DEFINITIONAL_REPRESENTATION('',(#7627),#7631);
#7627 = LINE('',#7628,#7629);
#7628 = CARTESIAN_POINT('',(-32.31643325663,0.238383903786));
#7629 = VECTOR('',#7630,1.);
#7630 = DIRECTION('',(0.,-1.));
#7631 = ( GEOMETRIC_REPRESENTATION_CONTEXT(2) 
PARAMETRIC_REPRESENTATION_CONTEXT() REPRESENTATION_CONTEXT('2D SPACE',''
  ) );
#7632 = PCURVE('',#7633,#7638);
#7633 = PLANE('',#7634);
#7634 = AXIS2_PLACEMENT_3D('',#7635,#7636,#7637);
#7635 = CARTESIAN_POINT('',(60.,8.2,0.));
#7636 = DIRECTION('',(1.,0.,-0.));
#7637 = DIRECTION('',(0.,-1.,0.));
#7638 = DEFINITIONAL_REPRESENTATION('',(#7639),#7643);
#7639 = LINE('',#7640,#7641);
#7640 = CARTESIAN_POINT('',(0.,0.));
#7641 = VECTOR('',#7642,1.);
#7642 = DIRECTION('',(1.,0.));
#7643 = ( GEOMETRIC_REPRESENTATION_CONTEXT(2) 
PARAMETRIC_REPRESENTATION_CONTEXT() REPRESENTATION_CONTEXT('2D SPACE',''
  ) );
#7644 = ORIENTED_EDGE('',*,*,#7645,.T.);
#7645 = EDGE_CURVE('',#7618,#7646,#7648,.T.);
#7646 = VERTEX_POINT('',#7647);
#7647 = CARTESIAN_POINT('',(36.,0.5,0.));
#7648 = SURFACE_CURVE('',#7649,(#7653,#7660),.PCURVE_S1.);
#7649 = LINE('',#7650,#7651);
#7650 = CARTESIAN_POINT('',(60.,2.4,0.));
#7651 = VECTOR('',#7652,1.);
#7652 = DIRECTION('',(-0.996880972863,-7.8919743685E-02,0.));
#7653 = PCURVE('',#7328,#7654);
#7654 = DEFINITIONAL_REPRESENTATION('',(#7655),#7659);
#7655 = LINE('',#7656,#7657);
#7656 = CARTESIAN_POINT('',(-32.31643325663,-5.561616096214));
#7657 = VECTOR('',#7658,1.);
#7658 = DIRECTION('',(0.996880972863,-7.8919743685E-02));
#7659 = ( GEOMETRIC_REPRESENTATION_CONTEXT(2) 
PARAMETRIC_REPRESENTATION_CONTEXT() REPRESENTATION_CONTEXT('2D SPACE',''
  ) );
#7660 = PCURVE('',#7661,#7666);
#7661 = PLANE('',#7662);
#7662 = AXIS2_PLACEMENT_3D('',#7663,#7664,#7665);
#7663 = CARTESIAN_POINT('',(60.,2.4,0.));
#7664 = DIRECTION('',(7.8919743685E-02,-0.996880972863,0.));
#7665 = DIRECTION('',(-0.996880972863,-7.8919743685E-02,0.));
#7666 = DEFINITIONAL_REPRESENTATION('',(#7667),#7671);
#7667 = LINE('',#7668,#7669);
#7668 = CARTESIAN_POINT('',(0.,0.));
#7669 = VECTOR('',#7670,1.);
#7670 = DIRECTION('',(1.,0.));
#7671 = ( GEOMETRIC_REPRESENTATION_CONTEXT(2) 
PARAMETRIC_REPRESENTATION_CONTEXT() REPRESENTATION_CONTEXT('2D SPACE',''
  ) );
#7672 = ORIENTED_EDGE('',*,*,#7673,.T.);
#7673 = EDGE_CURVE('',#7646,#7306,#7674,.T.);
#7674 = SURFACE_CURVE('',#7675,(#7679,#7686),.PCURVE_S1.);
#7675 = LINE('',#7676,#7677);
#7676 = CARTESIAN_POINT('',(36.,0.5,0.));
#7677 = VECTOR('',#7678,1.);
#7678 = DIRECTION('',(-0.999903563335,-1.388754949076E-02,0.));
#7679 = PCURVE('',#7328,#7680);
#7680 = DEFINITIONAL_REPRESENTATION('',(#7681),#7685);
#7681 = LINE('',#7682,#7683);
#7682 = CARTESIAN_POINT('',(-8.316433256638,-7.461616096214));
#7683 = VECTOR('',#7684,1.);
#7684 = DIRECTION('',(0.999903563335,-1.388754949076E-02));
#7685 = ( GEOMETRIC_REPRESENTATION_CONTEXT(2) 
PARAMETRIC_REPRESENTATION_CONTEXT() REPRESENTATION_CONTEXT('2D SPACE',''
  ) );
#7686 = PCURVE('',#7687,#7692);
#7687 = PLANE('',#7688);
#7688 = AXIS2_PLACEMENT_3D('',#7689,#7690,#7691);
#7689 = CARTESIAN_POINT('',(36.,0.5,0.));
#7690 = DIRECTION('',(1.388754949076E-02,-0.999903563335,0.));
#7691 = DIRECTION('',(-0.999903563335,-1.388754949076E-02,0.));
#7692 = DEFINITIONAL_REPRESENTATION('',(#7693),#7697);
#7693 = LINE('',#7694,#7695);
#7694 = CARTESIAN_POINT('',(0.,0.));
#7695 = VECTOR('',#7696,1.);
#7696 = DIRECTION('',(1.,0.));
#7697 = ( GEOMETRIC_REPRESENTATION_CONTEXT(2) 
PARAMETRIC_REPRESENTATION_CONTEXT() REPRESENTATION_CONTEXT('2D SPACE',''
  ) );
#7698 = ADVANCED_FACE('',(#7699),#7355,.F.);
#7699 = FACE_BOUND('',#7700,.F.);
#7700 = EDGE_LOOP('',(#7701,#7702,#7725,#7746,#7767));
#7701 = ORIENTED_EDGE('',*,*,#7340,.F.);
#7702 = ORIENTED_EDGE('',*,*,#7703,.T.);
#7703 = EDGE_CURVE('',#7341,#7704,#7706,.T.);
#7704 = VERTEX_POINT('',#7705);
#7705 = CARTESIAN_POINT('',(60.,5.39048825737,2.4));
#7706 = SURFACE_CURVE('',#7707,(#7711,#7718),.PCURVE_S1.);
#7707 = LINE('',#7708,#7709);
#7708 = CARTESIAN_POINT('',(-4.,5.39048825737,2.4));
#7709 = VECTOR('',#7710,1.);
#7710 = DIRECTION('',(1.,0.,0.));
#7711 = PCURVE('',#7355,#7712);
#7712 = DEFINITIONAL_REPRESENTATION('',(#7713),#7717);
#7713 = LINE('',#7714,#7715);
#7714 = CARTESIAN_POINT('',(0.,0.));
#7715 = VECTOR('',#7716,1.);
#7716 = DIRECTION('',(0.,-1.));
#7717 = ( GEOMETRIC_REPRESENTATION_CONTEXT(2) 
PARAMETRIC_REPRESENTATION_CONTEXT() REPRESENTATION_CONTEXT('2D SPACE',''
  ) );
#7718 = PCURVE('',#7382,#7719);
#7719 = DEFINITIONAL_REPRESENTATION('',(#7720),#7724);
#7720 = LINE('',#7721,#7722);
#7721 = CARTESIAN_POINT('',(31.683566743362,-2.571127838844));
#7722 = VECTOR('',#7723,1.);
#7723 = DIRECTION('',(-1.,0.));
#7724 = ( GEOMETRIC_REPRESENTATION_CONTEXT(2) 
PARAMETRIC_REPRESENTATION_CONTEXT() REPRESENTATION_CONTEXT('2D SPACE',''
  ) );
#7725 = ORIENTED_EDGE('',*,*,#7726,.F.);
#7726 = EDGE_CURVE('',#7727,#7704,#7729,.T.);
#7727 = VERTEX_POINT('',#7728);
#7728 = CARTESIAN_POINT('',(60.,2.4,1.06854884474));
#7729 = SURFACE_CURVE('',#7730,(#7734,#7740),.PCURVE_S1.);
#7730 = LINE('',#7731,#7732);
#7731 = CARTESIAN_POINT('',(60.,6.116961871721,2.723446892229));
#7732 = VECTOR('',#7733,1.);
#7733 = DIRECTION('',(0.,0.913545457643,0.406736643076));
#7734 = PCURVE('',#7355,#7735);
#7735 = DEFINITIONAL_REPRESENTATION('',(#7736),#7739);
#7736 = B_SPLINE_CURVE_WITH_KNOTS('',1,(#7737,#7738),.UNSPECIFIED.,.F.,
  .F.,(2,2),(-4.068721310609,-0.795224373646),.PIECEWISE_BEZIER_KNOTS.);
#7737 = CARTESIAN_POINT('',(3.273496936964,-64.));
#7738 = CARTESIAN_POINT('',(3.330669073875E-16,-64.));
#7739 = ( GEOMETRIC_REPRESENTATION_CONTEXT(2) 
PARAMETRIC_REPRESENTATION_CONTEXT() REPRESENTATION_CONTEXT('2D SPACE',''
  ) );
#7740 = PCURVE('',#7633,#7741);
#7741 = DEFINITIONAL_REPRESENTATION('',(#7742),#7745);
#7742 = B_SPLINE_CURVE_WITH_KNOTS('',1,(#7743,#7744),.UNSPECIFIED.,.F.,
  .F.,(2,2),(-4.068721310609,-0.795224373646),.PIECEWISE_BEZIER_KNOTS.);
#7743 = CARTESIAN_POINT('',(5.8,-1.06854884474));
#7744 = CARTESIAN_POINT('',(2.80951174263,-2.4));
#7745 = ( GEOMETRIC_REPRESENTATION_CONTEXT(2) 
PARAMETRIC_REPRESENTATION_CONTEXT() REPRESENTATION_CONTEXT('2D SPACE',''
  ) );
#7746 = ORIENTED_EDGE('',*,*,#7747,.F.);
#7747 = EDGE_CURVE('',#7748,#7727,#7750,.T.);
#7748 = VERTEX_POINT('',#7749);
#7749 = CARTESIAN_POINT('',(36.,0.5,0.222614342654));
#7750 = SURFACE_CURVE('',#7751,(#7755,#7761),.PCURVE_S1.);
#7751 = LINE('',#7752,#7753);
#7752 = CARTESIAN_POINT('',(28.360610102052,-0.104785033588,
    -4.665330274419E-02));
#7753 = VECTOR('',#7754,1.);
#7754 = DIRECTION('',(0.996266151428,7.887107032142E-02,
    3.511566294808E-02));
#7755 = PCURVE('',#7355,#7756);
#7756 = DEFINITIONAL_REPRESENTATION('',(#7757),#7760);
#7757 = B_SPLINE_CURVE_WITH_KNOTS('',1,(#7758,#7759),.UNSPECIFIED.,.F.,
  .F.,(2,2),(7.668021127682,31.757969346427),.PIECEWISE_BEZIER_KNOTS.);
#7758 = CARTESIAN_POINT('',(5.353305866125,-40.));
#7759 = CARTESIAN_POINT('',(3.273496936964,-64.));
#7760 = ( GEOMETRIC_REPRESENTATION_CONTEXT(2) 
PARAMETRIC_REPRESENTATION_CONTEXT() REPRESENTATION_CONTEXT('2D SPACE',''
  ) );
#7761 = PCURVE('',#7661,#7762);
#7762 = DEFINITIONAL_REPRESENTATION('',(#7763),#7766);
#7763 = B_SPLINE_CURVE_WITH_KNOTS('',1,(#7764,#7765),.UNSPECIFIED.,.F.,
  .F.,(2,2),(7.668021127682,31.757969346427),.PIECEWISE_BEZIER_KNOTS.);
#7764 = CARTESIAN_POINT('',(24.075090861718,-0.222614342654));
#7765 = CARTESIAN_POINT('',(0.,-1.06854884474));
#7766 = ( GEOMETRIC_REPRESENTATION_CONTEXT(2) 
PARAMETRIC_REPRESENTATION_CONTEXT() REPRESENTATION_CONTEXT('2D SPACE',''
  ) );
#7767 = ORIENTED_EDGE('',*,*,#7768,.F.);
#7768 = EDGE_CURVE('',#7306,#7748,#7769,.T.);
#7769 = SURFACE_CURVE('',#7770,(#7774,#7780),.PCURVE_S1.);
#7770 = LINE('',#7771,#7772);
#7771 = CARTESIAN_POINT('',(16.044618097161,0.222841918016,
    9.921561418995E-02));
#7772 = VECTOR('',#7773,1.);
#7773 = DIRECTION('',(0.999884450144,1.388728402978E-02,
    6.183017211086E-03));
#7774 = PCURVE('',#7355,#7775);
#7775 = DEFINITIONAL_REPRESENTATION('',(#7776),#7779);
#7776 = B_SPLINE_CURVE_WITH_KNOTS('',1,(#7777,#7778),.UNSPECIFIED.,.F.,
  .F.,(2,2),(-16.04647226471,19.957688010808),.PIECEWISE_BEZIER_KNOTS.);
#7777 = CARTESIAN_POINT('',(5.900624005378,-4.));
#7778 = CARTESIAN_POINT('',(5.353305866125,-40.));
#7779 = ( GEOMETRIC_REPRESENTATION_CONTEXT(2) 
PARAMETRIC_REPRESENTATION_CONTEXT() REPRESENTATION_CONTEXT('2D SPACE',''
  ) );
#7780 = PCURVE('',#7687,#7781);
#7781 = DEFINITIONAL_REPRESENTATION('',(#7782),#7785);
#7782 = B_SPLINE_CURVE_WITH_KNOTS('',1,(#7783,#7784),.UNSPECIFIED.,.F.,
  .F.,(2,2),(-16.04647226471,19.957688010808),.PIECEWISE_BEZIER_KNOTS.);
#7783 = CARTESIAN_POINT('',(36.003472054789,1.387778780781E-17));
#7784 = CARTESIAN_POINT('',(0.,-0.222614342654));
#7785 = ( GEOMETRIC_REPRESENTATION_CONTEXT(2) 
PARAMETRIC_REPRESENTATION_CONTEXT() REPRESENTATION_CONTEXT('2D SPACE',''
  ) );
#7786 = ADVANCED_FACE('',(#7787),#7408,.T.);
#7787 = FACE_BOUND('',#7788,.T.);
#7788 = EDGE_LOOP('',(#7789,#7790,#7813,#7834));
#7789 = ORIENTED_EDGE('',*,*,#7394,.T.);
#7790 = ORIENTED_EDGE('',*,*,#7791,.T.);
#7791 = EDGE_CURVE('',#7367,#7792,#7794,.T.);
#7792 = VERTEX_POINT('',#7793);
#7793 = CARTESIAN_POINT('',(22.,17.2,2.4));
#7794 = SURFACE_CURVE('',#7795,(#7799,#7806),.PCURVE_S1.);
#7795 = LINE('',#7796,#7797);
#7796 = CARTESIAN_POINT('',(0.,17.8,2.4));
#7797 = VECTOR('',#7798,1.);
#7798 = DIRECTION('',(0.99962830651,-2.726259017756E-02,0.));
#7799 = PCURVE('',#7408,#7800);
#7800 = DEFINITIONAL_REPRESENTATION('',(#7801),#7805);
#7801 = LINE('',#7802,#7803);
#7802 = CARTESIAN_POINT('',(0.,-2.4));
#7803 = VECTOR('',#7804,1.);
#7804 = DIRECTION('',(1.,0.));
#7805 = ( GEOMETRIC_REPRESENTATION_CONTEXT(2) 
PARAMETRIC_REPRESENTATION_CONTEXT() REPRESENTATION_CONTEXT('2D SPACE',''
  ) );
#7806 = PCURVE('',#7382,#7807);
#7807 = DEFINITIONAL_REPRESENTATION('',(#7808),#7812);
#7808 = LINE('',#7809,#7810);
#7809 = CARTESIAN_POINT('',(27.683566743362,9.838383903786));
#7810 = VECTOR('',#7811,1.);
#7811 = DIRECTION('',(-0.99962830651,-2.726259017756E-02));
#7812 = ( GEOMETRIC_REPRESENTATION_CONTEXT(2) 
PARAMETRIC_REPRESENTATION_CONTEXT() REPRESENTATION_CONTEXT('2D SPACE',''
  ) );
#7813 = ORIENTED_EDGE('',*,*,#7814,.F.);
#7814 = EDGE_CURVE('',#7539,#7792,#7815,.T.);
#7815 = SURFACE_CURVE('',#7816,(#7820,#7827),.PCURVE_S1.);
#7816 = LINE('',#7817,#7818);
#7817 = CARTESIAN_POINT('',(22.,17.2,0.));
#7818 = VECTOR('',#7819,1.);
#7819 = DIRECTION('',(0.,0.,1.));
#7820 = PCURVE('',#7408,#7821);
#7821 = DEFINITIONAL_REPRESENTATION('',(#7822),#7826);
#7822 = LINE('',#7823,#7824);
#7823 = CARTESIAN_POINT('',(22.008180297335,0.));
#7824 = VECTOR('',#7825,1.);
#7825 = DIRECTION('',(0.,-1.));
#7826 = ( GEOMETRIC_REPRESENTATION_CONTEXT(2) 
PARAMETRIC_REPRESENTATION_CONTEXT() REPRESENTATION_CONTEXT('2D SPACE',''
  ) );
#7827 = PCURVE('',#7577,#7828);
#7828 = DEFINITIONAL_REPRESENTATION('',(#7829),#7833);
#7829 = LINE('',#7830,#7831);
#7830 = CARTESIAN_POINT('',(0.,0.));
#7831 = VECTOR('',#7832,1.);
#7832 = DIRECTION('',(0.,-1.));
#7833 = ( GEOMETRIC_REPRESENTATION_CONTEXT(2) 
PARAMETRIC_REPRESENTATION_CONTEXT() REPRESENTATION_CONTEXT('2D SPACE',''
  ) );
#7834 = ORIENTED_EDGE('',*,*,#7538,.F.);
#7835 = ADVANCED_FACE('',(#7836),#7382,.F.);
#7836 = FACE_BOUND('',#7837,.F.);
#7837 = EDGE_LOOP('',(#7838,#7839,#7840,#7841,#7864,#7887));
#7838 = ORIENTED_EDGE('',*,*,#7703,.F.);
#7839 = ORIENTED_EDGE('',*,*,#7366,.T.);
#7840 = ORIENTED_EDGE('',*,*,#7791,.T.);
#7841 = ORIENTED_EDGE('',*,*,#7842,.T.);
#7842 = EDGE_CURVE('',#7792,#7843,#7845,.T.);
#7843 = VERTEX_POINT('',#7844);
#7844 = CARTESIAN_POINT('',(44.,14.,2.4));
#7845 = SURFACE_CURVE('',#7846,(#7850,#7857),.PCURVE_S1.);
#7846 = LINE('',#7847,#7848);
#7847 = CARTESIAN_POINT('',(22.,17.2,2.4));
#7848 = VECTOR('',#7849,1.);
#7849 = DIRECTION('',(0.989586439285,-0.143939845714,0.));
#7850 = PCURVE('',#7382,#7851);
#7851 = DEFINITIONAL_REPRESENTATION('',(#7852),#7856);
#7852 = LINE('',#7853,#7854);
#7853 = CARTESIAN_POINT('',(5.683566743362,9.238383903786));
#7854 = VECTOR('',#7855,1.);
#7855 = DIRECTION('',(-0.989586439285,-0.143939845714));
#7856 = ( GEOMETRIC_REPRESENTATION_CONTEXT(2) 
PARAMETRIC_REPRESENTATION_CONTEXT() REPRESENTATION_CONTEXT('2D SPACE',''
  ) );
#7857 = PCURVE('',#7577,#7858);
#7858 = DEFINITIONAL_REPRESENTATION('',(#7859),#7863);
#7859 = LINE('',#7860,#7861);
#7860 = CARTESIAN_POINT('',(0.,-2.4));
#7861 = VECTOR('',#7862,1.);
#7862 = DIRECTION('',(1.,0.));
#7863 = ( GEOMETRIC_REPRESENTATION_CONTEXT(2) 
PARAMETRIC_REPRESENTATION_CONTEXT() REPRESENTATION_CONTEXT('2D SPACE',''
  ) );
#7864 = ORIENTED_EDGE('',*,*,#7865,.T.);
#7865 = EDGE_CURVE('',#7843,#7866,#7868,.T.);
#7866 = VERTEX_POINT('',#7867);
#7867 = CARTESIAN_POINT('',(60.,8.2,2.4));
#7868 = SURFACE_CURVE('',#7869,(#7873,#7880),.PCURVE_S1.);
#7869 = LINE('',#7870,#7871);
#7870 = CARTESIAN_POINT('',(44.,14.,2.4));
#7871 = VECTOR('',#7872,1.);
#7872 = DIRECTION('',(0.940136065162,-0.340799323621,0.));
#7873 = PCURVE('',#7382,#7874);
#7874 = DEFINITIONAL_REPRESENTATION('',(#7875),#7879);
#7875 = LINE('',#7876,#7877);
#7876 = CARTESIAN_POINT('',(-16.31643325663,6.038383903786));
#7877 = VECTOR('',#7878,1.);
#7878 = DIRECTION('',(-0.940136065162,-0.340799323621));
#7879 = ( GEOMETRIC_REPRESENTATION_CONTEXT(2) 
PARAMETRIC_REPRESENTATION_CONTEXT() REPRESENTATION_CONTEXT('2D SPACE',''
  ) );
#7880 = PCURVE('',#7605,#7881);
#7881 = DEFINITIONAL_REPRESENTATION('',(#7882),#7886);
#7882 = LINE('',#7883,#7884);
#7883 = CARTESIAN_POINT('',(0.,-2.4));
#7884 = VECTOR('',#7885,1.);
#7885 = DIRECTION('',(1.,0.));
#7886 = ( GEOMETRIC_REPRESENTATION_CONTEXT(2) 
PARAMETRIC_REPRESENTATION_CONTEXT() REPRESENTATION_CONTEXT('2D SPACE',''
  ) );
#7887 = ORIENTED_EDGE('',*,*,#7888,.T.);
#7888 = EDGE_CURVE('',#7866,#7704,#7889,.T.);
#7889 = SURFACE_CURVE('',#7890,(#7894,#7901),.PCURVE_S1.);
#7890 = LINE('',#7891,#7892);
#7891 = CARTESIAN_POINT('',(60.,8.2,2.4));
#7892 = VECTOR('',#7893,1.);
#7893 = DIRECTION('',(0.,-1.,0.));
#7894 = PCURVE('',#7382,#7895);
#7895 = DEFINITIONAL_REPRESENTATION('',(#7896),#7900);
#7896 = LINE('',#7897,#7898);
#7897 = CARTESIAN_POINT('',(-32.31643325663,0.238383903786));
#7898 = VECTOR('',#7899,1.);
#7899 = DIRECTION('',(0.,-1.));
#7900 = ( GEOMETRIC_REPRESENTATION_CONTEXT(2) 
PARAMETRIC_REPRESENTATION_CONTEXT() REPRESENTATION_CONTEXT('2D SPACE',''
  ) );
#7901 = PCURVE('',#7633,#7902);
#7902 = DEFINITIONAL_REPRESENTATION('',(#7903),#7907);
#7903 = LINE('',#7904,#7905);
#7904 = CARTESIAN_POINT('',(0.,-2.4));
#7905 = VECTOR('',#7906,1.);
#7906 = DIRECTION('',(1.,0.));
#7907 = ( GEOMETRIC_REPRESENTATION_CONTEXT(2) 
PARAMETRIC_REPRESENTATION_CONTEXT() REPRESENTATION_CONTEXT('2D SPACE',''
  ) );
#7908 = ADVANCED_FACE('',(#7909),#7440,.F.);
#7909 = FACE_BOUND('',#7910,.F.);
#7910 = EDGE_LOOP('',(#7911,#7941,#7962,#7963));
#7911 = ORIENTED_EDGE('',*,*,#7912,.T.);
#7912 = EDGE_CURVE('',#7913,#7915,#7917,.T.);
#7913 = VERTEX_POINT('',#7914);
#7914 = CARTESIAN_POINT('',(-28.,7.5,0.2));
#7915 = VERTEX_POINT('',#7916);
#7916 = CARTESIAN_POINT('',(-28.,7.5,2.2));
#7917 = SURFACE_CURVE('',#7918,(#7922,#7929),.PCURVE_S1.);
#7918 = LINE('',#7919,#7920);
#7919 = CARTESIAN_POINT('',(-28.,7.5,0.2));
#7920 = VECTOR('',#7921,1.);
#7921 = DIRECTION('',(0.,0.,1.));
#7922 = PCURVE('',#7440,#7923);
#7923 = DEFINITIONAL_REPRESENTATION('',(#7924),#7928);
#7924 = LINE('',#7925,#7926);
#7925 = CARTESIAN_POINT('',(0.,0.));
#7926 = VECTOR('',#7927,1.);
#7927 = DIRECTION('',(0.,-1.));
#7928 = ( GEOMETRIC_REPRESENTATION_CONTEXT(2) 
PARAMETRIC_REPRESENTATION_CONTEXT() REPRESENTATION_CONTEXT('2D SPACE',''
  ) );
#7929 = PCURVE('',#7930,#7935);
#7930 = PLANE('',#7931);
#7931 = AXIS2_PLACEMENT_3D('',#7932,#7933,#7934);
#7932 = CARTESIAN_POINT('',(-28.,17.5,0.2));
#7933 = DIRECTION('',(1.,0.,-0.));
#7934 = DIRECTION('',(0.,-1.,0.));
#7935 = DEFINITIONAL_REPRESENTATION('',(#7936),#7940);
#7936 = LINE('',#7937,#7938);
#7937 = CARTESIAN_POINT('',(10.,0.));
#7938 = VECTOR('',#7939,1.);
#7939 = DIRECTION('',(0.,-1.));
#7940 = ( GEOMETRIC_REPRESENTATION_CONTEXT(2) 
PARAMETRIC_REPRESENTATION_CONTEXT() REPRESENTATION_CONTEXT('2D SPACE',''
  ) );
#7941 = ORIENTED_EDGE('',*,*,#7942,.T.);
#7942 = EDGE_CURVE('',#7915,#7425,#7943,.T.);
#7943 = SURFACE_CURVE('',#7944,(#7948,#7955),.PCURVE_S1.);
#7944 = LINE('',#7945,#7946);
#7945 = CARTESIAN_POINT('',(-28.,7.5,2.2));
#7946 = VECTOR('',#7947,1.);
#7947 = DIRECTION('',(1.,0.,0.));
#7948 = PCURVE('',#7440,#7949);
#7949 = DEFINITIONAL_REPRESENTATION('',(#7950),#7954);
#7950 = LINE('',#7951,#7952);
#7951 = CARTESIAN_POINT('',(0.,-2.));
#7952 = VECTOR('',#7953,1.);
#7953 = DIRECTION('',(1.,0.));
#7954 = ( GEOMETRIC_REPRESENTATION_CONTEXT(2) 
PARAMETRIC_REPRESENTATION_CONTEXT() REPRESENTATION_CONTEXT('2D SPACE',''
  ) );
#7955 = PCURVE('',#7522,#7956);
#7956 = DEFINITIONAL_REPRESENTATION('',(#7957),#7961);
#7957 = LINE('',#7958,#7959);
#7958 = CARTESIAN_POINT('',(-14.,-5.));
#7959 = VECTOR('',#7960,1.);
#7960 = DIRECTION('',(1.,0.));
#7961 = ( GEOMETRIC_REPRESENTATION_CONTEXT(2) 
PARAMETRIC_REPRESENTATION_CONTEXT() REPRESENTATION_CONTEXT('2D SPACE',''
  ) );
#7962 = ORIENTED_EDGE('',*,*,#7422,.F.);
#7963 = ORIENTED_EDGE('',*,*,#7964,.F.);
#7964 = EDGE_CURVE('',#7913,#7423,#7965,.T.);
#7965 = SURFACE_CURVE('',#7966,(#7970,#7977),.PCURVE_S1.);
#7966 = LINE('',#7967,#7968);
#7967 = CARTESIAN_POINT('',(-28.,7.5,0.2));
#7968 = VECTOR('',#7969,1.);
#7969 = DIRECTION('',(1.,0.,0.));
#7970 = PCURVE('',#7440,#7971);
#7971 = DEFINITIONAL_REPRESENTATION('',(#7972),#7976);
#7972 = LINE('',#7973,#7974);
#7973 = CARTESIAN_POINT('',(0.,0.));
#7974 = VECTOR('',#7975,1.);
#7975 = DIRECTION('',(1.,0.));
#7976 = ( GEOMETRIC_REPRESENTATION_CONTEXT(2) 
PARAMETRIC_REPRESENTATION_CONTEXT() REPRESENTATION_CONTEXT('2D SPACE',''
  ) );
#7977 = PCURVE('',#7468,#7978);
#7978 = DEFINITIONAL_REPRESENTATION('',(#7979),#7983);
#7979 = LINE('',#7980,#7981);
#7980 = CARTESIAN_POINT('',(-14.,-5.));
#7981 = VECTOR('',#7982,1.);
#7982 = DIRECTION('',(1.,0.));
#7983 = ( GEOMETRIC_REPRESENTATION_CONTEXT(2) 
PARAMETRIC_REPRESENTATION_CONTEXT() REPRESENTATION_CONTEXT('2D SPACE',''
  ) );
#7984 = ADVANCED_FACE('',(#7985),#7522,.T.);
#7985 = FACE_BOUND('',#7986,.T.);
#7986 = EDGE_LOOP('',(#7987,#7988,#7989,#8012));
#7987 = ORIENTED_EDGE('',*,*,#7942,.T.);
#7988 = ORIENTED_EDGE('',*,*,#7508,.T.);
#7989 = ORIENTED_EDGE('',*,*,#7990,.T.);
#7990 = EDGE_CURVE('',#7481,#7991,#7993,.T.);
#7991 = VERTEX_POINT('',#7992);
#7992 = CARTESIAN_POINT('',(-28.,17.5,2.2));
#7993 = SURFACE_CURVE('',#7994,(#7998,#8005),.PCURVE_S1.);
#7994 = LINE('',#7995,#7996);
#7995 = CARTESIAN_POINT('',(0.,17.5,2.2));
#7996 = VECTOR('',#7997,1.);
#7997 = DIRECTION('',(-1.,0.,0.));
#7998 = PCURVE('',#7522,#7999);
#7999 = DEFINITIONAL_REPRESENTATION('',(#8000),#8004);
#8000 = LINE('',#8001,#8002);
#8001 = CARTESIAN_POINT('',(14.,5.));
#8002 = VECTOR('',#8003,1.);
#8003 = DIRECTION('',(-1.,0.));
#8004 = ( GEOMETRIC_REPRESENTATION_CONTEXT(2) 
PARAMETRIC_REPRESENTATION_CONTEXT() REPRESENTATION_CONTEXT('2D SPACE',''
  ) );
#8005 = PCURVE('',#7496,#8006);
#8006 = DEFINITIONAL_REPRESENTATION('',(#8007),#8011);
#8007 = LINE('',#8008,#8009);
#8008 = CARTESIAN_POINT('',(0.,-2.));
#8009 = VECTOR('',#8010,1.);
#8010 = DIRECTION('',(1.,0.));
#8011 = ( GEOMETRIC_REPRESENTATION_CONTEXT(2) 
PARAMETRIC_REPRESENTATION_CONTEXT() REPRESENTATION_CONTEXT('2D SPACE',''
  ) );
#8012 = ORIENTED_EDGE('',*,*,#8013,.T.);
#8013 = EDGE_CURVE('',#7991,#7915,#8014,.T.);
#8014 = SURFACE_CURVE('',#8015,(#8019,#8026),.PCURVE_S1.);
#8015 = LINE('',#8016,#8017);
#8016 = CARTESIAN_POINT('',(-28.,17.5,2.2));
#8017 = VECTOR('',#8018,1.);
#8018 = DIRECTION('',(0.,-1.,0.));
#8019 = PCURVE('',#7522,#8020);
#8020 = DEFINITIONAL_REPRESENTATION('',(#8021),#8025);
#8021 = LINE('',#8022,#8023);
#8022 = CARTESIAN_POINT('',(-14.,5.));
#8023 = VECTOR('',#8024,1.);
#8024 = DIRECTION('',(0.,-1.));
#8025 = ( GEOMETRIC_REPRESENTATION_CONTEXT(2) 
PARAMETRIC_REPRESENTATION_CONTEXT() REPRESENTATION_CONTEXT('2D SPACE',''
  ) );
#8026 = PCURVE('',#7930,#8027);
#8027 = DEFINITIONAL_REPRESENTATION('',(#8028),#8032);
#8028 = LINE('',#8029,#8030);
#8029 = CARTESIAN_POINT('',(0.,-2.));
#8030 = VECTOR('',#8031,1.);
#8031 = DIRECTION('',(1.,0.));
#8032 = ( GEOMETRIC_REPRESENTATION_CONTEXT(2) 
PARAMETRIC_REPRESENTATION_CONTEXT() REPRESENTATION_CONTEXT('2D SPACE',''
  ) );
#8033 = ADVANCED_FACE('',(#8034),#7496,.F.);
#8034 = FACE_BOUND('',#8035,.F.);
#8035 = EDGE_LOOP('',(#8036,#8037,#8038,#8061));
#8036 = ORIENTED_EDGE('',*,*,#7480,.T.);
#8037 = ORIENTED_EDGE('',*,*,#7990,.T.);
#8038 = ORIENTED_EDGE('',*,*,#8039,.F.);
#8039 = EDGE_CURVE('',#8040,#7991,#8042,.T.);
#8040 = VERTEX_POINT('',#8041);
#8041 = CARTESIAN_POINT('',(-28.,17.5,0.2));
#8042 = SURFACE_CURVE('',#8043,(#8047,#8054),.PCURVE_S1.);
#8043 = LINE('',#8044,#8045);
#8044 = CARTESIAN_POINT('',(-28.,17.5,0.2));
#8045 = VECTOR('',#8046,1.);
#8046 = DIRECTION('',(0.,0.,1.));
#8047 = PCURVE('',#7496,#8048);
#8048 = DEFINITIONAL_REPRESENTATION('',(#8049),#8053);
#8049 = LINE('',#8050,#8051);
#8050 = CARTESIAN_POINT('',(28.,0.));
#8051 = VECTOR('',#8052,1.);
#8052 = DIRECTION('',(0.,-1.));
#8053 = ( GEOMETRIC_REPRESENTATION_CONTEXT(2) 
PARAMETRIC_REPRESENTATION_CONTEXT() REPRESENTATION_CONTEXT('2D SPACE',''
  ) );
#8054 = PCURVE('',#7930,#8055);
#8055 = DEFINITIONAL_REPRESENTATION('',(#8056),#8060);
#8056 = LINE('',#8057,#8058);
#8057 = CARTESIAN_POINT('',(0.,0.));
#8058 = VECTOR('',#8059,1.);
#8059 = DIRECTION('',(0.,-1.));
#8060 = ( GEOMETRIC_REPRESENTATION_CONTEXT(2) 
PARAMETRIC_REPRESENTATION_CONTEXT() REPRESENTATION_CONTEXT('2D SPACE',''
  ) );
#8061 = ORIENTED_EDGE('',*,*,#8062,.F.);
#8062 = EDGE_CURVE('',#7453,#8040,#8063,.T.);
#8063 = SURFACE_CURVE('',#8064,(#8068,#8075),.PCURVE_S1.);
#8064 = LINE('',#8065,#8066);
#8065 = CARTESIAN_POINT('',(0.,17.5,0.2));
#8066 = VECTOR('',#8067,1.);
#8067 = DIRECTION('',(-1.,0.,0.));
#8068 = PCURVE('',#7496,#8069);
#8069 = DEFINITIONAL_REPRESENTATION('',(#8070),#8074);
#8070 = LINE('',#8071,#8072);
#8071 = CARTESIAN_POINT('',(0.,-0.));
#8072 = VECTOR('',#8073,1.);
#8073 = DIRECTION('',(1.,0.));
#8074 = ( GEOMETRIC_REPRESENTATION_CONTEXT(2) 
PARAMETRIC_REPRESENTATION_CONTEXT() REPRESENTATION_CONTEXT('2D SPACE',''
  ) );
#8075 = PCURVE('',#7468,#8076);
#8076 = DEFINITIONAL_REPRESENTATION('',(#8077),#8081);
#8077 = LINE('',#8078,#8079);
#8078 = CARTESIAN_POINT('',(14.,5.));
#8079 = VECTOR('',#8080,1.);
#8080 = DIRECTION('',(-1.,0.));
#8081 = ( GEOMETRIC_REPRESENTATION_CONTEXT(2) 
PARAMETRIC_REPRESENTATION_CONTEXT() REPRESENTATION_CONTEXT('2D SPACE',''
  ) );
#8082 = ADVANCED_FACE('',(#8083),#7468,.F.);
#8083 = FACE_BOUND('',#8084,.F.);
#8084 = EDGE_LOOP('',(#8085,#8086,#8087,#8088));
#8085 = ORIENTED_EDGE('',*,*,#7964,.T.);
#8086 = ORIENTED_EDGE('',*,*,#7452,.T.);
#8087 = ORIENTED_EDGE('',*,*,#8062,.T.);
#8088 = ORIENTED_EDGE('',*,*,#8089,.T.);
#8089 = EDGE_CURVE('',#8040,#7913,#8090,.T.);
#8090 = SURFACE_CURVE('',#8091,(#8095,#8102),.PCURVE_S1.);
#8091 = LINE('',#8092,#8093);
#8092 = CARTESIAN_POINT('',(-28.,17.5,0.2));
#8093 = VECTOR('',#8094,1.);
#8094 = DIRECTION('',(0.,-1.,0.));
#8095 = PCURVE('',#7468,#8096);
#8096 = DEFINITIONAL_REPRESENTATION('',(#8097),#8101);
#8097 = LINE('',#8098,#8099);
#8098 = CARTESIAN_POINT('',(-14.,5.));
#8099 = VECTOR('',#8100,1.);
#8100 = DIRECTION('',(0.,-1.));
#8101 = ( GEOMETRIC_REPRESENTATION_CONTEXT(2) 
PARAMETRIC_REPRESENTATION_CONTEXT() REPRESENTATION_CONTEXT('2D SPACE',''
  ) );
#8102 = PCURVE('',#7930,#8103);
#8103 = DEFINITIONAL_REPRESENTATION('',(#8104),#8108);
#8104 = LINE('',#8105,#8106);
#8105 = CARTESIAN_POINT('',(0.,0.));
#8106 = VECTOR('',#8107,1.);
#8107 = DIRECTION('',(1.,0.));
#8108 = ( GEOMETRIC_REPRESENTATION_CONTEXT(2) 
PARAMETRIC_REPRESENTATION_CONTEXT() REPRESENTATION_CONTEXT('2D SPACE',''
  ) );
#8109 = ADVANCED_FACE('',(#8110),#7577,.T.);
#8110 = FACE_BOUND('',#8111,.T.);
#8111 = EDGE_LOOP('',(#8112,#8113,#8114,#8135));
#8112 = ORIENTED_EDGE('',*,*,#7814,.T.);
#8113 = ORIENTED_EDGE('',*,*,#7842,.T.);
#8114 = ORIENTED_EDGE('',*,*,#8115,.F.);
#8115 = EDGE_CURVE('',#7562,#7843,#8116,.T.);
#8116 = SURFACE_CURVE('',#8117,(#8121,#8128),.PCURVE_S1.);
#8117 = LINE('',#8118,#8119);
#8118 = CARTESIAN_POINT('',(44.,14.,0.));
#8119 = VECTOR('',#8120,1.);
#8120 = DIRECTION('',(0.,0.,1.));
#8121 = PCURVE('',#7577,#8122);
#8122 = DEFINITIONAL_REPRESENTATION('',(#8123),#8127);
#8123 = LINE('',#8124,#8125);
#8124 = CARTESIAN_POINT('',(22.231509170544,0.));
#8125 = VECTOR('',#8126,1.);
#8126 = DIRECTION('',(0.,-1.));
#8127 = ( GEOMETRIC_REPRESENTATION_CONTEXT(2) 
PARAMETRIC_REPRESENTATION_CONTEXT() REPRESENTATION_CONTEXT('2D SPACE',''
  ) );
#8128 = PCURVE('',#7605,#8129);
#8129 = DEFINITIONAL_REPRESENTATION('',(#8130),#8134);
#8130 = LINE('',#8131,#8132);
#8131 = CARTESIAN_POINT('',(0.,0.));
#8132 = VECTOR('',#8133,1.);
#8133 = DIRECTION('',(0.,-1.));
#8134 = ( GEOMETRIC_REPRESENTATION_CONTEXT(2) 
PARAMETRIC_REPRESENTATION_CONTEXT() REPRESENTATION_CONTEXT('2D SPACE',''
  ) );
#8135 = ORIENTED_EDGE('',*,*,#7561,.F.);
#8136 = ADVANCED_FACE('',(#8137),#7605,.T.);
#8137 = FACE_BOUND('',#8138,.T.);
#8138 = EDGE_LOOP('',(#8139,#8140,#8141,#8162));
#8139 = ORIENTED_EDGE('',*,*,#8115,.T.);
#8140 = ORIENTED_EDGE('',*,*,#7865,.T.);
#8141 = ORIENTED_EDGE('',*,*,#8142,.F.);
#8142 = EDGE_CURVE('',#7590,#7866,#8143,.T.);
#8143 = SURFACE_CURVE('',#8144,(#8148,#8155),.PCURVE_S1.);
#8144 = LINE('',#8145,#8146);
#8145 = CARTESIAN_POINT('',(60.,8.2,0.));
#8146 = VECTOR('',#8147,1.);
#8147 = DIRECTION('',(0.,0.,1.));
#8148 = PCURVE('',#7605,#8149);
#8149 = DEFINITIONAL_REPRESENTATION('',(#8150),#8154);
#8150 = LINE('',#8151,#8152);
#8151 = CARTESIAN_POINT('',(17.018813119604,0.));
#8152 = VECTOR('',#8153,1.);
#8153 = DIRECTION('',(0.,-1.));
#8154 = ( GEOMETRIC_REPRESENTATION_CONTEXT(2) 
PARAMETRIC_REPRESENTATION_CONTEXT() REPRESENTATION_CONTEXT('2D SPACE',''
  ) );
#8155 = PCURVE('',#7633,#8156);
#8156 = DEFINITIONAL_REPRESENTATION('',(#8157),#8161);
#8157 = LINE('',#8158,#8159);
#8158 = CARTESIAN_POINT('',(0.,0.));
#8159 = VECTOR('',#8160,1.);
#8160 = DIRECTION('',(0.,-1.));
#8161 = ( GEOMETRIC_REPRESENTATION_CONTEXT(2) 
PARAMETRIC_REPRESENTATION_CONTEXT() REPRESENTATION_CONTEXT('2D SPACE',''
  ) );
#8162 = ORIENTED_EDGE('',*,*,#7589,.F.);
#8163 = ADVANCED_FACE('',(#8164),#7633,.T.);
#8164 = FACE_BOUND('',#8165,.T.);
#8165 = EDGE_LOOP('',(#8166,#8167,#8168,#8169,#8170));
#8166 = ORIENTED_EDGE('',*,*,#7617,.F.);
#8167 = ORIENTED_EDGE('',*,*,#8142,.T.);
#8168 = ORIENTED_EDGE('',*,*,#7888,.T.);
#8169 = ORIENTED_EDGE('',*,*,#7726,.F.);
#8170 = ORIENTED_EDGE('',*,*,#8171,.F.);
#8171 = EDGE_CURVE('',#7618,#7727,#8172,.T.);
#8172 = SURFACE_CURVE('',#8173,(#8177,#8184),.PCURVE_S1.);
#8173 = LINE('',#8174,#8175);
#8174 = CARTESIAN_POINT('',(60.,2.4,0.));
#8175 = VECTOR('',#8176,1.);
#8176 = DIRECTION('',(0.,0.,1.));
#8177 = PCURVE('',#7633,#8178);
#8178 = DEFINITIONAL_REPRESENTATION('',(#8179),#8183);
#8179 = LINE('',#8180,#8181);
#8180 = CARTESIAN_POINT('',(5.8,0.));
#8181 = VECTOR('',#8182,1.);
#8182 = DIRECTION('',(0.,-1.));
#8183 = ( GEOMETRIC_REPRESENTATION_CONTEXT(2) 
PARAMETRIC_REPRESENTATION_CONTEXT() REPRESENTATION_CONTEXT('2D SPACE',''
  ) );
#8184 = PCURVE('',#7661,#8185);
#8185 = DEFINITIONAL_REPRESENTATION('',(#8186),#8190);
#8186 = LINE('',#8187,#8188);
#8187 = CARTESIAN_POINT('',(0.,0.));
#8188 = VECTOR('',#8189,1.);
#8189 = DIRECTION('',(0.,-1.));
#8190 = ( GEOMETRIC_REPRESENTATION_CONTEXT(2) 
PARAMETRIC_REPRESENTATION_CONTEXT() REPRESENTATION_CONTEXT('2D SPACE',''
  ) );
#8191 = ADVANCED_FACE('',(#8192),#7661,.T.);
#8192 = FACE_BOUND('',#8193,.T.);
#8193 = EDGE_LOOP('',(#8194,#8195,#8196,#8197));
#8194 = ORIENTED_EDGE('',*,*,#7645,.F.);
#8195 = ORIENTED_EDGE('',*,*,#8171,.T.);
#8196 = ORIENTED_EDGE('',*,*,#7747,.F.);
#8197 = ORIENTED_EDGE('',*,*,#8198,.F.);
#8198 = EDGE_CURVE('',#7646,#7748,#8199,.T.);
#8199 = SURFACE_CURVE('',#8200,(#8204,#8211),.PCURVE_S1.);
#8200 = LINE('',#8201,#8202);
#8201 = CARTESIAN_POINT('',(36.,0.5,0.));
#8202 = VECTOR('',#8203,1.);
#8203 = DIRECTION('',(0.,0.,1.));
#8204 = PCURVE('',#7661,#8205);
#8205 = DEFINITIONAL_REPRESENTATION('',(#8206),#8210);
#8206 = LINE('',#8207,#8208);
#8207 = CARTESIAN_POINT('',(24.075090861718,0.));
#8208 = VECTOR('',#8209,1.);
#8209 = DIRECTION('',(0.,-1.));
#8210 = ( GEOMETRIC_REPRESENTATION_CONTEXT(2) 
PARAMETRIC_REPRESENTATION_CONTEXT() REPRESENTATION_CONTEXT('2D SPACE',''
  ) );
#8211 = PCURVE('',#7687,#8212);
#8212 = DEFINITIONAL_REPRESENTATION('',(#8213),#8217);
#8213 = LINE('',#8214,#8215);
#8214 = CARTESIAN_POINT('',(0.,0.));
#8215 = VECTOR('',#8216,1.);
#8216 = DIRECTION('',(0.,-1.));
#8217 = ( GEOMETRIC_REPRESENTATION_CONTEXT(2) 
PARAMETRIC_REPRESENTATION_CONTEXT() REPRESENTATION_CONTEXT('2D SPACE',''
  ) );
#8218 = ADVANCED_FACE('',(#8219),#7687,.T.);
#8219 = FACE_BOUND('',#8220,.T.);
#8220 = EDGE_LOOP('',(#8221,#8222,#8223));
#8221 = ORIENTED_EDGE('',*,*,#7673,.F.);
#8222 = ORIENTED_EDGE('',*,*,#8198,.T.);
#8223 = ORIENTED_EDGE('',*,*,#7768,.F.);
#8224 = ADVANCED_FACE('',(#8225),#7930,.F.);
#8225 = FACE_BOUND('',#8226,.F.);
#8226 = EDGE_LOOP('',(#8227,#8228,#8229,#8230));
#8227 = ORIENTED_EDGE('',*,*,#8039,.T.);
#8228 = ORIENTED_EDGE('',*,*,#8013,.T.);
#8229 = ORIENTED_EDGE('',*,*,#7912,.F.);
#8230 = ORIENTED_EDGE('',*,*,#8089,.F.);
#8231 = ( GEOMETRIC_REPRESENTATION_CONTEXT(3) 
GLOBAL_UNCERTAINTY_ASSIGNED_CONTEXT((#8235)) 
GLOBAL_UNIT_ASSIGNED_CONTEXT((#8232,#8233,#8234)) REPRESENTATION_CONTEXT
('Context #1','3D Context with UNIT and UNCERTAINTY') );
#8232 = ( LENGTH_UNIT() NAMED_UNIT(*) SI_UNIT(.MILLI.,.METRE.) );
#8233 = ( NAMED_UNIT(*) PLANE_ANGLE_UNIT() SI_UNIT($,.RADIAN.) );
#8234 = ( NAMED_UNIT(*) SI_UNIT($,.STERADIAN.) SOLID_ANGLE_UNIT() );
#8235 = UNCERTAINTY_MEASURE_WITH_UNIT(LENGTH_MEASURE(1.E-07),#8232,
  'distance_accuracy_value','confusion accuracy');
#8236 = CONTEXT_DEPENDENT_SHAPE_REPRESENTATION(#8237,#8239);
#8237 = ( REPRESENTATION_RELATIONSHIP('','',#7298,#10) 
REPRESENTATION_RELATIONSHIP_WITH_TRANSFORMATION(#8238) 
SHAPE_REPRESENTATION_RELATIONSHIP() );
#8238 = ITEM_DEFINED_TRANSFORMATION('','',#11,#27);
#8239 = PRODUCT_DEFINITION_SHAPE('Placement','Placement of an item',
  #8240);
#8240 = NEXT_ASSEMBLY_USAGE_OCCURRENCE('4','04-nata','',#5,#7293,$);
#8241 = PRODUCT_RELATED_PRODUCT_CATEGORY('part',$,(#7295));
#8242 = SHAPE_DEFINITION_REPRESENTATION(#8243,#8249);
#8243 = PRODUCT_DEFINITION_SHAPE('','',#8244);
#8244 = PRODUCT_DEFINITION('design','',#8245,#8248);
#8245 = PRODUCT_DEFINITION_FORMATION('','',#8246);
#8246 = PRODUCT('05-saya','05-saya','',(#8247));
#8247 = PRODUCT_CONTEXT('',#2,'mechanical');
#8248 = PRODUCT_DEFINITION_CONTEXT('part definition',#2,'design');
#8249 = ADVANCED_BREP_SHAPE_REPRESENTATION('',(#11,#8250),#9490);
#8250 = MANIFOLD_SOLID_BREP('',#8251);
#8251 = CLOSED_SHELL('',(#8252,#8407,#8607,#8657,#8711,#8836,#8895,#8953
    ,#9011,#9038,#9065,#9178,#9276,#9326,#9376,#9423,#9453,#9480));
#8252 = ADVANCED_FACE('',(#8253,#8372),#8267,.F.);
#8253 = FACE_BOUND('',#8254,.F.);
#8254 = EDGE_LOOP('',(#8255,#8290,#8318,#8346));
#8255 = ORIENTED_EDGE('',*,*,#8256,.F.);
#8256 = EDGE_CURVE('',#8257,#8259,#8261,.T.);
#8257 = VERTEX_POINT('',#8258);
#8258 = CARTESIAN_POINT('',(-46.,-8.8,4.6));
#8259 = VERTEX_POINT('',#8260);
#8260 = CARTESIAN_POINT('',(-46.,8.8,4.6));
#8261 = SURFACE_CURVE('',#8262,(#8266,#8278),.PCURVE_S1.);
#8262 = LINE('',#8263,#8264);
#8263 = CARTESIAN_POINT('',(-46.,-10.,4.6));
#8264 = VECTOR('',#8265,1.);
#8265 = DIRECTION('',(0.,1.,0.));
#8266 = PCURVE('',#8267,#8272);
#8267 = PLANE('',#8268);
#8268 = AXIS2_PLACEMENT_3D('',#8269,#8270,#8271);
#8269 = CARTESIAN_POINT('',(-46.,-10.,-4.6));
#8270 = DIRECTION('',(1.,0.,0.));
#8271 = DIRECTION('',(0.,0.,1.));
#8272 = DEFINITIONAL_REPRESENTATION('',(#8273),#8277);
#8273 = LINE('',#8274,#8275);
#8274 = CARTESIAN_POINT('',(9.2,0.));
#8275 = VECTOR('',#8276,1.);
#8276 = DIRECTION('',(0.,-1.));
#8277 = ( GEOMETRIC_REPRESENTATION_CONTEXT(2) 
PARAMETRIC_REPRESENTATION_CONTEXT() REPRESENTATION_CONTEXT('2D SPACE',''
  ) );
#8278 = PCURVE('',#8279,#8284);
#8279 = PLANE('',#8280);
#8280 = AXIS2_PLACEMENT_3D('',#8281,#8282,#8283);
#8281 = CARTESIAN_POINT('',(-46.,-10.,4.6));
#8282 = DIRECTION('',(0.,0.,1.));
#8283 = DIRECTION('',(1.,0.,0.));
#8284 = DEFINITIONAL_REPRESENTATION('',(#8285),#8289);
#8285 = LINE('',#8286,#8287);
#8286 = CARTESIAN_POINT('',(0.,0.));
#8287 = VECTOR('',#8288,1.);
#8288 = DIRECTION('',(0.,1.));
#8289 = ( GEOMETRIC_REPRESENTATION_CONTEXT(2) 
PARAMETRIC_REPRESENTATION_CONTEXT() REPRESENTATION_CONTEXT('2D SPACE',''
  ) );
#8290 = ORIENTED_EDGE('',*,*,#8291,.F.);
#8291 = EDGE_CURVE('',#8292,#8257,#8294,.T.);
#8292 = VERTEX_POINT('',#8293);
#8293 = CARTESIAN_POINT('',(-46.,-8.8,-4.6));
#8294 = SURFACE_CURVE('',#8295,(#8299,#8306),.PCURVE_S1.);
#8295 = LINE('',#8296,#8297);
#8296 = CARTESIAN_POINT('',(-46.,-8.8,-4.6));
#8297 = VECTOR('',#8298,1.);
#8298 = DIRECTION('',(0.,0.,1.));
#8299 = PCURVE('',#8267,#8300);
#8300 = DEFINITIONAL_REPRESENTATION('',(#8301),#8305);
#8301 = LINE('',#8302,#8303);
#8302 = CARTESIAN_POINT('',(0.,-1.2));
#8303 = VECTOR('',#8304,1.);
#8304 = DIRECTION('',(1.,0.));
#8305 = ( GEOMETRIC_REPRESENTATION_CONTEXT(2) 
PARAMETRIC_REPRESENTATION_CONTEXT() REPRESENTATION_CONTEXT('2D SPACE',''
  ) );
#8306 = PCURVE('',#8307,#8312);
#8307 = CYLINDRICAL_SURFACE('',#8308,1.2);
#8308 = AXIS2_PLACEMENT_3D('',#8309,#8310,#8311);
#8309 = CARTESIAN_POINT('',(-44.8,-8.8,-4.6));
#8310 = DIRECTION('',(0.,0.,1.));
#8311 = DIRECTION('',(-1.,-0.,0.));
#8312 = DEFINITIONAL_REPRESENTATION('',(#8313),#8317);
#8313 = LINE('',#8314,#8315);
#8314 = CARTESIAN_POINT('',(0.,0.));
#8315 = VECTOR('',#8316,1.);
#8316 = DIRECTION('',(0.,1.));
#8317 = ( GEOMETRIC_REPRESENTATION_CONTEXT(2) 
PARAMETRIC_REPRESENTATION_CONTEXT() REPRESENTATION_CONTEXT('2D SPACE',''
  ) );
#8318 = ORIENTED_EDGE('',*,*,#8319,.T.);
#8319 = EDGE_CURVE('',#8292,#8320,#8322,.T.);
#8320 = VERTEX_POINT('',#8321);
#8321 = CARTESIAN_POINT('',(-46.,8.8,-4.6));
#8322 = SURFACE_CURVE('',#8323,(#8327,#8334),.PCURVE_S1.);
#8323 = LINE('',#8324,#8325);
#8324 = CARTESIAN_POINT('',(-46.,-10.,-4.6));
#8325 = VECTOR('',#8326,1.);
#8326 = DIRECTION('',(0.,1.,0.));
#8327 = PCURVE('',#8267,#8328);
#8328 = DEFINITIONAL_REPRESENTATION('',(#8329),#8333);
#8329 = LINE('',#8330,#8331);
#8330 = CARTESIAN_POINT('',(0.,0.));
#8331 = VECTOR('',#8332,1.);
#8332 = DIRECTION('',(0.,-1.));
#8333 = ( GEOMETRIC_REPRESENTATION_CONTEXT(2) 
PARAMETRIC_REPRESENTATION_CONTEXT() REPRESENTATION_CONTEXT('2D SPACE',''
  ) );
#8334 = PCURVE('',#8335,#8340);
#8335 = PLANE('',#8336);
#8336 = AXIS2_PLACEMENT_3D('',#8337,#8338,#8339);
#8337 = CARTESIAN_POINT('',(-46.,-10.,-4.6));
#8338 = DIRECTION('',(0.,0.,1.));
#8339 = DIRECTION('',(1.,0.,0.));
#8340 = DEFINITIONAL_REPRESENTATION('',(#8341),#8345);
#8341 = LINE('',#8342,#8343);
#8342 = CARTESIAN_POINT('',(0.,0.));
#8343 = VECTOR('',#8344,1.);
#8344 = DIRECTION('',(0.,1.));
#8345 = ( GEOMETRIC_REPRESENTATION_CONTEXT(2) 
PARAMETRIC_REPRESENTATION_CONTEXT() REPRESENTATION_CONTEXT('2D SPACE',''
  ) );
#8346 = ORIENTED_EDGE('',*,*,#8347,.T.);
#8347 = EDGE_CURVE('',#8320,#8259,#8348,.T.);
#8348 = SURFACE_CURVE('',#8349,(#8353,#8360),.PCURVE_S1.);
#8349 = LINE('',#8350,#8351);
#8350 = CARTESIAN_POINT('',(-46.,8.8,-4.6));
#8351 = VECTOR('',#8352,1.);
#8352 = DIRECTION('',(0.,0.,1.));
#8353 = PCURVE('',#8267,#8354);
#8354 = DEFINITIONAL_REPRESENTATION('',(#8355),#8359);
#8355 = LINE('',#8356,#8357);
#8356 = CARTESIAN_POINT('',(0.,-18.8));
#8357 = VECTOR('',#8358,1.);
#8358 = DIRECTION('',(1.,0.));
#8359 = ( GEOMETRIC_REPRESENTATION_CONTEXT(2) 
PARAMETRIC_REPRESENTATION_CONTEXT() REPRESENTATION_CONTEXT('2D SPACE',''
  ) );
#8360 = PCURVE('',#8361,#8366);
#8361 = CYLINDRICAL_SURFACE('',#8362,1.2);
#8362 = AXIS2_PLACEMENT_3D('',#8363,#8364,#8365);
#8363 = CARTESIAN_POINT('',(-44.8,8.8,-4.6));
#8364 = DIRECTION('',(0.,0.,1.));
#8365 = DIRECTION('',(-1.,-0.,0.));
#8366 = DEFINITIONAL_REPRESENTATION('',(#8367),#8371);
#8367 = LINE('',#8368,#8369);
#8368 = CARTESIAN_POINT('',(-0.,0.));
#8369 = VECTOR('',#8370,1.);
#8370 = DIRECTION('',(-0.,1.));
#8371 = ( GEOMETRIC_REPRESENTATION_CONTEXT(2) 
PARAMETRIC_REPRESENTATION_CONTEXT() REPRESENTATION_CONTEXT('2D SPACE',''
  ) );
#8372 = FACE_BOUND('',#8373,.F.);
#8373 = EDGE_LOOP('',(#8374));
#8374 = ORIENTED_EDGE('',*,*,#8375,.T.);
#8375 = EDGE_CURVE('',#8376,#8376,#8378,.T.);
#8376 = VERTEX_POINT('',#8377);
#8377 = CARTESIAN_POINT('',(-46.,-1.5,-3.673940397442E-16));
#8378 = SURFACE_CURVE('',#8379,(#8384,#8395),.PCURVE_S1.);
#8379 = CIRCLE('',#8380,1.5);
#8380 = AXIS2_PLACEMENT_3D('',#8381,#8382,#8383);
#8381 = CARTESIAN_POINT('',(-46.,0.,0.));
#8382 = DIRECTION('',(-1.,0.,0.));
#8383 = DIRECTION('',(0.,-1.,0.));
#8384 = PCURVE('',#8267,#8385);
#8385 = DEFINITIONAL_REPRESENTATION('',(#8386),#8394);
#8386 = ( BOUNDED_CURVE() B_SPLINE_CURVE(2,(#8387,#8388,#8389,#8390,
#8391,#8392,#8393),.UNSPECIFIED.,.T.,.F.) B_SPLINE_CURVE_WITH_KNOTS((1,2
    ,2,2,2,1),(-2.094395102393,0.,2.094395102393,4.188790204786,
6.28318530718,8.377580409573),.UNSPECIFIED.) CURVE() 
GEOMETRIC_REPRESENTATION_ITEM() RATIONAL_B_SPLINE_CURVE((1.,0.5,1.,0.5,
1.,0.5,1.)) REPRESENTATION_ITEM('') );
#8387 = CARTESIAN_POINT('',(4.6,-8.5));
#8388 = CARTESIAN_POINT('',(7.198076211353,-8.5));
#8389 = CARTESIAN_POINT('',(5.899038105677,-10.75));
#8390 = CARTESIAN_POINT('',(4.6,-13.));
#8391 = CARTESIAN_POINT('',(3.300961894323,-10.75));
#8392 = CARTESIAN_POINT('',(2.001923788647,-8.5));
#8393 = CARTESIAN_POINT('',(4.6,-8.5));
#8394 = ( GEOMETRIC_REPRESENTATION_CONTEXT(2) 
PARAMETRIC_REPRESENTATION_CONTEXT() REPRESENTATION_CONTEXT('2D SPACE',''
  ) );
#8395 = PCURVE('',#8396,#8401);
#8396 = CYLINDRICAL_SURFACE('',#8397,1.5);
#8397 = AXIS2_PLACEMENT_3D('',#8398,#8399,#8400);
#8398 = CARTESIAN_POINT('',(46.,0.,0.));
#8399 = DIRECTION('',(-1.,0.,0.));
#8400 = DIRECTION('',(0.,-1.,0.));
#8401 = DEFINITIONAL_REPRESENTATION('',(#8402),#8406);
#8402 = LINE('',#8403,#8404);
#8403 = CARTESIAN_POINT('',(0.,92.));
#8404 = VECTOR('',#8405,1.);
#8405 = DIRECTION('',(1.,0.));
#8406 = ( GEOMETRIC_REPRESENTATION_CONTEXT(2) 
PARAMETRIC_REPRESENTATION_CONTEXT() REPRESENTATION_CONTEXT('2D SPACE',''
  ) );
#8407 = ADVANCED_FACE('',(#8408),#8279,.T.);
#8408 = FACE_BOUND('',#8409,.T.);
#8409 = EDGE_LOOP('',(#8410,#8411,#8435,#8463,#8496,#8524,#8553,#8581));
#8410 = ORIENTED_EDGE('',*,*,#8256,.F.);
#8411 = ORIENTED_EDGE('',*,*,#8412,.T.);
#8412 = EDGE_CURVE('',#8257,#8413,#8415,.T.);
#8413 = VERTEX_POINT('',#8414);
#8414 = CARTESIAN_POINT('',(-44.8,-10.,4.6));
#8415 = SURFACE_CURVE('',#8416,(#8421,#8428),.PCURVE_S1.);
#8416 = CIRCLE('',#8417,1.2);
#8417 = AXIS2_PLACEMENT_3D('',#8418,#8419,#8420);
#8418 = CARTESIAN_POINT('',(-44.8,-8.8,4.6));
#8419 = DIRECTION('',(0.,0.,1.));
#8420 = DIRECTION('',(0.,-1.,0.));
#8421 = PCURVE('',#8279,#8422);
#8422 = DEFINITIONAL_REPRESENTATION('',(#8423),#8427);
#8423 = CIRCLE('',#8424,1.2);
#8424 = AXIS2_PLACEMENT_2D('',#8425,#8426);
#8425 = CARTESIAN_POINT('',(1.2,1.2));
#8426 = DIRECTION('',(0.,-1.));
#8427 = ( GEOMETRIC_REPRESENTATION_CONTEXT(2) 
PARAMETRIC_REPRESENTATION_CONTEXT() REPRESENTATION_CONTEXT('2D SPACE',''
  ) );
#8428 = PCURVE('',#8307,#8429);
#8429 = DEFINITIONAL_REPRESENTATION('',(#8430),#8434);
#8430 = LINE('',#8431,#8432);
#8431 = CARTESIAN_POINT('',(-4.712388980385,9.2));
#8432 = VECTOR('',#8433,1.);
#8433 = DIRECTION('',(1.,0.));
#8434 = ( GEOMETRIC_REPRESENTATION_CONTEXT(2) 
PARAMETRIC_REPRESENTATION_CONTEXT() REPRESENTATION_CONTEXT('2D SPACE',''
  ) );
#8435 = ORIENTED_EDGE('',*,*,#8436,.T.);
#8436 = EDGE_CURVE('',#8413,#8437,#8439,.T.);
#8437 = VERTEX_POINT('',#8438);
#8438 = CARTESIAN_POINT('',(44.8,-10.,4.6));
#8439 = SURFACE_CURVE('',#8440,(#8444,#8451),.PCURVE_S1.);
#8440 = LINE('',#8441,#8442);
#8441 = CARTESIAN_POINT('',(-46.,-10.,4.6));
#8442 = VECTOR('',#8443,1.);
#8443 = DIRECTION('',(1.,0.,0.));
#8444 = PCURVE('',#8279,#8445);
#8445 = DEFINITIONAL_REPRESENTATION('',(#8446),#8450);
#8446 = LINE('',#8447,#8448);
#8447 = CARTESIAN_POINT('',(0.,0.));
#8448 = VECTOR('',#8449,1.);
#8449 = DIRECTION('',(1.,0.));
#8450 = ( GEOMETRIC_REPRESENTATION_CONTEXT(2) 
PARAMETRIC_REPRESENTATION_CONTEXT() REPRESENTATION_CONTEXT('2D SPACE',''
  ) );
#8451 = PCURVE('',#8452,#8457);
#8452 = PLANE('',#8453);
#8453 = AXIS2_PLACEMENT_3D('',#8454,#8455,#8456);
#8454 = CARTESIAN_POINT('',(-46.,-10.,-4.6));
#8455 = DIRECTION('',(0.,1.,0.));
#8456 = DIRECTION('',(0.,0.,1.));
#8457 = DEFINITIONAL_REPRESENTATION('',(#8458),#8462);
#8458 = LINE('',#8459,#8460);
#8459 = CARTESIAN_POINT('',(9.2,0.));
#8460 = VECTOR('',#8461,1.);
#8461 = DIRECTION('',(0.,1.));
#8462 = ( GEOMETRIC_REPRESENTATION_CONTEXT(2) 
PARAMETRIC_REPRESENTATION_CONTEXT() REPRESENTATION_CONTEXT('2D SPACE',''
  ) );
#8463 = ORIENTED_EDGE('',*,*,#8464,.F.);
#8464 = EDGE_CURVE('',#8465,#8437,#8467,.T.);
#8465 = VERTEX_POINT('',#8466);
#8466 = CARTESIAN_POINT('',(46.,-8.8,4.6));
#8467 = SURFACE_CURVE('',#8468,(#8473,#8484),.PCURVE_S1.);
#8468 = CIRCLE('',#8469,1.2);
#8469 = AXIS2_PLACEMENT_3D('',#8470,#8471,#8472);
#8470 = CARTESIAN_POINT('',(44.8,-8.8,4.6));
#8471 = DIRECTION('',(-0.,-0.,-1.));
#8472 = DIRECTION('',(0.,-1.,0.));
#8473 = PCURVE('',#8279,#8474);
#8474 = DEFINITIONAL_REPRESENTATION('',(#8475),#8483);
#8475 = ( BOUNDED_CURVE() B_SPLINE_CURVE(2,(#8476,#8477,#8478,#8479,
#8480,#8481,#8482),.UNSPECIFIED.,.T.,.F.) B_SPLINE_CURVE_WITH_KNOTS((1,2
    ,2,2,2,1),(-2.094395102393,0.,2.094395102393,4.188790204786,
6.28318530718,8.377580409573),.UNSPECIFIED.) CURVE() 
GEOMETRIC_REPRESENTATION_ITEM() RATIONAL_B_SPLINE_CURVE((1.,0.5,1.,0.5,
1.,0.5,1.)) REPRESENTATION_ITEM('') );
#8476 = CARTESIAN_POINT('',(90.8,-6.661338147751E-16));
#8477 = CARTESIAN_POINT('',(88.721539030917,-6.661338147751E-16));
#8478 = CARTESIAN_POINT('',(89.760769515459,1.8));
#8479 = CARTESIAN_POINT('',(90.8,3.6));
#8480 = CARTESIAN_POINT('',(91.839230484541,1.8));
#8481 = CARTESIAN_POINT('',(92.878460969083,1.110223024625E-15));
#8482 = CARTESIAN_POINT('',(90.8,-6.661338147751E-16));
#8483 = ( GEOMETRIC_REPRESENTATION_CONTEXT(2) 
PARAMETRIC_REPRESENTATION_CONTEXT() REPRESENTATION_CONTEXT('2D SPACE',''
  ) );
#8484 = PCURVE('',#8485,#8490);
#8485 = CYLINDRICAL_SURFACE('',#8486,1.2);
#8486 = AXIS2_PLACEMENT_3D('',#8487,#8488,#8489);
#8487 = CARTESIAN_POINT('',(44.8,-8.8,-4.6));
#8488 = DIRECTION('',(0.,0.,1.));
#8489 = DIRECTION('',(1.,0.,-0.));
#8490 = DEFINITIONAL_REPRESENTATION('',(#8491),#8495);
#8491 = LINE('',#8492,#8493);
#8492 = CARTESIAN_POINT('',(4.712388980385,9.2));
#8493 = VECTOR('',#8494,1.);
#8494 = DIRECTION('',(-1.,0.));
#8495 = ( GEOMETRIC_REPRESENTATION_CONTEXT(2) 
PARAMETRIC_REPRESENTATION_CONTEXT() REPRESENTATION_CONTEXT('2D SPACE',''
  ) );
#8496 = ORIENTED_EDGE('',*,*,#8497,.T.);
#8497 = EDGE_CURVE('',#8465,#8498,#8500,.T.);
#8498 = VERTEX_POINT('',#8499);
#8499 = CARTESIAN_POINT('',(46.,8.8,4.6));
#8500 = SURFACE_CURVE('',#8501,(#8505,#8512),.PCURVE_S1.);
#8501 = LINE('',#8502,#8503);
#8502 = CARTESIAN_POINT('',(46.,-10.,4.6));
#8503 = VECTOR('',#8504,1.);
#8504 = DIRECTION('',(0.,1.,0.));
#8505 = PCURVE('',#8279,#8506);
#8506 = DEFINITIONAL_REPRESENTATION('',(#8507),#8511);
#8507 = LINE('',#8508,#8509);
#8508 = CARTESIAN_POINT('',(92.,0.));
#8509 = VECTOR('',#8510,1.);
#8510 = DIRECTION('',(0.,1.));
#8511 = ( GEOMETRIC_REPRESENTATION_CONTEXT(2) 
PARAMETRIC_REPRESENTATION_CONTEXT() REPRESENTATION_CONTEXT('2D SPACE',''
  ) );
#8512 = PCURVE('',#8513,#8518);
#8513 = PLANE('',#8514);
#8514 = AXIS2_PLACEMENT_3D('',#8515,#8516,#8517);
#8515 = CARTESIAN_POINT('',(46.,-10.,-4.6));
#8516 = DIRECTION('',(1.,0.,0.));
#8517 = DIRECTION('',(0.,0.,1.));
#8518 = DEFINITIONAL_REPRESENTATION('',(#8519),#8523);
#8519 = LINE('',#8520,#8521);
#8520 = CARTESIAN_POINT('',(9.2,0.));
#8521 = VECTOR('',#8522,1.);
#8522 = DIRECTION('',(0.,-1.));
#8523 = ( GEOMETRIC_REPRESENTATION_CONTEXT(2) 
PARAMETRIC_REPRESENTATION_CONTEXT() REPRESENTATION_CONTEXT('2D SPACE',''
  ) );
#8524 = ORIENTED_EDGE('',*,*,#8525,.T.);
#8525 = EDGE_CURVE('',#8498,#8526,#8528,.T.);
#8526 = VERTEX_POINT('',#8527);
#8527 = CARTESIAN_POINT('',(44.8,10.,4.6));
#8528 = SURFACE_CURVE('',#8529,(#8534,#8541),.PCURVE_S1.);
#8529 = CIRCLE('',#8530,1.2);
#8530 = AXIS2_PLACEMENT_3D('',#8531,#8532,#8533);
#8531 = CARTESIAN_POINT('',(44.8,8.8,4.6));
#8532 = DIRECTION('',(0.,0.,1.));
#8533 = DIRECTION('',(0.,-1.,0.));
#8534 = PCURVE('',#8279,#8535);
#8535 = DEFINITIONAL_REPRESENTATION('',(#8536),#8540);
#8536 = CIRCLE('',#8537,1.2);
#8537 = AXIS2_PLACEMENT_2D('',#8538,#8539);
#8538 = CARTESIAN_POINT('',(90.8,18.8));
#8539 = DIRECTION('',(0.,-1.));
#8540 = ( GEOMETRIC_REPRESENTATION_CONTEXT(2) 
PARAMETRIC_REPRESENTATION_CONTEXT() REPRESENTATION_CONTEXT('2D SPACE',''
  ) );
#8541 = PCURVE('',#8542,#8547);
#8542 = CYLINDRICAL_SURFACE('',#8543,1.2);
#8543 = AXIS2_PLACEMENT_3D('',#8544,#8545,#8546);
#8544 = CARTESIAN_POINT('',(44.8,8.8,-4.6));
#8545 = DIRECTION('',(0.,0.,1.));
#8546 = DIRECTION('',(1.,0.,-0.));
#8547 = DEFINITIONAL_REPRESENTATION('',(#8548),#8552);
#8548 = LINE('',#8549,#8550);
#8549 = CARTESIAN_POINT('',(-1.570796326795,9.2));
#8550 = VECTOR('',#8551,1.);
#8551 = DIRECTION('',(1.,0.));
#8552 = ( GEOMETRIC_REPRESENTATION_CONTEXT(2) 
PARAMETRIC_REPRESENTATION_CONTEXT() REPRESENTATION_CONTEXT('2D SPACE',''
  ) );
#8553 = ORIENTED_EDGE('',*,*,#8554,.F.);
#8554 = EDGE_CURVE('',#8555,#8526,#8557,.T.);
#8555 = VERTEX_POINT('',#8556);
#8556 = CARTESIAN_POINT('',(-44.8,10.,4.6));
#8557 = SURFACE_CURVE('',#8558,(#8562,#8569),.PCURVE_S1.);
#8558 = LINE('',#8559,#8560);
#8559 = CARTESIAN_POINT('',(-46.,10.,4.6));
#8560 = VECTOR('',#8561,1.);
#8561 = DIRECTION('',(1.,0.,0.));
#8562 = PCURVE('',#8279,#8563);
#8563 = DEFINITIONAL_REPRESENTATION('',(#8564),#8568);
#8564 = LINE('',#8565,#8566);
#8565 = CARTESIAN_POINT('',(0.,20.));
#8566 = VECTOR('',#8567,1.);
#8567 = DIRECTION('',(1.,0.));
#8568 = ( GEOMETRIC_REPRESENTATION_CONTEXT(2) 
PARAMETRIC_REPRESENTATION_CONTEXT() REPRESENTATION_CONTEXT('2D SPACE',''
  ) );
#8569 = PCURVE('',#8570,#8575);
#8570 = PLANE('',#8571);
#8571 = AXIS2_PLACEMENT_3D('',#8572,#8573,#8574);
#8572 = CARTESIAN_POINT('',(-46.,10.,-4.6));
#8573 = DIRECTION('',(0.,1.,0.));
#8574 = DIRECTION('',(0.,0.,1.));
#8575 = DEFINITIONAL_REPRESENTATION('',(#8576),#8580);
#8576 = LINE('',#8577,#8578);
#8577 = CARTESIAN_POINT('',(9.2,0.));
#8578 = VECTOR('',#8579,1.);
#8579 = DIRECTION('',(0.,1.));
#8580 = ( GEOMETRIC_REPRESENTATION_CONTEXT(2) 
PARAMETRIC_REPRESENTATION_CONTEXT() REPRESENTATION_CONTEXT('2D SPACE',''
  ) );
#8581 = ORIENTED_EDGE('',*,*,#8582,.F.);
#8582 = EDGE_CURVE('',#8259,#8555,#8583,.T.);
#8583 = SURFACE_CURVE('',#8584,(#8589,#8600),.PCURVE_S1.);
#8584 = CIRCLE('',#8585,1.2);
#8585 = AXIS2_PLACEMENT_3D('',#8586,#8587,#8588);
#8586 = CARTESIAN_POINT('',(-44.8,8.8,4.6));
#8587 = DIRECTION('',(-0.,-0.,-1.));
#8588 = DIRECTION('',(0.,-1.,0.));
#8589 = PCURVE('',#8279,#8590);
#8590 = DEFINITIONAL_REPRESENTATION('',(#8591),#8599);
#8591 = ( BOUNDED_CURVE() B_SPLINE_CURVE(2,(#8592,#8593,#8594,#8595,
#8596,#8597,#8598),.UNSPECIFIED.,.T.,.F.) B_SPLINE_CURVE_WITH_KNOTS((1,2
    ,2,2,2,1),(-2.094395102393,0.,2.094395102393,4.188790204786,
6.28318530718,8.377580409573),.UNSPECIFIED.) CURVE() 
GEOMETRIC_REPRESENTATION_ITEM() RATIONAL_B_SPLINE_CURVE((1.,0.5,1.,0.5,
1.,0.5,1.)) REPRESENTATION_ITEM('') );
#8592 = CARTESIAN_POINT('',(1.2,17.6));
#8593 = CARTESIAN_POINT('',(-0.878460969083,17.6));
#8594 = CARTESIAN_POINT('',(0.160769515459,19.4));
#8595 = CARTESIAN_POINT('',(1.2,21.2));
#8596 = CARTESIAN_POINT('',(2.239230484541,19.4));
#8597 = CARTESIAN_POINT('',(3.278460969083,17.6));
#8598 = CARTESIAN_POINT('',(1.2,17.6));
#8599 = ( GEOMETRIC_REPRESENTATION_CONTEXT(2) 
PARAMETRIC_REPRESENTATION_CONTEXT() REPRESENTATION_CONTEXT('2D SPACE',''
  ) );
#8600 = PCURVE('',#8361,#8601);
#8601 = DEFINITIONAL_REPRESENTATION('',(#8602),#8606);
#8602 = LINE('',#8603,#8604);
#8603 = CARTESIAN_POINT('',(1.570796326795,9.2));
#8604 = VECTOR('',#8605,1.);
#8605 = DIRECTION('',(-1.,0.));
#8606 = ( GEOMETRIC_REPRESENTATION_CONTEXT(2) 
PARAMETRIC_REPRESENTATION_CONTEXT() REPRESENTATION_CONTEXT('2D SPACE',''
  ) );
#8607 = ADVANCED_FACE('',(#8608),#8307,.T.);
#8608 = FACE_BOUND('',#8609,.T.);
#8609 = EDGE_LOOP('',(#8610,#8634,#8655,#8656));
#8610 = ORIENTED_EDGE('',*,*,#8611,.T.);
#8611 = EDGE_CURVE('',#8292,#8612,#8614,.T.);
#8612 = VERTEX_POINT('',#8613);
#8613 = CARTESIAN_POINT('',(-44.8,-10.,-4.6));
#8614 = SURFACE_CURVE('',#8615,(#8620,#8627),.PCURVE_S1.);
#8615 = CIRCLE('',#8616,1.2);
#8616 = AXIS2_PLACEMENT_3D('',#8617,#8618,#8619);
#8617 = CARTESIAN_POINT('',(-44.8,-8.8,-4.6));
#8618 = DIRECTION('',(0.,0.,1.));
#8619 = DIRECTION('',(0.,-1.,0.));
#8620 = PCURVE('',#8307,#8621);
#8621 = DEFINITIONAL_REPRESENTATION('',(#8622),#8626);
#8622 = LINE('',#8623,#8624);
#8623 = CARTESIAN_POINT('',(-4.712388980385,0.));
#8624 = VECTOR('',#8625,1.);
#8625 = DIRECTION('',(1.,0.));
#8626 = ( GEOMETRIC_REPRESENTATION_CONTEXT(2) 
PARAMETRIC_REPRESENTATION_CONTEXT() REPRESENTATION_CONTEXT('2D SPACE',''
  ) );
#8627 = PCURVE('',#8335,#8628);
#8628 = DEFINITIONAL_REPRESENTATION('',(#8629),#8633);
#8629 = CIRCLE('',#8630,1.2);
#8630 = AXIS2_PLACEMENT_2D('',#8631,#8632);
#8631 = CARTESIAN_POINT('',(1.2,1.2));
#8632 = DIRECTION('',(0.,-1.));
#8633 = ( GEOMETRIC_REPRESENTATION_CONTEXT(2) 
PARAMETRIC_REPRESENTATION_CONTEXT() REPRESENTATION_CONTEXT('2D SPACE',''
  ) );
#8634 = ORIENTED_EDGE('',*,*,#8635,.T.);
#8635 = EDGE_CURVE('',#8612,#8413,#8636,.T.);
#8636 = SURFACE_CURVE('',#8637,(#8641,#8648),.PCURVE_S1.);
#8637 = LINE('',#8638,#8639);
#8638 = CARTESIAN_POINT('',(-44.8,-10.,-4.6));
#8639 = VECTOR('',#8640,1.);
#8640 = DIRECTION('',(0.,0.,1.));
#8641 = PCURVE('',#8307,#8642);
#8642 = DEFINITIONAL_REPRESENTATION('',(#8643),#8647);
#8643 = LINE('',#8644,#8645);
#8644 = CARTESIAN_POINT('',(1.570796326795,0.));
#8645 = VECTOR('',#8646,1.);
#8646 = DIRECTION('',(0.,1.));
#8647 = ( GEOMETRIC_REPRESENTATION_CONTEXT(2) 
PARAMETRIC_REPRESENTATION_CONTEXT() REPRESENTATION_CONTEXT('2D SPACE',''
  ) );
#8648 = PCURVE('',#8452,#8649);
#8649 = DEFINITIONAL_REPRESENTATION('',(#8650),#8654);
#8650 = LINE('',#8651,#8652);
#8651 = CARTESIAN_POINT('',(0.,1.2));
#8652 = VECTOR('',#8653,1.);
#8653 = DIRECTION('',(1.,0.));
#8654 = ( GEOMETRIC_REPRESENTATION_CONTEXT(2) 
PARAMETRIC_REPRESENTATION_CONTEXT() REPRESENTATION_CONTEXT('2D SPACE',''
  ) );
#8655 = ORIENTED_EDGE('',*,*,#8412,.F.);
#8656 = ORIENTED_EDGE('',*,*,#8291,.F.);
#8657 = ADVANCED_FACE('',(#8658),#8361,.T.);
#8658 = FACE_BOUND('',#8659,.F.);
#8659 = EDGE_LOOP('',(#8660,#8688,#8709,#8710));
#8660 = ORIENTED_EDGE('',*,*,#8661,.T.);
#8661 = EDGE_CURVE('',#8320,#8662,#8664,.T.);
#8662 = VERTEX_POINT('',#8663);
#8663 = CARTESIAN_POINT('',(-44.8,10.,-4.6));
#8664 = SURFACE_CURVE('',#8665,(#8670,#8677),.PCURVE_S1.);
#8665 = CIRCLE('',#8666,1.2);
#8666 = AXIS2_PLACEMENT_3D('',#8667,#8668,#8669);
#8667 = CARTESIAN_POINT('',(-44.8,8.8,-4.6));
#8668 = DIRECTION('',(-0.,-0.,-1.));
#8669 = DIRECTION('',(0.,-1.,0.));
#8670 = PCURVE('',#8361,#8671);
#8671 = DEFINITIONAL_REPRESENTATION('',(#8672),#8676);
#8672 = LINE('',#8673,#8674);
#8673 = CARTESIAN_POINT('',(1.570796326795,-0.));
#8674 = VECTOR('',#8675,1.);
#8675 = DIRECTION('',(-1.,0.));
#8676 = ( GEOMETRIC_REPRESENTATION_CONTEXT(2) 
PARAMETRIC_REPRESENTATION_CONTEXT() REPRESENTATION_CONTEXT('2D SPACE',''
  ) );
#8677 = PCURVE('',#8335,#8678);
#8678 = DEFINITIONAL_REPRESENTATION('',(#8679),#8687);
#8679 = ( BOUNDED_CURVE() B_SPLINE_CURVE(2,(#8680,#8681,#8682,#8683,
#8684,#8685,#8686),.UNSPECIFIED.,.T.,.F.) B_SPLINE_CURVE_WITH_KNOTS((1,2
    ,2,2,2,1),(-2.094395102393,0.,2.094395102393,4.188790204786,
6.28318530718,8.377580409573),.UNSPECIFIED.) CURVE() 
GEOMETRIC_REPRESENTATION_ITEM() RATIONAL_B_SPLINE_CURVE((1.,0.5,1.,0.5,
1.,0.5,1.)) REPRESENTATION_ITEM('') );
#8680 = CARTESIAN_POINT('',(1.2,17.6));
#8681 = CARTESIAN_POINT('',(-0.878460969083,17.6));
#8682 = CARTESIAN_POINT('',(0.160769515459,19.4));
#8683 = CARTESIAN_POINT('',(1.2,21.2));
#8684 = CARTESIAN_POINT('',(2.239230484541,19.4));
#8685 = CARTESIAN_POINT('',(3.278460969083,17.6));
#8686 = CARTESIAN_POINT('',(1.2,17.6));
#8687 = ( GEOMETRIC_REPRESENTATION_CONTEXT(2) 
PARAMETRIC_REPRESENTATION_CONTEXT() REPRESENTATION_CONTEXT('2D SPACE',''
  ) );
#8688 = ORIENTED_EDGE('',*,*,#8689,.T.);
#8689 = EDGE_CURVE('',#8662,#8555,#8690,.T.);
#8690 = SURFACE_CURVE('',#8691,(#8695,#8702),.PCURVE_S1.);
#8691 = LINE('',#8692,#8693);
#8692 = CARTESIAN_POINT('',(-44.8,10.,-4.6));
#8693 = VECTOR('',#8694,1.);
#8694 = DIRECTION('',(0.,0.,1.));
#8695 = PCURVE('',#8361,#8696);
#8696 = DEFINITIONAL_REPRESENTATION('',(#8697),#8701);
#8697 = LINE('',#8698,#8699);
#8698 = CARTESIAN_POINT('',(-1.570796326795,0.));
#8699 = VECTOR('',#8700,1.);
#8700 = DIRECTION('',(-0.,1.));
#8701 = ( GEOMETRIC_REPRESENTATION_CONTEXT(2) 
PARAMETRIC_REPRESENTATION_CONTEXT() REPRESENTATION_CONTEXT('2D SPACE',''
  ) );
#8702 = PCURVE('',#8570,#8703);
#8703 = DEFINITIONAL_REPRESENTATION('',(#8704),#8708);
#8704 = LINE('',#8705,#8706);
#8705 = CARTESIAN_POINT('',(0.,1.2));
#8706 = VECTOR('',#8707,1.);
#8707 = DIRECTION('',(1.,0.));
#8708 = ( GEOMETRIC_REPRESENTATION_CONTEXT(2) 
PARAMETRIC_REPRESENTATION_CONTEXT() REPRESENTATION_CONTEXT('2D SPACE',''
  ) );
#8709 = ORIENTED_EDGE('',*,*,#8582,.F.);
#8710 = ORIENTED_EDGE('',*,*,#8347,.F.);
#8711 = ADVANCED_FACE('',(#8712),#8335,.F.);
#8712 = FACE_BOUND('',#8713,.F.);
#8713 = EDGE_LOOP('',(#8714,#8715,#8716,#8739,#8767,#8790,#8814,#8835));
#8714 = ORIENTED_EDGE('',*,*,#8319,.F.);
#8715 = ORIENTED_EDGE('',*,*,#8611,.T.);
#8716 = ORIENTED_EDGE('',*,*,#8717,.T.);
#8717 = EDGE_CURVE('',#8612,#8718,#8720,.T.);
#8718 = VERTEX_POINT('',#8719);
#8719 = CARTESIAN_POINT('',(44.8,-10.,-4.6));
#8720 = SURFACE_CURVE('',#8721,(#8725,#8732),.PCURVE_S1.);
#8721 = LINE('',#8722,#8723);
#8722 = CARTESIAN_POINT('',(-46.,-10.,-4.6));
#8723 = VECTOR('',#8724,1.);
#8724 = DIRECTION('',(1.,0.,0.));
#8725 = PCURVE('',#8335,#8726);
#8726 = DEFINITIONAL_REPRESENTATION('',(#8727),#8731);
#8727 = LINE('',#8728,#8729);
#8728 = CARTESIAN_POINT('',(0.,0.));
#8729 = VECTOR('',#8730,1.);
#8730 = DIRECTION('',(1.,0.));
#8731 = ( GEOMETRIC_REPRESENTATION_CONTEXT(2) 
PARAMETRIC_REPRESENTATION_CONTEXT() REPRESENTATION_CONTEXT('2D SPACE',''
  ) );
#8732 = PCURVE('',#8452,#8733);
#8733 = DEFINITIONAL_REPRESENTATION('',(#8734),#8738);
#8734 = LINE('',#8735,#8736);
#8735 = CARTESIAN_POINT('',(0.,0.));
#8736 = VECTOR('',#8737,1.);
#8737 = DIRECTION('',(0.,1.));
#8738 = ( GEOMETRIC_REPRESENTATION_CONTEXT(2) 
PARAMETRIC_REPRESENTATION_CONTEXT() REPRESENTATION_CONTEXT('2D SPACE',''
  ) );
#8739 = ORIENTED_EDGE('',*,*,#8740,.F.);
#8740 = EDGE_CURVE('',#8741,#8718,#8743,.T.);
#8741 = VERTEX_POINT('',#8742);
#8742 = CARTESIAN_POINT('',(46.,-8.8,-4.6));
#8743 = SURFACE_CURVE('',#8744,(#8749,#8760),.PCURVE_S1.);
#8744 = CIRCLE('',#8745,1.2);
#8745 = AXIS2_PLACEMENT_3D('',#8746,#8747,#8748);
#8746 = CARTESIAN_POINT('',(44.8,-8.8,-4.6));
#8747 = DIRECTION('',(-0.,-0.,-1.));
#8748 = DIRECTION('',(0.,-1.,0.));
#8749 = PCURVE('',#8335,#8750);
#8750 = DEFINITIONAL_REPRESENTATION('',(#8751),#8759);
#8751 = ( BOUNDED_CURVE() B_SPLINE_CURVE(2,(#8752,#8753,#8754,#8755,
#8756,#8757,#8758),.UNSPECIFIED.,.T.,.F.) B_SPLINE_CURVE_WITH_KNOTS((1,2
    ,2,2,2,1),(-2.094395102393,0.,2.094395102393,4.188790204786,
6.28318530718,8.377580409573),.UNSPECIFIED.) CURVE() 
GEOMETRIC_REPRESENTATION_ITEM() RATIONAL_B_SPLINE_CURVE((1.,0.5,1.,0.5,
1.,0.5,1.)) REPRESENTATION_ITEM('') );
#8752 = CARTESIAN_POINT('',(90.8,-6.661338147751E-16));
#8753 = CARTESIAN_POINT('',(88.721539030917,-6.661338147751E-16));
#8754 = CARTESIAN_POINT('',(89.760769515459,1.8));
#8755 = CARTESIAN_POINT('',(90.8,3.6));
#8756 = CARTESIAN_POINT('',(91.839230484541,1.8));
#8757 = CARTESIAN_POINT('',(92.878460969083,1.110223024625E-15));
#8758 = CARTESIAN_POINT('',(90.8,-6.661338147751E-16));
#8759 = ( GEOMETRIC_REPRESENTATION_CONTEXT(2) 
PARAMETRIC_REPRESENTATION_CONTEXT() REPRESENTATION_CONTEXT('2D SPACE',''
  ) );
#8760 = PCURVE('',#8485,#8761);
#8761 = DEFINITIONAL_REPRESENTATION('',(#8762),#8766);
#8762 = LINE('',#8763,#8764);
#8763 = CARTESIAN_POINT('',(4.712388980385,-0.));
#8764 = VECTOR('',#8765,1.);
#8765 = DIRECTION('',(-1.,0.));
#8766 = ( GEOMETRIC_REPRESENTATION_CONTEXT(2) 
PARAMETRIC_REPRESENTATION_CONTEXT() REPRESENTATION_CONTEXT('2D SPACE',''
  ) );
#8767 = ORIENTED_EDGE('',*,*,#8768,.T.);
#8768 = EDGE_CURVE('',#8741,#8769,#8771,.T.);
#8769 = VERTEX_POINT('',#8770);
#8770 = CARTESIAN_POINT('',(46.,8.8,-4.6));
#8771 = SURFACE_CURVE('',#8772,(#8776,#8783),.PCURVE_S1.);
#8772 = LINE('',#8773,#8774);
#8773 = CARTESIAN_POINT('',(46.,-10.,-4.6));
#8774 = VECTOR('',#8775,1.);
#8775 = DIRECTION('',(0.,1.,0.));
#8776 = PCURVE('',#8335,#8777);
#8777 = DEFINITIONAL_REPRESENTATION('',(#8778),#8782);
#8778 = LINE('',#8779,#8780);
#8779 = CARTESIAN_POINT('',(92.,0.));
#8780 = VECTOR('',#8781,1.);
#8781 = DIRECTION('',(0.,1.));
#8782 = ( GEOMETRIC_REPRESENTATION_CONTEXT(2) 
PARAMETRIC_REPRESENTATION_CONTEXT() REPRESENTATION_CONTEXT('2D SPACE',''
  ) );
#8783 = PCURVE('',#8513,#8784);
#8784 = DEFINITIONAL_REPRESENTATION('',(#8785),#8789);
#8785 = LINE('',#8786,#8787);
#8786 = CARTESIAN_POINT('',(0.,0.));
#8787 = VECTOR('',#8788,1.);
#8788 = DIRECTION('',(0.,-1.));
#8789 = ( GEOMETRIC_REPRESENTATION_CONTEXT(2) 
PARAMETRIC_REPRESENTATION_CONTEXT() REPRESENTATION_CONTEXT('2D SPACE',''
  ) );
#8790 = ORIENTED_EDGE('',*,*,#8791,.T.);
#8791 = EDGE_CURVE('',#8769,#8792,#8794,.T.);
#8792 = VERTEX_POINT('',#8793);
#8793 = CARTESIAN_POINT('',(44.8,10.,-4.6));
#8794 = SURFACE_CURVE('',#8795,(#8800,#8807),.PCURVE_S1.);
#8795 = CIRCLE('',#8796,1.2);
#8796 = AXIS2_PLACEMENT_3D('',#8797,#8798,#8799);
#8797 = CARTESIAN_POINT('',(44.8,8.8,-4.6));
#8798 = DIRECTION('',(0.,0.,1.));
#8799 = DIRECTION('',(0.,-1.,0.));
#8800 = PCURVE('',#8335,#8801);
#8801 = DEFINITIONAL_REPRESENTATION('',(#8802),#8806);
#8802 = CIRCLE('',#8803,1.2);
#8803 = AXIS2_PLACEMENT_2D('',#8804,#8805);
#8804 = CARTESIAN_POINT('',(90.8,18.8));
#8805 = DIRECTION('',(0.,-1.));
#8806 = ( GEOMETRIC_REPRESENTATION_CONTEXT(2) 
PARAMETRIC_REPRESENTATION_CONTEXT() REPRESENTATION_CONTEXT('2D SPACE',''
  ) );
#8807 = PCURVE('',#8542,#8808);
#8808 = DEFINITIONAL_REPRESENTATION('',(#8809),#8813);
#8809 = LINE('',#8810,#8811);
#8810 = CARTESIAN_POINT('',(-1.570796326795,0.));
#8811 = VECTOR('',#8812,1.);
#8812 = DIRECTION('',(1.,0.));
#8813 = ( GEOMETRIC_REPRESENTATION_CONTEXT(2) 
PARAMETRIC_REPRESENTATION_CONTEXT() REPRESENTATION_CONTEXT('2D SPACE',''
  ) );
#8814 = ORIENTED_EDGE('',*,*,#8815,.F.);
#8815 = EDGE_CURVE('',#8662,#8792,#8816,.T.);
#8816 = SURFACE_CURVE('',#8817,(#8821,#8828),.PCURVE_S1.);
#8817 = LINE('',#8818,#8819);
#8818 = CARTESIAN_POINT('',(-46.,10.,-4.6));
#8819 = VECTOR('',#8820,1.);
#8820 = DIRECTION('',(1.,0.,0.));
#8821 = PCURVE('',#8335,#8822);
#8822 = DEFINITIONAL_REPRESENTATION('',(#8823),#8827);
#8823 = LINE('',#8824,#8825);
#8824 = CARTESIAN_POINT('',(0.,20.));
#8825 = VECTOR('',#8826,1.);
#8826 = DIRECTION('',(1.,0.));
#8827 = ( GEOMETRIC_REPRESENTATION_CONTEXT(2) 
PARAMETRIC_REPRESENTATION_CONTEXT() REPRESENTATION_CONTEXT('2D SPACE',''
  ) );
#8828 = PCURVE('',#8570,#8829);
#8829 = DEFINITIONAL_REPRESENTATION('',(#8830),#8834);
#8830 = LINE('',#8831,#8832);
#8831 = CARTESIAN_POINT('',(0.,0.));
#8832 = VECTOR('',#8833,1.);
#8833 = DIRECTION('',(0.,1.));
#8834 = ( GEOMETRIC_REPRESENTATION_CONTEXT(2) 
PARAMETRIC_REPRESENTATION_CONTEXT() REPRESENTATION_CONTEXT('2D SPACE',''
  ) );
#8835 = ORIENTED_EDGE('',*,*,#8661,.F.);
#8836 = ADVANCED_FACE('',(#8837),#8396,.F.);
#8837 = FACE_BOUND('',#8838,.F.);
#8838 = EDGE_LOOP('',(#8839,#8840,#8863,#8894));
#8839 = ORIENTED_EDGE('',*,*,#8375,.F.);
#8840 = ORIENTED_EDGE('',*,*,#8841,.F.);
#8841 = EDGE_CURVE('',#8842,#8376,#8844,.T.);
#8842 = VERTEX_POINT('',#8843);
#8843 = CARTESIAN_POINT('',(-42.2,-1.5,-3.673940397442E-16));
#8844 = SEAM_CURVE('',#8845,(#8849,#8856),.PCURVE_S1.);
#8845 = LINE('',#8846,#8847);
#8846 = CARTESIAN_POINT('',(46.,-1.5,-3.673940397442E-16));
#8847 = VECTOR('',#8848,1.);
#8848 = DIRECTION('',(-1.,0.,0.));
#8849 = PCURVE('',#8396,#8850);
#8850 = DEFINITIONAL_REPRESENTATION('',(#8851),#8855);
#8851 = LINE('',#8852,#8853);
#8852 = CARTESIAN_POINT('',(6.28318530718,-0.));
#8853 = VECTOR('',#8854,1.);
#8854 = DIRECTION('',(0.,1.));
#8855 = ( GEOMETRIC_REPRESENTATION_CONTEXT(2) 
PARAMETRIC_REPRESENTATION_CONTEXT() REPRESENTATION_CONTEXT('2D SPACE',''
  ) );
#8856 = PCURVE('',#8396,#8857);
#8857 = DEFINITIONAL_REPRESENTATION('',(#8858),#8862);
#8858 = LINE('',#8859,#8860);
#8859 = CARTESIAN_POINT('',(0.,-0.));
#8860 = VECTOR('',#8861,1.);
#8861 = DIRECTION('',(0.,1.));
#8862 = ( GEOMETRIC_REPRESENTATION_CONTEXT(2) 
PARAMETRIC_REPRESENTATION_CONTEXT() REPRESENTATION_CONTEXT('2D SPACE',''
  ) );
#8863 = ORIENTED_EDGE('',*,*,#8864,.T.);
#8864 = EDGE_CURVE('',#8842,#8842,#8865,.T.);
#8865 = SURFACE_CURVE('',#8866,(#8871,#8878),.PCURVE_S1.);
#8866 = CIRCLE('',#8867,1.5);
#8867 = AXIS2_PLACEMENT_3D('',#8868,#8869,#8870);
#8868 = CARTESIAN_POINT('',(-42.2,0.,0.));
#8869 = DIRECTION('',(-1.,0.,0.));
#8870 = DIRECTION('',(0.,-1.,0.));
#8871 = PCURVE('',#8396,#8872);
#8872 = DEFINITIONAL_REPRESENTATION('',(#8873),#8877);
#8873 = LINE('',#8874,#8875);
#8874 = CARTESIAN_POINT('',(0.,88.2));
#8875 = VECTOR('',#8876,1.);
#8876 = DIRECTION('',(1.,0.));
#8877 = ( GEOMETRIC_REPRESENTATION_CONTEXT(2) 
PARAMETRIC_REPRESENTATION_CONTEXT() REPRESENTATION_CONTEXT('2D SPACE',''
  ) );
#8878 = PCURVE('',#8879,#8884);
#8879 = PLANE('',#8880);
#8880 = AXIS2_PLACEMENT_3D('',#8881,#8882,#8883);
#8881 = CARTESIAN_POINT('',(-42.2,-8.2,-2.55));
#8882 = DIRECTION('',(1.,0.,0.));
#8883 = DIRECTION('',(0.,0.,1.));
#8884 = DEFINITIONAL_REPRESENTATION('',(#8885),#8893);
#8885 = ( BOUNDED_CURVE() B_SPLINE_CURVE(2,(#8886,#8887,#8888,#8889,
#8890,#8891,#8892),.UNSPECIFIED.,.T.,.F.) B_SPLINE_CURVE_WITH_KNOTS((1,2
    ,2,2,2,1),(-2.094395102393,0.,2.094395102393,4.188790204786,
6.28318530718,8.377580409573),.UNSPECIFIED.) CURVE() 
GEOMETRIC_REPRESENTATION_ITEM() RATIONAL_B_SPLINE_CURVE((1.,0.5,1.,0.5,
1.,0.5,1.)) REPRESENTATION_ITEM('') );
#8886 = CARTESIAN_POINT('',(2.55,-6.7));
#8887 = CARTESIAN_POINT('',(5.148076211353,-6.7));
#8888 = CARTESIAN_POINT('',(3.849038105677,-8.95));
#8889 = CARTESIAN_POINT('',(2.55,-11.2));
#8890 = CARTESIAN_POINT('',(1.250961894323,-8.95));
#8891 = CARTESIAN_POINT('',(-4.807621135332E-02,-6.7));
#8892 = CARTESIAN_POINT('',(2.55,-6.7));
#8893 = ( GEOMETRIC_REPRESENTATION_CONTEXT(2) 
PARAMETRIC_REPRESENTATION_CONTEXT() REPRESENTATION_CONTEXT('2D SPACE',''
  ) );
#8894 = ORIENTED_EDGE('',*,*,#8841,.T.);
#8895 = ADVANCED_FACE('',(#8896,#8922),#8452,.F.);
#8896 = FACE_BOUND('',#8897,.F.);
#8897 = EDGE_LOOP('',(#8898,#8899,#8900,#8901));
#8898 = ORIENTED_EDGE('',*,*,#8717,.F.);
#8899 = ORIENTED_EDGE('',*,*,#8635,.T.);
#8900 = ORIENTED_EDGE('',*,*,#8436,.T.);
#8901 = ORIENTED_EDGE('',*,*,#8902,.F.);
#8902 = EDGE_CURVE('',#8718,#8437,#8903,.T.);
#8903 = SURFACE_CURVE('',#8904,(#8908,#8915),.PCURVE_S1.);
#8904 = LINE('',#8905,#8906);
#8905 = CARTESIAN_POINT('',(44.8,-10.,-4.6));
#8906 = VECTOR('',#8907,1.);
#8907 = DIRECTION('',(0.,0.,1.));
#8908 = PCURVE('',#8452,#8909);
#8909 = DEFINITIONAL_REPRESENTATION('',(#8910),#8914);
#8910 = LINE('',#8911,#8912);
#8911 = CARTESIAN_POINT('',(0.,90.8));
#8912 = VECTOR('',#8913,1.);
#8913 = DIRECTION('',(1.,0.));
#8914 = ( GEOMETRIC_REPRESENTATION_CONTEXT(2) 
PARAMETRIC_REPRESENTATION_CONTEXT() REPRESENTATION_CONTEXT('2D SPACE',''
  ) );
#8915 = PCURVE('',#8485,#8916);
#8916 = DEFINITIONAL_REPRESENTATION('',(#8917),#8921);
#8917 = LINE('',#8918,#8919);
#8918 = CARTESIAN_POINT('',(-1.570796326795,0.));
#8919 = VECTOR('',#8920,1.);
#8920 = DIRECTION('',(-0.,1.));
#8921 = ( GEOMETRIC_REPRESENTATION_CONTEXT(2) 
PARAMETRIC_REPRESENTATION_CONTEXT() REPRESENTATION_CONTEXT('2D SPACE',''
  ) );
#8922 = FACE_BOUND('',#8923,.F.);
#8923 = EDGE_LOOP('',(#8924));
#8924 = ORIENTED_EDGE('',*,*,#8925,.F.);
#8925 = EDGE_CURVE('',#8926,#8926,#8928,.T.);
#8926 = VERTEX_POINT('',#8927);
#8927 = CARTESIAN_POINT('',(34.4,-10.,-3.918869757272E-16));
#8928 = SURFACE_CURVE('',#8929,(#8934,#8941),.PCURVE_S1.);
#8929 = CIRCLE('',#8930,1.6);
#8930 = AXIS2_PLACEMENT_3D('',#8931,#8932,#8933);
#8931 = CARTESIAN_POINT('',(36.,-10.,0.));
#8932 = DIRECTION('',(0.,1.,-0.));
#8933 = DIRECTION('',(-1.,0.,0.));
#8934 = PCURVE('',#8452,#8935);
#8935 = DEFINITIONAL_REPRESENTATION('',(#8936),#8940);
#8936 = CIRCLE('',#8937,1.6);
#8937 = AXIS2_PLACEMENT_2D('',#8938,#8939);
#8938 = CARTESIAN_POINT('',(4.6,82.));
#8939 = DIRECTION('',(0.,-1.));
#8940 = ( GEOMETRIC_REPRESENTATION_CONTEXT(2) 
PARAMETRIC_REPRESENTATION_CONTEXT() REPRESENTATION_CONTEXT('2D SPACE',''
  ) );
#8941 = PCURVE('',#8942,#8947);
#8942 = CYLINDRICAL_SURFACE('',#8943,1.6);
#8943 = AXIS2_PLACEMENT_3D('',#8944,#8945,#8946);
#8944 = CARTESIAN_POINT('',(36.,-10.,0.));
#8945 = DIRECTION('',(0.,1.,0.));
#8946 = DIRECTION('',(-1.,0.,0.));
#8947 = DEFINITIONAL_REPRESENTATION('',(#8948),#8952);
#8948 = LINE('',#8949,#8950);
#8949 = CARTESIAN_POINT('',(0.,0.));
#8950 = VECTOR('',#8951,1.);
#8951 = DIRECTION('',(1.,0.));
#8952 = ( GEOMETRIC_REPRESENTATION_CONTEXT(2) 
PARAMETRIC_REPRESENTATION_CONTEXT() REPRESENTATION_CONTEXT('2D SPACE',''
  ) );
#8953 = ADVANCED_FACE('',(#8954,#8980),#8570,.T.);
#8954 = FACE_BOUND('',#8955,.T.);
#8955 = EDGE_LOOP('',(#8956,#8957,#8958,#8959));
#8956 = ORIENTED_EDGE('',*,*,#8815,.F.);
#8957 = ORIENTED_EDGE('',*,*,#8689,.T.);
#8958 = ORIENTED_EDGE('',*,*,#8554,.T.);
#8959 = ORIENTED_EDGE('',*,*,#8960,.F.);
#8960 = EDGE_CURVE('',#8792,#8526,#8961,.T.);
#8961 = SURFACE_CURVE('',#8962,(#8966,#8973),.PCURVE_S1.);
#8962 = LINE('',#8963,#8964);
#8963 = CARTESIAN_POINT('',(44.8,10.,-4.6));
#8964 = VECTOR('',#8965,1.);
#8965 = DIRECTION('',(0.,0.,1.));
#8966 = PCURVE('',#8570,#8967);
#8967 = DEFINITIONAL_REPRESENTATION('',(#8968),#8972);
#8968 = LINE('',#8969,#8970);
#8969 = CARTESIAN_POINT('',(0.,90.8));
#8970 = VECTOR('',#8971,1.);
#8971 = DIRECTION('',(1.,0.));
#8972 = ( GEOMETRIC_REPRESENTATION_CONTEXT(2) 
PARAMETRIC_REPRESENTATION_CONTEXT() REPRESENTATION_CONTEXT('2D SPACE',''
  ) );
#8973 = PCURVE('',#8542,#8974);
#8974 = DEFINITIONAL_REPRESENTATION('',(#8975),#8979);
#8975 = LINE('',#8976,#8977);
#8976 = CARTESIAN_POINT('',(1.570796326795,0.));
#8977 = VECTOR('',#8978,1.);
#8978 = DIRECTION('',(0.,1.));
#8979 = ( GEOMETRIC_REPRESENTATION_CONTEXT(2) 
PARAMETRIC_REPRESENTATION_CONTEXT() REPRESENTATION_CONTEXT('2D SPACE',''
  ) );
#8980 = FACE_BOUND('',#8981,.T.);
#8981 = EDGE_LOOP('',(#8982));
#8982 = ORIENTED_EDGE('',*,*,#8983,.F.);
#8983 = EDGE_CURVE('',#8984,#8984,#8986,.T.);
#8984 = VERTEX_POINT('',#8985);
#8985 = CARTESIAN_POINT('',(34.4,10.,-3.918869757272E-16));
#8986 = SURFACE_CURVE('',#8987,(#8992,#8999),.PCURVE_S1.);
#8987 = CIRCLE('',#8988,1.6);
#8988 = AXIS2_PLACEMENT_3D('',#8989,#8990,#8991);
#8989 = CARTESIAN_POINT('',(36.,10.,0.));
#8990 = DIRECTION('',(0.,1.,0.));
#8991 = DIRECTION('',(-1.,0.,0.));
#8992 = PCURVE('',#8570,#8993);
#8993 = DEFINITIONAL_REPRESENTATION('',(#8994),#8998);
#8994 = CIRCLE('',#8995,1.6);
#8995 = AXIS2_PLACEMENT_2D('',#8996,#8997);
#8996 = CARTESIAN_POINT('',(4.6,82.));
#8997 = DIRECTION('',(0.,-1.));
#8998 = ( GEOMETRIC_REPRESENTATION_CONTEXT(2) 
PARAMETRIC_REPRESENTATION_CONTEXT() REPRESENTATION_CONTEXT('2D SPACE',''
  ) );
#8999 = PCURVE('',#9000,#9005);
#9000 = CYLINDRICAL_SURFACE('',#9001,1.6);
#9001 = AXIS2_PLACEMENT_3D('',#9002,#9003,#9004);
#9002 = CARTESIAN_POINT('',(36.,-10.,0.));
#9003 = DIRECTION('',(0.,1.,0.));
#9004 = DIRECTION('',(-1.,0.,0.));
#9005 = DEFINITIONAL_REPRESENTATION('',(#9006),#9010);
#9006 = LINE('',#9007,#9008);
#9007 = CARTESIAN_POINT('',(0.,20.));
#9008 = VECTOR('',#9009,1.);
#9009 = DIRECTION('',(1.,0.));
#9010 = ( GEOMETRIC_REPRESENTATION_CONTEXT(2) 
PARAMETRIC_REPRESENTATION_CONTEXT() REPRESENTATION_CONTEXT('2D SPACE',''
  ) );
#9011 = ADVANCED_FACE('',(#9012),#8485,.T.);
#9012 = FACE_BOUND('',#9013,.F.);
#9013 = EDGE_LOOP('',(#9014,#9015,#9016,#9017));
#9014 = ORIENTED_EDGE('',*,*,#8740,.T.);
#9015 = ORIENTED_EDGE('',*,*,#8902,.T.);
#9016 = ORIENTED_EDGE('',*,*,#8464,.F.);
#9017 = ORIENTED_EDGE('',*,*,#9018,.F.);
#9018 = EDGE_CURVE('',#8741,#8465,#9019,.T.);
#9019 = SURFACE_CURVE('',#9020,(#9024,#9031),.PCURVE_S1.);
#9020 = LINE('',#9021,#9022);
#9021 = CARTESIAN_POINT('',(46.,-8.8,-4.6));
#9022 = VECTOR('',#9023,1.);
#9023 = DIRECTION('',(0.,0.,1.));
#9024 = PCURVE('',#8485,#9025);
#9025 = DEFINITIONAL_REPRESENTATION('',(#9026),#9030);
#9026 = LINE('',#9027,#9028);
#9027 = CARTESIAN_POINT('',(-0.,0.));
#9028 = VECTOR('',#9029,1.);
#9029 = DIRECTION('',(-0.,1.));
#9030 = ( GEOMETRIC_REPRESENTATION_CONTEXT(2) 
PARAMETRIC_REPRESENTATION_CONTEXT() REPRESENTATION_CONTEXT('2D SPACE',''
  ) );
#9031 = PCURVE('',#8513,#9032);
#9032 = DEFINITIONAL_REPRESENTATION('',(#9033),#9037);
#9033 = LINE('',#9034,#9035);
#9034 = CARTESIAN_POINT('',(0.,-1.2));
#9035 = VECTOR('',#9036,1.);
#9036 = DIRECTION('',(1.,0.));
#9037 = ( GEOMETRIC_REPRESENTATION_CONTEXT(2) 
PARAMETRIC_REPRESENTATION_CONTEXT() REPRESENTATION_CONTEXT('2D SPACE',''
  ) );
#9038 = ADVANCED_FACE('',(#9039),#8542,.T.);
#9039 = FACE_BOUND('',#9040,.T.);
#9040 = EDGE_LOOP('',(#9041,#9042,#9043,#9044));
#9041 = ORIENTED_EDGE('',*,*,#8791,.T.);
#9042 = ORIENTED_EDGE('',*,*,#8960,.T.);
#9043 = ORIENTED_EDGE('',*,*,#8525,.F.);
#9044 = ORIENTED_EDGE('',*,*,#9045,.F.);
#9045 = EDGE_CURVE('',#8769,#8498,#9046,.T.);
#9046 = SURFACE_CURVE('',#9047,(#9051,#9058),.PCURVE_S1.);
#9047 = LINE('',#9048,#9049);
#9048 = CARTESIAN_POINT('',(46.,8.8,-4.6));
#9049 = VECTOR('',#9050,1.);
#9050 = DIRECTION('',(0.,0.,1.));
#9051 = PCURVE('',#8542,#9052);
#9052 = DEFINITIONAL_REPRESENTATION('',(#9053),#9057);
#9053 = LINE('',#9054,#9055);
#9054 = CARTESIAN_POINT('',(0.,0.));
#9055 = VECTOR('',#9056,1.);
#9056 = DIRECTION('',(0.,1.));
#9057 = ( GEOMETRIC_REPRESENTATION_CONTEXT(2) 
PARAMETRIC_REPRESENTATION_CONTEXT() REPRESENTATION_CONTEXT('2D SPACE',''
  ) );
#9058 = PCURVE('',#8513,#9059);
#9059 = DEFINITIONAL_REPRESENTATION('',(#9060),#9064);
#9060 = LINE('',#9061,#9062);
#9061 = CARTESIAN_POINT('',(0.,-18.8));
#9062 = VECTOR('',#9063,1.);
#9063 = DIRECTION('',(1.,0.));
#9064 = ( GEOMETRIC_REPRESENTATION_CONTEXT(2) 
PARAMETRIC_REPRESENTATION_CONTEXT() REPRESENTATION_CONTEXT('2D SPACE',''
  ) );
#9065 = ADVANCED_FACE('',(#9066,#9072),#8513,.T.);
#9066 = FACE_BOUND('',#9067,.T.);
#9067 = EDGE_LOOP('',(#9068,#9069,#9070,#9071));
#9068 = ORIENTED_EDGE('',*,*,#8497,.F.);
#9069 = ORIENTED_EDGE('',*,*,#9018,.F.);
#9070 = ORIENTED_EDGE('',*,*,#8768,.T.);
#9071 = ORIENTED_EDGE('',*,*,#9045,.T.);
#9072 = FACE_BOUND('',#9073,.T.);
#9073 = EDGE_LOOP('',(#9074,#9102,#9128,#9154));
#9074 = ORIENTED_EDGE('',*,*,#9075,.T.);
#9075 = EDGE_CURVE('',#9076,#9078,#9080,.T.);
#9076 = VERTEX_POINT('',#9077);
#9077 = CARTESIAN_POINT('',(46.,8.2,-2.55));
#9078 = VERTEX_POINT('',#9079);
#9079 = CARTESIAN_POINT('',(46.,-8.2,-2.55));
#9080 = SURFACE_CURVE('',#9081,(#9085,#9091),.PCURVE_S1.);
#9081 = LINE('',#9082,#9083);
#9082 = CARTESIAN_POINT('',(46.,-9.1,-2.55));
#9083 = VECTOR('',#9084,1.);
#9084 = DIRECTION('',(0.,-1.,0.));
#9085 = PCURVE('',#8513,#9086);
#9086 = DEFINITIONAL_REPRESENTATION('',(#9087),#9090);
#9087 = B_SPLINE_CURVE_WITH_KNOTS('',1,(#9088,#9089),.UNSPECIFIED.,.F.,
  .F.,(2,2),(-17.3,-0.9),.PIECEWISE_BEZIER_KNOTS.);
#9088 = CARTESIAN_POINT('',(2.05,-18.2));
#9089 = CARTESIAN_POINT('',(2.05,-1.8));
#9090 = ( GEOMETRIC_REPRESENTATION_CONTEXT(2) 
PARAMETRIC_REPRESENTATION_CONTEXT() REPRESENTATION_CONTEXT('2D SPACE',''
  ) );
#9091 = PCURVE('',#9092,#9097);
#9092 = PLANE('',#9093);
#9093 = AXIS2_PLACEMENT_3D('',#9094,#9095,#9096);
#9094 = CARTESIAN_POINT('',(-42.2,-8.2,-2.55));
#9095 = DIRECTION('',(0.,0.,1.));
#9096 = DIRECTION('',(1.,0.,0.));
#9097 = DEFINITIONAL_REPRESENTATION('',(#9098),#9101);
#9098 = B_SPLINE_CURVE_WITH_KNOTS('',1,(#9099,#9100),.UNSPECIFIED.,.F.,
  .F.,(2,2),(-17.3,-0.9),.PIECEWISE_BEZIER_KNOTS.);
#9099 = CARTESIAN_POINT('',(88.2,16.4));
#9100 = CARTESIAN_POINT('',(88.2,0.));
#9101 = ( GEOMETRIC_REPRESENTATION_CONTEXT(2) 
PARAMETRIC_REPRESENTATION_CONTEXT() REPRESENTATION_CONTEXT('2D SPACE',''
  ) );
#9102 = ORIENTED_EDGE('',*,*,#9103,.T.);
#9103 = EDGE_CURVE('',#9078,#9104,#9106,.T.);
#9104 = VERTEX_POINT('',#9105);
#9105 = CARTESIAN_POINT('',(46.,-8.2,2.85));
#9106 = SURFACE_CURVE('',#9107,(#9111,#9117),.PCURVE_S1.);
#9107 = LINE('',#9108,#9109);
#9108 = CARTESIAN_POINT('',(46.,-8.2,-3.575));
#9109 = VECTOR('',#9110,1.);
#9110 = DIRECTION('',(0.,0.,1.));
#9111 = PCURVE('',#8513,#9112);
#9112 = DEFINITIONAL_REPRESENTATION('',(#9113),#9116);
#9113 = B_SPLINE_CURVE_WITH_KNOTS('',1,(#9114,#9115),.UNSPECIFIED.,.F.,
  .F.,(2,2),(1.025,6.425),.PIECEWISE_BEZIER_KNOTS.);
#9114 = CARTESIAN_POINT('',(2.05,-1.8));
#9115 = CARTESIAN_POINT('',(7.45,-1.8));
#9116 = ( GEOMETRIC_REPRESENTATION_CONTEXT(2) 
PARAMETRIC_REPRESENTATION_CONTEXT() REPRESENTATION_CONTEXT('2D SPACE',''
  ) );
#9117 = PCURVE('',#9118,#9123);
#9118 = PLANE('',#9119);
#9119 = AXIS2_PLACEMENT_3D('',#9120,#9121,#9122);
#9120 = CARTESIAN_POINT('',(-42.2,-8.2,-2.55));
#9121 = DIRECTION('',(0.,1.,0.));
#9122 = DIRECTION('',(0.,0.,1.));
#9123 = DEFINITIONAL_REPRESENTATION('',(#9124),#9127);
#9124 = B_SPLINE_CURVE_WITH_KNOTS('',1,(#9125,#9126),.UNSPECIFIED.,.F.,
  .F.,(2,2),(1.025,6.425),.PIECEWISE_BEZIER_KNOTS.);
#9125 = CARTESIAN_POINT('',(0.,88.2));
#9126 = CARTESIAN_POINT('',(5.4,88.2));
#9127 = ( GEOMETRIC_REPRESENTATION_CONTEXT(2) 
PARAMETRIC_REPRESENTATION_CONTEXT() REPRESENTATION_CONTEXT('2D SPACE',''
  ) );
#9128 = ORIENTED_EDGE('',*,*,#9129,.F.);
#9129 = EDGE_CURVE('',#9130,#9104,#9132,.T.);
#9130 = VERTEX_POINT('',#9131);
#9131 = CARTESIAN_POINT('',(46.,8.2,2.85));
#9132 = SURFACE_CURVE('',#9133,(#9137,#9143),.PCURVE_S1.);
#9133 = LINE('',#9134,#9135);
#9134 = CARTESIAN_POINT('',(46.,-9.1,2.85));
#9135 = VECTOR('',#9136,1.);
#9136 = DIRECTION('',(0.,-1.,0.));
#9137 = PCURVE('',#8513,#9138);
#9138 = DEFINITIONAL_REPRESENTATION('',(#9139),#9142);
#9139 = B_SPLINE_CURVE_WITH_KNOTS('',1,(#9140,#9141),.UNSPECIFIED.,.F.,
  .F.,(2,2),(-17.3,-0.9),.PIECEWISE_BEZIER_KNOTS.);
#9140 = CARTESIAN_POINT('',(7.45,-18.2));
#9141 = CARTESIAN_POINT('',(7.45,-1.8));
#9142 = ( GEOMETRIC_REPRESENTATION_CONTEXT(2) 
PARAMETRIC_REPRESENTATION_CONTEXT() REPRESENTATION_CONTEXT('2D SPACE',''
  ) );
#9143 = PCURVE('',#9144,#9149);
#9144 = PLANE('',#9145);
#9145 = AXIS2_PLACEMENT_3D('',#9146,#9147,#9148);
#9146 = CARTESIAN_POINT('',(-42.2,-8.2,2.85));
#9147 = DIRECTION('',(0.,0.,1.));
#9148 = DIRECTION('',(1.,0.,0.));
#9149 = DEFINITIONAL_REPRESENTATION('',(#9150),#9153);
#9150 = B_SPLINE_CURVE_WITH_KNOTS('',1,(#9151,#9152),.UNSPECIFIED.,.F.,
  .F.,(2,2),(-17.3,-0.9),.PIECEWISE_BEZIER_KNOTS.);
#9151 = CARTESIAN_POINT('',(88.2,16.4));
#9152 = CARTESIAN_POINT('',(88.2,0.));
#9153 = ( GEOMETRIC_REPRESENTATION_CONTEXT(2) 
PARAMETRIC_REPRESENTATION_CONTEXT() REPRESENTATION_CONTEXT('2D SPACE',''
  ) );
#9154 = ORIENTED_EDGE('',*,*,#9155,.F.);
#9155 = EDGE_CURVE('',#9076,#9130,#9156,.T.);
#9156 = SURFACE_CURVE('',#9157,(#9161,#9167),.PCURVE_S1.);
#9157 = LINE('',#9158,#9159);
#9158 = CARTESIAN_POINT('',(46.,8.2,-3.575));
#9159 = VECTOR('',#9160,1.);
#9160 = DIRECTION('',(0.,0.,1.));
#9161 = PCURVE('',#8513,#9162);
#9162 = DEFINITIONAL_REPRESENTATION('',(#9163),#9166);
#9163 = B_SPLINE_CURVE_WITH_KNOTS('',1,(#9164,#9165),.UNSPECIFIED.,.F.,
  .F.,(2,2),(1.025,6.425),.PIECEWISE_BEZIER_KNOTS.);
#9164 = CARTESIAN_POINT('',(2.05,-18.2));
#9165 = CARTESIAN_POINT('',(7.45,-18.2));
#9166 = ( GEOMETRIC_REPRESENTATION_CONTEXT(2) 
PARAMETRIC_REPRESENTATION_CONTEXT() REPRESENTATION_CONTEXT('2D SPACE',''
  ) );
#9167 = PCURVE('',#9168,#9173);
#9168 = PLANE('',#9169);
#9169 = AXIS2_PLACEMENT_3D('',#9170,#9171,#9172);
#9170 = CARTESIAN_POINT('',(-42.2,8.2,-2.55));
#9171 = DIRECTION('',(0.,1.,0.));
#9172 = DIRECTION('',(0.,0.,1.));
#9173 = DEFINITIONAL_REPRESENTATION('',(#9174),#9177);
#9174 = B_SPLINE_CURVE_WITH_KNOTS('',1,(#9175,#9176),.UNSPECIFIED.,.F.,
  .F.,(2,2),(1.025,6.425),.PIECEWISE_BEZIER_KNOTS.);
#9175 = CARTESIAN_POINT('',(0.,88.2));
#9176 = CARTESIAN_POINT('',(5.4,88.2));
#9177 = ( GEOMETRIC_REPRESENTATION_CONTEXT(2) 
PARAMETRIC_REPRESENTATION_CONTEXT() REPRESENTATION_CONTEXT('2D SPACE',''
  ) );
#9178 = ADVANCED_FACE('',(#9179,#9273),#8879,.T.);
#9179 = FACE_BOUND('',#9180,.T.);
#9180 = EDGE_LOOP('',(#9181,#9206,#9229,#9252));
#9181 = ORIENTED_EDGE('',*,*,#9182,.F.);
#9182 = EDGE_CURVE('',#9183,#9185,#9187,.T.);
#9183 = VERTEX_POINT('',#9184);
#9184 = CARTESIAN_POINT('',(-42.2,-8.2,-2.55));
#9185 = VERTEX_POINT('',#9186);
#9186 = CARTESIAN_POINT('',(-42.2,-8.2,2.85));
#9187 = SURFACE_CURVE('',#9188,(#9192,#9199),.PCURVE_S1.);
#9188 = LINE('',#9189,#9190);
#9189 = CARTESIAN_POINT('',(-42.2,-8.2,-2.55));
#9190 = VECTOR('',#9191,1.);
#9191 = DIRECTION('',(0.,0.,1.));
#9192 = PCURVE('',#8879,#9193);
#9193 = DEFINITIONAL_REPRESENTATION('',(#9194),#9198);
#9194 = LINE('',#9195,#9196);
#9195 = CARTESIAN_POINT('',(0.,0.));
#9196 = VECTOR('',#9197,1.);
#9197 = DIRECTION('',(1.,0.));
#9198 = ( GEOMETRIC_REPRESENTATION_CONTEXT(2) 
PARAMETRIC_REPRESENTATION_CONTEXT() REPRESENTATION_CONTEXT('2D SPACE',''
  ) );
#9199 = PCURVE('',#9118,#9200);
#9200 = DEFINITIONAL_REPRESENTATION('',(#9201),#9205);
#9201 = LINE('',#9202,#9203);
#9202 = CARTESIAN_POINT('',(0.,0.));
#9203 = VECTOR('',#9204,1.);
#9204 = DIRECTION('',(1.,0.));
#9205 = ( GEOMETRIC_REPRESENTATION_CONTEXT(2) 
PARAMETRIC_REPRESENTATION_CONTEXT() REPRESENTATION_CONTEXT('2D SPACE',''
  ) );
#9206 = ORIENTED_EDGE('',*,*,#9207,.T.);
#9207 = EDGE_CURVE('',#9183,#9208,#9210,.T.);
#9208 = VERTEX_POINT('',#9209);
#9209 = CARTESIAN_POINT('',(-42.2,8.2,-2.55));
#9210 = SURFACE_CURVE('',#9211,(#9215,#9222),.PCURVE_S1.);
#9211 = LINE('',#9212,#9213);
#9212 = CARTESIAN_POINT('',(-42.2,-8.2,-2.55));
#9213 = VECTOR('',#9214,1.);
#9214 = DIRECTION('',(0.,1.,0.));
#9215 = PCURVE('',#8879,#9216);
#9216 = DEFINITIONAL_REPRESENTATION('',(#9217),#9221);
#9217 = LINE('',#9218,#9219);
#9218 = CARTESIAN_POINT('',(0.,0.));
#9219 = VECTOR('',#9220,1.);
#9220 = DIRECTION('',(0.,-1.));
#9221 = ( GEOMETRIC_REPRESENTATION_CONTEXT(2) 
PARAMETRIC_REPRESENTATION_CONTEXT() REPRESENTATION_CONTEXT('2D SPACE',''
  ) );
#9222 = PCURVE('',#9092,#9223);
#9223 = DEFINITIONAL_REPRESENTATION('',(#9224),#9228);
#9224 = LINE('',#9225,#9226);
#9225 = CARTESIAN_POINT('',(0.,0.));
#9226 = VECTOR('',#9227,1.);
#9227 = DIRECTION('',(0.,1.));
#9228 = ( GEOMETRIC_REPRESENTATION_CONTEXT(2) 
PARAMETRIC_REPRESENTATION_CONTEXT() REPRESENTATION_CONTEXT('2D SPACE',''
  ) );
#9229 = ORIENTED_EDGE('',*,*,#9230,.T.);
#9230 = EDGE_CURVE('',#9208,#9231,#9233,.T.);
#9231 = VERTEX_POINT('',#9232);
#9232 = CARTESIAN_POINT('',(-42.2,8.2,2.85));
#9233 = SURFACE_CURVE('',#9234,(#9238,#9245),.PCURVE_S1.);
#9234 = LINE('',#9235,#9236);
#9235 = CARTESIAN_POINT('',(-42.2,8.2,-2.55));
#9236 = VECTOR('',#9237,1.);
#9237 = DIRECTION('',(0.,0.,1.));
#9238 = PCURVE('',#8879,#9239);
#9239 = DEFINITIONAL_REPRESENTATION('',(#9240),#9244);
#9240 = LINE('',#9241,#9242);
#9241 = CARTESIAN_POINT('',(0.,-16.4));
#9242 = VECTOR('',#9243,1.);
#9243 = DIRECTION('',(1.,0.));
#9244 = ( GEOMETRIC_REPRESENTATION_CONTEXT(2) 
PARAMETRIC_REPRESENTATION_CONTEXT() REPRESENTATION_CONTEXT('2D SPACE',''
  ) );
#9245 = PCURVE('',#9168,#9246);
#9246 = DEFINITIONAL_REPRESENTATION('',(#9247),#9251);
#9247 = LINE('',#9248,#9249);
#9248 = CARTESIAN_POINT('',(0.,0.));
#9249 = VECTOR('',#9250,1.);
#9250 = DIRECTION('',(1.,0.));
#9251 = ( GEOMETRIC_REPRESENTATION_CONTEXT(2) 
PARAMETRIC_REPRESENTATION_CONTEXT() REPRESENTATION_CONTEXT('2D SPACE',''
  ) );
#9252 = ORIENTED_EDGE('',*,*,#9253,.F.);
#9253 = EDGE_CURVE('',#9185,#9231,#9254,.T.);
#9254 = SURFACE_CURVE('',#9255,(#9259,#9266),.PCURVE_S1.);
#9255 = LINE('',#9256,#9257);
#9256 = CARTESIAN_POINT('',(-42.2,-8.2,2.85));
#9257 = VECTOR('',#9258,1.);
#9258 = DIRECTION('',(0.,1.,0.));
#9259 = PCURVE('',#8879,#9260);
#9260 = DEFINITIONAL_REPRESENTATION('',(#9261),#9265);
#9261 = LINE('',#9262,#9263);
#9262 = CARTESIAN_POINT('',(5.4,0.));
#9263 = VECTOR('',#9264,1.);
#9264 = DIRECTION('',(0.,-1.));
#9265 = ( GEOMETRIC_REPRESENTATION_CONTEXT(2) 
PARAMETRIC_REPRESENTATION_CONTEXT() REPRESENTATION_CONTEXT('2D SPACE',''
  ) );
#9266 = PCURVE('',#9144,#9267);
#9267 = DEFINITIONAL_REPRESENTATION('',(#9268),#9272);
#9268 = LINE('',#9269,#9270);
#9269 = CARTESIAN_POINT('',(0.,0.));
#9270 = VECTOR('',#9271,1.);
#9271 = DIRECTION('',(0.,1.));
#9272 = ( GEOMETRIC_REPRESENTATION_CONTEXT(2) 
PARAMETRIC_REPRESENTATION_CONTEXT() REPRESENTATION_CONTEXT('2D SPACE',''
  ) );
#9273 = FACE_BOUND('',#9274,.T.);
#9274 = EDGE_LOOP('',(#9275));
#9275 = ORIENTED_EDGE('',*,*,#8864,.T.);
#9276 = ADVANCED_FACE('',(#9277),#8942,.F.);
#9277 = FACE_BOUND('',#9278,.F.);
#9278 = EDGE_LOOP('',(#9279,#9303,#9324,#9325));
#9279 = ORIENTED_EDGE('',*,*,#9280,.F.);
#9280 = EDGE_CURVE('',#9281,#9281,#9283,.T.);
#9281 = VERTEX_POINT('',#9282);
#9282 = CARTESIAN_POINT('',(34.4,-8.2,-3.918869757272E-16));
#9283 = SURFACE_CURVE('',#9284,(#9289,#9296),.PCURVE_S1.);
#9284 = CIRCLE('',#9285,1.6);
#9285 = AXIS2_PLACEMENT_3D('',#9286,#9287,#9288);
#9286 = CARTESIAN_POINT('',(36.,-8.2,0.));
#9287 = DIRECTION('',(0.,1.,0.));
#9288 = DIRECTION('',(-1.,0.,0.));
#9289 = PCURVE('',#8942,#9290);
#9290 = DEFINITIONAL_REPRESENTATION('',(#9291),#9295);
#9291 = LINE('',#9292,#9293);
#9292 = CARTESIAN_POINT('',(0.,1.8));
#9293 = VECTOR('',#9294,1.);
#9294 = DIRECTION('',(1.,0.));
#9295 = ( GEOMETRIC_REPRESENTATION_CONTEXT(2) 
PARAMETRIC_REPRESENTATION_CONTEXT() REPRESENTATION_CONTEXT('2D SPACE',''
  ) );
#9296 = PCURVE('',#9118,#9297);
#9297 = DEFINITIONAL_REPRESENTATION('',(#9298),#9302);
#9298 = CIRCLE('',#9299,1.6);
#9299 = AXIS2_PLACEMENT_2D('',#9300,#9301);
#9300 = CARTESIAN_POINT('',(2.55,78.2));
#9301 = DIRECTION('',(0.,-1.));
#9302 = ( GEOMETRIC_REPRESENTATION_CONTEXT(2) 
PARAMETRIC_REPRESENTATION_CONTEXT() REPRESENTATION_CONTEXT('2D SPACE',''
  ) );
#9303 = ORIENTED_EDGE('',*,*,#9304,.F.);
#9304 = EDGE_CURVE('',#8926,#9281,#9305,.T.);
#9305 = SEAM_CURVE('',#9306,(#9310,#9317),.PCURVE_S1.);
#9306 = LINE('',#9307,#9308);
#9307 = CARTESIAN_POINT('',(34.4,-10.,-3.918869757272E-16));
#9308 = VECTOR('',#9309,1.);
#9309 = DIRECTION('',(0.,1.,0.));
#9310 = PCURVE('',#8942,#9311);
#9311 = DEFINITIONAL_REPRESENTATION('',(#9312),#9316);
#9312 = LINE('',#9313,#9314);
#9313 = CARTESIAN_POINT('',(6.28318530718,-0.));
#9314 = VECTOR('',#9315,1.);
#9315 = DIRECTION('',(0.,1.));
#9316 = ( GEOMETRIC_REPRESENTATION_CONTEXT(2) 
PARAMETRIC_REPRESENTATION_CONTEXT() REPRESENTATION_CONTEXT('2D SPACE',''
  ) );
#9317 = PCURVE('',#8942,#9318);
#9318 = DEFINITIONAL_REPRESENTATION('',(#9319),#9323);
#9319 = LINE('',#9320,#9321);
#9320 = CARTESIAN_POINT('',(0.,-0.));
#9321 = VECTOR('',#9322,1.);
#9322 = DIRECTION('',(0.,1.));
#9323 = ( GEOMETRIC_REPRESENTATION_CONTEXT(2) 
PARAMETRIC_REPRESENTATION_CONTEXT() REPRESENTATION_CONTEXT('2D SPACE',''
  ) );
#9324 = ORIENTED_EDGE('',*,*,#8925,.T.);
#9325 = ORIENTED_EDGE('',*,*,#9304,.T.);
#9326 = ADVANCED_FACE('',(#9327),#9000,.F.);
#9327 = FACE_BOUND('',#9328,.F.);
#9328 = EDGE_LOOP('',(#9329,#9330,#9353,#9375));
#9329 = ORIENTED_EDGE('',*,*,#8983,.F.);
#9330 = ORIENTED_EDGE('',*,*,#9331,.F.);
#9331 = EDGE_CURVE('',#9332,#8984,#9334,.T.);
#9332 = VERTEX_POINT('',#9333);
#9333 = CARTESIAN_POINT('',(34.4,8.2,-3.918869757272E-16));
#9334 = SEAM_CURVE('',#9335,(#9339,#9346),.PCURVE_S1.);
#9335 = LINE('',#9336,#9337);
#9336 = CARTESIAN_POINT('',(34.4,-10.,-3.918869757272E-16));
#9337 = VECTOR('',#9338,1.);
#9338 = DIRECTION('',(0.,1.,0.));
#9339 = PCURVE('',#9000,#9340);
#9340 = DEFINITIONAL_REPRESENTATION('',(#9341),#9345);
#9341 = LINE('',#9342,#9343);
#9342 = CARTESIAN_POINT('',(6.28318530718,-0.));
#9343 = VECTOR('',#9344,1.);
#9344 = DIRECTION('',(0.,1.));
#9345 = ( GEOMETRIC_REPRESENTATION_CONTEXT(2) 
PARAMETRIC_REPRESENTATION_CONTEXT() REPRESENTATION_CONTEXT('2D SPACE',''
  ) );
#9346 = PCURVE('',#9000,#9347);
#9347 = DEFINITIONAL_REPRESENTATION('',(#9348),#9352);
#9348 = LINE('',#9349,#9350);
#9349 = CARTESIAN_POINT('',(0.,-0.));
#9350 = VECTOR('',#9351,1.);
#9351 = DIRECTION('',(0.,1.));
#9352 = ( GEOMETRIC_REPRESENTATION_CONTEXT(2) 
PARAMETRIC_REPRESENTATION_CONTEXT() REPRESENTATION_CONTEXT('2D SPACE',''
  ) );
#9353 = ORIENTED_EDGE('',*,*,#9354,.T.);
#9354 = EDGE_CURVE('',#9332,#9332,#9355,.T.);
#9355 = SURFACE_CURVE('',#9356,(#9361,#9368),.PCURVE_S1.);
#9356 = CIRCLE('',#9357,1.6);
#9357 = AXIS2_PLACEMENT_3D('',#9358,#9359,#9360);
#9358 = CARTESIAN_POINT('',(36.,8.2,0.));
#9359 = DIRECTION('',(0.,1.,0.));
#9360 = DIRECTION('',(-1.,0.,0.));
#9361 = PCURVE('',#9000,#9362);
#9362 = DEFINITIONAL_REPRESENTATION('',(#9363),#9367);
#9363 = LINE('',#9364,#9365);
#9364 = CARTESIAN_POINT('',(0.,18.2));
#9365 = VECTOR('',#9366,1.);
#9366 = DIRECTION('',(1.,0.));
#9367 = ( GEOMETRIC_REPRESENTATION_CONTEXT(2) 
PARAMETRIC_REPRESENTATION_CONTEXT() REPRESENTATION_CONTEXT('2D SPACE',''
  ) );
#9368 = PCURVE('',#9168,#9369);
#9369 = DEFINITIONAL_REPRESENTATION('',(#9370),#9374);
#9370 = CIRCLE('',#9371,1.6);
#9371 = AXIS2_PLACEMENT_2D('',#9372,#9373);
#9372 = CARTESIAN_POINT('',(2.55,78.2));
#9373 = DIRECTION('',(0.,-1.));
#9374 = ( GEOMETRIC_REPRESENTATION_CONTEXT(2) 
PARAMETRIC_REPRESENTATION_CONTEXT() REPRESENTATION_CONTEXT('2D SPACE',''
  ) );
#9375 = ORIENTED_EDGE('',*,*,#9331,.T.);
#9376 = ADVANCED_FACE('',(#9377),#9092,.T.);
#9377 = FACE_BOUND('',#9378,.T.);
#9378 = EDGE_LOOP('',(#9379,#9400,#9401,#9422));
#9379 = ORIENTED_EDGE('',*,*,#9380,.F.);
#9380 = EDGE_CURVE('',#9208,#9076,#9381,.T.);
#9381 = SURFACE_CURVE('',#9382,(#9386,#9393),.PCURVE_S1.);
#9382 = LINE('',#9383,#9384);
#9383 = CARTESIAN_POINT('',(-42.2,8.2,-2.55));
#9384 = VECTOR('',#9385,1.);
#9385 = DIRECTION('',(1.,0.,0.));
#9386 = PCURVE('',#9092,#9387);
#9387 = DEFINITIONAL_REPRESENTATION('',(#9388),#9392);
#9388 = LINE('',#9389,#9390);
#9389 = CARTESIAN_POINT('',(0.,16.4));
#9390 = VECTOR('',#9391,1.);
#9391 = DIRECTION('',(1.,0.));
#9392 = ( GEOMETRIC_REPRESENTATION_CONTEXT(2) 
PARAMETRIC_REPRESENTATION_CONTEXT() REPRESENTATION_CONTEXT('2D SPACE',''
  ) );
#9393 = PCURVE('',#9168,#9394);
#9394 = DEFINITIONAL_REPRESENTATION('',(#9395),#9399);
#9395 = LINE('',#9396,#9397);
#9396 = CARTESIAN_POINT('',(0.,0.));
#9397 = VECTOR('',#9398,1.);
#9398 = DIRECTION('',(0.,1.));
#9399 = ( GEOMETRIC_REPRESENTATION_CONTEXT(2) 
PARAMETRIC_REPRESENTATION_CONTEXT() REPRESENTATION_CONTEXT('2D SPACE',''
  ) );
#9400 = ORIENTED_EDGE('',*,*,#9207,.F.);
#9401 = ORIENTED_EDGE('',*,*,#9402,.T.);
#9402 = EDGE_CURVE('',#9183,#9078,#9403,.T.);
#9403 = SURFACE_CURVE('',#9404,(#9408,#9415),.PCURVE_S1.);
#9404 = LINE('',#9405,#9406);
#9405 = CARTESIAN_POINT('',(-42.2,-8.2,-2.55));
#9406 = VECTOR('',#9407,1.);
#9407 = DIRECTION('',(1.,0.,0.));
#9408 = PCURVE('',#9092,#9409);
#9409 = DEFINITIONAL_REPRESENTATION('',(#9410),#9414);
#9410 = LINE('',#9411,#9412);
#9411 = CARTESIAN_POINT('',(0.,0.));
#9412 = VECTOR('',#9413,1.);
#9413 = DIRECTION('',(1.,0.));
#9414 = ( GEOMETRIC_REPRESENTATION_CONTEXT(2) 
PARAMETRIC_REPRESENTATION_CONTEXT() REPRESENTATION_CONTEXT('2D SPACE',''
  ) );
#9415 = PCURVE('',#9118,#9416);
#9416 = DEFINITIONAL_REPRESENTATION('',(#9417),#9421);
#9417 = LINE('',#9418,#9419);
#9418 = CARTESIAN_POINT('',(0.,0.));
#9419 = VECTOR('',#9420,1.);
#9420 = DIRECTION('',(0.,1.));
#9421 = ( GEOMETRIC_REPRESENTATION_CONTEXT(2) 
PARAMETRIC_REPRESENTATION_CONTEXT() REPRESENTATION_CONTEXT('2D SPACE',''
  ) );
#9422 = ORIENTED_EDGE('',*,*,#9075,.F.);
#9423 = ADVANCED_FACE('',(#9424,#9450),#9168,.F.);
#9424 = FACE_BOUND('',#9425,.F.);
#9425 = EDGE_LOOP('',(#9426,#9427,#9428,#9449));
#9426 = ORIENTED_EDGE('',*,*,#9380,.F.);
#9427 = ORIENTED_EDGE('',*,*,#9230,.T.);
#9428 = ORIENTED_EDGE('',*,*,#9429,.T.);
#9429 = EDGE_CURVE('',#9231,#9130,#9430,.T.);
#9430 = SURFACE_CURVE('',#9431,(#9435,#9442),.PCURVE_S1.);
#9431 = LINE('',#9432,#9433);
#9432 = CARTESIAN_POINT('',(-42.2,8.2,2.85));
#9433 = VECTOR('',#9434,1.);
#9434 = DIRECTION('',(1.,0.,0.));
#9435 = PCURVE('',#9168,#9436);
#9436 = DEFINITIONAL_REPRESENTATION('',(#9437),#9441);
#9437 = LINE('',#9438,#9439);
#9438 = CARTESIAN_POINT('',(5.4,0.));
#9439 = VECTOR('',#9440,1.);
#9440 = DIRECTION('',(0.,1.));
#9441 = ( GEOMETRIC_REPRESENTATION_CONTEXT(2) 
PARAMETRIC_REPRESENTATION_CONTEXT() REPRESENTATION_CONTEXT('2D SPACE',''
  ) );
#9442 = PCURVE('',#9144,#9443);
#9443 = DEFINITIONAL_REPRESENTATION('',(#9444),#9448);
#9444 = LINE('',#9445,#9446);
#9445 = CARTESIAN_POINT('',(0.,16.4));
#9446 = VECTOR('',#9447,1.);
#9447 = DIRECTION('',(1.,0.));
#9448 = ( GEOMETRIC_REPRESENTATION_CONTEXT(2) 
PARAMETRIC_REPRESENTATION_CONTEXT() REPRESENTATION_CONTEXT('2D SPACE',''
  ) );
#9449 = ORIENTED_EDGE('',*,*,#9155,.F.);
#9450 = FACE_BOUND('',#9451,.F.);
#9451 = EDGE_LOOP('',(#9452));
#9452 = ORIENTED_EDGE('',*,*,#9354,.F.);
#9453 = ADVANCED_FACE('',(#9454),#9144,.F.);
#9454 = FACE_BOUND('',#9455,.F.);
#9455 = EDGE_LOOP('',(#9456,#9457,#9458,#9479));
#9456 = ORIENTED_EDGE('',*,*,#9429,.F.);
#9457 = ORIENTED_EDGE('',*,*,#9253,.F.);
#9458 = ORIENTED_EDGE('',*,*,#9459,.T.);
#9459 = EDGE_CURVE('',#9185,#9104,#9460,.T.);
#9460 = SURFACE_CURVE('',#9461,(#9465,#9472),.PCURVE_S1.);
#9461 = LINE('',#9462,#9463);
#9462 = CARTESIAN_POINT('',(-42.2,-8.2,2.85));
#9463 = VECTOR('',#9464,1.);
#9464 = DIRECTION('',(1.,0.,0.));
#9465 = PCURVE('',#9144,#9466);
#9466 = DEFINITIONAL_REPRESENTATION('',(#9467),#9471);
#9467 = LINE('',#9468,#9469);
#9468 = CARTESIAN_POINT('',(0.,0.));
#9469 = VECTOR('',#9470,1.);
#9470 = DIRECTION('',(1.,0.));
#9471 = ( GEOMETRIC_REPRESENTATION_CONTEXT(2) 
PARAMETRIC_REPRESENTATION_CONTEXT() REPRESENTATION_CONTEXT('2D SPACE',''
  ) );
#9472 = PCURVE('',#9118,#9473);
#9473 = DEFINITIONAL_REPRESENTATION('',(#9474),#9478);
#9474 = LINE('',#9475,#9476);
#9475 = CARTESIAN_POINT('',(5.4,0.));
#9476 = VECTOR('',#9477,1.);
#9477 = DIRECTION('',(0.,1.));
#9478 = ( GEOMETRIC_REPRESENTATION_CONTEXT(2) 
PARAMETRIC_REPRESENTATION_CONTEXT() REPRESENTATION_CONTEXT('2D SPACE',''
  ) );
#9479 = ORIENTED_EDGE('',*,*,#9129,.F.);
#9480 = ADVANCED_FACE('',(#9481,#9487),#9118,.T.);
#9481 = FACE_BOUND('',#9482,.T.);
#9482 = EDGE_LOOP('',(#9483,#9484,#9485,#9486));
#9483 = ORIENTED_EDGE('',*,*,#9402,.F.);
#9484 = ORIENTED_EDGE('',*,*,#9182,.T.);
#9485 = ORIENTED_EDGE('',*,*,#9459,.T.);
#9486 = ORIENTED_EDGE('',*,*,#9103,.F.);
#9487 = FACE_BOUND('',#9488,.T.);
#9488 = EDGE_LOOP('',(#9489));
#9489 = ORIENTED_EDGE('',*,*,#9280,.F.);
#9490 = ( GEOMETRIC_REPRESENTATION_CONTEXT(3) 
GLOBAL_UNCERTAINTY_ASSIGNED_CONTEXT((#9494)) 
GLOBAL_UNIT_ASSIGNED_CONTEXT((#9491,#9492,#9493)) REPRESENTATION_CONTEXT
('Context #1','3D Context with UNIT and UNCERTAINTY') );
#9491 = ( LENGTH_UNIT() NAMED_UNIT(*) SI_UNIT(.MILLI.,.METRE.) );
#9492 = ( NAMED_UNIT(*) PLANE_ANGLE_UNIT() SI_UNIT($,.RADIAN.) );
#9493 = ( NAMED_UNIT(*) SI_UNIT($,.STERADIAN.) SOLID_ANGLE_UNIT() );
#9494 = UNCERTAINTY_MEASURE_WITH_UNIT(LENGTH_MEASURE(1.E-07),#9491,
  'distance_accuracy_value','confusion accuracy');
#9495 = CONTEXT_DEPENDENT_SHAPE_REPRESENTATION(#9496,#9498);
#9496 = ( REPRESENTATION_RELATIONSHIP('','',#8249,#10) 
REPRESENTATION_RELATIONSHIP_WITH_TRANSFORMATION(#9497) 
SHAPE_REPRESENTATION_RELATIONSHIP() );
#9497 = ITEM_DEFINED_TRANSFORMATION('','',#11,#31);
#9498 = PRODUCT_DEFINITION_SHAPE('Placement','Placement of an item',
  #9499);
#9499 = NEXT_ASSEMBLY_USAGE_OCCURRENCE('5','05-saya','',#5,#8244,$);
#9500 = PRODUCT_RELATED_PRODUCT_CATEGORY('part',$,(#8246));
#9501 = SHAPE_DEFINITION_REPRESENTATION(#9502,#9508);
#9502 = PRODUCT_DEFINITION_SHAPE('','',#9503);
#9503 = PRODUCT_DEFINITION('design','',#9504,#9507);
#9504 = PRODUCT_DEFINITION_FORMATION('','',#9505);
#9505 = PRODUCT('06-spike','06-spike','',(#9506));
#9506 = PRODUCT_CONTEXT('',#2,'mechanical');
#9507 = PRODUCT_DEFINITION_CONTEXT('part definition',#2,'design');
#9508 = ADVANCED_BREP_SHAPE_REPRESENTATION('',(#11,#9509),#10522);
#9509 = MANIFOLD_SOLID_BREP('',#9510);
#9510 = CLOSED_SHELL('',(#9511,#9599,#9634,#9638,#10316,#10351,#10452,
    #10457,#10462,#10514,#10518));
#9511 = ADVANCED_FACE('',(#9512),#9526,.T.);
#9512 = FACE_BOUND('',#9513,.T.);
#9513 = EDGE_LOOP('',(#9514,#9544,#9571,#9572));
#9514 = ORIENTED_EDGE('',*,*,#9515,.T.);
#9515 = EDGE_CURVE('',#9516,#9518,#9520,.T.);
#9516 = VERTEX_POINT('',#9517);
#9517 = CARTESIAN_POINT('',(-18.,4.1,0.));
#9518 = VERTEX_POINT('',#9519);
#9519 = CARTESIAN_POINT('',(-21.2,4.1,0.));
#9520 = SEAM_CURVE('',#9521,(#9525,#9537),.PCURVE_S1.);
#9521 = LINE('',#9522,#9523);
#9522 = CARTESIAN_POINT('',(-18.,4.1,0.));
#9523 = VECTOR('',#9524,1.);
#9524 = DIRECTION('',(-1.,-0.,-0.));
#9525 = PCURVE('',#9526,#9531);
#9526 = CYLINDRICAL_SURFACE('',#9527,4.1);
#9527 = AXIS2_PLACEMENT_3D('',#9528,#9529,#9530);
#9528 = CARTESIAN_POINT('',(-18.,0.,0.));
#9529 = DIRECTION('',(1.,0.,0.));
#9530 = DIRECTION('',(0.,1.,0.));
#9531 = DEFINITIONAL_REPRESENTATION('',(#9532),#9536);
#9532 = LINE('',#9533,#9534);
#9533 = CARTESIAN_POINT('',(0.,0.));
#9534 = VECTOR('',#9535,1.);
#9535 = DIRECTION('',(0.,-1.));
#9536 = ( GEOMETRIC_REPRESENTATION_CONTEXT(2) 
PARAMETRIC_REPRESENTATION_CONTEXT() REPRESENTATION_CONTEXT('2D SPACE',''
  ) );
#9537 = PCURVE('',#9526,#9538);
#9538 = DEFINITIONAL_REPRESENTATION('',(#9539),#9543);
#9539 = LINE('',#9540,#9541);
#9540 = CARTESIAN_POINT('',(6.28318530718,0.));
#9541 = VECTOR('',#9542,1.);
#9542 = DIRECTION('',(0.,-1.));
#9543 = ( GEOMETRIC_REPRESENTATION_CONTEXT(2) 
PARAMETRIC_REPRESENTATION_CONTEXT() REPRESENTATION_CONTEXT('2D SPACE',''
  ) );
#9544 = ORIENTED_EDGE('',*,*,#9545,.T.);
#9545 = EDGE_CURVE('',#9518,#9518,#9546,.T.);
#9546 = SURFACE_CURVE('',#9547,(#9552,#9559),.PCURVE_S1.);
#9547 = CIRCLE('',#9548,4.1);
#9548 = AXIS2_PLACEMENT_3D('',#9549,#9550,#9551);
#9549 = CARTESIAN_POINT('',(-21.2,0.,0.));
#9550 = DIRECTION('',(1.,0.,0.));
#9551 = DIRECTION('',(0.,1.,0.));
#9552 = PCURVE('',#9526,#9553);
#9553 = DEFINITIONAL_REPRESENTATION('',(#9554),#9558);
#9554 = LINE('',#9555,#9556);
#9555 = CARTESIAN_POINT('',(0.,-3.2));
#9556 = VECTOR('',#9557,1.);
#9557 = DIRECTION('',(1.,0.));
#9558 = ( GEOMETRIC_REPRESENTATION_CONTEXT(2) 
PARAMETRIC_REPRESENTATION_CONTEXT() REPRESENTATION_CONTEXT('2D SPACE',''
  ) );
#9559 = PCURVE('',#9560,#9565);
#9560 = PLANE('',#9561);
#9561 = AXIS2_PLACEMENT_3D('',#9562,#9563,#9564);
#9562 = CARTESIAN_POINT('',(-21.2,-1.667609917731E-16,1.661535876627E-16
    ));
#9563 = DIRECTION('',(1.,0.,0.));
#9564 = DIRECTION('',(-0.,0.,1.));
#9565 = DEFINITIONAL_REPRESENTATION('',(#9566),#9570);
#9566 = CIRCLE('',#9567,4.1);
#9567 = AXIS2_PLACEMENT_2D('',#9568,#9569);
#9568 = CARTESIAN_POINT('',(-1.661535876627E-16,-1.667609917731E-16));
#9569 = DIRECTION('',(0.,-1.));
#9570 = ( GEOMETRIC_REPRESENTATION_CONTEXT(2) 
PARAMETRIC_REPRESENTATION_CONTEXT() REPRESENTATION_CONTEXT('2D SPACE',''
  ) );
#9571 = ORIENTED_EDGE('',*,*,#9515,.F.);
#9572 = ORIENTED_EDGE('',*,*,#9573,.F.);
#9573 = EDGE_CURVE('',#9516,#9516,#9574,.T.);
#9574 = SURFACE_CURVE('',#9575,(#9580,#9587),.PCURVE_S1.);
#9575 = CIRCLE('',#9576,4.1);
#9576 = AXIS2_PLACEMENT_3D('',#9577,#9578,#9579);
#9577 = CARTESIAN_POINT('',(-18.,0.,0.));
#9578 = DIRECTION('',(1.,0.,0.));
#9579 = DIRECTION('',(0.,1.,0.));
#9580 = PCURVE('',#9526,#9581);
#9581 = DEFINITIONAL_REPRESENTATION('',(#9582),#9586);
#9582 = LINE('',#9583,#9584);
#9583 = CARTESIAN_POINT('',(0.,0.));
#9584 = VECTOR('',#9585,1.);
#9585 = DIRECTION('',(1.,0.));
#9586 = ( GEOMETRIC_REPRESENTATION_CONTEXT(2) 
PARAMETRIC_REPRESENTATION_CONTEXT() REPRESENTATION_CONTEXT('2D SPACE',''
  ) );
#9587 = PCURVE('',#9588,#9593);
#9588 = PLANE('',#9589);
#9589 = AXIS2_PLACEMENT_3D('',#9590,#9591,#9592);
#9590 = CARTESIAN_POINT('',(-18.,-1.667609917731E-16,1.661535876627E-16)
  );
#9591 = DIRECTION('',(1.,0.,0.));
#9592 = DIRECTION('',(-0.,0.,1.));
#9593 = DEFINITIONAL_REPRESENTATION('',(#9594),#9598);
#9594 = CIRCLE('',#9595,4.1);
#9595 = AXIS2_PLACEMENT_2D('',#9596,#9597);
#9596 = CARTESIAN_POINT('',(-1.661535876627E-16,-1.667609917731E-16));
#9597 = DIRECTION('',(0.,-1.));
#9598 = ( GEOMETRIC_REPRESENTATION_CONTEXT(2) 
PARAMETRIC_REPRESENTATION_CONTEXT() REPRESENTATION_CONTEXT('2D SPACE',''
  ) );
#9599 = ADVANCED_FACE('',(#9600,#9603),#9588,.T.);
#9600 = FACE_BOUND('',#9601,.T.);
#9601 = EDGE_LOOP('',(#9602));
#9602 = ORIENTED_EDGE('',*,*,#9573,.T.);
#9603 = FACE_BOUND('',#9604,.T.);
#9604 = EDGE_LOOP('',(#9605));
#9605 = ORIENTED_EDGE('',*,*,#9606,.F.);
#9606 = EDGE_CURVE('',#9607,#9607,#9609,.T.);
#9607 = VERTEX_POINT('',#9608);
#9608 = CARTESIAN_POINT('',(-18.,1.55,0.));
#9609 = SURFACE_CURVE('',#9610,(#9615,#9622),.PCURVE_S1.);
#9610 = CIRCLE('',#9611,1.55);
#9611 = AXIS2_PLACEMENT_3D('',#9612,#9613,#9614);
#9612 = CARTESIAN_POINT('',(-18.,0.,0.));
#9613 = DIRECTION('',(1.,0.,0.));
#9614 = DIRECTION('',(0.,1.,0.));
#9615 = PCURVE('',#9588,#9616);
#9616 = DEFINITIONAL_REPRESENTATION('',(#9617),#9621);
#9617 = CIRCLE('',#9618,1.55);
#9618 = AXIS2_PLACEMENT_2D('',#9619,#9620);
#9619 = CARTESIAN_POINT('',(-1.661535876627E-16,-1.667609917731E-16));
#9620 = DIRECTION('',(0.,-1.));
#9621 = ( GEOMETRIC_REPRESENTATION_CONTEXT(2) 
PARAMETRIC_REPRESENTATION_CONTEXT() REPRESENTATION_CONTEXT('2D SPACE',''
  ) );
#9622 = PCURVE('',#9623,#9628);
#9623 = CYLINDRICAL_SURFACE('',#9624,1.55);
#9624 = AXIS2_PLACEMENT_3D('',#9625,#9626,#9627);
#9625 = CARTESIAN_POINT('',(0.,0.,0.));
#9626 = DIRECTION('',(1.,0.,0.));
#9627 = DIRECTION('',(0.,1.,0.));
#9628 = DEFINITIONAL_REPRESENTATION('',(#9629),#9633);
#9629 = LINE('',#9630,#9631);
#9630 = CARTESIAN_POINT('',(0.,-18.));
#9631 = VECTOR('',#9632,1.);
#9632 = DIRECTION('',(1.,0.));
#9633 = ( GEOMETRIC_REPRESENTATION_CONTEXT(2) 
PARAMETRIC_REPRESENTATION_CONTEXT() REPRESENTATION_CONTEXT('2D SPACE',''
  ) );
#9634 = ADVANCED_FACE('',(#9635),#9560,.F.);
#9635 = FACE_BOUND('',#9636,.F.);
#9636 = EDGE_LOOP('',(#9637));
#9637 = ORIENTED_EDGE('',*,*,#9545,.T.);
#9638 = ADVANCED_FACE('',(#9639,#9693),#9623,.T.);
#9639 = FACE_BOUND('',#9640,.T.);
#9640 = EDGE_LOOP('',(#9641,#9670,#9691,#9692));
#9641 = ORIENTED_EDGE('',*,*,#9642,.F.);
#9642 = EDGE_CURVE('',#9643,#9643,#9645,.T.);
#9643 = VERTEX_POINT('',#9644);
#9644 = CARTESIAN_POINT('',(0.,1.55,0.));
#9645 = SURFACE_CURVE('',#9646,(#9651,#9658),.PCURVE_S1.);
#9646 = CIRCLE('',#9647,1.55);
#9647 = AXIS2_PLACEMENT_3D('',#9648,#9649,#9650);
#9648 = CARTESIAN_POINT('',(0.,0.,0.));
#9649 = DIRECTION('',(1.,0.,0.));
#9650 = DIRECTION('',(0.,1.,0.));
#9651 = PCURVE('',#9623,#9652);
#9652 = DEFINITIONAL_REPRESENTATION('',(#9653),#9657);
#9653 = LINE('',#9654,#9655);
#9654 = CARTESIAN_POINT('',(0.,0.));
#9655 = VECTOR('',#9656,1.);
#9656 = DIRECTION('',(1.,0.));
#9657 = ( GEOMETRIC_REPRESENTATION_CONTEXT(2) 
PARAMETRIC_REPRESENTATION_CONTEXT() REPRESENTATION_CONTEXT('2D SPACE',''
  ) );
#9658 = PCURVE('',#9659,#9664);
#9659 = PLANE('',#9660);
#9660 = AXIS2_PLACEMENT_3D('',#9661,#9662,#9663);
#9661 = CARTESIAN_POINT('',(0.,0.,0.));
#9662 = DIRECTION('',(1.,0.,0.));
#9663 = DIRECTION('',(0.,1.,0.));
#9664 = DEFINITIONAL_REPRESENTATION('',(#9665),#9669);
#9665 = CIRCLE('',#9666,1.55);
#9666 = AXIS2_PLACEMENT_2D('',#9667,#9668);
#9667 = CARTESIAN_POINT('',(0.,0.));
#9668 = DIRECTION('',(1.,0.));
#9669 = ( GEOMETRIC_REPRESENTATION_CONTEXT(2) 
PARAMETRIC_REPRESENTATION_CONTEXT() REPRESENTATION_CONTEXT('2D SPACE',''
  ) );
#9670 = ORIENTED_EDGE('',*,*,#9671,.T.);
#9671 = EDGE_CURVE('',#9643,#9607,#9672,.T.);
#9672 = SEAM_CURVE('',#9673,(#9677,#9684),.PCURVE_S1.);
#9673 = LINE('',#9674,#9675);
#9674 = CARTESIAN_POINT('',(0.,1.55,0.));
#9675 = VECTOR('',#9676,1.);
#9676 = DIRECTION('',(-1.,-0.,-0.));
#9677 = PCURVE('',#9623,#9678);
#9678 = DEFINITIONAL_REPRESENTATION('',(#9679),#9683);
#9679 = LINE('',#9680,#9681);
#9680 = CARTESIAN_POINT('',(6.28318530718,0.));
#9681 = VECTOR('',#9682,1.);
#9682 = DIRECTION('',(0.,-1.));
#9683 = ( GEOMETRIC_REPRESENTATION_CONTEXT(2) 
PARAMETRIC_REPRESENTATION_CONTEXT() REPRESENTATION_CONTEXT('2D SPACE',''
  ) );
#9684 = PCURVE('',#9623,#9685);
#9685 = DEFINITIONAL_REPRESENTATION('',(#9686),#9690);
#9686 = LINE('',#9687,#9688);
#9687 = CARTESIAN_POINT('',(0.,0.));
#9688 = VECTOR('',#9689,1.);
#9689 = DIRECTION('',(0.,-1.));
#9690 = ( GEOMETRIC_REPRESENTATION_CONTEXT(2) 
PARAMETRIC_REPRESENTATION_CONTEXT() REPRESENTATION_CONTEXT('2D SPACE',''
  ) );
#9691 = ORIENTED_EDGE('',*,*,#9606,.T.);
#9692 = ORIENTED_EDGE('',*,*,#9671,.F.);
#9693 = FACE_BOUND('',#9694,.T.);
#9694 = EDGE_LOOP('',(#9695,#9848,#9994,#10020,#10292));
#9695 = ORIENTED_EDGE('',*,*,#9696,.T.);
#9696 = EDGE_CURVE('',#9697,#9699,#9701,.T.);
#9697 = VERTEX_POINT('',#9698);
#9698 = CARTESIAN_POINT('',(-9.60313730334,0.,1.55));
#9699 = VERTEX_POINT('',#9700);
#9700 = CARTESIAN_POINT('',(-8.4,-1.55,0.));
#9701 = SURFACE_CURVE('',#9702,(#9747,#9795),.PCURVE_S1.);
#9702 = B_SPLINE_CURVE_WITH_KNOTS('',8,(#9703,#9704,#9705,#9706,#9707,
    #9708,#9709,#9710,#9711,#9712,#9713,#9714,#9715,#9716,#9717,#9718,
    #9719,#9720,#9721,#9722,#9723,#9724,#9725,#9726,#9727,#9728,#9729,
    #9730,#9731,#9732,#9733,#9734,#9735,#9736,#9737,#9738,#9739,#9740,
    #9741,#9742,#9743,#9744,#9745,#9746),.UNSPECIFIED.,.F.,.F.,(9,7,7,7,
    7,7,9),(0.,7.679761061419E-02,0.186322629425,0.324366472593,
    0.752187601909,0.846236926559,1.),.UNSPECIFIED.);
#9703 = CARTESIAN_POINT('',(-9.60313730334,6.000000001283E-07,1.55));
#9704 = CARTESIAN_POINT('',(-9.603137341485,-2.522980633439E-02,
    1.550000009766));
#9705 = CARTESIAN_POINT('',(-9.601304306506,-5.02200749391E-02,
    1.549530628181));
#9706 = CARTESIAN_POINT('',(-9.597698872328,-7.497918113488E-02,
    1.548607614684));
#9707 = CARTESIAN_POINT('',(-9.592425683569,-9.949810461697E-02,
    1.547244480508));
#9708 = CARTESIAN_POINT('',(-9.585635250881,-0.123738121705,
    1.545456125066));
#9709 = CARTESIAN_POINT('',(-9.577525399966,-0.147619594455,
    1.543264644381));
#9710 = CARTESIAN_POINT('',(-9.568342274278,-0.171011256635,
    1.540707311563));
#9711 = CARTESIAN_POINT('',(-9.544174451433,-0.226106097491,
    1.533767106029));
#9712 = CARTESIAN_POINT('',(-9.528111648503,-0.257725844512,
    1.528992185234));
#9713 = CARTESIAN_POINT('',(-9.510643843555,-0.288612667196,
    1.523574925206));
#9714 = CARTESIAN_POINT('',(-9.492149666299,-0.31878616233,
    1.517562601931));
#9715 = CARTESIAN_POINT('',(-9.472917235409,-0.348280653084,
    1.510996759693));
#9716 = CARTESIAN_POINT('',(-9.453129234286,-0.377173361273,
    1.503903847169));
#9717 = CARTESIAN_POINT('',(-9.432850842381,-0.405612192727,
    1.496276539032));
#9718 = CARTESIAN_POINT('',(-9.385766269881,-0.469425032149,
    1.477671759922));
#9719 = CARTESIAN_POINT('',(-9.358753661015,-0.504515031027,
    1.466386144404));
#9720 = CARTESIAN_POINT('',(-9.331271823355,-0.539067605755,
    1.454223871674));
#9721 = CARTESIAN_POINT('',(-9.303513746213,-0.573079633938,
    1.441211849587));
#9722 = CARTESIAN_POINT('',(-9.27559319183,-0.606584682963,
    1.427360404008));
#9723 = CARTESIAN_POINT('',(-9.247560999788,-0.639646564778,
    1.412656354309));
#9724 = CARTESIAN_POINT('',(-9.219420784356,-0.672352159906,
    1.397057679115));
#9725 = CARTESIAN_POINT('',(-9.103509582353,-0.805375714578,
    1.329143037355));
#9726 = CARTESIAN_POINT('',(-9.015849518899,-0.902031436524,
    1.269240306202));
#9727 = CARTESIAN_POINT('',(-8.929471112278,-0.995498326855,
    1.200272233469));
#9728 = CARTESIAN_POINT('',(-8.845021475052,-1.085536819787,
    1.121434959491));
#9729 = CARTESIAN_POINT('',(-8.763676026033,-1.171480660809,
    1.031790833819));
#9730 = CARTESIAN_POINT('',(-8.686940525517,-1.25195764905,
    0.930436948269));
#9731 = CARTESIAN_POINT('',(-8.616916398889,-1.325035895863,
    0.816586436454));
#9732 = CARTESIAN_POINT('',(-8.543035728401,-1.401877091904,
    0.661973393145));
#9733 = CARTESIAN_POINT('',(-8.530176597957,-1.415239566535,
    0.633482658484));
#9734 = CARTESIAN_POINT('',(-8.517808495738,-1.42808132016,
    0.604373403965));
#9735 = CARTESIAN_POINT('',(-8.505966886007,-1.440367313943,
    0.574655435908));
#9736 = CARTESIAN_POINT('',(-8.494687006053,-1.452062664802,
    0.544339872335));
#9737 = CARTESIAN_POINT('',(-8.484003866193,-1.463132645409,
    0.513439142974));
#9738 = CARTESIAN_POINT('',(-8.473952249774,-1.473542684191,
    0.481966989261));
#9739 = CARTESIAN_POINT('',(-8.44922211649,-1.499142721729,
    0.397574404848));
#9740 = CARTESIAN_POINT('',(-8.435629491961,-1.513200449563,
    0.343626355143));
#9741 = CARTESIAN_POINT('',(-8.424000990293,-1.525217820957,
    0.288319320348));
#9742 = CARTESIAN_POINT('',(-8.414509719164,-1.535020866465,
    0.231890889784));
#9743 = CARTESIAN_POINT('',(-8.407289518443,-1.542475340326,
    0.174588461198));
#9744 = CARTESIAN_POINT('',(-8.402434735413,-1.547486685715,
    0.116666464994));
#9745 = CARTESIAN_POINT('',(-8.4,-1.55,5.838358845993E-02));
#9746 = CARTESIAN_POINT('',(-8.4,-1.55,2.847303808018E-16));
#9747 = PCURVE('',#9623,#9748);
#9748 = DEFINITIONAL_REPRESENTATION('',(#9749),#9794);
#9749 = B_SPLINE_CURVE_WITH_KNOTS('',8,(#9750,#9751,#9752,#9753,#9754,
    #9755,#9756,#9757,#9758,#9759,#9760,#9761,#9762,#9763,#9764,#9765,
    #9766,#9767,#9768,#9769,#9770,#9771,#9772,#9773,#9774,#9775,#9776,
    #9777,#9778,#9779,#9780,#9781,#9782,#9783,#9784,#9785,#9786,#9787,
    #9788,#9789,#9790,#9791,#9792,#9793),.UNSPECIFIED.,.F.,.F.,(9,7,7,7,
    7,7,9),(0.,7.679761061419E-02,0.186322629425,0.324366472593,
    0.752187601909,0.846236926559,1.),.UNSPECIFIED.);
#9750 = CARTESIAN_POINT('',(1.570795939698,-9.60313730334));
#9751 = CARTESIAN_POINT('',(1.587073621204,-9.603137341485));
#9752 = CARTESIAN_POINT('',(1.603196369507,-9.601304306506));
#9753 = CARTESIAN_POINT('',(1.619176574225,-9.597698872328));
#9754 = CARTESIAN_POINT('',(1.635014411244,-9.592425683569));
#9755 = CARTESIAN_POINT('',(1.650690580537,-9.585635250881));
#9756 = CARTESIAN_POINT('',(1.666158801507,-9.577525399966));
#9757 = CARTESIAN_POINT('',(1.681338065846,-9.568342274278));
#9758 = CARTESIAN_POINT('',(1.717164029387,-9.544174451433));
#9759 = CARTESIAN_POINT('',(1.737788972161,-9.528111648503));
#9760 = CARTESIAN_POINT('',(1.758010638065,-9.510643843555));
#9761 = CARTESIAN_POINT('',(1.777849866776,-9.492149666299));
#9762 = CARTESIAN_POINT('',(1.797335022475,-9.472917235409));
#9763 = CARTESIAN_POINT('',(1.816521543267,-9.453129234286));
#9764 = CARTESIAN_POINT('',(1.835513193374,-9.432850842381));
#9765 = CARTESIAN_POINT('',(1.878396847804,-9.385766269881));
#9766 = CARTESIAN_POINT('',(1.902168625081,-9.358753661015));
#9767 = CARTESIAN_POINT('',(1.925786701067,-9.331271823355));
#9768 = CARTESIAN_POINT('',(1.949264032377,-9.303513746213));
#9769 = CARTESIAN_POINT('',(1.972638115097,-9.27559319183));
#9770 = CARTESIAN_POINT('',(1.995969081184,-9.247560999788));
#9771 = CARTESIAN_POINT('',(2.019337957291,-9.219420784356));
#9772 = CARTESIAN_POINT('',(2.115697638721,-9.103509582353));
#9773 = CARTESIAN_POINT('',(2.188809848048,-9.015849518899));
#9774 = CARTESIAN_POINT('',(2.263337724102,-8.929471112278));
#9775 = CARTESIAN_POINT('',(2.339989773325,-8.845021475052));
#9776 = CARTESIAN_POINT('',(2.419456614691,-8.763676026033));
#9777 = CARTESIAN_POINT('',(2.502279773492,-8.686940525517));
#9778 = CARTESIAN_POINT('',(2.58903959102,-8.616916398889));
#9779 = CARTESIAN_POINT('',(2.700429938908,-8.543035728401));
#9780 = CARTESIAN_POINT('',(2.720727099713,-8.530176597957));
#9781 = CARTESIAN_POINT('',(2.741244406412,-8.517808495738));
#9782 = CARTESIAN_POINT('',(2.761979605675,-8.505966886007));
#9783 = CARTESIAN_POINT('',(2.782930900129,-8.494687006053));
#9784 = CARTESIAN_POINT('',(2.804096948355,-8.484003866193));
#9785 = CARTESIAN_POINT('',(2.825476864887,-8.473952249774));
#9786 = CARTESIAN_POINT('',(2.882373617594,-8.44922211649));
#9787 = CARTESIAN_POINT('',(2.918312868315,-8.435629491961));
#9788 = CARTESIAN_POINT('',(2.954776019334,-8.424000990293));
#9789 = CARTESIAN_POINT('',(2.991661058474,-8.414509719164));
#9790 = CARTESIAN_POINT('',(3.028873501404,-8.407289518443));
#9791 = CARTESIAN_POINT('',(3.066323978601,-8.402434735413));
#9792 = CARTESIAN_POINT('',(3.103925822325,-8.4));
#9793 = CARTESIAN_POINT('',(3.14159265359,-8.4));
#9794 = ( GEOMETRIC_REPRESENTATION_CONTEXT(2) 
PARAMETRIC_REPRESENTATION_CONTEXT() REPRESENTATION_CONTEXT('2D SPACE',''
  ) );
#9795 = PCURVE('',#9796,#9801);
#9796 = CYLINDRICAL_SURFACE('',#9797,1.6);
#9797 = AXIS2_PLACEMENT_3D('',#9798,#9799,#9800);
#9798 = CARTESIAN_POINT('',(-10.,0.,0.));
#9799 = DIRECTION('',(-0.,1.,-0.));
#9800 = DIRECTION('',(1.,0.,0.));
#9801 = DEFINITIONAL_REPRESENTATION('',(#9802),#9847);
#9802 = B_SPLINE_CURVE_WITH_KNOTS('',8,(#9803,#9804,#9805,#9806,#9807,
    #9808,#9809,#9810,#9811,#9812,#9813,#9814,#9815,#9816,#9817,#9818,
    #9819,#9820,#9821,#9822,#9823,#9824,#9825,#9826,#9827,#9828,#9829,
    #9830,#9831,#9832,#9833,#9834,#9835,#9836,#9837,#9838,#9839,#9840,
    #9841,#9842,#9843,#9844,#9845,#9846),.UNSPECIFIED.,.F.,.F.,(9,7,7,7,
    7,7,9),(0.,7.679761061419E-02,0.186322629425,0.324366472593,
    0.752187601909,0.846236926559,1.),.UNSPECIFIED.);
#9803 = CARTESIAN_POINT('',(-1.320140664458,5.999999999062E-07));
#9804 = CARTESIAN_POINT('',(-1.320140689068,-2.522980633439E-02));
#9805 = CARTESIAN_POINT('',(-1.318958088535,-5.02200749391E-02));
#9806 = CARTESIAN_POINT('',(-1.316631994014,-7.497918113488E-02));
#9807 = CARTESIAN_POINT('',(-1.31322793895,-9.949810461698E-02));
#9808 = CARTESIAN_POINT('',(-1.308839327681,-0.123738121705));
#9809 = CARTESIAN_POINT('',(-1.303589076819,-0.147619594455));
#9810 = CARTESIAN_POINT('',(-1.29763142943,-0.171011256635));
#9811 = CARTESIAN_POINT('',(-1.281916064313,-0.226106097491));
#9812 = CARTESIAN_POINT('',(-1.271443046036,-0.257725844512));
#9813 = CARTESIAN_POINT('',(-1.260014148327,-0.288612667196));
#9814 = CARTESIAN_POINT('',(-1.247862108056,-0.31878616233));
#9815 = CARTESIAN_POINT('',(-1.235163424545,-0.348280653084));
#9816 = CARTESIAN_POINT('',(-1.222028134448,-0.377173361273));
#9817 = CARTESIAN_POINT('',(-1.208489074755,-0.405612192727));
#9818 = CARTESIAN_POINT('',(-1.176847189606,-0.469425032149));
#9819 = CARTESIAN_POINT('',(-1.158553553229,-0.504515031027));
#9820 = CARTESIAN_POINT('',(-1.139777454785,-0.539067605755));
#9821 = CARTESIAN_POINT('',(-1.120626268845,-0.573079633938));
#9822 = CARTESIAN_POINT('',(-1.101156268491,-0.606584682963));
#9823 = CARTESIAN_POINT('',(-1.081380825683,-0.639646564778));
#9824 = CARTESIAN_POINT('',(-1.06127755806,-0.672352159906));
#9825 = CARTESIAN_POINT('',(-0.977313732806,-0.805375714578));
#9826 = CARTESIAN_POINT('',(-0.911115987993,-0.902031436524));
#9827 = CARTESIAN_POINT('',(-0.842354499749,-0.995498326855));
#9828 = CARTESIAN_POINT('',(-0.770598060765,-1.085536819787));
#9829 = CARTESIAN_POINT('',(-0.695501321714,-1.171480660809));
#9830 = CARTESIAN_POINT('',(-0.616635028315,-1.25195764905));
#9831 = CARTESIAN_POINT('',(-0.533562770479,-1.325035895863));
#9832 = CARTESIAN_POINT('',(-0.426464052449,-1.401877091904));
#9833 = CARTESIAN_POINT('',(-0.406932268022,-1.415239566535));
#9834 = CARTESIAN_POINT('',(-0.387173050816,-1.42808132016));
#9835 = CARTESIAN_POINT('',(-0.367189432118,-1.440367313943));
#9836 = CARTESIAN_POINT('',(-0.346984008781,-1.452062664802));
#9837 = CARTESIAN_POINT('',(-0.326558943223,-1.463132645409));
#9838 = CARTESIAN_POINT('',(-0.305915963428,-1.473542684191));
#9839 = CARTESIAN_POINT('',(-0.25095259567,-1.499142721729));
#9840 = CARTESIAN_POINT('',(-0.216206677142,-1.513200449563));
#9841 = CARTESIAN_POINT('',(-0.180930507711,-1.525217820957));
#9842 = CARTESIAN_POINT('',(-0.145226909818,-1.535020866465));
#9843 = CARTESIAN_POINT('',(-0.109191825217,-1.542475340326));
#9844 = CARTESIAN_POINT('',(-7.29165121946E-02,-1.547486685715));
#9845 = CARTESIAN_POINT('',(-3.648974278746E-02,-1.55));
#9846 = CARTESIAN_POINT('',(0.,-1.55));
#9847 = ( GEOMETRIC_REPRESENTATION_CONTEXT(2) 
PARAMETRIC_REPRESENTATION_CONTEXT() REPRESENTATION_CONTEXT('2D SPACE',''
  ) );
#9848 = ORIENTED_EDGE('',*,*,#9849,.T.);
#9849 = EDGE_CURVE('',#9699,#9850,#9852,.T.);
#9850 = VERTEX_POINT('',#9851);
#9851 = CARTESIAN_POINT('',(-9.60313730334,0.,-1.55));
#9852 = SURFACE_CURVE('',#9853,(#9898,#9946),.PCURVE_S1.);
#9853 = B_SPLINE_CURVE_WITH_KNOTS('',8,(#9854,#9855,#9856,#9857,#9858,
    #9859,#9860,#9861,#9862,#9863,#9864,#9865,#9866,#9867,#9868,#9869,
    #9870,#9871,#9872,#9873,#9874,#9875,#9876,#9877,#9878,#9879,#9880,
    #9881,#9882,#9883,#9884,#9885,#9886,#9887,#9888,#9889,#9890,#9891,
    #9892,#9893,#9894,#9895,#9896,#9897),.UNSPECIFIED.,.F.,.F.,(9,7,7,7,
    7,7,9),(0.,0.14966547606,0.247233731231,0.669436815136,
    0.881964458072,0.939454220255,1.),.UNSPECIFIED.);
#9854 = CARTESIAN_POINT('',(-8.4,-1.55,0.));
#9855 = CARTESIAN_POINT('',(-8.4,-1.55,-5.70988181527E-02));
#9856 = CARTESIAN_POINT('',(-8.402328757712,-1.547596086395,
    -0.114102909642));
#9857 = CARTESIAN_POINT('',(-8.406972766945,-1.542802308602,
    -0.170767925434));
#9858 = CARTESIAN_POINT('',(-8.413881743909,-1.535669212741,
    -0.226850803965));
#9859 = CARTESIAN_POINT('',(-8.422968826112,-1.526283871732,
    -0.282112290305));
#9860 = CARTESIAN_POINT('',(-8.434110771258,-1.514769915395,
    -0.336319455326));
#9861 = CARTESIAN_POINT('',(-8.447148156149,-1.501287560555,
    -0.389248214862));
#9862 = CARTESIAN_POINT('',(-8.471493030406,-1.476089475384,
    -0.474218500047));
#9863 = CARTESIAN_POINT('',(-8.48183271834,-1.465382365143,
    -0.507151372581));
#9864 = CARTESIAN_POINT('',(-8.492865559031,-1.453951246584,
    -0.539466799555));
#9865 = CARTESIAN_POINT('',(-8.504552155681,-1.441835289624,
    -0.5711486692));
#9866 = CARTESIAN_POINT('',(-8.516852795054,-1.429073897926,
    -0.602182424898));
#9867 = CARTESIAN_POINT('',(-8.529727447468,-1.415706708901,
    -0.632555065186));
#9868 = CARTESIAN_POINT('',(-8.543135766802,-1.401773593707,
    -0.662255143756));
#9869 = CARTESIAN_POINT('',(-8.617191714778,-1.32474709824,
    -0.816839543547));
#9870 = CARTESIAN_POINT('',(-8.686623026605,-1.252285679138,
    -0.929721934736));
#9871 = CARTESIAN_POINT('',(-8.762656260812,-1.172545463261,
    -1.030316122965));
#9872 = CARTESIAN_POINT('',(-8.843241649576,-1.08741299181,
    -1.119388924667));
#9873 = CARTESIAN_POINT('',(-8.926904326026,-0.998228411304,
    -1.197821489782));
#9874 = CARTESIAN_POINT('',(-9.012496600808,-0.905653867259,
    -1.26652778177));
#9875 = CARTESIAN_POINT('',(-9.09937248825,-0.809930564383,
    -1.326295314772));
#9876 = CARTESIAN_POINT('',(-9.230034906042,-0.660260279954,
    -1.403472686291));
#9877 = CARTESIAN_POINT('',(-9.272641906395,-0.610494079414,
    -1.426497225326));
#9878 = CARTESIAN_POINT('',(-9.314802254324,-0.560094628412,
    -1.447472514512));
#9879 = CARTESIAN_POINT('',(-9.35691678304,-0.508262556534,
    -1.466720949509));
#9880 = CARTESIAN_POINT('',(-9.398874654227,-0.45454364901,
    -1.484228705749));
#9881 = CARTESIAN_POINT('',(-9.439864166049,-0.398975220362,
    -1.499720855602));
#9882 = CARTESIAN_POINT('',(-9.478281300529,-0.341955750941,
    -1.51296853213));
#9883 = CARTESIAN_POINT('',(-9.521303404831,-0.267982427524,
    -1.526742307501));
#9884 = CARTESIAN_POINT('',(-9.530188652483,-0.252043472484,
    -1.529517537489));
#9885 = CARTESIAN_POINT('',(-9.538759491404,-0.235906992084,
    -1.532130539907));
#9886 = CARTESIAN_POINT('',(-9.546969619552,-0.219564147755,
    -1.53457564528));
#9887 = CARTESIAN_POINT('',(-9.554766196208,-0.203005590616,
    -1.536846379511));
#9888 = CARTESIAN_POINT('',(-9.562089841973,-0.186221461478,
    -1.53893546389));
#9889 = CARTESIAN_POINT('',(-9.568874638768,-0.169201390842,
    -1.540834815085));
#9890 = CARTESIAN_POINT('',(-9.581549788848,-0.133749740491,
    -1.544326681932));
#9891 = CARTESIAN_POINT('',(-9.587405669759,-0.115201758127,
    -1.545906026979));
#9892 = CARTESIAN_POINT('',(-9.592480913511,-9.638327433117E-02,
    -1.547248888489));
#9893 = CARTESIAN_POINT('',(-9.596665555187,-7.736185215303E-02,
    -1.548338602448));
#9894 = CARTESIAN_POINT('',(-9.599873938394,-5.818492983093E-02,
    -1.549164502717));
#9895 = CARTESIAN_POINT('',(-9.602044129655,-3.888485544786E-02,
    -1.549719891122));
#9896 = CARTESIAN_POINT('',(-9.603137332798,-1.948392158919E-02,
    -1.550000007542));
#9897 = CARTESIAN_POINT('',(-9.60313730334,5.999999999062E-07,-1.55));
#9898 = PCURVE('',#9623,#9899);
#9899 = DEFINITIONAL_REPRESENTATION('',(#9900),#9945);
#9900 = B_SPLINE_CURVE_WITH_KNOTS('',8,(#9901,#9902,#9903,#9904,#9905,
    #9906,#9907,#9908,#9909,#9910,#9911,#9912,#9913,#9914,#9915,#9916,
    #9917,#9918,#9919,#9920,#9921,#9922,#9923,#9924,#9925,#9926,#9927,
    #9928,#9929,#9930,#9931,#9932,#9933,#9934,#9935,#9936,#9937,#9938,
    #9939,#9940,#9941,#9942,#9943,#9944),.UNSPECIFIED.,.F.,.F.,(9,7,7,7,
    7,7,9),(0.,0.14966547606,0.247233731231,0.669436815136,
    0.881964458072,0.939454220255,1.),.UNSPECIFIED.);
#9901 = CARTESIAN_POINT('',(3.14159265359,-8.4));
#9902 = CARTESIAN_POINT('',(3.178430600785,-8.4));
#9903 = CARTESIAN_POINT('',(3.215207423234,-8.402328757712));
#9904 = CARTESIAN_POINT('',(3.251841685067,-8.406972766945));
#9905 = CARTESIAN_POINT('',(3.288251663057,-8.413881743909));
#9906 = CARTESIAN_POINT('',(3.324353180362,-8.422968826112));
#9907 = CARTESIAN_POINT('',(3.36005744026,-8.434110771258));
#9908 = CARTESIAN_POINT('',(3.395268859895,-8.447148156149));
#9909 = CARTESIAN_POINT('',(3.452448107277,-8.471493030406));
#9910 = CARTESIAN_POINT('',(3.474782287099,-8.48183271834));
#9911 = CARTESIAN_POINT('',(3.496884847843,-8.492865559031));
#9912 = CARTESIAN_POINT('',(3.518754647225,-8.504552155681));
#9913 = CARTESIAN_POINT('',(3.540389996314,-8.516852795054));
#9914 = CARTESIAN_POINT('',(3.561788659528,-8.529727447468));
#9915 = CARTESIAN_POINT('',(3.582947854636,-8.543135766802));
#9916 = CARTESIAN_POINT('',(3.694374919134,-8.617191714778));
#9917 = CARTESIAN_POINT('',(3.780408013683,-8.686623026605));
#9918 = CARTESIAN_POINT('',(3.862568122997,-8.762656260812));
#9919 = CARTESIAN_POINT('',(3.941421502796,-8.843241649576));
#9920 = CARTESIAN_POINT('',(4.017499507375,-8.926904326026));
#9921 = CARTESIAN_POINT('',(4.091472940808,-9.012496600808));
#9922 = CARTESIAN_POINT('',(4.164034410799,-9.09937248825));
#9923 = CARTESIAN_POINT('',(4.27267761957,-9.230034906042));
#9924 = CARTESIAN_POINT('',(4.3080223182,-9.272641906395));
#9925 = CARTESIAN_POINT('',(4.343197219256,-9.314802254324));
#9926 = CARTESIAN_POINT('',(4.37881343772,-9.35691678304));
#9927 = CARTESIAN_POINT('',(4.415199831652,-9.398874654227));
#9928 = CARTESIAN_POINT('',(4.452358958805,-9.439864166049));
#9929 = CARTESIAN_POINT('',(4.49008871512,-9.478281300529));
#9930 = CARTESIAN_POINT('',(4.538633702528,-9.521303404831));
#9931 = CARTESIAN_POINT('',(4.549070932398,-9.530188652483));
#9932 = CARTESIAN_POINT('',(4.559615934,-9.538759491404));
#9933 = CARTESIAN_POINT('',(4.570275460516,-9.546969619552));
#9934 = CARTESIAN_POINT('',(4.581056699095,-9.554766196208));
#9935 = CARTESIAN_POINT('',(4.59196727085,-9.562089841973));
#9936 = CARTESIAN_POINT('',(4.603015230861,-9.568874638768));
#9937 = CARTESIAN_POINT('',(4.62599794297,-9.581549788848));
#9938 = CARTESIAN_POINT('',(4.638006613453,-9.587405669759));
#9939 = CARTESIAN_POINT('',(4.650176548651,-9.592480913511));
#9940 = CARTESIAN_POINT('',(4.662466144187,-9.596665555187));
#9941 = CARTESIAN_POINT('',(4.674847291818,-9.599873938394));
#9942 = CARTESIAN_POINT('',(4.687301948992,-9.602044129655));
#9943 = CARTESIAN_POINT('',(4.699818708392,-9.603137332798));
#9944 = CARTESIAN_POINT('',(4.712389367481,-9.60313730334));
#9945 = ( GEOMETRIC_REPRESENTATION_CONTEXT(2) 
PARAMETRIC_REPRESENTATION_CONTEXT() REPRESENTATION_CONTEXT('2D SPACE',''
  ) );
#9946 = PCURVE('',#9796,#9947);
#9947 = DEFINITIONAL_REPRESENTATION('',(#9948),#9993);
#9948 = B_SPLINE_CURVE_WITH_KNOTS('',8,(#9949,#9950,#9951,#9952,#9953,
    #9954,#9955,#9956,#9957,#9958,#9959,#9960,#9961,#9962,#9963,#9964,
    #9965,#9966,#9967,#9968,#9969,#9970,#9971,#9972,#9973,#9974,#9975,
    #9976,#9977,#9978,#9979,#9980,#9981,#9982,#9983,#9984,#9985,#9986,
    #9987,#9988,#9989,#9990,#9991,#9992),.UNSPECIFIED.,.F.,.F.,(9,7,7,7,
    7,7,9),(0.,0.14966547606,0.247233731231,0.669436815136,
    0.881964458072,0.939454220255,1.),.UNSPECIFIED.);
#9949 = CARTESIAN_POINT('',(-6.28318530718,-1.55));
#9950 = CARTESIAN_POINT('',(-6.247498545834,-1.55));
#9951 = CARTESIAN_POINT('',(-6.211871013673,-1.547596086395));
#9952 = CARTESIAN_POINT('',(-6.176386098212,-1.542802308602));
#9953 = CARTESIAN_POINT('',(-6.141127471077,-1.535669212741));
#9954 = CARTESIAN_POINT('',(-6.106181061376,-1.526283871732));
#9955 = CARTESIAN_POINT('',(-6.071637029063,-1.514769915395));
#9956 = CARTESIAN_POINT('',(-6.03759173831,-1.501287560555));
#9957 = CARTESIAN_POINT('',(-5.982348588752,-1.476089475384));
#9958 = CARTESIAN_POINT('',(-5.960781750318,-1.465382365143));
#9959 = CARTESIAN_POINT('',(-5.939450790059,-1.453951246584));
#9960 = CARTESIAN_POINT('',(-5.918357802478,-1.441835289624));
#9961 = CARTESIAN_POINT('',(-5.897505402087,-1.429073897926));
#9962 = CARTESIAN_POINT('',(-5.876896723412,-1.415706708901));
#9963 = CARTESIAN_POINT('',(-5.856535420993,-1.401773593707));
#9964 = CARTESIAN_POINT('',(-5.749405571173,-1.32474709824));
#9965 = CARTESIAN_POINT('',(-5.66703033885,-1.252285679138));
#9966 = CARTESIAN_POINT('',(-5.58879331972,-1.172545463261));
#9967 = CARTESIAN_POINT('',(-5.514267413683,-1.08741299181));
#9968 = CARTESIAN_POINT('',(-5.443033727831,-0.998228411304));
#9969 = CARTESIAN_POINT('',(-5.374751285327,-0.905653867259));
#9970 = CARTESIAN_POINT('',(-5.309002681669,-0.809930564383));
#9971 = CARTESIAN_POINT('',(-5.214156972055,-0.660260279954));
#9972 = CARTESIAN_POINT('',(-5.183909993062,-0.610494079414));
#9973 = CARTESIAN_POINT('',(-5.154506266807,-0.560094628412));
#9974 = CARTESIAN_POINT('',(-5.12559679214,-0.508262556534));
#9975 = CARTESIAN_POINT('',(-5.097214626073,-0.45454364901));
#9976 = CARTESIAN_POINT('',(-5.069847281563,-0.398975220362));
#9977 = CARTESIAN_POINT('',(-5.044455301997,-0.341955750941));
#9978 = CARTESIAN_POINT('',(-5.016222049588,-0.267982427524));
#9979 = CARTESIAN_POINT('',(-5.010404345437,-0.252043472484));
#9980 = CARTESIAN_POINT('',(-5.004804364107,-0.235906992084));
#9981 = CARTESIAN_POINT('',(-4.99945051002,-0.219564147755));
#9982 = CARTESIAN_POINT('',(-4.994375344091,-0.203005590616));
#9983 = CARTESIAN_POINT('',(-4.989615583731,-0.186221461478));
#9984 = CARTESIAN_POINT('',(-4.985212102839,-0.169201390842));
#9985 = CARTESIAN_POINT('',(-4.976995014993,-0.133749740491));
#9986 = CARTESIAN_POINT('',(-4.973204372717,-0.115201758127));
#9987 = CARTESIAN_POINT('',(-4.969923238684,-9.638327433117E-02));
#9988 = CARTESIAN_POINT('',(-4.967220639519,-7.736185215303E-02));
#9989 = CARTESIAN_POINT('',(-4.965150033454,-5.818492983093E-02));
#9990 = CARTESIAN_POINT('',(-4.963749949017,-3.888485544786E-02));
#9991 = CARTESIAN_POINT('',(-4.963044623716,-1.948392158919E-02));
#9992 = CARTESIAN_POINT('',(-4.963044642721,5.999999999062E-07));
#9993 = ( GEOMETRIC_REPRESENTATION_CONTEXT(2) 
PARAMETRIC_REPRESENTATION_CONTEXT() REPRESENTATION_CONTEXT('2D SPACE',''
  ) );
#9994 = ORIENTED_EDGE('',*,*,#9995,.F.);
#9995 = EDGE_CURVE('',#9996,#9850,#9998,.T.);
#9996 = VERTEX_POINT('',#9997);
#9997 = CARTESIAN_POINT('',(-10.39686269666,0.,-1.55));
#9998 = SURFACE_CURVE('',#9999,(#10003,#10009),.PCURVE_S1.);
#9999 = LINE('',#10000,#10001);
#10000 = CARTESIAN_POINT('',(0.,0.,-1.55));
#10001 = VECTOR('',#10002,1.);
#10002 = DIRECTION('',(1.,0.,0.));
#10003 = PCURVE('',#9623,#10004);
#10004 = DEFINITIONAL_REPRESENTATION('',(#10005),#10008);
#10005 = B_SPLINE_CURVE_WITH_KNOTS('',1,(#10006,#10007),.UNSPECIFIED.,
  .F.,.F.,(2,2),(-11.92,-8.08),.PIECEWISE_BEZIER_KNOTS.);
#10006 = CARTESIAN_POINT('',(4.712388980385,-11.92));
#10007 = CARTESIAN_POINT('',(4.712388980385,-8.08));
#10008 = ( GEOMETRIC_REPRESENTATION_CONTEXT(2) 
PARAMETRIC_REPRESENTATION_CONTEXT() REPRESENTATION_CONTEXT('2D SPACE',''
  ) );
#10009 = PCURVE('',#10010,#10015);
#10010 = PLANE('',#10011);
#10011 = AXIS2_PLACEMENT_3D('',#10012,#10013,#10014);
#10012 = CARTESIAN_POINT('',(-10.,0.,4.151676440012E-17));
#10013 = DIRECTION('',(-0.,-1.,-0.));
#10014 = DIRECTION('',(0.,0.,-1.));
#10015 = DEFINITIONAL_REPRESENTATION('',(#10016),#10019);
#10016 = B_SPLINE_CURVE_WITH_KNOTS('',1,(#10017,#10018),.UNSPECIFIED.,
  .F.,.F.,(2,2),(-11.92,-8.08),.PIECEWISE_BEZIER_KNOTS.);
#10017 = CARTESIAN_POINT('',(1.55,-1.92));
#10018 = CARTESIAN_POINT('',(1.55,1.92));
#10019 = ( GEOMETRIC_REPRESENTATION_CONTEXT(2) 
PARAMETRIC_REPRESENTATION_CONTEXT() REPRESENTATION_CONTEXT('2D SPACE',''
  ) );
#10020 = ORIENTED_EDGE('',*,*,#10021,.F.);
#10021 = EDGE_CURVE('',#10022,#9996,#10024,.T.);
#10022 = VERTEX_POINT('',#10023);
#10023 = CARTESIAN_POINT('',(-10.39686269666,0.,1.55));
#10024 = SURFACE_CURVE('',#10025,(#10112,#10202),.PCURVE_S1.);
#10025 = B_SPLINE_CURVE_WITH_KNOTS('',8,(#10026,#10027,#10028,#10029,
    #10030,#10031,#10032,#10033,#10034,#10035,#10036,#10037,#10038,
    #10039,#10040,#10041,#10042,#10043,#10044,#10045,#10046,#10047,
    #10048,#10049,#10050,#10051,#10052,#10053,#10054,#10055,#10056,
    #10057,#10058,#10059,#10060,#10061,#10062,#10063,#10064,#10065,
    #10066,#10067,#10068,#10069,#10070,#10071,#10072,#10073,#10074,
    #10075,#10076,#10077,#10078,#10079,#10080,#10081,#10082,#10083,
    #10084,#10085,#10086,#10087,#10088,#10089,#10090,#10091,#10092,
    #10093,#10094,#10095,#10096,#10097,#10098,#10099,#10100,#10101,
    #10102,#10103,#10104,#10105,#10106,#10107,#10108,#10109,#10110,
    #10111),.UNSPECIFIED.,.F.,.F.,(9,7,7,7,7,7,7,7,7,7,7,7,9),(0.,
    3.830741954278E-02,9.29395990136E-02,0.161797254522,0.375198730931,
    0.422111496804,0.498810124587,0.573820947249,0.622721169753,
    0.834325084315,0.940841788979,0.969655076206,1.),.UNSPECIFIED.);
#10026 = CARTESIAN_POINT('',(-10.39686269666,6.000000010165E-07,1.55));
#10027 = CARTESIAN_POINT('',(-10.39686265851,-2.52298063343E-02,
    1.550000009766));
#10028 = CARTESIAN_POINT('',(-10.39869569349,-5.022007493912E-02,
    1.549530628181));
#10029 = CARTESIAN_POINT('',(-10.40230112767,-7.497918113491E-02,
    1.548607614684));
#10030 = CARTESIAN_POINT('',(-10.40757431643,-9.949810461697E-02,
    1.547244480508));
#10031 = CARTESIAN_POINT('',(-10.41436474911,-0.123738121705,
    1.545456125066));
#10032 = CARTESIAN_POINT('',(-10.42247460003,-0.147619594455,
    1.543264644381));
#10033 = CARTESIAN_POINT('',(-10.43165772572,-0.171011256635,
    1.540707311563));
#10034 = CARTESIAN_POINT('',(-10.45582554856,-0.226106097491,
    1.533767106029));
#10035 = CARTESIAN_POINT('',(-10.47188835149,-0.257725844512,
    1.528992185235));
#10036 = CARTESIAN_POINT('',(-10.48935615644,-0.288612667196,
    1.523574925206));
#10037 = CARTESIAN_POINT('',(-10.5078503337,-0.31878616233,
    1.517562601931));
#10038 = CARTESIAN_POINT('',(-10.52708276459,-0.348280653084,
    1.510996759693));
#10039 = CARTESIAN_POINT('',(-10.54687076571,-0.377173361273,
    1.503903847169));
#10040 = CARTESIAN_POINT('',(-10.56714915761,-0.405612192727,
    1.496276539032));
#10041 = CARTESIAN_POINT('',(-10.61423373011,-0.469425032149,
    1.477671759922));
#10042 = CARTESIAN_POINT('',(-10.64124633898,-0.504515031027,
    1.466386144404));
#10043 = CARTESIAN_POINT('',(-10.66872817664,-0.539067605755,
    1.454223871674));
#10044 = CARTESIAN_POINT('',(-10.69648625378,-0.573079633939,
    1.441211849587));
#10045 = CARTESIAN_POINT('',(-10.72440680817,-0.606584682963,
    1.427360404008));
#10046 = CARTESIAN_POINT('',(-10.75243900021,-0.639646564778,
    1.412656354309));
#10047 = CARTESIAN_POINT('',(-10.78057921564,-0.672352159906,
    1.397057679116));
#10048 = CARTESIAN_POINT('',(-10.89649041764,-0.805375714578,
    1.329143037355));
#10049 = CARTESIAN_POINT('',(-10.9841504811,-0.902031436525,
    1.269240306201));
#10050 = CARTESIAN_POINT('',(-11.07052888772,-0.995498326854,
    1.200272233471));
#10051 = CARTESIAN_POINT('',(-11.15497852494,-1.085536819788,
    1.121434959487));
#10052 = CARTESIAN_POINT('',(-11.23632397396,-1.171480660808,
    1.031790833822));
#10053 = CARTESIAN_POINT('',(-11.31305947448,-1.25195764905,
    0.930436948268));
#10054 = CARTESIAN_POINT('',(-11.38308360111,-1.325035895863,
    0.816586436454));
#10055 = CARTESIAN_POINT('',(-11.45696427673,-1.401877097244,
    0.6619733824));
#10056 = CARTESIAN_POINT('',(-11.4698234044,-1.415239568997,
    0.633482655473));
#10057 = CARTESIAN_POINT('',(-11.48219150222,-1.428081318049,
    0.604373411339));
#10058 = CARTESIAN_POINT('',(-11.49403310975,-1.440367309543,
    0.574655446989));
#10059 = CARTESIAN_POINT('',(-11.5053129911,-1.45206266184,
    0.544339877614));
#10060 = CARTESIAN_POINT('',(-11.51599613488,-1.46313264651,
    0.513439136612));
#10061 = CARTESIAN_POINT('',(-11.52604775423,-1.473542688339,
    0.481966975584));
#10062 = CARTESIAN_POINT('',(-11.55077788351,-1.499142721729,
    0.397574404848));
#10063 = CARTESIAN_POINT('',(-11.56437050803,-1.513200449563,
    0.343626355143));
#10064 = CARTESIAN_POINT('',(-11.5759990097,-1.525217820957,
    0.288319320348));
#10065 = CARTESIAN_POINT('',(-11.58549028083,-1.535020866465,
    0.231890889784));
#10066 = CARTESIAN_POINT('',(-11.59271048155,-1.542475340326,
    0.174588461198));
#10067 = CARTESIAN_POINT('',(-11.59756526458,-1.547486685715,
    0.116666464994));
#10068 = CARTESIAN_POINT('',(-11.6,-1.55,5.838358845993E-02));
#10069 = CARTESIAN_POINT('',(-11.6,-1.55,-5.70988181527E-02));
#10070 = CARTESIAN_POINT('',(-11.59767124228,-1.547596086395,
    -0.114102909642));
#10071 = CARTESIAN_POINT('',(-11.59302723305,-1.542802308602,
    -0.170767925434));
#10072 = CARTESIAN_POINT('',(-11.58611825609,-1.535669212741,
    -0.226850803965));
#10073 = CARTESIAN_POINT('',(-11.57703117388,-1.526283871732,
    -0.282112290305));
#10074 = CARTESIAN_POINT('',(-11.56588922874,-1.514769915395,
    -0.336319455326));
#10075 = CARTESIAN_POINT('',(-11.55285184385,-1.501287560555,
    -0.389248214862));
#10076 = CARTESIAN_POINT('',(-11.5285069696,-1.476089475392,
    -0.474218500022));
#10077 = CARTESIAN_POINT('',(-11.51816728166,-1.465382365145,
    -0.507151372569));
#10078 = CARTESIAN_POINT('',(-11.50713444096,-1.453951246578,
    -0.539466799565));
#10079 = CARTESIAN_POINT('',(-11.49544784431,-1.441835289616,
    -0.57114866922));
#10080 = CARTESIAN_POINT('',(-11.48314720494,-1.429073897922,
    -0.602182424911));
#10081 = CARTESIAN_POINT('',(-11.47027255253,-1.415706708905,
    -0.632555065181));
#10082 = CARTESIAN_POINT('',(-11.4568642332,-1.401773593716,
    -0.662255143736));
#10083 = CARTESIAN_POINT('',(-11.38280828522,-1.32474709824,
    -0.816839543547));
#10084 = CARTESIAN_POINT('',(-11.31337697339,-1.252285679138,
    -0.929721934736));
#10085 = CARTESIAN_POINT('',(-11.23734373918,-1.172545463261,
    -1.030316122965));
#10086 = CARTESIAN_POINT('',(-11.15675835042,-1.087412991811,
    -1.119388924667));
#10087 = CARTESIAN_POINT('',(-11.07309567397,-0.998228411304,
    -1.197821489782));
#10088 = CARTESIAN_POINT('',(-10.98750339919,-0.90565386726,
    -1.266527781769));
#10089 = CARTESIAN_POINT('',(-10.90062751175,-0.809930564383,
    -1.326295314772));
#10090 = CARTESIAN_POINT('',(-10.76996509395,-0.660260279955,
    -1.403472686291));
#10091 = CARTESIAN_POINT('',(-10.7273580936,-0.610494079409,
    -1.426497225328));
#10092 = CARTESIAN_POINT('',(-10.68519774567,-0.560094628416,
    -1.44747251451));
#10093 = CARTESIAN_POINT('',(-10.64308321695,-0.508262556533,
    -1.466720949509));
#10094 = CARTESIAN_POINT('',(-10.60112534577,-0.454543649016,
    -1.484228705748));
#10095 = CARTESIAN_POINT('',(-10.56013583394,-0.398975220358,
    -1.499720855603));
#10096 = CARTESIAN_POINT('',(-10.52171869947,-0.34195575094,
    -1.51296853213));
#10097 = CARTESIAN_POINT('',(-10.47869659516,-0.267982427524,
    -1.526742307501));
#10098 = CARTESIAN_POINT('',(-10.46981134751,-0.252043472484,
    -1.529517537489));
#10099 = CARTESIAN_POINT('',(-10.46124050859,-0.235906992084,
    -1.532130539907));
#10100 = CARTESIAN_POINT('',(-10.45303038044,-0.219564147755,
    -1.53457564528));
#10101 = CARTESIAN_POINT('',(-10.44523380379,-0.203005590616,
    -1.536846379511));
#10102 = CARTESIAN_POINT('',(-10.43791015802,-0.186221461478,
    -1.53893546389));
#10103 = CARTESIAN_POINT('',(-10.43112536123,-0.169201390842,
    -1.540834815085));
#10104 = CARTESIAN_POINT('',(-10.41845021297,-0.133749745596,
    -1.544326681429));
#10105 = CARTESIAN_POINT('',(-10.41259433006,-0.115201754885,
    -1.545906027023));
#10106 = CARTESIAN_POINT('',(-10.40751908513,-9.63832690209E-02,
    -1.54724888886));
#10107 = CARTESIAN_POINT('',(-10.40333444405,-7.736185238123E-02,
    -1.548338602657));
#10108 = CARTESIAN_POINT('',(-10.40012606213,-5.818493539603E-02,
    -1.549164502575));
#10109 = CARTESIAN_POINT('',(-10.39795587127,-3.88848584787E-02,
    -1.549719890869));
#10110 = CARTESIAN_POINT('',(-10.3968626672,-1.948391595633E-02,
    -1.550000007542));
#10111 = CARTESIAN_POINT('',(-10.39686269666,5.999999999062E-07,-1.55));
#10112 = PCURVE('',#9623,#10113);
#10113 = DEFINITIONAL_REPRESENTATION('',(#10114),#10201);
#10114 = B_SPLINE_CURVE_WITH_KNOTS('',8,(#10115,#10116,#10117,#10118,
    #10119,#10120,#10121,#10122,#10123,#10124,#10125,#10126,#10127,
    #10128,#10129,#10130,#10131,#10132,#10133,#10134,#10135,#10136,
    #10137,#10138,#10139,#10140,#10141,#10142,#10143,#10144,#10145,
    #10146,#10147,#10148,#10149,#10150,#10151,#10152,#10153,#10154,
    #10155,#10156,#10157,#10158,#10159,#10160,#10161,#10162,#10163,
    #10164,#10165,#10166,#10167,#10168,#10169,#10170,#10171,#10172,
    #10173,#10174,#10175,#10176,#10177,#10178,#10179,#10180,#10181,
    #10182,#10183,#10184,#10185,#10186,#10187,#10188,#10189,#10190,
    #10191,#10192,#10193,#10194,#10195,#10196,#10197,#10198,#10199,
    #10200),.UNSPECIFIED.,.F.,.F.,(9,7,7,7,7,7,7,7,7,7,7,7,9),(0.,
    3.830741954278E-02,9.29395990136E-02,0.161797254522,0.375198730931,
    0.422111496804,0.498810124587,0.573820947249,0.622721169753,
    0.834325084315,0.940841788979,0.969655076206,1.),.UNSPECIFIED.);
#10115 = CARTESIAN_POINT('',(1.570795939698,-10.39686269666));
#10116 = CARTESIAN_POINT('',(1.587073621204,-10.39686265851));
#10117 = CARTESIAN_POINT('',(1.603196369507,-10.39869569349));
#10118 = CARTESIAN_POINT('',(1.619176574225,-10.40230112767));
#10119 = CARTESIAN_POINT('',(1.635014411244,-10.40757431643));
#10120 = CARTESIAN_POINT('',(1.650690580537,-10.41436474911));
#10121 = CARTESIAN_POINT('',(1.666158801507,-10.42247460003));
#10122 = CARTESIAN_POINT('',(1.681338065846,-10.43165772572));
#10123 = CARTESIAN_POINT('',(1.717164029387,-10.45582554856));
#10124 = CARTESIAN_POINT('',(1.737788972161,-10.47188835149));
#10125 = CARTESIAN_POINT('',(1.758010638065,-10.48935615644));
#10126 = CARTESIAN_POINT('',(1.777849866776,-10.5078503337));
#10127 = CARTESIAN_POINT('',(1.797335022475,-10.52708276459));
#10128 = CARTESIAN_POINT('',(1.816521543267,-10.54687076571));
#10129 = CARTESIAN_POINT('',(1.835513193374,-10.56714915761));
#10130 = CARTESIAN_POINT('',(1.878396847804,-10.61423373011));
#10131 = CARTESIAN_POINT('',(1.902168625081,-10.64124633898));
#10132 = CARTESIAN_POINT('',(1.925786701067,-10.66872817664));
#10133 = CARTESIAN_POINT('',(1.949264032377,-10.69648625378));
#10134 = CARTESIAN_POINT('',(1.972638115097,-10.72440680817));
#10135 = CARTESIAN_POINT('',(1.995969081184,-10.75243900021));
#10136 = CARTESIAN_POINT('',(2.019337957291,-10.78057921564));
#10137 = CARTESIAN_POINT('',(2.115697638721,-10.89649041764));
#10138 = CARTESIAN_POINT('',(2.188809848049,-10.9841504811));
#10139 = CARTESIAN_POINT('',(2.263337724102,-11.07052888772));
#10140 = CARTESIAN_POINT('',(2.339989773326,-11.15497852494));
#10141 = CARTESIAN_POINT('',(2.419456614691,-11.23632397396));
#10142 = CARTESIAN_POINT('',(2.502279773492,-11.31305947448));
#10143 = CARTESIAN_POINT('',(2.58903959102,-11.38308360111));
#10144 = CARTESIAN_POINT('',(2.70042994665,-11.45696427673));
#10145 = CARTESIAN_POINT('',(2.720727102115,-11.4698234044));
#10146 = CARTESIAN_POINT('',(2.741244401474,-11.48219150222));
#10147 = CARTESIAN_POINT('',(2.761979597961,-11.49403310975));
#10148 = CARTESIAN_POINT('',(2.782930896249,-11.5053129911));
#10149 = CARTESIAN_POINT('',(2.804096952448,-11.51599613488));
#10150 = CARTESIAN_POINT('',(2.825476874108,-11.52604775423));
#10151 = CARTESIAN_POINT('',(2.882373617594,-11.55077788351));
#10152 = CARTESIAN_POINT('',(2.918312868315,-11.56437050803));
#10153 = CARTESIAN_POINT('',(2.954776019333,-11.5759990097));
#10154 = CARTESIAN_POINT('',(2.991661058474,-11.58549028083));
#10155 = CARTESIAN_POINT('',(3.028873501404,-11.59271048155));
#10156 = CARTESIAN_POINT('',(3.066323978601,-11.59756526458));
#10157 = CARTESIAN_POINT('',(3.103925822325,-11.6));
#10158 = CARTESIAN_POINT('',(3.178430600785,-11.6));
#10159 = CARTESIAN_POINT('',(3.215207423234,-11.59767124228));
#10160 = CARTESIAN_POINT('',(3.251841685067,-11.59302723305));
#10161 = CARTESIAN_POINT('',(3.288251663057,-11.58611825609));
#10162 = CARTESIAN_POINT('',(3.324353180362,-11.57703117388));
#10163 = CARTESIAN_POINT('',(3.36005744026,-11.56588922874));
#10164 = CARTESIAN_POINT('',(3.395268859895,-11.55285184385));
#10165 = CARTESIAN_POINT('',(3.45244810726,-11.5285069696));
#10166 = CARTESIAN_POINT('',(3.474782287091,-11.51816728166));
#10167 = CARTESIAN_POINT('',(3.49688484785,-11.50713444096));
#10168 = CARTESIAN_POINT('',(3.518754647239,-11.49544784431));
#10169 = CARTESIAN_POINT('',(3.540389996323,-11.48314720494));
#10170 = CARTESIAN_POINT('',(3.561788659523,-11.47027255253));
#10171 = CARTESIAN_POINT('',(3.582947854622,-11.4568642332));
#10172 = CARTESIAN_POINT('',(3.694374919134,-11.38280828522));
#10173 = CARTESIAN_POINT('',(3.780408013683,-11.31337697339));
#10174 = CARTESIAN_POINT('',(3.862568122997,-11.23734373918));
#10175 = CARTESIAN_POINT('',(3.941421502797,-11.15675835042));
#10176 = CARTESIAN_POINT('',(4.017499507375,-11.07309567397));
#10177 = CARTESIAN_POINT('',(4.091472940808,-10.98750339919));
#10178 = CARTESIAN_POINT('',(4.164034410799,-10.90062751175));
#10179 = CARTESIAN_POINT('',(4.272677619568,-10.76996509395));
#10180 = CARTESIAN_POINT('',(4.308022318204,-10.7273580936));
#10181 = CARTESIAN_POINT('',(4.343197219253,-10.68519774567));
#10182 = CARTESIAN_POINT('',(4.37881343772,-10.64308321695));
#10183 = CARTESIAN_POINT('',(4.415199831648,-10.60112534577));
#10184 = CARTESIAN_POINT('',(4.452358958808,-10.56013583394));
#10185 = CARTESIAN_POINT('',(4.490088715121,-10.52171869947));
#10186 = CARTESIAN_POINT('',(4.538633702528,-10.47869659516));
#10187 = CARTESIAN_POINT('',(4.549070932398,-10.46981134751));
#10188 = CARTESIAN_POINT('',(4.559615934,-10.46124050859));
#10189 = CARTESIAN_POINT('',(4.570275460516,-10.45303038044));
#10190 = CARTESIAN_POINT('',(4.581056699095,-10.44523380379));
#10191 = CARTESIAN_POINT('',(4.59196727085,-10.43791015802));
#10192 = CARTESIAN_POINT('',(4.603015230861,-10.43112536123));
#10193 = CARTESIAN_POINT('',(4.62599793966,-10.41845021297));
#10194 = CARTESIAN_POINT('',(4.638006615545,-10.41259433006));
#10195 = CARTESIAN_POINT('',(4.650176552088,-10.40751908513));
#10196 = CARTESIAN_POINT('',(4.662466144046,-10.40333444405));
#10197 = CARTESIAN_POINT('',(4.674847288224,-10.40012606213));
#10198 = CARTESIAN_POINT('',(4.68730194703,-10.39795587127));
#10199 = CARTESIAN_POINT('',(4.699818712026,-10.3968626672));
#10200 = CARTESIAN_POINT('',(4.712389367481,-10.39686269666));
#10201 = ( GEOMETRIC_REPRESENTATION_CONTEXT(2) 
PARAMETRIC_REPRESENTATION_CONTEXT() REPRESENTATION_CONTEXT('2D SPACE',''
  ) );
#10202 = PCURVE('',#9796,#10203);
#10203 = DEFINITIONAL_REPRESENTATION('',(#10204),#10291);
#10204 = B_SPLINE_CURVE_WITH_KNOTS('',8,(#10205,#10206,#10207,#10208,
    #10209,#10210,#10211,#10212,#10213,#10214,#10215,#10216,#10217,
    #10218,#10219,#10220,#10221,#10222,#10223,#10224,#10225,#10226,
    #10227,#10228,#10229,#10230,#10231,#10232,#10233,#10234,#10235,
    #10236,#10237,#10238,#10239,#10240,#10241,#10242,#10243,#10244,
    #10245,#10246,#10247,#10248,#10249,#10250,#10251,#10252,#10253,
    #10254,#10255,#10256,#10257,#10258,#10259,#10260,#10261,#10262,
    #10263,#10264,#10265,#10266,#10267,#10268,#10269,#10270,#10271,
    #10272,#10273,#10274,#10275,#10276,#10277,#10278,#10279,#10280,
    #10281,#10282,#10283,#10284,#10285,#10286,#10287,#10288,#10289,
    #10290),.UNSPECIFIED.,.F.,.F.,(9,7,7,7,7,7,7,7,7,7,7,7,9),(0.,
    3.830741954278E-02,9.29395990136E-02,0.161797254522,0.375198730931,
    0.422111496804,0.498810124587,0.573820947249,0.622721169753,
    0.834325084315,0.940841788979,0.969655076206,1.),.UNSPECIFIED.);
#10205 = CARTESIAN_POINT('',(-1.821451989131,5.999999999062E-07));
#10206 = CARTESIAN_POINT('',(-1.821451964522,-2.52298063343E-02));
#10207 = CARTESIAN_POINT('',(-1.822634565055,-5.022007493912E-02));
#10208 = CARTESIAN_POINT('',(-1.824960659576,-7.497918113491E-02));
#10209 = CARTESIAN_POINT('',(-1.828364714639,-9.949810461697E-02));
#10210 = CARTESIAN_POINT('',(-1.832753325909,-0.123738121705));
#10211 = CARTESIAN_POINT('',(-1.838003576771,-0.147619594455));
#10212 = CARTESIAN_POINT('',(-1.84396122416,-0.171011256635));
#10213 = CARTESIAN_POINT('',(-1.859676589277,-0.226106097491));
#10214 = CARTESIAN_POINT('',(-1.870149607554,-0.257725844512));
#10215 = CARTESIAN_POINT('',(-1.881578505262,-0.288612667196));
#10216 = CARTESIAN_POINT('',(-1.893730545533,-0.31878616233));
#10217 = CARTESIAN_POINT('',(-1.906429229045,-0.348280653084));
#10218 = CARTESIAN_POINT('',(-1.919564519142,-0.377173361273));
#10219 = CARTESIAN_POINT('',(-1.933103578835,-0.405612192727));
#10220 = CARTESIAN_POINT('',(-1.964745463984,-0.469425032149));
#10221 = CARTESIAN_POINT('',(-1.983039100361,-0.504515031027));
#10222 = CARTESIAN_POINT('',(-2.001815198805,-0.539067605755));
#10223 = CARTESIAN_POINT('',(-2.020966384745,-0.573079633939));
#10224 = CARTESIAN_POINT('',(-2.040436385099,-0.606584682963));
#10225 = CARTESIAN_POINT('',(-2.060211827907,-0.639646564778));
#10226 = CARTESIAN_POINT('',(-2.080315095529,-0.672352159906));
#10227 = CARTESIAN_POINT('',(-2.164278920783,-0.805375714578));
#10228 = CARTESIAN_POINT('',(-2.230476665597,-0.902031436525));
#10229 = CARTESIAN_POINT('',(-2.29923815384,-0.995498326854));
#10230 = CARTESIAN_POINT('',(-2.370994592825,-1.085536819788));
#10231 = CARTESIAN_POINT('',(-2.446091331875,-1.171480660808));
#10232 = CARTESIAN_POINT('',(-2.524957625274,-1.25195764905));
#10233 = CARTESIAN_POINT('',(-2.608029883111,-1.325035895863));
#10234 = CARTESIAN_POINT('',(-2.715128608583,-1.401877097244));
#10235 = CARTESIAN_POINT('',(-2.734660387862,-1.415239568997));
#10236 = CARTESIAN_POINT('',(-2.754419598002,-1.428081318049));
#10237 = CARTESIAN_POINT('',(-2.774403214037,-1.440367309543));
#10238 = CARTESIAN_POINT('',(-2.794608641083,-1.45206266184));
#10239 = CARTESIAN_POINT('',(-2.815033714335,-1.46313264651));
#10240 = CARTESIAN_POINT('',(-2.835676699069,-1.473542688339));
#10241 = CARTESIAN_POINT('',(-2.89064005792,-1.499142721729));
#10242 = CARTESIAN_POINT('',(-2.925385976448,-1.513200449563));
#10243 = CARTESIAN_POINT('',(-2.960662145879,-1.525217820957));
#10244 = CARTESIAN_POINT('',(-2.996365743772,-1.535020866465));
#10245 = CARTESIAN_POINT('',(-3.032400828373,-1.542475340326));
#10246 = CARTESIAN_POINT('',(-3.068676141395,-1.547486685715));
#10247 = CARTESIAN_POINT('',(-3.105102910802,-1.55));
#10248 = CARTESIAN_POINT('',(-3.177279414935,-1.55));
#10249 = CARTESIAN_POINT('',(-3.212906947096,-1.547596086395));
#10250 = CARTESIAN_POINT('',(-3.248391862558,-1.542802308602));
#10251 = CARTESIAN_POINT('',(-3.283650489692,-1.535669212741));
#10252 = CARTESIAN_POINT('',(-3.318596899393,-1.526283871732));
#10253 = CARTESIAN_POINT('',(-3.353140931707,-1.514769915395));
#10254 = CARTESIAN_POINT('',(-3.387186222459,-1.501287560555));
#10255 = CARTESIAN_POINT('',(-3.442429372001,-1.476089475392));
#10256 = CARTESIAN_POINT('',(-3.463996210444,-1.465382365145));
#10257 = CARTESIAN_POINT('',(-3.485327170717,-1.453951246578));
#10258 = CARTESIAN_POINT('',(-3.506420158305,-1.441835289616));
#10259 = CARTESIAN_POINT('',(-3.527272558691,-1.429073897922));
#10260 = CARTESIAN_POINT('',(-3.547881237353,-1.415706708905));
#10261 = CARTESIAN_POINT('',(-3.568242539763,-1.401773593716));
#10262 = CARTESIAN_POINT('',(-3.675372389597,-1.32474709824));
#10263 = CARTESIAN_POINT('',(-3.757747621919,-1.252285679138));
#10264 = CARTESIAN_POINT('',(-3.835984641049,-1.172545463261));
#10265 = CARTESIAN_POINT('',(-3.910510547087,-1.087412991811));
#10266 = CARTESIAN_POINT('',(-3.981744232938,-0.998228411304));
#10267 = CARTESIAN_POINT('',(-4.050026675442,-0.90565386726));
#10268 = CARTESIAN_POINT('',(-4.115775279101,-0.809930564383));
#10269 = CARTESIAN_POINT('',(-4.210620988713,-0.660260279955));
#10270 = CARTESIAN_POINT('',(-4.24086796771,-0.610494079409));
#10271 = CARTESIAN_POINT('',(-4.27027169396,-0.560094628416));
#10272 = CARTESIAN_POINT('',(-4.299181168629,-0.508262556533));
#10273 = CARTESIAN_POINT('',(-4.327563334695,-0.454543649016));
#10274 = CARTESIAN_POINT('',(-4.354930679209,-0.398975220358));
#10275 = CARTESIAN_POINT('',(-4.380322658772,-0.34195575094));
#10276 = CARTESIAN_POINT('',(-4.408555911181,-0.267982427524));
#10277 = CARTESIAN_POINT('',(-4.414373615332,-0.252043472484));
#10278 = CARTESIAN_POINT('',(-4.419973596663,-0.235906992084));
#10279 = CARTESIAN_POINT('',(-4.42532745075,-0.219564147755));
#10280 = CARTESIAN_POINT('',(-4.430402616678,-0.203005590616));
#10281 = CARTESIAN_POINT('',(-4.435162377039,-0.186221461478));
#10282 = CARTESIAN_POINT('',(-4.43956585793,-0.169201390842));
#10283 = CARTESIAN_POINT('',(-4.447782944593,-0.133749745596));
#10284 = CARTESIAN_POINT('',(-4.451573588163,-0.115201754885));
#10285 = CARTESIAN_POINT('',(-4.454854722965,-9.63832690209E-02));
#10286 = CARTESIAN_POINT('',(-4.457557321743,-7.736185238123E-02));
#10287 = CARTESIAN_POINT('',(-4.459627926975,-5.818493539603E-02));
#10288 = CARTESIAN_POINT('',(-4.46102801115,-3.88848584787E-02));
#10289 = CARTESIAN_POINT('',(-4.461733337053,-1.948391595633E-02));
#10290 = CARTESIAN_POINT('',(-4.461733318048,5.999999999062E-07));
#10291 = ( GEOMETRIC_REPRESENTATION_CONTEXT(2) 
PARAMETRIC_REPRESENTATION_CONTEXT() REPRESENTATION_CONTEXT('2D SPACE',''
  ) );
#10292 = ORIENTED_EDGE('',*,*,#10293,.T.);
#10293 = EDGE_CURVE('',#10022,#9697,#10294,.T.);
#10294 = SURFACE_CURVE('',#10295,(#10299,#10305),.PCURVE_S1.);
#10295 = LINE('',#10296,#10297);
#10296 = CARTESIAN_POINT('',(0.,0.,1.55));
#10297 = VECTOR('',#10298,1.);
#10298 = DIRECTION('',(1.,0.,0.));
#10299 = PCURVE('',#9623,#10300);
#10300 = DEFINITIONAL_REPRESENTATION('',(#10301),#10304);
#10301 = B_SPLINE_CURVE_WITH_KNOTS('',1,(#10302,#10303),.UNSPECIFIED.,
  .F.,.F.,(2,2),(-11.92,-8.08),.PIECEWISE_BEZIER_KNOTS.);
#10302 = CARTESIAN_POINT('',(1.570796326795,-11.92));
#10303 = CARTESIAN_POINT('',(1.570796326795,-8.08));
#10304 = ( GEOMETRIC_REPRESENTATION_CONTEXT(2) 
PARAMETRIC_REPRESENTATION_CONTEXT() REPRESENTATION_CONTEXT('2D SPACE',''
  ) );
#10305 = PCURVE('',#10306,#10311);
#10306 = PLANE('',#10307);
#10307 = AXIS2_PLACEMENT_3D('',#10308,#10309,#10310);
#10308 = CARTESIAN_POINT('',(-10.,0.,4.151676440012E-17));
#10309 = DIRECTION('',(-0.,-1.,-0.));
#10310 = DIRECTION('',(0.,0.,-1.));
#10311 = DEFINITIONAL_REPRESENTATION('',(#10312),#10315);
#10312 = B_SPLINE_CURVE_WITH_KNOTS('',1,(#10313,#10314),.UNSPECIFIED.,
  .F.,.F.,(2,2),(-11.92,-8.08),.PIECEWISE_BEZIER_KNOTS.);
#10313 = CARTESIAN_POINT('',(-1.55,-1.92));
#10314 = CARTESIAN_POINT('',(-1.55,1.92));
#10315 = ( GEOMETRIC_REPRESENTATION_CONTEXT(2) 
PARAMETRIC_REPRESENTATION_CONTEXT() REPRESENTATION_CONTEXT('2D SPACE',''
  ) );
#10316 = ADVANCED_FACE('',(#10317,#10348),#9659,.F.);
#10317 = FACE_BOUND('',#10318,.F.);
#10318 = EDGE_LOOP('',(#10319));
#10319 = ORIENTED_EDGE('',*,*,#10320,.T.);
#10320 = EDGE_CURVE('',#10321,#10321,#10323,.T.);
#10321 = VERTEX_POINT('',#10322);
#10322 = CARTESIAN_POINT('',(0.,1.7,0.));
#10323 = SURFACE_CURVE('',#10324,(#10329,#10336),.PCURVE_S1.);
#10324 = CIRCLE('',#10325,1.7);
#10325 = AXIS2_PLACEMENT_3D('',#10326,#10327,#10328);
#10326 = CARTESIAN_POINT('',(0.,0.,0.));
#10327 = DIRECTION('',(1.,0.,0.));
#10328 = DIRECTION('',(0.,1.,0.));
#10329 = PCURVE('',#9659,#10330);
#10330 = DEFINITIONAL_REPRESENTATION('',(#10331),#10335);
#10331 = CIRCLE('',#10332,1.7);
#10332 = AXIS2_PLACEMENT_2D('',#10333,#10334);
#10333 = CARTESIAN_POINT('',(0.,0.));
#10334 = DIRECTION('',(1.,0.));
#10335 = ( GEOMETRIC_REPRESENTATION_CONTEXT(2) 
PARAMETRIC_REPRESENTATION_CONTEXT() REPRESENTATION_CONTEXT('2D SPACE',''
  ) );
#10336 = PCURVE('',#10337,#10342);
#10337 = CONICAL_SURFACE('',#10338,1.7,4.467613472124E-02);
#10338 = AXIS2_PLACEMENT_3D('',#10339,#10340,#10341);
#10339 = CARTESIAN_POINT('',(0.,0.,0.));
#10340 = DIRECTION('',(-1.,-0.,-0.));
#10341 = DIRECTION('',(0.,1.,0.));
#10342 = DEFINITIONAL_REPRESENTATION('',(#10343),#10347);
#10343 = LINE('',#10344,#10345);
#10344 = CARTESIAN_POINT('',(-0.,-0.));
#10345 = VECTOR('',#10346,1.);
#10346 = DIRECTION('',(-1.,-0.));
#10347 = ( GEOMETRIC_REPRESENTATION_CONTEXT(2) 
PARAMETRIC_REPRESENTATION_CONTEXT() REPRESENTATION_CONTEXT('2D SPACE',''
  ) );
#10348 = FACE_BOUND('',#10349,.F.);
#10349 = EDGE_LOOP('',(#10350));
#10350 = ORIENTED_EDGE('',*,*,#9642,.F.);
#10351 = ADVANCED_FACE('',(#10352),#9796,.T.);
#10352 = FACE_BOUND('',#10353,.F.);
#10353 = EDGE_LOOP('',(#10354,#10355,#10378,#10405,#10406,#10407,#10429,
    #10430));
#10354 = ORIENTED_EDGE('',*,*,#9696,.T.);
#10355 = ORIENTED_EDGE('',*,*,#10356,.T.);
#10356 = EDGE_CURVE('',#9699,#10357,#10359,.T.);
#10357 = VERTEX_POINT('',#10358);
#10358 = CARTESIAN_POINT('',(-8.4,-8.,0.));
#10359 = SEAM_CURVE('',#10360,(#10364,#10371),.PCURVE_S1.);
#10360 = LINE('',#10361,#10362);
#10361 = CARTESIAN_POINT('',(-8.4,0.,0.));
#10362 = VECTOR('',#10363,1.);
#10363 = DIRECTION('',(0.,-1.,0.));
#10364 = PCURVE('',#9796,#10365);
#10365 = DEFINITIONAL_REPRESENTATION('',(#10366),#10370);
#10366 = LINE('',#10367,#10368);
#10367 = CARTESIAN_POINT('',(-6.28318530718,0.));
#10368 = VECTOR('',#10369,1.);
#10369 = DIRECTION('',(-0.,-1.));
#10370 = ( GEOMETRIC_REPRESENTATION_CONTEXT(2) 
PARAMETRIC_REPRESENTATION_CONTEXT() REPRESENTATION_CONTEXT('2D SPACE',''
  ) );
#10371 = PCURVE('',#9796,#10372);
#10372 = DEFINITIONAL_REPRESENTATION('',(#10373),#10377);
#10373 = LINE('',#10374,#10375);
#10374 = CARTESIAN_POINT('',(-0.,0.));
#10375 = VECTOR('',#10376,1.);
#10376 = DIRECTION('',(-0.,-1.));
#10377 = ( GEOMETRIC_REPRESENTATION_CONTEXT(2) 
PARAMETRIC_REPRESENTATION_CONTEXT() REPRESENTATION_CONTEXT('2D SPACE',''
  ) );
#10378 = ORIENTED_EDGE('',*,*,#10379,.T.);
#10379 = EDGE_CURVE('',#10357,#10357,#10380,.T.);
#10380 = SURFACE_CURVE('',#10381,(#10386,#10393),.PCURVE_S1.);
#10381 = CIRCLE('',#10382,1.6);
#10382 = AXIS2_PLACEMENT_3D('',#10383,#10384,#10385);
#10383 = CARTESIAN_POINT('',(-10.,-8.,0.));
#10384 = DIRECTION('',(0.,-1.,0.));
#10385 = DIRECTION('',(1.,0.,0.));
#10386 = PCURVE('',#9796,#10387);
#10387 = DEFINITIONAL_REPRESENTATION('',(#10388),#10392);
#10388 = LINE('',#10389,#10390);
#10389 = CARTESIAN_POINT('',(-0.,-8.));
#10390 = VECTOR('',#10391,1.);
#10391 = DIRECTION('',(-1.,0.));
#10392 = ( GEOMETRIC_REPRESENTATION_CONTEXT(2) 
PARAMETRIC_REPRESENTATION_CONTEXT() REPRESENTATION_CONTEXT('2D SPACE',''
  ) );
#10393 = PCURVE('',#10394,#10399);
#10394 = PLANE('',#10395);
#10395 = AXIS2_PLACEMENT_3D('',#10396,#10397,#10398);
#10396 = CARTESIAN_POINT('',(-10.,-8.,4.151676440012E-17));
#10397 = DIRECTION('',(-0.,-1.,-0.));
#10398 = DIRECTION('',(0.,0.,-1.));
#10399 = DEFINITIONAL_REPRESENTATION('',(#10400),#10404);
#10400 = CIRCLE('',#10401,1.6);
#10401 = AXIS2_PLACEMENT_2D('',#10402,#10403);
#10402 = CARTESIAN_POINT('',(4.151676440012E-17,0.));
#10403 = DIRECTION('',(0.,1.));
#10404 = ( GEOMETRIC_REPRESENTATION_CONTEXT(2) 
PARAMETRIC_REPRESENTATION_CONTEXT() REPRESENTATION_CONTEXT('2D SPACE',''
  ) );
#10405 = ORIENTED_EDGE('',*,*,#10356,.F.);
#10406 = ORIENTED_EDGE('',*,*,#9849,.T.);
#10407 = ORIENTED_EDGE('',*,*,#10408,.F.);
#10408 = EDGE_CURVE('',#9996,#9850,#10409,.T.);
#10409 = SURFACE_CURVE('',#10410,(#10415,#10422),.PCURVE_S1.);
#10410 = CIRCLE('',#10411,1.6);
#10411 = AXIS2_PLACEMENT_3D('',#10412,#10413,#10414);
#10412 = CARTESIAN_POINT('',(-10.,0.,0.));
#10413 = DIRECTION('',(0.,-1.,0.));
#10414 = DIRECTION('',(1.,0.,0.));
#10415 = PCURVE('',#9796,#10416);
#10416 = DEFINITIONAL_REPRESENTATION('',(#10417),#10421);
#10417 = LINE('',#10418,#10419);
#10418 = CARTESIAN_POINT('',(-0.,0.));
#10419 = VECTOR('',#10420,1.);
#10420 = DIRECTION('',(-1.,0.));
#10421 = ( GEOMETRIC_REPRESENTATION_CONTEXT(2) 
PARAMETRIC_REPRESENTATION_CONTEXT() REPRESENTATION_CONTEXT('2D SPACE',''
  ) );
#10422 = PCURVE('',#10010,#10423);
#10423 = DEFINITIONAL_REPRESENTATION('',(#10424),#10428);
#10424 = CIRCLE('',#10425,1.6);
#10425 = AXIS2_PLACEMENT_2D('',#10426,#10427);
#10426 = CARTESIAN_POINT('',(4.151676440012E-17,0.));
#10427 = DIRECTION('',(0.,1.));
#10428 = ( GEOMETRIC_REPRESENTATION_CONTEXT(2) 
PARAMETRIC_REPRESENTATION_CONTEXT() REPRESENTATION_CONTEXT('2D SPACE',''
  ) );
#10429 = ORIENTED_EDGE('',*,*,#10021,.F.);
#10430 = ORIENTED_EDGE('',*,*,#10431,.F.);
#10431 = EDGE_CURVE('',#9697,#10022,#10432,.T.);
#10432 = SURFACE_CURVE('',#10433,(#10438,#10445),.PCURVE_S1.);
#10433 = CIRCLE('',#10434,1.6);
#10434 = AXIS2_PLACEMENT_3D('',#10435,#10436,#10437);
#10435 = CARTESIAN_POINT('',(-10.,0.,0.));
#10436 = DIRECTION('',(0.,-1.,0.));
#10437 = DIRECTION('',(1.,0.,0.));
#10438 = PCURVE('',#9796,#10439);
#10439 = DEFINITIONAL_REPRESENTATION('',(#10440),#10444);
#10440 = LINE('',#10441,#10442);
#10441 = CARTESIAN_POINT('',(-0.,0.));
#10442 = VECTOR('',#10443,1.);
#10443 = DIRECTION('',(-1.,0.));
#10444 = ( GEOMETRIC_REPRESENTATION_CONTEXT(2) 
PARAMETRIC_REPRESENTATION_CONTEXT() REPRESENTATION_CONTEXT('2D SPACE',''
  ) );
#10445 = PCURVE('',#10306,#10446);
#10446 = DEFINITIONAL_REPRESENTATION('',(#10447),#10451);
#10447 = CIRCLE('',#10448,1.6);
#10448 = AXIS2_PLACEMENT_2D('',#10449,#10450);
#10449 = CARTESIAN_POINT('',(4.151676440012E-17,0.));
#10450 = DIRECTION('',(0.,1.));
#10451 = ( GEOMETRIC_REPRESENTATION_CONTEXT(2) 
PARAMETRIC_REPRESENTATION_CONTEXT() REPRESENTATION_CONTEXT('2D SPACE',''
  ) );
#10452 = ADVANCED_FACE('',(#10453),#10306,.F.);
#10453 = FACE_BOUND('',#10454,.F.);
#10454 = EDGE_LOOP('',(#10455,#10456));
#10455 = ORIENTED_EDGE('',*,*,#10293,.T.);
#10456 = ORIENTED_EDGE('',*,*,#10431,.T.);
#10457 = ADVANCED_FACE('',(#10458),#10010,.F.);
#10458 = FACE_BOUND('',#10459,.F.);
#10459 = EDGE_LOOP('',(#10460,#10461));
#10460 = ORIENTED_EDGE('',*,*,#10408,.T.);
#10461 = ORIENTED_EDGE('',*,*,#9995,.F.);
#10462 = ADVANCED_FACE('',(#10463),#10337,.T.);
#10463 = FACE_BOUND('',#10464,.T.);
#10464 = EDGE_LOOP('',(#10465,#10466,#10486,#10513));
#10465 = ORIENTED_EDGE('',*,*,#10320,.T.);
#10466 = ORIENTED_EDGE('',*,*,#10467,.T.);
#10467 = EDGE_CURVE('',#10321,#10468,#10470,.T.);
#10468 = VERTEX_POINT('',#10469);
#10469 = CARTESIAN_POINT('',(34.,0.18,0.));
#10470 = SEAM_CURVE('',#10471,(#10474,#10480),.PCURVE_S1.);
#10471 = B_SPLINE_CURVE_WITH_KNOTS('',1,(#10472,#10473),.UNSPECIFIED.,
  .F.,.F.,(2,2),(0.,1.),.PIECEWISE_BEZIER_KNOTS.);
#10472 = CARTESIAN_POINT('',(0.,1.7,0.));
#10473 = CARTESIAN_POINT('',(34.,0.18,0.));
#10474 = PCURVE('',#10337,#10475);
#10475 = DEFINITIONAL_REPRESENTATION('',(#10476),#10479);
#10476 = B_SPLINE_CURVE_WITH_KNOTS('',1,(#10477,#10478),.UNSPECIFIED.,
  .F.,.F.,(2,2),(0.,1.),.PIECEWISE_BEZIER_KNOTS.);
#10477 = CARTESIAN_POINT('',(-6.28318530718,0.));
#10478 = CARTESIAN_POINT('',(-6.28318530718,-34.));
#10479 = ( GEOMETRIC_REPRESENTATION_CONTEXT(2) 
PARAMETRIC_REPRESENTATION_CONTEXT() REPRESENTATION_CONTEXT('2D SPACE',''
  ) );
#10480 = PCURVE('',#10337,#10481);
#10481 = DEFINITIONAL_REPRESENTATION('',(#10482),#10485);
#10482 = B_SPLINE_CURVE_WITH_KNOTS('',1,(#10483,#10484),.UNSPECIFIED.,
  .F.,.F.,(2,2),(0.,1.),.PIECEWISE_BEZIER_KNOTS.);
#10483 = CARTESIAN_POINT('',(0.,0.));
#10484 = CARTESIAN_POINT('',(0.,-34.));
#10485 = ( GEOMETRIC_REPRESENTATION_CONTEXT(2) 
PARAMETRIC_REPRESENTATION_CONTEXT() REPRESENTATION_CONTEXT('2D SPACE',''
  ) );
#10486 = ORIENTED_EDGE('',*,*,#10487,.F.);
#10487 = EDGE_CURVE('',#10468,#10468,#10488,.T.);
#10488 = SURFACE_CURVE('',#10489,(#10494,#10501),.PCURVE_S1.);
#10489 = CIRCLE('',#10490,0.18);
#10490 = AXIS2_PLACEMENT_3D('',#10491,#10492,#10493);
#10491 = CARTESIAN_POINT('',(34.,0.,0.));
#10492 = DIRECTION('',(1.,0.,0.));
#10493 = DIRECTION('',(0.,1.,0.));
#10494 = PCURVE('',#10337,#10495);
#10495 = DEFINITIONAL_REPRESENTATION('',(#10496),#10500);
#10496 = LINE('',#10497,#10498);
#10497 = CARTESIAN_POINT('',(-0.,-34.));
#10498 = VECTOR('',#10499,1.);
#10499 = DIRECTION('',(-1.,-0.));
#10500 = ( GEOMETRIC_REPRESENTATION_CONTEXT(2) 
PARAMETRIC_REPRESENTATION_CONTEXT() REPRESENTATION_CONTEXT('2D SPACE',''
  ) );
#10501 = PCURVE('',#10502,#10507);
#10502 = PLANE('',#10503);
#10503 = AXIS2_PLACEMENT_3D('',#10504,#10505,#10506);
#10504 = CARTESIAN_POINT('',(34.,0.,0.));
#10505 = DIRECTION('',(1.,0.,0.));
#10506 = DIRECTION('',(0.,1.,0.));
#10507 = DEFINITIONAL_REPRESENTATION('',(#10508),#10512);
#10508 = CIRCLE('',#10509,0.18);
#10509 = AXIS2_PLACEMENT_2D('',#10510,#10511);
#10510 = CARTESIAN_POINT('',(0.,0.));
#10511 = DIRECTION('',(1.,0.));
#10512 = ( GEOMETRIC_REPRESENTATION_CONTEXT(2) 
PARAMETRIC_REPRESENTATION_CONTEXT() REPRESENTATION_CONTEXT('2D SPACE',''
  ) );
#10513 = ORIENTED_EDGE('',*,*,#10467,.F.);
#10514 = ADVANCED_FACE('',(#10515),#10394,.T.);
#10515 = FACE_BOUND('',#10516,.T.);
#10516 = EDGE_LOOP('',(#10517));
#10517 = ORIENTED_EDGE('',*,*,#10379,.T.);
#10518 = ADVANCED_FACE('',(#10519),#10502,.T.);
#10519 = FACE_BOUND('',#10520,.T.);
#10520 = EDGE_LOOP('',(#10521));
#10521 = ORIENTED_EDGE('',*,*,#10487,.T.);
#10522 = ( GEOMETRIC_REPRESENTATION_CONTEXT(3) 
GLOBAL_UNCERTAINTY_ASSIGNED_CONTEXT((#10526)) 
GLOBAL_UNIT_ASSIGNED_CONTEXT((#10523,#10524,#10525)) 
REPRESENTATION_CONTEXT('Context #1',
  '3D Context with UNIT and UNCERTAINTY') );
#10523 = ( LENGTH_UNIT() NAMED_UNIT(*) SI_UNIT(.MILLI.,.METRE.) );
#10524 = ( NAMED_UNIT(*) PLANE_ANGLE_UNIT() SI_UNIT($,.RADIAN.) );
#10525 = ( NAMED_UNIT(*) SI_UNIT($,.STERADIAN.) SOLID_ANGLE_UNIT() );
#10526 = UNCERTAINTY_MEASURE_WITH_UNIT(LENGTH_MEASURE(1.E-07),#10523,
  'distance_accuracy_value','confusion accuracy');
#10527 = CONTEXT_DEPENDENT_SHAPE_REPRESENTATION(#10528,#10530);
#10528 = ( REPRESENTATION_RELATIONSHIP('','',#9508,#10) 
REPRESENTATION_RELATIONSHIP_WITH_TRANSFORMATION(#10529) 
SHAPE_REPRESENTATION_RELATIONSHIP() );
#10529 = ITEM_DEFINED_TRANSFORMATION('','',#11,#35);
#10530 = PRODUCT_DEFINITION_SHAPE('Placement','Placement of an item',
  #10531);
#10531 = NEXT_ASSEMBLY_USAGE_OCCURRENCE('6','06-spike','',#5,#9503,$);
#10532 = PRODUCT_RELATED_PRODUCT_CATEGORY('part',$,(#9505));
#10533 = SHAPE_DEFINITION_REPRESENTATION(#10534,#10540);
#10534 = PRODUCT_DEFINITION_SHAPE('','',#10535);
#10535 = PRODUCT_DEFINITION('design','',#10536,#10539);
#10536 = PRODUCT_DEFINITION_FORMATION('','',#10537);
#10537 = PRODUCT('07-togi','07-togi','',(#10538));
#10538 = PRODUCT_CONTEXT('',#2,'mechanical');
#10539 = PRODUCT_DEFINITION_CONTEXT('part definition',#2,'design');
#10540 = ADVANCED_BREP_SHAPE_REPRESENTATION('',(#11,#10541),#13261);
#10541 = MANIFOLD_SOLID_BREP('',#10542);
#10542 = CLOSED_SHELL('',(#10543,#10663,#10751,#10828,#10905,#10983,
    #11036,#11089,#11165,#11218,#11424,#11477,#11683,#11873,#11898,
    #11923,#12001,#12026,#12051,#12098,#12126,#12179,#12232,#12257,
    #12282,#12329,#12357,#12405,#12453,#12480,#12614,#12663,#12778,
    #12891,#12898,#12925,#13138,#13197,#13222,#13229,#13254));
#10543 = ADVANCED_FACE('',(#10544),#10558,.F.);
#10544 = FACE_BOUND('',#10545,.F.);
#10545 = EDGE_LOOP('',(#10546,#10581,#10609,#10637));
#10546 = ORIENTED_EDGE('',*,*,#10547,.F.);
#10547 = EDGE_CURVE('',#10548,#10550,#10552,.T.);
#10548 = VERTEX_POINT('',#10549);
#10549 = CARTESIAN_POINT('',(-26.,-8.2,-1.25));
#10550 = VERTEX_POINT('',#10551);
#10551 = CARTESIAN_POINT('',(-26.,-8.2,1.25));
#10552 = SURFACE_CURVE('',#10553,(#10557,#10569),.PCURVE_S1.);
#10553 = LINE('',#10554,#10555);
#10554 = CARTESIAN_POINT('',(-26.,-8.2,-1.4));
#10555 = VECTOR('',#10556,1.);
#10556 = DIRECTION('',(0.,0.,1.));
#10557 = PCURVE('',#10558,#10563);
#10558 = PLANE('',#10559);
#10559 = AXIS2_PLACEMENT_3D('',#10560,#10561,#10562);
#10560 = CARTESIAN_POINT('',(-26.,-9.,-1.4));
#10561 = DIRECTION('',(1.,0.,0.));
#10562 = DIRECTION('',(0.,0.,1.));
#10563 = DEFINITIONAL_REPRESENTATION('',(#10564),#10568);
#10564 = LINE('',#10565,#10566);
#10565 = CARTESIAN_POINT('',(0.,-0.8));
#10566 = VECTOR('',#10567,1.);
#10567 = DIRECTION('',(1.,0.));
#10568 = ( GEOMETRIC_REPRESENTATION_CONTEXT(2) 
PARAMETRIC_REPRESENTATION_CONTEXT() REPRESENTATION_CONTEXT('2D SPACE',''
  ) );
#10569 = PCURVE('',#10570,#10575);
#10570 = CYLINDRICAL_SURFACE('',#10571,0.8);
#10571 = AXIS2_PLACEMENT_3D('',#10572,#10573,#10574);
#10572 = CARTESIAN_POINT('',(-25.2,-8.2,-1.4));
#10573 = DIRECTION('',(0.,0.,1.));
#10574 = DIRECTION('',(-1.,-0.,0.));
#10575 = DEFINITIONAL_REPRESENTATION('',(#10576),#10580);
#10576 = LINE('',#10577,#10578);
#10577 = CARTESIAN_POINT('',(0.,0.));
#10578 = VECTOR('',#10579,1.);
#10579 = DIRECTION('',(0.,1.));
#10580 = ( GEOMETRIC_REPRESENTATION_CONTEXT(2) 
PARAMETRIC_REPRESENTATION_CONTEXT() REPRESENTATION_CONTEXT('2D SPACE',''
  ) );
#10581 = ORIENTED_EDGE('',*,*,#10582,.F.);
#10582 = EDGE_CURVE('',#10583,#10548,#10585,.T.);
#10583 = VERTEX_POINT('',#10584);
#10584 = CARTESIAN_POINT('',(-26.,8.2,-1.25));
#10585 = SURFACE_CURVE('',#10586,(#10590,#10597),.PCURVE_S1.);
#10586 = LINE('',#10587,#10588);
#10587 = CARTESIAN_POINT('',(-26.,8.2,-1.25));
#10588 = VECTOR('',#10589,1.);
#10589 = DIRECTION('',(-0.,-1.,-0.));
#10590 = PCURVE('',#10558,#10591);
#10591 = DEFINITIONAL_REPRESENTATION('',(#10592),#10596);
#10592 = LINE('',#10593,#10594);
#10593 = CARTESIAN_POINT('',(0.15,-17.2));
#10594 = VECTOR('',#10595,1.);
#10595 = DIRECTION('',(-0.,1.));
#10596 = ( GEOMETRIC_REPRESENTATION_CONTEXT(2) 
PARAMETRIC_REPRESENTATION_CONTEXT() REPRESENTATION_CONTEXT('2D SPACE',''
  ) );
#10597 = PCURVE('',#10598,#10603);
#10598 = PLANE('',#10599);
#10599 = AXIS2_PLACEMENT_3D('',#10600,#10601,#10602);
#10600 = CARTESIAN_POINT('',(-25.925,8.2,-1.325));
#10601 = DIRECTION('',(-0.707106781187,0.,-0.707106781187));
#10602 = DIRECTION('',(-0.,1.,0.));
#10603 = DEFINITIONAL_REPRESENTATION('',(#10604),#10608);
#10604 = LINE('',#10605,#10606);
#10605 = CARTESIAN_POINT('',(-0.,-0.106066017178));
#10606 = VECTOR('',#10607,1.);
#10607 = DIRECTION('',(-1.,0.));
#10608 = ( GEOMETRIC_REPRESENTATION_CONTEXT(2) 
PARAMETRIC_REPRESENTATION_CONTEXT() REPRESENTATION_CONTEXT('2D SPACE',''
  ) );
#10609 = ORIENTED_EDGE('',*,*,#10610,.T.);
#10610 = EDGE_CURVE('',#10583,#10611,#10613,.T.);
#10611 = VERTEX_POINT('',#10612);
#10612 = CARTESIAN_POINT('',(-26.,8.2,1.25));
#10613 = SURFACE_CURVE('',#10614,(#10618,#10625),.PCURVE_S1.);
#10614 = LINE('',#10615,#10616);
#10615 = CARTESIAN_POINT('',(-26.,8.2,-1.4));
#10616 = VECTOR('',#10617,1.);
#10617 = DIRECTION('',(0.,0.,1.));
#10618 = PCURVE('',#10558,#10619);
#10619 = DEFINITIONAL_REPRESENTATION('',(#10620),#10624);
#10620 = LINE('',#10621,#10622);
#10621 = CARTESIAN_POINT('',(0.,-17.2));
#10622 = VECTOR('',#10623,1.);
#10623 = DIRECTION('',(1.,0.));
#10624 = ( GEOMETRIC_REPRESENTATION_CONTEXT(2) 
PARAMETRIC_REPRESENTATION_CONTEXT() REPRESENTATION_CONTEXT('2D SPACE',''
  ) );
#10625 = PCURVE('',#10626,#10631);
#10626 = CYLINDRICAL_SURFACE('',#10627,0.8);
#10627 = AXIS2_PLACEMENT_3D('',#10628,#10629,#10630);
#10628 = CARTESIAN_POINT('',(-25.2,8.2,-1.4));
#10629 = DIRECTION('',(0.,0.,1.));
#10630 = DIRECTION('',(-1.,-0.,0.));
#10631 = DEFINITIONAL_REPRESENTATION('',(#10632),#10636);
#10632 = LINE('',#10633,#10634);
#10633 = CARTESIAN_POINT('',(-0.,0.));
#10634 = VECTOR('',#10635,1.);
#10635 = DIRECTION('',(-0.,1.));
#10636 = ( GEOMETRIC_REPRESENTATION_CONTEXT(2) 
PARAMETRIC_REPRESENTATION_CONTEXT() REPRESENTATION_CONTEXT('2D SPACE',''
  ) );
#10637 = ORIENTED_EDGE('',*,*,#10638,.T.);
#10638 = EDGE_CURVE('',#10611,#10550,#10639,.T.);
#10639 = SURFACE_CURVE('',#10640,(#10644,#10651),.PCURVE_S1.);
#10640 = LINE('',#10641,#10642);
#10641 = CARTESIAN_POINT('',(-26.,8.2,1.25));
#10642 = VECTOR('',#10643,1.);
#10643 = DIRECTION('',(-0.,-1.,-0.));
#10644 = PCURVE('',#10558,#10645);
#10645 = DEFINITIONAL_REPRESENTATION('',(#10646),#10650);
#10646 = LINE('',#10647,#10648);
#10647 = CARTESIAN_POINT('',(2.65,-17.2));
#10648 = VECTOR('',#10649,1.);
#10649 = DIRECTION('',(-0.,1.));
#10650 = ( GEOMETRIC_REPRESENTATION_CONTEXT(2) 
PARAMETRIC_REPRESENTATION_CONTEXT() REPRESENTATION_CONTEXT('2D SPACE',''
  ) );
#10651 = PCURVE('',#10652,#10657);
#10652 = PLANE('',#10653);
#10653 = AXIS2_PLACEMENT_3D('',#10654,#10655,#10656);
#10654 = CARTESIAN_POINT('',(-25.925,8.2,1.325));
#10655 = DIRECTION('',(0.707106781187,0.,-0.707106781187));
#10656 = DIRECTION('',(0.,-1.,-0.));
#10657 = DEFINITIONAL_REPRESENTATION('',(#10658),#10662);
#10658 = LINE('',#10659,#10660);
#10659 = CARTESIAN_POINT('',(0.,0.106066017178));
#10660 = VECTOR('',#10661,1.);
#10661 = DIRECTION('',(1.,0.));
#10662 = ( GEOMETRIC_REPRESENTATION_CONTEXT(2) 
PARAMETRIC_REPRESENTATION_CONTEXT() REPRESENTATION_CONTEXT('2D SPACE',''
  ) );
#10663 = ADVANCED_FACE('',(#10664),#10570,.T.);
#10664 = FACE_BOUND('',#10665,.T.);
#10665 = EDGE_LOOP('',(#10666,#10667,#10696,#10724));
#10666 = ORIENTED_EDGE('',*,*,#10547,.F.);
#10667 = ORIENTED_EDGE('',*,*,#10668,.T.);
#10668 = EDGE_CURVE('',#10548,#10669,#10671,.T.);
#10669 = VERTEX_POINT('',#10670);
#10670 = CARTESIAN_POINT('',(-25.2,-9.,-1.25));
#10671 = SURFACE_CURVE('',#10672,(#10677,#10684),.PCURVE_S1.);
#10672 = CIRCLE('',#10673,0.8);
#10673 = AXIS2_PLACEMENT_3D('',#10674,#10675,#10676);
#10674 = CARTESIAN_POINT('',(-25.2,-8.2,-1.25));
#10675 = DIRECTION('',(0.,0.,1.));
#10676 = DIRECTION('',(-1.,0.,0.));
#10677 = PCURVE('',#10570,#10678);
#10678 = DEFINITIONAL_REPRESENTATION('',(#10679),#10683);
#10679 = LINE('',#10680,#10681);
#10680 = CARTESIAN_POINT('',(0.,0.15));
#10681 = VECTOR('',#10682,1.);
#10682 = DIRECTION('',(1.,0.));
#10683 = ( GEOMETRIC_REPRESENTATION_CONTEXT(2) 
PARAMETRIC_REPRESENTATION_CONTEXT() REPRESENTATION_CONTEXT('2D SPACE',''
  ) );
#10684 = PCURVE('',#10685,#10690);
#10685 = CONICAL_SURFACE('',#10686,0.8,0.785398163397);
#10686 = AXIS2_PLACEMENT_3D('',#10687,#10688,#10689);
#10687 = CARTESIAN_POINT('',(-25.2,-8.2,-1.25));
#10688 = DIRECTION('',(0.,0.,1.));
#10689 = DIRECTION('',(-1.,0.,0.));
#10690 = DEFINITIONAL_REPRESENTATION('',(#10691),#10695);
#10691 = LINE('',#10692,#10693);
#10692 = CARTESIAN_POINT('',(0.,-0.));
#10693 = VECTOR('',#10694,1.);
#10694 = DIRECTION('',(1.,-0.));
#10695 = ( GEOMETRIC_REPRESENTATION_CONTEXT(2) 
PARAMETRIC_REPRESENTATION_CONTEXT() REPRESENTATION_CONTEXT('2D SPACE',''
  ) );
#10696 = ORIENTED_EDGE('',*,*,#10697,.T.);
#10697 = EDGE_CURVE('',#10669,#10698,#10700,.T.);
#10698 = VERTEX_POINT('',#10699);
#10699 = CARTESIAN_POINT('',(-25.2,-9.,1.25));
#10700 = SURFACE_CURVE('',#10701,(#10705,#10712),.PCURVE_S1.);
#10701 = LINE('',#10702,#10703);
#10702 = CARTESIAN_POINT('',(-25.2,-9.,-1.4));
#10703 = VECTOR('',#10704,1.);
#10704 = DIRECTION('',(0.,0.,1.));
#10705 = PCURVE('',#10570,#10706);
#10706 = DEFINITIONAL_REPRESENTATION('',(#10707),#10711);
#10707 = LINE('',#10708,#10709);
#10708 = CARTESIAN_POINT('',(1.570796326795,0.));
#10709 = VECTOR('',#10710,1.);
#10710 = DIRECTION('',(0.,1.));
#10711 = ( GEOMETRIC_REPRESENTATION_CONTEXT(2) 
PARAMETRIC_REPRESENTATION_CONTEXT() REPRESENTATION_CONTEXT('2D SPACE',''
  ) );
#10712 = PCURVE('',#10713,#10718);
#10713 = PLANE('',#10714);
#10714 = AXIS2_PLACEMENT_3D('',#10715,#10716,#10717);
#10715 = CARTESIAN_POINT('',(-26.,-9.,-1.4));
#10716 = DIRECTION('',(0.,1.,0.));
#10717 = DIRECTION('',(0.,0.,1.));
#10718 = DEFINITIONAL_REPRESENTATION('',(#10719),#10723);
#10719 = LINE('',#10720,#10721);
#10720 = CARTESIAN_POINT('',(0.,0.8));
#10721 = VECTOR('',#10722,1.);
#10722 = DIRECTION('',(1.,0.));
#10723 = ( GEOMETRIC_REPRESENTATION_CONTEXT(2) 
PARAMETRIC_REPRESENTATION_CONTEXT() REPRESENTATION_CONTEXT('2D SPACE',''
  ) );
#10724 = ORIENTED_EDGE('',*,*,#10725,.F.);
#10725 = EDGE_CURVE('',#10550,#10698,#10726,.T.);
#10726 = SURFACE_CURVE('',#10727,(#10732,#10739),.PCURVE_S1.);
#10727 = CIRCLE('',#10728,0.8);
#10728 = AXIS2_PLACEMENT_3D('',#10729,#10730,#10731);
#10729 = CARTESIAN_POINT('',(-25.2,-8.2,1.25));
#10730 = DIRECTION('',(0.,0.,1.));
#10731 = DIRECTION('',(-1.,0.,0.));
#10732 = PCURVE('',#10570,#10733);
#10733 = DEFINITIONAL_REPRESENTATION('',(#10734),#10738);
#10734 = LINE('',#10735,#10736);
#10735 = CARTESIAN_POINT('',(0.,2.65));
#10736 = VECTOR('',#10737,1.);
#10737 = DIRECTION('',(1.,0.));
#10738 = ( GEOMETRIC_REPRESENTATION_CONTEXT(2) 
PARAMETRIC_REPRESENTATION_CONTEXT() REPRESENTATION_CONTEXT('2D SPACE',''
  ) );
#10739 = PCURVE('',#10740,#10745);
#10740 = CONICAL_SURFACE('',#10741,0.8,0.785398163397);
#10741 = AXIS2_PLACEMENT_3D('',#10742,#10743,#10744);
#10742 = CARTESIAN_POINT('',(-25.2,-8.2,1.25));
#10743 = DIRECTION('',(-0.,-0.,-1.));
#10744 = DIRECTION('',(-1.,0.,0.));
#10745 = DEFINITIONAL_REPRESENTATION('',(#10746),#10750);
#10746 = LINE('',#10747,#10748);
#10747 = CARTESIAN_POINT('',(-0.,0.));
#10748 = VECTOR('',#10749,1.);
#10749 = DIRECTION('',(-1.,0.));
#10750 = ( GEOMETRIC_REPRESENTATION_CONTEXT(2) 
PARAMETRIC_REPRESENTATION_CONTEXT() REPRESENTATION_CONTEXT('2D SPACE',''
  ) );
#10751 = ADVANCED_FACE('',(#10752),#10598,.T.);
#10752 = FACE_BOUND('',#10753,.F.);
#10753 = EDGE_LOOP('',(#10754,#10780,#10781,#10802));
#10754 = ORIENTED_EDGE('',*,*,#10755,.F.);
#10755 = EDGE_CURVE('',#10583,#10756,#10758,.T.);
#10756 = VERTEX_POINT('',#10757);
#10757 = CARTESIAN_POINT('',(-25.85,8.2,-1.4));
#10758 = SURFACE_CURVE('',#10759,(#10763,#10769),.PCURVE_S1.);
#10759 = LINE('',#10760,#10761);
#10760 = CARTESIAN_POINT('',(-26.,8.2,-1.25));
#10761 = VECTOR('',#10762,1.);
#10762 = DIRECTION('',(0.707106781187,-4.329780281177E-17,
    -0.707106781187));
#10763 = PCURVE('',#10598,#10764);
#10764 = DEFINITIONAL_REPRESENTATION('',(#10765),#10768);
#10765 = B_SPLINE_CURVE_WITH_KNOTS('',1,(#10766,#10767),.UNSPECIFIED.,
  .F.,.F.,(2,2),(0.,0.212132034356),.PIECEWISE_BEZIER_KNOTS.);
#10766 = CARTESIAN_POINT('',(0.,-0.106066017178));
#10767 = CARTESIAN_POINT('',(0.,0.106066017178));
#10768 = ( GEOMETRIC_REPRESENTATION_CONTEXT(2) 
PARAMETRIC_REPRESENTATION_CONTEXT() REPRESENTATION_CONTEXT('2D SPACE',''
  ) );
#10769 = PCURVE('',#10770,#10775);
#10770 = CONICAL_SURFACE('',#10771,0.8,0.785398163397);
#10771 = AXIS2_PLACEMENT_3D('',#10772,#10773,#10774);
#10772 = CARTESIAN_POINT('',(-25.2,8.2,-1.25));
#10773 = DIRECTION('',(0.,0.,1.));
#10774 = DIRECTION('',(0.,1.,0.));
#10775 = DEFINITIONAL_REPRESENTATION('',(#10776),#10779);
#10776 = B_SPLINE_CURVE_WITH_KNOTS('',1,(#10777,#10778),.UNSPECIFIED.,
  .F.,.F.,(2,2),(0.,0.212132034356),.PIECEWISE_BEZIER_KNOTS.);
#10777 = CARTESIAN_POINT('',(1.570796326795,0.));
#10778 = CARTESIAN_POINT('',(1.570796326795,-0.15));
#10779 = ( GEOMETRIC_REPRESENTATION_CONTEXT(2) 
PARAMETRIC_REPRESENTATION_CONTEXT() REPRESENTATION_CONTEXT('2D SPACE',''
  ) );
#10780 = ORIENTED_EDGE('',*,*,#10582,.T.);
#10781 = ORIENTED_EDGE('',*,*,#10782,.T.);
#10782 = EDGE_CURVE('',#10548,#10783,#10785,.T.);
#10783 = VERTEX_POINT('',#10784);
#10784 = CARTESIAN_POINT('',(-25.85,-8.2,-1.4));
#10785 = SURFACE_CURVE('',#10786,(#10790,#10796),.PCURVE_S1.);
#10786 = LINE('',#10787,#10788);
#10787 = CARTESIAN_POINT('',(-26.,-8.2,-1.25));
#10788 = VECTOR('',#10789,1.);
#10789 = DIRECTION('',(0.707106781187,0.,-0.707106781187));
#10790 = PCURVE('',#10598,#10791);
#10791 = DEFINITIONAL_REPRESENTATION('',(#10792),#10795);
#10792 = B_SPLINE_CURVE_WITH_KNOTS('',1,(#10793,#10794),.UNSPECIFIED.,
  .F.,.F.,(2,2),(0.,0.212132034356),.PIECEWISE_BEZIER_KNOTS.);
#10793 = CARTESIAN_POINT('',(-16.4,-0.106066017178));
#10794 = CARTESIAN_POINT('',(-16.4,0.106066017178));
#10795 = ( GEOMETRIC_REPRESENTATION_CONTEXT(2) 
PARAMETRIC_REPRESENTATION_CONTEXT() REPRESENTATION_CONTEXT('2D SPACE',''
  ) );
#10796 = PCURVE('',#10685,#10797);
#10797 = DEFINITIONAL_REPRESENTATION('',(#10798),#10801);
#10798 = B_SPLINE_CURVE_WITH_KNOTS('',1,(#10799,#10800),.UNSPECIFIED.,
  .F.,.F.,(2,2),(0.,0.212132034356),.PIECEWISE_BEZIER_KNOTS.);
#10799 = CARTESIAN_POINT('',(0.,0.));
#10800 = CARTESIAN_POINT('',(0.,-0.15));
#10801 = ( GEOMETRIC_REPRESENTATION_CONTEXT(2) 
PARAMETRIC_REPRESENTATION_CONTEXT() REPRESENTATION_CONTEXT('2D SPACE',''
  ) );
#10802 = ORIENTED_EDGE('',*,*,#10803,.F.);
#10803 = EDGE_CURVE('',#10756,#10783,#10804,.T.);
#10804 = SURFACE_CURVE('',#10805,(#10809,#10816),.PCURVE_S1.);
#10805 = LINE('',#10806,#10807);
#10806 = CARTESIAN_POINT('',(-25.85,8.2,-1.4));
#10807 = VECTOR('',#10808,1.);
#10808 = DIRECTION('',(-0.,-1.,-0.));
#10809 = PCURVE('',#10598,#10810);
#10810 = DEFINITIONAL_REPRESENTATION('',(#10811),#10815);
#10811 = LINE('',#10812,#10813);
#10812 = CARTESIAN_POINT('',(-0.,0.106066017178));
#10813 = VECTOR('',#10814,1.);
#10814 = DIRECTION('',(-1.,0.));
#10815 = ( GEOMETRIC_REPRESENTATION_CONTEXT(2) 
PARAMETRIC_REPRESENTATION_CONTEXT() REPRESENTATION_CONTEXT('2D SPACE',''
  ) );
#10816 = PCURVE('',#10817,#10822);
#10817 = PLANE('',#10818);
#10818 = AXIS2_PLACEMENT_3D('',#10819,#10820,#10821);
#10819 = CARTESIAN_POINT('',(-26.,-9.,-1.4));
#10820 = DIRECTION('',(0.,0.,1.));
#10821 = DIRECTION('',(1.,0.,0.));
#10822 = DEFINITIONAL_REPRESENTATION('',(#10823),#10827);
#10823 = LINE('',#10824,#10825);
#10824 = CARTESIAN_POINT('',(0.15,17.2));
#10825 = VECTOR('',#10826,1.);
#10826 = DIRECTION('',(-0.,-1.));
#10827 = ( GEOMETRIC_REPRESENTATION_CONTEXT(2) 
PARAMETRIC_REPRESENTATION_CONTEXT() REPRESENTATION_CONTEXT('2D SPACE',''
  ) );
#10828 = ADVANCED_FACE('',(#10829),#10652,.F.);
#10829 = FACE_BOUND('',#10830,.F.);
#10830 = EDGE_LOOP('',(#10831,#10857,#10885,#10904));
#10831 = ORIENTED_EDGE('',*,*,#10832,.F.);
#10832 = EDGE_CURVE('',#10833,#10611,#10835,.T.);
#10833 = VERTEX_POINT('',#10834);
#10834 = CARTESIAN_POINT('',(-25.85,8.2,1.4));
#10835 = SURFACE_CURVE('',#10836,(#10840,#10846),.PCURVE_S1.);
#10836 = LINE('',#10837,#10838);
#10837 = CARTESIAN_POINT('',(-26.,8.2,1.25));
#10838 = VECTOR('',#10839,1.);
#10839 = DIRECTION('',(-0.707106781187,4.329780281177E-17,
    -0.707106781187));
#10840 = PCURVE('',#10652,#10841);
#10841 = DEFINITIONAL_REPRESENTATION('',(#10842),#10845);
#10842 = B_SPLINE_CURVE_WITH_KNOTS('',1,(#10843,#10844),.UNSPECIFIED.,
  .F.,.F.,(2,2),(-0.212132034356,0.),.PIECEWISE_BEZIER_KNOTS.);
#10843 = CARTESIAN_POINT('',(0.,-0.106066017178));
#10844 = CARTESIAN_POINT('',(0.,0.106066017178));
#10845 = ( GEOMETRIC_REPRESENTATION_CONTEXT(2) 
PARAMETRIC_REPRESENTATION_CONTEXT() REPRESENTATION_CONTEXT('2D SPACE',''
  ) );
#10846 = PCURVE('',#10847,#10852);
#10847 = CONICAL_SURFACE('',#10848,0.8,0.785398163397);
#10848 = AXIS2_PLACEMENT_3D('',#10849,#10850,#10851);
#10849 = CARTESIAN_POINT('',(-25.2,8.2,1.25));
#10850 = DIRECTION('',(-0.,-0.,-1.));
#10851 = DIRECTION('',(0.,1.,-0.));
#10852 = DEFINITIONAL_REPRESENTATION('',(#10853),#10856);
#10853 = B_SPLINE_CURVE_WITH_KNOTS('',1,(#10854,#10855),.UNSPECIFIED.,
  .F.,.F.,(2,2),(-0.212132034356,0.),.PIECEWISE_BEZIER_KNOTS.);
#10854 = CARTESIAN_POINT('',(-1.570796326795,-0.15));
#10855 = CARTESIAN_POINT('',(-1.570796326795,0.));
#10856 = ( GEOMETRIC_REPRESENTATION_CONTEXT(2) 
PARAMETRIC_REPRESENTATION_CONTEXT() REPRESENTATION_CONTEXT('2D SPACE',''
  ) );
#10857 = ORIENTED_EDGE('',*,*,#10858,.T.);
#10858 = EDGE_CURVE('',#10833,#10859,#10861,.T.);
#10859 = VERTEX_POINT('',#10860);
#10860 = CARTESIAN_POINT('',(-25.85,-8.2,1.4));
#10861 = SURFACE_CURVE('',#10862,(#10866,#10873),.PCURVE_S1.);
#10862 = LINE('',#10863,#10864);
#10863 = CARTESIAN_POINT('',(-25.85,8.2,1.4));
#10864 = VECTOR('',#10865,1.);
#10865 = DIRECTION('',(-0.,-1.,-0.));
#10866 = PCURVE('',#10652,#10867);
#10867 = DEFINITIONAL_REPRESENTATION('',(#10868),#10872);
#10868 = LINE('',#10869,#10870);
#10869 = CARTESIAN_POINT('',(0.,-0.106066017178));
#10870 = VECTOR('',#10871,1.);
#10871 = DIRECTION('',(1.,0.));
#10872 = ( GEOMETRIC_REPRESENTATION_CONTEXT(2) 
PARAMETRIC_REPRESENTATION_CONTEXT() REPRESENTATION_CONTEXT('2D SPACE',''
  ) );
#10873 = PCURVE('',#10874,#10879);
#10874 = PLANE('',#10875);
#10875 = AXIS2_PLACEMENT_3D('',#10876,#10877,#10878);
#10876 = CARTESIAN_POINT('',(-26.,-9.,1.4));
#10877 = DIRECTION('',(0.,0.,1.));
#10878 = DIRECTION('',(1.,0.,0.));
#10879 = DEFINITIONAL_REPRESENTATION('',(#10880),#10884);
#10880 = LINE('',#10881,#10882);
#10881 = CARTESIAN_POINT('',(0.15,17.2));
#10882 = VECTOR('',#10883,1.);
#10883 = DIRECTION('',(-0.,-1.));
#10884 = ( GEOMETRIC_REPRESENTATION_CONTEXT(2) 
PARAMETRIC_REPRESENTATION_CONTEXT() REPRESENTATION_CONTEXT('2D SPACE',''
  ) );
#10885 = ORIENTED_EDGE('',*,*,#10886,.T.);
#10886 = EDGE_CURVE('',#10859,#10550,#10887,.T.);
#10887 = SURFACE_CURVE('',#10888,(#10892,#10898),.PCURVE_S1.);
#10888 = LINE('',#10889,#10890);
#10889 = CARTESIAN_POINT('',(-26.,-8.2,1.25));
#10890 = VECTOR('',#10891,1.);
#10891 = DIRECTION('',(-0.707106781187,0.,-0.707106781187));
#10892 = PCURVE('',#10652,#10893);
#10893 = DEFINITIONAL_REPRESENTATION('',(#10894),#10897);
#10894 = B_SPLINE_CURVE_WITH_KNOTS('',1,(#10895,#10896),.UNSPECIFIED.,
  .F.,.F.,(2,2),(-0.212132034356,0.),.PIECEWISE_BEZIER_KNOTS.);
#10895 = CARTESIAN_POINT('',(16.4,-0.106066017178));
#10896 = CARTESIAN_POINT('',(16.4,0.106066017178));
#10897 = ( GEOMETRIC_REPRESENTATION_CONTEXT(2) 
PARAMETRIC_REPRESENTATION_CONTEXT() REPRESENTATION_CONTEXT('2D SPACE',''
  ) );
#10898 = PCURVE('',#10740,#10899);
#10899 = DEFINITIONAL_REPRESENTATION('',(#10900),#10903);
#10900 = B_SPLINE_CURVE_WITH_KNOTS('',1,(#10901,#10902),.UNSPECIFIED.,
  .F.,.F.,(2,2),(-0.212132034356,0.),.PIECEWISE_BEZIER_KNOTS.);
#10901 = CARTESIAN_POINT('',(0.,-0.15));
#10902 = CARTESIAN_POINT('',(0.,0.));
#10903 = ( GEOMETRIC_REPRESENTATION_CONTEXT(2) 
PARAMETRIC_REPRESENTATION_CONTEXT() REPRESENTATION_CONTEXT('2D SPACE',''
  ) );
#10904 = ORIENTED_EDGE('',*,*,#10638,.F.);
#10905 = ADVANCED_FACE('',(#10906),#10626,.T.);
#10906 = FACE_BOUND('',#10907,.F.);
#10907 = EDGE_LOOP('',(#10908,#10909,#10933,#10961));
#10908 = ORIENTED_EDGE('',*,*,#10610,.F.);
#10909 = ORIENTED_EDGE('',*,*,#10910,.F.);
#10910 = EDGE_CURVE('',#10911,#10583,#10913,.T.);
#10911 = VERTEX_POINT('',#10912);
#10912 = CARTESIAN_POINT('',(-25.2,9.,-1.25));
#10913 = SURFACE_CURVE('',#10914,(#10919,#10926),.PCURVE_S1.);
#10914 = CIRCLE('',#10915,0.8);
#10915 = AXIS2_PLACEMENT_3D('',#10916,#10917,#10918);
#10916 = CARTESIAN_POINT('',(-25.2,8.2,-1.25));
#10917 = DIRECTION('',(0.,-0.,1.));
#10918 = DIRECTION('',(0.,1.,0.));
#10919 = PCURVE('',#10626,#10920);
#10920 = DEFINITIONAL_REPRESENTATION('',(#10921),#10925);
#10921 = LINE('',#10922,#10923);
#10922 = CARTESIAN_POINT('',(-1.570796326795,0.15));
#10923 = VECTOR('',#10924,1.);
#10924 = DIRECTION('',(1.,-0.));
#10925 = ( GEOMETRIC_REPRESENTATION_CONTEXT(2) 
PARAMETRIC_REPRESENTATION_CONTEXT() REPRESENTATION_CONTEXT('2D SPACE',''
  ) );
#10926 = PCURVE('',#10770,#10927);
#10927 = DEFINITIONAL_REPRESENTATION('',(#10928),#10932);
#10928 = LINE('',#10929,#10930);
#10929 = CARTESIAN_POINT('',(0.,-0.));
#10930 = VECTOR('',#10931,1.);
#10931 = DIRECTION('',(1.,-0.));
#10932 = ( GEOMETRIC_REPRESENTATION_CONTEXT(2) 
PARAMETRIC_REPRESENTATION_CONTEXT() REPRESENTATION_CONTEXT('2D SPACE',''
  ) );
#10933 = ORIENTED_EDGE('',*,*,#10934,.T.);
#10934 = EDGE_CURVE('',#10911,#10935,#10937,.T.);
#10935 = VERTEX_POINT('',#10936);
#10936 = CARTESIAN_POINT('',(-25.2,9.,1.25));
#10937 = SURFACE_CURVE('',#10938,(#10942,#10949),.PCURVE_S1.);
#10938 = LINE('',#10939,#10940);
#10939 = CARTESIAN_POINT('',(-25.2,9.,-1.4));
#10940 = VECTOR('',#10941,1.);
#10941 = DIRECTION('',(0.,0.,1.));
#10942 = PCURVE('',#10626,#10943);
#10943 = DEFINITIONAL_REPRESENTATION('',(#10944),#10948);
#10944 = LINE('',#10945,#10946);
#10945 = CARTESIAN_POINT('',(-1.570796326795,0.));
#10946 = VECTOR('',#10947,1.);
#10947 = DIRECTION('',(-0.,1.));
#10948 = ( GEOMETRIC_REPRESENTATION_CONTEXT(2) 
PARAMETRIC_REPRESENTATION_CONTEXT() REPRESENTATION_CONTEXT('2D SPACE',''
  ) );
#10949 = PCURVE('',#10950,#10955);
#10950 = PLANE('',#10951);
#10951 = AXIS2_PLACEMENT_3D('',#10952,#10953,#10954);
#10952 = CARTESIAN_POINT('',(-26.,9.,-1.4));
#10953 = DIRECTION('',(0.,1.,0.));
#10954 = DIRECTION('',(0.,0.,1.));
#10955 = DEFINITIONAL_REPRESENTATION('',(#10956),#10960);
#10956 = LINE('',#10957,#10958);
#10957 = CARTESIAN_POINT('',(0.,0.8));
#10958 = VECTOR('',#10959,1.);
#10959 = DIRECTION('',(1.,0.));
#10960 = ( GEOMETRIC_REPRESENTATION_CONTEXT(2) 
PARAMETRIC_REPRESENTATION_CONTEXT() REPRESENTATION_CONTEXT('2D SPACE',''
  ) );
#10961 = ORIENTED_EDGE('',*,*,#10962,.T.);
#10962 = EDGE_CURVE('',#10935,#10611,#10963,.T.);
#10963 = SURFACE_CURVE('',#10964,(#10969,#10976),.PCURVE_S1.);
#10964 = CIRCLE('',#10965,0.8);
#10965 = AXIS2_PLACEMENT_3D('',#10966,#10967,#10968);
#10966 = CARTESIAN_POINT('',(-25.2,8.2,1.25));
#10967 = DIRECTION('',(0.,0.,1.));
#10968 = DIRECTION('',(0.,1.,-0.));
#10969 = PCURVE('',#10626,#10970);
#10970 = DEFINITIONAL_REPRESENTATION('',(#10971),#10975);
#10971 = LINE('',#10972,#10973);
#10972 = CARTESIAN_POINT('',(-1.570796326795,2.65));
#10973 = VECTOR('',#10974,1.);
#10974 = DIRECTION('',(1.,-0.));
#10975 = ( GEOMETRIC_REPRESENTATION_CONTEXT(2) 
PARAMETRIC_REPRESENTATION_CONTEXT() REPRESENTATION_CONTEXT('2D SPACE',''
  ) );
#10976 = PCURVE('',#10847,#10977);
#10977 = DEFINITIONAL_REPRESENTATION('',(#10978),#10982);
#10978 = LINE('',#10979,#10980);
#10979 = CARTESIAN_POINT('',(-0.,0.));
#10980 = VECTOR('',#10981,1.);
#10981 = DIRECTION('',(-1.,0.));
#10982 = ( GEOMETRIC_REPRESENTATION_CONTEXT(2) 
PARAMETRIC_REPRESENTATION_CONTEXT() REPRESENTATION_CONTEXT('2D SPACE',''
  ) );
#10983 = ADVANCED_FACE('',(#10984),#10685,.T.);
#10984 = FACE_BOUND('',#10985,.F.);
#10985 = EDGE_LOOP('',(#10986,#10987,#10988,#11014));
#10986 = ORIENTED_EDGE('',*,*,#10782,.F.);
#10987 = ORIENTED_EDGE('',*,*,#10668,.T.);
#10988 = ORIENTED_EDGE('',*,*,#10989,.T.);
#10989 = EDGE_CURVE('',#10669,#10990,#10992,.T.);
#10990 = VERTEX_POINT('',#10991);
#10991 = CARTESIAN_POINT('',(-25.2,-8.85,-1.4));
#10992 = SURFACE_CURVE('',#10993,(#10997,#11003),.PCURVE_S1.);
#10993 = LINE('',#10994,#10995);
#10994 = CARTESIAN_POINT('',(-25.2,-9.,-1.25));
#10995 = VECTOR('',#10996,1.);
#10996 = DIRECTION('',(4.329780281177E-17,0.707106781187,-0.707106781187
    ));
#10997 = PCURVE('',#10685,#10998);
#10998 = DEFINITIONAL_REPRESENTATION('',(#10999),#11002);
#10999 = B_SPLINE_CURVE_WITH_KNOTS('',1,(#11000,#11001),.UNSPECIFIED.,
  .F.,.F.,(2,2),(0.,0.212132034356),.PIECEWISE_BEZIER_KNOTS.);
#11000 = CARTESIAN_POINT('',(1.570796326795,0.));
#11001 = CARTESIAN_POINT('',(1.570796326795,-0.15));
#11002 = ( GEOMETRIC_REPRESENTATION_CONTEXT(2) 
PARAMETRIC_REPRESENTATION_CONTEXT() REPRESENTATION_CONTEXT('2D SPACE',''
  ) );
#11003 = PCURVE('',#11004,#11009);
#11004 = PLANE('',#11005);
#11005 = AXIS2_PLACEMENT_3D('',#11006,#11007,#11008);
#11006 = CARTESIAN_POINT('',(-25.2,-8.925,-1.325));
#11007 = DIRECTION('',(0.,-0.707106781187,-0.707106781187));
#11008 = DIRECTION('',(-1.,-0.,-0.));
#11009 = DEFINITIONAL_REPRESENTATION('',(#11010),#11013);
#11010 = B_SPLINE_CURVE_WITH_KNOTS('',1,(#11011,#11012),.UNSPECIFIED.,
  .F.,.F.,(2,2),(0.,0.212132034356),.PIECEWISE_BEZIER_KNOTS.);
#11011 = CARTESIAN_POINT('',(0.,-0.106066017178));
#11012 = CARTESIAN_POINT('',(0.,0.106066017178));
#11013 = ( GEOMETRIC_REPRESENTATION_CONTEXT(2) 
PARAMETRIC_REPRESENTATION_CONTEXT() REPRESENTATION_CONTEXT('2D SPACE',''
  ) );
#11014 = ORIENTED_EDGE('',*,*,#11015,.F.);
#11015 = EDGE_CURVE('',#10783,#10990,#11016,.T.);
#11016 = SURFACE_CURVE('',#11017,(#11022,#11029),.PCURVE_S1.);
#11017 = CIRCLE('',#11018,0.65);
#11018 = AXIS2_PLACEMENT_3D('',#11019,#11020,#11021);
#11019 = CARTESIAN_POINT('',(-25.2,-8.2,-1.4));
#11020 = DIRECTION('',(0.,0.,1.));
#11021 = DIRECTION('',(-1.,0.,0.));
#11022 = PCURVE('',#10685,#11023);
#11023 = DEFINITIONAL_REPRESENTATION('',(#11024),#11028);
#11024 = LINE('',#11025,#11026);
#11025 = CARTESIAN_POINT('',(0.,-0.15));
#11026 = VECTOR('',#11027,1.);
#11027 = DIRECTION('',(1.,-0.));
#11028 = ( GEOMETRIC_REPRESENTATION_CONTEXT(2) 
PARAMETRIC_REPRESENTATION_CONTEXT() REPRESENTATION_CONTEXT('2D SPACE',''
  ) );
#11029 = PCURVE('',#10817,#11030);
#11030 = DEFINITIONAL_REPRESENTATION('',(#11031),#11035);
#11031 = CIRCLE('',#11032,0.65);
#11032 = AXIS2_PLACEMENT_2D('',#11033,#11034);
#11033 = CARTESIAN_POINT('',(0.8,0.8));
#11034 = DIRECTION('',(-1.,0.));
#11035 = ( GEOMETRIC_REPRESENTATION_CONTEXT(2) 
PARAMETRIC_REPRESENTATION_CONTEXT() REPRESENTATION_CONTEXT('2D SPACE',''
  ) );
#11036 = ADVANCED_FACE('',(#11037),#10740,.T.);
#11037 = FACE_BOUND('',#11038,.F.);
#11038 = EDGE_LOOP('',(#11039,#11040,#11064,#11088));
#11039 = ORIENTED_EDGE('',*,*,#10886,.F.);
#11040 = ORIENTED_EDGE('',*,*,#11041,.T.);
#11041 = EDGE_CURVE('',#10859,#11042,#11044,.T.);
#11042 = VERTEX_POINT('',#11043);
#11043 = CARTESIAN_POINT('',(-25.2,-8.85,1.4));
#11044 = SURFACE_CURVE('',#11045,(#11050,#11057),.PCURVE_S1.);
#11045 = CIRCLE('',#11046,0.65);
#11046 = AXIS2_PLACEMENT_3D('',#11047,#11048,#11049);
#11047 = CARTESIAN_POINT('',(-25.2,-8.2,1.4));
#11048 = DIRECTION('',(0.,0.,1.));
#11049 = DIRECTION('',(-1.,0.,0.));
#11050 = PCURVE('',#10740,#11051);
#11051 = DEFINITIONAL_REPRESENTATION('',(#11052),#11056);
#11052 = LINE('',#11053,#11054);
#11053 = CARTESIAN_POINT('',(-0.,-0.15));
#11054 = VECTOR('',#11055,1.);
#11055 = DIRECTION('',(-1.,0.));
#11056 = ( GEOMETRIC_REPRESENTATION_CONTEXT(2) 
PARAMETRIC_REPRESENTATION_CONTEXT() REPRESENTATION_CONTEXT('2D SPACE',''
  ) );
#11057 = PCURVE('',#10874,#11058);
#11058 = DEFINITIONAL_REPRESENTATION('',(#11059),#11063);
#11059 = CIRCLE('',#11060,0.65);
#11060 = AXIS2_PLACEMENT_2D('',#11061,#11062);
#11061 = CARTESIAN_POINT('',(0.8,0.8));
#11062 = DIRECTION('',(-1.,0.));
#11063 = ( GEOMETRIC_REPRESENTATION_CONTEXT(2) 
PARAMETRIC_REPRESENTATION_CONTEXT() REPRESENTATION_CONTEXT('2D SPACE',''
  ) );
#11064 = ORIENTED_EDGE('',*,*,#11065,.T.);
#11065 = EDGE_CURVE('',#11042,#10698,#11066,.T.);
#11066 = SURFACE_CURVE('',#11067,(#11071,#11077),.PCURVE_S1.);
#11067 = LINE('',#11068,#11069);
#11068 = CARTESIAN_POINT('',(-25.2,-9.,1.25));
#11069 = VECTOR('',#11070,1.);
#11070 = DIRECTION('',(-4.329780281177E-17,-0.707106781187,
    -0.707106781187));
#11071 = PCURVE('',#10740,#11072);
#11072 = DEFINITIONAL_REPRESENTATION('',(#11073),#11076);
#11073 = B_SPLINE_CURVE_WITH_KNOTS('',1,(#11074,#11075),.UNSPECIFIED.,
  .F.,.F.,(2,2),(-0.212132034356,0.),.PIECEWISE_BEZIER_KNOTS.);
#11074 = CARTESIAN_POINT('',(-1.570796326795,-0.15));
#11075 = CARTESIAN_POINT('',(-1.570796326795,0.));
#11076 = ( GEOMETRIC_REPRESENTATION_CONTEXT(2) 
PARAMETRIC_REPRESENTATION_CONTEXT() REPRESENTATION_CONTEXT('2D SPACE',''
  ) );
#11077 = PCURVE('',#11078,#11083);
#11078 = PLANE('',#11079);
#11079 = AXIS2_PLACEMENT_3D('',#11080,#11081,#11082);
#11080 = CARTESIAN_POINT('',(-25.2,-8.925,1.325));
#11081 = DIRECTION('',(0.,0.707106781187,-0.707106781187));
#11082 = DIRECTION('',(1.,0.,0.));
#11083 = DEFINITIONAL_REPRESENTATION('',(#11084),#11087);
#11084 = B_SPLINE_CURVE_WITH_KNOTS('',1,(#11085,#11086),.UNSPECIFIED.,
  .F.,.F.,(2,2),(-0.212132034356,0.),.PIECEWISE_BEZIER_KNOTS.);
#11085 = CARTESIAN_POINT('',(0.,-0.106066017178));
#11086 = CARTESIAN_POINT('',(0.,0.106066017178));
#11087 = ( GEOMETRIC_REPRESENTATION_CONTEXT(2) 
PARAMETRIC_REPRESENTATION_CONTEXT() REPRESENTATION_CONTEXT('2D SPACE',''
  ) );
#11088 = ORIENTED_EDGE('',*,*,#10725,.F.);
#11089 = ADVANCED_FACE('',(#11090),#10713,.F.);
#11090 = FACE_BOUND('',#11091,.F.);
#11091 = EDGE_LOOP('',(#11092,#11093,#11116,#11144));
#11092 = ORIENTED_EDGE('',*,*,#10697,.T.);
#11093 = ORIENTED_EDGE('',*,*,#11094,.T.);
#11094 = EDGE_CURVE('',#10698,#11095,#11097,.T.);
#11095 = VERTEX_POINT('',#11096);
#11096 = CARTESIAN_POINT('',(25.2,-9.,1.25));
#11097 = SURFACE_CURVE('',#11098,(#11102,#11109),.PCURVE_S1.);
#11098 = LINE('',#11099,#11100);
#11099 = CARTESIAN_POINT('',(-25.2,-9.,1.25));
#11100 = VECTOR('',#11101,1.);
#11101 = DIRECTION('',(1.,0.,0.));
#11102 = PCURVE('',#10713,#11103);
#11103 = DEFINITIONAL_REPRESENTATION('',(#11104),#11108);
#11104 = LINE('',#11105,#11106);
#11105 = CARTESIAN_POINT('',(2.65,0.8));
#11106 = VECTOR('',#11107,1.);
#11107 = DIRECTION('',(0.,1.));
#11108 = ( GEOMETRIC_REPRESENTATION_CONTEXT(2) 
PARAMETRIC_REPRESENTATION_CONTEXT() REPRESENTATION_CONTEXT('2D SPACE',''
  ) );
#11109 = PCURVE('',#11078,#11110);
#11110 = DEFINITIONAL_REPRESENTATION('',(#11111),#11115);
#11111 = LINE('',#11112,#11113);
#11112 = CARTESIAN_POINT('',(0.,0.106066017178));
#11113 = VECTOR('',#11114,1.);
#11114 = DIRECTION('',(1.,0.));
#11115 = ( GEOMETRIC_REPRESENTATION_CONTEXT(2) 
PARAMETRIC_REPRESENTATION_CONTEXT() REPRESENTATION_CONTEXT('2D SPACE',''
  ) );
#11116 = ORIENTED_EDGE('',*,*,#11117,.F.);
#11117 = EDGE_CURVE('',#11118,#11095,#11120,.T.);
#11118 = VERTEX_POINT('',#11119);
#11119 = CARTESIAN_POINT('',(25.2,-9.,-1.25));
#11120 = SURFACE_CURVE('',#11121,(#11125,#11132),.PCURVE_S1.);
#11121 = LINE('',#11122,#11123);
#11122 = CARTESIAN_POINT('',(25.2,-9.,-1.4));
#11123 = VECTOR('',#11124,1.);
#11124 = DIRECTION('',(0.,0.,1.));
#11125 = PCURVE('',#10713,#11126);
#11126 = DEFINITIONAL_REPRESENTATION('',(#11127),#11131);
#11127 = LINE('',#11128,#11129);
#11128 = CARTESIAN_POINT('',(0.,51.2));
#11129 = VECTOR('',#11130,1.);
#11130 = DIRECTION('',(1.,0.));
#11131 = ( GEOMETRIC_REPRESENTATION_CONTEXT(2) 
PARAMETRIC_REPRESENTATION_CONTEXT() REPRESENTATION_CONTEXT('2D SPACE',''
  ) );
#11132 = PCURVE('',#11133,#11138);
#11133 = CYLINDRICAL_SURFACE('',#11134,0.8);
#11134 = AXIS2_PLACEMENT_3D('',#11135,#11136,#11137);
#11135 = CARTESIAN_POINT('',(25.2,-8.2,-1.4));
#11136 = DIRECTION('',(0.,0.,1.));
#11137 = DIRECTION('',(1.,0.,-0.));
#11138 = DEFINITIONAL_REPRESENTATION('',(#11139),#11143);
#11139 = LINE('',#11140,#11141);
#11140 = CARTESIAN_POINT('',(-1.570796326795,0.));
#11141 = VECTOR('',#11142,1.);
#11142 = DIRECTION('',(-0.,1.));
#11143 = ( GEOMETRIC_REPRESENTATION_CONTEXT(2) 
PARAMETRIC_REPRESENTATION_CONTEXT() REPRESENTATION_CONTEXT('2D SPACE',''
  ) );
#11144 = ORIENTED_EDGE('',*,*,#11145,.F.);
#11145 = EDGE_CURVE('',#10669,#11118,#11146,.T.);
#11146 = SURFACE_CURVE('',#11147,(#11151,#11158),.PCURVE_S1.);
#11147 = LINE('',#11148,#11149);
#11148 = CARTESIAN_POINT('',(-25.2,-9.,-1.25));
#11149 = VECTOR('',#11150,1.);
#11150 = DIRECTION('',(1.,0.,0.));
#11151 = PCURVE('',#10713,#11152);
#11152 = DEFINITIONAL_REPRESENTATION('',(#11153),#11157);
#11153 = LINE('',#11154,#11155);
#11154 = CARTESIAN_POINT('',(0.15,0.8));
#11155 = VECTOR('',#11156,1.);
#11156 = DIRECTION('',(0.,1.));
#11157 = ( GEOMETRIC_REPRESENTATION_CONTEXT(2) 
PARAMETRIC_REPRESENTATION_CONTEXT() REPRESENTATION_CONTEXT('2D SPACE',''
  ) );
#11158 = PCURVE('',#11004,#11159);
#11159 = DEFINITIONAL_REPRESENTATION('',(#11160),#11164);
#11160 = LINE('',#11161,#11162);
#11161 = CARTESIAN_POINT('',(-0.,-0.106066017178));
#11162 = VECTOR('',#11163,1.);
#11163 = DIRECTION('',(-1.,0.));
#11164 = ( GEOMETRIC_REPRESENTATION_CONTEXT(2) 
PARAMETRIC_REPRESENTATION_CONTEXT() REPRESENTATION_CONTEXT('2D SPACE',''
  ) );
#11165 = ADVANCED_FACE('',(#11166),#10770,.T.);
#11166 = FACE_BOUND('',#11167,.F.);
#11167 = EDGE_LOOP('',(#11168,#11194,#11195,#11196));
#11168 = ORIENTED_EDGE('',*,*,#11169,.F.);
#11169 = EDGE_CURVE('',#10911,#11170,#11172,.T.);
#11170 = VERTEX_POINT('',#11171);
#11171 = CARTESIAN_POINT('',(-25.2,8.85,-1.4));
#11172 = SURFACE_CURVE('',#11173,(#11177,#11183),.PCURVE_S1.);
#11173 = LINE('',#11174,#11175);
#11174 = CARTESIAN_POINT('',(-25.2,8.925,-1.325));
#11175 = VECTOR('',#11176,1.);
#11176 = DIRECTION('',(0.,-0.707106781187,-0.707106781187));
#11177 = PCURVE('',#10770,#11178);
#11178 = DEFINITIONAL_REPRESENTATION('',(#11179),#11182);
#11179 = B_SPLINE_CURVE_WITH_KNOTS('',1,(#11180,#11181),.UNSPECIFIED.,
  .F.,.F.,(2,2),(-0.106066017178,0.106066017178),
  .PIECEWISE_BEZIER_KNOTS.);
#11180 = CARTESIAN_POINT('',(0.,0.));
#11181 = CARTESIAN_POINT('',(0.,-0.15));
#11182 = ( GEOMETRIC_REPRESENTATION_CONTEXT(2) 
PARAMETRIC_REPRESENTATION_CONTEXT() REPRESENTATION_CONTEXT('2D SPACE',''
  ) );
#11183 = PCURVE('',#11184,#11189);
#11184 = PLANE('',#11185);
#11185 = AXIS2_PLACEMENT_3D('',#11186,#11187,#11188);
#11186 = CARTESIAN_POINT('',(25.2,8.925,-1.325));
#11187 = DIRECTION('',(0.,-0.707106781187,0.707106781187));
#11188 = DIRECTION('',(-1.,-0.,0.));
#11189 = DEFINITIONAL_REPRESENTATION('',(#11190),#11193);
#11190 = B_SPLINE_CURVE_WITH_KNOTS('',1,(#11191,#11192),.UNSPECIFIED.,
  .F.,.F.,(2,2),(-0.106066017178,0.106066017178),
  .PIECEWISE_BEZIER_KNOTS.);
#11191 = CARTESIAN_POINT('',(50.4,-0.106066017178));
#11192 = CARTESIAN_POINT('',(50.4,0.106066017178));
#11193 = ( GEOMETRIC_REPRESENTATION_CONTEXT(2) 
PARAMETRIC_REPRESENTATION_CONTEXT() REPRESENTATION_CONTEXT('2D SPACE',''
  ) );
#11194 = ORIENTED_EDGE('',*,*,#10910,.T.);
#11195 = ORIENTED_EDGE('',*,*,#10755,.T.);
#11196 = ORIENTED_EDGE('',*,*,#11197,.F.);
#11197 = EDGE_CURVE('',#11170,#10756,#11198,.T.);
#11198 = SURFACE_CURVE('',#11199,(#11204,#11211),.PCURVE_S1.);
#11199 = CIRCLE('',#11200,0.65);
#11200 = AXIS2_PLACEMENT_3D('',#11201,#11202,#11203);
#11201 = CARTESIAN_POINT('',(-25.2,8.2,-1.4));
#11202 = DIRECTION('',(0.,-0.,1.));
#11203 = DIRECTION('',(0.,1.,0.));
#11204 = PCURVE('',#10770,#11205);
#11205 = DEFINITIONAL_REPRESENTATION('',(#11206),#11210);
#11206 = LINE('',#11207,#11208);
#11207 = CARTESIAN_POINT('',(0.,-0.15));
#11208 = VECTOR('',#11209,1.);
#11209 = DIRECTION('',(1.,-0.));
#11210 = ( GEOMETRIC_REPRESENTATION_CONTEXT(2) 
PARAMETRIC_REPRESENTATION_CONTEXT() REPRESENTATION_CONTEXT('2D SPACE',''
  ) );
#11211 = PCURVE('',#10817,#11212);
#11212 = DEFINITIONAL_REPRESENTATION('',(#11213),#11217);
#11213 = CIRCLE('',#11214,0.65);
#11214 = AXIS2_PLACEMENT_2D('',#11215,#11216);
#11215 = CARTESIAN_POINT('',(0.8,17.2));
#11216 = DIRECTION('',(0.,1.));
#11217 = ( GEOMETRIC_REPRESENTATION_CONTEXT(2) 
PARAMETRIC_REPRESENTATION_CONTEXT() REPRESENTATION_CONTEXT('2D SPACE',''
  ) );
#11218 = ADVANCED_FACE('',(#11219,#11354,#11389),#10817,.F.);
#11219 = FACE_BOUND('',#11220,.F.);
#11220 = EDGE_LOOP('',(#11221,#11222,#11245,#11274,#11302,#11331,#11352,
    #11353));
#11221 = ORIENTED_EDGE('',*,*,#11015,.T.);
#11222 = ORIENTED_EDGE('',*,*,#11223,.T.);
#11223 = EDGE_CURVE('',#10990,#11224,#11226,.T.);
#11224 = VERTEX_POINT('',#11225);
#11225 = CARTESIAN_POINT('',(25.2,-8.85,-1.4));
#11226 = SURFACE_CURVE('',#11227,(#11231,#11238),.PCURVE_S1.);
#11227 = LINE('',#11228,#11229);
#11228 = CARTESIAN_POINT('',(-25.2,-8.85,-1.4));
#11229 = VECTOR('',#11230,1.);
#11230 = DIRECTION('',(1.,0.,0.));
#11231 = PCURVE('',#10817,#11232);
#11232 = DEFINITIONAL_REPRESENTATION('',(#11233),#11237);
#11233 = LINE('',#11234,#11235);
#11234 = CARTESIAN_POINT('',(0.8,0.15));
#11235 = VECTOR('',#11236,1.);
#11236 = DIRECTION('',(1.,0.));
#11237 = ( GEOMETRIC_REPRESENTATION_CONTEXT(2) 
PARAMETRIC_REPRESENTATION_CONTEXT() REPRESENTATION_CONTEXT('2D SPACE',''
  ) );
#11238 = PCURVE('',#11004,#11239);
#11239 = DEFINITIONAL_REPRESENTATION('',(#11240),#11244);
#11240 = LINE('',#11241,#11242);
#11241 = CARTESIAN_POINT('',(-0.,0.106066017178));
#11242 = VECTOR('',#11243,1.);
#11243 = DIRECTION('',(-1.,0.));
#11244 = ( GEOMETRIC_REPRESENTATION_CONTEXT(2) 
PARAMETRIC_REPRESENTATION_CONTEXT() REPRESENTATION_CONTEXT('2D SPACE',''
  ) );
#11245 = ORIENTED_EDGE('',*,*,#11246,.T.);
#11246 = EDGE_CURVE('',#11224,#11247,#11249,.T.);
#11247 = VERTEX_POINT('',#11248);
#11248 = CARTESIAN_POINT('',(25.85,-8.2,-1.4));
#11249 = SURFACE_CURVE('',#11250,(#11255,#11262),.PCURVE_S1.);
#11250 = CIRCLE('',#11251,0.65);
#11251 = AXIS2_PLACEMENT_3D('',#11252,#11253,#11254);
#11252 = CARTESIAN_POINT('',(25.2,-8.2,-1.4));
#11253 = DIRECTION('',(0.,0.,1.));
#11254 = DIRECTION('',(0.,-1.,0.));
#11255 = PCURVE('',#10817,#11256);
#11256 = DEFINITIONAL_REPRESENTATION('',(#11257),#11261);
#11257 = CIRCLE('',#11258,0.65);
#11258 = AXIS2_PLACEMENT_2D('',#11259,#11260);
#11259 = CARTESIAN_POINT('',(51.2,0.8));
#11260 = DIRECTION('',(0.,-1.));
#11261 = ( GEOMETRIC_REPRESENTATION_CONTEXT(2) 
PARAMETRIC_REPRESENTATION_CONTEXT() REPRESENTATION_CONTEXT('2D SPACE',''
  ) );
#11262 = PCURVE('',#11263,#11268);
#11263 = CONICAL_SURFACE('',#11264,0.8,0.785398163397);
#11264 = AXIS2_PLACEMENT_3D('',#11265,#11266,#11267);
#11265 = CARTESIAN_POINT('',(25.2,-8.2,-1.25));
#11266 = DIRECTION('',(0.,0.,1.));
#11267 = DIRECTION('',(0.,-1.,0.));
#11268 = DEFINITIONAL_REPRESENTATION('',(#11269),#11273);
#11269 = LINE('',#11270,#11271);
#11270 = CARTESIAN_POINT('',(0.,-0.15));
#11271 = VECTOR('',#11272,1.);
#11272 = DIRECTION('',(1.,-0.));
#11273 = ( GEOMETRIC_REPRESENTATION_CONTEXT(2) 
PARAMETRIC_REPRESENTATION_CONTEXT() REPRESENTATION_CONTEXT('2D SPACE',''
  ) );
#11274 = ORIENTED_EDGE('',*,*,#11275,.T.);
#11275 = EDGE_CURVE('',#11247,#11276,#11278,.T.);
#11276 = VERTEX_POINT('',#11277);
#11277 = CARTESIAN_POINT('',(25.85,8.2,-1.4));
#11278 = SURFACE_CURVE('',#11279,(#11283,#11290),.PCURVE_S1.);
#11279 = LINE('',#11280,#11281);
#11280 = CARTESIAN_POINT('',(25.85,-8.2,-1.4));
#11281 = VECTOR('',#11282,1.);
#11282 = DIRECTION('',(0.,1.,0.));
#11283 = PCURVE('',#10817,#11284);
#11284 = DEFINITIONAL_REPRESENTATION('',(#11285),#11289);
#11285 = LINE('',#11286,#11287);
#11286 = CARTESIAN_POINT('',(51.85,0.8));
#11287 = VECTOR('',#11288,1.);
#11288 = DIRECTION('',(0.,1.));
#11289 = ( GEOMETRIC_REPRESENTATION_CONTEXT(2) 
PARAMETRIC_REPRESENTATION_CONTEXT() REPRESENTATION_CONTEXT('2D SPACE',''
  ) );
#11290 = PCURVE('',#11291,#11296);
#11291 = PLANE('',#11292);
#11292 = AXIS2_PLACEMENT_3D('',#11293,#11294,#11295);
#11293 = CARTESIAN_POINT('',(25.925,-8.2,-1.325));
#11294 = DIRECTION('',(-0.707106781187,0.,0.707106781187));
#11295 = DIRECTION('',(0.,1.,0.));
#11296 = DEFINITIONAL_REPRESENTATION('',(#11297),#11301);
#11297 = LINE('',#11298,#11299);
#11298 = CARTESIAN_POINT('',(0.,0.106066017178));
#11299 = VECTOR('',#11300,1.);
#11300 = DIRECTION('',(1.,0.));
#11301 = ( GEOMETRIC_REPRESENTATION_CONTEXT(2) 
PARAMETRIC_REPRESENTATION_CONTEXT() REPRESENTATION_CONTEXT('2D SPACE',''
  ) );
#11302 = ORIENTED_EDGE('',*,*,#11303,.T.);
#11303 = EDGE_CURVE('',#11276,#11304,#11306,.T.);
#11304 = VERTEX_POINT('',#11305);
#11305 = CARTESIAN_POINT('',(25.2,8.85,-1.4));
#11306 = SURFACE_CURVE('',#11307,(#11312,#11319),.PCURVE_S1.);
#11307 = CIRCLE('',#11308,0.65);
#11308 = AXIS2_PLACEMENT_3D('',#11309,#11310,#11311);
#11309 = CARTESIAN_POINT('',(25.2,8.2,-1.4));
#11310 = DIRECTION('',(0.,0.,1.));
#11311 = DIRECTION('',(1.,0.,-0.));
#11312 = PCURVE('',#10817,#11313);
#11313 = DEFINITIONAL_REPRESENTATION('',(#11314),#11318);
#11314 = CIRCLE('',#11315,0.65);
#11315 = AXIS2_PLACEMENT_2D('',#11316,#11317);
#11316 = CARTESIAN_POINT('',(51.2,17.2));
#11317 = DIRECTION('',(1.,0.));
#11318 = ( GEOMETRIC_REPRESENTATION_CONTEXT(2) 
PARAMETRIC_REPRESENTATION_CONTEXT() REPRESENTATION_CONTEXT('2D SPACE',''
  ) );
#11319 = PCURVE('',#11320,#11325);
#11320 = CONICAL_SURFACE('',#11321,0.8,0.785398163397);
#11321 = AXIS2_PLACEMENT_3D('',#11322,#11323,#11324);
#11322 = CARTESIAN_POINT('',(25.2,8.2,-1.25));
#11323 = DIRECTION('',(0.,0.,1.));
#11324 = DIRECTION('',(1.,0.,-0.));
#11325 = DEFINITIONAL_REPRESENTATION('',(#11326),#11330);
#11326 = LINE('',#11327,#11328);
#11327 = CARTESIAN_POINT('',(0.,-0.15));
#11328 = VECTOR('',#11329,1.);
#11329 = DIRECTION('',(1.,-0.));
#11330 = ( GEOMETRIC_REPRESENTATION_CONTEXT(2) 
PARAMETRIC_REPRESENTATION_CONTEXT() REPRESENTATION_CONTEXT('2D SPACE',''
  ) );
#11331 = ORIENTED_EDGE('',*,*,#11332,.T.);
#11332 = EDGE_CURVE('',#11304,#11170,#11333,.T.);
#11333 = SURFACE_CURVE('',#11334,(#11338,#11345),.PCURVE_S1.);
#11334 = LINE('',#11335,#11336);
#11335 = CARTESIAN_POINT('',(25.2,8.85,-1.4));
#11336 = VECTOR('',#11337,1.);
#11337 = DIRECTION('',(-1.,-0.,-0.));
#11338 = PCURVE('',#10817,#11339);
#11339 = DEFINITIONAL_REPRESENTATION('',(#11340),#11344);
#11340 = LINE('',#11341,#11342);
#11341 = CARTESIAN_POINT('',(51.2,17.85));
#11342 = VECTOR('',#11343,1.);
#11343 = DIRECTION('',(-1.,-0.));
#11344 = ( GEOMETRIC_REPRESENTATION_CONTEXT(2) 
PARAMETRIC_REPRESENTATION_CONTEXT() REPRESENTATION_CONTEXT('2D SPACE',''
  ) );
#11345 = PCURVE('',#11184,#11346);
#11346 = DEFINITIONAL_REPRESENTATION('',(#11347),#11351);
#11347 = LINE('',#11348,#11349);
#11348 = CARTESIAN_POINT('',(0.,0.106066017178));
#11349 = VECTOR('',#11350,1.);
#11350 = DIRECTION('',(1.,0.));
#11351 = ( GEOMETRIC_REPRESENTATION_CONTEXT(2) 
PARAMETRIC_REPRESENTATION_CONTEXT() REPRESENTATION_CONTEXT('2D SPACE',''
  ) );
#11352 = ORIENTED_EDGE('',*,*,#11197,.T.);
#11353 = ORIENTED_EDGE('',*,*,#10803,.T.);
#11354 = FACE_BOUND('',#11355,.F.);
#11355 = EDGE_LOOP('',(#11356));
#11356 = ORIENTED_EDGE('',*,*,#11357,.T.);
#11357 = EDGE_CURVE('',#11358,#11358,#11360,.T.);
#11358 = VERTEX_POINT('',#11359);
#11359 = CARTESIAN_POINT('',(18.25,-4.2,-1.4));
#11360 = SURFACE_CURVE('',#11361,(#11366,#11377),.PCURVE_S1.);
#11361 = CIRCLE('',#11362,1.75);
#11362 = AXIS2_PLACEMENT_3D('',#11363,#11364,#11365);
#11363 = CARTESIAN_POINT('',(20.,-4.2,-1.4));
#11364 = DIRECTION('',(-0.,0.,-1.));
#11365 = DIRECTION('',(-1.,0.,0.));
#11366 = PCURVE('',#10817,#11367);
#11367 = DEFINITIONAL_REPRESENTATION('',(#11368),#11376);
#11368 = ( BOUNDED_CURVE() B_SPLINE_CURVE(2,(#11369,#11370,#11371,#11372
    ,#11373,#11374,#11375),.UNSPECIFIED.,.T.,.F.) 
B_SPLINE_CURVE_WITH_KNOTS((1,2,2,2,2,1),(-2.094395102393,0.,
    2.094395102393,4.188790204786,6.28318530718,8.377580409573),
.UNSPECIFIED.) CURVE() GEOMETRIC_REPRESENTATION_ITEM() 
RATIONAL_B_SPLINE_CURVE((1.,0.5,1.,0.5,1.,0.5,1.)) REPRESENTATION_ITEM(
  '') );
#11369 = CARTESIAN_POINT('',(44.25,4.8));
#11370 = CARTESIAN_POINT('',(44.25,7.831088913246));
#11371 = CARTESIAN_POINT('',(46.875,6.315544456623));
#11372 = CARTESIAN_POINT('',(49.5,4.8));
#11373 = CARTESIAN_POINT('',(46.875,3.284455543377));
#11374 = CARTESIAN_POINT('',(44.25,1.768911086754));
#11375 = CARTESIAN_POINT('',(44.25,4.8));
#11376 = ( GEOMETRIC_REPRESENTATION_CONTEXT(2) 
PARAMETRIC_REPRESENTATION_CONTEXT() REPRESENTATION_CONTEXT('2D SPACE',''
  ) );
#11377 = PCURVE('',#11378,#11383);
#11378 = CONICAL_SURFACE('',#11379,1.6,0.785398163397);
#11379 = AXIS2_PLACEMENT_3D('',#11380,#11381,#11382);
#11380 = CARTESIAN_POINT('',(20.,-4.2,-1.25));
#11381 = DIRECTION('',(-0.,-0.,-1.));
#11382 = DIRECTION('',(-1.,0.,0.));
#11383 = DEFINITIONAL_REPRESENTATION('',(#11384),#11388);
#11384 = LINE('',#11385,#11386);
#11385 = CARTESIAN_POINT('',(-0.,0.15));
#11386 = VECTOR('',#11387,1.);
#11387 = DIRECTION('',(1.,-0.));
#11388 = ( GEOMETRIC_REPRESENTATION_CONTEXT(2) 
PARAMETRIC_REPRESENTATION_CONTEXT() REPRESENTATION_CONTEXT('2D SPACE',''
  ) );
#11389 = FACE_BOUND('',#11390,.F.);
#11390 = EDGE_LOOP('',(#11391));
#11391 = ORIENTED_EDGE('',*,*,#11392,.T.);
#11392 = EDGE_CURVE('',#11393,#11393,#11395,.T.);
#11393 = VERTEX_POINT('',#11394);
#11394 = CARTESIAN_POINT('',(18.25,4.2,-1.4));
#11395 = SURFACE_CURVE('',#11396,(#11401,#11412),.PCURVE_S1.);
#11396 = CIRCLE('',#11397,1.75);
#11397 = AXIS2_PLACEMENT_3D('',#11398,#11399,#11400);
#11398 = CARTESIAN_POINT('',(20.,4.2,-1.4));
#11399 = DIRECTION('',(-0.,0.,-1.));
#11400 = DIRECTION('',(-1.,5.551115123126E-16,0.));
#11401 = PCURVE('',#10817,#11402);
#11402 = DEFINITIONAL_REPRESENTATION('',(#11403),#11411);
#11403 = ( BOUNDED_CURVE() B_SPLINE_CURVE(2,(#11404,#11405,#11406,#11407
    ,#11408,#11409,#11410),.UNSPECIFIED.,.T.,.F.) 
B_SPLINE_CURVE_WITH_KNOTS((1,2,2,2,2,1),(-2.094395102393,0.,
    2.094395102393,4.188790204786,6.28318530718,8.377580409573),
.UNSPECIFIED.) CURVE() GEOMETRIC_REPRESENTATION_ITEM() 
RATIONAL_B_SPLINE_CURVE((1.,0.5,1.,0.5,1.,0.5,1.)) REPRESENTATION_ITEM(
  '') );
#11404 = CARTESIAN_POINT('',(44.25,13.2));
#11405 = CARTESIAN_POINT('',(44.25,16.231088913246));
#11406 = CARTESIAN_POINT('',(46.875,14.715544456623));
#11407 = CARTESIAN_POINT('',(49.5,13.2));
#11408 = CARTESIAN_POINT('',(46.875,11.684455543377));
#11409 = CARTESIAN_POINT('',(44.25,10.168911086754));
#11410 = CARTESIAN_POINT('',(44.25,13.2));
#11411 = ( GEOMETRIC_REPRESENTATION_CONTEXT(2) 
PARAMETRIC_REPRESENTATION_CONTEXT() REPRESENTATION_CONTEXT('2D SPACE',''
  ) );
#11412 = PCURVE('',#11413,#11418);
#11413 = CONICAL_SURFACE('',#11414,1.6,0.785398163397);
#11414 = AXIS2_PLACEMENT_3D('',#11415,#11416,#11417);
#11415 = CARTESIAN_POINT('',(20.,4.2,-1.25));
#11416 = DIRECTION('',(-0.,-0.,-1.));
#11417 = DIRECTION('',(-1.,5.551115123126E-16,0.));
#11418 = DEFINITIONAL_REPRESENTATION('',(#11419),#11423);
#11419 = LINE('',#11420,#11421);
#11420 = CARTESIAN_POINT('',(-0.,0.15));
#11421 = VECTOR('',#11422,1.);
#11422 = DIRECTION('',(1.,-0.));
#11423 = ( GEOMETRIC_REPRESENTATION_CONTEXT(2) 
PARAMETRIC_REPRESENTATION_CONTEXT() REPRESENTATION_CONTEXT('2D SPACE',''
  ) );
#11424 = ADVANCED_FACE('',(#11425),#10847,.T.);
#11425 = FACE_BOUND('',#11426,.F.);
#11426 = EDGE_LOOP('',(#11427,#11453,#11475,#11476));
#11427 = ORIENTED_EDGE('',*,*,#11428,.F.);
#11428 = EDGE_CURVE('',#11429,#10935,#11431,.T.);
#11429 = VERTEX_POINT('',#11430);
#11430 = CARTESIAN_POINT('',(-25.2,8.85,1.4));
#11431 = SURFACE_CURVE('',#11432,(#11436,#11442),.PCURVE_S1.);
#11432 = LINE('',#11433,#11434);
#11433 = CARTESIAN_POINT('',(-25.2,8.925,1.325));
#11434 = VECTOR('',#11435,1.);
#11435 = DIRECTION('',(-0.,0.707106781187,-0.707106781187));
#11436 = PCURVE('',#10847,#11437);
#11437 = DEFINITIONAL_REPRESENTATION('',(#11438),#11441);
#11438 = B_SPLINE_CURVE_WITH_KNOTS('',1,(#11439,#11440),.UNSPECIFIED.,
  .F.,.F.,(2,2),(-0.106066017178,0.106066017178),
  .PIECEWISE_BEZIER_KNOTS.);
#11439 = CARTESIAN_POINT('',(0.,-0.15));
#11440 = CARTESIAN_POINT('',(0.,-2.943923360032E-16));
#11441 = ( GEOMETRIC_REPRESENTATION_CONTEXT(2) 
PARAMETRIC_REPRESENTATION_CONTEXT() REPRESENTATION_CONTEXT('2D SPACE',''
  ) );
#11442 = PCURVE('',#11443,#11448);
#11443 = PLANE('',#11444);
#11444 = AXIS2_PLACEMENT_3D('',#11445,#11446,#11447);
#11445 = CARTESIAN_POINT('',(25.2,8.925,1.325));
#11446 = DIRECTION('',(0.,0.707106781187,0.707106781187));
#11447 = DIRECTION('',(1.,-0.,-0.));
#11448 = DEFINITIONAL_REPRESENTATION('',(#11449),#11452);
#11449 = B_SPLINE_CURVE_WITH_KNOTS('',1,(#11450,#11451),.UNSPECIFIED.,
  .F.,.F.,(2,2),(-0.106066017178,0.106066017178),
  .PIECEWISE_BEZIER_KNOTS.);
#11450 = CARTESIAN_POINT('',(-50.4,-0.106066017178));
#11451 = CARTESIAN_POINT('',(-50.4,0.106066017178));
#11452 = ( GEOMETRIC_REPRESENTATION_CONTEXT(2) 
PARAMETRIC_REPRESENTATION_CONTEXT() REPRESENTATION_CONTEXT('2D SPACE',''
  ) );
#11453 = ORIENTED_EDGE('',*,*,#11454,.T.);
#11454 = EDGE_CURVE('',#11429,#10833,#11455,.T.);
#11455 = SURFACE_CURVE('',#11456,(#11461,#11468),.PCURVE_S1.);
#11456 = CIRCLE('',#11457,0.65);
#11457 = AXIS2_PLACEMENT_3D('',#11458,#11459,#11460);
#11458 = CARTESIAN_POINT('',(-25.2,8.2,1.4));
#11459 = DIRECTION('',(0.,0.,1.));
#11460 = DIRECTION('',(0.,1.,-0.));
#11461 = PCURVE('',#10847,#11462);
#11462 = DEFINITIONAL_REPRESENTATION('',(#11463),#11467);
#11463 = LINE('',#11464,#11465);
#11464 = CARTESIAN_POINT('',(-0.,-0.15));
#11465 = VECTOR('',#11466,1.);
#11466 = DIRECTION('',(-1.,0.));
#11467 = ( GEOMETRIC_REPRESENTATION_CONTEXT(2) 
PARAMETRIC_REPRESENTATION_CONTEXT() REPRESENTATION_CONTEXT('2D SPACE',''
  ) );
#11468 = PCURVE('',#10874,#11469);
#11469 = DEFINITIONAL_REPRESENTATION('',(#11470),#11474);
#11470 = CIRCLE('',#11471,0.65);
#11471 = AXIS2_PLACEMENT_2D('',#11472,#11473);
#11472 = CARTESIAN_POINT('',(0.8,17.2));
#11473 = DIRECTION('',(0.,1.));
#11474 = ( GEOMETRIC_REPRESENTATION_CONTEXT(2) 
PARAMETRIC_REPRESENTATION_CONTEXT() REPRESENTATION_CONTEXT('2D SPACE',''
  ) );
#11475 = ORIENTED_EDGE('',*,*,#10832,.T.);
#11476 = ORIENTED_EDGE('',*,*,#10962,.F.);
#11477 = ADVANCED_FACE('',(#11478,#11613,#11648),#10874,.T.);
#11478 = FACE_BOUND('',#11479,.T.);
#11479 = EDGE_LOOP('',(#11480,#11481,#11504,#11533,#11561,#11590,#11611,
    #11612));
#11480 = ORIENTED_EDGE('',*,*,#11041,.T.);
#11481 = ORIENTED_EDGE('',*,*,#11482,.T.);
#11482 = EDGE_CURVE('',#11042,#11483,#11485,.T.);
#11483 = VERTEX_POINT('',#11484);
#11484 = CARTESIAN_POINT('',(25.2,-8.85,1.4));
#11485 = SURFACE_CURVE('',#11486,(#11490,#11497),.PCURVE_S1.);
#11486 = LINE('',#11487,#11488);
#11487 = CARTESIAN_POINT('',(-25.2,-8.85,1.4));
#11488 = VECTOR('',#11489,1.);
#11489 = DIRECTION('',(1.,0.,0.));
#11490 = PCURVE('',#10874,#11491);
#11491 = DEFINITIONAL_REPRESENTATION('',(#11492),#11496);
#11492 = LINE('',#11493,#11494);
#11493 = CARTESIAN_POINT('',(0.8,0.15));
#11494 = VECTOR('',#11495,1.);
#11495 = DIRECTION('',(1.,0.));
#11496 = ( GEOMETRIC_REPRESENTATION_CONTEXT(2) 
PARAMETRIC_REPRESENTATION_CONTEXT() REPRESENTATION_CONTEXT('2D SPACE',''
  ) );
#11497 = PCURVE('',#11078,#11498);
#11498 = DEFINITIONAL_REPRESENTATION('',(#11499),#11503);
#11499 = LINE('',#11500,#11501);
#11500 = CARTESIAN_POINT('',(0.,-0.106066017178));
#11501 = VECTOR('',#11502,1.);
#11502 = DIRECTION('',(1.,0.));
#11503 = ( GEOMETRIC_REPRESENTATION_CONTEXT(2) 
PARAMETRIC_REPRESENTATION_CONTEXT() REPRESENTATION_CONTEXT('2D SPACE',''
  ) );
#11504 = ORIENTED_EDGE('',*,*,#11505,.T.);
#11505 = EDGE_CURVE('',#11483,#11506,#11508,.T.);
#11506 = VERTEX_POINT('',#11507);
#11507 = CARTESIAN_POINT('',(25.85,-8.2,1.4));
#11508 = SURFACE_CURVE('',#11509,(#11514,#11521),.PCURVE_S1.);
#11509 = CIRCLE('',#11510,0.65);
#11510 = AXIS2_PLACEMENT_3D('',#11511,#11512,#11513);
#11511 = CARTESIAN_POINT('',(25.2,-8.2,1.4));
#11512 = DIRECTION('',(0.,0.,1.));
#11513 = DIRECTION('',(0.,-1.,0.));
#11514 = PCURVE('',#10874,#11515);
#11515 = DEFINITIONAL_REPRESENTATION('',(#11516),#11520);
#11516 = CIRCLE('',#11517,0.65);
#11517 = AXIS2_PLACEMENT_2D('',#11518,#11519);
#11518 = CARTESIAN_POINT('',(51.2,0.8));
#11519 = DIRECTION('',(0.,-1.));
#11520 = ( GEOMETRIC_REPRESENTATION_CONTEXT(2) 
PARAMETRIC_REPRESENTATION_CONTEXT() REPRESENTATION_CONTEXT('2D SPACE',''
  ) );
#11521 = PCURVE('',#11522,#11527);
#11522 = CONICAL_SURFACE('',#11523,0.8,0.785398163397);
#11523 = AXIS2_PLACEMENT_3D('',#11524,#11525,#11526);
#11524 = CARTESIAN_POINT('',(25.2,-8.2,1.25));
#11525 = DIRECTION('',(-0.,-0.,-1.));
#11526 = DIRECTION('',(0.,-1.,0.));
#11527 = DEFINITIONAL_REPRESENTATION('',(#11528),#11532);
#11528 = LINE('',#11529,#11530);
#11529 = CARTESIAN_POINT('',(-0.,-0.15));
#11530 = VECTOR('',#11531,1.);
#11531 = DIRECTION('',(-1.,0.));
#11532 = ( GEOMETRIC_REPRESENTATION_CONTEXT(2) 
PARAMETRIC_REPRESENTATION_CONTEXT() REPRESENTATION_CONTEXT('2D SPACE',''
  ) );
#11533 = ORIENTED_EDGE('',*,*,#11534,.T.);
#11534 = EDGE_CURVE('',#11506,#11535,#11537,.T.);
#11535 = VERTEX_POINT('',#11536);
#11536 = CARTESIAN_POINT('',(25.85,8.2,1.4));
#11537 = SURFACE_CURVE('',#11538,(#11542,#11549),.PCURVE_S1.);
#11538 = LINE('',#11539,#11540);
#11539 = CARTESIAN_POINT('',(25.85,-8.2,1.4));
#11540 = VECTOR('',#11541,1.);
#11541 = DIRECTION('',(0.,1.,0.));
#11542 = PCURVE('',#10874,#11543);
#11543 = DEFINITIONAL_REPRESENTATION('',(#11544),#11548);
#11544 = LINE('',#11545,#11546);
#11545 = CARTESIAN_POINT('',(51.85,0.8));
#11546 = VECTOR('',#11547,1.);
#11547 = DIRECTION('',(0.,1.));
#11548 = ( GEOMETRIC_REPRESENTATION_CONTEXT(2) 
PARAMETRIC_REPRESENTATION_CONTEXT() REPRESENTATION_CONTEXT('2D SPACE',''
  ) );
#11549 = PCURVE('',#11550,#11555);
#11550 = PLANE('',#11551);
#11551 = AXIS2_PLACEMENT_3D('',#11552,#11553,#11554);
#11552 = CARTESIAN_POINT('',(25.925,-8.2,1.325));
#11553 = DIRECTION('',(0.707106781187,0.,0.707106781187));
#11554 = DIRECTION('',(0.,-1.,-0.));
#11555 = DEFINITIONAL_REPRESENTATION('',(#11556),#11560);
#11556 = LINE('',#11557,#11558);
#11557 = CARTESIAN_POINT('',(-0.,-0.106066017178));
#11558 = VECTOR('',#11559,1.);
#11559 = DIRECTION('',(-1.,0.));
#11560 = ( GEOMETRIC_REPRESENTATION_CONTEXT(2) 
PARAMETRIC_REPRESENTATION_CONTEXT() REPRESENTATION_CONTEXT('2D SPACE',''
  ) );
#11561 = ORIENTED_EDGE('',*,*,#11562,.T.);
#11562 = EDGE_CURVE('',#11535,#11563,#11565,.T.);
#11563 = VERTEX_POINT('',#11564);
#11564 = CARTESIAN_POINT('',(25.2,8.85,1.4));
#11565 = SURFACE_CURVE('',#11566,(#11571,#11578),.PCURVE_S1.);
#11566 = CIRCLE('',#11567,0.65);
#11567 = AXIS2_PLACEMENT_3D('',#11568,#11569,#11570);
#11568 = CARTESIAN_POINT('',(25.2,8.2,1.4));
#11569 = DIRECTION('',(0.,0.,1.));
#11570 = DIRECTION('',(1.,0.,-0.));
#11571 = PCURVE('',#10874,#11572);
#11572 = DEFINITIONAL_REPRESENTATION('',(#11573),#11577);
#11573 = CIRCLE('',#11574,0.65);
#11574 = AXIS2_PLACEMENT_2D('',#11575,#11576);
#11575 = CARTESIAN_POINT('',(51.2,17.2));
#11576 = DIRECTION('',(1.,0.));
#11577 = ( GEOMETRIC_REPRESENTATION_CONTEXT(2) 
PARAMETRIC_REPRESENTATION_CONTEXT() REPRESENTATION_CONTEXT('2D SPACE',''
  ) );
#11578 = PCURVE('',#11579,#11584);
#11579 = CONICAL_SURFACE('',#11580,0.8,0.785398163397);
#11580 = AXIS2_PLACEMENT_3D('',#11581,#11582,#11583);
#11581 = CARTESIAN_POINT('',(25.2,8.2,1.25));
#11582 = DIRECTION('',(-0.,-0.,-1.));
#11583 = DIRECTION('',(1.,0.,0.));
#11584 = DEFINITIONAL_REPRESENTATION('',(#11585),#11589);
#11585 = LINE('',#11586,#11587);
#11586 = CARTESIAN_POINT('',(-0.,-0.15));
#11587 = VECTOR('',#11588,1.);
#11588 = DIRECTION('',(-1.,0.));
#11589 = ( GEOMETRIC_REPRESENTATION_CONTEXT(2) 
PARAMETRIC_REPRESENTATION_CONTEXT() REPRESENTATION_CONTEXT('2D SPACE',''
  ) );
#11590 = ORIENTED_EDGE('',*,*,#11591,.T.);
#11591 = EDGE_CURVE('',#11563,#11429,#11592,.T.);
#11592 = SURFACE_CURVE('',#11593,(#11597,#11604),.PCURVE_S1.);
#11593 = LINE('',#11594,#11595);
#11594 = CARTESIAN_POINT('',(25.2,8.85,1.4));
#11595 = VECTOR('',#11596,1.);
#11596 = DIRECTION('',(-1.,-0.,-0.));
#11597 = PCURVE('',#10874,#11598);
#11598 = DEFINITIONAL_REPRESENTATION('',(#11599),#11603);
#11599 = LINE('',#11600,#11601);
#11600 = CARTESIAN_POINT('',(51.2,17.85));
#11601 = VECTOR('',#11602,1.);
#11602 = DIRECTION('',(-1.,-0.));
#11603 = ( GEOMETRIC_REPRESENTATION_CONTEXT(2) 
PARAMETRIC_REPRESENTATION_CONTEXT() REPRESENTATION_CONTEXT('2D SPACE',''
  ) );
#11604 = PCURVE('',#11443,#11605);
#11605 = DEFINITIONAL_REPRESENTATION('',(#11606),#11610);
#11606 = LINE('',#11607,#11608);
#11607 = CARTESIAN_POINT('',(-0.,-0.106066017178));
#11608 = VECTOR('',#11609,1.);
#11609 = DIRECTION('',(-1.,0.));
#11610 = ( GEOMETRIC_REPRESENTATION_CONTEXT(2) 
PARAMETRIC_REPRESENTATION_CONTEXT() REPRESENTATION_CONTEXT('2D SPACE',''
  ) );
#11611 = ORIENTED_EDGE('',*,*,#11454,.T.);
#11612 = ORIENTED_EDGE('',*,*,#10858,.T.);
#11613 = FACE_BOUND('',#11614,.T.);
#11614 = EDGE_LOOP('',(#11615));
#11615 = ORIENTED_EDGE('',*,*,#11616,.T.);
#11616 = EDGE_CURVE('',#11617,#11617,#11619,.T.);
#11617 = VERTEX_POINT('',#11618);
#11618 = CARTESIAN_POINT('',(18.25,-4.2,1.4));
#11619 = SURFACE_CURVE('',#11620,(#11625,#11636),.PCURVE_S1.);
#11620 = CIRCLE('',#11621,1.75);
#11621 = AXIS2_PLACEMENT_3D('',#11622,#11623,#11624);
#11622 = CARTESIAN_POINT('',(20.,-4.2,1.4));
#11623 = DIRECTION('',(-0.,0.,-1.));
#11624 = DIRECTION('',(-1.,0.,0.));
#11625 = PCURVE('',#10874,#11626);
#11626 = DEFINITIONAL_REPRESENTATION('',(#11627),#11635);
#11627 = ( BOUNDED_CURVE() B_SPLINE_CURVE(2,(#11628,#11629,#11630,#11631
    ,#11632,#11633,#11634),.UNSPECIFIED.,.T.,.F.) 
B_SPLINE_CURVE_WITH_KNOTS((1,2,2,2,2,1),(-2.094395102393,0.,
    2.094395102393,4.188790204786,6.28318530718,8.377580409573),
.UNSPECIFIED.) CURVE() GEOMETRIC_REPRESENTATION_ITEM() 
RATIONAL_B_SPLINE_CURVE((1.,0.5,1.,0.5,1.,0.5,1.)) REPRESENTATION_ITEM(
  '') );
#11628 = CARTESIAN_POINT('',(44.25,4.8));
#11629 = CARTESIAN_POINT('',(44.25,7.831088913246));
#11630 = CARTESIAN_POINT('',(46.875,6.315544456623));
#11631 = CARTESIAN_POINT('',(49.5,4.8));
#11632 = CARTESIAN_POINT('',(46.875,3.284455543377));
#11633 = CARTESIAN_POINT('',(44.25,1.768911086754));
#11634 = CARTESIAN_POINT('',(44.25,4.8));
#11635 = ( GEOMETRIC_REPRESENTATION_CONTEXT(2) 
PARAMETRIC_REPRESENTATION_CONTEXT() REPRESENTATION_CONTEXT('2D SPACE',''
  ) );
#11636 = PCURVE('',#11637,#11642);
#11637 = CONICAL_SURFACE('',#11638,1.6,0.785398163397);
#11638 = AXIS2_PLACEMENT_3D('',#11639,#11640,#11641);
#11639 = CARTESIAN_POINT('',(20.,-4.2,1.25));
#11640 = DIRECTION('',(0.,0.,1.));
#11641 = DIRECTION('',(-1.,0.,0.));
#11642 = DEFINITIONAL_REPRESENTATION('',(#11643),#11647);
#11643 = LINE('',#11644,#11645);
#11644 = CARTESIAN_POINT('',(0.,0.15));
#11645 = VECTOR('',#11646,1.);
#11646 = DIRECTION('',(-1.,-0.));
#11647 = ( GEOMETRIC_REPRESENTATION_CONTEXT(2) 
PARAMETRIC_REPRESENTATION_CONTEXT() REPRESENTATION_CONTEXT('2D SPACE',''
  ) );
#11648 = FACE_BOUND('',#11649,.T.);
#11649 = EDGE_LOOP('',(#11650));
#11650 = ORIENTED_EDGE('',*,*,#11651,.T.);
#11651 = EDGE_CURVE('',#11652,#11652,#11654,.T.);
#11652 = VERTEX_POINT('',#11653);
#11653 = CARTESIAN_POINT('',(18.25,4.2,1.4));
#11654 = SURFACE_CURVE('',#11655,(#11660,#11671),.PCURVE_S1.);
#11655 = CIRCLE('',#11656,1.75);
#11656 = AXIS2_PLACEMENT_3D('',#11657,#11658,#11659);
#11657 = CARTESIAN_POINT('',(20.,4.2,1.4));
#11658 = DIRECTION('',(-0.,0.,-1.));
#11659 = DIRECTION('',(-1.,5.551115123126E-16,0.));
#11660 = PCURVE('',#10874,#11661);
#11661 = DEFINITIONAL_REPRESENTATION('',(#11662),#11670);
#11662 = ( BOUNDED_CURVE() B_SPLINE_CURVE(2,(#11663,#11664,#11665,#11666
    ,#11667,#11668,#11669),.UNSPECIFIED.,.T.,.F.) 
B_SPLINE_CURVE_WITH_KNOTS((1,2,2,2,2,1),(-2.094395102393,0.,
    2.094395102393,4.188790204786,6.28318530718,8.377580409573),
.UNSPECIFIED.) CURVE() GEOMETRIC_REPRESENTATION_ITEM() 
RATIONAL_B_SPLINE_CURVE((1.,0.5,1.,0.5,1.,0.5,1.)) REPRESENTATION_ITEM(
  '') );
#11663 = CARTESIAN_POINT('',(44.25,13.2));
#11664 = CARTESIAN_POINT('',(44.25,16.231088913246));
#11665 = CARTESIAN_POINT('',(46.875,14.715544456623));
#11666 = CARTESIAN_POINT('',(49.5,13.2));
#11667 = CARTESIAN_POINT('',(46.875,11.684455543377));
#11668 = CARTESIAN_POINT('',(44.25,10.168911086754));
#11669 = CARTESIAN_POINT('',(44.25,13.2));
#11670 = ( GEOMETRIC_REPRESENTATION_CONTEXT(2) 
PARAMETRIC_REPRESENTATION_CONTEXT() REPRESENTATION_CONTEXT('2D SPACE',''
  ) );
#11671 = PCURVE('',#11672,#11677);
#11672 = CONICAL_SURFACE('',#11673,1.6,0.785398163397);
#11673 = AXIS2_PLACEMENT_3D('',#11674,#11675,#11676);
#11674 = CARTESIAN_POINT('',(20.,4.2,1.25));
#11675 = DIRECTION('',(0.,0.,1.));
#11676 = DIRECTION('',(-1.,5.551115123126E-16,0.));
#11677 = DEFINITIONAL_REPRESENTATION('',(#11678),#11682);
#11678 = LINE('',#11679,#11680);
#11679 = CARTESIAN_POINT('',(0.,0.15));
#11680 = VECTOR('',#11681,1.);
#11681 = DIRECTION('',(-1.,-0.));
#11682 = ( GEOMETRIC_REPRESENTATION_CONTEXT(2) 
PARAMETRIC_REPRESENTATION_CONTEXT() REPRESENTATION_CONTEXT('2D SPACE',''
  ) );
#11683 = ADVANCED_FACE('',(#11684,#11759),#10950,.T.);
#11684 = FACE_BOUND('',#11685,.T.);
#11685 = EDGE_LOOP('',(#11686,#11687,#11710,#11738));
#11686 = ORIENTED_EDGE('',*,*,#10934,.T.);
#11687 = ORIENTED_EDGE('',*,*,#11688,.F.);
#11688 = EDGE_CURVE('',#11689,#10935,#11691,.T.);
#11689 = VERTEX_POINT('',#11690);
#11690 = CARTESIAN_POINT('',(25.2,9.,1.25));
#11691 = SURFACE_CURVE('',#11692,(#11696,#11703),.PCURVE_S1.);
#11692 = LINE('',#11693,#11694);
#11693 = CARTESIAN_POINT('',(25.2,9.,1.25));
#11694 = VECTOR('',#11695,1.);
#11695 = DIRECTION('',(-1.,-0.,-0.));
#11696 = PCURVE('',#10950,#11697);
#11697 = DEFINITIONAL_REPRESENTATION('',(#11698),#11702);
#11698 = LINE('',#11699,#11700);
#11699 = CARTESIAN_POINT('',(2.65,51.2));
#11700 = VECTOR('',#11701,1.);
#11701 = DIRECTION('',(-0.,-1.));
#11702 = ( GEOMETRIC_REPRESENTATION_CONTEXT(2) 
PARAMETRIC_REPRESENTATION_CONTEXT() REPRESENTATION_CONTEXT('2D SPACE',''
  ) );
#11703 = PCURVE('',#11443,#11704);
#11704 = DEFINITIONAL_REPRESENTATION('',(#11705),#11709);
#11705 = LINE('',#11706,#11707);
#11706 = CARTESIAN_POINT('',(-0.,0.106066017178));
#11707 = VECTOR('',#11708,1.);
#11708 = DIRECTION('',(-1.,0.));
#11709 = ( GEOMETRIC_REPRESENTATION_CONTEXT(2) 
PARAMETRIC_REPRESENTATION_CONTEXT() REPRESENTATION_CONTEXT('2D SPACE',''
  ) );
#11710 = ORIENTED_EDGE('',*,*,#11711,.F.);
#11711 = EDGE_CURVE('',#11712,#11689,#11714,.T.);
#11712 = VERTEX_POINT('',#11713);
#11713 = CARTESIAN_POINT('',(25.2,9.,-1.25));
#11714 = SURFACE_CURVE('',#11715,(#11719,#11726),.PCURVE_S1.);
#11715 = LINE('',#11716,#11717);
#11716 = CARTESIAN_POINT('',(25.2,9.,-1.4));
#11717 = VECTOR('',#11718,1.);
#11718 = DIRECTION('',(0.,0.,1.));
#11719 = PCURVE('',#10950,#11720);
#11720 = DEFINITIONAL_REPRESENTATION('',(#11721),#11725);
#11721 = LINE('',#11722,#11723);
#11722 = CARTESIAN_POINT('',(0.,51.2));
#11723 = VECTOR('',#11724,1.);
#11724 = DIRECTION('',(1.,0.));
#11725 = ( GEOMETRIC_REPRESENTATION_CONTEXT(2) 
PARAMETRIC_REPRESENTATION_CONTEXT() REPRESENTATION_CONTEXT('2D SPACE',''
  ) );
#11726 = PCURVE('',#11727,#11732);
#11727 = CYLINDRICAL_SURFACE('',#11728,0.8);
#11728 = AXIS2_PLACEMENT_3D('',#11729,#11730,#11731);
#11729 = CARTESIAN_POINT('',(25.2,8.2,-1.4));
#11730 = DIRECTION('',(0.,0.,1.));
#11731 = DIRECTION('',(1.,0.,-0.));
#11732 = DEFINITIONAL_REPRESENTATION('',(#11733),#11737);
#11733 = LINE('',#11734,#11735);
#11734 = CARTESIAN_POINT('',(1.570796326795,0.));
#11735 = VECTOR('',#11736,1.);
#11736 = DIRECTION('',(0.,1.));
#11737 = ( GEOMETRIC_REPRESENTATION_CONTEXT(2) 
PARAMETRIC_REPRESENTATION_CONTEXT() REPRESENTATION_CONTEXT('2D SPACE',''
  ) );
#11738 = ORIENTED_EDGE('',*,*,#11739,.T.);
#11739 = EDGE_CURVE('',#11712,#10911,#11740,.T.);
#11740 = SURFACE_CURVE('',#11741,(#11745,#11752),.PCURVE_S1.);
#11741 = LINE('',#11742,#11743);
#11742 = CARTESIAN_POINT('',(25.2,9.,-1.25));
#11743 = VECTOR('',#11744,1.);
#11744 = DIRECTION('',(-1.,-0.,-0.));
#11745 = PCURVE('',#10950,#11746);
#11746 = DEFINITIONAL_REPRESENTATION('',(#11747),#11751);
#11747 = LINE('',#11748,#11749);
#11748 = CARTESIAN_POINT('',(0.15,51.2));
#11749 = VECTOR('',#11750,1.);
#11750 = DIRECTION('',(-0.,-1.));
#11751 = ( GEOMETRIC_REPRESENTATION_CONTEXT(2) 
PARAMETRIC_REPRESENTATION_CONTEXT() REPRESENTATION_CONTEXT('2D SPACE',''
  ) );
#11752 = PCURVE('',#11184,#11753);
#11753 = DEFINITIONAL_REPRESENTATION('',(#11754),#11758);
#11754 = LINE('',#11755,#11756);
#11755 = CARTESIAN_POINT('',(0.,-0.106066017178));
#11756 = VECTOR('',#11757,1.);
#11757 = DIRECTION('',(1.,0.));
#11758 = ( GEOMETRIC_REPRESENTATION_CONTEXT(2) 
PARAMETRIC_REPRESENTATION_CONTEXT() REPRESENTATION_CONTEXT('2D SPACE',''
  ) );
#11759 = FACE_BOUND('',#11760,.T.);
#11760 = EDGE_LOOP('',(#11761,#11791,#11819,#11847));
#11761 = ORIENTED_EDGE('',*,*,#11762,.F.);
#11762 = EDGE_CURVE('',#11763,#11765,#11767,.T.);
#11763 = VERTEX_POINT('',#11764);
#11764 = CARTESIAN_POINT('',(20.,9.,-0.85));
#11765 = VERTEX_POINT('',#11766);
#11766 = CARTESIAN_POINT('',(12.,9.,-0.85));
#11767 = SURFACE_CURVE('',#11768,(#11772,#11779),.PCURVE_S1.);
#11768 = LINE('',#11769,#11770);
#11769 = CARTESIAN_POINT('',(20.,9.,-0.85));
#11770 = VECTOR('',#11771,1.);
#11771 = DIRECTION('',(-1.,0.,0.));
#11772 = PCURVE('',#10950,#11773);
#11773 = DEFINITIONAL_REPRESENTATION('',(#11774),#11778);
#11774 = LINE('',#11775,#11776);
#11775 = CARTESIAN_POINT('',(0.55,46.));
#11776 = VECTOR('',#11777,1.);
#11777 = DIRECTION('',(0.,-1.));
#11778 = ( GEOMETRIC_REPRESENTATION_CONTEXT(2) 
PARAMETRIC_REPRESENTATION_CONTEXT() REPRESENTATION_CONTEXT('2D SPACE',''
  ) );
#11779 = PCURVE('',#11780,#11785);
#11780 = PLANE('',#11781);
#11781 = AXIS2_PLACEMENT_3D('',#11782,#11783,#11784);
#11782 = CARTESIAN_POINT('',(20.,9.,-0.85));
#11783 = DIRECTION('',(0.,0.,-1.));
#11784 = DIRECTION('',(-1.,0.,0.));
#11785 = DEFINITIONAL_REPRESENTATION('',(#11786),#11790);
#11786 = LINE('',#11787,#11788);
#11787 = CARTESIAN_POINT('',(0.,0.));
#11788 = VECTOR('',#11789,1.);
#11789 = DIRECTION('',(1.,0.));
#11790 = ( GEOMETRIC_REPRESENTATION_CONTEXT(2) 
PARAMETRIC_REPRESENTATION_CONTEXT() REPRESENTATION_CONTEXT('2D SPACE',''
  ) );
#11791 = ORIENTED_EDGE('',*,*,#11792,.F.);
#11792 = EDGE_CURVE('',#11793,#11763,#11795,.T.);
#11793 = VERTEX_POINT('',#11794);
#11794 = CARTESIAN_POINT('',(20.,9.,0.85));
#11795 = SURFACE_CURVE('',#11796,(#11800,#11807),.PCURVE_S1.);
#11796 = LINE('',#11797,#11798);
#11797 = CARTESIAN_POINT('',(20.,9.,0.85));
#11798 = VECTOR('',#11799,1.);
#11799 = DIRECTION('',(0.,0.,-1.));
#11800 = PCURVE('',#10950,#11801);
#11801 = DEFINITIONAL_REPRESENTATION('',(#11802),#11806);
#11802 = LINE('',#11803,#11804);
#11803 = CARTESIAN_POINT('',(2.25,46.));
#11804 = VECTOR('',#11805,1.);
#11805 = DIRECTION('',(-1.,0.));
#11806 = ( GEOMETRIC_REPRESENTATION_CONTEXT(2) 
PARAMETRIC_REPRESENTATION_CONTEXT() REPRESENTATION_CONTEXT('2D SPACE',''
  ) );
#11807 = PCURVE('',#11808,#11813);
#11808 = PLANE('',#11809);
#11809 = AXIS2_PLACEMENT_3D('',#11810,#11811,#11812);
#11810 = CARTESIAN_POINT('',(20.,9.,0.85));
#11811 = DIRECTION('',(1.,-0.,0.));
#11812 = DIRECTION('',(0.,0.,-1.));
#11813 = DEFINITIONAL_REPRESENTATION('',(#11814),#11818);
#11814 = LINE('',#11815,#11816);
#11815 = CARTESIAN_POINT('',(0.,0.));
#11816 = VECTOR('',#11817,1.);
#11817 = DIRECTION('',(1.,0.));
#11818 = ( GEOMETRIC_REPRESENTATION_CONTEXT(2) 
PARAMETRIC_REPRESENTATION_CONTEXT() REPRESENTATION_CONTEXT('2D SPACE',''
  ) );
#11819 = ORIENTED_EDGE('',*,*,#11820,.F.);
#11820 = EDGE_CURVE('',#11821,#11793,#11823,.T.);
#11821 = VERTEX_POINT('',#11822);
#11822 = CARTESIAN_POINT('',(12.,9.,0.85));
#11823 = SURFACE_CURVE('',#11824,(#11828,#11835),.PCURVE_S1.);
#11824 = LINE('',#11825,#11826);
#11825 = CARTESIAN_POINT('',(12.,9.,0.85));
#11826 = VECTOR('',#11827,1.);
#11827 = DIRECTION('',(1.,0.,0.));
#11828 = PCURVE('',#10950,#11829);
#11829 = DEFINITIONAL_REPRESENTATION('',(#11830),#11834);
#11830 = LINE('',#11831,#11832);
#11831 = CARTESIAN_POINT('',(2.25,38.));
#11832 = VECTOR('',#11833,1.);
#11833 = DIRECTION('',(0.,1.));
#11834 = ( GEOMETRIC_REPRESENTATION_CONTEXT(2) 
PARAMETRIC_REPRESENTATION_CONTEXT() REPRESENTATION_CONTEXT('2D SPACE',''
  ) );
#11835 = PCURVE('',#11836,#11841);
#11836 = PLANE('',#11837);
#11837 = AXIS2_PLACEMENT_3D('',#11838,#11839,#11840);
#11838 = CARTESIAN_POINT('',(12.,9.,0.85));
#11839 = DIRECTION('',(0.,0.,1.));
#11840 = DIRECTION('',(1.,0.,-0.));
#11841 = DEFINITIONAL_REPRESENTATION('',(#11842),#11846);
#11842 = LINE('',#11843,#11844);
#11843 = CARTESIAN_POINT('',(0.,0.));
#11844 = VECTOR('',#11845,1.);
#11845 = DIRECTION('',(1.,0.));
#11846 = ( GEOMETRIC_REPRESENTATION_CONTEXT(2) 
PARAMETRIC_REPRESENTATION_CONTEXT() REPRESENTATION_CONTEXT('2D SPACE',''
  ) );
#11847 = ORIENTED_EDGE('',*,*,#11848,.F.);
#11848 = EDGE_CURVE('',#11765,#11821,#11849,.T.);
#11849 = SURFACE_CURVE('',#11850,(#11854,#11861),.PCURVE_S1.);
#11850 = LINE('',#11851,#11852);
#11851 = CARTESIAN_POINT('',(12.,9.,-0.85));
#11852 = VECTOR('',#11853,1.);
#11853 = DIRECTION('',(0.,0.,1.));
#11854 = PCURVE('',#10950,#11855);
#11855 = DEFINITIONAL_REPRESENTATION('',(#11856),#11860);
#11856 = LINE('',#11857,#11858);
#11857 = CARTESIAN_POINT('',(0.55,38.));
#11858 = VECTOR('',#11859,1.);
#11859 = DIRECTION('',(1.,0.));
#11860 = ( GEOMETRIC_REPRESENTATION_CONTEXT(2) 
PARAMETRIC_REPRESENTATION_CONTEXT() REPRESENTATION_CONTEXT('2D SPACE',''
  ) );
#11861 = PCURVE('',#11862,#11867);
#11862 = PLANE('',#11863);
#11863 = AXIS2_PLACEMENT_3D('',#11864,#11865,#11866);
#11864 = CARTESIAN_POINT('',(12.,9.,-0.85));
#11865 = DIRECTION('',(-1.,0.,0.));
#11866 = DIRECTION('',(0.,0.,1.));
#11867 = DEFINITIONAL_REPRESENTATION('',(#11868),#11872);
#11868 = LINE('',#11869,#11870);
#11869 = CARTESIAN_POINT('',(0.,0.));
#11870 = VECTOR('',#11871,1.);
#11871 = DIRECTION('',(1.,0.));
#11872 = ( GEOMETRIC_REPRESENTATION_CONTEXT(2) 
PARAMETRIC_REPRESENTATION_CONTEXT() REPRESENTATION_CONTEXT('2D SPACE',''
  ) );
#11873 = ADVANCED_FACE('',(#11874),#11004,.T.);
#11874 = FACE_BOUND('',#11875,.F.);
#11875 = EDGE_LOOP('',(#11876,#11877,#11878,#11897));
#11876 = ORIENTED_EDGE('',*,*,#10989,.F.);
#11877 = ORIENTED_EDGE('',*,*,#11145,.T.);
#11878 = ORIENTED_EDGE('',*,*,#11879,.T.);
#11879 = EDGE_CURVE('',#11118,#11224,#11880,.T.);
#11880 = SURFACE_CURVE('',#11881,(#11885,#11891),.PCURVE_S1.);
#11881 = LINE('',#11882,#11883);
#11882 = CARTESIAN_POINT('',(25.2,-8.925,-1.325));
#11883 = VECTOR('',#11884,1.);
#11884 = DIRECTION('',(-0.,0.707106781187,-0.707106781187));
#11885 = PCURVE('',#11004,#11886);
#11886 = DEFINITIONAL_REPRESENTATION('',(#11887),#11890);
#11887 = B_SPLINE_CURVE_WITH_KNOTS('',1,(#11888,#11889),.UNSPECIFIED.,
  .F.,.F.,(2,2),(-0.106066017178,0.106066017178),
  .PIECEWISE_BEZIER_KNOTS.);
#11888 = CARTESIAN_POINT('',(-50.4,-0.106066017178));
#11889 = CARTESIAN_POINT('',(-50.4,0.106066017178));
#11890 = ( GEOMETRIC_REPRESENTATION_CONTEXT(2) 
PARAMETRIC_REPRESENTATION_CONTEXT() REPRESENTATION_CONTEXT('2D SPACE',''
  ) );
#11891 = PCURVE('',#11263,#11892);
#11892 = DEFINITIONAL_REPRESENTATION('',(#11893),#11896);
#11893 = B_SPLINE_CURVE_WITH_KNOTS('',1,(#11894,#11895),.UNSPECIFIED.,
  .F.,.F.,(2,2),(-0.106066017178,0.106066017178),
  .PIECEWISE_BEZIER_KNOTS.);
#11894 = CARTESIAN_POINT('',(-4.440892098501E-15,0.));
#11895 = CARTESIAN_POINT('',(-4.440892098501E-15,-0.15));
#11896 = ( GEOMETRIC_REPRESENTATION_CONTEXT(2) 
PARAMETRIC_REPRESENTATION_CONTEXT() REPRESENTATION_CONTEXT('2D SPACE',''
  ) );
#11897 = ORIENTED_EDGE('',*,*,#11223,.F.);
#11898 = ADVANCED_FACE('',(#11899),#11078,.F.);
#11899 = FACE_BOUND('',#11900,.F.);
#11900 = EDGE_LOOP('',(#11901,#11902,#11903,#11922));
#11901 = ORIENTED_EDGE('',*,*,#11065,.F.);
#11902 = ORIENTED_EDGE('',*,*,#11482,.T.);
#11903 = ORIENTED_EDGE('',*,*,#11904,.T.);
#11904 = EDGE_CURVE('',#11483,#11095,#11905,.T.);
#11905 = SURFACE_CURVE('',#11906,(#11910,#11916),.PCURVE_S1.);
#11906 = LINE('',#11907,#11908);
#11907 = CARTESIAN_POINT('',(25.2,-8.925,1.325));
#11908 = VECTOR('',#11909,1.);
#11909 = DIRECTION('',(0.,-0.707106781187,-0.707106781187));
#11910 = PCURVE('',#11078,#11911);
#11911 = DEFINITIONAL_REPRESENTATION('',(#11912),#11915);
#11912 = B_SPLINE_CURVE_WITH_KNOTS('',1,(#11913,#11914),.UNSPECIFIED.,
  .F.,.F.,(2,2),(-0.106066017178,0.106066017178),
  .PIECEWISE_BEZIER_KNOTS.);
#11913 = CARTESIAN_POINT('',(50.4,-0.106066017178));
#11914 = CARTESIAN_POINT('',(50.4,0.106066017178));
#11915 = ( GEOMETRIC_REPRESENTATION_CONTEXT(2) 
PARAMETRIC_REPRESENTATION_CONTEXT() REPRESENTATION_CONTEXT('2D SPACE',''
  ) );
#11916 = PCURVE('',#11522,#11917);
#11917 = DEFINITIONAL_REPRESENTATION('',(#11918),#11921);
#11918 = B_SPLINE_CURVE_WITH_KNOTS('',1,(#11919,#11920),.UNSPECIFIED.,
  .F.,.F.,(2,2),(-0.106066017178,0.106066017178),
  .PIECEWISE_BEZIER_KNOTS.);
#11919 = CARTESIAN_POINT('',(4.440892098501E-15,-0.15));
#11920 = CARTESIAN_POINT('',(4.440892098501E-15,-2.943923360032E-16));
#11921 = ( GEOMETRIC_REPRESENTATION_CONTEXT(2) 
PARAMETRIC_REPRESENTATION_CONTEXT() REPRESENTATION_CONTEXT('2D SPACE',''
  ) );
#11922 = ORIENTED_EDGE('',*,*,#11094,.F.);
#11923 = ADVANCED_FACE('',(#11924),#11133,.T.);
#11924 = FACE_BOUND('',#11925,.F.);
#11925 = EDGE_LOOP('',(#11926,#11956,#11978,#11979));
#11926 = ORIENTED_EDGE('',*,*,#11927,.F.);
#11927 = EDGE_CURVE('',#11928,#11930,#11932,.T.);
#11928 = VERTEX_POINT('',#11929);
#11929 = CARTESIAN_POINT('',(26.,-8.2,-1.25));
#11930 = VERTEX_POINT('',#11931);
#11931 = CARTESIAN_POINT('',(26.,-8.2,1.25));
#11932 = SURFACE_CURVE('',#11933,(#11937,#11944),.PCURVE_S1.);
#11933 = LINE('',#11934,#11935);
#11934 = CARTESIAN_POINT('',(26.,-8.2,-1.4));
#11935 = VECTOR('',#11936,1.);
#11936 = DIRECTION('',(0.,0.,1.));
#11937 = PCURVE('',#11133,#11938);
#11938 = DEFINITIONAL_REPRESENTATION('',(#11939),#11943);
#11939 = LINE('',#11940,#11941);
#11940 = CARTESIAN_POINT('',(-0.,0.));
#11941 = VECTOR('',#11942,1.);
#11942 = DIRECTION('',(-0.,1.));
#11943 = ( GEOMETRIC_REPRESENTATION_CONTEXT(2) 
PARAMETRIC_REPRESENTATION_CONTEXT() REPRESENTATION_CONTEXT('2D SPACE',''
  ) );
#11944 = PCURVE('',#11945,#11950);
#11945 = PLANE('',#11946);
#11946 = AXIS2_PLACEMENT_3D('',#11947,#11948,#11949);
#11947 = CARTESIAN_POINT('',(26.,-9.,-1.4));
#11948 = DIRECTION('',(1.,0.,0.));
#11949 = DIRECTION('',(0.,0.,1.));
#11950 = DEFINITIONAL_REPRESENTATION('',(#11951),#11955);
#11951 = LINE('',#11952,#11953);
#11952 = CARTESIAN_POINT('',(0.,-0.8));
#11953 = VECTOR('',#11954,1.);
#11954 = DIRECTION('',(1.,0.));
#11955 = ( GEOMETRIC_REPRESENTATION_CONTEXT(2) 
PARAMETRIC_REPRESENTATION_CONTEXT() REPRESENTATION_CONTEXT('2D SPACE',''
  ) );
#11956 = ORIENTED_EDGE('',*,*,#11957,.F.);
#11957 = EDGE_CURVE('',#11118,#11928,#11958,.T.);
#11958 = SURFACE_CURVE('',#11959,(#11964,#11971),.PCURVE_S1.);
#11959 = CIRCLE('',#11960,0.8);
#11960 = AXIS2_PLACEMENT_3D('',#11961,#11962,#11963);
#11961 = CARTESIAN_POINT('',(25.2,-8.2,-1.25));
#11962 = DIRECTION('',(0.,0.,1.));
#11963 = DIRECTION('',(0.,-1.,0.));
#11964 = PCURVE('',#11133,#11965);
#11965 = DEFINITIONAL_REPRESENTATION('',(#11966),#11970);
#11966 = LINE('',#11967,#11968);
#11967 = CARTESIAN_POINT('',(-1.570796326795,0.15));
#11968 = VECTOR('',#11969,1.);
#11969 = DIRECTION('',(1.,-0.));
#11970 = ( GEOMETRIC_REPRESENTATION_CONTEXT(2) 
PARAMETRIC_REPRESENTATION_CONTEXT() REPRESENTATION_CONTEXT('2D SPACE',''
  ) );
#11971 = PCURVE('',#11263,#11972);
#11972 = DEFINITIONAL_REPRESENTATION('',(#11973),#11977);
#11973 = LINE('',#11974,#11975);
#11974 = CARTESIAN_POINT('',(0.,-0.));
#11975 = VECTOR('',#11976,1.);
#11976 = DIRECTION('',(1.,-0.));
#11977 = ( GEOMETRIC_REPRESENTATION_CONTEXT(2) 
PARAMETRIC_REPRESENTATION_CONTEXT() REPRESENTATION_CONTEXT('2D SPACE',''
  ) );
#11978 = ORIENTED_EDGE('',*,*,#11117,.T.);
#11979 = ORIENTED_EDGE('',*,*,#11980,.T.);
#11980 = EDGE_CURVE('',#11095,#11930,#11981,.T.);
#11981 = SURFACE_CURVE('',#11982,(#11987,#11994),.PCURVE_S1.);
#11982 = CIRCLE('',#11983,0.8);
#11983 = AXIS2_PLACEMENT_3D('',#11984,#11985,#11986);
#11984 = CARTESIAN_POINT('',(25.2,-8.2,1.25));
#11985 = DIRECTION('',(0.,0.,1.));
#11986 = DIRECTION('',(0.,-1.,0.));
#11987 = PCURVE('',#11133,#11988);
#11988 = DEFINITIONAL_REPRESENTATION('',(#11989),#11993);
#11989 = LINE('',#11990,#11991);
#11990 = CARTESIAN_POINT('',(-1.570796326795,2.65));
#11991 = VECTOR('',#11992,1.);
#11992 = DIRECTION('',(1.,-0.));
#11993 = ( GEOMETRIC_REPRESENTATION_CONTEXT(2) 
PARAMETRIC_REPRESENTATION_CONTEXT() REPRESENTATION_CONTEXT('2D SPACE',''
  ) );
#11994 = PCURVE('',#11522,#11995);
#11995 = DEFINITIONAL_REPRESENTATION('',(#11996),#12000);
#11996 = LINE('',#11997,#11998);
#11997 = CARTESIAN_POINT('',(-0.,0.));
#11998 = VECTOR('',#11999,1.);
#11999 = DIRECTION('',(-1.,0.));
#12000 = ( GEOMETRIC_REPRESENTATION_CONTEXT(2) 
PARAMETRIC_REPRESENTATION_CONTEXT() REPRESENTATION_CONTEXT('2D SPACE',''
  ) );
#12001 = ADVANCED_FACE('',(#12002),#11184,.F.);
#12002 = FACE_BOUND('',#12003,.F.);
#12003 = EDGE_LOOP('',(#12004,#12023,#12024,#12025));
#12004 = ORIENTED_EDGE('',*,*,#12005,.F.);
#12005 = EDGE_CURVE('',#11712,#11304,#12006,.T.);
#12006 = SURFACE_CURVE('',#12007,(#12011,#12017),.PCURVE_S1.);
#12007 = LINE('',#12008,#12009);
#12008 = CARTESIAN_POINT('',(25.2,9.,-1.25));
#12009 = VECTOR('',#12010,1.);
#12010 = DIRECTION('',(-4.329780281177E-17,-0.707106781187,
    -0.707106781187));
#12011 = PCURVE('',#11184,#12012);
#12012 = DEFINITIONAL_REPRESENTATION('',(#12013),#12016);
#12013 = B_SPLINE_CURVE_WITH_KNOTS('',1,(#12014,#12015),.UNSPECIFIED.,
  .F.,.F.,(2,2),(0.,0.212132034356),.PIECEWISE_BEZIER_KNOTS.);
#12014 = CARTESIAN_POINT('',(0.,-0.106066017178));
#12015 = CARTESIAN_POINT('',(0.,0.106066017178));
#12016 = ( GEOMETRIC_REPRESENTATION_CONTEXT(2) 
PARAMETRIC_REPRESENTATION_CONTEXT() REPRESENTATION_CONTEXT('2D SPACE',''
  ) );
#12017 = PCURVE('',#11320,#12018);
#12018 = DEFINITIONAL_REPRESENTATION('',(#12019),#12022);
#12019 = B_SPLINE_CURVE_WITH_KNOTS('',1,(#12020,#12021),.UNSPECIFIED.,
  .F.,.F.,(2,2),(0.,0.212132034356),.PIECEWISE_BEZIER_KNOTS.);
#12020 = CARTESIAN_POINT('',(1.570796326795,0.));
#12021 = CARTESIAN_POINT('',(1.570796326795,-0.15));
#12022 = ( GEOMETRIC_REPRESENTATION_CONTEXT(2) 
PARAMETRIC_REPRESENTATION_CONTEXT() REPRESENTATION_CONTEXT('2D SPACE',''
  ) );
#12023 = ORIENTED_EDGE('',*,*,#11739,.T.);
#12024 = ORIENTED_EDGE('',*,*,#11169,.T.);
#12025 = ORIENTED_EDGE('',*,*,#11332,.F.);
#12026 = ADVANCED_FACE('',(#12027),#11263,.T.);
#12027 = FACE_BOUND('',#12028,.F.);
#12028 = EDGE_LOOP('',(#12029,#12030,#12031,#12050));
#12029 = ORIENTED_EDGE('',*,*,#11879,.F.);
#12030 = ORIENTED_EDGE('',*,*,#11957,.T.);
#12031 = ORIENTED_EDGE('',*,*,#12032,.T.);
#12032 = EDGE_CURVE('',#11928,#11247,#12033,.T.);
#12033 = SURFACE_CURVE('',#12034,(#12038,#12044),.PCURVE_S1.);
#12034 = LINE('',#12035,#12036);
#12035 = CARTESIAN_POINT('',(26.,-8.2,-1.25));
#12036 = VECTOR('',#12037,1.);
#12037 = DIRECTION('',(-0.707106781187,3.183482720179E-15,
    -0.707106781187));
#12038 = PCURVE('',#11263,#12039);
#12039 = DEFINITIONAL_REPRESENTATION('',(#12040),#12043);
#12040 = B_SPLINE_CURVE_WITH_KNOTS('',1,(#12041,#12042),.UNSPECIFIED.,
  .F.,.F.,(2,2),(0.,0.212132034356),.PIECEWISE_BEZIER_KNOTS.);
#12041 = CARTESIAN_POINT('',(1.570796326795,0.));
#12042 = CARTESIAN_POINT('',(1.570796326795,-0.15));
#12043 = ( GEOMETRIC_REPRESENTATION_CONTEXT(2) 
PARAMETRIC_REPRESENTATION_CONTEXT() REPRESENTATION_CONTEXT('2D SPACE',''
  ) );
#12044 = PCURVE('',#11291,#12045);
#12045 = DEFINITIONAL_REPRESENTATION('',(#12046),#12049);
#12046 = B_SPLINE_CURVE_WITH_KNOTS('',1,(#12047,#12048),.UNSPECIFIED.,
  .F.,.F.,(2,2),(0.,0.212132034356),.PIECEWISE_BEZIER_KNOTS.);
#12047 = CARTESIAN_POINT('',(0.,-0.106066017178));
#12048 = CARTESIAN_POINT('',(0.,0.106066017178));
#12049 = ( GEOMETRIC_REPRESENTATION_CONTEXT(2) 
PARAMETRIC_REPRESENTATION_CONTEXT() REPRESENTATION_CONTEXT('2D SPACE',''
  ) );
#12050 = ORIENTED_EDGE('',*,*,#11246,.F.);
#12051 = ADVANCED_FACE('',(#12052),#11291,.F.);
#12052 = FACE_BOUND('',#12053,.F.);
#12053 = EDGE_LOOP('',(#12054,#12055,#12078,#12097));
#12054 = ORIENTED_EDGE('',*,*,#12032,.F.);
#12055 = ORIENTED_EDGE('',*,*,#12056,.T.);
#12056 = EDGE_CURVE('',#11928,#12057,#12059,.T.);
#12057 = VERTEX_POINT('',#12058);
#12058 = CARTESIAN_POINT('',(26.,8.2,-1.25));
#12059 = SURFACE_CURVE('',#12060,(#12064,#12071),.PCURVE_S1.);
#12060 = LINE('',#12061,#12062);
#12061 = CARTESIAN_POINT('',(26.,-8.2,-1.25));
#12062 = VECTOR('',#12063,1.);
#12063 = DIRECTION('',(0.,1.,0.));
#12064 = PCURVE('',#11291,#12065);
#12065 = DEFINITIONAL_REPRESENTATION('',(#12066),#12070);
#12066 = LINE('',#12067,#12068);
#12067 = CARTESIAN_POINT('',(0.,-0.106066017178));
#12068 = VECTOR('',#12069,1.);
#12069 = DIRECTION('',(1.,0.));
#12070 = ( GEOMETRIC_REPRESENTATION_CONTEXT(2) 
PARAMETRIC_REPRESENTATION_CONTEXT() REPRESENTATION_CONTEXT('2D SPACE',''
  ) );
#12071 = PCURVE('',#11945,#12072);
#12072 = DEFINITIONAL_REPRESENTATION('',(#12073),#12077);
#12073 = LINE('',#12074,#12075);
#12074 = CARTESIAN_POINT('',(0.15,-0.8));
#12075 = VECTOR('',#12076,1.);
#12076 = DIRECTION('',(0.,-1.));
#12077 = ( GEOMETRIC_REPRESENTATION_CONTEXT(2) 
PARAMETRIC_REPRESENTATION_CONTEXT() REPRESENTATION_CONTEXT('2D SPACE',''
  ) );
#12078 = ORIENTED_EDGE('',*,*,#12079,.T.);
#12079 = EDGE_CURVE('',#12057,#11276,#12080,.T.);
#12080 = SURFACE_CURVE('',#12081,(#12085,#12091),.PCURVE_S1.);
#12081 = LINE('',#12082,#12083);
#12082 = CARTESIAN_POINT('',(25.925,8.2,-1.325));
#12083 = VECTOR('',#12084,1.);
#12084 = DIRECTION('',(-0.707106781187,0.,-0.707106781187));
#12085 = PCURVE('',#11291,#12086);
#12086 = DEFINITIONAL_REPRESENTATION('',(#12087),#12090);
#12087 = B_SPLINE_CURVE_WITH_KNOTS('',1,(#12088,#12089),.UNSPECIFIED.,
  .F.,.F.,(2,2),(-0.106066017178,0.106066017178),
  .PIECEWISE_BEZIER_KNOTS.);
#12088 = CARTESIAN_POINT('',(16.4,-0.106066017178));
#12089 = CARTESIAN_POINT('',(16.4,0.106066017178));
#12090 = ( GEOMETRIC_REPRESENTATION_CONTEXT(2) 
PARAMETRIC_REPRESENTATION_CONTEXT() REPRESENTATION_CONTEXT('2D SPACE',''
  ) );
#12091 = PCURVE('',#11320,#12092);
#12092 = DEFINITIONAL_REPRESENTATION('',(#12093),#12096);
#12093 = B_SPLINE_CURVE_WITH_KNOTS('',1,(#12094,#12095),.UNSPECIFIED.,
  .F.,.F.,(2,2),(-0.106066017178,0.106066017178),
  .PIECEWISE_BEZIER_KNOTS.);
#12094 = CARTESIAN_POINT('',(0.,0.));
#12095 = CARTESIAN_POINT('',(0.,-0.15));
#12096 = ( GEOMETRIC_REPRESENTATION_CONTEXT(2) 
PARAMETRIC_REPRESENTATION_CONTEXT() REPRESENTATION_CONTEXT('2D SPACE',''
  ) );
#12097 = ORIENTED_EDGE('',*,*,#11275,.F.);
#12098 = ADVANCED_FACE('',(#12099),#11320,.T.);
#12099 = FACE_BOUND('',#12100,.F.);
#12100 = EDGE_LOOP('',(#12101,#12102,#12124,#12125));
#12101 = ORIENTED_EDGE('',*,*,#12079,.F.);
#12102 = ORIENTED_EDGE('',*,*,#12103,.T.);
#12103 = EDGE_CURVE('',#12057,#11712,#12104,.T.);
#12104 = SURFACE_CURVE('',#12105,(#12110,#12117),.PCURVE_S1.);
#12105 = CIRCLE('',#12106,0.8);
#12106 = AXIS2_PLACEMENT_3D('',#12107,#12108,#12109);
#12107 = CARTESIAN_POINT('',(25.2,8.2,-1.25));
#12108 = DIRECTION('',(0.,0.,1.));
#12109 = DIRECTION('',(1.,0.,-0.));
#12110 = PCURVE('',#11320,#12111);
#12111 = DEFINITIONAL_REPRESENTATION('',(#12112),#12116);
#12112 = LINE('',#12113,#12114);
#12113 = CARTESIAN_POINT('',(0.,-0.));
#12114 = VECTOR('',#12115,1.);
#12115 = DIRECTION('',(1.,-0.));
#12116 = ( GEOMETRIC_REPRESENTATION_CONTEXT(2) 
PARAMETRIC_REPRESENTATION_CONTEXT() REPRESENTATION_CONTEXT('2D SPACE',''
  ) );
#12117 = PCURVE('',#11727,#12118);
#12118 = DEFINITIONAL_REPRESENTATION('',(#12119),#12123);
#12119 = LINE('',#12120,#12121);
#12120 = CARTESIAN_POINT('',(0.,0.15));
#12121 = VECTOR('',#12122,1.);
#12122 = DIRECTION('',(1.,0.));
#12123 = ( GEOMETRIC_REPRESENTATION_CONTEXT(2) 
PARAMETRIC_REPRESENTATION_CONTEXT() REPRESENTATION_CONTEXT('2D SPACE',''
  ) );
#12124 = ORIENTED_EDGE('',*,*,#12005,.T.);
#12125 = ORIENTED_EDGE('',*,*,#11303,.F.);
#12126 = ADVANCED_FACE('',(#12127),#11378,.F.);
#12127 = FACE_BOUND('',#12128,.T.);
#12128 = EDGE_LOOP('',(#12129,#12150,#12151,#12152));
#12129 = ORIENTED_EDGE('',*,*,#12130,.F.);
#12130 = EDGE_CURVE('',#11358,#12131,#12133,.T.);
#12131 = VERTEX_POINT('',#12132);
#12132 = CARTESIAN_POINT('',(18.4,-4.2,-1.25));
#12133 = SEAM_CURVE('',#12134,(#12138,#12144),.PCURVE_S1.);
#12134 = LINE('',#12135,#12136);
#12135 = CARTESIAN_POINT('',(18.4,-4.2,-1.25));
#12136 = VECTOR('',#12137,1.);
#12137 = DIRECTION('',(0.707106781187,0.,0.707106781187));
#12138 = PCURVE('',#11378,#12139);
#12139 = DEFINITIONAL_REPRESENTATION('',(#12140),#12143);
#12140 = B_SPLINE_CURVE_WITH_KNOTS('',1,(#12141,#12142),.UNSPECIFIED.,
  .F.,.F.,(2,2),(-0.212132034356,0.),.PIECEWISE_BEZIER_KNOTS.);
#12141 = CARTESIAN_POINT('',(0.,0.15));
#12142 = CARTESIAN_POINT('',(0.,0.));
#12143 = ( GEOMETRIC_REPRESENTATION_CONTEXT(2) 
PARAMETRIC_REPRESENTATION_CONTEXT() REPRESENTATION_CONTEXT('2D SPACE',''
  ) );
#12144 = PCURVE('',#11378,#12145);
#12145 = DEFINITIONAL_REPRESENTATION('',(#12146),#12149);
#12146 = B_SPLINE_CURVE_WITH_KNOTS('',1,(#12147,#12148),.UNSPECIFIED.,
  .F.,.F.,(2,2),(-0.212132034356,0.),.PIECEWISE_BEZIER_KNOTS.);
#12147 = CARTESIAN_POINT('',(6.28318530718,0.15));
#12148 = CARTESIAN_POINT('',(6.28318530718,0.));
#12149 = ( GEOMETRIC_REPRESENTATION_CONTEXT(2) 
PARAMETRIC_REPRESENTATION_CONTEXT() REPRESENTATION_CONTEXT('2D SPACE',''
  ) );
#12150 = ORIENTED_EDGE('',*,*,#11357,.T.);
#12151 = ORIENTED_EDGE('',*,*,#12130,.T.);
#12152 = ORIENTED_EDGE('',*,*,#12153,.F.);
#12153 = EDGE_CURVE('',#12131,#12131,#12154,.T.);
#12154 = SURFACE_CURVE('',#12155,(#12160,#12167),.PCURVE_S1.);
#12155 = CIRCLE('',#12156,1.6);
#12156 = AXIS2_PLACEMENT_3D('',#12157,#12158,#12159);
#12157 = CARTESIAN_POINT('',(20.,-4.2,-1.25));
#12158 = DIRECTION('',(-0.,0.,-1.));
#12159 = DIRECTION('',(-1.,0.,0.));
#12160 = PCURVE('',#11378,#12161);
#12161 = DEFINITIONAL_REPRESENTATION('',(#12162),#12166);
#12162 = LINE('',#12163,#12164);
#12163 = CARTESIAN_POINT('',(0.,-0.));
#12164 = VECTOR('',#12165,1.);
#12165 = DIRECTION('',(1.,-0.));
#12166 = ( GEOMETRIC_REPRESENTATION_CONTEXT(2) 
PARAMETRIC_REPRESENTATION_CONTEXT() REPRESENTATION_CONTEXT('2D SPACE',''
  ) );
#12167 = PCURVE('',#12168,#12173);
#12168 = CYLINDRICAL_SURFACE('',#12169,1.6);
#12169 = AXIS2_PLACEMENT_3D('',#12170,#12171,#12172);
#12170 = CARTESIAN_POINT('',(20.,-4.2,1.4));
#12171 = DIRECTION('',(0.,0.,-1.));
#12172 = DIRECTION('',(-1.,0.,0.));
#12173 = DEFINITIONAL_REPRESENTATION('',(#12174),#12178);
#12174 = LINE('',#12175,#12176);
#12175 = CARTESIAN_POINT('',(0.,2.65));
#12176 = VECTOR('',#12177,1.);
#12177 = DIRECTION('',(1.,0.));
#12178 = ( GEOMETRIC_REPRESENTATION_CONTEXT(2) 
PARAMETRIC_REPRESENTATION_CONTEXT() REPRESENTATION_CONTEXT('2D SPACE',''
  ) );
#12179 = ADVANCED_FACE('',(#12180),#11413,.F.);
#12180 = FACE_BOUND('',#12181,.T.);
#12181 = EDGE_LOOP('',(#12182,#12203,#12204,#12205));
#12182 = ORIENTED_EDGE('',*,*,#12183,.F.);
#12183 = EDGE_CURVE('',#11393,#12184,#12186,.T.);
#12184 = VERTEX_POINT('',#12185);
#12185 = CARTESIAN_POINT('',(18.4,4.2,-1.25));
#12186 = SEAM_CURVE('',#12187,(#12191,#12197),.PCURVE_S1.);
#12187 = LINE('',#12188,#12189);
#12188 = CARTESIAN_POINT('',(18.4,4.2,-1.25));
#12189 = VECTOR('',#12190,1.);
#12190 = DIRECTION('',(0.707106781187,-3.925231146709E-16,0.707106781187
    ));
#12191 = PCURVE('',#11413,#12192);
#12192 = DEFINITIONAL_REPRESENTATION('',(#12193),#12196);
#12193 = B_SPLINE_CURVE_WITH_KNOTS('',1,(#12194,#12195),.UNSPECIFIED.,
  .F.,.F.,(2,2),(-0.212132034356,0.),.PIECEWISE_BEZIER_KNOTS.);
#12194 = CARTESIAN_POINT('',(0.,0.15));
#12195 = CARTESIAN_POINT('',(0.,0.));
#12196 = ( GEOMETRIC_REPRESENTATION_CONTEXT(2) 
PARAMETRIC_REPRESENTATION_CONTEXT() REPRESENTATION_CONTEXT('2D SPACE',''
  ) );
#12197 = PCURVE('',#11413,#12198);
#12198 = DEFINITIONAL_REPRESENTATION('',(#12199),#12202);
#12199 = B_SPLINE_CURVE_WITH_KNOTS('',1,(#12200,#12201),.UNSPECIFIED.,
  .F.,.F.,(2,2),(-0.212132034356,0.),.PIECEWISE_BEZIER_KNOTS.);
#12200 = CARTESIAN_POINT('',(6.28318530718,0.15));
#12201 = CARTESIAN_POINT('',(6.28318530718,0.));
#12202 = ( GEOMETRIC_REPRESENTATION_CONTEXT(2) 
PARAMETRIC_REPRESENTATION_CONTEXT() REPRESENTATION_CONTEXT('2D SPACE',''
  ) );
#12203 = ORIENTED_EDGE('',*,*,#11392,.T.);
#12204 = ORIENTED_EDGE('',*,*,#12183,.T.);
#12205 = ORIENTED_EDGE('',*,*,#12206,.F.);
#12206 = EDGE_CURVE('',#12184,#12184,#12207,.T.);
#12207 = SURFACE_CURVE('',#12208,(#12213,#12220),.PCURVE_S1.);
#12208 = CIRCLE('',#12209,1.6);
#12209 = AXIS2_PLACEMENT_3D('',#12210,#12211,#12212);
#12210 = CARTESIAN_POINT('',(20.,4.2,-1.25));
#12211 = DIRECTION('',(-0.,0.,-1.));
#12212 = DIRECTION('',(-1.,5.551115123126E-16,0.));
#12213 = PCURVE('',#11413,#12214);
#12214 = DEFINITIONAL_REPRESENTATION('',(#12215),#12219);
#12215 = LINE('',#12216,#12217);
#12216 = CARTESIAN_POINT('',(0.,-0.));
#12217 = VECTOR('',#12218,1.);
#12218 = DIRECTION('',(1.,-0.));
#12219 = ( GEOMETRIC_REPRESENTATION_CONTEXT(2) 
PARAMETRIC_REPRESENTATION_CONTEXT() REPRESENTATION_CONTEXT('2D SPACE',''
  ) );
#12220 = PCURVE('',#12221,#12226);
#12221 = CYLINDRICAL_SURFACE('',#12222,1.6);
#12222 = AXIS2_PLACEMENT_3D('',#12223,#12224,#12225);
#12223 = CARTESIAN_POINT('',(20.,4.2,1.4));
#12224 = DIRECTION('',(0.,0.,-1.));
#12225 = DIRECTION('',(-1.,0.,0.));
#12226 = DEFINITIONAL_REPRESENTATION('',(#12227),#12231);
#12227 = LINE('',#12228,#12229);
#12228 = CARTESIAN_POINT('',(0.,2.65));
#12229 = VECTOR('',#12230,1.);
#12230 = DIRECTION('',(1.,0.));
#12231 = ( GEOMETRIC_REPRESENTATION_CONTEXT(2) 
PARAMETRIC_REPRESENTATION_CONTEXT() REPRESENTATION_CONTEXT('2D SPACE',''
  ) );
#12232 = ADVANCED_FACE('',(#12233),#11443,.T.);
#12233 = FACE_BOUND('',#12234,.F.);
#12234 = EDGE_LOOP('',(#12235,#12254,#12255,#12256));
#12235 = ORIENTED_EDGE('',*,*,#12236,.F.);
#12236 = EDGE_CURVE('',#11563,#11689,#12237,.T.);
#12237 = SURFACE_CURVE('',#12238,(#12242,#12248),.PCURVE_S1.);
#12238 = LINE('',#12239,#12240);
#12239 = CARTESIAN_POINT('',(25.2,9.,1.25));
#12240 = VECTOR('',#12241,1.);
#12241 = DIRECTION('',(4.329780281177E-17,0.707106781187,-0.707106781187
    ));
#12242 = PCURVE('',#11443,#12243);
#12243 = DEFINITIONAL_REPRESENTATION('',(#12244),#12247);
#12244 = B_SPLINE_CURVE_WITH_KNOTS('',1,(#12245,#12246),.UNSPECIFIED.,
  .F.,.F.,(2,2),(-0.212132034356,0.),.PIECEWISE_BEZIER_KNOTS.);
#12245 = CARTESIAN_POINT('',(0.,-0.106066017178));
#12246 = CARTESIAN_POINT('',(0.,0.106066017178));
#12247 = ( GEOMETRIC_REPRESENTATION_CONTEXT(2) 
PARAMETRIC_REPRESENTATION_CONTEXT() REPRESENTATION_CONTEXT('2D SPACE',''
  ) );
#12248 = PCURVE('',#11579,#12249);
#12249 = DEFINITIONAL_REPRESENTATION('',(#12250),#12253);
#12250 = B_SPLINE_CURVE_WITH_KNOTS('',1,(#12251,#12252),.UNSPECIFIED.,
  .F.,.F.,(2,2),(-0.212132034356,0.),.PIECEWISE_BEZIER_KNOTS.);
#12251 = CARTESIAN_POINT('',(-1.570796326795,-0.15));
#12252 = CARTESIAN_POINT('',(-1.570796326795,0.));
#12253 = ( GEOMETRIC_REPRESENTATION_CONTEXT(2) 
PARAMETRIC_REPRESENTATION_CONTEXT() REPRESENTATION_CONTEXT('2D SPACE',''
  ) );
#12254 = ORIENTED_EDGE('',*,*,#11591,.T.);
#12255 = ORIENTED_EDGE('',*,*,#11428,.T.);
#12256 = ORIENTED_EDGE('',*,*,#11688,.F.);
#12257 = ADVANCED_FACE('',(#12258),#11522,.T.);
#12258 = FACE_BOUND('',#12259,.F.);
#12259 = EDGE_LOOP('',(#12260,#12261,#12262,#12281));
#12260 = ORIENTED_EDGE('',*,*,#11904,.F.);
#12261 = ORIENTED_EDGE('',*,*,#11505,.T.);
#12262 = ORIENTED_EDGE('',*,*,#12263,.T.);
#12263 = EDGE_CURVE('',#11506,#11930,#12264,.T.);
#12264 = SURFACE_CURVE('',#12265,(#12269,#12275),.PCURVE_S1.);
#12265 = LINE('',#12266,#12267);
#12266 = CARTESIAN_POINT('',(26.,-8.2,1.25));
#12267 = VECTOR('',#12268,1.);
#12268 = DIRECTION('',(0.707106781187,-3.183482720179E-15,
    -0.707106781187));
#12269 = PCURVE('',#11522,#12270);
#12270 = DEFINITIONAL_REPRESENTATION('',(#12271),#12274);
#12271 = B_SPLINE_CURVE_WITH_KNOTS('',1,(#12272,#12273),.UNSPECIFIED.,
  .F.,.F.,(2,2),(-0.212132034356,0.),.PIECEWISE_BEZIER_KNOTS.);
#12272 = CARTESIAN_POINT('',(-1.570796326795,-0.15));
#12273 = CARTESIAN_POINT('',(-1.570796326795,0.));
#12274 = ( GEOMETRIC_REPRESENTATION_CONTEXT(2) 
PARAMETRIC_REPRESENTATION_CONTEXT() REPRESENTATION_CONTEXT('2D SPACE',''
  ) );
#12275 = PCURVE('',#11550,#12276);
#12276 = DEFINITIONAL_REPRESENTATION('',(#12277),#12280);
#12277 = B_SPLINE_CURVE_WITH_KNOTS('',1,(#12278,#12279),.UNSPECIFIED.,
  .F.,.F.,(2,2),(-0.212132034356,0.),.PIECEWISE_BEZIER_KNOTS.);
#12278 = CARTESIAN_POINT('',(0.,-0.106066017178));
#12279 = CARTESIAN_POINT('',(0.,0.106066017178));
#12280 = ( GEOMETRIC_REPRESENTATION_CONTEXT(2) 
PARAMETRIC_REPRESENTATION_CONTEXT() REPRESENTATION_CONTEXT('2D SPACE',''
  ) );
#12281 = ORIENTED_EDGE('',*,*,#11980,.F.);
#12282 = ADVANCED_FACE('',(#12283),#11550,.T.);
#12283 = FACE_BOUND('',#12284,.F.);
#12284 = EDGE_LOOP('',(#12285,#12286,#12287,#12308));
#12285 = ORIENTED_EDGE('',*,*,#12263,.F.);
#12286 = ORIENTED_EDGE('',*,*,#11534,.T.);
#12287 = ORIENTED_EDGE('',*,*,#12288,.T.);
#12288 = EDGE_CURVE('',#11535,#12289,#12291,.T.);
#12289 = VERTEX_POINT('',#12290);
#12290 = CARTESIAN_POINT('',(26.,8.2,1.25));
#12291 = SURFACE_CURVE('',#12292,(#12296,#12302),.PCURVE_S1.);
#12292 = LINE('',#12293,#12294);
#12293 = CARTESIAN_POINT('',(25.925,8.2,1.325));
#12294 = VECTOR('',#12295,1.);
#12295 = DIRECTION('',(0.707106781187,0.,-0.707106781187));
#12296 = PCURVE('',#11550,#12297);
#12297 = DEFINITIONAL_REPRESENTATION('',(#12298),#12301);
#12298 = B_SPLINE_CURVE_WITH_KNOTS('',1,(#12299,#12300),.UNSPECIFIED.,
  .F.,.F.,(2,2),(-0.106066017178,0.106066017178),
  .PIECEWISE_BEZIER_KNOTS.);
#12299 = CARTESIAN_POINT('',(-16.4,-0.106066017178));
#12300 = CARTESIAN_POINT('',(-16.4,0.106066017178));
#12301 = ( GEOMETRIC_REPRESENTATION_CONTEXT(2) 
PARAMETRIC_REPRESENTATION_CONTEXT() REPRESENTATION_CONTEXT('2D SPACE',''
  ) );
#12302 = PCURVE('',#11579,#12303);
#12303 = DEFINITIONAL_REPRESENTATION('',(#12304),#12307);
#12304 = B_SPLINE_CURVE_WITH_KNOTS('',1,(#12305,#12306),.UNSPECIFIED.,
  .F.,.F.,(2,2),(-0.106066017178,0.106066017178),
  .PIECEWISE_BEZIER_KNOTS.);
#12305 = CARTESIAN_POINT('',(0.,-0.15));
#12306 = CARTESIAN_POINT('',(0.,-2.943923360032E-16));
#12307 = ( GEOMETRIC_REPRESENTATION_CONTEXT(2) 
PARAMETRIC_REPRESENTATION_CONTEXT() REPRESENTATION_CONTEXT('2D SPACE',''
  ) );
#12308 = ORIENTED_EDGE('',*,*,#12309,.F.);
#12309 = EDGE_CURVE('',#11930,#12289,#12310,.T.);
#12310 = SURFACE_CURVE('',#12311,(#12315,#12322),.PCURVE_S1.);
#12311 = LINE('',#12312,#12313);
#12312 = CARTESIAN_POINT('',(26.,-8.2,1.25));
#12313 = VECTOR('',#12314,1.);
#12314 = DIRECTION('',(0.,1.,0.));
#12315 = PCURVE('',#11550,#12316);
#12316 = DEFINITIONAL_REPRESENTATION('',(#12317),#12321);
#12317 = LINE('',#12318,#12319);
#12318 = CARTESIAN_POINT('',(-0.,0.106066017178));
#12319 = VECTOR('',#12320,1.);
#12320 = DIRECTION('',(-1.,0.));
#12321 = ( GEOMETRIC_REPRESENTATION_CONTEXT(2) 
PARAMETRIC_REPRESENTATION_CONTEXT() REPRESENTATION_CONTEXT('2D SPACE',''
  ) );
#12322 = PCURVE('',#11945,#12323);
#12323 = DEFINITIONAL_REPRESENTATION('',(#12324),#12328);
#12324 = LINE('',#12325,#12326);
#12325 = CARTESIAN_POINT('',(2.65,-0.8));
#12326 = VECTOR('',#12327,1.);
#12327 = DIRECTION('',(0.,-1.));
#12328 = ( GEOMETRIC_REPRESENTATION_CONTEXT(2) 
PARAMETRIC_REPRESENTATION_CONTEXT() REPRESENTATION_CONTEXT('2D SPACE',''
  ) );
#12329 = ADVANCED_FACE('',(#12330),#11579,.T.);
#12330 = FACE_BOUND('',#12331,.F.);
#12331 = EDGE_LOOP('',(#12332,#12333,#12334,#12335));
#12332 = ORIENTED_EDGE('',*,*,#12288,.F.);
#12333 = ORIENTED_EDGE('',*,*,#11562,.T.);
#12334 = ORIENTED_EDGE('',*,*,#12236,.T.);
#12335 = ORIENTED_EDGE('',*,*,#12336,.F.);
#12336 = EDGE_CURVE('',#12289,#11689,#12337,.T.);
#12337 = SURFACE_CURVE('',#12338,(#12343,#12350),.PCURVE_S1.);
#12338 = CIRCLE('',#12339,0.8);
#12339 = AXIS2_PLACEMENT_3D('',#12340,#12341,#12342);
#12340 = CARTESIAN_POINT('',(25.2,8.2,1.25));
#12341 = DIRECTION('',(0.,0.,1.));
#12342 = DIRECTION('',(1.,0.,-0.));
#12343 = PCURVE('',#11579,#12344);
#12344 = DEFINITIONAL_REPRESENTATION('',(#12345),#12349);
#12345 = LINE('',#12346,#12347);
#12346 = CARTESIAN_POINT('',(-0.,0.));
#12347 = VECTOR('',#12348,1.);
#12348 = DIRECTION('',(-1.,0.));
#12349 = ( GEOMETRIC_REPRESENTATION_CONTEXT(2) 
PARAMETRIC_REPRESENTATION_CONTEXT() REPRESENTATION_CONTEXT('2D SPACE',''
  ) );
#12350 = PCURVE('',#11727,#12351);
#12351 = DEFINITIONAL_REPRESENTATION('',(#12352),#12356);
#12352 = LINE('',#12353,#12354);
#12353 = CARTESIAN_POINT('',(0.,2.65));
#12354 = VECTOR('',#12355,1.);
#12355 = DIRECTION('',(1.,0.));
#12356 = ( GEOMETRIC_REPRESENTATION_CONTEXT(2) 
PARAMETRIC_REPRESENTATION_CONTEXT() REPRESENTATION_CONTEXT('2D SPACE',''
  ) );
#12357 = ADVANCED_FACE('',(#12358),#11637,.F.);
#12358 = FACE_BOUND('',#12359,.F.);
#12359 = EDGE_LOOP('',(#12360,#12381,#12382,#12383));
#12360 = ORIENTED_EDGE('',*,*,#12361,.F.);
#12361 = EDGE_CURVE('',#11617,#12362,#12364,.T.);
#12362 = VERTEX_POINT('',#12363);
#12363 = CARTESIAN_POINT('',(18.4,-4.2,1.25));
#12364 = SEAM_CURVE('',#12365,(#12369,#12375),.PCURVE_S1.);
#12365 = LINE('',#12366,#12367);
#12366 = CARTESIAN_POINT('',(18.4,-4.2,1.25));
#12367 = VECTOR('',#12368,1.);
#12368 = DIRECTION('',(0.707106781187,-0.,-0.707106781187));
#12369 = PCURVE('',#11637,#12370);
#12370 = DEFINITIONAL_REPRESENTATION('',(#12371),#12374);
#12371 = B_SPLINE_CURVE_WITH_KNOTS('',1,(#12372,#12373),.UNSPECIFIED.,
  .F.,.F.,(2,2),(-0.212132034356,0.),.PIECEWISE_BEZIER_KNOTS.);
#12372 = CARTESIAN_POINT('',(0.,0.15));
#12373 = CARTESIAN_POINT('',(0.,0.));
#12374 = ( GEOMETRIC_REPRESENTATION_CONTEXT(2) 
PARAMETRIC_REPRESENTATION_CONTEXT() REPRESENTATION_CONTEXT('2D SPACE',''
  ) );
#12375 = PCURVE('',#11637,#12376);
#12376 = DEFINITIONAL_REPRESENTATION('',(#12377),#12380);
#12377 = B_SPLINE_CURVE_WITH_KNOTS('',1,(#12378,#12379),.UNSPECIFIED.,
  .F.,.F.,(2,2),(-0.212132034356,0.),.PIECEWISE_BEZIER_KNOTS.);
#12378 = CARTESIAN_POINT('',(-6.28318530718,0.15));
#12379 = CARTESIAN_POINT('',(-6.28318530718,0.));
#12380 = ( GEOMETRIC_REPRESENTATION_CONTEXT(2) 
PARAMETRIC_REPRESENTATION_CONTEXT() REPRESENTATION_CONTEXT('2D SPACE',''
  ) );
#12381 = ORIENTED_EDGE('',*,*,#11616,.T.);
#12382 = ORIENTED_EDGE('',*,*,#12361,.T.);
#12383 = ORIENTED_EDGE('',*,*,#12384,.F.);
#12384 = EDGE_CURVE('',#12362,#12362,#12385,.T.);
#12385 = SURFACE_CURVE('',#12386,(#12391,#12398),.PCURVE_S1.);
#12386 = CIRCLE('',#12387,1.6);
#12387 = AXIS2_PLACEMENT_3D('',#12388,#12389,#12390);
#12388 = CARTESIAN_POINT('',(20.,-4.2,1.25));
#12389 = DIRECTION('',(-0.,0.,-1.));
#12390 = DIRECTION('',(-1.,0.,0.));
#12391 = PCURVE('',#11637,#12392);
#12392 = DEFINITIONAL_REPRESENTATION('',(#12393),#12397);
#12393 = LINE('',#12394,#12395);
#12394 = CARTESIAN_POINT('',(-0.,-0.));
#12395 = VECTOR('',#12396,1.);
#12396 = DIRECTION('',(-1.,-0.));
#12397 = ( GEOMETRIC_REPRESENTATION_CONTEXT(2) 
PARAMETRIC_REPRESENTATION_CONTEXT() REPRESENTATION_CONTEXT('2D SPACE',''
  ) );
#12398 = PCURVE('',#12168,#12399);
#12399 = DEFINITIONAL_REPRESENTATION('',(#12400),#12404);
#12400 = LINE('',#12401,#12402);
#12401 = CARTESIAN_POINT('',(0.,0.15));
#12402 = VECTOR('',#12403,1.);
#12403 = DIRECTION('',(1.,0.));
#12404 = ( GEOMETRIC_REPRESENTATION_CONTEXT(2) 
PARAMETRIC_REPRESENTATION_CONTEXT() REPRESENTATION_CONTEXT('2D SPACE',''
  ) );
#12405 = ADVANCED_FACE('',(#12406),#11672,.F.);
#12406 = FACE_BOUND('',#12407,.F.);
#12407 = EDGE_LOOP('',(#12408,#12429,#12430,#12431));
#12408 = ORIENTED_EDGE('',*,*,#12409,.F.);
#12409 = EDGE_CURVE('',#11652,#12410,#12412,.T.);
#12410 = VERTEX_POINT('',#12411);
#12411 = CARTESIAN_POINT('',(18.4,4.2,1.25));
#12412 = SEAM_CURVE('',#12413,(#12417,#12423),.PCURVE_S1.);
#12413 = LINE('',#12414,#12415);
#12414 = CARTESIAN_POINT('',(18.4,4.2,1.25));
#12415 = VECTOR('',#12416,1.);
#12416 = DIRECTION('',(0.707106781187,-3.925231146709E-16,
    -0.707106781187));
#12417 = PCURVE('',#11672,#12418);
#12418 = DEFINITIONAL_REPRESENTATION('',(#12419),#12422);
#12419 = B_SPLINE_CURVE_WITH_KNOTS('',1,(#12420,#12421),.UNSPECIFIED.,
  .F.,.F.,(2,2),(-0.212132034356,0.),.PIECEWISE_BEZIER_KNOTS.);
#12420 = CARTESIAN_POINT('',(0.,0.15));
#12421 = CARTESIAN_POINT('',(0.,0.));
#12422 = ( GEOMETRIC_REPRESENTATION_CONTEXT(2) 
PARAMETRIC_REPRESENTATION_CONTEXT() REPRESENTATION_CONTEXT('2D SPACE',''
  ) );
#12423 = PCURVE('',#11672,#12424);
#12424 = DEFINITIONAL_REPRESENTATION('',(#12425),#12428);
#12425 = B_SPLINE_CURVE_WITH_KNOTS('',1,(#12426,#12427),.UNSPECIFIED.,
  .F.,.F.,(2,2),(-0.212132034356,0.),.PIECEWISE_BEZIER_KNOTS.);
#12426 = CARTESIAN_POINT('',(-6.28318530718,0.15));
#12427 = CARTESIAN_POINT('',(-6.28318530718,0.));
#12428 = ( GEOMETRIC_REPRESENTATION_CONTEXT(2) 
PARAMETRIC_REPRESENTATION_CONTEXT() REPRESENTATION_CONTEXT('2D SPACE',''
  ) );
#12429 = ORIENTED_EDGE('',*,*,#11651,.T.);
#12430 = ORIENTED_EDGE('',*,*,#12409,.T.);
#12431 = ORIENTED_EDGE('',*,*,#12432,.F.);
#12432 = EDGE_CURVE('',#12410,#12410,#12433,.T.);
#12433 = SURFACE_CURVE('',#12434,(#12439,#12446),.PCURVE_S1.);
#12434 = CIRCLE('',#12435,1.6);
#12435 = AXIS2_PLACEMENT_3D('',#12436,#12437,#12438);
#12436 = CARTESIAN_POINT('',(20.,4.2,1.25));
#12437 = DIRECTION('',(-0.,0.,-1.));
#12438 = DIRECTION('',(-1.,5.551115123126E-16,0.));
#12439 = PCURVE('',#11672,#12440);
#12440 = DEFINITIONAL_REPRESENTATION('',(#12441),#12445);
#12441 = LINE('',#12442,#12443);
#12442 = CARTESIAN_POINT('',(-0.,-0.));
#12443 = VECTOR('',#12444,1.);
#12444 = DIRECTION('',(-1.,-0.));
#12445 = ( GEOMETRIC_REPRESENTATION_CONTEXT(2) 
PARAMETRIC_REPRESENTATION_CONTEXT() REPRESENTATION_CONTEXT('2D SPACE',''
  ) );
#12446 = PCURVE('',#12221,#12447);
#12447 = DEFINITIONAL_REPRESENTATION('',(#12448),#12452);
#12448 = LINE('',#12449,#12450);
#12449 = CARTESIAN_POINT('',(0.,0.15));
#12450 = VECTOR('',#12451,1.);
#12451 = DIRECTION('',(1.,0.));
#12452 = ( GEOMETRIC_REPRESENTATION_CONTEXT(2) 
PARAMETRIC_REPRESENTATION_CONTEXT() REPRESENTATION_CONTEXT('2D SPACE',''
  ) );
#12453 = ADVANCED_FACE('',(#12454),#11727,.T.);
#12454 = FACE_BOUND('',#12455,.T.);
#12455 = EDGE_LOOP('',(#12456,#12477,#12478,#12479));
#12456 = ORIENTED_EDGE('',*,*,#12457,.F.);
#12457 = EDGE_CURVE('',#12057,#12289,#12458,.T.);
#12458 = SURFACE_CURVE('',#12459,(#12463,#12470),.PCURVE_S1.);
#12459 = LINE('',#12460,#12461);
#12460 = CARTESIAN_POINT('',(26.,8.2,-1.4));
#12461 = VECTOR('',#12462,1.);
#12462 = DIRECTION('',(0.,0.,1.));
#12463 = PCURVE('',#11727,#12464);
#12464 = DEFINITIONAL_REPRESENTATION('',(#12465),#12469);
#12465 = LINE('',#12466,#12467);
#12466 = CARTESIAN_POINT('',(0.,0.));
#12467 = VECTOR('',#12468,1.);
#12468 = DIRECTION('',(0.,1.));
#12469 = ( GEOMETRIC_REPRESENTATION_CONTEXT(2) 
PARAMETRIC_REPRESENTATION_CONTEXT() REPRESENTATION_CONTEXT('2D SPACE',''
  ) );
#12470 = PCURVE('',#11945,#12471);
#12471 = DEFINITIONAL_REPRESENTATION('',(#12472),#12476);
#12472 = LINE('',#12473,#12474);
#12473 = CARTESIAN_POINT('',(0.,-17.2));
#12474 = VECTOR('',#12475,1.);
#12475 = DIRECTION('',(1.,0.));
#12476 = ( GEOMETRIC_REPRESENTATION_CONTEXT(2) 
PARAMETRIC_REPRESENTATION_CONTEXT() REPRESENTATION_CONTEXT('2D SPACE',''
  ) );
#12477 = ORIENTED_EDGE('',*,*,#12103,.T.);
#12478 = ORIENTED_EDGE('',*,*,#11711,.T.);
#12479 = ORIENTED_EDGE('',*,*,#12336,.F.);
#12480 = ADVANCED_FACE('',(#12481),#11780,.F.);
#12481 = FACE_BOUND('',#12482,.F.);
#12482 = EDGE_LOOP('',(#12483,#12513,#12534,#12535,#12558,#12587));
#12483 = ORIENTED_EDGE('',*,*,#12484,.T.);
#12484 = EDGE_CURVE('',#12485,#12487,#12489,.T.);
#12485 = VERTEX_POINT('',#12486);
#12486 = CARTESIAN_POINT('',(18.726226079714,3.,-0.85));
#12487 = VERTEX_POINT('',#12488);
#12488 = CARTESIAN_POINT('',(12.,3.,-0.85));
#12489 = SURFACE_CURVE('',#12490,(#12494,#12501),.PCURVE_S1.);
#12490 = LINE('',#12491,#12492);
#12491 = CARTESIAN_POINT('',(20.,3.,-0.85));
#12492 = VECTOR('',#12493,1.);
#12493 = DIRECTION('',(-1.,0.,0.));
#12494 = PCURVE('',#11780,#12495);
#12495 = DEFINITIONAL_REPRESENTATION('',(#12496),#12500);
#12496 = LINE('',#12497,#12498);
#12497 = CARTESIAN_POINT('',(0.,-6.));
#12498 = VECTOR('',#12499,1.);
#12499 = DIRECTION('',(1.,0.));
#12500 = ( GEOMETRIC_REPRESENTATION_CONTEXT(2) 
PARAMETRIC_REPRESENTATION_CONTEXT() REPRESENTATION_CONTEXT('2D SPACE',''
  ) );
#12501 = PCURVE('',#12502,#12507);
#12502 = PLANE('',#12503);
#12503 = AXIS2_PLACEMENT_3D('',#12504,#12505,#12506);
#12504 = CARTESIAN_POINT('',(16.,3.,0.));
#12505 = DIRECTION('',(0.,1.,0.));
#12506 = DIRECTION('',(0.,-0.,1.));
#12507 = DEFINITIONAL_REPRESENTATION('',(#12508),#12512);
#12508 = LINE('',#12509,#12510);
#12509 = CARTESIAN_POINT('',(-0.85,4.));
#12510 = VECTOR('',#12511,1.);
#12511 = DIRECTION('',(0.,-1.));
#12512 = ( GEOMETRIC_REPRESENTATION_CONTEXT(2) 
PARAMETRIC_REPRESENTATION_CONTEXT() REPRESENTATION_CONTEXT('2D SPACE',''
  ) );
#12513 = ORIENTED_EDGE('',*,*,#12514,.F.);
#12514 = EDGE_CURVE('',#11765,#12487,#12515,.T.);
#12515 = SURFACE_CURVE('',#12516,(#12520,#12527),.PCURVE_S1.);
#12516 = LINE('',#12517,#12518);
#12517 = CARTESIAN_POINT('',(12.,9.,-0.85));
#12518 = VECTOR('',#12519,1.);
#12519 = DIRECTION('',(-0.,-1.,-0.));
#12520 = PCURVE('',#11780,#12521);
#12521 = DEFINITIONAL_REPRESENTATION('',(#12522),#12526);
#12522 = LINE('',#12523,#12524);
#12523 = CARTESIAN_POINT('',(8.,0.));
#12524 = VECTOR('',#12525,1.);
#12525 = DIRECTION('',(0.,-1.));
#12526 = ( GEOMETRIC_REPRESENTATION_CONTEXT(2) 
PARAMETRIC_REPRESENTATION_CONTEXT() REPRESENTATION_CONTEXT('2D SPACE',''
  ) );
#12527 = PCURVE('',#11862,#12528);
#12528 = DEFINITIONAL_REPRESENTATION('',(#12529),#12533);
#12529 = LINE('',#12530,#12531);
#12530 = CARTESIAN_POINT('',(0.,0.));
#12531 = VECTOR('',#12532,1.);
#12532 = DIRECTION('',(0.,-1.));
#12533 = ( GEOMETRIC_REPRESENTATION_CONTEXT(2) 
PARAMETRIC_REPRESENTATION_CONTEXT() REPRESENTATION_CONTEXT('2D SPACE',''
  ) );
#12534 = ORIENTED_EDGE('',*,*,#11762,.F.);
#12535 = ORIENTED_EDGE('',*,*,#12536,.T.);
#12536 = EDGE_CURVE('',#11763,#12537,#12539,.T.);
#12537 = VERTEX_POINT('',#12538);
#12538 = CARTESIAN_POINT('',(20.,5.95,-0.85));
#12539 = SURFACE_CURVE('',#12540,(#12544,#12551),.PCURVE_S1.);
#12540 = LINE('',#12541,#12542);
#12541 = CARTESIAN_POINT('',(20.,9.,-0.85));
#12542 = VECTOR('',#12543,1.);
#12543 = DIRECTION('',(-0.,-1.,-0.));
#12544 = PCURVE('',#11780,#12545);
#12545 = DEFINITIONAL_REPRESENTATION('',(#12546),#12550);
#12546 = LINE('',#12547,#12548);
#12547 = CARTESIAN_POINT('',(0.,0.));
#12548 = VECTOR('',#12549,1.);
#12549 = DIRECTION('',(0.,-1.));
#12550 = ( GEOMETRIC_REPRESENTATION_CONTEXT(2) 
PARAMETRIC_REPRESENTATION_CONTEXT() REPRESENTATION_CONTEXT('2D SPACE',''
  ) );
#12551 = PCURVE('',#11808,#12552);
#12552 = DEFINITIONAL_REPRESENTATION('',(#12553),#12557);
#12553 = LINE('',#12554,#12555);
#12554 = CARTESIAN_POINT('',(1.7,0.));
#12555 = VECTOR('',#12556,1.);
#12556 = DIRECTION('',(0.,-1.));
#12557 = ( GEOMETRIC_REPRESENTATION_CONTEXT(2) 
PARAMETRIC_REPRESENTATION_CONTEXT() REPRESENTATION_CONTEXT('2D SPACE',''
  ) );
#12558 = ORIENTED_EDGE('',*,*,#12559,.F.);
#12559 = EDGE_CURVE('',#12560,#12537,#12562,.T.);
#12560 = VERTEX_POINT('',#12561);
#12561 = CARTESIAN_POINT('',(18.25,4.2,-0.85));
#12562 = SURFACE_CURVE('',#12563,(#12568,#12575),.PCURVE_S1.);
#12563 = CIRCLE('',#12564,1.75);
#12564 = AXIS2_PLACEMENT_3D('',#12565,#12566,#12567);
#12565 = CARTESIAN_POINT('',(20.,4.2,-0.85));
#12566 = DIRECTION('',(0.,0.,-1.));
#12567 = DIRECTION('',(-1.,0.,0.));
#12568 = PCURVE('',#11780,#12569);
#12569 = DEFINITIONAL_REPRESENTATION('',(#12570),#12574);
#12570 = CIRCLE('',#12571,1.75);
#12571 = AXIS2_PLACEMENT_2D('',#12572,#12573);
#12572 = CARTESIAN_POINT('',(0.,-4.8));
#12573 = DIRECTION('',(1.,0.));
#12574 = ( GEOMETRIC_REPRESENTATION_CONTEXT(2) 
PARAMETRIC_REPRESENTATION_CONTEXT() REPRESENTATION_CONTEXT('2D SPACE',''
  ) );
#12575 = PCURVE('',#12576,#12581);
#12576 = CONICAL_SURFACE('',#12577,1.6,0.785398163397);
#12577 = AXIS2_PLACEMENT_3D('',#12578,#12579,#12580);
#12578 = CARTESIAN_POINT('',(20.,4.2,-1.));
#12579 = DIRECTION('',(-0.,-0.,1.));
#12580 = DIRECTION('',(-1.,0.,0.));
#12581 = DEFINITIONAL_REPRESENTATION('',(#12582),#12586);
#12582 = LINE('',#12583,#12584);
#12583 = CARTESIAN_POINT('',(-0.,0.15));
#12584 = VECTOR('',#12585,1.);
#12585 = DIRECTION('',(-1.,0.));
#12586 = ( GEOMETRIC_REPRESENTATION_CONTEXT(2) 
PARAMETRIC_REPRESENTATION_CONTEXT() REPRESENTATION_CONTEXT('2D SPACE',''
  ) );
#12587 = ORIENTED_EDGE('',*,*,#12588,.F.);
#12588 = EDGE_CURVE('',#12485,#12560,#12589,.T.);
#12589 = SURFACE_CURVE('',#12590,(#12595,#12602),.PCURVE_S1.);
#12590 = CIRCLE('',#12591,1.75);
#12591 = AXIS2_PLACEMENT_3D('',#12592,#12593,#12594);
#12592 = CARTESIAN_POINT('',(20.,4.2,-0.85));
#12593 = DIRECTION('',(0.,0.,-1.));
#12594 = DIRECTION('',(-0.661437827766,-0.75,-0.));
#12595 = PCURVE('',#11780,#12596);
#12596 = DEFINITIONAL_REPRESENTATION('',(#12597),#12601);
#12597 = CIRCLE('',#12598,1.75);
#12598 = AXIS2_PLACEMENT_2D('',#12599,#12600);
#12599 = CARTESIAN_POINT('',(0.,-4.8));
#12600 = DIRECTION('',(0.661437827766,-0.75));
#12601 = ( GEOMETRIC_REPRESENTATION_CONTEXT(2) 
PARAMETRIC_REPRESENTATION_CONTEXT() REPRESENTATION_CONTEXT('2D SPACE',''
  ) );
#12602 = PCURVE('',#12603,#12608);
#12603 = CONICAL_SURFACE('',#12604,1.6,0.785398163397);
#12604 = AXIS2_PLACEMENT_3D('',#12605,#12606,#12607);
#12605 = CARTESIAN_POINT('',(20.,4.2,-1.));
#12606 = DIRECTION('',(-0.,-0.,1.));
#12607 = DIRECTION('',(-0.661437827766,-0.75,-0.));
#12608 = DEFINITIONAL_REPRESENTATION('',(#12609),#12613);
#12609 = LINE('',#12610,#12611);
#12610 = CARTESIAN_POINT('',(-0.,0.15));
#12611 = VECTOR('',#12612,1.);
#12612 = DIRECTION('',(-1.,0.));
#12613 = ( GEOMETRIC_REPRESENTATION_CONTEXT(2) 
PARAMETRIC_REPRESENTATION_CONTEXT() REPRESENTATION_CONTEXT('2D SPACE',''
  ) );
#12614 = ADVANCED_FACE('',(#12615),#11862,.F.);
#12615 = FACE_BOUND('',#12616,.F.);
#12616 = EDGE_LOOP('',(#12617,#12618,#12641,#12662));
#12617 = ORIENTED_EDGE('',*,*,#12514,.T.);
#12618 = ORIENTED_EDGE('',*,*,#12619,.T.);
#12619 = EDGE_CURVE('',#12487,#12620,#12622,.T.);
#12620 = VERTEX_POINT('',#12621);
#12621 = CARTESIAN_POINT('',(12.,3.,0.85));
#12622 = SURFACE_CURVE('',#12623,(#12627,#12634),.PCURVE_S1.);
#12623 = LINE('',#12624,#12625);
#12624 = CARTESIAN_POINT('',(12.,3.,-0.85));
#12625 = VECTOR('',#12626,1.);
#12626 = DIRECTION('',(0.,0.,1.));
#12627 = PCURVE('',#11862,#12628);
#12628 = DEFINITIONAL_REPRESENTATION('',(#12629),#12633);
#12629 = LINE('',#12630,#12631);
#12630 = CARTESIAN_POINT('',(0.,-6.));
#12631 = VECTOR('',#12632,1.);
#12632 = DIRECTION('',(1.,0.));
#12633 = ( GEOMETRIC_REPRESENTATION_CONTEXT(2) 
PARAMETRIC_REPRESENTATION_CONTEXT() REPRESENTATION_CONTEXT('2D SPACE',''
  ) );
#12634 = PCURVE('',#12502,#12635);
#12635 = DEFINITIONAL_REPRESENTATION('',(#12636),#12640);
#12636 = LINE('',#12637,#12638);
#12637 = CARTESIAN_POINT('',(-0.85,-4.));
#12638 = VECTOR('',#12639,1.);
#12639 = DIRECTION('',(1.,0.));
#12640 = ( GEOMETRIC_REPRESENTATION_CONTEXT(2) 
PARAMETRIC_REPRESENTATION_CONTEXT() REPRESENTATION_CONTEXT('2D SPACE',''
  ) );
#12641 = ORIENTED_EDGE('',*,*,#12642,.F.);
#12642 = EDGE_CURVE('',#11821,#12620,#12643,.T.);
#12643 = SURFACE_CURVE('',#12644,(#12648,#12655),.PCURVE_S1.);
#12644 = LINE('',#12645,#12646);
#12645 = CARTESIAN_POINT('',(12.,9.,0.85));
#12646 = VECTOR('',#12647,1.);
#12647 = DIRECTION('',(-0.,-1.,-0.));
#12648 = PCURVE('',#11862,#12649);
#12649 = DEFINITIONAL_REPRESENTATION('',(#12650),#12654);
#12650 = LINE('',#12651,#12652);
#12651 = CARTESIAN_POINT('',(1.7,0.));
#12652 = VECTOR('',#12653,1.);
#12653 = DIRECTION('',(0.,-1.));
#12654 = ( GEOMETRIC_REPRESENTATION_CONTEXT(2) 
PARAMETRIC_REPRESENTATION_CONTEXT() REPRESENTATION_CONTEXT('2D SPACE',''
  ) );
#12655 = PCURVE('',#11836,#12656);
#12656 = DEFINITIONAL_REPRESENTATION('',(#12657),#12661);
#12657 = LINE('',#12658,#12659);
#12658 = CARTESIAN_POINT('',(0.,0.));
#12659 = VECTOR('',#12660,1.);
#12660 = DIRECTION('',(0.,-1.));
#12661 = ( GEOMETRIC_REPRESENTATION_CONTEXT(2) 
PARAMETRIC_REPRESENTATION_CONTEXT() REPRESENTATION_CONTEXT('2D SPACE',''
  ) );
#12662 = ORIENTED_EDGE('',*,*,#11848,.F.);
#12663 = ADVANCED_FACE('',(#12664),#11836,.F.);
#12664 = FACE_BOUND('',#12665,.F.);
#12665 = EDGE_LOOP('',(#12666,#12689,#12690,#12691,#12714,#12747));
#12666 = ORIENTED_EDGE('',*,*,#12667,.F.);
#12667 = EDGE_CURVE('',#11793,#12668,#12670,.T.);
#12668 = VERTEX_POINT('',#12669);
#12669 = CARTESIAN_POINT('',(20.,5.95,0.85));
#12670 = SURFACE_CURVE('',#12671,(#12675,#12682),.PCURVE_S1.);
#12671 = LINE('',#12672,#12673);
#12672 = CARTESIAN_POINT('',(20.,9.,0.85));
#12673 = VECTOR('',#12674,1.);
#12674 = DIRECTION('',(-0.,-1.,-0.));
#12675 = PCURVE('',#11836,#12676);
#12676 = DEFINITIONAL_REPRESENTATION('',(#12677),#12681);
#12677 = LINE('',#12678,#12679);
#12678 = CARTESIAN_POINT('',(8.,0.));
#12679 = VECTOR('',#12680,1.);
#12680 = DIRECTION('',(0.,-1.));
#12681 = ( GEOMETRIC_REPRESENTATION_CONTEXT(2) 
PARAMETRIC_REPRESENTATION_CONTEXT() REPRESENTATION_CONTEXT('2D SPACE',''
  ) );
#12682 = PCURVE('',#11808,#12683);
#12683 = DEFINITIONAL_REPRESENTATION('',(#12684),#12688);
#12684 = LINE('',#12685,#12686);
#12685 = CARTESIAN_POINT('',(0.,0.));
#12686 = VECTOR('',#12687,1.);
#12687 = DIRECTION('',(0.,-1.));
#12688 = ( GEOMETRIC_REPRESENTATION_CONTEXT(2) 
PARAMETRIC_REPRESENTATION_CONTEXT() REPRESENTATION_CONTEXT('2D SPACE',''
  ) );
#12689 = ORIENTED_EDGE('',*,*,#11820,.F.);
#12690 = ORIENTED_EDGE('',*,*,#12642,.T.);
#12691 = ORIENTED_EDGE('',*,*,#12692,.T.);
#12692 = EDGE_CURVE('',#12620,#12693,#12695,.T.);
#12693 = VERTEX_POINT('',#12694);
#12694 = CARTESIAN_POINT('',(18.726226079714,3.,0.85));
#12695 = SURFACE_CURVE('',#12696,(#12700,#12707),.PCURVE_S1.);
#12696 = LINE('',#12697,#12698);
#12697 = CARTESIAN_POINT('',(12.,3.,0.85));
#12698 = VECTOR('',#12699,1.);
#12699 = DIRECTION('',(1.,0.,0.));
#12700 = PCURVE('',#11836,#12701);
#12701 = DEFINITIONAL_REPRESENTATION('',(#12702),#12706);
#12702 = LINE('',#12703,#12704);
#12703 = CARTESIAN_POINT('',(0.,-6.));
#12704 = VECTOR('',#12705,1.);
#12705 = DIRECTION('',(1.,0.));
#12706 = ( GEOMETRIC_REPRESENTATION_CONTEXT(2) 
PARAMETRIC_REPRESENTATION_CONTEXT() REPRESENTATION_CONTEXT('2D SPACE',''
  ) );
#12707 = PCURVE('',#12502,#12708);
#12708 = DEFINITIONAL_REPRESENTATION('',(#12709),#12713);
#12709 = LINE('',#12710,#12711);
#12710 = CARTESIAN_POINT('',(0.85,-4.));
#12711 = VECTOR('',#12712,1.);
#12712 = DIRECTION('',(0.,1.));
#12713 = ( GEOMETRIC_REPRESENTATION_CONTEXT(2) 
PARAMETRIC_REPRESENTATION_CONTEXT() REPRESENTATION_CONTEXT('2D SPACE',''
  ) );
#12714 = ORIENTED_EDGE('',*,*,#12715,.T.);
#12715 = EDGE_CURVE('',#12693,#12716,#12718,.T.);
#12716 = VERTEX_POINT('',#12717);
#12717 = CARTESIAN_POINT('',(18.25,4.2,0.85));
#12718 = SURFACE_CURVE('',#12719,(#12724,#12735),.PCURVE_S1.);
#12719 = CIRCLE('',#12720,1.75);
#12720 = AXIS2_PLACEMENT_3D('',#12721,#12722,#12723);
#12721 = CARTESIAN_POINT('',(20.,4.2,0.85));
#12722 = DIRECTION('',(-0.,0.,-1.));
#12723 = DIRECTION('',(-0.661437827766,-0.75,0.));
#12724 = PCURVE('',#11836,#12725);
#12725 = DEFINITIONAL_REPRESENTATION('',(#12726),#12734);
#12726 = ( BOUNDED_CURVE() B_SPLINE_CURVE(2,(#12727,#12728,#12729,#12730
    ,#12731,#12732,#12733),.UNSPECIFIED.,.T.,.F.) 
B_SPLINE_CURVE_WITH_KNOTS((1,2,2,2,2,1),(-2.094395102393,0.,
    2.094395102393,4.188790204786,6.28318530718,8.377580409573),
.UNSPECIFIED.) CURVE() GEOMETRIC_REPRESENTATION_ITEM() 
RATIONAL_B_SPLINE_CURVE((1.,0.5,1.,0.5,1.,0.5,1.)) REPRESENTATION_ITEM(
  '') );
#12727 = CARTESIAN_POINT('',(6.842483801409,-6.1125));
#12728 = CARTESIAN_POINT('',(4.569167116475,-4.107623133457));
#12729 = CARTESIAN_POINT('',(7.442099756828,-3.141311566728));
#12730 = CARTESIAN_POINT('',(10.315032397182,-2.175));
#12731 = CARTESIAN_POINT('',(9.715416441762,-5.146188433272));
#12732 = CARTESIAN_POINT('',(9.115800486343,-8.117376866543));
#12733 = CARTESIAN_POINT('',(6.842483801409,-6.1125));
#12734 = ( GEOMETRIC_REPRESENTATION_CONTEXT(2) 
PARAMETRIC_REPRESENTATION_CONTEXT() REPRESENTATION_CONTEXT('2D SPACE',''
  ) );
#12735 = PCURVE('',#12736,#12741);
#12736 = CONICAL_SURFACE('',#12737,1.6,0.785398163397);
#12737 = AXIS2_PLACEMENT_3D('',#12738,#12739,#12740);
#12738 = CARTESIAN_POINT('',(20.,4.2,1.));
#12739 = DIRECTION('',(-0.,-0.,-1.));
#12740 = DIRECTION('',(-0.661437827766,-0.75,0.));
#12741 = DEFINITIONAL_REPRESENTATION('',(#12742),#12746);
#12742 = LINE('',#12743,#12744);
#12743 = CARTESIAN_POINT('',(0.,0.15));
#12744 = VECTOR('',#12745,1.);
#12745 = DIRECTION('',(1.,0.));
#12746 = ( GEOMETRIC_REPRESENTATION_CONTEXT(2) 
PARAMETRIC_REPRESENTATION_CONTEXT() REPRESENTATION_CONTEXT('2D SPACE',''
  ) );
#12747 = ORIENTED_EDGE('',*,*,#12748,.T.);
#12748 = EDGE_CURVE('',#12716,#12668,#12749,.T.);
#12749 = SURFACE_CURVE('',#12750,(#12755,#12766),.PCURVE_S1.);
#12750 = CIRCLE('',#12751,1.75);
#12751 = AXIS2_PLACEMENT_3D('',#12752,#12753,#12754);
#12752 = CARTESIAN_POINT('',(20.,4.2,0.85));
#12753 = DIRECTION('',(-0.,0.,-1.));
#12754 = DIRECTION('',(-1.,0.,0.));
#12755 = PCURVE('',#11836,#12756);
#12756 = DEFINITIONAL_REPRESENTATION('',(#12757),#12765);
#12757 = ( BOUNDED_CURVE() B_SPLINE_CURVE(2,(#12758,#12759,#12760,#12761
    ,#12762,#12763,#12764),.UNSPECIFIED.,.T.,.F.) 
B_SPLINE_CURVE_WITH_KNOTS((1,2,2,2,2,1),(-2.094395102393,0.,
    2.094395102393,4.188790204786,6.28318530718,8.377580409573),
.UNSPECIFIED.) CURVE() GEOMETRIC_REPRESENTATION_ITEM() 
RATIONAL_B_SPLINE_CURVE((1.,0.5,1.,0.5,1.,0.5,1.)) REPRESENTATION_ITEM(
  '') );
#12758 = CARTESIAN_POINT('',(6.25,-4.8));
#12759 = CARTESIAN_POINT('',(6.25,-1.768911086754));
#12760 = CARTESIAN_POINT('',(8.875,-3.284455543377));
#12761 = CARTESIAN_POINT('',(11.5,-4.8));
#12762 = CARTESIAN_POINT('',(8.875,-6.315544456623));
#12763 = CARTESIAN_POINT('',(6.25,-7.831088913246));
#12764 = CARTESIAN_POINT('',(6.25,-4.8));
#12765 = ( GEOMETRIC_REPRESENTATION_CONTEXT(2) 
PARAMETRIC_REPRESENTATION_CONTEXT() REPRESENTATION_CONTEXT('2D SPACE',''
  ) );
#12766 = PCURVE('',#12767,#12772);
#12767 = CONICAL_SURFACE('',#12768,1.6,0.785398163397);
#12768 = AXIS2_PLACEMENT_3D('',#12769,#12770,#12771);
#12769 = CARTESIAN_POINT('',(20.,4.2,1.));
#12770 = DIRECTION('',(-0.,-0.,-1.));
#12771 = DIRECTION('',(-1.,0.,0.));
#12772 = DEFINITIONAL_REPRESENTATION('',(#12773),#12777);
#12773 = LINE('',#12774,#12775);
#12774 = CARTESIAN_POINT('',(0.,0.15));
#12775 = VECTOR('',#12776,1.);
#12776 = DIRECTION('',(1.,0.));
#12777 = ( GEOMETRIC_REPRESENTATION_CONTEXT(2) 
PARAMETRIC_REPRESENTATION_CONTEXT() REPRESENTATION_CONTEXT('2D SPACE',''
  ) );
#12778 = ADVANCED_FACE('',(#12779),#11808,.F.);
#12779 = FACE_BOUND('',#12780,.F.);
#12780 = EDGE_LOOP('',(#12781,#12782,#12783,#12784,#12805,#12828,#12849,
    #12872));
#12781 = ORIENTED_EDGE('',*,*,#12536,.F.);
#12782 = ORIENTED_EDGE('',*,*,#11792,.F.);
#12783 = ORIENTED_EDGE('',*,*,#12667,.T.);
#12784 = ORIENTED_EDGE('',*,*,#12785,.F.);
#12785 = EDGE_CURVE('',#12786,#12668,#12788,.T.);
#12786 = VERTEX_POINT('',#12787);
#12787 = CARTESIAN_POINT('',(20.,5.8,1.));
#12788 = SURFACE_CURVE('',#12789,(#12793,#12799),.PCURVE_S1.);
#12789 = LINE('',#12790,#12791);
#12790 = CARTESIAN_POINT('',(20.,4.2,2.6));
#12791 = VECTOR('',#12792,1.);
#12792 = DIRECTION('',(0.,0.707106781187,-0.707106781187));
#12793 = PCURVE('',#11808,#12794);
#12794 = DEFINITIONAL_REPRESENTATION('',(#12795),#12798);
#12795 = B_SPLINE_CURVE_WITH_KNOTS('',1,(#12796,#12797),.UNSPECIFIED.,
  .F.,.F.,(2,2),(2.262741699797,2.474873734153),
  .PIECEWISE_BEZIER_KNOTS.);
#12796 = CARTESIAN_POINT('',(-0.15,-3.2));
#12797 = CARTESIAN_POINT('',(8.881784197001E-16,-3.05));
#12798 = ( GEOMETRIC_REPRESENTATION_CONTEXT(2) 
PARAMETRIC_REPRESENTATION_CONTEXT() REPRESENTATION_CONTEXT('2D SPACE',''
  ) );
#12799 = PCURVE('',#12767,#12800);
#12800 = DEFINITIONAL_REPRESENTATION('',(#12801),#12804);
#12801 = B_SPLINE_CURVE_WITH_KNOTS('',1,(#12802,#12803),.UNSPECIFIED.,
  .F.,.F.,(2,2),(2.262741699797,2.474873734153),
  .PIECEWISE_BEZIER_KNOTS.);
#12802 = CARTESIAN_POINT('',(1.570796326795,3.140184917368E-16));
#12803 = CARTESIAN_POINT('',(1.570796326795,0.15));
#12804 = ( GEOMETRIC_REPRESENTATION_CONTEXT(2) 
PARAMETRIC_REPRESENTATION_CONTEXT() REPRESENTATION_CONTEXT('2D SPACE',''
  ) );
#12805 = ORIENTED_EDGE('',*,*,#12806,.F.);
#12806 = EDGE_CURVE('',#12807,#12786,#12809,.T.);
#12807 = VERTEX_POINT('',#12808);
#12808 = CARTESIAN_POINT('',(20.,5.8,0.85));
#12809 = SURFACE_CURVE('',#12810,(#12814,#12821),.PCURVE_S1.);
#12810 = LINE('',#12811,#12812);
#12811 = CARTESIAN_POINT('',(20.,5.8,1.4));
#12812 = VECTOR('',#12813,1.);
#12813 = DIRECTION('',(-0.,-0.,1.));
#12814 = PCURVE('',#11808,#12815);
#12815 = DEFINITIONAL_REPRESENTATION('',(#12816),#12820);
#12816 = LINE('',#12817,#12818);
#12817 = CARTESIAN_POINT('',(-0.55,-3.2));
#12818 = VECTOR('',#12819,1.);
#12819 = DIRECTION('',(-1.,0.));
#12820 = ( GEOMETRIC_REPRESENTATION_CONTEXT(2) 
PARAMETRIC_REPRESENTATION_CONTEXT() REPRESENTATION_CONTEXT('2D SPACE',''
  ) );
#12821 = PCURVE('',#12221,#12822);
#12822 = DEFINITIONAL_REPRESENTATION('',(#12823),#12827);
#12823 = LINE('',#12824,#12825);
#12824 = CARTESIAN_POINT('',(1.570796326795,0.));
#12825 = VECTOR('',#12826,1.);
#12826 = DIRECTION('',(0.,-1.));
#12827 = ( GEOMETRIC_REPRESENTATION_CONTEXT(2) 
PARAMETRIC_REPRESENTATION_CONTEXT() REPRESENTATION_CONTEXT('2D SPACE',''
  ) );
#12828 = ORIENTED_EDGE('',*,*,#12829,.T.);
#12829 = EDGE_CURVE('',#12807,#12830,#12832,.T.);
#12830 = VERTEX_POINT('',#12831);
#12831 = CARTESIAN_POINT('',(20.,5.8,-0.85));
#12832 = SURFACE_CURVE('',#12833,(#12837,#12843),.PCURVE_S1.);
#12833 = LINE('',#12834,#12835);
#12834 = CARTESIAN_POINT('',(20.,5.8,1.4));
#12835 = VECTOR('',#12836,1.);
#12836 = DIRECTION('',(0.,0.,-1.));
#12837 = PCURVE('',#11808,#12838);
#12838 = DEFINITIONAL_REPRESENTATION('',(#12839),#12842);
#12839 = B_SPLINE_CURVE_WITH_KNOTS('',1,(#12840,#12841),.UNSPECIFIED.,
  .F.,.F.,(2,2),(0.38,2.42),.PIECEWISE_BEZIER_KNOTS.);
#12840 = CARTESIAN_POINT('',(-0.17,-3.2));
#12841 = CARTESIAN_POINT('',(1.87,-3.2));
#12842 = ( GEOMETRIC_REPRESENTATION_CONTEXT(2) 
PARAMETRIC_REPRESENTATION_CONTEXT() REPRESENTATION_CONTEXT('2D SPACE',''
  ) );
#12843 = PCURVE('',#12221,#12844);
#12844 = DEFINITIONAL_REPRESENTATION('',(#12845),#12848);
#12845 = B_SPLINE_CURVE_WITH_KNOTS('',1,(#12846,#12847),.UNSPECIFIED.,
  .F.,.F.,(2,2),(0.38,2.42),.PIECEWISE_BEZIER_KNOTS.);
#12846 = CARTESIAN_POINT('',(1.570796326795,0.38));
#12847 = CARTESIAN_POINT('',(1.570796326795,2.42));
#12848 = ( GEOMETRIC_REPRESENTATION_CONTEXT(2) 
PARAMETRIC_REPRESENTATION_CONTEXT() REPRESENTATION_CONTEXT('2D SPACE',''
  ) );
#12849 = ORIENTED_EDGE('',*,*,#12850,.T.);
#12850 = EDGE_CURVE('',#12830,#12851,#12853,.T.);
#12851 = VERTEX_POINT('',#12852);
#12852 = CARTESIAN_POINT('',(20.,5.8,-1.));
#12853 = SURFACE_CURVE('',#12854,(#12858,#12865),.PCURVE_S1.);
#12854 = LINE('',#12855,#12856);
#12855 = CARTESIAN_POINT('',(20.,5.8,1.4));
#12856 = VECTOR('',#12857,1.);
#12857 = DIRECTION('',(0.,0.,-1.));
#12858 = PCURVE('',#11808,#12859);
#12859 = DEFINITIONAL_REPRESENTATION('',(#12860),#12864);
#12860 = LINE('',#12861,#12862);
#12861 = CARTESIAN_POINT('',(-0.55,-3.2));
#12862 = VECTOR('',#12863,1.);
#12863 = DIRECTION('',(1.,0.));
#12864 = ( GEOMETRIC_REPRESENTATION_CONTEXT(2) 
PARAMETRIC_REPRESENTATION_CONTEXT() REPRESENTATION_CONTEXT('2D SPACE',''
  ) );
#12865 = PCURVE('',#12221,#12866);
#12866 = DEFINITIONAL_REPRESENTATION('',(#12867),#12871);
#12867 = LINE('',#12868,#12869);
#12868 = CARTESIAN_POINT('',(1.570796326795,0.));
#12869 = VECTOR('',#12870,1.);
#12870 = DIRECTION('',(0.,1.));
#12871 = ( GEOMETRIC_REPRESENTATION_CONTEXT(2) 
PARAMETRIC_REPRESENTATION_CONTEXT() REPRESENTATION_CONTEXT('2D SPACE',''
  ) );
#12872 = ORIENTED_EDGE('',*,*,#12873,.T.);
#12873 = EDGE_CURVE('',#12851,#12537,#12874,.T.);
#12874 = SURFACE_CURVE('',#12875,(#12879,#12885),.PCURVE_S1.);
#12875 = LINE('',#12876,#12877);
#12876 = CARTESIAN_POINT('',(20.,4.2,-2.6));
#12877 = VECTOR('',#12878,1.);
#12878 = DIRECTION('',(-0.,0.707106781187,0.707106781187));
#12879 = PCURVE('',#11808,#12880);
#12880 = DEFINITIONAL_REPRESENTATION('',(#12881),#12884);
#12881 = B_SPLINE_CURVE_WITH_KNOTS('',1,(#12882,#12883),.UNSPECIFIED.,
  .F.,.F.,(2,2),(2.262741699797,2.474873734153),
  .PIECEWISE_BEZIER_KNOTS.);
#12882 = CARTESIAN_POINT('',(1.85,-3.2));
#12883 = CARTESIAN_POINT('',(1.7,-3.05));
#12884 = ( GEOMETRIC_REPRESENTATION_CONTEXT(2) 
PARAMETRIC_REPRESENTATION_CONTEXT() REPRESENTATION_CONTEXT('2D SPACE',''
  ) );
#12885 = PCURVE('',#12576,#12886);
#12886 = DEFINITIONAL_REPRESENTATION('',(#12887),#12890);
#12887 = B_SPLINE_CURVE_WITH_KNOTS('',1,(#12888,#12889),.UNSPECIFIED.,
  .F.,.F.,(2,2),(2.262741699797,2.474873734153),
  .PIECEWISE_BEZIER_KNOTS.);
#12888 = CARTESIAN_POINT('',(-1.570796326795,3.140184917368E-16));
#12889 = CARTESIAN_POINT('',(-1.570796326795,0.15));
#12890 = ( GEOMETRIC_REPRESENTATION_CONTEXT(2) 
PARAMETRIC_REPRESENTATION_CONTEXT() REPRESENTATION_CONTEXT('2D SPACE',''
  ) );
#12891 = ADVANCED_FACE('',(#12892),#11945,.T.);
#12892 = FACE_BOUND('',#12893,.T.);
#12893 = EDGE_LOOP('',(#12894,#12895,#12896,#12897));
#12894 = ORIENTED_EDGE('',*,*,#11927,.F.);
#12895 = ORIENTED_EDGE('',*,*,#12056,.T.);
#12896 = ORIENTED_EDGE('',*,*,#12457,.T.);
#12897 = ORIENTED_EDGE('',*,*,#12309,.F.);
#12898 = ADVANCED_FACE('',(#12899),#12168,.F.);
#12899 = FACE_BOUND('',#12900,.F.);
#12900 = EDGE_LOOP('',(#12901,#12922,#12923,#12924));
#12901 = ORIENTED_EDGE('',*,*,#12902,.T.);
#12902 = EDGE_CURVE('',#12362,#12131,#12903,.T.);
#12903 = SEAM_CURVE('',#12904,(#12908,#12915),.PCURVE_S1.);
#12904 = LINE('',#12905,#12906);
#12905 = CARTESIAN_POINT('',(18.4,-4.2,1.4));
#12906 = VECTOR('',#12907,1.);
#12907 = DIRECTION('',(0.,0.,-1.));
#12908 = PCURVE('',#12168,#12909);
#12909 = DEFINITIONAL_REPRESENTATION('',(#12910),#12914);
#12910 = LINE('',#12911,#12912);
#12911 = CARTESIAN_POINT('',(6.28318530718,-0.));
#12912 = VECTOR('',#12913,1.);
#12913 = DIRECTION('',(0.,1.));
#12914 = ( GEOMETRIC_REPRESENTATION_CONTEXT(2) 
PARAMETRIC_REPRESENTATION_CONTEXT() REPRESENTATION_CONTEXT('2D SPACE',''
  ) );
#12915 = PCURVE('',#12168,#12916);
#12916 = DEFINITIONAL_REPRESENTATION('',(#12917),#12921);
#12917 = LINE('',#12918,#12919);
#12918 = CARTESIAN_POINT('',(0.,-0.));
#12919 = VECTOR('',#12920,1.);
#12920 = DIRECTION('',(0.,1.));
#12921 = ( GEOMETRIC_REPRESENTATION_CONTEXT(2) 
PARAMETRIC_REPRESENTATION_CONTEXT() REPRESENTATION_CONTEXT('2D SPACE',''
  ) );
#12922 = ORIENTED_EDGE('',*,*,#12153,.F.);
#12923 = ORIENTED_EDGE('',*,*,#12902,.F.);
#12924 = ORIENTED_EDGE('',*,*,#12384,.T.);
#12925 = ADVANCED_FACE('',(#12926),#12221,.F.);
#12926 = FACE_BOUND('',#12927,.F.);
#12927 = EDGE_LOOP('',(#12928,#12951,#12952,#12953,#12975,#12976,#12977,
    #12978,#13002,#13023,#13024,#13025,#13049,#13072,#13093,#13116));
#12928 = ORIENTED_EDGE('',*,*,#12929,.T.);
#12929 = EDGE_CURVE('',#12930,#12184,#12932,.T.);
#12930 = VERTEX_POINT('',#12931);
#12931 = CARTESIAN_POINT('',(18.4,4.2,-1.));
#12932 = SEAM_CURVE('',#12933,(#12937,#12944),.PCURVE_S1.);
#12933 = LINE('',#12934,#12935);
#12934 = CARTESIAN_POINT('',(18.4,4.2,1.4));
#12935 = VECTOR('',#12936,1.);
#12936 = DIRECTION('',(0.,0.,-1.));
#12937 = PCURVE('',#12221,#12938);
#12938 = DEFINITIONAL_REPRESENTATION('',(#12939),#12943);
#12939 = LINE('',#12940,#12941);
#12940 = CARTESIAN_POINT('',(6.28318530718,-0.));
#12941 = VECTOR('',#12942,1.);
#12942 = DIRECTION('',(0.,1.));
#12943 = ( GEOMETRIC_REPRESENTATION_CONTEXT(2) 
PARAMETRIC_REPRESENTATION_CONTEXT() REPRESENTATION_CONTEXT('2D SPACE',''
  ) );
#12944 = PCURVE('',#12221,#12945);
#12945 = DEFINITIONAL_REPRESENTATION('',(#12946),#12950);
#12946 = LINE('',#12947,#12948);
#12947 = CARTESIAN_POINT('',(0.,-0.));
#12948 = VECTOR('',#12949,1.);
#12949 = DIRECTION('',(0.,1.));
#12950 = ( GEOMETRIC_REPRESENTATION_CONTEXT(2) 
PARAMETRIC_REPRESENTATION_CONTEXT() REPRESENTATION_CONTEXT('2D SPACE',''
  ) );
#12951 = ORIENTED_EDGE('',*,*,#12206,.F.);
#12952 = ORIENTED_EDGE('',*,*,#12929,.F.);
#12953 = ORIENTED_EDGE('',*,*,#12954,.T.);
#12954 = EDGE_CURVE('',#12930,#12851,#12955,.T.);
#12955 = SURFACE_CURVE('',#12956,(#12961,#12968),.PCURVE_S1.);
#12956 = CIRCLE('',#12957,1.6);
#12957 = AXIS2_PLACEMENT_3D('',#12958,#12959,#12960);
#12958 = CARTESIAN_POINT('',(20.,4.2,-1.));
#12959 = DIRECTION('',(0.,0.,-1.));
#12960 = DIRECTION('',(-1.,0.,0.));
#12961 = PCURVE('',#12221,#12962);
#12962 = DEFINITIONAL_REPRESENTATION('',(#12963),#12967);
#12963 = LINE('',#12964,#12965);
#12964 = CARTESIAN_POINT('',(0.,2.4));
#12965 = VECTOR('',#12966,1.);
#12966 = DIRECTION('',(1.,0.));
#12967 = ( GEOMETRIC_REPRESENTATION_CONTEXT(2) 
PARAMETRIC_REPRESENTATION_CONTEXT() REPRESENTATION_CONTEXT('2D SPACE',''
  ) );
#12968 = PCURVE('',#12576,#12969);
#12969 = DEFINITIONAL_REPRESENTATION('',(#12970),#12974);
#12970 = LINE('',#12971,#12972);
#12971 = CARTESIAN_POINT('',(-0.,0.));
#12972 = VECTOR('',#12973,1.);
#12973 = DIRECTION('',(-1.,0.));
#12974 = ( GEOMETRIC_REPRESENTATION_CONTEXT(2) 
PARAMETRIC_REPRESENTATION_CONTEXT() REPRESENTATION_CONTEXT('2D SPACE',''
  ) );
#12975 = ORIENTED_EDGE('',*,*,#12850,.F.);
#12976 = ORIENTED_EDGE('',*,*,#12829,.F.);
#12977 = ORIENTED_EDGE('',*,*,#12806,.T.);
#12978 = ORIENTED_EDGE('',*,*,#12979,.F.);
#12979 = EDGE_CURVE('',#12980,#12786,#12982,.T.);
#12980 = VERTEX_POINT('',#12981);
#12981 = CARTESIAN_POINT('',(18.4,4.2,1.));
#12982 = SURFACE_CURVE('',#12983,(#12988,#12995),.PCURVE_S1.);
#12983 = CIRCLE('',#12984,1.6);
#12984 = AXIS2_PLACEMENT_3D('',#12985,#12986,#12987);
#12985 = CARTESIAN_POINT('',(20.,4.2,1.));
#12986 = DIRECTION('',(-0.,0.,-1.));
#12987 = DIRECTION('',(-1.,0.,0.));
#12988 = PCURVE('',#12221,#12989);
#12989 = DEFINITIONAL_REPRESENTATION('',(#12990),#12994);
#12990 = LINE('',#12991,#12992);
#12991 = CARTESIAN_POINT('',(0.,0.4));
#12992 = VECTOR('',#12993,1.);
#12993 = DIRECTION('',(1.,0.));
#12994 = ( GEOMETRIC_REPRESENTATION_CONTEXT(2) 
PARAMETRIC_REPRESENTATION_CONTEXT() REPRESENTATION_CONTEXT('2D SPACE',''
  ) );
#12995 = PCURVE('',#12767,#12996);
#12996 = DEFINITIONAL_REPRESENTATION('',(#12997),#13001);
#12997 = LINE('',#12998,#12999);
#12998 = CARTESIAN_POINT('',(0.,0.));
#12999 = VECTOR('',#13000,1.);
#13000 = DIRECTION('',(1.,0.));
#13001 = ( GEOMETRIC_REPRESENTATION_CONTEXT(2) 
PARAMETRIC_REPRESENTATION_CONTEXT() REPRESENTATION_CONTEXT('2D SPACE',''
  ) );
#13002 = ORIENTED_EDGE('',*,*,#13003,.F.);
#13003 = EDGE_CURVE('',#12410,#12980,#13004,.T.);
#13004 = SEAM_CURVE('',#13005,(#13009,#13016),.PCURVE_S1.);
#13005 = LINE('',#13006,#13007);
#13006 = CARTESIAN_POINT('',(18.4,4.2,1.4));
#13007 = VECTOR('',#13008,1.);
#13008 = DIRECTION('',(0.,0.,-1.));
#13009 = PCURVE('',#12221,#13010);
#13010 = DEFINITIONAL_REPRESENTATION('',(#13011),#13015);
#13011 = LINE('',#13012,#13013);
#13012 = CARTESIAN_POINT('',(6.28318530718,-0.));
#13013 = VECTOR('',#13014,1.);
#13014 = DIRECTION('',(0.,1.));
#13015 = ( GEOMETRIC_REPRESENTATION_CONTEXT(2) 
PARAMETRIC_REPRESENTATION_CONTEXT() REPRESENTATION_CONTEXT('2D SPACE',''
  ) );
#13016 = PCURVE('',#12221,#13017);
#13017 = DEFINITIONAL_REPRESENTATION('',(#13018),#13022);
#13018 = LINE('',#13019,#13020);
#13019 = CARTESIAN_POINT('',(0.,-0.));
#13020 = VECTOR('',#13021,1.);
#13021 = DIRECTION('',(0.,1.));
#13022 = ( GEOMETRIC_REPRESENTATION_CONTEXT(2) 
PARAMETRIC_REPRESENTATION_CONTEXT() REPRESENTATION_CONTEXT('2D SPACE',''
  ) );
#13023 = ORIENTED_EDGE('',*,*,#12432,.T.);
#13024 = ORIENTED_EDGE('',*,*,#13003,.T.);
#13025 = ORIENTED_EDGE('',*,*,#13026,.F.);
#13026 = EDGE_CURVE('',#13027,#12980,#13029,.T.);
#13027 = VERTEX_POINT('',#13028);
#13028 = CARTESIAN_POINT('',(18.941699475574,3.,1.));
#13029 = SURFACE_CURVE('',#13030,(#13035,#13042),.PCURVE_S1.);
#13030 = CIRCLE('',#13031,1.6);
#13031 = AXIS2_PLACEMENT_3D('',#13032,#13033,#13034);
#13032 = CARTESIAN_POINT('',(20.,4.2,1.));
#13033 = DIRECTION('',(-0.,0.,-1.));
#13034 = DIRECTION('',(-0.661437827766,-0.75,0.));
#13035 = PCURVE('',#12221,#13036);
#13036 = DEFINITIONAL_REPRESENTATION('',(#13037),#13041);
#13037 = LINE('',#13038,#13039);
#13038 = CARTESIAN_POINT('',(5.435123228198,0.4));
#13039 = VECTOR('',#13040,1.);
#13040 = DIRECTION('',(1.,0.));
#13041 = ( GEOMETRIC_REPRESENTATION_CONTEXT(2) 
PARAMETRIC_REPRESENTATION_CONTEXT() REPRESENTATION_CONTEXT('2D SPACE',''
  ) );
#13042 = PCURVE('',#12736,#13043);
#13043 = DEFINITIONAL_REPRESENTATION('',(#13044),#13048);
#13044 = LINE('',#13045,#13046);
#13045 = CARTESIAN_POINT('',(0.,0.));
#13046 = VECTOR('',#13047,1.);
#13047 = DIRECTION('',(1.,0.));
#13048 = ( GEOMETRIC_REPRESENTATION_CONTEXT(2) 
PARAMETRIC_REPRESENTATION_CONTEXT() REPRESENTATION_CONTEXT('2D SPACE',''
  ) );
#13049 = ORIENTED_EDGE('',*,*,#13050,.F.);
#13050 = EDGE_CURVE('',#13051,#13027,#13053,.T.);
#13051 = VERTEX_POINT('',#13052);
#13052 = CARTESIAN_POINT('',(18.941699475574,3.,0.85));
#13053 = SURFACE_CURVE('',#13054,(#13058,#13065),.PCURVE_S1.);
#13054 = LINE('',#13055,#13056);
#13055 = CARTESIAN_POINT('',(18.941699475574,3.,1.4));
#13056 = VECTOR('',#13057,1.);
#13057 = DIRECTION('',(-0.,-0.,1.));
#13058 = PCURVE('',#12221,#13059);
#13059 = DEFINITIONAL_REPRESENTATION('',(#13060),#13064);
#13060 = LINE('',#13061,#13062);
#13061 = CARTESIAN_POINT('',(5.435123228198,0.));
#13062 = VECTOR('',#13063,1.);
#13063 = DIRECTION('',(0.,-1.));
#13064 = ( GEOMETRIC_REPRESENTATION_CONTEXT(2) 
PARAMETRIC_REPRESENTATION_CONTEXT() REPRESENTATION_CONTEXT('2D SPACE',''
  ) );
#13065 = PCURVE('',#12502,#13066);
#13066 = DEFINITIONAL_REPRESENTATION('',(#13067),#13071);
#13067 = LINE('',#13068,#13069);
#13068 = CARTESIAN_POINT('',(1.4,2.941699475574));
#13069 = VECTOR('',#13070,1.);
#13070 = DIRECTION('',(1.,-0.));
#13071 = ( GEOMETRIC_REPRESENTATION_CONTEXT(2) 
PARAMETRIC_REPRESENTATION_CONTEXT() REPRESENTATION_CONTEXT('2D SPACE',''
  ) );
#13072 = ORIENTED_EDGE('',*,*,#13073,.T.);
#13073 = EDGE_CURVE('',#13051,#13074,#13076,.T.);
#13074 = VERTEX_POINT('',#13075);
#13075 = CARTESIAN_POINT('',(18.941699475574,3.,-0.85));
#13076 = SURFACE_CURVE('',#13077,(#13081,#13087),.PCURVE_S1.);
#13077 = LINE('',#13078,#13079);
#13078 = CARTESIAN_POINT('',(18.941699475574,3.,1.4));
#13079 = VECTOR('',#13080,1.);
#13080 = DIRECTION('',(0.,0.,-1.));
#13081 = PCURVE('',#12221,#13082);
#13082 = DEFINITIONAL_REPRESENTATION('',(#13083),#13086);
#13083 = B_SPLINE_CURVE_WITH_KNOTS('',1,(#13084,#13085),.UNSPECIFIED.,
  .F.,.F.,(2,2),(0.38,2.42),.PIECEWISE_BEZIER_KNOTS.);
#13084 = CARTESIAN_POINT('',(5.435123228198,0.38));
#13085 = CARTESIAN_POINT('',(5.435123228198,2.42));
#13086 = ( GEOMETRIC_REPRESENTATION_CONTEXT(2) 
PARAMETRIC_REPRESENTATION_CONTEXT() REPRESENTATION_CONTEXT('2D SPACE',''
  ) );
#13087 = PCURVE('',#12502,#13088);
#13088 = DEFINITIONAL_REPRESENTATION('',(#13089),#13092);
#13089 = B_SPLINE_CURVE_WITH_KNOTS('',1,(#13090,#13091),.UNSPECIFIED.,
  .F.,.F.,(2,2),(0.38,2.42),.PIECEWISE_BEZIER_KNOTS.);
#13090 = CARTESIAN_POINT('',(1.02,2.941699475574));
#13091 = CARTESIAN_POINT('',(-1.02,2.941699475574));
#13092 = ( GEOMETRIC_REPRESENTATION_CONTEXT(2) 
PARAMETRIC_REPRESENTATION_CONTEXT() REPRESENTATION_CONTEXT('2D SPACE',''
  ) );
#13093 = ORIENTED_EDGE('',*,*,#13094,.T.);
#13094 = EDGE_CURVE('',#13074,#13095,#13097,.T.);
#13095 = VERTEX_POINT('',#13096);
#13096 = CARTESIAN_POINT('',(18.941699475574,3.,-1.));
#13097 = SURFACE_CURVE('',#13098,(#13102,#13109),.PCURVE_S1.);
#13098 = LINE('',#13099,#13100);
#13099 = CARTESIAN_POINT('',(18.941699475574,3.,1.4));
#13100 = VECTOR('',#13101,1.);
#13101 = DIRECTION('',(0.,0.,-1.));
#13102 = PCURVE('',#12221,#13103);
#13103 = DEFINITIONAL_REPRESENTATION('',(#13104),#13108);
#13104 = LINE('',#13105,#13106);
#13105 = CARTESIAN_POINT('',(5.435123228198,0.));
#13106 = VECTOR('',#13107,1.);
#13107 = DIRECTION('',(0.,1.));
#13108 = ( GEOMETRIC_REPRESENTATION_CONTEXT(2) 
PARAMETRIC_REPRESENTATION_CONTEXT() REPRESENTATION_CONTEXT('2D SPACE',''
  ) );
#13109 = PCURVE('',#12502,#13110);
#13110 = DEFINITIONAL_REPRESENTATION('',(#13111),#13115);
#13111 = LINE('',#13112,#13113);
#13112 = CARTESIAN_POINT('',(1.4,2.941699475574));
#13113 = VECTOR('',#13114,1.);
#13114 = DIRECTION('',(-1.,0.));
#13115 = ( GEOMETRIC_REPRESENTATION_CONTEXT(2) 
PARAMETRIC_REPRESENTATION_CONTEXT() REPRESENTATION_CONTEXT('2D SPACE',''
  ) );
#13116 = ORIENTED_EDGE('',*,*,#13117,.T.);
#13117 = EDGE_CURVE('',#13095,#12930,#13118,.T.);
#13118 = SURFACE_CURVE('',#13119,(#13124,#13131),.PCURVE_S1.);
#13119 = CIRCLE('',#13120,1.6);
#13120 = AXIS2_PLACEMENT_3D('',#13121,#13122,#13123);
#13121 = CARTESIAN_POINT('',(20.,4.2,-1.));
#13122 = DIRECTION('',(0.,0.,-1.));
#13123 = DIRECTION('',(-0.661437827766,-0.75,-0.));
#13124 = PCURVE('',#12221,#13125);
#13125 = DEFINITIONAL_REPRESENTATION('',(#13126),#13130);
#13126 = LINE('',#13127,#13128);
#13127 = CARTESIAN_POINT('',(5.435123228198,2.4));
#13128 = VECTOR('',#13129,1.);
#13129 = DIRECTION('',(1.,0.));
#13130 = ( GEOMETRIC_REPRESENTATION_CONTEXT(2) 
PARAMETRIC_REPRESENTATION_CONTEXT() REPRESENTATION_CONTEXT('2D SPACE',''
  ) );
#13131 = PCURVE('',#12603,#13132);
#13132 = DEFINITIONAL_REPRESENTATION('',(#13133),#13137);
#13133 = LINE('',#13134,#13135);
#13134 = CARTESIAN_POINT('',(-0.,0.));
#13135 = VECTOR('',#13136,1.);
#13136 = DIRECTION('',(-1.,0.));
#13137 = ( GEOMETRIC_REPRESENTATION_CONTEXT(2) 
PARAMETRIC_REPRESENTATION_CONTEXT() REPRESENTATION_CONTEXT('2D SPACE',''
  ) );
#13138 = ADVANCED_FACE('',(#13139),#12502,.T.);
#13139 = FACE_BOUND('',#13140,.T.);
#13140 = EDGE_LOOP('',(#13141,#13142,#13167,#13168,#13169,#13170,#13195,
    #13196));
#13141 = ORIENTED_EDGE('',*,*,#12692,.T.);
#13142 = ORIENTED_EDGE('',*,*,#13143,.F.);
#13143 = EDGE_CURVE('',#13027,#12693,#13144,.T.);
#13144 = SURFACE_CURVE('',#13145,(#13150,#13157),.PCURVE_S1.);
#13145 = HYPERBOLA('',#13146,1.2,1.2);
#13146 = AXIS2_PLACEMENT_3D('',#13147,#13148,#13149);
#13147 = CARTESIAN_POINT('',(20.,3.,2.6));
#13148 = DIRECTION('',(0.,1.,0.));
#13149 = DIRECTION('',(0.,0.,-1.));
#13150 = PCURVE('',#12502,#13151);
#13151 = DEFINITIONAL_REPRESENTATION('',(#13152),#13156);
#13152 = ( BOUNDED_CURVE() B_SPLINE_CURVE(2,(#13153,#13154,#13155),
.UNSPECIFIED.,.F.,.F.) B_SPLINE_CURVE_WITH_KNOTS((3,3),(0.795365461224,
0.924184136918),.PIECEWISE_BEZIER_KNOTS.) CURVE() 
GEOMETRIC_REPRESENTATION_ITEM() RATIONAL_B_SPLINE_CURVE((1.,
1.002074998607,1.)) REPRESENTATION_ITEM('') );
#13153 = CARTESIAN_POINT('',(1.,2.941699475574));
#13154 = CARTESIAN_POINT('',(0.931929669302,2.838786808895));
#13155 = CARTESIAN_POINT('',(0.85,2.726226079714));
#13156 = ( GEOMETRIC_REPRESENTATION_CONTEXT(2) 
PARAMETRIC_REPRESENTATION_CONTEXT() REPRESENTATION_CONTEXT('2D SPACE',''
  ) );
#13157 = PCURVE('',#12736,#13158);
#13158 = DEFINITIONAL_REPRESENTATION('',(#13159),#13166);
#13159 = B_SPLINE_CURVE_WITH_KNOTS('',5,(#13160,#13161,#13162,#13163,
    #13164,#13165),.UNSPECIFIED.,.F.,.F.,(6,6),(0.795365461224,
    0.924184136918),.PIECEWISE_BEZIER_KNOTS.);
#13160 = CARTESIAN_POINT('',(-1.33226762955E-14,-1.443289932013E-15));
#13161 = CARTESIAN_POINT('',(1.932280135414E-02,2.726577440863E-02));
#13162 = CARTESIAN_POINT('',(3.823400041383E-02,5.585908868274E-02));
#13163 = CARTESIAN_POINT('',(5.673025596879E-02,8.581764892917E-02));
#13164 = CARTESIAN_POINT('',(7.481093610092E-02,0.117182826091));
#13165 = CARTESIAN_POINT('',(9.2477497339E-02,0.15));
#13166 = ( GEOMETRIC_REPRESENTATION_CONTEXT(2) 
PARAMETRIC_REPRESENTATION_CONTEXT() REPRESENTATION_CONTEXT('2D SPACE',''
  ) );
#13167 = ORIENTED_EDGE('',*,*,#13050,.F.);
#13168 = ORIENTED_EDGE('',*,*,#13073,.T.);
#13169 = ORIENTED_EDGE('',*,*,#13094,.T.);
#13170 = ORIENTED_EDGE('',*,*,#13171,.T.);
#13171 = EDGE_CURVE('',#13095,#12485,#13172,.T.);
#13172 = SURFACE_CURVE('',#13173,(#13178,#13185),.PCURVE_S1.);
#13173 = HYPERBOLA('',#13174,1.2,1.2);
#13174 = AXIS2_PLACEMENT_3D('',#13175,#13176,#13177);
#13175 = CARTESIAN_POINT('',(20.,3.,-2.6));
#13176 = DIRECTION('',(-0.,-1.,0.));
#13177 = DIRECTION('',(-0.,0.,1.));
#13178 = PCURVE('',#12502,#13179);
#13179 = DEFINITIONAL_REPRESENTATION('',(#13180),#13184);
#13180 = ( BOUNDED_CURVE() B_SPLINE_CURVE(2,(#13181,#13182,#13183),
.UNSPECIFIED.,.F.,.F.) B_SPLINE_CURVE_WITH_KNOTS((3,3),(0.795365461224,
0.924184136918),.PIECEWISE_BEZIER_KNOTS.) CURVE() 
GEOMETRIC_REPRESENTATION_ITEM() RATIONAL_B_SPLINE_CURVE((1.,
1.002074998607,1.)) REPRESENTATION_ITEM('') );
#13181 = CARTESIAN_POINT('',(-1.,2.941699475574));
#13182 = CARTESIAN_POINT('',(-0.931929669302,2.838786808895));
#13183 = CARTESIAN_POINT('',(-0.85,2.726226079714));
#13184 = ( GEOMETRIC_REPRESENTATION_CONTEXT(2) 
PARAMETRIC_REPRESENTATION_CONTEXT() REPRESENTATION_CONTEXT('2D SPACE',''
  ) );
#13185 = PCURVE('',#12603,#13186);
#13186 = DEFINITIONAL_REPRESENTATION('',(#13187),#13194);
#13187 = B_SPLINE_CURVE_WITH_KNOTS('',5,(#13188,#13189,#13190,#13191,
    #13192,#13193),.UNSPECIFIED.,.F.,.F.,(6,6),(0.795365461224,
    0.924184136918),.PIECEWISE_BEZIER_KNOTS.);
#13188 = CARTESIAN_POINT('',(2.6645352591E-14,-5.551115123126E-16));
#13189 = CARTESIAN_POINT('',(-1.932280135412E-02,2.726577440863E-02));
#13190 = CARTESIAN_POINT('',(-3.82340004138E-02,5.585908868274E-02));
#13191 = CARTESIAN_POINT('',(-5.673025596881E-02,8.581764892917E-02));
#13192 = CARTESIAN_POINT('',(-7.48109361009E-02,0.117182826091));
#13193 = CARTESIAN_POINT('',(-9.247749733898E-02,0.15));
#13194 = ( GEOMETRIC_REPRESENTATION_CONTEXT(2) 
PARAMETRIC_REPRESENTATION_CONTEXT() REPRESENTATION_CONTEXT('2D SPACE',''
  ) );
#13195 = ORIENTED_EDGE('',*,*,#12484,.T.);
#13196 = ORIENTED_EDGE('',*,*,#12619,.T.);
#13197 = ADVANCED_FACE('',(#13198),#12603,.F.);
#13198 = FACE_BOUND('',#13199,.T.);
#13199 = EDGE_LOOP('',(#13200,#13201,#13202,#13221));
#13200 = ORIENTED_EDGE('',*,*,#13171,.F.);
#13201 = ORIENTED_EDGE('',*,*,#13117,.T.);
#13202 = ORIENTED_EDGE('',*,*,#13203,.T.);
#13203 = EDGE_CURVE('',#12930,#12560,#13204,.T.);
#13204 = SURFACE_CURVE('',#13205,(#13209,#13215),.PCURVE_S1.);
#13205 = LINE('',#13206,#13207);
#13206 = CARTESIAN_POINT('',(18.4,4.2,-1.));
#13207 = VECTOR('',#13208,1.);
#13208 = DIRECTION('',(-0.707106781187,-2.775557561563E-16,
    0.707106781187));
#13209 = PCURVE('',#12603,#13210);
#13210 = DEFINITIONAL_REPRESENTATION('',(#13211),#13214);
#13211 = B_SPLINE_CURVE_WITH_KNOTS('',1,(#13212,#13213),.UNSPECIFIED.,
  .F.,.F.,(2,2),(0.,0.212132034356),.PIECEWISE_BEZIER_KNOTS.);
#13212 = CARTESIAN_POINT('',(-0.848062078981,0.));
#13213 = CARTESIAN_POINT('',(-0.848062078981,0.15));
#13214 = ( GEOMETRIC_REPRESENTATION_CONTEXT(2) 
PARAMETRIC_REPRESENTATION_CONTEXT() REPRESENTATION_CONTEXT('2D SPACE',''
  ) );
#13215 = PCURVE('',#12576,#13216);
#13216 = DEFINITIONAL_REPRESENTATION('',(#13217),#13220);
#13217 = B_SPLINE_CURVE_WITH_KNOTS('',1,(#13218,#13219),.UNSPECIFIED.,
  .F.,.F.,(2,2),(0.,0.212132034356),.PIECEWISE_BEZIER_KNOTS.);
#13218 = CARTESIAN_POINT('',(0.,0.));
#13219 = CARTESIAN_POINT('',(0.,0.15));
#13220 = ( GEOMETRIC_REPRESENTATION_CONTEXT(2) 
PARAMETRIC_REPRESENTATION_CONTEXT() REPRESENTATION_CONTEXT('2D SPACE',''
  ) );
#13221 = ORIENTED_EDGE('',*,*,#12588,.F.);
#13222 = ADVANCED_FACE('',(#13223),#12576,.F.);
#13223 = FACE_BOUND('',#13224,.T.);
#13224 = EDGE_LOOP('',(#13225,#13226,#13227,#13228));
#13225 = ORIENTED_EDGE('',*,*,#13203,.F.);
#13226 = ORIENTED_EDGE('',*,*,#12954,.T.);
#13227 = ORIENTED_EDGE('',*,*,#12873,.T.);
#13228 = ORIENTED_EDGE('',*,*,#12559,.F.);
#13229 = ADVANCED_FACE('',(#13230),#12767,.F.);
#13230 = FACE_BOUND('',#13231,.F.);
#13231 = EDGE_LOOP('',(#13232,#13251,#13252,#13253));
#13232 = ORIENTED_EDGE('',*,*,#13233,.F.);
#13233 = EDGE_CURVE('',#12980,#12716,#13234,.T.);
#13234 = SURFACE_CURVE('',#13235,(#13239,#13245),.PCURVE_S1.);
#13235 = LINE('',#13236,#13237);
#13236 = CARTESIAN_POINT('',(18.4,4.2,1.));
#13237 = VECTOR('',#13238,1.);
#13238 = DIRECTION('',(-0.707106781187,1.110223024625E-16,
    -0.707106781187));
#13239 = PCURVE('',#12767,#13240);
#13240 = DEFINITIONAL_REPRESENTATION('',(#13241),#13244);
#13241 = B_SPLINE_CURVE_WITH_KNOTS('',1,(#13242,#13243),.UNSPECIFIED.,
  .F.,.F.,(2,2),(0.,0.212132034356),.PIECEWISE_BEZIER_KNOTS.);
#13242 = CARTESIAN_POINT('',(0.,0.));
#13243 = CARTESIAN_POINT('',(0.,0.15));
#13244 = ( GEOMETRIC_REPRESENTATION_CONTEXT(2) 
PARAMETRIC_REPRESENTATION_CONTEXT() REPRESENTATION_CONTEXT('2D SPACE',''
  ) );
#13245 = PCURVE('',#12736,#13246);
#13246 = DEFINITIONAL_REPRESENTATION('',(#13247),#13250);
#13247 = B_SPLINE_CURVE_WITH_KNOTS('',1,(#13248,#13249),.UNSPECIFIED.,
  .F.,.F.,(2,2),(0.,0.212132034356),.PIECEWISE_BEZIER_KNOTS.);
#13248 = CARTESIAN_POINT('',(0.848062078981,0.));
#13249 = CARTESIAN_POINT('',(0.848062078981,0.15));
#13250 = ( GEOMETRIC_REPRESENTATION_CONTEXT(2) 
PARAMETRIC_REPRESENTATION_CONTEXT() REPRESENTATION_CONTEXT('2D SPACE',''
  ) );
#13251 = ORIENTED_EDGE('',*,*,#12979,.T.);
#13252 = ORIENTED_EDGE('',*,*,#12785,.T.);
#13253 = ORIENTED_EDGE('',*,*,#12748,.F.);
#13254 = ADVANCED_FACE('',(#13255),#12736,.F.);
#13255 = FACE_BOUND('',#13256,.F.);
#13256 = EDGE_LOOP('',(#13257,#13258,#13259,#13260));
#13257 = ORIENTED_EDGE('',*,*,#13143,.F.);
#13258 = ORIENTED_EDGE('',*,*,#13026,.T.);
#13259 = ORIENTED_EDGE('',*,*,#13233,.T.);
#13260 = ORIENTED_EDGE('',*,*,#12715,.F.);
#13261 = ( GEOMETRIC_REPRESENTATION_CONTEXT(3) 
GLOBAL_UNCERTAINTY_ASSIGNED_CONTEXT((#13265)) 
GLOBAL_UNIT_ASSIGNED_CONTEXT((#13262,#13263,#13264)) 
REPRESENTATION_CONTEXT('Context #1',
  '3D Context with UNIT and UNCERTAINTY') );
#13262 = ( LENGTH_UNIT() NAMED_UNIT(*) SI_UNIT(.MILLI.,.METRE.) );
#13263 = ( NAMED_UNIT(*) PLANE_ANGLE_UNIT() SI_UNIT($,.RADIAN.) );
#13264 = ( NAMED_UNIT(*) SI_UNIT($,.STERADIAN.) SOLID_ANGLE_UNIT() );
#13265 = UNCERTAINTY_MEASURE_WITH_UNIT(LENGTH_MEASURE(1.E-07),#13262,
  'distance_accuracy_value','confusion accuracy');
#13266 = CONTEXT_DEPENDENT_SHAPE_REPRESENTATION(#13267,#13269);
#13267 = ( REPRESENTATION_RELATIONSHIP('','',#10540,#10) 
REPRESENTATION_RELATIONSHIP_WITH_TRANSFORMATION(#13268) 
SHAPE_REPRESENTATION_RELATIONSHIP() );
#13268 = ITEM_DEFINED_TRANSFORMATION('','',#11,#39);
#13269 = PRODUCT_DEFINITION_SHAPE('Placement','Placement of an item',
  #13270);
#13270 = NEXT_ASSEMBLY_USAGE_OCCURRENCE('7','07-togi','',#5,#10535,$);
#13271 = PRODUCT_RELATED_PRODUCT_CATEGORY('part',$,(#10537));
#13272 = SHAPE_DEFINITION_REPRESENTATION(#13273,#13279);
#13273 = PRODUCT_DEFINITION_SHAPE('','',#13274);
#13274 = PRODUCT_DEFINITION('design','',#13275,#13278);
#13275 = PRODUCT_DEFINITION_FORMATION('','',#13276);
#13276 = PRODUCT('08-tweezer','08-tweezer','',(#13277));
#13277 = PRODUCT_CONTEXT('',#2,'mechanical');
#13278 = PRODUCT_DEFINITION_CONTEXT('part definition',#2,'design');
#13279 = ADVANCED_BREP_SHAPE_REPRESENTATION('',(#11,#13280),#14222);
#13280 = MANIFOLD_SOLID_BREP('',#13281);
#13281 = CLOSED_SHELL('',(#13282,#13616,#13692,#13741,#13924,#13951,
    #14000,#14049,#14076,#14083,#14132,#14181,#14208,#14215));
#13282 = ADVANCED_FACE('',(#13283),#13297,.F.);
#13283 = FACE_BOUND('',#13284,.F.);
#13284 = EDGE_LOOP('',(#13285,#13320,#13348,#13376,#13404,#13432,#13460,
    #13483,#13511,#13539,#13567,#13590));
#13285 = ORIENTED_EDGE('',*,*,#13286,.T.);
#13286 = EDGE_CURVE('',#13287,#13289,#13291,.T.);
#13287 = VERTEX_POINT('',#13288);
#13288 = CARTESIAN_POINT('',(-0.8,3.2,0.));
#13289 = VERTEX_POINT('',#13290);
#13290 = CARTESIAN_POINT('',(-0.8,-3.2,0.));
#13291 = SURFACE_CURVE('',#13292,(#13296,#13308),.PCURVE_S1.);
#13292 = LINE('',#13293,#13294);
#13293 = CARTESIAN_POINT('',(-0.8,3.2,0.));
#13294 = VECTOR('',#13295,1.);
#13295 = DIRECTION('',(0.,-1.,0.));
#13296 = PCURVE('',#13297,#13302);
#13297 = PLANE('',#13298);
#13298 = AXIS2_PLACEMENT_3D('',#13299,#13300,#13301);
#13299 = CARTESIAN_POINT('',(22.610356045252,0.960429658831,0.));
#13300 = DIRECTION('',(0.,0.,1.));
#13301 = DIRECTION('',(1.,0.,-0.));
#13302 = DEFINITIONAL_REPRESENTATION('',(#13303),#13307);
#13303 = LINE('',#13304,#13305);
#13304 = CARTESIAN_POINT('',(-23.41035604525,2.239570341169));
#13305 = VECTOR('',#13306,1.);
#13306 = DIRECTION('',(0.,-1.));
#13307 = ( GEOMETRIC_REPRESENTATION_CONTEXT(2) 
PARAMETRIC_REPRESENTATION_CONTEXT() REPRESENTATION_CONTEXT('2D SPACE',''
  ) );
#13308 = PCURVE('',#13309,#13314);
#13309 = PLANE('',#13310);
#13310 = AXIS2_PLACEMENT_3D('',#13311,#13312,#13313);
#13311 = CARTESIAN_POINT('',(-0.8,3.2,0.));
#13312 = DIRECTION('',(1.,0.,-0.));
#13313 = DIRECTION('',(0.,-1.,0.));
#13314 = DEFINITIONAL_REPRESENTATION('',(#13315),#13319);
#13315 = LINE('',#13316,#13317);
#13316 = CARTESIAN_POINT('',(0.,0.));
#13317 = VECTOR('',#13318,1.);
#13318 = DIRECTION('',(1.,0.));
#13319 = ( GEOMETRIC_REPRESENTATION_CONTEXT(2) 
PARAMETRIC_REPRESENTATION_CONTEXT() REPRESENTATION_CONTEXT('2D SPACE',''
  ) );
#13320 = ORIENTED_EDGE('',*,*,#13321,.T.);
#13321 = EDGE_CURVE('',#13289,#13322,#13324,.T.);
#13322 = VERTEX_POINT('',#13323);
#13323 = CARTESIAN_POINT('',(5.6,-3.2,0.));
#13324 = SURFACE_CURVE('',#13325,(#13329,#13336),.PCURVE_S1.);
#13325 = LINE('',#13326,#13327);
#13326 = CARTESIAN_POINT('',(-0.8,-3.2,0.));
#13327 = VECTOR('',#13328,1.);
#13328 = DIRECTION('',(1.,0.,0.));
#13329 = PCURVE('',#13297,#13330);
#13330 = DEFINITIONAL_REPRESENTATION('',(#13331),#13335);
#13331 = LINE('',#13332,#13333);
#13332 = CARTESIAN_POINT('',(-23.41035604525,-4.160429658831));
#13333 = VECTOR('',#13334,1.);
#13334 = DIRECTION('',(1.,0.));
#13335 = ( GEOMETRIC_REPRESENTATION_CONTEXT(2) 
PARAMETRIC_REPRESENTATION_CONTEXT() REPRESENTATION_CONTEXT('2D SPACE',''
  ) );
#13336 = PCURVE('',#13337,#13342);
#13337 = PLANE('',#13338);
#13338 = AXIS2_PLACEMENT_3D('',#13339,#13340,#13341);
#13339 = CARTESIAN_POINT('',(-0.8,-3.2,0.));
#13340 = DIRECTION('',(0.,1.,0.));
#13341 = DIRECTION('',(1.,0.,0.));
#13342 = DEFINITIONAL_REPRESENTATION('',(#13343),#13347);
#13343 = LINE('',#13344,#13345);
#13344 = CARTESIAN_POINT('',(0.,0.));
#13345 = VECTOR('',#13346,1.);
#13346 = DIRECTION('',(1.,0.));
#13347 = ( GEOMETRIC_REPRESENTATION_CONTEXT(2) 
PARAMETRIC_REPRESENTATION_CONTEXT() REPRESENTATION_CONTEXT('2D SPACE',''
  ) );
#13348 = ORIENTED_EDGE('',*,*,#13349,.T.);
#13349 = EDGE_CURVE('',#13322,#13350,#13352,.T.);
#13350 = VERTEX_POINT('',#13351);
#13351 = CARTESIAN_POINT('',(5.6,-2.30652173913,0.));
#13352 = SURFACE_CURVE('',#13353,(#13357,#13364),.PCURVE_S1.);
#13353 = LINE('',#13354,#13355);
#13354 = CARTESIAN_POINT('',(5.6,-3.2,0.));
#13355 = VECTOR('',#13356,1.);
#13356 = DIRECTION('',(0.,1.,0.));
#13357 = PCURVE('',#13297,#13358);
#13358 = DEFINITIONAL_REPRESENTATION('',(#13359),#13363);
#13359 = LINE('',#13360,#13361);
#13360 = CARTESIAN_POINT('',(-17.01035604525,-4.160429658831));
#13361 = VECTOR('',#13362,1.);
#13362 = DIRECTION('',(0.,1.));
#13363 = ( GEOMETRIC_REPRESENTATION_CONTEXT(2) 
PARAMETRIC_REPRESENTATION_CONTEXT() REPRESENTATION_CONTEXT('2D SPACE',''
  ) );
#13364 = PCURVE('',#13365,#13370);
#13365 = PLANE('',#13366);
#13366 = AXIS2_PLACEMENT_3D('',#13367,#13368,#13369);
#13367 = CARTESIAN_POINT('',(5.6,-3.2,0.));
#13368 = DIRECTION('',(-1.,0.,0.));
#13369 = DIRECTION('',(0.,1.,0.));
#13370 = DEFINITIONAL_REPRESENTATION('',(#13371),#13375);
#13371 = LINE('',#13372,#13373);
#13372 = CARTESIAN_POINT('',(0.,0.));
#13373 = VECTOR('',#13374,1.);
#13374 = DIRECTION('',(1.,0.));
#13375 = ( GEOMETRIC_REPRESENTATION_CONTEXT(2) 
PARAMETRIC_REPRESENTATION_CONTEXT() REPRESENTATION_CONTEXT('2D SPACE',''
  ) );
#13376 = ORIENTED_EDGE('',*,*,#13377,.F.);
#13377 = EDGE_CURVE('',#13378,#13350,#13380,.T.);
#13378 = VERTEX_POINT('',#13379);
#13379 = CARTESIAN_POINT('',(46.,-0.55,0.));
#13380 = SURFACE_CURVE('',#13381,(#13385,#13392),.PCURVE_S1.);
#13381 = LINE('',#13382,#13383);
#13382 = CARTESIAN_POINT('',(46.,-0.55,0.));
#13383 = VECTOR('',#13384,1.);
#13384 = DIRECTION('',(-0.999056158355,-4.343722427631E-02,0.));
#13385 = PCURVE('',#13297,#13386);
#13386 = DEFINITIONAL_REPRESENTATION('',(#13387),#13391);
#13387 = LINE('',#13388,#13389);
#13388 = CARTESIAN_POINT('',(23.389643954748,-1.510429658831));
#13389 = VECTOR('',#13390,1.);
#13390 = DIRECTION('',(-0.999056158355,-4.343722427631E-02));
#13391 = ( GEOMETRIC_REPRESENTATION_CONTEXT(2) 
PARAMETRIC_REPRESENTATION_CONTEXT() REPRESENTATION_CONTEXT('2D SPACE',''
  ) );
#13392 = PCURVE('',#13393,#13398);
#13393 = PLANE('',#13394);
#13394 = AXIS2_PLACEMENT_3D('',#13395,#13396,#13397);
#13395 = CARTESIAN_POINT('',(46.,-0.55,0.));
#13396 = DIRECTION('',(4.343722427631E-02,-0.999056158355,0.));
#13397 = DIRECTION('',(-0.999056158355,-4.343722427631E-02,0.));
#13398 = DEFINITIONAL_REPRESENTATION('',(#13399),#13403);
#13399 = LINE('',#13400,#13401);
#13400 = CARTESIAN_POINT('',(0.,0.));
#13401 = VECTOR('',#13402,1.);
#13402 = DIRECTION('',(1.,0.));
#13403 = ( GEOMETRIC_REPRESENTATION_CONTEXT(2) 
PARAMETRIC_REPRESENTATION_CONTEXT() REPRESENTATION_CONTEXT('2D SPACE',''
  ) );
#13404 = ORIENTED_EDGE('',*,*,#13405,.F.);
#13405 = EDGE_CURVE('',#13406,#13378,#13408,.T.);
#13406 = VERTEX_POINT('',#13407);
#13407 = CARTESIAN_POINT('',(46.,-0.15,0.));
#13408 = SURFACE_CURVE('',#13409,(#13413,#13420),.PCURVE_S1.);
#13409 = LINE('',#13410,#13411);
#13410 = CARTESIAN_POINT('',(46.,-0.15,0.));
#13411 = VECTOR('',#13412,1.);
#13412 = DIRECTION('',(0.,-1.,0.));
#13413 = PCURVE('',#13297,#13414);
#13414 = DEFINITIONAL_REPRESENTATION('',(#13415),#13419);
#13415 = LINE('',#13416,#13417);
#13416 = CARTESIAN_POINT('',(23.389643954748,-1.110429658831));
#13417 = VECTOR('',#13418,1.);
#13418 = DIRECTION('',(0.,-1.));
#13419 = ( GEOMETRIC_REPRESENTATION_CONTEXT(2) 
PARAMETRIC_REPRESENTATION_CONTEXT() REPRESENTATION_CONTEXT('2D SPACE',''
  ) );
#13420 = PCURVE('',#13421,#13426);
#13421 = PLANE('',#13422);
#13422 = AXIS2_PLACEMENT_3D('',#13423,#13424,#13425);
#13423 = CARTESIAN_POINT('',(46.,-0.15,0.));
#13424 = DIRECTION('',(1.,0.,-0.));
#13425 = DIRECTION('',(0.,-1.,0.));
#13426 = DEFINITIONAL_REPRESENTATION('',(#13427),#13431);
#13427 = LINE('',#13428,#13429);
#13428 = CARTESIAN_POINT('',(0.,0.));
#13429 = VECTOR('',#13430,1.);
#13430 = DIRECTION('',(1.,0.));
#13431 = ( GEOMETRIC_REPRESENTATION_CONTEXT(2) 
PARAMETRIC_REPRESENTATION_CONTEXT() REPRESENTATION_CONTEXT('2D SPACE',''
  ) );
#13432 = ORIENTED_EDGE('',*,*,#13433,.F.);
#13433 = EDGE_CURVE('',#13434,#13406,#13436,.T.);
#13434 = VERTEX_POINT('',#13435);
#13435 = CARTESIAN_POINT('',(5.6,-0.501304347826,0.));
#13436 = SURFACE_CURVE('',#13437,(#13441,#13448),.PCURVE_S1.);
#13437 = LINE('',#13438,#13439);
#13438 = CARTESIAN_POINT('',(0.,-0.55,0.));
#13439 = VECTOR('',#13440,1.);
#13440 = DIRECTION('',(0.999962194961,8.69532343444E-03,0.));
#13441 = PCURVE('',#13297,#13442);
#13442 = DEFINITIONAL_REPRESENTATION('',(#13443),#13447);
#13443 = LINE('',#13444,#13445);
#13444 = CARTESIAN_POINT('',(-22.61035604525,-1.510429658831));
#13445 = VECTOR('',#13446,1.);
#13446 = DIRECTION('',(0.999962194961,8.69532343444E-03));
#13447 = ( GEOMETRIC_REPRESENTATION_CONTEXT(2) 
PARAMETRIC_REPRESENTATION_CONTEXT() REPRESENTATION_CONTEXT('2D SPACE',''
  ) );
#13448 = PCURVE('',#13449,#13454);
#13449 = PLANE('',#13450);
#13450 = AXIS2_PLACEMENT_3D('',#13451,#13452,#13453);
#13451 = CARTESIAN_POINT('',(0.,-0.55,0.));
#13452 = DIRECTION('',(-8.69532343444E-03,0.999962194961,0.));
#13453 = DIRECTION('',(0.999962194961,8.69532343444E-03,0.));
#13454 = DEFINITIONAL_REPRESENTATION('',(#13455),#13459);
#13455 = LINE('',#13456,#13457);
#13456 = CARTESIAN_POINT('',(0.,0.));
#13457 = VECTOR('',#13458,1.);
#13458 = DIRECTION('',(1.,0.));
#13459 = ( GEOMETRIC_REPRESENTATION_CONTEXT(2) 
PARAMETRIC_REPRESENTATION_CONTEXT() REPRESENTATION_CONTEXT('2D SPACE',''
  ) );
#13460 = ORIENTED_EDGE('',*,*,#13461,.T.);
#13461 = EDGE_CURVE('',#13434,#13462,#13464,.T.);
#13462 = VERTEX_POINT('',#13463);
#13463 = CARTESIAN_POINT('',(5.6,0.501304347826,0.));
#13464 = SURFACE_CURVE('',#13465,(#13469,#13476),.PCURVE_S1.);
#13465 = LINE('',#13466,#13467);
#13466 = CARTESIAN_POINT('',(5.6,-3.2,0.));
#13467 = VECTOR('',#13468,1.);
#13468 = DIRECTION('',(0.,1.,0.));
#13469 = PCURVE('',#13297,#13470);
#13470 = DEFINITIONAL_REPRESENTATION('',(#13471),#13475);
#13471 = LINE('',#13472,#13473);
#13472 = CARTESIAN_POINT('',(-17.01035604525,-4.160429658831));
#13473 = VECTOR('',#13474,1.);
#13474 = DIRECTION('',(0.,1.));
#13475 = ( GEOMETRIC_REPRESENTATION_CONTEXT(2) 
PARAMETRIC_REPRESENTATION_CONTEXT() REPRESENTATION_CONTEXT('2D SPACE',''
  ) );
#13476 = PCURVE('',#13365,#13477);
#13477 = DEFINITIONAL_REPRESENTATION('',(#13478),#13482);
#13478 = LINE('',#13479,#13480);
#13479 = CARTESIAN_POINT('',(0.,0.));
#13480 = VECTOR('',#13481,1.);
#13481 = DIRECTION('',(1.,0.));
#13482 = ( GEOMETRIC_REPRESENTATION_CONTEXT(2) 
PARAMETRIC_REPRESENTATION_CONTEXT() REPRESENTATION_CONTEXT('2D SPACE',''
  ) );
#13483 = ORIENTED_EDGE('',*,*,#13484,.T.);
#13484 = EDGE_CURVE('',#13462,#13485,#13487,.T.);
#13485 = VERTEX_POINT('',#13486);
#13486 = CARTESIAN_POINT('',(46.,0.15,0.));
#13487 = SURFACE_CURVE('',#13488,(#13492,#13499),.PCURVE_S1.);
#13488 = LINE('',#13489,#13490);
#13489 = CARTESIAN_POINT('',(0.,0.55,0.));
#13490 = VECTOR('',#13491,1.);
#13491 = DIRECTION('',(0.999962194961,-8.69532343444E-03,0.));
#13492 = PCURVE('',#13297,#13493);
#13493 = DEFINITIONAL_REPRESENTATION('',(#13494),#13498);
#13494 = LINE('',#13495,#13496);
#13495 = CARTESIAN_POINT('',(-22.61035604525,-0.410429658831));
#13496 = VECTOR('',#13497,1.);
#13497 = DIRECTION('',(0.999962194961,-8.69532343444E-03));
#13498 = ( GEOMETRIC_REPRESENTATION_CONTEXT(2) 
PARAMETRIC_REPRESENTATION_CONTEXT() REPRESENTATION_CONTEXT('2D SPACE',''
  ) );
#13499 = PCURVE('',#13500,#13505);
#13500 = PLANE('',#13501);
#13501 = AXIS2_PLACEMENT_3D('',#13502,#13503,#13504);
#13502 = CARTESIAN_POINT('',(0.,0.55,0.));
#13503 = DIRECTION('',(8.69532343444E-03,0.999962194961,-0.));
#13504 = DIRECTION('',(0.999962194961,-8.69532343444E-03,0.));
#13505 = DEFINITIONAL_REPRESENTATION('',(#13506),#13510);
#13506 = LINE('',#13507,#13508);
#13507 = CARTESIAN_POINT('',(0.,0.));
#13508 = VECTOR('',#13509,1.);
#13509 = DIRECTION('',(1.,0.));
#13510 = ( GEOMETRIC_REPRESENTATION_CONTEXT(2) 
PARAMETRIC_REPRESENTATION_CONTEXT() REPRESENTATION_CONTEXT('2D SPACE',''
  ) );
#13511 = ORIENTED_EDGE('',*,*,#13512,.T.);
#13512 = EDGE_CURVE('',#13485,#13513,#13515,.T.);
#13513 = VERTEX_POINT('',#13514);
#13514 = CARTESIAN_POINT('',(46.,0.55,0.));
#13515 = SURFACE_CURVE('',#13516,(#13520,#13527),.PCURVE_S1.);
#13516 = LINE('',#13517,#13518);
#13517 = CARTESIAN_POINT('',(46.,0.15,0.));
#13518 = VECTOR('',#13519,1.);
#13519 = DIRECTION('',(0.,1.,0.));
#13520 = PCURVE('',#13297,#13521);
#13521 = DEFINITIONAL_REPRESENTATION('',(#13522),#13526);
#13522 = LINE('',#13523,#13524);
#13523 = CARTESIAN_POINT('',(23.389643954748,-0.810429658831));
#13524 = VECTOR('',#13525,1.);
#13525 = DIRECTION('',(0.,1.));
#13526 = ( GEOMETRIC_REPRESENTATION_CONTEXT(2) 
PARAMETRIC_REPRESENTATION_CONTEXT() REPRESENTATION_CONTEXT('2D SPACE',''
  ) );
#13527 = PCURVE('',#13528,#13533);
#13528 = PLANE('',#13529);
#13529 = AXIS2_PLACEMENT_3D('',#13530,#13531,#13532);
#13530 = CARTESIAN_POINT('',(46.,0.15,0.));
#13531 = DIRECTION('',(-1.,0.,0.));
#13532 = DIRECTION('',(0.,1.,0.));
#13533 = DEFINITIONAL_REPRESENTATION('',(#13534),#13538);
#13534 = LINE('',#13535,#13536);
#13535 = CARTESIAN_POINT('',(0.,0.));
#13536 = VECTOR('',#13537,1.);
#13537 = DIRECTION('',(1.,0.));
#13538 = ( GEOMETRIC_REPRESENTATION_CONTEXT(2) 
PARAMETRIC_REPRESENTATION_CONTEXT() REPRESENTATION_CONTEXT('2D SPACE',''
  ) );
#13539 = ORIENTED_EDGE('',*,*,#13540,.T.);
#13540 = EDGE_CURVE('',#13513,#13541,#13543,.T.);
#13541 = VERTEX_POINT('',#13542);
#13542 = CARTESIAN_POINT('',(5.6,2.30652173913,0.));
#13543 = SURFACE_CURVE('',#13544,(#13548,#13555),.PCURVE_S1.);
#13544 = LINE('',#13545,#13546);
#13545 = CARTESIAN_POINT('',(46.,0.55,0.));
#13546 = VECTOR('',#13547,1.);
#13547 = DIRECTION('',(-0.999056158355,4.343722427631E-02,0.));
#13548 = PCURVE('',#13297,#13549);
#13549 = DEFINITIONAL_REPRESENTATION('',(#13550),#13554);
#13550 = LINE('',#13551,#13552);
#13551 = CARTESIAN_POINT('',(23.389643954748,-0.410429658831));
#13552 = VECTOR('',#13553,1.);
#13553 = DIRECTION('',(-0.999056158355,4.343722427631E-02));
#13554 = ( GEOMETRIC_REPRESENTATION_CONTEXT(2) 
PARAMETRIC_REPRESENTATION_CONTEXT() REPRESENTATION_CONTEXT('2D SPACE',''
  ) );
#13555 = PCURVE('',#13556,#13561);
#13556 = PLANE('',#13557);
#13557 = AXIS2_PLACEMENT_3D('',#13558,#13559,#13560);
#13558 = CARTESIAN_POINT('',(46.,0.55,0.));
#13559 = DIRECTION('',(-4.343722427631E-02,-0.999056158355,0.));
#13560 = DIRECTION('',(-0.999056158355,4.343722427631E-02,0.));
#13561 = DEFINITIONAL_REPRESENTATION('',(#13562),#13566);
#13562 = LINE('',#13563,#13564);
#13563 = CARTESIAN_POINT('',(0.,0.));
#13564 = VECTOR('',#13565,1.);
#13565 = DIRECTION('',(1.,0.));
#13566 = ( GEOMETRIC_REPRESENTATION_CONTEXT(2) 
PARAMETRIC_REPRESENTATION_CONTEXT() REPRESENTATION_CONTEXT('2D SPACE',''
  ) );
#13567 = ORIENTED_EDGE('',*,*,#13568,.T.);
#13568 = EDGE_CURVE('',#13541,#13569,#13571,.T.);
#13569 = VERTEX_POINT('',#13570);
#13570 = CARTESIAN_POINT('',(5.6,3.2,0.));
#13571 = SURFACE_CURVE('',#13572,(#13576,#13583),.PCURVE_S1.);
#13572 = LINE('',#13573,#13574);
#13573 = CARTESIAN_POINT('',(5.6,-3.2,0.));
#13574 = VECTOR('',#13575,1.);
#13575 = DIRECTION('',(0.,1.,0.));
#13576 = PCURVE('',#13297,#13577);
#13577 = DEFINITIONAL_REPRESENTATION('',(#13578),#13582);
#13578 = LINE('',#13579,#13580);
#13579 = CARTESIAN_POINT('',(-17.01035604525,-4.160429658831));
#13580 = VECTOR('',#13581,1.);
#13581 = DIRECTION('',(0.,1.));
#13582 = ( GEOMETRIC_REPRESENTATION_CONTEXT(2) 
PARAMETRIC_REPRESENTATION_CONTEXT() REPRESENTATION_CONTEXT('2D SPACE',''
  ) );
#13583 = PCURVE('',#13365,#13584);
#13584 = DEFINITIONAL_REPRESENTATION('',(#13585),#13589);
#13585 = LINE('',#13586,#13587);
#13586 = CARTESIAN_POINT('',(0.,0.));
#13587 = VECTOR('',#13588,1.);
#13588 = DIRECTION('',(1.,0.));
#13589 = ( GEOMETRIC_REPRESENTATION_CONTEXT(2) 
PARAMETRIC_REPRESENTATION_CONTEXT() REPRESENTATION_CONTEXT('2D SPACE',''
  ) );
#13590 = ORIENTED_EDGE('',*,*,#13591,.T.);
#13591 = EDGE_CURVE('',#13569,#13287,#13592,.T.);
#13592 = SURFACE_CURVE('',#13593,(#13597,#13604),.PCURVE_S1.);
#13593 = LINE('',#13594,#13595);
#13594 = CARTESIAN_POINT('',(5.6,3.2,0.));
#13595 = VECTOR('',#13596,1.);
#13596 = DIRECTION('',(-1.,0.,0.));
#13597 = PCURVE('',#13297,#13598);
#13598 = DEFINITIONAL_REPRESENTATION('',(#13599),#13603);
#13599 = LINE('',#13600,#13601);
#13600 = CARTESIAN_POINT('',(-17.01035604525,2.239570341169));
#13601 = VECTOR('',#13602,1.);
#13602 = DIRECTION('',(-1.,0.));
#13603 = ( GEOMETRIC_REPRESENTATION_CONTEXT(2) 
PARAMETRIC_REPRESENTATION_CONTEXT() REPRESENTATION_CONTEXT('2D SPACE',''
  ) );
#13604 = PCURVE('',#13605,#13610);
#13605 = PLANE('',#13606);
#13606 = AXIS2_PLACEMENT_3D('',#13607,#13608,#13609);
#13607 = CARTESIAN_POINT('',(5.6,3.2,0.));
#13608 = DIRECTION('',(0.,-1.,0.));
#13609 = DIRECTION('',(-1.,0.,0.));
#13610 = DEFINITIONAL_REPRESENTATION('',(#13611),#13615);
#13611 = LINE('',#13612,#13613);
#13612 = CARTESIAN_POINT('',(0.,-0.));
#13613 = VECTOR('',#13614,1.);
#13614 = DIRECTION('',(1.,0.));
#13615 = ( GEOMETRIC_REPRESENTATION_CONTEXT(2) 
PARAMETRIC_REPRESENTATION_CONTEXT() REPRESENTATION_CONTEXT('2D SPACE',''
  ) );
#13616 = ADVANCED_FACE('',(#13617),#13309,.F.);
#13617 = FACE_BOUND('',#13618,.F.);
#13618 = EDGE_LOOP('',(#13619,#13642,#13670,#13691));
#13619 = ORIENTED_EDGE('',*,*,#13620,.T.);
#13620 = EDGE_CURVE('',#13287,#13621,#13623,.T.);
#13621 = VERTEX_POINT('',#13622);
#13622 = CARTESIAN_POINT('',(-0.8,3.2,1.2));
#13623 = SURFACE_CURVE('',#13624,(#13628,#13635),.PCURVE_S1.);
#13624 = LINE('',#13625,#13626);
#13625 = CARTESIAN_POINT('',(-0.8,3.2,0.));
#13626 = VECTOR('',#13627,1.);
#13627 = DIRECTION('',(0.,0.,1.));
#13628 = PCURVE('',#13309,#13629);
#13629 = DEFINITIONAL_REPRESENTATION('',(#13630),#13634);
#13630 = LINE('',#13631,#13632);
#13631 = CARTESIAN_POINT('',(0.,0.));
#13632 = VECTOR('',#13633,1.);
#13633 = DIRECTION('',(0.,-1.));
#13634 = ( GEOMETRIC_REPRESENTATION_CONTEXT(2) 
PARAMETRIC_REPRESENTATION_CONTEXT() REPRESENTATION_CONTEXT('2D SPACE',''
  ) );
#13635 = PCURVE('',#13605,#13636);
#13636 = DEFINITIONAL_REPRESENTATION('',(#13637),#13641);
#13637 = LINE('',#13638,#13639);
#13638 = CARTESIAN_POINT('',(6.4,0.));
#13639 = VECTOR('',#13640,1.);
#13640 = DIRECTION('',(0.,-1.));
#13641 = ( GEOMETRIC_REPRESENTATION_CONTEXT(2) 
PARAMETRIC_REPRESENTATION_CONTEXT() REPRESENTATION_CONTEXT('2D SPACE',''
  ) );
#13642 = ORIENTED_EDGE('',*,*,#13643,.T.);
#13643 = EDGE_CURVE('',#13621,#13644,#13646,.T.);
#13644 = VERTEX_POINT('',#13645);
#13645 = CARTESIAN_POINT('',(-0.8,-3.2,1.2));
#13646 = SURFACE_CURVE('',#13647,(#13651,#13658),.PCURVE_S1.);
#13647 = LINE('',#13648,#13649);
#13648 = CARTESIAN_POINT('',(-0.8,3.2,1.2));
#13649 = VECTOR('',#13650,1.);
#13650 = DIRECTION('',(0.,-1.,0.));
#13651 = PCURVE('',#13309,#13652);
#13652 = DEFINITIONAL_REPRESENTATION('',(#13653),#13657);
#13653 = LINE('',#13654,#13655);
#13654 = CARTESIAN_POINT('',(0.,-1.2));
#13655 = VECTOR('',#13656,1.);
#13656 = DIRECTION('',(1.,0.));
#13657 = ( GEOMETRIC_REPRESENTATION_CONTEXT(2) 
PARAMETRIC_REPRESENTATION_CONTEXT() REPRESENTATION_CONTEXT('2D SPACE',''
  ) );
#13658 = PCURVE('',#13659,#13664);
#13659 = PLANE('',#13660);
#13660 = AXIS2_PLACEMENT_3D('',#13661,#13662,#13663);
#13661 = CARTESIAN_POINT('',(2.4,0.,1.2));
#13662 = DIRECTION('',(0.,0.,1.));
#13663 = DIRECTION('',(1.,0.,-0.));
#13664 = DEFINITIONAL_REPRESENTATION('',(#13665),#13669);
#13665 = LINE('',#13666,#13667);
#13666 = CARTESIAN_POINT('',(-3.2,3.2));
#13667 = VECTOR('',#13668,1.);
#13668 = DIRECTION('',(0.,-1.));
#13669 = ( GEOMETRIC_REPRESENTATION_CONTEXT(2) 
PARAMETRIC_REPRESENTATION_CONTEXT() REPRESENTATION_CONTEXT('2D SPACE',''
  ) );
#13670 = ORIENTED_EDGE('',*,*,#13671,.F.);
#13671 = EDGE_CURVE('',#13289,#13644,#13672,.T.);
#13672 = SURFACE_CURVE('',#13673,(#13677,#13684),.PCURVE_S1.);
#13673 = LINE('',#13674,#13675);
#13674 = CARTESIAN_POINT('',(-0.8,-3.2,0.));
#13675 = VECTOR('',#13676,1.);
#13676 = DIRECTION('',(0.,0.,1.));
#13677 = PCURVE('',#13309,#13678);
#13678 = DEFINITIONAL_REPRESENTATION('',(#13679),#13683);
#13679 = LINE('',#13680,#13681);
#13680 = CARTESIAN_POINT('',(6.4,0.));
#13681 = VECTOR('',#13682,1.);
#13682 = DIRECTION('',(0.,-1.));
#13683 = ( GEOMETRIC_REPRESENTATION_CONTEXT(2) 
PARAMETRIC_REPRESENTATION_CONTEXT() REPRESENTATION_CONTEXT('2D SPACE',''
  ) );
#13684 = PCURVE('',#13337,#13685);
#13685 = DEFINITIONAL_REPRESENTATION('',(#13686),#13690);
#13686 = LINE('',#13687,#13688);
#13687 = CARTESIAN_POINT('',(0.,0.));
#13688 = VECTOR('',#13689,1.);
#13689 = DIRECTION('',(0.,-1.));
#13690 = ( GEOMETRIC_REPRESENTATION_CONTEXT(2) 
PARAMETRIC_REPRESENTATION_CONTEXT() REPRESENTATION_CONTEXT('2D SPACE',''
  ) );
#13691 = ORIENTED_EDGE('',*,*,#13286,.F.);
#13692 = ADVANCED_FACE('',(#13693),#13605,.F.);
#13693 = FACE_BOUND('',#13694,.F.);
#13694 = EDGE_LOOP('',(#13695,#13718,#13739,#13740));
#13695 = ORIENTED_EDGE('',*,*,#13696,.T.);
#13696 = EDGE_CURVE('',#13569,#13697,#13699,.T.);
#13697 = VERTEX_POINT('',#13698);
#13698 = CARTESIAN_POINT('',(5.6,3.2,1.2));
#13699 = SURFACE_CURVE('',#13700,(#13704,#13711),.PCURVE_S1.);
#13700 = LINE('',#13701,#13702);
#13701 = CARTESIAN_POINT('',(5.6,3.2,0.));
#13702 = VECTOR('',#13703,1.);
#13703 = DIRECTION('',(0.,0.,1.));
#13704 = PCURVE('',#13605,#13705);
#13705 = DEFINITIONAL_REPRESENTATION('',(#13706),#13710);
#13706 = LINE('',#13707,#13708);
#13707 = CARTESIAN_POINT('',(0.,-0.));
#13708 = VECTOR('',#13709,1.);
#13709 = DIRECTION('',(0.,-1.));
#13710 = ( GEOMETRIC_REPRESENTATION_CONTEXT(2) 
PARAMETRIC_REPRESENTATION_CONTEXT() REPRESENTATION_CONTEXT('2D SPACE',''
  ) );
#13711 = PCURVE('',#13365,#13712);
#13712 = DEFINITIONAL_REPRESENTATION('',(#13713),#13717);
#13713 = LINE('',#13714,#13715);
#13714 = CARTESIAN_POINT('',(6.4,0.));
#13715 = VECTOR('',#13716,1.);
#13716 = DIRECTION('',(0.,-1.));
#13717 = ( GEOMETRIC_REPRESENTATION_CONTEXT(2) 
PARAMETRIC_REPRESENTATION_CONTEXT() REPRESENTATION_CONTEXT('2D SPACE',''
  ) );
#13718 = ORIENTED_EDGE('',*,*,#13719,.T.);
#13719 = EDGE_CURVE('',#13697,#13621,#13720,.T.);
#13720 = SURFACE_CURVE('',#13721,(#13725,#13732),.PCURVE_S1.);
#13721 = LINE('',#13722,#13723);
#13722 = CARTESIAN_POINT('',(5.6,3.2,1.2));
#13723 = VECTOR('',#13724,1.);
#13724 = DIRECTION('',(-1.,0.,0.));
#13725 = PCURVE('',#13605,#13726);
#13726 = DEFINITIONAL_REPRESENTATION('',(#13727),#13731);
#13727 = LINE('',#13728,#13729);
#13728 = CARTESIAN_POINT('',(0.,-1.2));
#13729 = VECTOR('',#13730,1.);
#13730 = DIRECTION('',(1.,0.));
#13731 = ( GEOMETRIC_REPRESENTATION_CONTEXT(2) 
PARAMETRIC_REPRESENTATION_CONTEXT() REPRESENTATION_CONTEXT('2D SPACE',''
  ) );
#13732 = PCURVE('',#13659,#13733);
#13733 = DEFINITIONAL_REPRESENTATION('',(#13734),#13738);
#13734 = LINE('',#13735,#13736);
#13735 = CARTESIAN_POINT('',(3.2,3.2));
#13736 = VECTOR('',#13737,1.);
#13737 = DIRECTION('',(-1.,0.));
#13738 = ( GEOMETRIC_REPRESENTATION_CONTEXT(2) 
PARAMETRIC_REPRESENTATION_CONTEXT() REPRESENTATION_CONTEXT('2D SPACE',''
  ) );
#13739 = ORIENTED_EDGE('',*,*,#13620,.F.);
#13740 = ORIENTED_EDGE('',*,*,#13591,.F.);
#13741 = ADVANCED_FACE('',(#13742),#13365,.F.);
#13742 = FACE_BOUND('',#13743,.F.);
#13743 = EDGE_LOOP('',(#13744,#13745,#13768,#13789,#13790,#13791,#13812,
    #13838,#13857,#13858,#13879,#13905));
#13744 = ORIENTED_EDGE('',*,*,#13349,.F.);
#13745 = ORIENTED_EDGE('',*,*,#13746,.T.);
#13746 = EDGE_CURVE('',#13322,#13747,#13749,.T.);
#13747 = VERTEX_POINT('',#13748);
#13748 = CARTESIAN_POINT('',(5.6,-3.2,1.2));
#13749 = SURFACE_CURVE('',#13750,(#13754,#13761),.PCURVE_S1.);
#13750 = LINE('',#13751,#13752);
#13751 = CARTESIAN_POINT('',(5.6,-3.2,0.));
#13752 = VECTOR('',#13753,1.);
#13753 = DIRECTION('',(0.,0.,1.));
#13754 = PCURVE('',#13365,#13755);
#13755 = DEFINITIONAL_REPRESENTATION('',(#13756),#13760);
#13756 = LINE('',#13757,#13758);
#13757 = CARTESIAN_POINT('',(0.,0.));
#13758 = VECTOR('',#13759,1.);
#13759 = DIRECTION('',(0.,-1.));
#13760 = ( GEOMETRIC_REPRESENTATION_CONTEXT(2) 
PARAMETRIC_REPRESENTATION_CONTEXT() REPRESENTATION_CONTEXT('2D SPACE',''
  ) );
#13761 = PCURVE('',#13337,#13762);
#13762 = DEFINITIONAL_REPRESENTATION('',(#13763),#13767);
#13763 = LINE('',#13764,#13765);
#13764 = CARTESIAN_POINT('',(6.4,0.));
#13765 = VECTOR('',#13766,1.);
#13766 = DIRECTION('',(0.,-1.));
#13767 = ( GEOMETRIC_REPRESENTATION_CONTEXT(2) 
PARAMETRIC_REPRESENTATION_CONTEXT() REPRESENTATION_CONTEXT('2D SPACE',''
  ) );
#13768 = ORIENTED_EDGE('',*,*,#13769,.T.);
#13769 = EDGE_CURVE('',#13747,#13697,#13770,.T.);
#13770 = SURFACE_CURVE('',#13771,(#13775,#13782),.PCURVE_S1.);
#13771 = LINE('',#13772,#13773);
#13772 = CARTESIAN_POINT('',(5.6,-3.2,1.2));
#13773 = VECTOR('',#13774,1.);
#13774 = DIRECTION('',(0.,1.,0.));
#13775 = PCURVE('',#13365,#13776);
#13776 = DEFINITIONAL_REPRESENTATION('',(#13777),#13781);
#13777 = LINE('',#13778,#13779);
#13778 = CARTESIAN_POINT('',(0.,-1.2));
#13779 = VECTOR('',#13780,1.);
#13780 = DIRECTION('',(1.,0.));
#13781 = ( GEOMETRIC_REPRESENTATION_CONTEXT(2) 
PARAMETRIC_REPRESENTATION_CONTEXT() REPRESENTATION_CONTEXT('2D SPACE',''
  ) );
#13782 = PCURVE('',#13659,#13783);
#13783 = DEFINITIONAL_REPRESENTATION('',(#13784),#13788);
#13784 = LINE('',#13785,#13786);
#13785 = CARTESIAN_POINT('',(3.2,-3.2));
#13786 = VECTOR('',#13787,1.);
#13787 = DIRECTION('',(0.,1.));
#13788 = ( GEOMETRIC_REPRESENTATION_CONTEXT(2) 
PARAMETRIC_REPRESENTATION_CONTEXT() REPRESENTATION_CONTEXT('2D SPACE',''
  ) );
#13789 = ORIENTED_EDGE('',*,*,#13696,.F.);
#13790 = ORIENTED_EDGE('',*,*,#13568,.F.);
#13791 = ORIENTED_EDGE('',*,*,#13792,.F.);
#13792 = EDGE_CURVE('',#13793,#13541,#13795,.T.);
#13793 = VERTEX_POINT('',#13794);
#13794 = CARTESIAN_POINT('',(5.6,2.30652173913,1.1));
#13795 = SURFACE_CURVE('',#13796,(#13800,#13806),.PCURVE_S1.);
#13796 = LINE('',#13797,#13798);
#13797 = CARTESIAN_POINT('',(5.6,2.30652173913,0.));
#13798 = VECTOR('',#13799,1.);
#13799 = DIRECTION('',(-0.,0.,-1.));
#13800 = PCURVE('',#13365,#13801);
#13801 = DEFINITIONAL_REPRESENTATION('',(#13802),#13805);
#13802 = B_SPLINE_CURVE_WITH_KNOTS('',1,(#13803,#13804),.UNSPECIFIED.,
  .F.,.F.,(2,2),(-1.1,0.),.PIECEWISE_BEZIER_KNOTS.);
#13803 = CARTESIAN_POINT('',(5.50652173913,-1.1));
#13804 = CARTESIAN_POINT('',(5.50652173913,0.));
#13805 = ( GEOMETRIC_REPRESENTATION_CONTEXT(2) 
PARAMETRIC_REPRESENTATION_CONTEXT() REPRESENTATION_CONTEXT('2D SPACE',''
  ) );
#13806 = PCURVE('',#13556,#13807);
#13807 = DEFINITIONAL_REPRESENTATION('',(#13808),#13811);
#13808 = B_SPLINE_CURVE_WITH_KNOTS('',1,(#13809,#13810),.UNSPECIFIED.,
  .F.,.F.,(2,2),(-1.1,0.),.PIECEWISE_BEZIER_KNOTS.);
#13809 = CARTESIAN_POINT('',(40.438167226273,-1.1));
#13810 = CARTESIAN_POINT('',(40.438167226273,0.));
#13811 = ( GEOMETRIC_REPRESENTATION_CONTEXT(2) 
PARAMETRIC_REPRESENTATION_CONTEXT() REPRESENTATION_CONTEXT('2D SPACE',''
  ) );
#13812 = ORIENTED_EDGE('',*,*,#13813,.T.);
#13813 = EDGE_CURVE('',#13793,#13814,#13816,.T.);
#13814 = VERTEX_POINT('',#13815);
#13815 = CARTESIAN_POINT('',(5.6,0.501304347826,1.1));
#13816 = SURFACE_CURVE('',#13817,(#13821,#13827),.PCURVE_S1.);
#13817 = LINE('',#13818,#13819);
#13818 = CARTESIAN_POINT('',(5.6,-1.119785170584,1.1));
#13819 = VECTOR('',#13820,1.);
#13820 = DIRECTION('',(0.,-1.,0.));
#13821 = PCURVE('',#13365,#13822);
#13822 = DEFINITIONAL_REPRESENTATION('',(#13823),#13826);
#13823 = B_SPLINE_CURVE_WITH_KNOTS('',1,(#13824,#13825),.UNSPECIFIED.,
  .F.,.F.,(2,2),(-3.669785170584,-1.269785170584),
  .PIECEWISE_BEZIER_KNOTS.);
#13824 = CARTESIAN_POINT('',(5.75,-1.1));
#13825 = CARTESIAN_POINT('',(3.35,-1.1));
#13826 = ( GEOMETRIC_REPRESENTATION_CONTEXT(2) 
PARAMETRIC_REPRESENTATION_CONTEXT() REPRESENTATION_CONTEXT('2D SPACE',''
  ) );
#13827 = PCURVE('',#13828,#13833);
#13828 = PLANE('',#13829);
#13829 = AXIS2_PLACEMENT_3D('',#13830,#13831,#13832);
#13830 = CARTESIAN_POINT('',(22.610356045252,0.960429658831,1.1));
#13831 = DIRECTION('',(0.,0.,1.));
#13832 = DIRECTION('',(1.,0.,-0.));
#13833 = DEFINITIONAL_REPRESENTATION('',(#13834),#13837);
#13834 = B_SPLINE_CURVE_WITH_KNOTS('',1,(#13835,#13836),.UNSPECIFIED.,
  .F.,.F.,(2,2),(-3.669785170584,-1.269785170584),
  .PIECEWISE_BEZIER_KNOTS.);
#13835 = CARTESIAN_POINT('',(-17.01035604525,1.589570341169));
#13836 = CARTESIAN_POINT('',(-17.01035604525,-0.810429658831));
#13837 = ( GEOMETRIC_REPRESENTATION_CONTEXT(2) 
PARAMETRIC_REPRESENTATION_CONTEXT() REPRESENTATION_CONTEXT('2D SPACE',''
  ) );
#13838 = ORIENTED_EDGE('',*,*,#13839,.F.);
#13839 = EDGE_CURVE('',#13462,#13814,#13840,.T.);
#13840 = SURFACE_CURVE('',#13841,(#13845,#13851),.PCURVE_S1.);
#13841 = LINE('',#13842,#13843);
#13842 = CARTESIAN_POINT('',(5.6,0.501304347826,0.));
#13843 = VECTOR('',#13844,1.);
#13844 = DIRECTION('',(0.,0.,1.));
#13845 = PCURVE('',#13365,#13846);
#13846 = DEFINITIONAL_REPRESENTATION('',(#13847),#13850);
#13847 = B_SPLINE_CURVE_WITH_KNOTS('',1,(#13848,#13849),.UNSPECIFIED.,
  .F.,.F.,(2,2),(0.,1.1),.PIECEWISE_BEZIER_KNOTS.);
#13848 = CARTESIAN_POINT('',(3.701304347826,0.));
#13849 = CARTESIAN_POINT('',(3.701304347826,-1.1));
#13850 = ( GEOMETRIC_REPRESENTATION_CONTEXT(2) 
PARAMETRIC_REPRESENTATION_CONTEXT() REPRESENTATION_CONTEXT('2D SPACE',''
  ) );
#13851 = PCURVE('',#13500,#13852);
#13852 = DEFINITIONAL_REPRESENTATION('',(#13853),#13856);
#13853 = B_SPLINE_CURVE_WITH_KNOTS('',1,(#13854,#13855),.UNSPECIFIED.,
  .F.,.F.,(2,2),(0.,1.1),.PIECEWISE_BEZIER_KNOTS.);
#13854 = CARTESIAN_POINT('',(5.600211716225,0.));
#13855 = CARTESIAN_POINT('',(5.600211716225,-1.1));
#13856 = ( GEOMETRIC_REPRESENTATION_CONTEXT(2) 
PARAMETRIC_REPRESENTATION_CONTEXT() REPRESENTATION_CONTEXT('2D SPACE',''
  ) );
#13857 = ORIENTED_EDGE('',*,*,#13461,.F.);
#13858 = ORIENTED_EDGE('',*,*,#13859,.T.);
#13859 = EDGE_CURVE('',#13434,#13860,#13862,.T.);
#13860 = VERTEX_POINT('',#13861);
#13861 = CARTESIAN_POINT('',(5.6,-0.501304347826,1.1));
#13862 = SURFACE_CURVE('',#13863,(#13867,#13873),.PCURVE_S1.);
#13863 = LINE('',#13864,#13865);
#13864 = CARTESIAN_POINT('',(5.6,-0.501304347826,0.));
#13865 = VECTOR('',#13866,1.);
#13866 = DIRECTION('',(0.,0.,1.));
#13867 = PCURVE('',#13365,#13868);
#13868 = DEFINITIONAL_REPRESENTATION('',(#13869),#13872);
#13869 = B_SPLINE_CURVE_WITH_KNOTS('',1,(#13870,#13871),.UNSPECIFIED.,
  .F.,.F.,(2,2),(0.,1.1),.PIECEWISE_BEZIER_KNOTS.);
#13870 = CARTESIAN_POINT('',(2.698695652174,0.));
#13871 = CARTESIAN_POINT('',(2.698695652174,-1.1));
#13872 = ( GEOMETRIC_REPRESENTATION_CONTEXT(2) 
PARAMETRIC_REPRESENTATION_CONTEXT() REPRESENTATION_CONTEXT('2D SPACE',''
  ) );
#13873 = PCURVE('',#13449,#13874);
#13874 = DEFINITIONAL_REPRESENTATION('',(#13875),#13878);
#13875 = B_SPLINE_CURVE_WITH_KNOTS('',1,(#13876,#13877),.UNSPECIFIED.,
  .F.,.F.,(2,2),(0.,1.1),.PIECEWISE_BEZIER_KNOTS.);
#13876 = CARTESIAN_POINT('',(5.600211716225,0.));
#13877 = CARTESIAN_POINT('',(5.600211716225,-1.1));
#13878 = ( GEOMETRIC_REPRESENTATION_CONTEXT(2) 
PARAMETRIC_REPRESENTATION_CONTEXT() REPRESENTATION_CONTEXT('2D SPACE',''
  ) );
#13879 = ORIENTED_EDGE('',*,*,#13880,.F.);
#13880 = EDGE_CURVE('',#13881,#13860,#13883,.T.);
#13881 = VERTEX_POINT('',#13882);
#13882 = CARTESIAN_POINT('',(5.6,-2.30652173913,1.1));
#13883 = SURFACE_CURVE('',#13884,(#13888,#13894),.PCURVE_S1.);
#13884 = LINE('',#13885,#13886);
#13885 = CARTESIAN_POINT('',(5.6,-2.080214829416,1.1));
#13886 = VECTOR('',#13887,1.);
#13887 = DIRECTION('',(0.,1.,-0.));
#13888 = PCURVE('',#13365,#13889);
#13889 = DEFINITIONAL_REPRESENTATION('',(#13890),#13893);
#13890 = B_SPLINE_CURVE_WITH_KNOTS('',1,(#13891,#13892),.UNSPECIFIED.,
  .F.,.F.,(2,2),(-0.469785170584,1.930214829416),
  .PIECEWISE_BEZIER_KNOTS.);
#13891 = CARTESIAN_POINT('',(0.65,-1.1));
#13892 = CARTESIAN_POINT('',(3.05,-1.1));
#13893 = ( GEOMETRIC_REPRESENTATION_CONTEXT(2) 
PARAMETRIC_REPRESENTATION_CONTEXT() REPRESENTATION_CONTEXT('2D SPACE',''
  ) );
#13894 = PCURVE('',#13895,#13900);
#13895 = PLANE('',#13896);
#13896 = AXIS2_PLACEMENT_3D('',#13897,#13898,#13899);
#13897 = CARTESIAN_POINT('',(22.610356045252,-0.960429658831,1.1));
#13898 = DIRECTION('',(-0.,-0.,-1.));
#13899 = DIRECTION('',(-1.,0.,0.));
#13900 = DEFINITIONAL_REPRESENTATION('',(#13901),#13904);
#13901 = B_SPLINE_CURVE_WITH_KNOTS('',1,(#13902,#13903),.UNSPECIFIED.,
  .F.,.F.,(2,2),(-0.469785170584,1.930214829416),
  .PIECEWISE_BEZIER_KNOTS.);
#13902 = CARTESIAN_POINT('',(17.010356045252,-1.589570341169));
#13903 = CARTESIAN_POINT('',(17.010356045252,0.810429658831));
#13904 = ( GEOMETRIC_REPRESENTATION_CONTEXT(2) 
PARAMETRIC_REPRESENTATION_CONTEXT() REPRESENTATION_CONTEXT('2D SPACE',''
  ) );
#13905 = ORIENTED_EDGE('',*,*,#13906,.T.);
#13906 = EDGE_CURVE('',#13881,#13350,#13907,.T.);
#13907 = SURFACE_CURVE('',#13908,(#13912,#13918),.PCURVE_S1.);
#13908 = LINE('',#13909,#13910);
#13909 = CARTESIAN_POINT('',(5.6,-2.30652173913,0.));
#13910 = VECTOR('',#13911,1.);
#13911 = DIRECTION('',(-0.,-0.,-1.));
#13912 = PCURVE('',#13365,#13913);
#13913 = DEFINITIONAL_REPRESENTATION('',(#13914),#13917);
#13914 = B_SPLINE_CURVE_WITH_KNOTS('',1,(#13915,#13916),.UNSPECIFIED.,
  .F.,.F.,(2,2),(-1.1,0.),.PIECEWISE_BEZIER_KNOTS.);
#13915 = CARTESIAN_POINT('',(0.89347826087,-1.1));
#13916 = CARTESIAN_POINT('',(0.89347826087,0.));
#13917 = ( GEOMETRIC_REPRESENTATION_CONTEXT(2) 
PARAMETRIC_REPRESENTATION_CONTEXT() REPRESENTATION_CONTEXT('2D SPACE',''
  ) );
#13918 = PCURVE('',#13393,#13919);
#13919 = DEFINITIONAL_REPRESENTATION('',(#13920),#13923);
#13920 = B_SPLINE_CURVE_WITH_KNOTS('',1,(#13921,#13922),.UNSPECIFIED.,
  .F.,.F.,(2,2),(-1.1,0.),.PIECEWISE_BEZIER_KNOTS.);
#13921 = CARTESIAN_POINT('',(40.438167226273,-1.1));
#13922 = CARTESIAN_POINT('',(40.438167226273,0.));
#13923 = ( GEOMETRIC_REPRESENTATION_CONTEXT(2) 
PARAMETRIC_REPRESENTATION_CONTEXT() REPRESENTATION_CONTEXT('2D SPACE',''
  ) );
#13924 = ADVANCED_FACE('',(#13925),#13337,.F.);
#13925 = FACE_BOUND('',#13926,.F.);
#13926 = EDGE_LOOP('',(#13927,#13928,#13949,#13950));
#13927 = ORIENTED_EDGE('',*,*,#13671,.T.);
#13928 = ORIENTED_EDGE('',*,*,#13929,.T.);
#13929 = EDGE_CURVE('',#13644,#13747,#13930,.T.);
#13930 = SURFACE_CURVE('',#13931,(#13935,#13942),.PCURVE_S1.);
#13931 = LINE('',#13932,#13933);
#13932 = CARTESIAN_POINT('',(-0.8,-3.2,1.2));
#13933 = VECTOR('',#13934,1.);
#13934 = DIRECTION('',(1.,0.,0.));
#13935 = PCURVE('',#13337,#13936);
#13936 = DEFINITIONAL_REPRESENTATION('',(#13937),#13941);
#13937 = LINE('',#13938,#13939);
#13938 = CARTESIAN_POINT('',(0.,-1.2));
#13939 = VECTOR('',#13940,1.);
#13940 = DIRECTION('',(1.,0.));
#13941 = ( GEOMETRIC_REPRESENTATION_CONTEXT(2) 
PARAMETRIC_REPRESENTATION_CONTEXT() REPRESENTATION_CONTEXT('2D SPACE',''
  ) );
#13942 = PCURVE('',#13659,#13943);
#13943 = DEFINITIONAL_REPRESENTATION('',(#13944),#13948);
#13944 = LINE('',#13945,#13946);
#13945 = CARTESIAN_POINT('',(-3.2,-3.2));
#13946 = VECTOR('',#13947,1.);
#13947 = DIRECTION('',(1.,0.));
#13948 = ( GEOMETRIC_REPRESENTATION_CONTEXT(2) 
PARAMETRIC_REPRESENTATION_CONTEXT() REPRESENTATION_CONTEXT('2D SPACE',''
  ) );
#13949 = ORIENTED_EDGE('',*,*,#13746,.F.);
#13950 = ORIENTED_EDGE('',*,*,#13321,.F.);
#13951 = ADVANCED_FACE('',(#13952),#13556,.F.);
#13952 = FACE_BOUND('',#13953,.F.);
#13953 = EDGE_LOOP('',(#13954,#13955,#13978,#13999));
#13954 = ORIENTED_EDGE('',*,*,#13540,.F.);
#13955 = ORIENTED_EDGE('',*,*,#13956,.T.);
#13956 = EDGE_CURVE('',#13513,#13957,#13959,.T.);
#13957 = VERTEX_POINT('',#13958);
#13958 = CARTESIAN_POINT('',(46.,0.55,1.1));
#13959 = SURFACE_CURVE('',#13960,(#13964,#13971),.PCURVE_S1.);
#13960 = LINE('',#13961,#13962);
#13961 = CARTESIAN_POINT('',(46.,0.55,0.));
#13962 = VECTOR('',#13963,1.);
#13963 = DIRECTION('',(0.,0.,1.));
#13964 = PCURVE('',#13556,#13965);
#13965 = DEFINITIONAL_REPRESENTATION('',(#13966),#13970);
#13966 = LINE('',#13967,#13968);
#13967 = CARTESIAN_POINT('',(0.,0.));
#13968 = VECTOR('',#13969,1.);
#13969 = DIRECTION('',(0.,-1.));
#13970 = ( GEOMETRIC_REPRESENTATION_CONTEXT(2) 
PARAMETRIC_REPRESENTATION_CONTEXT() REPRESENTATION_CONTEXT('2D SPACE',''
  ) );
#13971 = PCURVE('',#13528,#13972);
#13972 = DEFINITIONAL_REPRESENTATION('',(#13973),#13977);
#13973 = LINE('',#13974,#13975);
#13974 = CARTESIAN_POINT('',(0.4,0.));
#13975 = VECTOR('',#13976,1.);
#13976 = DIRECTION('',(0.,-1.));
#13977 = ( GEOMETRIC_REPRESENTATION_CONTEXT(2) 
PARAMETRIC_REPRESENTATION_CONTEXT() REPRESENTATION_CONTEXT('2D SPACE',''
  ) );
#13978 = ORIENTED_EDGE('',*,*,#13979,.T.);
#13979 = EDGE_CURVE('',#13957,#13793,#13980,.T.);
#13980 = SURFACE_CURVE('',#13981,(#13985,#13992),.PCURVE_S1.);
#13981 = LINE('',#13982,#13983);
#13982 = CARTESIAN_POINT('',(46.,0.55,1.1));
#13983 = VECTOR('',#13984,1.);
#13984 = DIRECTION('',(-0.999056158355,4.343722427631E-02,0.));
#13985 = PCURVE('',#13556,#13986);
#13986 = DEFINITIONAL_REPRESENTATION('',(#13987),#13991);
#13987 = LINE('',#13988,#13989);
#13988 = CARTESIAN_POINT('',(0.,-1.1));
#13989 = VECTOR('',#13990,1.);
#13990 = DIRECTION('',(1.,0.));
#13991 = ( GEOMETRIC_REPRESENTATION_CONTEXT(2) 
PARAMETRIC_REPRESENTATION_CONTEXT() REPRESENTATION_CONTEXT('2D SPACE',''
  ) );
#13992 = PCURVE('',#13828,#13993);
#13993 = DEFINITIONAL_REPRESENTATION('',(#13994),#13998);
#13994 = LINE('',#13995,#13996);
#13995 = CARTESIAN_POINT('',(23.389643954748,-0.410429658831));
#13996 = VECTOR('',#13997,1.);
#13997 = DIRECTION('',(-0.999056158355,4.343722427631E-02));
#13998 = ( GEOMETRIC_REPRESENTATION_CONTEXT(2) 
PARAMETRIC_REPRESENTATION_CONTEXT() REPRESENTATION_CONTEXT('2D SPACE',''
  ) );
#13999 = ORIENTED_EDGE('',*,*,#13792,.T.);
#14000 = ADVANCED_FACE('',(#14001),#13528,.F.);
#14001 = FACE_BOUND('',#14002,.F.);
#14002 = EDGE_LOOP('',(#14003,#14026,#14047,#14048));
#14003 = ORIENTED_EDGE('',*,*,#14004,.T.);
#14004 = EDGE_CURVE('',#13485,#14005,#14007,.T.);
#14005 = VERTEX_POINT('',#14006);
#14006 = CARTESIAN_POINT('',(46.,0.15,1.1));
#14007 = SURFACE_CURVE('',#14008,(#14012,#14019),.PCURVE_S1.);
#14008 = LINE('',#14009,#14010);
#14009 = CARTESIAN_POINT('',(46.,0.15,0.));
#14010 = VECTOR('',#14011,1.);
#14011 = DIRECTION('',(0.,0.,1.));
#14012 = PCURVE('',#13528,#14013);
#14013 = DEFINITIONAL_REPRESENTATION('',(#14014),#14018);
#14014 = LINE('',#14015,#14016);
#14015 = CARTESIAN_POINT('',(0.,0.));
#14016 = VECTOR('',#14017,1.);
#14017 = DIRECTION('',(0.,-1.));
#14018 = ( GEOMETRIC_REPRESENTATION_CONTEXT(2) 
PARAMETRIC_REPRESENTATION_CONTEXT() REPRESENTATION_CONTEXT('2D SPACE',''
  ) );
#14019 = PCURVE('',#13500,#14020);
#14020 = DEFINITIONAL_REPRESENTATION('',(#14021),#14025);
#14021 = LINE('',#14022,#14023);
#14022 = CARTESIAN_POINT('',(46.00173909756,0.));
#14023 = VECTOR('',#14024,1.);
#14024 = DIRECTION('',(0.,-1.));
#14025 = ( GEOMETRIC_REPRESENTATION_CONTEXT(2) 
PARAMETRIC_REPRESENTATION_CONTEXT() REPRESENTATION_CONTEXT('2D SPACE',''
  ) );
#14026 = ORIENTED_EDGE('',*,*,#14027,.T.);
#14027 = EDGE_CURVE('',#14005,#13957,#14028,.T.);
#14028 = SURFACE_CURVE('',#14029,(#14033,#14040),.PCURVE_S1.);
#14029 = LINE('',#14030,#14031);
#14030 = CARTESIAN_POINT('',(46.,0.15,1.1));
#14031 = VECTOR('',#14032,1.);
#14032 = DIRECTION('',(0.,1.,0.));
#14033 = PCURVE('',#13528,#14034);
#14034 = DEFINITIONAL_REPRESENTATION('',(#14035),#14039);
#14035 = LINE('',#14036,#14037);
#14036 = CARTESIAN_POINT('',(0.,-1.1));
#14037 = VECTOR('',#14038,1.);
#14038 = DIRECTION('',(1.,0.));
#14039 = ( GEOMETRIC_REPRESENTATION_CONTEXT(2) 
PARAMETRIC_REPRESENTATION_CONTEXT() REPRESENTATION_CONTEXT('2D SPACE',''
  ) );
#14040 = PCURVE('',#13828,#14041);
#14041 = DEFINITIONAL_REPRESENTATION('',(#14042),#14046);
#14042 = LINE('',#14043,#14044);
#14043 = CARTESIAN_POINT('',(23.389643954748,-0.810429658831));
#14044 = VECTOR('',#14045,1.);
#14045 = DIRECTION('',(0.,1.));
#14046 = ( GEOMETRIC_REPRESENTATION_CONTEXT(2) 
PARAMETRIC_REPRESENTATION_CONTEXT() REPRESENTATION_CONTEXT('2D SPACE',''
  ) );
#14047 = ORIENTED_EDGE('',*,*,#13956,.F.);
#14048 = ORIENTED_EDGE('',*,*,#13512,.F.);
#14049 = ADVANCED_FACE('',(#14050),#13500,.F.);
#14050 = FACE_BOUND('',#14051,.F.);
#14051 = EDGE_LOOP('',(#14052,#14053,#14054,#14075));
#14052 = ORIENTED_EDGE('',*,*,#13484,.F.);
#14053 = ORIENTED_EDGE('',*,*,#13839,.T.);
#14054 = ORIENTED_EDGE('',*,*,#14055,.T.);
#14055 = EDGE_CURVE('',#13814,#14005,#14056,.T.);
#14056 = SURFACE_CURVE('',#14057,(#14061,#14068),.PCURVE_S1.);
#14057 = LINE('',#14058,#14059);
#14058 = CARTESIAN_POINT('',(0.,0.55,1.1));
#14059 = VECTOR('',#14060,1.);
#14060 = DIRECTION('',(0.999962194961,-8.69532343444E-03,0.));
#14061 = PCURVE('',#13500,#14062);
#14062 = DEFINITIONAL_REPRESENTATION('',(#14063),#14067);
#14063 = LINE('',#14064,#14065);
#14064 = CARTESIAN_POINT('',(0.,-1.1));
#14065 = VECTOR('',#14066,1.);
#14066 = DIRECTION('',(1.,0.));
#14067 = ( GEOMETRIC_REPRESENTATION_CONTEXT(2) 
PARAMETRIC_REPRESENTATION_CONTEXT() REPRESENTATION_CONTEXT('2D SPACE',''
  ) );
#14068 = PCURVE('',#13828,#14069);
#14069 = DEFINITIONAL_REPRESENTATION('',(#14070),#14074);
#14070 = LINE('',#14071,#14072);
#14071 = CARTESIAN_POINT('',(-22.61035604525,-0.410429658831));
#14072 = VECTOR('',#14073,1.);
#14073 = DIRECTION('',(0.999962194961,-8.69532343444E-03));
#14074 = ( GEOMETRIC_REPRESENTATION_CONTEXT(2) 
PARAMETRIC_REPRESENTATION_CONTEXT() REPRESENTATION_CONTEXT('2D SPACE',''
  ) );
#14075 = ORIENTED_EDGE('',*,*,#14004,.F.);
#14076 = ADVANCED_FACE('',(#14077),#13659,.T.);
#14077 = FACE_BOUND('',#14078,.T.);
#14078 = EDGE_LOOP('',(#14079,#14080,#14081,#14082));
#14079 = ORIENTED_EDGE('',*,*,#13929,.T.);
#14080 = ORIENTED_EDGE('',*,*,#13769,.T.);
#14081 = ORIENTED_EDGE('',*,*,#13719,.T.);
#14082 = ORIENTED_EDGE('',*,*,#13643,.T.);
#14083 = ADVANCED_FACE('',(#14084),#13393,.T.);
#14084 = FACE_BOUND('',#14085,.T.);
#14085 = EDGE_LOOP('',(#14086,#14087,#14110,#14131));
#14086 = ORIENTED_EDGE('',*,*,#13377,.F.);
#14087 = ORIENTED_EDGE('',*,*,#14088,.T.);
#14088 = EDGE_CURVE('',#13378,#14089,#14091,.T.);
#14089 = VERTEX_POINT('',#14090);
#14090 = CARTESIAN_POINT('',(46.,-0.55,1.1));
#14091 = SURFACE_CURVE('',#14092,(#14096,#14103),.PCURVE_S1.);
#14092 = LINE('',#14093,#14094);
#14093 = CARTESIAN_POINT('',(46.,-0.55,0.));
#14094 = VECTOR('',#14095,1.);
#14095 = DIRECTION('',(0.,0.,1.));
#14096 = PCURVE('',#13393,#14097);
#14097 = DEFINITIONAL_REPRESENTATION('',(#14098),#14102);
#14098 = LINE('',#14099,#14100);
#14099 = CARTESIAN_POINT('',(0.,0.));
#14100 = VECTOR('',#14101,1.);
#14101 = DIRECTION('',(0.,-1.));
#14102 = ( GEOMETRIC_REPRESENTATION_CONTEXT(2) 
PARAMETRIC_REPRESENTATION_CONTEXT() REPRESENTATION_CONTEXT('2D SPACE',''
  ) );
#14103 = PCURVE('',#13421,#14104);
#14104 = DEFINITIONAL_REPRESENTATION('',(#14105),#14109);
#14105 = LINE('',#14106,#14107);
#14106 = CARTESIAN_POINT('',(0.4,0.));
#14107 = VECTOR('',#14108,1.);
#14108 = DIRECTION('',(0.,-1.));
#14109 = ( GEOMETRIC_REPRESENTATION_CONTEXT(2) 
PARAMETRIC_REPRESENTATION_CONTEXT() REPRESENTATION_CONTEXT('2D SPACE',''
  ) );
#14110 = ORIENTED_EDGE('',*,*,#14111,.T.);
#14111 = EDGE_CURVE('',#14089,#13881,#14112,.T.);
#14112 = SURFACE_CURVE('',#14113,(#14117,#14124),.PCURVE_S1.);
#14113 = LINE('',#14114,#14115);
#14114 = CARTESIAN_POINT('',(46.,-0.55,1.1));
#14115 = VECTOR('',#14116,1.);
#14116 = DIRECTION('',(-0.999056158355,-4.343722427631E-02,0.));
#14117 = PCURVE('',#13393,#14118);
#14118 = DEFINITIONAL_REPRESENTATION('',(#14119),#14123);
#14119 = LINE('',#14120,#14121);
#14120 = CARTESIAN_POINT('',(0.,-1.1));
#14121 = VECTOR('',#14122,1.);
#14122 = DIRECTION('',(1.,0.));
#14123 = ( GEOMETRIC_REPRESENTATION_CONTEXT(2) 
PARAMETRIC_REPRESENTATION_CONTEXT() REPRESENTATION_CONTEXT('2D SPACE',''
  ) );
#14124 = PCURVE('',#13895,#14125);
#14125 = DEFINITIONAL_REPRESENTATION('',(#14126),#14130);
#14126 = LINE('',#14127,#14128);
#14127 = CARTESIAN_POINT('',(-23.38964395474,0.410429658831));
#14128 = VECTOR('',#14129,1.);
#14129 = DIRECTION('',(0.999056158355,-4.343722427631E-02));
#14130 = ( GEOMETRIC_REPRESENTATION_CONTEXT(2) 
PARAMETRIC_REPRESENTATION_CONTEXT() REPRESENTATION_CONTEXT('2D SPACE',''
  ) );
#14131 = ORIENTED_EDGE('',*,*,#13906,.T.);
#14132 = ADVANCED_FACE('',(#14133),#13895,.F.);
#14133 = FACE_BOUND('',#14134,.F.);
#14134 = EDGE_LOOP('',(#14135,#14136,#14159,#14180));
#14135 = ORIENTED_EDGE('',*,*,#13880,.T.);
#14136 = ORIENTED_EDGE('',*,*,#14137,.T.);
#14137 = EDGE_CURVE('',#13860,#14138,#14140,.T.);
#14138 = VERTEX_POINT('',#14139);
#14139 = CARTESIAN_POINT('',(46.,-0.15,1.1));
#14140 = SURFACE_CURVE('',#14141,(#14145,#14152),.PCURVE_S1.);
#14141 = LINE('',#14142,#14143);
#14142 = CARTESIAN_POINT('',(0.,-0.55,1.1));
#14143 = VECTOR('',#14144,1.);
#14144 = DIRECTION('',(0.999962194961,8.69532343444E-03,0.));
#14145 = PCURVE('',#13895,#14146);
#14146 = DEFINITIONAL_REPRESENTATION('',(#14147),#14151);
#14147 = LINE('',#14148,#14149);
#14148 = CARTESIAN_POINT('',(22.610356045252,0.410429658831));
#14149 = VECTOR('',#14150,1.);
#14150 = DIRECTION('',(-0.999962194961,8.69532343444E-03));
#14151 = ( GEOMETRIC_REPRESENTATION_CONTEXT(2) 
PARAMETRIC_REPRESENTATION_CONTEXT() REPRESENTATION_CONTEXT('2D SPACE',''
  ) );
#14152 = PCURVE('',#13449,#14153);
#14153 = DEFINITIONAL_REPRESENTATION('',(#14154),#14158);
#14154 = LINE('',#14155,#14156);
#14155 = CARTESIAN_POINT('',(0.,-1.1));
#14156 = VECTOR('',#14157,1.);
#14157 = DIRECTION('',(1.,0.));
#14158 = ( GEOMETRIC_REPRESENTATION_CONTEXT(2) 
PARAMETRIC_REPRESENTATION_CONTEXT() REPRESENTATION_CONTEXT('2D SPACE',''
  ) );
#14159 = ORIENTED_EDGE('',*,*,#14160,.T.);
#14160 = EDGE_CURVE('',#14138,#14089,#14161,.T.);
#14161 = SURFACE_CURVE('',#14162,(#14166,#14173),.PCURVE_S1.);
#14162 = LINE('',#14163,#14164);
#14163 = CARTESIAN_POINT('',(46.,-0.15,1.1));
#14164 = VECTOR('',#14165,1.);
#14165 = DIRECTION('',(0.,-1.,0.));
#14166 = PCURVE('',#13895,#14167);
#14167 = DEFINITIONAL_REPRESENTATION('',(#14168),#14172);
#14168 = LINE('',#14169,#14170);
#14169 = CARTESIAN_POINT('',(-23.38964395474,0.810429658831));
#14170 = VECTOR('',#14171,1.);
#14171 = DIRECTION('',(0.,-1.));
#14172 = ( GEOMETRIC_REPRESENTATION_CONTEXT(2) 
PARAMETRIC_REPRESENTATION_CONTEXT() REPRESENTATION_CONTEXT('2D SPACE',''
  ) );
#14173 = PCURVE('',#13421,#14174);
#14174 = DEFINITIONAL_REPRESENTATION('',(#14175),#14179);
#14175 = LINE('',#14176,#14177);
#14176 = CARTESIAN_POINT('',(0.,-1.1));
#14177 = VECTOR('',#14178,1.);
#14178 = DIRECTION('',(1.,0.));
#14179 = ( GEOMETRIC_REPRESENTATION_CONTEXT(2) 
PARAMETRIC_REPRESENTATION_CONTEXT() REPRESENTATION_CONTEXT('2D SPACE',''
  ) );
#14180 = ORIENTED_EDGE('',*,*,#14111,.T.);
#14181 = ADVANCED_FACE('',(#14182),#13449,.T.);
#14182 = FACE_BOUND('',#14183,.T.);
#14183 = EDGE_LOOP('',(#14184,#14185,#14186,#14187));
#14184 = ORIENTED_EDGE('',*,*,#13433,.F.);
#14185 = ORIENTED_EDGE('',*,*,#13859,.T.);
#14186 = ORIENTED_EDGE('',*,*,#14137,.T.);
#14187 = ORIENTED_EDGE('',*,*,#14188,.F.);
#14188 = EDGE_CURVE('',#13406,#14138,#14189,.T.);
#14189 = SURFACE_CURVE('',#14190,(#14194,#14201),.PCURVE_S1.);
#14190 = LINE('',#14191,#14192);
#14191 = CARTESIAN_POINT('',(46.,-0.15,0.));
#14192 = VECTOR('',#14193,1.);
#14193 = DIRECTION('',(0.,0.,1.));
#14194 = PCURVE('',#13449,#14195);
#14195 = DEFINITIONAL_REPRESENTATION('',(#14196),#14200);
#14196 = LINE('',#14197,#14198);
#14197 = CARTESIAN_POINT('',(46.00173909756,0.));
#14198 = VECTOR('',#14199,1.);
#14199 = DIRECTION('',(0.,-1.));
#14200 = ( GEOMETRIC_REPRESENTATION_CONTEXT(2) 
PARAMETRIC_REPRESENTATION_CONTEXT() REPRESENTATION_CONTEXT('2D SPACE',''
  ) );
#14201 = PCURVE('',#13421,#14202);
#14202 = DEFINITIONAL_REPRESENTATION('',(#14203),#14207);
#14203 = LINE('',#14204,#14205);
#14204 = CARTESIAN_POINT('',(0.,0.));
#14205 = VECTOR('',#14206,1.);
#14206 = DIRECTION('',(0.,-1.));
#14207 = ( GEOMETRIC_REPRESENTATION_CONTEXT(2) 
PARAMETRIC_REPRESENTATION_CONTEXT() REPRESENTATION_CONTEXT('2D SPACE',''
  ) );
#14208 = ADVANCED_FACE('',(#14209),#13828,.T.);
#14209 = FACE_BOUND('',#14210,.T.);
#14210 = EDGE_LOOP('',(#14211,#14212,#14213,#14214));
#14211 = ORIENTED_EDGE('',*,*,#13813,.T.);
#14212 = ORIENTED_EDGE('',*,*,#14055,.T.);
#14213 = ORIENTED_EDGE('',*,*,#14027,.T.);
#14214 = ORIENTED_EDGE('',*,*,#13979,.T.);
#14215 = ADVANCED_FACE('',(#14216),#13421,.T.);
#14216 = FACE_BOUND('',#14217,.T.);
#14217 = EDGE_LOOP('',(#14218,#14219,#14220,#14221));
#14218 = ORIENTED_EDGE('',*,*,#14188,.T.);
#14219 = ORIENTED_EDGE('',*,*,#14160,.T.);
#14220 = ORIENTED_EDGE('',*,*,#14088,.F.);
#14221 = ORIENTED_EDGE('',*,*,#13405,.F.);
#14222 = ( GEOMETRIC_REPRESENTATION_CONTEXT(3) 
GLOBAL_UNCERTAINTY_ASSIGNED_CONTEXT((#14226)) 
GLOBAL_UNIT_ASSIGNED_CONTEXT((#14223,#14224,#14225)) 
REPRESENTATION_CONTEXT('Context #1',
  '3D Context with UNIT and UNCERTAINTY') );
#14223 = ( LENGTH_UNIT() NAMED_UNIT(*) SI_UNIT(.MILLI.,.METRE.) );
#14224 = ( NAMED_UNIT(*) PLANE_ANGLE_UNIT() SI_UNIT($,.RADIAN.) );
#14225 = ( NAMED_UNIT(*) SI_UNIT($,.STERADIAN.) SOLID_ANGLE_UNIT() );
#14226 = UNCERTAINTY_MEASURE_WITH_UNIT(LENGTH_MEASURE(1.E-07),#14223,
  'distance_accuracy_value','confusion accuracy');
#14227 = CONTEXT_DEPENDENT_SHAPE_REPRESENTATION(#14228,#14230);
#14228 = ( REPRESENTATION_RELATIONSHIP('','',#13279,#10) 
REPRESENTATION_RELATIONSHIP_WITH_TRANSFORMATION(#14229) 
SHAPE_REPRESENTATION_RELATIONSHIP() );
#14229 = ITEM_DEFINED_TRANSFORMATION('','',#11,#43);
#14230 = PRODUCT_DEFINITION_SHAPE('Placement','Placement of an item',
  #14231);
#14231 = NEXT_ASSEMBLY_USAGE_OCCURRENCE('8','08-tweezer','',#5,#13274,$
  );
#14232 = PRODUCT_RELATED_PRODUCT_CATEGORY('part',$,(#13276));
#14233 = SHAPE_DEFINITION_REPRESENTATION(#14234,#14240);
#14234 = PRODUCT_DEFINITION_SHAPE('','',#14235);
#14235 = PRODUCT_DEFINITION('design','',#14236,#14239);
#14236 = PRODUCT_DEFINITION_FORMATION('','',#14237);
#14237 = PRODUCT('09-cassette','09-cassette','',(#14238));
#14238 = PRODUCT_CONTEXT('',#2,'mechanical');
#14239 = PRODUCT_DEFINITION_CONTEXT('part definition',#2,'design');
#14240 = ADVANCED_BREP_SHAPE_REPRESENTATION('',(#11,#14241),#15917);
#14241 = MANIFOLD_SOLID_BREP('',#14242);
#14242 = CLOSED_SHELL('',(#14243,#14363,#14563,#14634,#14684,#14738,
    #14927,#14982,#15173,#15249,#15444,#15494,#15544,#15594,#15644,
    #15671,#15698,#15725,#15752,#15779,#15840,#15872,#15900));
#14243 = ADVANCED_FACE('',(#14244),#14258,.F.);
#14244 = FACE_BOUND('',#14245,.F.);
#14245 = EDGE_LOOP('',(#14246,#14281,#14309,#14337));
#14246 = ORIENTED_EDGE('',*,*,#14247,.F.);
#14247 = EDGE_CURVE('',#14248,#14250,#14252,.T.);
#14248 = VERTEX_POINT('',#14249);
#14249 = CARTESIAN_POINT('',(-32.,-7.,4.1));
#14250 = VERTEX_POINT('',#14251);
#14251 = CARTESIAN_POINT('',(-32.,7.,4.1));
#14252 = SURFACE_CURVE('',#14253,(#14257,#14269),.PCURVE_S1.);
#14253 = LINE('',#14254,#14255);
#14254 = CARTESIAN_POINT('',(-32.,-8.,4.1));
#14255 = VECTOR('',#14256,1.);
#14256 = DIRECTION('',(0.,1.,0.));
#14257 = PCURVE('',#14258,#14263);
#14258 = PLANE('',#14259);
#14259 = AXIS2_PLACEMENT_3D('',#14260,#14261,#14262);
#14260 = CARTESIAN_POINT('',(-32.,-8.,-4.1));
#14261 = DIRECTION('',(1.,0.,0.));
#14262 = DIRECTION('',(0.,0.,1.));
#14263 = DEFINITIONAL_REPRESENTATION('',(#14264),#14268);
#14264 = LINE('',#14265,#14266);
#14265 = CARTESIAN_POINT('',(8.2,0.));
#14266 = VECTOR('',#14267,1.);
#14267 = DIRECTION('',(0.,-1.));
#14268 = ( GEOMETRIC_REPRESENTATION_CONTEXT(2) 
PARAMETRIC_REPRESENTATION_CONTEXT() REPRESENTATION_CONTEXT('2D SPACE',''
  ) );
#14269 = PCURVE('',#14270,#14275);
#14270 = PLANE('',#14271);
#14271 = AXIS2_PLACEMENT_3D('',#14272,#14273,#14274);
#14272 = CARTESIAN_POINT('',(-32.,-8.,4.1));
#14273 = DIRECTION('',(0.,0.,1.));
#14274 = DIRECTION('',(1.,0.,0.));
#14275 = DEFINITIONAL_REPRESENTATION('',(#14276),#14280);
#14276 = LINE('',#14277,#14278);
#14277 = CARTESIAN_POINT('',(0.,0.));
#14278 = VECTOR('',#14279,1.);
#14279 = DIRECTION('',(0.,1.));
#14280 = ( GEOMETRIC_REPRESENTATION_CONTEXT(2) 
PARAMETRIC_REPRESENTATION_CONTEXT() REPRESENTATION_CONTEXT('2D SPACE',''
  ) );
#14281 = ORIENTED_EDGE('',*,*,#14282,.F.);
#14282 = EDGE_CURVE('',#14283,#14248,#14285,.T.);
#14283 = VERTEX_POINT('',#14284);
#14284 = CARTESIAN_POINT('',(-32.,-7.,-4.1));
#14285 = SURFACE_CURVE('',#14286,(#14290,#14297),.PCURVE_S1.);
#14286 = LINE('',#14287,#14288);
#14287 = CARTESIAN_POINT('',(-32.,-7.,-4.1));
#14288 = VECTOR('',#14289,1.);
#14289 = DIRECTION('',(0.,0.,1.));
#14290 = PCURVE('',#14258,#14291);
#14291 = DEFINITIONAL_REPRESENTATION('',(#14292),#14296);
#14292 = LINE('',#14293,#14294);
#14293 = CARTESIAN_POINT('',(0.,-1.));
#14294 = VECTOR('',#14295,1.);
#14295 = DIRECTION('',(1.,0.));
#14296 = ( GEOMETRIC_REPRESENTATION_CONTEXT(2) 
PARAMETRIC_REPRESENTATION_CONTEXT() REPRESENTATION_CONTEXT('2D SPACE',''
  ) );
#14297 = PCURVE('',#14298,#14303);
#14298 = CYLINDRICAL_SURFACE('',#14299,1.);
#14299 = AXIS2_PLACEMENT_3D('',#14300,#14301,#14302);
#14300 = CARTESIAN_POINT('',(-31.,-7.,-4.1));
#14301 = DIRECTION('',(0.,0.,1.));
#14302 = DIRECTION('',(-1.,-0.,0.));
#14303 = DEFINITIONAL_REPRESENTATION('',(#14304),#14308);
#14304 = LINE('',#14305,#14306);
#14305 = CARTESIAN_POINT('',(0.,0.));
#14306 = VECTOR('',#14307,1.);
#14307 = DIRECTION('',(0.,1.));
#14308 = ( GEOMETRIC_REPRESENTATION_CONTEXT(2) 
PARAMETRIC_REPRESENTATION_CONTEXT() REPRESENTATION_CONTEXT('2D SPACE',''
  ) );
#14309 = ORIENTED_EDGE('',*,*,#14310,.T.);
#14310 = EDGE_CURVE('',#14283,#14311,#14313,.T.);
#14311 = VERTEX_POINT('',#14312);
#14312 = CARTESIAN_POINT('',(-32.,7.,-4.1));
#14313 = SURFACE_CURVE('',#14314,(#14318,#14325),.PCURVE_S1.);
#14314 = LINE('',#14315,#14316);
#14315 = CARTESIAN_POINT('',(-32.,-8.,-4.1));
#14316 = VECTOR('',#14317,1.);
#14317 = DIRECTION('',(0.,1.,0.));
#14318 = PCURVE('',#14258,#14319);
#14319 = DEFINITIONAL_REPRESENTATION('',(#14320),#14324);
#14320 = LINE('',#14321,#14322);
#14321 = CARTESIAN_POINT('',(0.,0.));
#14322 = VECTOR('',#14323,1.);
#14323 = DIRECTION('',(0.,-1.));
#14324 = ( GEOMETRIC_REPRESENTATION_CONTEXT(2) 
PARAMETRIC_REPRESENTATION_CONTEXT() REPRESENTATION_CONTEXT('2D SPACE',''
  ) );
#14325 = PCURVE('',#14326,#14331);
#14326 = PLANE('',#14327);
#14327 = AXIS2_PLACEMENT_3D('',#14328,#14329,#14330);
#14328 = CARTESIAN_POINT('',(-32.,-8.,-4.1));
#14329 = DIRECTION('',(0.,0.,1.));
#14330 = DIRECTION('',(1.,0.,0.));
#14331 = DEFINITIONAL_REPRESENTATION('',(#14332),#14336);
#14332 = LINE('',#14333,#14334);
#14333 = CARTESIAN_POINT('',(0.,0.));
#14334 = VECTOR('',#14335,1.);
#14335 = DIRECTION('',(0.,1.));
#14336 = ( GEOMETRIC_REPRESENTATION_CONTEXT(2) 
PARAMETRIC_REPRESENTATION_CONTEXT() REPRESENTATION_CONTEXT('2D SPACE',''
  ) );
#14337 = ORIENTED_EDGE('',*,*,#14338,.T.);
#14338 = EDGE_CURVE('',#14311,#14250,#14339,.T.);
#14339 = SURFACE_CURVE('',#14340,(#14344,#14351),.PCURVE_S1.);
#14340 = LINE('',#14341,#14342);
#14341 = CARTESIAN_POINT('',(-32.,7.,-4.1));
#14342 = VECTOR('',#14343,1.);
#14343 = DIRECTION('',(0.,0.,1.));
#14344 = PCURVE('',#14258,#14345);
#14345 = DEFINITIONAL_REPRESENTATION('',(#14346),#14350);
#14346 = LINE('',#14347,#14348);
#14347 = CARTESIAN_POINT('',(0.,-15.));
#14348 = VECTOR('',#14349,1.);
#14349 = DIRECTION('',(1.,0.));
#14350 = ( GEOMETRIC_REPRESENTATION_CONTEXT(2) 
PARAMETRIC_REPRESENTATION_CONTEXT() REPRESENTATION_CONTEXT('2D SPACE',''
  ) );
#14351 = PCURVE('',#14352,#14357);
#14352 = CYLINDRICAL_SURFACE('',#14353,1.);
#14353 = AXIS2_PLACEMENT_3D('',#14354,#14355,#14356);
#14354 = CARTESIAN_POINT('',(-31.,7.,-4.1));
#14355 = DIRECTION('',(0.,0.,1.));
#14356 = DIRECTION('',(-1.,-0.,0.));
#14357 = DEFINITIONAL_REPRESENTATION('',(#14358),#14362);
#14358 = LINE('',#14359,#14360);
#14359 = CARTESIAN_POINT('',(-0.,0.));
#14360 = VECTOR('',#14361,1.);
#14361 = DIRECTION('',(-0.,1.));
#14362 = ( GEOMETRIC_REPRESENTATION_CONTEXT(2) 
PARAMETRIC_REPRESENTATION_CONTEXT() REPRESENTATION_CONTEXT('2D SPACE',''
  ) );
#14363 = ADVANCED_FACE('',(#14364),#14326,.F.);
#14364 = FACE_BOUND('',#14365,.F.);
#14365 = EDGE_LOOP('',(#14366,#14367,#14391,#14419,#14452,#14480,#14509,
    #14537));
#14366 = ORIENTED_EDGE('',*,*,#14310,.F.);
#14367 = ORIENTED_EDGE('',*,*,#14368,.T.);
#14368 = EDGE_CURVE('',#14283,#14369,#14371,.T.);
#14369 = VERTEX_POINT('',#14370);
#14370 = CARTESIAN_POINT('',(-31.,-8.,-4.1));
#14371 = SURFACE_CURVE('',#14372,(#14377,#14384),.PCURVE_S1.);
#14372 = CIRCLE('',#14373,1.);
#14373 = AXIS2_PLACEMENT_3D('',#14374,#14375,#14376);
#14374 = CARTESIAN_POINT('',(-31.,-7.,-4.1));
#14375 = DIRECTION('',(0.,0.,1.));
#14376 = DIRECTION('',(0.,-1.,0.));
#14377 = PCURVE('',#14326,#14378);
#14378 = DEFINITIONAL_REPRESENTATION('',(#14379),#14383);
#14379 = CIRCLE('',#14380,1.);
#14380 = AXIS2_PLACEMENT_2D('',#14381,#14382);
#14381 = CARTESIAN_POINT('',(1.,1.));
#14382 = DIRECTION('',(0.,-1.));
#14383 = ( GEOMETRIC_REPRESENTATION_CONTEXT(2) 
PARAMETRIC_REPRESENTATION_CONTEXT() REPRESENTATION_CONTEXT('2D SPACE',''
  ) );
#14384 = PCURVE('',#14298,#14385);
#14385 = DEFINITIONAL_REPRESENTATION('',(#14386),#14390);
#14386 = LINE('',#14387,#14388);
#14387 = CARTESIAN_POINT('',(-4.712388980385,0.));
#14388 = VECTOR('',#14389,1.);
#14389 = DIRECTION('',(1.,0.));
#14390 = ( GEOMETRIC_REPRESENTATION_CONTEXT(2) 
PARAMETRIC_REPRESENTATION_CONTEXT() REPRESENTATION_CONTEXT('2D SPACE',''
  ) );
#14391 = ORIENTED_EDGE('',*,*,#14392,.T.);
#14392 = EDGE_CURVE('',#14369,#14393,#14395,.T.);
#14393 = VERTEX_POINT('',#14394);
#14394 = CARTESIAN_POINT('',(31.,-8.,-4.1));
#14395 = SURFACE_CURVE('',#14396,(#14400,#14407),.PCURVE_S1.);
#14396 = LINE('',#14397,#14398);
#14397 = CARTESIAN_POINT('',(-32.,-8.,-4.1));
#14398 = VECTOR('',#14399,1.);
#14399 = DIRECTION('',(1.,0.,0.));
#14400 = PCURVE('',#14326,#14401);
#14401 = DEFINITIONAL_REPRESENTATION('',(#14402),#14406);
#14402 = LINE('',#14403,#14404);
#14403 = CARTESIAN_POINT('',(0.,0.));
#14404 = VECTOR('',#14405,1.);
#14405 = DIRECTION('',(1.,0.));
#14406 = ( GEOMETRIC_REPRESENTATION_CONTEXT(2) 
PARAMETRIC_REPRESENTATION_CONTEXT() REPRESENTATION_CONTEXT('2D SPACE',''
  ) );
#14407 = PCURVE('',#14408,#14413);
#14408 = PLANE('',#14409);
#14409 = AXIS2_PLACEMENT_3D('',#14410,#14411,#14412);
#14410 = CARTESIAN_POINT('',(-32.,-8.,-4.1));
#14411 = DIRECTION('',(0.,1.,0.));
#14412 = DIRECTION('',(0.,0.,1.));
#14413 = DEFINITIONAL_REPRESENTATION('',(#14414),#14418);
#14414 = LINE('',#14415,#14416);
#14415 = CARTESIAN_POINT('',(0.,0.));
#14416 = VECTOR('',#14417,1.);
#14417 = DIRECTION('',(0.,1.));
#14418 = ( GEOMETRIC_REPRESENTATION_CONTEXT(2) 
PARAMETRIC_REPRESENTATION_CONTEXT() REPRESENTATION_CONTEXT('2D SPACE',''
  ) );
#14419 = ORIENTED_EDGE('',*,*,#14420,.F.);
#14420 = EDGE_CURVE('',#14421,#14393,#14423,.T.);
#14421 = VERTEX_POINT('',#14422);
#14422 = CARTESIAN_POINT('',(32.,-7.,-4.1));
#14423 = SURFACE_CURVE('',#14424,(#14429,#14440),.PCURVE_S1.);
#14424 = CIRCLE('',#14425,1.);
#14425 = AXIS2_PLACEMENT_3D('',#14426,#14427,#14428);
#14426 = CARTESIAN_POINT('',(31.,-7.,-4.1));
#14427 = DIRECTION('',(-0.,-0.,-1.));
#14428 = DIRECTION('',(0.,-1.,0.));
#14429 = PCURVE('',#14326,#14430);
#14430 = DEFINITIONAL_REPRESENTATION('',(#14431),#14439);
#14431 = ( BOUNDED_CURVE() B_SPLINE_CURVE(2,(#14432,#14433,#14434,#14435
    ,#14436,#14437,#14438),.UNSPECIFIED.,.T.,.F.) 
B_SPLINE_CURVE_WITH_KNOTS((1,2,2,2,2,1),(-2.094395102393,0.,
    2.094395102393,4.188790204786,6.28318530718,8.377580409573),
.UNSPECIFIED.) CURVE() GEOMETRIC_REPRESENTATION_ITEM() 
RATIONAL_B_SPLINE_CURVE((1.,0.5,1.,0.5,1.,0.5,1.)) REPRESENTATION_ITEM(
  '') );
#14432 = CARTESIAN_POINT('',(63.,0.));
#14433 = CARTESIAN_POINT('',(61.267949192431,0.));
#14434 = CARTESIAN_POINT('',(62.133974596216,1.5));
#14435 = CARTESIAN_POINT('',(63.,3.));
#14436 = CARTESIAN_POINT('',(63.866025403784,1.5));
#14437 = CARTESIAN_POINT('',(64.732050807569,1.554312234475E-15));
#14438 = CARTESIAN_POINT('',(63.,0.));
#14439 = ( GEOMETRIC_REPRESENTATION_CONTEXT(2) 
PARAMETRIC_REPRESENTATION_CONTEXT() REPRESENTATION_CONTEXT('2D SPACE',''
  ) );
#14440 = PCURVE('',#14441,#14446);
#14441 = CYLINDRICAL_SURFACE('',#14442,1.);
#14442 = AXIS2_PLACEMENT_3D('',#14443,#14444,#14445);
#14443 = CARTESIAN_POINT('',(31.,-7.,-4.1));
#14444 = DIRECTION('',(0.,0.,1.));
#14445 = DIRECTION('',(1.,0.,-0.));
#14446 = DEFINITIONAL_REPRESENTATION('',(#14447),#14451);
#14447 = LINE('',#14448,#14449);
#14448 = CARTESIAN_POINT('',(4.712388980385,-0.));
#14449 = VECTOR('',#14450,1.);
#14450 = DIRECTION('',(-1.,0.));
#14451 = ( GEOMETRIC_REPRESENTATION_CONTEXT(2) 
PARAMETRIC_REPRESENTATION_CONTEXT() REPRESENTATION_CONTEXT('2D SPACE',''
  ) );
#14452 = ORIENTED_EDGE('',*,*,#14453,.T.);
#14453 = EDGE_CURVE('',#14421,#14454,#14456,.T.);
#14454 = VERTEX_POINT('',#14455);
#14455 = CARTESIAN_POINT('',(32.,7.,-4.1));
#14456 = SURFACE_CURVE('',#14457,(#14461,#14468),.PCURVE_S1.);
#14457 = LINE('',#14458,#14459);
#14458 = CARTESIAN_POINT('',(32.,-8.,-4.1));
#14459 = VECTOR('',#14460,1.);
#14460 = DIRECTION('',(0.,1.,0.));
#14461 = PCURVE('',#14326,#14462);
#14462 = DEFINITIONAL_REPRESENTATION('',(#14463),#14467);
#14463 = LINE('',#14464,#14465);
#14464 = CARTESIAN_POINT('',(64.,0.));
#14465 = VECTOR('',#14466,1.);
#14466 = DIRECTION('',(0.,1.));
#14467 = ( GEOMETRIC_REPRESENTATION_CONTEXT(2) 
PARAMETRIC_REPRESENTATION_CONTEXT() REPRESENTATION_CONTEXT('2D SPACE',''
  ) );
#14468 = PCURVE('',#14469,#14474);
#14469 = PLANE('',#14470);
#14470 = AXIS2_PLACEMENT_3D('',#14471,#14472,#14473);
#14471 = CARTESIAN_POINT('',(32.,-8.,-4.1));
#14472 = DIRECTION('',(1.,0.,0.));
#14473 = DIRECTION('',(0.,0.,1.));
#14474 = DEFINITIONAL_REPRESENTATION('',(#14475),#14479);
#14475 = LINE('',#14476,#14477);
#14476 = CARTESIAN_POINT('',(0.,0.));
#14477 = VECTOR('',#14478,1.);
#14478 = DIRECTION('',(0.,-1.));
#14479 = ( GEOMETRIC_REPRESENTATION_CONTEXT(2) 
PARAMETRIC_REPRESENTATION_CONTEXT() REPRESENTATION_CONTEXT('2D SPACE',''
  ) );
#14480 = ORIENTED_EDGE('',*,*,#14481,.T.);
#14481 = EDGE_CURVE('',#14454,#14482,#14484,.T.);
#14482 = VERTEX_POINT('',#14483);
#14483 = CARTESIAN_POINT('',(31.,8.,-4.1));
#14484 = SURFACE_CURVE('',#14485,(#14490,#14497),.PCURVE_S1.);
#14485 = CIRCLE('',#14486,1.);
#14486 = AXIS2_PLACEMENT_3D('',#14487,#14488,#14489);
#14487 = CARTESIAN_POINT('',(31.,7.,-4.1));
#14488 = DIRECTION('',(0.,0.,1.));
#14489 = DIRECTION('',(0.,-1.,0.));
#14490 = PCURVE('',#14326,#14491);
#14491 = DEFINITIONAL_REPRESENTATION('',(#14492),#14496);
#14492 = CIRCLE('',#14493,1.);
#14493 = AXIS2_PLACEMENT_2D('',#14494,#14495);
#14494 = CARTESIAN_POINT('',(63.,15.));
#14495 = DIRECTION('',(0.,-1.));
#14496 = ( GEOMETRIC_REPRESENTATION_CONTEXT(2) 
PARAMETRIC_REPRESENTATION_CONTEXT() REPRESENTATION_CONTEXT('2D SPACE',''
  ) );
#14497 = PCURVE('',#14498,#14503);
#14498 = CYLINDRICAL_SURFACE('',#14499,1.);
#14499 = AXIS2_PLACEMENT_3D('',#14500,#14501,#14502);
#14500 = CARTESIAN_POINT('',(31.,7.,-4.1));
#14501 = DIRECTION('',(0.,0.,1.));
#14502 = DIRECTION('',(1.,0.,-0.));
#14503 = DEFINITIONAL_REPRESENTATION('',(#14504),#14508);
#14504 = LINE('',#14505,#14506);
#14505 = CARTESIAN_POINT('',(-1.570796326795,0.));
#14506 = VECTOR('',#14507,1.);
#14507 = DIRECTION('',(1.,0.));
#14508 = ( GEOMETRIC_REPRESENTATION_CONTEXT(2) 
PARAMETRIC_REPRESENTATION_CONTEXT() REPRESENTATION_CONTEXT('2D SPACE',''
  ) );
#14509 = ORIENTED_EDGE('',*,*,#14510,.F.);
#14510 = EDGE_CURVE('',#14511,#14482,#14513,.T.);
#14511 = VERTEX_POINT('',#14512);
#14512 = CARTESIAN_POINT('',(-31.,8.,-4.1));
#14513 = SURFACE_CURVE('',#14514,(#14518,#14525),.PCURVE_S1.);
#14514 = LINE('',#14515,#14516);
#14515 = CARTESIAN_POINT('',(-32.,8.,-4.1));
#14516 = VECTOR('',#14517,1.);
#14517 = DIRECTION('',(1.,0.,0.));
#14518 = PCURVE('',#14326,#14519);
#14519 = DEFINITIONAL_REPRESENTATION('',(#14520),#14524);
#14520 = LINE('',#14521,#14522);
#14521 = CARTESIAN_POINT('',(0.,16.));
#14522 = VECTOR('',#14523,1.);
#14523 = DIRECTION('',(1.,0.));
#14524 = ( GEOMETRIC_REPRESENTATION_CONTEXT(2) 
PARAMETRIC_REPRESENTATION_CONTEXT() REPRESENTATION_CONTEXT('2D SPACE',''
  ) );
#14525 = PCURVE('',#14526,#14531);
#14526 = PLANE('',#14527);
#14527 = AXIS2_PLACEMENT_3D('',#14528,#14529,#14530);
#14528 = CARTESIAN_POINT('',(-32.,8.,-4.1));
#14529 = DIRECTION('',(0.,1.,0.));
#14530 = DIRECTION('',(0.,0.,1.));
#14531 = DEFINITIONAL_REPRESENTATION('',(#14532),#14536);
#14532 = LINE('',#14533,#14534);
#14533 = CARTESIAN_POINT('',(0.,0.));
#14534 = VECTOR('',#14535,1.);
#14535 = DIRECTION('',(0.,1.));
#14536 = ( GEOMETRIC_REPRESENTATION_CONTEXT(2) 
PARAMETRIC_REPRESENTATION_CONTEXT() REPRESENTATION_CONTEXT('2D SPACE',''
  ) );
#14537 = ORIENTED_EDGE('',*,*,#14538,.F.);
#14538 = EDGE_CURVE('',#14311,#14511,#14539,.T.);
#14539 = SURFACE_CURVE('',#14540,(#14545,#14556),.PCURVE_S1.);
#14540 = CIRCLE('',#14541,1.);
#14541 = AXIS2_PLACEMENT_3D('',#14542,#14543,#14544);
#14542 = CARTESIAN_POINT('',(-31.,7.,-4.1));
#14543 = DIRECTION('',(-0.,-0.,-1.));
#14544 = DIRECTION('',(0.,-1.,0.));
#14545 = PCURVE('',#14326,#14546);
#14546 = DEFINITIONAL_REPRESENTATION('',(#14547),#14555);
#14547 = ( BOUNDED_CURVE() B_SPLINE_CURVE(2,(#14548,#14549,#14550,#14551
    ,#14552,#14553,#14554),.UNSPECIFIED.,.T.,.F.) 
B_SPLINE_CURVE_WITH_KNOTS((1,2,2,2,2,1),(-2.094395102393,0.,
    2.094395102393,4.188790204786,6.28318530718,8.377580409573),
.UNSPECIFIED.) CURVE() GEOMETRIC_REPRESENTATION_ITEM() 
RATIONAL_B_SPLINE_CURVE((1.,0.5,1.,0.5,1.,0.5,1.)) REPRESENTATION_ITEM(
  '') );
#14548 = CARTESIAN_POINT('',(1.,14.));
#14549 = CARTESIAN_POINT('',(-0.732050807569,14.));
#14550 = CARTESIAN_POINT('',(0.133974596216,15.5));
#14551 = CARTESIAN_POINT('',(1.,17.));
#14552 = CARTESIAN_POINT('',(1.866025403784,15.5));
#14553 = CARTESIAN_POINT('',(2.732050807569,14.));
#14554 = CARTESIAN_POINT('',(1.,14.));
#14555 = ( GEOMETRIC_REPRESENTATION_CONTEXT(2) 
PARAMETRIC_REPRESENTATION_CONTEXT() REPRESENTATION_CONTEXT('2D SPACE',''
  ) );
#14556 = PCURVE('',#14352,#14557);
#14557 = DEFINITIONAL_REPRESENTATION('',(#14558),#14562);
#14558 = LINE('',#14559,#14560);
#14559 = CARTESIAN_POINT('',(1.570796326795,-0.));
#14560 = VECTOR('',#14561,1.);
#14561 = DIRECTION('',(-1.,0.));
#14562 = ( GEOMETRIC_REPRESENTATION_CONTEXT(2) 
PARAMETRIC_REPRESENTATION_CONTEXT() REPRESENTATION_CONTEXT('2D SPACE',''
  ) );
#14563 = ADVANCED_FACE('',(#14564),#14469,.T.);
#14564 = FACE_BOUND('',#14565,.T.);
#14565 = EDGE_LOOP('',(#14566,#14591,#14612,#14613));
#14566 = ORIENTED_EDGE('',*,*,#14567,.F.);
#14567 = EDGE_CURVE('',#14568,#14570,#14572,.T.);
#14568 = VERTEX_POINT('',#14569);
#14569 = CARTESIAN_POINT('',(32.,-7.,4.1));
#14570 = VERTEX_POINT('',#14571);
#14571 = CARTESIAN_POINT('',(32.,7.,4.1));
#14572 = SURFACE_CURVE('',#14573,(#14577,#14584),.PCURVE_S1.);
#14573 = LINE('',#14574,#14575);
#14574 = CARTESIAN_POINT('',(32.,-8.,4.1));
#14575 = VECTOR('',#14576,1.);
#14576 = DIRECTION('',(0.,1.,0.));
#14577 = PCURVE('',#14469,#14578);
#14578 = DEFINITIONAL_REPRESENTATION('',(#14579),#14583);
#14579 = LINE('',#14580,#14581);
#14580 = CARTESIAN_POINT('',(8.2,0.));
#14581 = VECTOR('',#14582,1.);
#14582 = DIRECTION('',(0.,-1.));
#14583 = ( GEOMETRIC_REPRESENTATION_CONTEXT(2) 
PARAMETRIC_REPRESENTATION_CONTEXT() REPRESENTATION_CONTEXT('2D SPACE',''
  ) );
#14584 = PCURVE('',#14270,#14585);
#14585 = DEFINITIONAL_REPRESENTATION('',(#14586),#14590);
#14586 = LINE('',#14587,#14588);
#14587 = CARTESIAN_POINT('',(64.,0.));
#14588 = VECTOR('',#14589,1.);
#14589 = DIRECTION('',(0.,1.));
#14590 = ( GEOMETRIC_REPRESENTATION_CONTEXT(2) 
PARAMETRIC_REPRESENTATION_CONTEXT() REPRESENTATION_CONTEXT('2D SPACE',''
  ) );
#14591 = ORIENTED_EDGE('',*,*,#14592,.F.);
#14592 = EDGE_CURVE('',#14421,#14568,#14593,.T.);
#14593 = SURFACE_CURVE('',#14594,(#14598,#14605),.PCURVE_S1.);
#14594 = LINE('',#14595,#14596);
#14595 = CARTESIAN_POINT('',(32.,-7.,-4.1));
#14596 = VECTOR('',#14597,1.);
#14597 = DIRECTION('',(0.,0.,1.));
#14598 = PCURVE('',#14469,#14599);
#14599 = DEFINITIONAL_REPRESENTATION('',(#14600),#14604);
#14600 = LINE('',#14601,#14602);
#14601 = CARTESIAN_POINT('',(0.,-1.));
#14602 = VECTOR('',#14603,1.);
#14603 = DIRECTION('',(1.,0.));
#14604 = ( GEOMETRIC_REPRESENTATION_CONTEXT(2) 
PARAMETRIC_REPRESENTATION_CONTEXT() REPRESENTATION_CONTEXT('2D SPACE',''
  ) );
#14605 = PCURVE('',#14441,#14606);
#14606 = DEFINITIONAL_REPRESENTATION('',(#14607),#14611);
#14607 = LINE('',#14608,#14609);
#14608 = CARTESIAN_POINT('',(-0.,0.));
#14609 = VECTOR('',#14610,1.);
#14610 = DIRECTION('',(-0.,1.));
#14611 = ( GEOMETRIC_REPRESENTATION_CONTEXT(2) 
PARAMETRIC_REPRESENTATION_CONTEXT() REPRESENTATION_CONTEXT('2D SPACE',''
  ) );
#14612 = ORIENTED_EDGE('',*,*,#14453,.T.);
#14613 = ORIENTED_EDGE('',*,*,#14614,.T.);
#14614 = EDGE_CURVE('',#14454,#14570,#14615,.T.);
#14615 = SURFACE_CURVE('',#14616,(#14620,#14627),.PCURVE_S1.);
#14616 = LINE('',#14617,#14618);
#14617 = CARTESIAN_POINT('',(32.,7.,-4.1));
#14618 = VECTOR('',#14619,1.);
#14619 = DIRECTION('',(0.,0.,1.));
#14620 = PCURVE('',#14469,#14621);
#14621 = DEFINITIONAL_REPRESENTATION('',(#14622),#14626);
#14622 = LINE('',#14623,#14624);
#14623 = CARTESIAN_POINT('',(0.,-15.));
#14624 = VECTOR('',#14625,1.);
#14625 = DIRECTION('',(1.,0.));
#14626 = ( GEOMETRIC_REPRESENTATION_CONTEXT(2) 
PARAMETRIC_REPRESENTATION_CONTEXT() REPRESENTATION_CONTEXT('2D SPACE',''
  ) );
#14627 = PCURVE('',#14498,#14628);
#14628 = DEFINITIONAL_REPRESENTATION('',(#14629),#14633);
#14629 = LINE('',#14630,#14631);
#14630 = CARTESIAN_POINT('',(0.,0.));
#14631 = VECTOR('',#14632,1.);
#14632 = DIRECTION('',(0.,1.));
#14633 = ( GEOMETRIC_REPRESENTATION_CONTEXT(2) 
PARAMETRIC_REPRESENTATION_CONTEXT() REPRESENTATION_CONTEXT('2D SPACE',''
  ) );
#14634 = ADVANCED_FACE('',(#14635),#14498,.T.);
#14635 = FACE_BOUND('',#14636,.T.);
#14636 = EDGE_LOOP('',(#14637,#14638,#14661,#14683));
#14637 = ORIENTED_EDGE('',*,*,#14481,.T.);
#14638 = ORIENTED_EDGE('',*,*,#14639,.T.);
#14639 = EDGE_CURVE('',#14482,#14640,#14642,.T.);
#14640 = VERTEX_POINT('',#14641);
#14641 = CARTESIAN_POINT('',(31.,8.,4.1));
#14642 = SURFACE_CURVE('',#14643,(#14647,#14654),.PCURVE_S1.);
#14643 = LINE('',#14644,#14645);
#14644 = CARTESIAN_POINT('',(31.,8.,-4.1));
#14645 = VECTOR('',#14646,1.);
#14646 = DIRECTION('',(0.,0.,1.));
#14647 = PCURVE('',#14498,#14648);
#14648 = DEFINITIONAL_REPRESENTATION('',(#14649),#14653);
#14649 = LINE('',#14650,#14651);
#14650 = CARTESIAN_POINT('',(1.570796326795,0.));
#14651 = VECTOR('',#14652,1.);
#14652 = DIRECTION('',(0.,1.));
#14653 = ( GEOMETRIC_REPRESENTATION_CONTEXT(2) 
PARAMETRIC_REPRESENTATION_CONTEXT() REPRESENTATION_CONTEXT('2D SPACE',''
  ) );
#14654 = PCURVE('',#14526,#14655);
#14655 = DEFINITIONAL_REPRESENTATION('',(#14656),#14660);
#14656 = LINE('',#14657,#14658);
#14657 = CARTESIAN_POINT('',(0.,63.));
#14658 = VECTOR('',#14659,1.);
#14659 = DIRECTION('',(1.,0.));
#14660 = ( GEOMETRIC_REPRESENTATION_CONTEXT(2) 
PARAMETRIC_REPRESENTATION_CONTEXT() REPRESENTATION_CONTEXT('2D SPACE',''
  ) );
#14661 = ORIENTED_EDGE('',*,*,#14662,.F.);
#14662 = EDGE_CURVE('',#14570,#14640,#14663,.T.);
#14663 = SURFACE_CURVE('',#14664,(#14669,#14676),.PCURVE_S1.);
#14664 = CIRCLE('',#14665,1.);
#14665 = AXIS2_PLACEMENT_3D('',#14666,#14667,#14668);
#14666 = CARTESIAN_POINT('',(31.,7.,4.1));
#14667 = DIRECTION('',(0.,0.,1.));
#14668 = DIRECTION('',(0.,-1.,0.));
#14669 = PCURVE('',#14498,#14670);
#14670 = DEFINITIONAL_REPRESENTATION('',(#14671),#14675);
#14671 = LINE('',#14672,#14673);
#14672 = CARTESIAN_POINT('',(-1.570796326795,8.2));
#14673 = VECTOR('',#14674,1.);
#14674 = DIRECTION('',(1.,0.));
#14675 = ( GEOMETRIC_REPRESENTATION_CONTEXT(2) 
PARAMETRIC_REPRESENTATION_CONTEXT() REPRESENTATION_CONTEXT('2D SPACE',''
  ) );
#14676 = PCURVE('',#14270,#14677);
#14677 = DEFINITIONAL_REPRESENTATION('',(#14678),#14682);
#14678 = CIRCLE('',#14679,1.);
#14679 = AXIS2_PLACEMENT_2D('',#14680,#14681);
#14680 = CARTESIAN_POINT('',(63.,15.));
#14681 = DIRECTION('',(0.,-1.));
#14682 = ( GEOMETRIC_REPRESENTATION_CONTEXT(2) 
PARAMETRIC_REPRESENTATION_CONTEXT() REPRESENTATION_CONTEXT('2D SPACE',''
  ) );
#14683 = ORIENTED_EDGE('',*,*,#14614,.F.);
#14684 = ADVANCED_FACE('',(#14685),#14441,.T.);
#14685 = FACE_BOUND('',#14686,.F.);
#14686 = EDGE_LOOP('',(#14687,#14688,#14711,#14737));
#14687 = ORIENTED_EDGE('',*,*,#14420,.T.);
#14688 = ORIENTED_EDGE('',*,*,#14689,.T.);
#14689 = EDGE_CURVE('',#14393,#14690,#14692,.T.);
#14690 = VERTEX_POINT('',#14691);
#14691 = CARTESIAN_POINT('',(31.,-8.,4.1));
#14692 = SURFACE_CURVE('',#14693,(#14697,#14704),.PCURVE_S1.);
#14693 = LINE('',#14694,#14695);
#14694 = CARTESIAN_POINT('',(31.,-8.,-4.1));
#14695 = VECTOR('',#14696,1.);
#14696 = DIRECTION('',(0.,0.,1.));
#14697 = PCURVE('',#14441,#14698);
#14698 = DEFINITIONAL_REPRESENTATION('',(#14699),#14703);
#14699 = LINE('',#14700,#14701);
#14700 = CARTESIAN_POINT('',(-1.570796326795,0.));
#14701 = VECTOR('',#14702,1.);
#14702 = DIRECTION('',(-0.,1.));
#14703 = ( GEOMETRIC_REPRESENTATION_CONTEXT(2) 
PARAMETRIC_REPRESENTATION_CONTEXT() REPRESENTATION_CONTEXT('2D SPACE',''
  ) );
#14704 = PCURVE('',#14408,#14705);
#14705 = DEFINITIONAL_REPRESENTATION('',(#14706),#14710);
#14706 = LINE('',#14707,#14708);
#14707 = CARTESIAN_POINT('',(0.,63.));
#14708 = VECTOR('',#14709,1.);
#14709 = DIRECTION('',(1.,0.));
#14710 = ( GEOMETRIC_REPRESENTATION_CONTEXT(2) 
PARAMETRIC_REPRESENTATION_CONTEXT() REPRESENTATION_CONTEXT('2D SPACE',''
  ) );
#14711 = ORIENTED_EDGE('',*,*,#14712,.F.);
#14712 = EDGE_CURVE('',#14568,#14690,#14713,.T.);
#14713 = SURFACE_CURVE('',#14714,(#14719,#14726),.PCURVE_S1.);
#14714 = CIRCLE('',#14715,1.);
#14715 = AXIS2_PLACEMENT_3D('',#14716,#14717,#14718);
#14716 = CARTESIAN_POINT('',(31.,-7.,4.1));
#14717 = DIRECTION('',(-0.,-0.,-1.));
#14718 = DIRECTION('',(0.,-1.,0.));
#14719 = PCURVE('',#14441,#14720);
#14720 = DEFINITIONAL_REPRESENTATION('',(#14721),#14725);
#14721 = LINE('',#14722,#14723);
#14722 = CARTESIAN_POINT('',(4.712388980385,8.2));
#14723 = VECTOR('',#14724,1.);
#14724 = DIRECTION('',(-1.,0.));
#14725 = ( GEOMETRIC_REPRESENTATION_CONTEXT(2) 
PARAMETRIC_REPRESENTATION_CONTEXT() REPRESENTATION_CONTEXT('2D SPACE',''
  ) );
#14726 = PCURVE('',#14270,#14727);
#14727 = DEFINITIONAL_REPRESENTATION('',(#14728),#14736);
#14728 = ( BOUNDED_CURVE() B_SPLINE_CURVE(2,(#14729,#14730,#14731,#14732
    ,#14733,#14734,#14735),.UNSPECIFIED.,.T.,.F.) 
B_SPLINE_CURVE_WITH_KNOTS((1,2,2,2,2,1),(-2.094395102393,0.,
    2.094395102393,4.188790204786,6.28318530718,8.377580409573),
.UNSPECIFIED.) CURVE() GEOMETRIC_REPRESENTATION_ITEM() 
RATIONAL_B_SPLINE_CURVE((1.,0.5,1.,0.5,1.,0.5,1.)) REPRESENTATION_ITEM(
  '') );
#14729 = CARTESIAN_POINT('',(63.,0.));
#14730 = CARTESIAN_POINT('',(61.267949192431,0.));
#14731 = CARTESIAN_POINT('',(62.133974596216,1.5));
#14732 = CARTESIAN_POINT('',(63.,3.));
#14733 = CARTESIAN_POINT('',(63.866025403784,1.5));
#14734 = CARTESIAN_POINT('',(64.732050807569,1.554312234475E-15));
#14735 = CARTESIAN_POINT('',(63.,0.));
#14736 = ( GEOMETRIC_REPRESENTATION_CONTEXT(2) 
PARAMETRIC_REPRESENTATION_CONTEXT() REPRESENTATION_CONTEXT('2D SPACE',''
  ) );
#14737 = ORIENTED_EDGE('',*,*,#14592,.F.);
#14738 = ADVANCED_FACE('',(#14739,#14787,#14822,#14857,#14892),#14526,
  .T.);
#14739 = FACE_BOUND('',#14740,.T.);
#14740 = EDGE_LOOP('',(#14741,#14742,#14765,#14786));
#14741 = ORIENTED_EDGE('',*,*,#14510,.F.);
#14742 = ORIENTED_EDGE('',*,*,#14743,.T.);
#14743 = EDGE_CURVE('',#14511,#14744,#14746,.T.);
#14744 = VERTEX_POINT('',#14745);
#14745 = CARTESIAN_POINT('',(-31.,8.,4.1));
#14746 = SURFACE_CURVE('',#14747,(#14751,#14758),.PCURVE_S1.);
#14747 = LINE('',#14748,#14749);
#14748 = CARTESIAN_POINT('',(-31.,8.,-4.1));
#14749 = VECTOR('',#14750,1.);
#14750 = DIRECTION('',(0.,0.,1.));
#14751 = PCURVE('',#14526,#14752);
#14752 = DEFINITIONAL_REPRESENTATION('',(#14753),#14757);
#14753 = LINE('',#14754,#14755);
#14754 = CARTESIAN_POINT('',(0.,1.));
#14755 = VECTOR('',#14756,1.);
#14756 = DIRECTION('',(1.,0.));
#14757 = ( GEOMETRIC_REPRESENTATION_CONTEXT(2) 
PARAMETRIC_REPRESENTATION_CONTEXT() REPRESENTATION_CONTEXT('2D SPACE',''
  ) );
#14758 = PCURVE('',#14352,#14759);
#14759 = DEFINITIONAL_REPRESENTATION('',(#14760),#14764);
#14760 = LINE('',#14761,#14762);
#14761 = CARTESIAN_POINT('',(-1.570796326795,0.));
#14762 = VECTOR('',#14763,1.);
#14763 = DIRECTION('',(-0.,1.));
#14764 = ( GEOMETRIC_REPRESENTATION_CONTEXT(2) 
PARAMETRIC_REPRESENTATION_CONTEXT() REPRESENTATION_CONTEXT('2D SPACE',''
  ) );
#14765 = ORIENTED_EDGE('',*,*,#14766,.T.);
#14766 = EDGE_CURVE('',#14744,#14640,#14767,.T.);
#14767 = SURFACE_CURVE('',#14768,(#14772,#14779),.PCURVE_S1.);
#14768 = LINE('',#14769,#14770);
#14769 = CARTESIAN_POINT('',(-32.,8.,4.1));
#14770 = VECTOR('',#14771,1.);
#14771 = DIRECTION('',(1.,0.,0.));
#14772 = PCURVE('',#14526,#14773);
#14773 = DEFINITIONAL_REPRESENTATION('',(#14774),#14778);
#14774 = LINE('',#14775,#14776);
#14775 = CARTESIAN_POINT('',(8.2,0.));
#14776 = VECTOR('',#14777,1.);
#14777 = DIRECTION('',(0.,1.));
#14778 = ( GEOMETRIC_REPRESENTATION_CONTEXT(2) 
PARAMETRIC_REPRESENTATION_CONTEXT() REPRESENTATION_CONTEXT('2D SPACE',''
  ) );
#14779 = PCURVE('',#14270,#14780);
#14780 = DEFINITIONAL_REPRESENTATION('',(#14781),#14785);
#14781 = LINE('',#14782,#14783);
#14782 = CARTESIAN_POINT('',(0.,16.));
#14783 = VECTOR('',#14784,1.);
#14784 = DIRECTION('',(1.,0.));
#14785 = ( GEOMETRIC_REPRESENTATION_CONTEXT(2) 
PARAMETRIC_REPRESENTATION_CONTEXT() REPRESENTATION_CONTEXT('2D SPACE',''
  ) );
#14786 = ORIENTED_EDGE('',*,*,#14639,.F.);
#14787 = FACE_BOUND('',#14788,.T.);
#14788 = EDGE_LOOP('',(#14789));
#14789 = ORIENTED_EDGE('',*,*,#14790,.T.);
#14790 = EDGE_CURVE('',#14791,#14791,#14793,.T.);
#14791 = VERTEX_POINT('',#14792);
#14792 = CARTESIAN_POINT('',(-19.1,8.,0.));
#14793 = SURFACE_CURVE('',#14794,(#14799,#14810),.PCURVE_S1.);
#14794 = CIRCLE('',#14795,1.1);
#14795 = AXIS2_PLACEMENT_3D('',#14796,#14797,#14798);
#14796 = CARTESIAN_POINT('',(-18.,8.,0.));
#14797 = DIRECTION('',(0.,-1.,0.));
#14798 = DIRECTION('',(-1.,0.,0.));
#14799 = PCURVE('',#14526,#14800);
#14800 = DEFINITIONAL_REPRESENTATION('',(#14801),#14809);
#14801 = ( BOUNDED_CURVE() B_SPLINE_CURVE(2,(#14802,#14803,#14804,#14805
    ,#14806,#14807,#14808),.UNSPECIFIED.,.T.,.F.) 
B_SPLINE_CURVE_WITH_KNOTS((1,2,2,2,2,1),(-2.094395102393,0.,
    2.094395102393,4.188790204786,6.28318530718,8.377580409573),
.UNSPECIFIED.) CURVE() GEOMETRIC_REPRESENTATION_ITEM() 
RATIONAL_B_SPLINE_CURVE((1.,0.5,1.,0.5,1.,0.5,1.)) REPRESENTATION_ITEM(
  '') );
#14802 = CARTESIAN_POINT('',(4.1,12.9));
#14803 = CARTESIAN_POINT('',(2.194744111674,12.9));
#14804 = CARTESIAN_POINT('',(3.147372055837,14.55));
#14805 = CARTESIAN_POINT('',(4.1,16.2));
#14806 = CARTESIAN_POINT('',(5.052627944163,14.55));
#14807 = CARTESIAN_POINT('',(6.005255888326,12.9));
#14808 = CARTESIAN_POINT('',(4.1,12.9));
#14809 = ( GEOMETRIC_REPRESENTATION_CONTEXT(2) 
PARAMETRIC_REPRESENTATION_CONTEXT() REPRESENTATION_CONTEXT('2D SPACE',''
  ) );
#14810 = PCURVE('',#14811,#14816);
#14811 = CYLINDRICAL_SURFACE('',#14812,1.1);
#14812 = AXIS2_PLACEMENT_3D('',#14813,#14814,#14815);
#14813 = CARTESIAN_POINT('',(-18.,-56.0000002,0.));
#14814 = DIRECTION('',(0.,-1.,0.));
#14815 = DIRECTION('',(-1.,0.,0.));
#14816 = DEFINITIONAL_REPRESENTATION('',(#14817),#14821);
#14817 = LINE('',#14818,#14819);
#14818 = CARTESIAN_POINT('',(-6.28318530718,-64.0000002));
#14819 = VECTOR('',#14820,1.);
#14820 = DIRECTION('',(1.,-0.));
#14821 = ( GEOMETRIC_REPRESENTATION_CONTEXT(2) 
PARAMETRIC_REPRESENTATION_CONTEXT() REPRESENTATION_CONTEXT('2D SPACE',''
  ) );
#14822 = FACE_BOUND('',#14823,.T.);
#14823 = EDGE_LOOP('',(#14824));
#14824 = ORIENTED_EDGE('',*,*,#14825,.T.);
#14825 = EDGE_CURVE('',#14826,#14826,#14828,.T.);
#14826 = VERTEX_POINT('',#14827);
#14827 = CARTESIAN_POINT('',(-7.1,8.,0.));
#14828 = SURFACE_CURVE('',#14829,(#14834,#14845),.PCURVE_S1.);
#14829 = CIRCLE('',#14830,1.1);
#14830 = AXIS2_PLACEMENT_3D('',#14831,#14832,#14833);
#14831 = CARTESIAN_POINT('',(-6.,8.,0.));
#14832 = DIRECTION('',(0.,-1.,0.));
#14833 = DIRECTION('',(-1.,0.,0.));
#14834 = PCURVE('',#14526,#14835);
#14835 = DEFINITIONAL_REPRESENTATION('',(#14836),#14844);
#14836 = ( BOUNDED_CURVE() B_SPLINE_CURVE(2,(#14837,#14838,#14839,#14840
    ,#14841,#14842,#14843),.UNSPECIFIED.,.T.,.F.) 
B_SPLINE_CURVE_WITH_KNOTS((1,2,2,2,2,1),(-2.094395102393,0.,
    2.094395102393,4.188790204786,6.28318530718,8.377580409573),
.UNSPECIFIED.) CURVE() GEOMETRIC_REPRESENTATION_ITEM() 
RATIONAL_B_SPLINE_CURVE((1.,0.5,1.,0.5,1.,0.5,1.)) REPRESENTATION_ITEM(
  '') );
#14837 = CARTESIAN_POINT('',(4.1,24.9));
#14838 = CARTESIAN_POINT('',(2.194744111674,24.9));
#14839 = CARTESIAN_POINT('',(3.147372055837,26.55));
#14840 = CARTESIAN_POINT('',(4.1,28.2));
#14841 = CARTESIAN_POINT('',(5.052627944163,26.55));
#14842 = CARTESIAN_POINT('',(6.005255888326,24.9));
#14843 = CARTESIAN_POINT('',(4.1,24.9));
#14844 = ( GEOMETRIC_REPRESENTATION_CONTEXT(2) 
PARAMETRIC_REPRESENTATION_CONTEXT() REPRESENTATION_CONTEXT('2D SPACE',''
  ) );
#14845 = PCURVE('',#14846,#14851);
#14846 = CYLINDRICAL_SURFACE('',#14847,1.1);
#14847 = AXIS2_PLACEMENT_3D('',#14848,#14849,#14850);
#14848 = CARTESIAN_POINT('',(-6.,-56.0000002,0.));
#14849 = DIRECTION('',(0.,-1.,0.));
#14850 = DIRECTION('',(-1.,0.,0.));
#14851 = DEFINITIONAL_REPRESENTATION('',(#14852),#14856);
#14852 = LINE('',#14853,#14854);
#14853 = CARTESIAN_POINT('',(-6.28318530718,-64.0000002));
#14854 = VECTOR('',#14855,1.);
#14855 = DIRECTION('',(1.,-0.));
#14856 = ( GEOMETRIC_REPRESENTATION_CONTEXT(2) 
PARAMETRIC_REPRESENTATION_CONTEXT() REPRESENTATION_CONTEXT('2D SPACE',''
  ) );
#14857 = FACE_BOUND('',#14858,.T.);
#14858 = EDGE_LOOP('',(#14859));
#14859 = ORIENTED_EDGE('',*,*,#14860,.T.);
#14860 = EDGE_CURVE('',#14861,#14861,#14863,.T.);
#14861 = VERTEX_POINT('',#14862);
#14862 = CARTESIAN_POINT('',(4.9,8.,0.));
#14863 = SURFACE_CURVE('',#14864,(#14869,#14880),.PCURVE_S1.);
#14864 = CIRCLE('',#14865,1.1);
#14865 = AXIS2_PLACEMENT_3D('',#14866,#14867,#14868);
#14866 = CARTESIAN_POINT('',(6.,8.,0.));
#14867 = DIRECTION('',(0.,-1.,0.));
#14868 = DIRECTION('',(-1.,0.,0.));
#14869 = PCURVE('',#14526,#14870);
#14870 = DEFINITIONAL_REPRESENTATION('',(#14871),#14879);
#14871 = ( BOUNDED_CURVE() B_SPLINE_CURVE(2,(#14872,#14873,#14874,#14875
    ,#14876,#14877,#14878),.UNSPECIFIED.,.T.,.F.) 
B_SPLINE_CURVE_WITH_KNOTS((1,2,2,2,2,1),(-2.094395102393,0.,
    2.094395102393,4.188790204786,6.28318530718,8.377580409573),
.UNSPECIFIED.) CURVE() GEOMETRIC_REPRESENTATION_ITEM() 
RATIONAL_B_SPLINE_CURVE((1.,0.5,1.,0.5,1.,0.5,1.)) REPRESENTATION_ITEM(
  '') );
#14872 = CARTESIAN_POINT('',(4.1,36.9));
#14873 = CARTESIAN_POINT('',(2.194744111674,36.9));
#14874 = CARTESIAN_POINT('',(3.147372055837,38.55));
#14875 = CARTESIAN_POINT('',(4.1,40.2));
#14876 = CARTESIAN_POINT('',(5.052627944163,38.55));
#14877 = CARTESIAN_POINT('',(6.005255888326,36.9));
#14878 = CARTESIAN_POINT('',(4.1,36.9));
#14879 = ( GEOMETRIC_REPRESENTATION_CONTEXT(2) 
PARAMETRIC_REPRESENTATION_CONTEXT() REPRESENTATION_CONTEXT('2D SPACE',''
  ) );
#14880 = PCURVE('',#14881,#14886);
#14881 = CYLINDRICAL_SURFACE('',#14882,1.1);
#14882 = AXIS2_PLACEMENT_3D('',#14883,#14884,#14885);
#14883 = CARTESIAN_POINT('',(6.,-56.0000002,0.));
#14884 = DIRECTION('',(0.,-1.,0.));
#14885 = DIRECTION('',(-1.,0.,0.));
#14886 = DEFINITIONAL_REPRESENTATION('',(#14887),#14891);
#14887 = LINE('',#14888,#14889);
#14888 = CARTESIAN_POINT('',(-6.28318530718,-64.0000002));
#14889 = VECTOR('',#14890,1.);
#14890 = DIRECTION('',(1.,-0.));
#14891 = ( GEOMETRIC_REPRESENTATION_CONTEXT(2) 
PARAMETRIC_REPRESENTATION_CONTEXT() REPRESENTATION_CONTEXT('2D SPACE',''
  ) );
#14892 = FACE_BOUND('',#14893,.T.);
#14893 = EDGE_LOOP('',(#14894));
#14894 = ORIENTED_EDGE('',*,*,#14895,.T.);
#14895 = EDGE_CURVE('',#14896,#14896,#14898,.T.);
#14896 = VERTEX_POINT('',#14897);
#14897 = CARTESIAN_POINT('',(16.9,8.,0.));
#14898 = SURFACE_CURVE('',#14899,(#14904,#14915),.PCURVE_S1.);
#14899 = CIRCLE('',#14900,1.1);
#14900 = AXIS2_PLACEMENT_3D('',#14901,#14902,#14903);
#14901 = CARTESIAN_POINT('',(18.,8.,0.));
#14902 = DIRECTION('',(0.,-1.,0.));
#14903 = DIRECTION('',(-1.,0.,0.));
#14904 = PCURVE('',#14526,#14905);
#14905 = DEFINITIONAL_REPRESENTATION('',(#14906),#14914);
#14906 = ( BOUNDED_CURVE() B_SPLINE_CURVE(2,(#14907,#14908,#14909,#14910
    ,#14911,#14912,#14913),.UNSPECIFIED.,.T.,.F.) 
B_SPLINE_CURVE_WITH_KNOTS((1,2,2,2,2,1),(-2.094395102393,0.,
    2.094395102393,4.188790204786,6.28318530718,8.377580409573),
.UNSPECIFIED.) CURVE() GEOMETRIC_REPRESENTATION_ITEM() 
RATIONAL_B_SPLINE_CURVE((1.,0.5,1.,0.5,1.,0.5,1.)) REPRESENTATION_ITEM(
  '') );
#14907 = CARTESIAN_POINT('',(4.1,48.9));
#14908 = CARTESIAN_POINT('',(2.194744111674,48.9));
#14909 = CARTESIAN_POINT('',(3.147372055837,50.55));
#14910 = CARTESIAN_POINT('',(4.1,52.2));
#14911 = CARTESIAN_POINT('',(5.052627944163,50.55));
#14912 = CARTESIAN_POINT('',(6.005255888326,48.9));
#14913 = CARTESIAN_POINT('',(4.1,48.9));
#14914 = ( GEOMETRIC_REPRESENTATION_CONTEXT(2) 
PARAMETRIC_REPRESENTATION_CONTEXT() REPRESENTATION_CONTEXT('2D SPACE',''
  ) );
#14915 = PCURVE('',#14916,#14921);
#14916 = CYLINDRICAL_SURFACE('',#14917,1.1);
#14917 = AXIS2_PLACEMENT_3D('',#14918,#14919,#14920);
#14918 = CARTESIAN_POINT('',(18.,-56.0000002,0.));
#14919 = DIRECTION('',(0.,-1.,0.));
#14920 = DIRECTION('',(-1.,0.,0.));
#14921 = DEFINITIONAL_REPRESENTATION('',(#14922),#14926);
#14922 = LINE('',#14923,#14924);
#14923 = CARTESIAN_POINT('',(-6.28318530718,-64.0000002));
#14924 = VECTOR('',#14925,1.);
#14925 = DIRECTION('',(1.,-0.));
#14926 = ( GEOMETRIC_REPRESENTATION_CONTEXT(2) 
PARAMETRIC_REPRESENTATION_CONTEXT() REPRESENTATION_CONTEXT('2D SPACE',''
  ) );
#14927 = ADVANCED_FACE('',(#14928),#14916,.F.);
#14928 = FACE_BOUND('',#14929,.T.);
#14929 = EDGE_LOOP('',(#14930,#14959,#14980,#14981));
#14930 = ORIENTED_EDGE('',*,*,#14931,.F.);
#14931 = EDGE_CURVE('',#14932,#14932,#14934,.T.);
#14932 = VERTEX_POINT('',#14933);
#14933 = CARTESIAN_POINT('',(16.9,5.,0.));
#14934 = SURFACE_CURVE('',#14935,(#14940,#14947),.PCURVE_S1.);
#14935 = CIRCLE('',#14936,1.1);
#14936 = AXIS2_PLACEMENT_3D('',#14937,#14938,#14939);
#14937 = CARTESIAN_POINT('',(18.,5.,-1.415534356397E-15));
#14938 = DIRECTION('',(-0.,1.,0.));
#14939 = DIRECTION('',(-1.,-0.,1.531778774736E-15));
#14940 = PCURVE('',#14916,#14941);
#14941 = DEFINITIONAL_REPRESENTATION('',(#14942),#14946);
#14942 = LINE('',#14943,#14944);
#14943 = CARTESIAN_POINT('',(-0.,-61.0000002));
#14944 = VECTOR('',#14945,1.);
#14945 = DIRECTION('',(-1.,-0.));
#14946 = ( GEOMETRIC_REPRESENTATION_CONTEXT(2) 
PARAMETRIC_REPRESENTATION_CONTEXT() REPRESENTATION_CONTEXT('2D SPACE',''
  ) );
#14947 = PCURVE('',#14948,#14953);
#14948 = PLANE('',#14949);
#14949 = AXIS2_PLACEMENT_3D('',#14950,#14951,#14952);
#14950 = CARTESIAN_POINT('',(28.,5.,4.1));
#14951 = DIRECTION('',(0.,1.,-0.));
#14952 = DIRECTION('',(-1.,0.,0.));
#14953 = DEFINITIONAL_REPRESENTATION('',(#14954),#14958);
#14954 = CIRCLE('',#14955,1.1);
#14955 = AXIS2_PLACEMENT_2D('',#14956,#14957);
#14956 = CARTESIAN_POINT('',(10.,-4.1));
#14957 = DIRECTION('',(1.,1.531778774736E-15));
#14958 = ( GEOMETRIC_REPRESENTATION_CONTEXT(2) 
PARAMETRIC_REPRESENTATION_CONTEXT() REPRESENTATION_CONTEXT('2D SPACE',''
  ) );
#14959 = ORIENTED_EDGE('',*,*,#14960,.T.);
#14960 = EDGE_CURVE('',#14932,#14896,#14961,.T.);
#14961 = SEAM_CURVE('',#14962,(#14966,#14973),.PCURVE_S1.);
#14962 = LINE('',#14963,#14964);
#14963 = CARTESIAN_POINT('',(16.9,-56.0000002,0.));
#14964 = VECTOR('',#14965,1.);
#14965 = DIRECTION('',(0.,1.,0.));
#14966 = PCURVE('',#14916,#14967);
#14967 = DEFINITIONAL_REPRESENTATION('',(#14968),#14972);
#14968 = LINE('',#14969,#14970);
#14969 = CARTESIAN_POINT('',(-0.,0.));
#14970 = VECTOR('',#14971,1.);
#14971 = DIRECTION('',(-0.,-1.));
#14972 = ( GEOMETRIC_REPRESENTATION_CONTEXT(2) 
PARAMETRIC_REPRESENTATION_CONTEXT() REPRESENTATION_CONTEXT('2D SPACE',''
  ) );
#14973 = PCURVE('',#14916,#14974);
#14974 = DEFINITIONAL_REPRESENTATION('',(#14975),#14979);
#14975 = LINE('',#14976,#14977);
#14976 = CARTESIAN_POINT('',(-6.28318530718,0.));
#14977 = VECTOR('',#14978,1.);
#14978 = DIRECTION('',(-0.,-1.));
#14979 = ( GEOMETRIC_REPRESENTATION_CONTEXT(2) 
PARAMETRIC_REPRESENTATION_CONTEXT() REPRESENTATION_CONTEXT('2D SPACE',''
  ) );
#14980 = ORIENTED_EDGE('',*,*,#14895,.F.);
#14981 = ORIENTED_EDGE('',*,*,#14960,.F.);
#14982 = ADVANCED_FACE('',(#14983,#15092,#15095,#15121,#15147),#14948,
  .F.);
#14983 = FACE_BOUND('',#14984,.F.);
#14984 = EDGE_LOOP('',(#14985,#15015,#15043,#15071));
#14985 = ORIENTED_EDGE('',*,*,#14986,.T.);
#14986 = EDGE_CURVE('',#14987,#14989,#14991,.T.);
#14987 = VERTEX_POINT('',#14988);
#14988 = CARTESIAN_POINT('',(28.,5.,4.1));
#14989 = VERTEX_POINT('',#14990);
#14990 = CARTESIAN_POINT('',(28.,5.,-1.3));
#14991 = SURFACE_CURVE('',#14992,(#14996,#15003),.PCURVE_S1.);
#14992 = LINE('',#14993,#14994);
#14993 = CARTESIAN_POINT('',(28.,5.,4.1));
#14994 = VECTOR('',#14995,1.);
#14995 = DIRECTION('',(-0.,-0.,-1.));
#14996 = PCURVE('',#14948,#14997);
#14997 = DEFINITIONAL_REPRESENTATION('',(#14998),#15002);
#14998 = LINE('',#14999,#15000);
#14999 = CARTESIAN_POINT('',(0.,0.));
#15000 = VECTOR('',#15001,1.);
#15001 = DIRECTION('',(0.,-1.));
#15002 = ( GEOMETRIC_REPRESENTATION_CONTEXT(2) 
PARAMETRIC_REPRESENTATION_CONTEXT() REPRESENTATION_CONTEXT('2D SPACE',''
  ) );
#15003 = PCURVE('',#15004,#15009);
#15004 = PLANE('',#15005);
#15005 = AXIS2_PLACEMENT_3D('',#15006,#15007,#15008);
#15006 = CARTESIAN_POINT('',(28.,-5.,4.1));
#15007 = DIRECTION('',(1.,0.,0.));
#15008 = DIRECTION('',(-0.,1.,0.));
#15009 = DEFINITIONAL_REPRESENTATION('',(#15010),#15014);
#15010 = LINE('',#15011,#15012);
#15011 = CARTESIAN_POINT('',(10.,0.));
#15012 = VECTOR('',#15013,1.);
#15013 = DIRECTION('',(0.,-1.));
#15014 = ( GEOMETRIC_REPRESENTATION_CONTEXT(2) 
PARAMETRIC_REPRESENTATION_CONTEXT() REPRESENTATION_CONTEXT('2D SPACE',''
  ) );
#15015 = ORIENTED_EDGE('',*,*,#15016,.T.);
#15016 = EDGE_CURVE('',#14989,#15017,#15019,.T.);
#15017 = VERTEX_POINT('',#15018);
#15018 = CARTESIAN_POINT('',(-28.,5.,-1.3));
#15019 = SURFACE_CURVE('',#15020,(#15024,#15031),.PCURVE_S1.);
#15020 = LINE('',#15021,#15022);
#15021 = CARTESIAN_POINT('',(28.,5.,-1.3));
#15022 = VECTOR('',#15023,1.);
#15023 = DIRECTION('',(-1.,0.,0.));
#15024 = PCURVE('',#14948,#15025);
#15025 = DEFINITIONAL_REPRESENTATION('',(#15026),#15030);
#15026 = LINE('',#15027,#15028);
#15027 = CARTESIAN_POINT('',(0.,-5.4));
#15028 = VECTOR('',#15029,1.);
#15029 = DIRECTION('',(1.,0.));
#15030 = ( GEOMETRIC_REPRESENTATION_CONTEXT(2) 
PARAMETRIC_REPRESENTATION_CONTEXT() REPRESENTATION_CONTEXT('2D SPACE',''
  ) );
#15031 = PCURVE('',#15032,#15037);
#15032 = PLANE('',#15033);
#15033 = AXIS2_PLACEMENT_3D('',#15034,#15035,#15036);
#15034 = CARTESIAN_POINT('',(0.,0.,-1.3));
#15035 = DIRECTION('',(0.,0.,1.));
#15036 = DIRECTION('',(1.,0.,-0.));
#15037 = DEFINITIONAL_REPRESENTATION('',(#15038),#15042);
#15038 = LINE('',#15039,#15040);
#15039 = CARTESIAN_POINT('',(28.,5.));
#15040 = VECTOR('',#15041,1.);
#15041 = DIRECTION('',(-1.,0.));
#15042 = ( GEOMETRIC_REPRESENTATION_CONTEXT(2) 
PARAMETRIC_REPRESENTATION_CONTEXT() REPRESENTATION_CONTEXT('2D SPACE',''
  ) );
#15043 = ORIENTED_EDGE('',*,*,#15044,.F.);
#15044 = EDGE_CURVE('',#15045,#15017,#15047,.T.);
#15045 = VERTEX_POINT('',#15046);
#15046 = CARTESIAN_POINT('',(-28.,5.,4.1));
#15047 = SURFACE_CURVE('',#15048,(#15052,#15059),.PCURVE_S1.);
#15048 = LINE('',#15049,#15050);
#15049 = CARTESIAN_POINT('',(-28.,5.,4.1));
#15050 = VECTOR('',#15051,1.);
#15051 = DIRECTION('',(-0.,-0.,-1.));
#15052 = PCURVE('',#14948,#15053);
#15053 = DEFINITIONAL_REPRESENTATION('',(#15054),#15058);
#15054 = LINE('',#15055,#15056);
#15055 = CARTESIAN_POINT('',(56.,0.));
#15056 = VECTOR('',#15057,1.);
#15057 = DIRECTION('',(0.,-1.));
#15058 = ( GEOMETRIC_REPRESENTATION_CONTEXT(2) 
PARAMETRIC_REPRESENTATION_CONTEXT() REPRESENTATION_CONTEXT('2D SPACE',''
  ) );
#15059 = PCURVE('',#15060,#15065);
#15060 = PLANE('',#15061);
#15061 = AXIS2_PLACEMENT_3D('',#15062,#15063,#15064);
#15062 = CARTESIAN_POINT('',(-28.,5.,4.1));
#15063 = DIRECTION('',(-1.,0.,0.));
#15064 = DIRECTION('',(0.,-1.,0.));
#15065 = DEFINITIONAL_REPRESENTATION('',(#15066),#15070);
#15066 = LINE('',#15067,#15068);
#15067 = CARTESIAN_POINT('',(0.,0.));
#15068 = VECTOR('',#15069,1.);
#15069 = DIRECTION('',(0.,-1.));
#15070 = ( GEOMETRIC_REPRESENTATION_CONTEXT(2) 
PARAMETRIC_REPRESENTATION_CONTEXT() REPRESENTATION_CONTEXT('2D SPACE',''
  ) );
#15071 = ORIENTED_EDGE('',*,*,#15072,.F.);
#15072 = EDGE_CURVE('',#14987,#15045,#15073,.T.);
#15073 = SURFACE_CURVE('',#15074,(#15078,#15085),.PCURVE_S1.);
#15074 = LINE('',#15075,#15076);
#15075 = CARTESIAN_POINT('',(28.,5.,4.1));
#15076 = VECTOR('',#15077,1.);
#15077 = DIRECTION('',(-1.,0.,0.));
#15078 = PCURVE('',#14948,#15079);
#15079 = DEFINITIONAL_REPRESENTATION('',(#15080),#15084);
#15080 = LINE('',#15081,#15082);
#15081 = CARTESIAN_POINT('',(0.,0.));
#15082 = VECTOR('',#15083,1.);
#15083 = DIRECTION('',(1.,0.));
#15084 = ( GEOMETRIC_REPRESENTATION_CONTEXT(2) 
PARAMETRIC_REPRESENTATION_CONTEXT() REPRESENTATION_CONTEXT('2D SPACE',''
  ) );
#15085 = PCURVE('',#14270,#15086);
#15086 = DEFINITIONAL_REPRESENTATION('',(#15087),#15091);
#15087 = LINE('',#15088,#15089);
#15088 = CARTESIAN_POINT('',(60.,13.));
#15089 = VECTOR('',#15090,1.);
#15090 = DIRECTION('',(-1.,0.));
#15091 = ( GEOMETRIC_REPRESENTATION_CONTEXT(2) 
PARAMETRIC_REPRESENTATION_CONTEXT() REPRESENTATION_CONTEXT('2D SPACE',''
  ) );
#15092 = FACE_BOUND('',#15093,.F.);
#15093 = EDGE_LOOP('',(#15094));
#15094 = ORIENTED_EDGE('',*,*,#14931,.F.);
#15095 = FACE_BOUND('',#15096,.F.);
#15096 = EDGE_LOOP('',(#15097));
#15097 = ORIENTED_EDGE('',*,*,#15098,.F.);
#15098 = EDGE_CURVE('',#15099,#15099,#15101,.T.);
#15099 = VERTEX_POINT('',#15100);
#15100 = CARTESIAN_POINT('',(4.9,5.,0.));
#15101 = SURFACE_CURVE('',#15102,(#15107,#15114),.PCURVE_S1.);
#15102 = CIRCLE('',#15103,1.1);
#15103 = AXIS2_PLACEMENT_3D('',#15104,#15105,#15106);
#15104 = CARTESIAN_POINT('',(6.,5.,4.718447854657E-16));
#15105 = DIRECTION('',(0.,1.,0.));
#15106 = DIRECTION('',(-1.,0.,-1.840204451393E-16));
#15107 = PCURVE('',#14948,#15108);
#15108 = DEFINITIONAL_REPRESENTATION('',(#15109),#15113);
#15109 = CIRCLE('',#15110,1.1);
#15110 = AXIS2_PLACEMENT_2D('',#15111,#15112);
#15111 = CARTESIAN_POINT('',(22.,-4.1));
#15112 = DIRECTION('',(1.,-1.840204451393E-16));
#15113 = ( GEOMETRIC_REPRESENTATION_CONTEXT(2) 
PARAMETRIC_REPRESENTATION_CONTEXT() REPRESENTATION_CONTEXT('2D SPACE',''
  ) );
#15114 = PCURVE('',#14881,#15115);
#15115 = DEFINITIONAL_REPRESENTATION('',(#15116),#15120);
#15116 = LINE('',#15117,#15118);
#15117 = CARTESIAN_POINT('',(-0.,-61.0000002));
#15118 = VECTOR('',#15119,1.);
#15119 = DIRECTION('',(-1.,-0.));
#15120 = ( GEOMETRIC_REPRESENTATION_CONTEXT(2) 
PARAMETRIC_REPRESENTATION_CONTEXT() REPRESENTATION_CONTEXT('2D SPACE',''
  ) );
#15121 = FACE_BOUND('',#15122,.F.);
#15122 = EDGE_LOOP('',(#15123));
#15123 = ORIENTED_EDGE('',*,*,#15124,.F.);
#15124 = EDGE_CURVE('',#15125,#15125,#15127,.T.);
#15125 = VERTEX_POINT('',#15126);
#15126 = CARTESIAN_POINT('',(-7.1,5.,0.));
#15127 = SURFACE_CURVE('',#15128,(#15133,#15140),.PCURVE_S1.);
#15128 = CIRCLE('',#15129,1.1);
#15129 = AXIS2_PLACEMENT_3D('',#15130,#15131,#15132);
#15130 = CARTESIAN_POINT('',(-6.,5.,4.718447854657E-16));
#15131 = DIRECTION('',(0.,1.,0.));
#15132 = DIRECTION('',(-1.,0.,-1.840204451393E-16));
#15133 = PCURVE('',#14948,#15134);
#15134 = DEFINITIONAL_REPRESENTATION('',(#15135),#15139);
#15135 = CIRCLE('',#15136,1.1);
#15136 = AXIS2_PLACEMENT_2D('',#15137,#15138);
#15137 = CARTESIAN_POINT('',(34.,-4.1));
#15138 = DIRECTION('',(1.,-1.840204451393E-16));
#15139 = ( GEOMETRIC_REPRESENTATION_CONTEXT(2) 
PARAMETRIC_REPRESENTATION_CONTEXT() REPRESENTATION_CONTEXT('2D SPACE',''
  ) );
#15140 = PCURVE('',#14846,#15141);
#15141 = DEFINITIONAL_REPRESENTATION('',(#15142),#15146);
#15142 = LINE('',#15143,#15144);
#15143 = CARTESIAN_POINT('',(-0.,-61.0000002));
#15144 = VECTOR('',#15145,1.);
#15145 = DIRECTION('',(-1.,-0.));
#15146 = ( GEOMETRIC_REPRESENTATION_CONTEXT(2) 
PARAMETRIC_REPRESENTATION_CONTEXT() REPRESENTATION_CONTEXT('2D SPACE',''
  ) );
#15147 = FACE_BOUND('',#15148,.F.);
#15148 = EDGE_LOOP('',(#15149));
#15149 = ORIENTED_EDGE('',*,*,#15150,.F.);
#15150 = EDGE_CURVE('',#15151,#15151,#15153,.T.);
#15151 = VERTEX_POINT('',#15152);
#15152 = CARTESIAN_POINT('',(-19.1,5.,0.));
#15153 = SURFACE_CURVE('',#15154,(#15159,#15166),.PCURVE_S1.);
#15154 = CIRCLE('',#15155,1.1);
#15155 = AXIS2_PLACEMENT_3D('',#15156,#15157,#15158);
#15156 = CARTESIAN_POINT('',(-18.,5.,-1.415534356397E-15));
#15157 = DIRECTION('',(-0.,1.,0.));
#15158 = DIRECTION('',(-1.,-0.,1.531778774736E-15));
#15159 = PCURVE('',#14948,#15160);
#15160 = DEFINITIONAL_REPRESENTATION('',(#15161),#15165);
#15161 = CIRCLE('',#15162,1.1);
#15162 = AXIS2_PLACEMENT_2D('',#15163,#15164);
#15163 = CARTESIAN_POINT('',(46.,-4.1));
#15164 = DIRECTION('',(1.,1.531778774736E-15));
#15165 = ( GEOMETRIC_REPRESENTATION_CONTEXT(2) 
PARAMETRIC_REPRESENTATION_CONTEXT() REPRESENTATION_CONTEXT('2D SPACE',''
  ) );
#15166 = PCURVE('',#14811,#15167);
#15167 = DEFINITIONAL_REPRESENTATION('',(#15168),#15172);
#15168 = LINE('',#15169,#15170);
#15169 = CARTESIAN_POINT('',(-0.,-61.0000002));
#15170 = VECTOR('',#15171,1.);
#15171 = DIRECTION('',(-1.,-0.));
#15172 = ( GEOMETRIC_REPRESENTATION_CONTEXT(2) 
PARAMETRIC_REPRESENTATION_CONTEXT() REPRESENTATION_CONTEXT('2D SPACE',''
  ) );
#15173 = ADVANCED_FACE('',(#15174),#15060,.F.);
#15174 = FACE_BOUND('',#15175,.F.);
#15175 = EDGE_LOOP('',(#15176,#15177,#15200,#15228));
#15176 = ORIENTED_EDGE('',*,*,#15044,.T.);
#15177 = ORIENTED_EDGE('',*,*,#15178,.T.);
#15178 = EDGE_CURVE('',#15017,#15179,#15181,.T.);
#15179 = VERTEX_POINT('',#15180);
#15180 = CARTESIAN_POINT('',(-28.,-5.,-1.3));
#15181 = SURFACE_CURVE('',#15182,(#15186,#15193),.PCURVE_S1.);
#15182 = LINE('',#15183,#15184);
#15183 = CARTESIAN_POINT('',(-28.,5.,-1.3));
#15184 = VECTOR('',#15185,1.);
#15185 = DIRECTION('',(0.,-1.,0.));
#15186 = PCURVE('',#15060,#15187);
#15187 = DEFINITIONAL_REPRESENTATION('',(#15188),#15192);
#15188 = LINE('',#15189,#15190);
#15189 = CARTESIAN_POINT('',(0.,-5.4));
#15190 = VECTOR('',#15191,1.);
#15191 = DIRECTION('',(1.,0.));
#15192 = ( GEOMETRIC_REPRESENTATION_CONTEXT(2) 
PARAMETRIC_REPRESENTATION_CONTEXT() REPRESENTATION_CONTEXT('2D SPACE',''
  ) );
#15193 = PCURVE('',#15032,#15194);
#15194 = DEFINITIONAL_REPRESENTATION('',(#15195),#15199);
#15195 = LINE('',#15196,#15197);
#15196 = CARTESIAN_POINT('',(-28.,5.));
#15197 = VECTOR('',#15198,1.);
#15198 = DIRECTION('',(0.,-1.));
#15199 = ( GEOMETRIC_REPRESENTATION_CONTEXT(2) 
PARAMETRIC_REPRESENTATION_CONTEXT() REPRESENTATION_CONTEXT('2D SPACE',''
  ) );
#15200 = ORIENTED_EDGE('',*,*,#15201,.F.);
#15201 = EDGE_CURVE('',#15202,#15179,#15204,.T.);
#15202 = VERTEX_POINT('',#15203);
#15203 = CARTESIAN_POINT('',(-28.,-5.,4.1));
#15204 = SURFACE_CURVE('',#15205,(#15209,#15216),.PCURVE_S1.);
#15205 = LINE('',#15206,#15207);
#15206 = CARTESIAN_POINT('',(-28.,-5.,4.1));
#15207 = VECTOR('',#15208,1.);
#15208 = DIRECTION('',(-0.,-0.,-1.));
#15209 = PCURVE('',#15060,#15210);
#15210 = DEFINITIONAL_REPRESENTATION('',(#15211),#15215);
#15211 = LINE('',#15212,#15213);
#15212 = CARTESIAN_POINT('',(10.,0.));
#15213 = VECTOR('',#15214,1.);
#15214 = DIRECTION('',(0.,-1.));
#15215 = ( GEOMETRIC_REPRESENTATION_CONTEXT(2) 
PARAMETRIC_REPRESENTATION_CONTEXT() REPRESENTATION_CONTEXT('2D SPACE',''
  ) );
#15216 = PCURVE('',#15217,#15222);
#15217 = PLANE('',#15218);
#15218 = AXIS2_PLACEMENT_3D('',#15219,#15220,#15221);
#15219 = CARTESIAN_POINT('',(-28.,-5.,4.1));
#15220 = DIRECTION('',(0.,-1.,0.));
#15221 = DIRECTION('',(1.,0.,0.));
#15222 = DEFINITIONAL_REPRESENTATION('',(#15223),#15227);
#15223 = LINE('',#15224,#15225);
#15224 = CARTESIAN_POINT('',(0.,0.));
#15225 = VECTOR('',#15226,1.);
#15226 = DIRECTION('',(0.,-1.));
#15227 = ( GEOMETRIC_REPRESENTATION_CONTEXT(2) 
PARAMETRIC_REPRESENTATION_CONTEXT() REPRESENTATION_CONTEXT('2D SPACE',''
  ) );
#15228 = ORIENTED_EDGE('',*,*,#15229,.F.);
#15229 = EDGE_CURVE('',#15045,#15202,#15230,.T.);
#15230 = SURFACE_CURVE('',#15231,(#15235,#15242),.PCURVE_S1.);
#15231 = LINE('',#15232,#15233);
#15232 = CARTESIAN_POINT('',(-28.,5.,4.1));
#15233 = VECTOR('',#15234,1.);
#15234 = DIRECTION('',(0.,-1.,0.));
#15235 = PCURVE('',#15060,#15236);
#15236 = DEFINITIONAL_REPRESENTATION('',(#15237),#15241);
#15237 = LINE('',#15238,#15239);
#15238 = CARTESIAN_POINT('',(0.,0.));
#15239 = VECTOR('',#15240,1.);
#15240 = DIRECTION('',(1.,0.));
#15241 = ( GEOMETRIC_REPRESENTATION_CONTEXT(2) 
PARAMETRIC_REPRESENTATION_CONTEXT() REPRESENTATION_CONTEXT('2D SPACE',''
  ) );
#15242 = PCURVE('',#14270,#15243);
#15243 = DEFINITIONAL_REPRESENTATION('',(#15244),#15248);
#15244 = LINE('',#15245,#15246);
#15245 = CARTESIAN_POINT('',(4.,13.));
#15246 = VECTOR('',#15247,1.);
#15247 = DIRECTION('',(0.,-1.));
#15248 = ( GEOMETRIC_REPRESENTATION_CONTEXT(2) 
PARAMETRIC_REPRESENTATION_CONTEXT() REPRESENTATION_CONTEXT('2D SPACE',''
  ) );
#15249 = ADVANCED_FACE('',(#15250,#15320,#15351,#15382,#15413),#15217,
  .F.);
#15250 = FACE_BOUND('',#15251,.F.);
#15251 = EDGE_LOOP('',(#15252,#15253,#15276,#15299));
#15252 = ORIENTED_EDGE('',*,*,#15201,.T.);
#15253 = ORIENTED_EDGE('',*,*,#15254,.T.);
#15254 = EDGE_CURVE('',#15179,#15255,#15257,.T.);
#15255 = VERTEX_POINT('',#15256);
#15256 = CARTESIAN_POINT('',(28.,-5.,-1.3));
#15257 = SURFACE_CURVE('',#15258,(#15262,#15269),.PCURVE_S1.);
#15258 = LINE('',#15259,#15260);
#15259 = CARTESIAN_POINT('',(-28.,-5.,-1.3));
#15260 = VECTOR('',#15261,1.);
#15261 = DIRECTION('',(1.,0.,0.));
#15262 = PCURVE('',#15217,#15263);
#15263 = DEFINITIONAL_REPRESENTATION('',(#15264),#15268);
#15264 = LINE('',#15265,#15266);
#15265 = CARTESIAN_POINT('',(0.,-5.4));
#15266 = VECTOR('',#15267,1.);
#15267 = DIRECTION('',(1.,0.));
#15268 = ( GEOMETRIC_REPRESENTATION_CONTEXT(2) 
PARAMETRIC_REPRESENTATION_CONTEXT() REPRESENTATION_CONTEXT('2D SPACE',''
  ) );
#15269 = PCURVE('',#15032,#15270);
#15270 = DEFINITIONAL_REPRESENTATION('',(#15271),#15275);
#15271 = LINE('',#15272,#15273);
#15272 = CARTESIAN_POINT('',(-28.,-5.));
#15273 = VECTOR('',#15274,1.);
#15274 = DIRECTION('',(1.,0.));
#15275 = ( GEOMETRIC_REPRESENTATION_CONTEXT(2) 
PARAMETRIC_REPRESENTATION_CONTEXT() REPRESENTATION_CONTEXT('2D SPACE',''
  ) );
#15276 = ORIENTED_EDGE('',*,*,#15277,.F.);
#15277 = EDGE_CURVE('',#15278,#15255,#15280,.T.);
#15278 = VERTEX_POINT('',#15279);
#15279 = CARTESIAN_POINT('',(28.,-5.,4.1));
#15280 = SURFACE_CURVE('',#15281,(#15285,#15292),.PCURVE_S1.);
#15281 = LINE('',#15282,#15283);
#15282 = CARTESIAN_POINT('',(28.,-5.,4.1));
#15283 = VECTOR('',#15284,1.);
#15284 = DIRECTION('',(-0.,-0.,-1.));
#15285 = PCURVE('',#15217,#15286);
#15286 = DEFINITIONAL_REPRESENTATION('',(#15287),#15291);
#15287 = LINE('',#15288,#15289);
#15288 = CARTESIAN_POINT('',(56.,0.));
#15289 = VECTOR('',#15290,1.);
#15290 = DIRECTION('',(0.,-1.));
#15291 = ( GEOMETRIC_REPRESENTATION_CONTEXT(2) 
PARAMETRIC_REPRESENTATION_CONTEXT() REPRESENTATION_CONTEXT('2D SPACE',''
  ) );
#15292 = PCURVE('',#15004,#15293);
#15293 = DEFINITIONAL_REPRESENTATION('',(#15294),#15298);
#15294 = LINE('',#15295,#15296);
#15295 = CARTESIAN_POINT('',(0.,0.));
#15296 = VECTOR('',#15297,1.);
#15297 = DIRECTION('',(0.,-1.));
#15298 = ( GEOMETRIC_REPRESENTATION_CONTEXT(2) 
PARAMETRIC_REPRESENTATION_CONTEXT() REPRESENTATION_CONTEXT('2D SPACE',''
  ) );
#15299 = ORIENTED_EDGE('',*,*,#15300,.F.);
#15300 = EDGE_CURVE('',#15202,#15278,#15301,.T.);
#15301 = SURFACE_CURVE('',#15302,(#15306,#15313),.PCURVE_S1.);
#15302 = LINE('',#15303,#15304);
#15303 = CARTESIAN_POINT('',(-28.,-5.,4.1));
#15304 = VECTOR('',#15305,1.);
#15305 = DIRECTION('',(1.,0.,0.));
#15306 = PCURVE('',#15217,#15307);
#15307 = DEFINITIONAL_REPRESENTATION('',(#15308),#15312);
#15308 = LINE('',#15309,#15310);
#15309 = CARTESIAN_POINT('',(0.,0.));
#15310 = VECTOR('',#15311,1.);
#15311 = DIRECTION('',(1.,0.));
#15312 = ( GEOMETRIC_REPRESENTATION_CONTEXT(2) 
PARAMETRIC_REPRESENTATION_CONTEXT() REPRESENTATION_CONTEXT('2D SPACE',''
  ) );
#15313 = PCURVE('',#14270,#15314);
#15314 = DEFINITIONAL_REPRESENTATION('',(#15315),#15319);
#15315 = LINE('',#15316,#15317);
#15316 = CARTESIAN_POINT('',(4.,3.));
#15317 = VECTOR('',#15318,1.);
#15318 = DIRECTION('',(1.,0.));
#15319 = ( GEOMETRIC_REPRESENTATION_CONTEXT(2) 
PARAMETRIC_REPRESENTATION_CONTEXT() REPRESENTATION_CONTEXT('2D SPACE',''
  ) );
#15320 = FACE_BOUND('',#15321,.F.);
#15321 = EDGE_LOOP('',(#15322));
#15322 = ORIENTED_EDGE('',*,*,#15323,.F.);
#15323 = EDGE_CURVE('',#15324,#15324,#15326,.T.);
#15324 = VERTEX_POINT('',#15325);
#15325 = CARTESIAN_POINT('',(-19.1,-5.,0.));
#15326 = SURFACE_CURVE('',#15327,(#15332,#15339),.PCURVE_S1.);
#15327 = CIRCLE('',#15328,1.1);
#15328 = AXIS2_PLACEMENT_3D('',#15329,#15330,#15331);
#15329 = CARTESIAN_POINT('',(-18.,-5.,0.));
#15330 = DIRECTION('',(0.,-1.,0.));
#15331 = DIRECTION('',(-1.,0.,0.));
#15332 = PCURVE('',#15217,#15333);
#15333 = DEFINITIONAL_REPRESENTATION('',(#15334),#15338);
#15334 = CIRCLE('',#15335,1.1);
#15335 = AXIS2_PLACEMENT_2D('',#15336,#15337);
#15336 = CARTESIAN_POINT('',(10.,-4.1));
#15337 = DIRECTION('',(-1.,0.));
#15338 = ( GEOMETRIC_REPRESENTATION_CONTEXT(2) 
PARAMETRIC_REPRESENTATION_CONTEXT() REPRESENTATION_CONTEXT('2D SPACE',''
  ) );
#15339 = PCURVE('',#15340,#15345);
#15340 = CYLINDRICAL_SURFACE('',#15341,1.1);
#15341 = AXIS2_PLACEMENT_3D('',#15342,#15343,#15344);
#15342 = CARTESIAN_POINT('',(-18.,-56.0000002,0.));
#15343 = DIRECTION('',(0.,-1.,0.));
#15344 = DIRECTION('',(-1.,0.,0.));
#15345 = DEFINITIONAL_REPRESENTATION('',(#15346),#15350);
#15346 = LINE('',#15347,#15348);
#15347 = CARTESIAN_POINT('',(-6.28318530718,-51.0000002));
#15348 = VECTOR('',#15349,1.);
#15349 = DIRECTION('',(1.,-0.));
#15350 = ( GEOMETRIC_REPRESENTATION_CONTEXT(2) 
PARAMETRIC_REPRESENTATION_CONTEXT() REPRESENTATION_CONTEXT('2D SPACE',''
  ) );
#15351 = FACE_BOUND('',#15352,.F.);
#15352 = EDGE_LOOP('',(#15353));
#15353 = ORIENTED_EDGE('',*,*,#15354,.F.);
#15354 = EDGE_CURVE('',#15355,#15355,#15357,.T.);
#15355 = VERTEX_POINT('',#15356);
#15356 = CARTESIAN_POINT('',(-7.1,-5.,0.));
#15357 = SURFACE_CURVE('',#15358,(#15363,#15370),.PCURVE_S1.);
#15358 = CIRCLE('',#15359,1.1);
#15359 = AXIS2_PLACEMENT_3D('',#15360,#15361,#15362);
#15360 = CARTESIAN_POINT('',(-6.,-5.,0.));
#15361 = DIRECTION('',(0.,-1.,0.));
#15362 = DIRECTION('',(-1.,0.,0.));
#15363 = PCURVE('',#15217,#15364);
#15364 = DEFINITIONAL_REPRESENTATION('',(#15365),#15369);
#15365 = CIRCLE('',#15366,1.1);
#15366 = AXIS2_PLACEMENT_2D('',#15367,#15368);
#15367 = CARTESIAN_POINT('',(22.,-4.1));
#15368 = DIRECTION('',(-1.,0.));
#15369 = ( GEOMETRIC_REPRESENTATION_CONTEXT(2) 
PARAMETRIC_REPRESENTATION_CONTEXT() REPRESENTATION_CONTEXT('2D SPACE',''
  ) );
#15370 = PCURVE('',#15371,#15376);
#15371 = CYLINDRICAL_SURFACE('',#15372,1.1);
#15372 = AXIS2_PLACEMENT_3D('',#15373,#15374,#15375);
#15373 = CARTESIAN_POINT('',(-6.,-56.0000002,0.));
#15374 = DIRECTION('',(0.,-1.,0.));
#15375 = DIRECTION('',(-1.,0.,0.));
#15376 = DEFINITIONAL_REPRESENTATION('',(#15377),#15381);
#15377 = LINE('',#15378,#15379);
#15378 = CARTESIAN_POINT('',(-6.28318530718,-51.0000002));
#15379 = VECTOR('',#15380,1.);
#15380 = DIRECTION('',(1.,-0.));
#15381 = ( GEOMETRIC_REPRESENTATION_CONTEXT(2) 
PARAMETRIC_REPRESENTATION_CONTEXT() REPRESENTATION_CONTEXT('2D SPACE',''
  ) );
#15382 = FACE_BOUND('',#15383,.F.);
#15383 = EDGE_LOOP('',(#15384));
#15384 = ORIENTED_EDGE('',*,*,#15385,.F.);
#15385 = EDGE_CURVE('',#15386,#15386,#15388,.T.);
#15386 = VERTEX_POINT('',#15387);
#15387 = CARTESIAN_POINT('',(4.9,-5.,0.));
#15388 = SURFACE_CURVE('',#15389,(#15394,#15401),.PCURVE_S1.);
#15389 = CIRCLE('',#15390,1.1);
#15390 = AXIS2_PLACEMENT_3D('',#15391,#15392,#15393);
#15391 = CARTESIAN_POINT('',(6.,-5.,0.));
#15392 = DIRECTION('',(0.,-1.,0.));
#15393 = DIRECTION('',(-1.,0.,0.));
#15394 = PCURVE('',#15217,#15395);
#15395 = DEFINITIONAL_REPRESENTATION('',(#15396),#15400);
#15396 = CIRCLE('',#15397,1.1);
#15397 = AXIS2_PLACEMENT_2D('',#15398,#15399);
#15398 = CARTESIAN_POINT('',(34.,-4.1));
#15399 = DIRECTION('',(-1.,0.));
#15400 = ( GEOMETRIC_REPRESENTATION_CONTEXT(2) 
PARAMETRIC_REPRESENTATION_CONTEXT() REPRESENTATION_CONTEXT('2D SPACE',''
  ) );
#15401 = PCURVE('',#15402,#15407);
#15402 = CYLINDRICAL_SURFACE('',#15403,1.1);
#15403 = AXIS2_PLACEMENT_3D('',#15404,#15405,#15406);
#15404 = CARTESIAN_POINT('',(6.,-56.0000002,0.));
#15405 = DIRECTION('',(0.,-1.,0.));
#15406 = DIRECTION('',(-1.,0.,0.));
#15407 = DEFINITIONAL_REPRESENTATION('',(#15408),#15412);
#15408 = LINE('',#15409,#15410);
#15409 = CARTESIAN_POINT('',(-6.28318530718,-51.0000002));
#15410 = VECTOR('',#15411,1.);
#15411 = DIRECTION('',(1.,-0.));
#15412 = ( GEOMETRIC_REPRESENTATION_CONTEXT(2) 
PARAMETRIC_REPRESENTATION_CONTEXT() REPRESENTATION_CONTEXT('2D SPACE',''
  ) );
#15413 = FACE_BOUND('',#15414,.F.);
#15414 = EDGE_LOOP('',(#15415));
#15415 = ORIENTED_EDGE('',*,*,#15416,.F.);
#15416 = EDGE_CURVE('',#15417,#15417,#15419,.T.);
#15417 = VERTEX_POINT('',#15418);
#15418 = CARTESIAN_POINT('',(16.9,-5.,0.));
#15419 = SURFACE_CURVE('',#15420,(#15425,#15432),.PCURVE_S1.);
#15420 = CIRCLE('',#15421,1.1);
#15421 = AXIS2_PLACEMENT_3D('',#15422,#15423,#15424);
#15422 = CARTESIAN_POINT('',(18.,-5.,0.));
#15423 = DIRECTION('',(0.,-1.,0.));
#15424 = DIRECTION('',(-1.,0.,0.));
#15425 = PCURVE('',#15217,#15426);
#15426 = DEFINITIONAL_REPRESENTATION('',(#15427),#15431);
#15427 = CIRCLE('',#15428,1.1);
#15428 = AXIS2_PLACEMENT_2D('',#15429,#15430);
#15429 = CARTESIAN_POINT('',(46.,-4.1));
#15430 = DIRECTION('',(-1.,0.));
#15431 = ( GEOMETRIC_REPRESENTATION_CONTEXT(2) 
PARAMETRIC_REPRESENTATION_CONTEXT() REPRESENTATION_CONTEXT('2D SPACE',''
  ) );
#15432 = PCURVE('',#15433,#15438);
#15433 = CYLINDRICAL_SURFACE('',#15434,1.1);
#15434 = AXIS2_PLACEMENT_3D('',#15435,#15436,#15437);
#15435 = CARTESIAN_POINT('',(18.,-56.0000002,0.));
#15436 = DIRECTION('',(0.,-1.,0.));
#15437 = DIRECTION('',(-1.,0.,0.));
#15438 = DEFINITIONAL_REPRESENTATION('',(#15439),#15443);
#15439 = LINE('',#15440,#15441);
#15440 = CARTESIAN_POINT('',(-6.28318530718,-51.0000002));
#15441 = VECTOR('',#15442,1.);
#15442 = DIRECTION('',(1.,-0.));
#15443 = ( GEOMETRIC_REPRESENTATION_CONTEXT(2) 
PARAMETRIC_REPRESENTATION_CONTEXT() REPRESENTATION_CONTEXT('2D SPACE',''
  ) );
#15444 = ADVANCED_FACE('',(#15445),#15433,.F.);
#15445 = FACE_BOUND('',#15446,.T.);
#15446 = EDGE_LOOP('',(#15447,#15471,#15492,#15493));
#15447 = ORIENTED_EDGE('',*,*,#15448,.F.);
#15448 = EDGE_CURVE('',#15449,#15449,#15451,.T.);
#15449 = VERTEX_POINT('',#15450);
#15450 = CARTESIAN_POINT('',(16.9,-8.,0.));
#15451 = SURFACE_CURVE('',#15452,(#15457,#15464),.PCURVE_S1.);
#15452 = CIRCLE('',#15453,1.1);
#15453 = AXIS2_PLACEMENT_3D('',#15454,#15455,#15456);
#15454 = CARTESIAN_POINT('',(18.,-8.,-1.415534356397E-15));
#15455 = DIRECTION('',(-0.,1.,0.));
#15456 = DIRECTION('',(-1.,-0.,1.531778774736E-15));
#15457 = PCURVE('',#15433,#15458);
#15458 = DEFINITIONAL_REPRESENTATION('',(#15459),#15463);
#15459 = LINE('',#15460,#15461);
#15460 = CARTESIAN_POINT('',(-0.,-48.0000002));
#15461 = VECTOR('',#15462,1.);
#15462 = DIRECTION('',(-1.,-0.));
#15463 = ( GEOMETRIC_REPRESENTATION_CONTEXT(2) 
PARAMETRIC_REPRESENTATION_CONTEXT() REPRESENTATION_CONTEXT('2D SPACE',''
  ) );
#15464 = PCURVE('',#14408,#15465);
#15465 = DEFINITIONAL_REPRESENTATION('',(#15466),#15470);
#15466 = CIRCLE('',#15467,1.1);
#15467 = AXIS2_PLACEMENT_2D('',#15468,#15469);
#15468 = CARTESIAN_POINT('',(4.1,50.));
#15469 = DIRECTION('',(1.531778774736E-15,-1.));
#15470 = ( GEOMETRIC_REPRESENTATION_CONTEXT(2) 
PARAMETRIC_REPRESENTATION_CONTEXT() REPRESENTATION_CONTEXT('2D SPACE',''
  ) );
#15471 = ORIENTED_EDGE('',*,*,#15472,.T.);
#15472 = EDGE_CURVE('',#15449,#15417,#15473,.T.);
#15473 = SEAM_CURVE('',#15474,(#15478,#15485),.PCURVE_S1.);
#15474 = LINE('',#15475,#15476);
#15475 = CARTESIAN_POINT('',(16.9,-56.0000002,0.));
#15476 = VECTOR('',#15477,1.);
#15477 = DIRECTION('',(0.,1.,0.));
#15478 = PCURVE('',#15433,#15479);
#15479 = DEFINITIONAL_REPRESENTATION('',(#15480),#15484);
#15480 = LINE('',#15481,#15482);
#15481 = CARTESIAN_POINT('',(-0.,0.));
#15482 = VECTOR('',#15483,1.);
#15483 = DIRECTION('',(-0.,-1.));
#15484 = ( GEOMETRIC_REPRESENTATION_CONTEXT(2) 
PARAMETRIC_REPRESENTATION_CONTEXT() REPRESENTATION_CONTEXT('2D SPACE',''
  ) );
#15485 = PCURVE('',#15433,#15486);
#15486 = DEFINITIONAL_REPRESENTATION('',(#15487),#15491);
#15487 = LINE('',#15488,#15489);
#15488 = CARTESIAN_POINT('',(-6.28318530718,0.));
#15489 = VECTOR('',#15490,1.);
#15490 = DIRECTION('',(-0.,-1.));
#15491 = ( GEOMETRIC_REPRESENTATION_CONTEXT(2) 
PARAMETRIC_REPRESENTATION_CONTEXT() REPRESENTATION_CONTEXT('2D SPACE',''
  ) );
#15492 = ORIENTED_EDGE('',*,*,#15416,.F.);
#15493 = ORIENTED_EDGE('',*,*,#15472,.F.);
#15494 = ADVANCED_FACE('',(#15495),#15402,.F.);
#15495 = FACE_BOUND('',#15496,.T.);
#15496 = EDGE_LOOP('',(#15497,#15521,#15542,#15543));
#15497 = ORIENTED_EDGE('',*,*,#15498,.F.);
#15498 = EDGE_CURVE('',#15499,#15499,#15501,.T.);
#15499 = VERTEX_POINT('',#15500);
#15500 = CARTESIAN_POINT('',(4.9,-8.,0.));
#15501 = SURFACE_CURVE('',#15502,(#15507,#15514),.PCURVE_S1.);
#15502 = CIRCLE('',#15503,1.1);
#15503 = AXIS2_PLACEMENT_3D('',#15504,#15505,#15506);
#15504 = CARTESIAN_POINT('',(6.,-8.,4.718447854657E-16));
#15505 = DIRECTION('',(0.,1.,0.));
#15506 = DIRECTION('',(-1.,0.,-1.840204451393E-16));
#15507 = PCURVE('',#15402,#15508);
#15508 = DEFINITIONAL_REPRESENTATION('',(#15509),#15513);
#15509 = LINE('',#15510,#15511);
#15510 = CARTESIAN_POINT('',(-0.,-48.0000002));
#15511 = VECTOR('',#15512,1.);
#15512 = DIRECTION('',(-1.,-0.));
#15513 = ( GEOMETRIC_REPRESENTATION_CONTEXT(2) 
PARAMETRIC_REPRESENTATION_CONTEXT() REPRESENTATION_CONTEXT('2D SPACE',''
  ) );
#15514 = PCURVE('',#14408,#15515);
#15515 = DEFINITIONAL_REPRESENTATION('',(#15516),#15520);
#15516 = CIRCLE('',#15517,1.1);
#15517 = AXIS2_PLACEMENT_2D('',#15518,#15519);
#15518 = CARTESIAN_POINT('',(4.1,38.));
#15519 = DIRECTION('',(-1.840204451393E-16,-1.));
#15520 = ( GEOMETRIC_REPRESENTATION_CONTEXT(2) 
PARAMETRIC_REPRESENTATION_CONTEXT() REPRESENTATION_CONTEXT('2D SPACE',''
  ) );
#15521 = ORIENTED_EDGE('',*,*,#15522,.T.);
#15522 = EDGE_CURVE('',#15499,#15386,#15523,.T.);
#15523 = SEAM_CURVE('',#15524,(#15528,#15535),.PCURVE_S1.);
#15524 = LINE('',#15525,#15526);
#15525 = CARTESIAN_POINT('',(4.9,-56.0000002,0.));
#15526 = VECTOR('',#15527,1.);
#15527 = DIRECTION('',(0.,1.,0.));
#15528 = PCURVE('',#15402,#15529);
#15529 = DEFINITIONAL_REPRESENTATION('',(#15530),#15534);
#15530 = LINE('',#15531,#15532);
#15531 = CARTESIAN_POINT('',(-0.,0.));
#15532 = VECTOR('',#15533,1.);
#15533 = DIRECTION('',(-0.,-1.));
#15534 = ( GEOMETRIC_REPRESENTATION_CONTEXT(2) 
PARAMETRIC_REPRESENTATION_CONTEXT() REPRESENTATION_CONTEXT('2D SPACE',''
  ) );
#15535 = PCURVE('',#15402,#15536);
#15536 = DEFINITIONAL_REPRESENTATION('',(#15537),#15541);
#15537 = LINE('',#15538,#15539);
#15538 = CARTESIAN_POINT('',(-6.28318530718,0.));
#15539 = VECTOR('',#15540,1.);
#15540 = DIRECTION('',(-0.,-1.));
#15541 = ( GEOMETRIC_REPRESENTATION_CONTEXT(2) 
PARAMETRIC_REPRESENTATION_CONTEXT() REPRESENTATION_CONTEXT('2D SPACE',''
  ) );
#15542 = ORIENTED_EDGE('',*,*,#15385,.F.);
#15543 = ORIENTED_EDGE('',*,*,#15522,.F.);
#15544 = ADVANCED_FACE('',(#15545),#15371,.F.);
#15545 = FACE_BOUND('',#15546,.T.);
#15546 = EDGE_LOOP('',(#15547,#15571,#15592,#15593));
#15547 = ORIENTED_EDGE('',*,*,#15548,.F.);
#15548 = EDGE_CURVE('',#15549,#15549,#15551,.T.);
#15549 = VERTEX_POINT('',#15550);
#15550 = CARTESIAN_POINT('',(-7.1,-8.,0.));
#15551 = SURFACE_CURVE('',#15552,(#15557,#15564),.PCURVE_S1.);
#15552 = CIRCLE('',#15553,1.1);
#15553 = AXIS2_PLACEMENT_3D('',#15554,#15555,#15556);
#15554 = CARTESIAN_POINT('',(-6.,-8.,4.718447854657E-16));
#15555 = DIRECTION('',(0.,1.,0.));
#15556 = DIRECTION('',(-1.,0.,-1.840204451393E-16));
#15557 = PCURVE('',#15371,#15558);
#15558 = DEFINITIONAL_REPRESENTATION('',(#15559),#15563);
#15559 = LINE('',#15560,#15561);
#15560 = CARTESIAN_POINT('',(-0.,-48.0000002));
#15561 = VECTOR('',#15562,1.);
#15562 = DIRECTION('',(-1.,-0.));
#15563 = ( GEOMETRIC_REPRESENTATION_CONTEXT(2) 
PARAMETRIC_REPRESENTATION_CONTEXT() REPRESENTATION_CONTEXT('2D SPACE',''
  ) );
#15564 = PCURVE('',#14408,#15565);
#15565 = DEFINITIONAL_REPRESENTATION('',(#15566),#15570);
#15566 = CIRCLE('',#15567,1.1);
#15567 = AXIS2_PLACEMENT_2D('',#15568,#15569);
#15568 = CARTESIAN_POINT('',(4.1,26.));
#15569 = DIRECTION('',(-1.840204451393E-16,-1.));
#15570 = ( GEOMETRIC_REPRESENTATION_CONTEXT(2) 
PARAMETRIC_REPRESENTATION_CONTEXT() REPRESENTATION_CONTEXT('2D SPACE',''
  ) );
#15571 = ORIENTED_EDGE('',*,*,#15572,.T.);
#15572 = EDGE_CURVE('',#15549,#15355,#15573,.T.);
#15573 = SEAM_CURVE('',#15574,(#15578,#15585),.PCURVE_S1.);
#15574 = LINE('',#15575,#15576);
#15575 = CARTESIAN_POINT('',(-7.1,-56.0000002,0.));
#15576 = VECTOR('',#15577,1.);
#15577 = DIRECTION('',(0.,1.,0.));
#15578 = PCURVE('',#15371,#15579);
#15579 = DEFINITIONAL_REPRESENTATION('',(#15580),#15584);
#15580 = LINE('',#15581,#15582);
#15581 = CARTESIAN_POINT('',(-0.,0.));
#15582 = VECTOR('',#15583,1.);
#15583 = DIRECTION('',(-0.,-1.));
#15584 = ( GEOMETRIC_REPRESENTATION_CONTEXT(2) 
PARAMETRIC_REPRESENTATION_CONTEXT() REPRESENTATION_CONTEXT('2D SPACE',''
  ) );
#15585 = PCURVE('',#15371,#15586);
#15586 = DEFINITIONAL_REPRESENTATION('',(#15587),#15591);
#15587 = LINE('',#15588,#15589);
#15588 = CARTESIAN_POINT('',(-6.28318530718,0.));
#15589 = VECTOR('',#15590,1.);
#15590 = DIRECTION('',(-0.,-1.));
#15591 = ( GEOMETRIC_REPRESENTATION_CONTEXT(2) 
PARAMETRIC_REPRESENTATION_CONTEXT() REPRESENTATION_CONTEXT('2D SPACE',''
  ) );
#15592 = ORIENTED_EDGE('',*,*,#15354,.F.);
#15593 = ORIENTED_EDGE('',*,*,#15572,.F.);
#15594 = ADVANCED_FACE('',(#15595),#15340,.F.);
#15595 = FACE_BOUND('',#15596,.T.);
#15596 = EDGE_LOOP('',(#15597,#15621,#15642,#15643));
#15597 = ORIENTED_EDGE('',*,*,#15598,.F.);
#15598 = EDGE_CURVE('',#15599,#15599,#15601,.T.);
#15599 = VERTEX_POINT('',#15600);
#15600 = CARTESIAN_POINT('',(-19.1,-8.,0.));
#15601 = SURFACE_CURVE('',#15602,(#15607,#15614),.PCURVE_S1.);
#15602 = CIRCLE('',#15603,1.1);
#15603 = AXIS2_PLACEMENT_3D('',#15604,#15605,#15606);
#15604 = CARTESIAN_POINT('',(-18.,-8.,-1.415534356397E-15));
#15605 = DIRECTION('',(-0.,1.,0.));
#15606 = DIRECTION('',(-1.,-0.,1.531778774736E-15));
#15607 = PCURVE('',#15340,#15608);
#15608 = DEFINITIONAL_REPRESENTATION('',(#15609),#15613);
#15609 = LINE('',#15610,#15611);
#15610 = CARTESIAN_POINT('',(-0.,-48.0000002));
#15611 = VECTOR('',#15612,1.);
#15612 = DIRECTION('',(-1.,-0.));
#15613 = ( GEOMETRIC_REPRESENTATION_CONTEXT(2) 
PARAMETRIC_REPRESENTATION_CONTEXT() REPRESENTATION_CONTEXT('2D SPACE',''
  ) );
#15614 = PCURVE('',#14408,#15615);
#15615 = DEFINITIONAL_REPRESENTATION('',(#15616),#15620);
#15616 = CIRCLE('',#15617,1.1);
#15617 = AXIS2_PLACEMENT_2D('',#15618,#15619);
#15618 = CARTESIAN_POINT('',(4.1,14.));
#15619 = DIRECTION('',(1.531778774736E-15,-1.));
#15620 = ( GEOMETRIC_REPRESENTATION_CONTEXT(2) 
PARAMETRIC_REPRESENTATION_CONTEXT() REPRESENTATION_CONTEXT('2D SPACE',''
  ) );
#15621 = ORIENTED_EDGE('',*,*,#15622,.T.);
#15622 = EDGE_CURVE('',#15599,#15324,#15623,.T.);
#15623 = SEAM_CURVE('',#15624,(#15628,#15635),.PCURVE_S1.);
#15624 = LINE('',#15625,#15626);
#15625 = CARTESIAN_POINT('',(-19.1,-56.0000002,0.));
#15626 = VECTOR('',#15627,1.);
#15627 = DIRECTION('',(0.,1.,0.));
#15628 = PCURVE('',#15340,#15629);
#15629 = DEFINITIONAL_REPRESENTATION('',(#15630),#15634);
#15630 = LINE('',#15631,#15632);
#15631 = CARTESIAN_POINT('',(-0.,0.));
#15632 = VECTOR('',#15633,1.);
#15633 = DIRECTION('',(-0.,-1.));
#15634 = ( GEOMETRIC_REPRESENTATION_CONTEXT(2) 
PARAMETRIC_REPRESENTATION_CONTEXT() REPRESENTATION_CONTEXT('2D SPACE',''
  ) );
#15635 = PCURVE('',#15340,#15636);
#15636 = DEFINITIONAL_REPRESENTATION('',(#15637),#15641);
#15637 = LINE('',#15638,#15639);
#15638 = CARTESIAN_POINT('',(-6.28318530718,0.));
#15639 = VECTOR('',#15640,1.);
#15640 = DIRECTION('',(-0.,-1.));
#15641 = ( GEOMETRIC_REPRESENTATION_CONTEXT(2) 
PARAMETRIC_REPRESENTATION_CONTEXT() REPRESENTATION_CONTEXT('2D SPACE',''
  ) );
#15642 = ORIENTED_EDGE('',*,*,#15323,.F.);
#15643 = ORIENTED_EDGE('',*,*,#15622,.F.);
#15644 = ADVANCED_FACE('',(#15645),#15032,.T.);
#15645 = FACE_BOUND('',#15646,.T.);
#15646 = EDGE_LOOP('',(#15647,#15648,#15669,#15670));
#15647 = ORIENTED_EDGE('',*,*,#15254,.T.);
#15648 = ORIENTED_EDGE('',*,*,#15649,.T.);
#15649 = EDGE_CURVE('',#15255,#14989,#15650,.T.);
#15650 = SURFACE_CURVE('',#15651,(#15655,#15662),.PCURVE_S1.);
#15651 = LINE('',#15652,#15653);
#15652 = CARTESIAN_POINT('',(28.,-5.,-1.3));
#15653 = VECTOR('',#15654,1.);
#15654 = DIRECTION('',(0.,1.,0.));
#15655 = PCURVE('',#15032,#15656);
#15656 = DEFINITIONAL_REPRESENTATION('',(#15657),#15661);
#15657 = LINE('',#15658,#15659);
#15658 = CARTESIAN_POINT('',(28.,-5.));
#15659 = VECTOR('',#15660,1.);
#15660 = DIRECTION('',(0.,1.));
#15661 = ( GEOMETRIC_REPRESENTATION_CONTEXT(2) 
PARAMETRIC_REPRESENTATION_CONTEXT() REPRESENTATION_CONTEXT('2D SPACE',''
  ) );
#15662 = PCURVE('',#15004,#15663);
#15663 = DEFINITIONAL_REPRESENTATION('',(#15664),#15668);
#15664 = LINE('',#15665,#15666);
#15665 = CARTESIAN_POINT('',(0.,-5.4));
#15666 = VECTOR('',#15667,1.);
#15667 = DIRECTION('',(1.,0.));
#15668 = ( GEOMETRIC_REPRESENTATION_CONTEXT(2) 
PARAMETRIC_REPRESENTATION_CONTEXT() REPRESENTATION_CONTEXT('2D SPACE',''
  ) );
#15669 = ORIENTED_EDGE('',*,*,#15016,.T.);
#15670 = ORIENTED_EDGE('',*,*,#15178,.T.);
#15671 = ADVANCED_FACE('',(#15672),#15004,.F.);
#15672 = FACE_BOUND('',#15673,.F.);
#15673 = EDGE_LOOP('',(#15674,#15675,#15676,#15677));
#15674 = ORIENTED_EDGE('',*,*,#15277,.T.);
#15675 = ORIENTED_EDGE('',*,*,#15649,.T.);
#15676 = ORIENTED_EDGE('',*,*,#14986,.F.);
#15677 = ORIENTED_EDGE('',*,*,#15678,.F.);
#15678 = EDGE_CURVE('',#15278,#14987,#15679,.T.);
#15679 = SURFACE_CURVE('',#15680,(#15684,#15691),.PCURVE_S1.);
#15680 = LINE('',#15681,#15682);
#15681 = CARTESIAN_POINT('',(28.,-5.,4.1));
#15682 = VECTOR('',#15683,1.);
#15683 = DIRECTION('',(0.,1.,0.));
#15684 = PCURVE('',#15004,#15685);
#15685 = DEFINITIONAL_REPRESENTATION('',(#15686),#15690);
#15686 = LINE('',#15687,#15688);
#15687 = CARTESIAN_POINT('',(0.,0.));
#15688 = VECTOR('',#15689,1.);
#15689 = DIRECTION('',(1.,0.));
#15690 = ( GEOMETRIC_REPRESENTATION_CONTEXT(2) 
PARAMETRIC_REPRESENTATION_CONTEXT() REPRESENTATION_CONTEXT('2D SPACE',''
  ) );
#15691 = PCURVE('',#14270,#15692);
#15692 = DEFINITIONAL_REPRESENTATION('',(#15693),#15697);
#15693 = LINE('',#15694,#15695);
#15694 = CARTESIAN_POINT('',(60.,3.));
#15695 = VECTOR('',#15696,1.);
#15696 = DIRECTION('',(0.,1.));
#15697 = ( GEOMETRIC_REPRESENTATION_CONTEXT(2) 
PARAMETRIC_REPRESENTATION_CONTEXT() REPRESENTATION_CONTEXT('2D SPACE',''
  ) );
#15698 = ADVANCED_FACE('',(#15699),#14881,.F.);
#15699 = FACE_BOUND('',#15700,.T.);
#15700 = EDGE_LOOP('',(#15701,#15702,#15723,#15724));
#15701 = ORIENTED_EDGE('',*,*,#15098,.F.);
#15702 = ORIENTED_EDGE('',*,*,#15703,.T.);
#15703 = EDGE_CURVE('',#15099,#14861,#15704,.T.);
#15704 = SEAM_CURVE('',#15705,(#15709,#15716),.PCURVE_S1.);
#15705 = LINE('',#15706,#15707);
#15706 = CARTESIAN_POINT('',(4.9,-56.0000002,0.));
#15707 = VECTOR('',#15708,1.);
#15708 = DIRECTION('',(0.,1.,0.));
#15709 = PCURVE('',#14881,#15710);
#15710 = DEFINITIONAL_REPRESENTATION('',(#15711),#15715);
#15711 = LINE('',#15712,#15713);
#15712 = CARTESIAN_POINT('',(-0.,0.));
#15713 = VECTOR('',#15714,1.);
#15714 = DIRECTION('',(-0.,-1.));
#15715 = ( GEOMETRIC_REPRESENTATION_CONTEXT(2) 
PARAMETRIC_REPRESENTATION_CONTEXT() REPRESENTATION_CONTEXT('2D SPACE',''
  ) );
#15716 = PCURVE('',#14881,#15717);
#15717 = DEFINITIONAL_REPRESENTATION('',(#15718),#15722);
#15718 = LINE('',#15719,#15720);
#15719 = CARTESIAN_POINT('',(-6.28318530718,0.));
#15720 = VECTOR('',#15721,1.);
#15721 = DIRECTION('',(-0.,-1.));
#15722 = ( GEOMETRIC_REPRESENTATION_CONTEXT(2) 
PARAMETRIC_REPRESENTATION_CONTEXT() REPRESENTATION_CONTEXT('2D SPACE',''
  ) );
#15723 = ORIENTED_EDGE('',*,*,#14860,.F.);
#15724 = ORIENTED_EDGE('',*,*,#15703,.F.);
#15725 = ADVANCED_FACE('',(#15726),#14846,.F.);
#15726 = FACE_BOUND('',#15727,.T.);
#15727 = EDGE_LOOP('',(#15728,#15729,#15750,#15751));
#15728 = ORIENTED_EDGE('',*,*,#15124,.F.);
#15729 = ORIENTED_EDGE('',*,*,#15730,.T.);
#15730 = EDGE_CURVE('',#15125,#14826,#15731,.T.);
#15731 = SEAM_CURVE('',#15732,(#15736,#15743),.PCURVE_S1.);
#15732 = LINE('',#15733,#15734);
#15733 = CARTESIAN_POINT('',(-7.1,-56.0000002,0.));
#15734 = VECTOR('',#15735,1.);
#15735 = DIRECTION('',(0.,1.,0.));
#15736 = PCURVE('',#14846,#15737);
#15737 = DEFINITIONAL_REPRESENTATION('',(#15738),#15742);
#15738 = LINE('',#15739,#15740);
#15739 = CARTESIAN_POINT('',(-0.,0.));
#15740 = VECTOR('',#15741,1.);
#15741 = DIRECTION('',(-0.,-1.));
#15742 = ( GEOMETRIC_REPRESENTATION_CONTEXT(2) 
PARAMETRIC_REPRESENTATION_CONTEXT() REPRESENTATION_CONTEXT('2D SPACE',''
  ) );
#15743 = PCURVE('',#14846,#15744);
#15744 = DEFINITIONAL_REPRESENTATION('',(#15745),#15749);
#15745 = LINE('',#15746,#15747);
#15746 = CARTESIAN_POINT('',(-6.28318530718,0.));
#15747 = VECTOR('',#15748,1.);
#15748 = DIRECTION('',(-0.,-1.));
#15749 = ( GEOMETRIC_REPRESENTATION_CONTEXT(2) 
PARAMETRIC_REPRESENTATION_CONTEXT() REPRESENTATION_CONTEXT('2D SPACE',''
  ) );
#15750 = ORIENTED_EDGE('',*,*,#14825,.F.);
#15751 = ORIENTED_EDGE('',*,*,#15730,.F.);
#15752 = ADVANCED_FACE('',(#15753),#14811,.F.);
#15753 = FACE_BOUND('',#15754,.T.);
#15754 = EDGE_LOOP('',(#15755,#15756,#15777,#15778));
#15755 = ORIENTED_EDGE('',*,*,#15150,.F.);
#15756 = ORIENTED_EDGE('',*,*,#15757,.T.);
#15757 = EDGE_CURVE('',#15151,#14791,#15758,.T.);
#15758 = SEAM_CURVE('',#15759,(#15763,#15770),.PCURVE_S1.);
#15759 = LINE('',#15760,#15761);
#15760 = CARTESIAN_POINT('',(-19.1,-56.0000002,0.));
#15761 = VECTOR('',#15762,1.);
#15762 = DIRECTION('',(0.,1.,0.));
#15763 = PCURVE('',#14811,#15764);
#15764 = DEFINITIONAL_REPRESENTATION('',(#15765),#15769);
#15765 = LINE('',#15766,#15767);
#15766 = CARTESIAN_POINT('',(-0.,0.));
#15767 = VECTOR('',#15768,1.);
#15768 = DIRECTION('',(-0.,-1.));
#15769 = ( GEOMETRIC_REPRESENTATION_CONTEXT(2) 
PARAMETRIC_REPRESENTATION_CONTEXT() REPRESENTATION_CONTEXT('2D SPACE',''
  ) );
#15770 = PCURVE('',#14811,#15771);
#15771 = DEFINITIONAL_REPRESENTATION('',(#15772),#15776);
#15772 = LINE('',#15773,#15774);
#15773 = CARTESIAN_POINT('',(-6.28318530718,0.));
#15774 = VECTOR('',#15775,1.);
#15775 = DIRECTION('',(-0.,-1.));
#15776 = ( GEOMETRIC_REPRESENTATION_CONTEXT(2) 
PARAMETRIC_REPRESENTATION_CONTEXT() REPRESENTATION_CONTEXT('2D SPACE',''
  ) );
#15777 = ORIENTED_EDGE('',*,*,#14790,.F.);
#15778 = ORIENTED_EDGE('',*,*,#15757,.F.);
#15779 = ADVANCED_FACE('',(#15780,#15828,#15831,#15834,#15837),#14408,
  .F.);
#15780 = FACE_BOUND('',#15781,.F.);
#15781 = EDGE_LOOP('',(#15782,#15783,#15806,#15827));
#15782 = ORIENTED_EDGE('',*,*,#14392,.F.);
#15783 = ORIENTED_EDGE('',*,*,#15784,.T.);
#15784 = EDGE_CURVE('',#14369,#15785,#15787,.T.);
#15785 = VERTEX_POINT('',#15786);
#15786 = CARTESIAN_POINT('',(-31.,-8.,4.1));
#15787 = SURFACE_CURVE('',#15788,(#15792,#15799),.PCURVE_S1.);
#15788 = LINE('',#15789,#15790);
#15789 = CARTESIAN_POINT('',(-31.,-8.,-4.1));
#15790 = VECTOR('',#15791,1.);
#15791 = DIRECTION('',(0.,0.,1.));
#15792 = PCURVE('',#14408,#15793);
#15793 = DEFINITIONAL_REPRESENTATION('',(#15794),#15798);
#15794 = LINE('',#15795,#15796);
#15795 = CARTESIAN_POINT('',(0.,1.));
#15796 = VECTOR('',#15797,1.);
#15797 = DIRECTION('',(1.,0.));
#15798 = ( GEOMETRIC_REPRESENTATION_CONTEXT(2) 
PARAMETRIC_REPRESENTATION_CONTEXT() REPRESENTATION_CONTEXT('2D SPACE',''
  ) );
#15799 = PCURVE('',#14298,#15800);
#15800 = DEFINITIONAL_REPRESENTATION('',(#15801),#15805);
#15801 = LINE('',#15802,#15803);
#15802 = CARTESIAN_POINT('',(1.570796326795,0.));
#15803 = VECTOR('',#15804,1.);
#15804 = DIRECTION('',(0.,1.));
#15805 = ( GEOMETRIC_REPRESENTATION_CONTEXT(2) 
PARAMETRIC_REPRESENTATION_CONTEXT() REPRESENTATION_CONTEXT('2D SPACE',''
  ) );
#15806 = ORIENTED_EDGE('',*,*,#15807,.T.);
#15807 = EDGE_CURVE('',#15785,#14690,#15808,.T.);
#15808 = SURFACE_CURVE('',#15809,(#15813,#15820),.PCURVE_S1.);
#15809 = LINE('',#15810,#15811);
#15810 = CARTESIAN_POINT('',(-32.,-8.,4.1));
#15811 = VECTOR('',#15812,1.);
#15812 = DIRECTION('',(1.,0.,0.));
#15813 = PCURVE('',#14408,#15814);
#15814 = DEFINITIONAL_REPRESENTATION('',(#15815),#15819);
#15815 = LINE('',#15816,#15817);
#15816 = CARTESIAN_POINT('',(8.2,0.));
#15817 = VECTOR('',#15818,1.);
#15818 = DIRECTION('',(0.,1.));
#15819 = ( GEOMETRIC_REPRESENTATION_CONTEXT(2) 
PARAMETRIC_REPRESENTATION_CONTEXT() REPRESENTATION_CONTEXT('2D SPACE',''
  ) );
#15820 = PCURVE('',#14270,#15821);
#15821 = DEFINITIONAL_REPRESENTATION('',(#15822),#15826);
#15822 = LINE('',#15823,#15824);
#15823 = CARTESIAN_POINT('',(0.,0.));
#15824 = VECTOR('',#15825,1.);
#15825 = DIRECTION('',(1.,0.));
#15826 = ( GEOMETRIC_REPRESENTATION_CONTEXT(2) 
PARAMETRIC_REPRESENTATION_CONTEXT() REPRESENTATION_CONTEXT('2D SPACE',''
  ) );
#15827 = ORIENTED_EDGE('',*,*,#14689,.F.);
#15828 = FACE_BOUND('',#15829,.F.);
#15829 = EDGE_LOOP('',(#15830));
#15830 = ORIENTED_EDGE('',*,*,#15598,.F.);
#15831 = FACE_BOUND('',#15832,.F.);
#15832 = EDGE_LOOP('',(#15833));
#15833 = ORIENTED_EDGE('',*,*,#15548,.F.);
#15834 = FACE_BOUND('',#15835,.F.);
#15835 = EDGE_LOOP('',(#15836));
#15836 = ORIENTED_EDGE('',*,*,#15498,.F.);
#15837 = FACE_BOUND('',#15838,.F.);
#15838 = EDGE_LOOP('',(#15839));
#15839 = ORIENTED_EDGE('',*,*,#15448,.F.);
#15840 = ADVANCED_FACE('',(#15841),#14352,.T.);
#15841 = FACE_BOUND('',#15842,.F.);
#15842 = EDGE_LOOP('',(#15843,#15844,#15845,#15871));
#15843 = ORIENTED_EDGE('',*,*,#14538,.T.);
#15844 = ORIENTED_EDGE('',*,*,#14743,.T.);
#15845 = ORIENTED_EDGE('',*,*,#15846,.F.);
#15846 = EDGE_CURVE('',#14250,#14744,#15847,.T.);
#15847 = SURFACE_CURVE('',#15848,(#15853,#15860),.PCURVE_S1.);
#15848 = CIRCLE('',#15849,1.);
#15849 = AXIS2_PLACEMENT_3D('',#15850,#15851,#15852);
#15850 = CARTESIAN_POINT('',(-31.,7.,4.1));
#15851 = DIRECTION('',(-0.,-0.,-1.));
#15852 = DIRECTION('',(0.,-1.,0.));
#15853 = PCURVE('',#14352,#15854);
#15854 = DEFINITIONAL_REPRESENTATION('',(#15855),#15859);
#15855 = LINE('',#15856,#15857);
#15856 = CARTESIAN_POINT('',(1.570796326795,8.2));
#15857 = VECTOR('',#15858,1.);
#15858 = DIRECTION('',(-1.,0.));
#15859 = ( GEOMETRIC_REPRESENTATION_CONTEXT(2) 
PARAMETRIC_REPRESENTATION_CONTEXT() REPRESENTATION_CONTEXT('2D SPACE',''
  ) );
#15860 = PCURVE('',#14270,#15861);
#15861 = DEFINITIONAL_REPRESENTATION('',(#15862),#15870);
#15862 = ( BOUNDED_CURVE() B_SPLINE_CURVE(2,(#15863,#15864,#15865,#15866
    ,#15867,#15868,#15869),.UNSPECIFIED.,.T.,.F.) 
B_SPLINE_CURVE_WITH_KNOTS((1,2,2,2,2,1),(-2.094395102393,0.,
    2.094395102393,4.188790204786,6.28318530718,8.377580409573),
.UNSPECIFIED.) CURVE() GEOMETRIC_REPRESENTATION_ITEM() 
RATIONAL_B_SPLINE_CURVE((1.,0.5,1.,0.5,1.,0.5,1.)) REPRESENTATION_ITEM(
  '') );
#15863 = CARTESIAN_POINT('',(1.,14.));
#15864 = CARTESIAN_POINT('',(-0.732050807569,14.));
#15865 = CARTESIAN_POINT('',(0.133974596216,15.5));
#15866 = CARTESIAN_POINT('',(1.,17.));
#15867 = CARTESIAN_POINT('',(1.866025403784,15.5));
#15868 = CARTESIAN_POINT('',(2.732050807569,14.));
#15869 = CARTESIAN_POINT('',(1.,14.));
#15870 = ( GEOMETRIC_REPRESENTATION_CONTEXT(2) 
PARAMETRIC_REPRESENTATION_CONTEXT() REPRESENTATION_CONTEXT('2D SPACE',''
  ) );
#15871 = ORIENTED_EDGE('',*,*,#14338,.F.);
#15872 = ADVANCED_FACE('',(#15873),#14298,.T.);
#15873 = FACE_BOUND('',#15874,.T.);
#15874 = EDGE_LOOP('',(#15875,#15876,#15877,#15899));
#15875 = ORIENTED_EDGE('',*,*,#14368,.T.);
#15876 = ORIENTED_EDGE('',*,*,#15784,.T.);
#15877 = ORIENTED_EDGE('',*,*,#15878,.F.);
#15878 = EDGE_CURVE('',#14248,#15785,#15879,.T.);
#15879 = SURFACE_CURVE('',#15880,(#15885,#15892),.PCURVE_S1.);
#15880 = CIRCLE('',#15881,1.);
#15881 = AXIS2_PLACEMENT_3D('',#15882,#15883,#15884);
#15882 = CARTESIAN_POINT('',(-31.,-7.,4.1));
#15883 = DIRECTION('',(0.,0.,1.));
#15884 = DIRECTION('',(0.,-1.,0.));
#15885 = PCURVE('',#14298,#15886);
#15886 = DEFINITIONAL_REPRESENTATION('',(#15887),#15891);
#15887 = LINE('',#15888,#15889);
#15888 = CARTESIAN_POINT('',(-4.712388980385,8.2));
#15889 = VECTOR('',#15890,1.);
#15890 = DIRECTION('',(1.,0.));
#15891 = ( GEOMETRIC_REPRESENTATION_CONTEXT(2) 
PARAMETRIC_REPRESENTATION_CONTEXT() REPRESENTATION_CONTEXT('2D SPACE',''
  ) );
#15892 = PCURVE('',#14270,#15893);
#15893 = DEFINITIONAL_REPRESENTATION('',(#15894),#15898);
#15894 = CIRCLE('',#15895,1.);
#15895 = AXIS2_PLACEMENT_2D('',#15896,#15897);
#15896 = CARTESIAN_POINT('',(1.,1.));
#15897 = DIRECTION('',(0.,-1.));
#15898 = ( GEOMETRIC_REPRESENTATION_CONTEXT(2) 
PARAMETRIC_REPRESENTATION_CONTEXT() REPRESENTATION_CONTEXT('2D SPACE',''
  ) );
#15899 = ORIENTED_EDGE('',*,*,#14282,.F.);
#15900 = ADVANCED_FACE('',(#15901,#15911),#14270,.T.);
#15901 = FACE_BOUND('',#15902,.T.);
#15902 = EDGE_LOOP('',(#15903,#15904,#15905,#15906,#15907,#15908,#15909,
    #15910));
#15903 = ORIENTED_EDGE('',*,*,#14247,.F.);
#15904 = ORIENTED_EDGE('',*,*,#15878,.T.);
#15905 = ORIENTED_EDGE('',*,*,#15807,.T.);
#15906 = ORIENTED_EDGE('',*,*,#14712,.F.);
#15907 = ORIENTED_EDGE('',*,*,#14567,.T.);
#15908 = ORIENTED_EDGE('',*,*,#14662,.T.);
#15909 = ORIENTED_EDGE('',*,*,#14766,.F.);
#15910 = ORIENTED_EDGE('',*,*,#15846,.F.);
#15911 = FACE_BOUND('',#15912,.T.);
#15912 = EDGE_LOOP('',(#15913,#15914,#15915,#15916));
#15913 = ORIENTED_EDGE('',*,*,#15300,.F.);
#15914 = ORIENTED_EDGE('',*,*,#15229,.F.);
#15915 = ORIENTED_EDGE('',*,*,#15072,.F.);
#15916 = ORIENTED_EDGE('',*,*,#15678,.F.);
#15917 = ( GEOMETRIC_REPRESENTATION_CONTEXT(3) 
GLOBAL_UNCERTAINTY_ASSIGNED_CONTEXT((#15921)) 
GLOBAL_UNIT_ASSIGNED_CONTEXT((#15918,#15919,#15920)) 
REPRESENTATION_CONTEXT('Context #1',
  '3D Context with UNIT and UNCERTAINTY') );
#15918 = ( LENGTH_UNIT() NAMED_UNIT(*) SI_UNIT(.MILLI.,.METRE.) );
#15919 = ( NAMED_UNIT(*) PLANE_ANGLE_UNIT() SI_UNIT($,.RADIAN.) );
#15920 = ( NAMED_UNIT(*) SI_UNIT($,.STERADIAN.) SOLID_ANGLE_UNIT() );
#15921 = UNCERTAINTY_MEASURE_WITH_UNIT(LENGTH_MEASURE(1.E-07),#15918,
  'distance_accuracy_value','confusion accuracy');
#15922 = CONTEXT_DEPENDENT_SHAPE_REPRESENTATION(#15923,#15925);
#15923 = ( REPRESENTATION_RELATIONSHIP('','',#14240,#10) 
REPRESENTATION_RELATIONSHIP_WITH_TRANSFORMATION(#15924) 
SHAPE_REPRESENTATION_RELATIONSHIP() );
#15924 = ITEM_DEFINED_TRANSFORMATION('','',#11,#47);
#15925 = PRODUCT_DEFINITION_SHAPE('Placement','Placement of an item',
  #15926);
#15926 = NEXT_ASSEMBLY_USAGE_OCCURRENCE('9','09-cassette','',#5,#14235,$
  );
#15927 = PRODUCT_RELATED_PRODUCT_CATEGORY('part',$,(#14237));
#15928 = SHAPE_DEFINITION_REPRESENTATION(#15929,#15935);
#15929 = PRODUCT_DEFINITION_SHAPE('','',#15930);
#15930 = PRODUCT_DEFINITION('design','',#15931,#15934);
#15931 = PRODUCT_DEFINITION_FORMATION('','',#15932);
#15932 = PRODUCT('12-locator','12-locator','',(#15933));
#15933 = PRODUCT_CONTEXT('',#2,'mechanical');
#15934 = PRODUCT_DEFINITION_CONTEXT('part definition',#2,'design');
#15935 = ADVANCED_BREP_SHAPE_REPRESENTATION('',(#11,#15936),#16694);
#15936 = MANIFOLD_SOLID_BREP('',#15937);
#15937 = CLOSED_SHELL('',(#15938,#16058,#16293,#16343,#16397,#16552,
    #16579,#16606,#16633,#16660,#16667));
#15938 = ADVANCED_FACE('',(#15939),#15953,.F.);
#15939 = FACE_BOUND('',#15940,.F.);
#15940 = EDGE_LOOP('',(#15941,#15976,#16004,#16032));
#15941 = ORIENTED_EDGE('',*,*,#15942,.F.);
#15942 = EDGE_CURVE('',#15943,#15945,#15947,.T.);
#15943 = VERTEX_POINT('',#15944);
#15944 = CARTESIAN_POINT('',(-11.,-3.2,0.35));
#15945 = VERTEX_POINT('',#15946);
#15946 = CARTESIAN_POINT('',(-11.,3.2,0.35));
#15947 = SURFACE_CURVE('',#15948,(#15952,#15964),.PCURVE_S1.);
#15948 = LINE('',#15949,#15950);
#15949 = CARTESIAN_POINT('',(-11.,-4.,0.35));
#15950 = VECTOR('',#15951,1.);
#15951 = DIRECTION('',(0.,1.,0.));
#15952 = PCURVE('',#15953,#15958);
#15953 = PLANE('',#15954);
#15954 = AXIS2_PLACEMENT_3D('',#15955,#15956,#15957);
#15955 = CARTESIAN_POINT('',(-11.,-4.,-0.35));
#15956 = DIRECTION('',(1.,0.,0.));
#15957 = DIRECTION('',(0.,0.,1.));
#15958 = DEFINITIONAL_REPRESENTATION('',(#15959),#15963);
#15959 = LINE('',#15960,#15961);
#15960 = CARTESIAN_POINT('',(0.7,0.));
#15961 = VECTOR('',#15962,1.);
#15962 = DIRECTION('',(0.,-1.));
#15963 = ( GEOMETRIC_REPRESENTATION_CONTEXT(2) 
PARAMETRIC_REPRESENTATION_CONTEXT() REPRESENTATION_CONTEXT('2D SPACE',''
  ) );
#15964 = PCURVE('',#15965,#15970);
#15965 = PLANE('',#15966);
#15966 = AXIS2_PLACEMENT_3D('',#15967,#15968,#15969);
#15967 = CARTESIAN_POINT('',(-11.,-4.,0.35));
#15968 = DIRECTION('',(0.,0.,1.));
#15969 = DIRECTION('',(1.,0.,0.));
#15970 = DEFINITIONAL_REPRESENTATION('',(#15971),#15975);
#15971 = LINE('',#15972,#15973);
#15972 = CARTESIAN_POINT('',(0.,0.));
#15973 = VECTOR('',#15974,1.);
#15974 = DIRECTION('',(0.,1.));
#15975 = ( GEOMETRIC_REPRESENTATION_CONTEXT(2) 
PARAMETRIC_REPRESENTATION_CONTEXT() REPRESENTATION_CONTEXT('2D SPACE',''
  ) );
#15976 = ORIENTED_EDGE('',*,*,#15977,.F.);
#15977 = EDGE_CURVE('',#15978,#15943,#15980,.T.);
#15978 = VERTEX_POINT('',#15979);
#15979 = CARTESIAN_POINT('',(-11.,-3.2,-0.35));
#15980 = SURFACE_CURVE('',#15981,(#15985,#15992),.PCURVE_S1.);
#15981 = LINE('',#15982,#15983);
#15982 = CARTESIAN_POINT('',(-11.,-3.2,-0.35));
#15983 = VECTOR('',#15984,1.);
#15984 = DIRECTION('',(0.,0.,1.));
#15985 = PCURVE('',#15953,#15986);
#15986 = DEFINITIONAL_REPRESENTATION('',(#15987),#15991);
#15987 = LINE('',#15988,#15989);
#15988 = CARTESIAN_POINT('',(0.,-0.8));
#15989 = VECTOR('',#15990,1.);
#15990 = DIRECTION('',(1.,0.));
#15991 = ( GEOMETRIC_REPRESENTATION_CONTEXT(2) 
PARAMETRIC_REPRESENTATION_CONTEXT() REPRESENTATION_CONTEXT('2D SPACE',''
  ) );
#15992 = PCURVE('',#15993,#15998);
#15993 = CYLINDRICAL_SURFACE('',#15994,0.8);
#15994 = AXIS2_PLACEMENT_3D('',#15995,#15996,#15997);
#15995 = CARTESIAN_POINT('',(-10.2,-3.2,-0.35));
#15996 = DIRECTION('',(0.,0.,1.));
#15997 = DIRECTION('',(-1.,-0.,0.));
#15998 = DEFINITIONAL_REPRESENTATION('',(#15999),#16003);
#15999 = LINE('',#16000,#16001);
#16000 = CARTESIAN_POINT('',(0.,0.));
#16001 = VECTOR('',#16002,1.);
#16002 = DIRECTION('',(0.,1.));
#16003 = ( GEOMETRIC_REPRESENTATION_CONTEXT(2) 
PARAMETRIC_REPRESENTATION_CONTEXT() REPRESENTATION_CONTEXT('2D SPACE',''
  ) );
#16004 = ORIENTED_EDGE('',*,*,#16005,.T.);
#16005 = EDGE_CURVE('',#15978,#16006,#16008,.T.);
#16006 = VERTEX_POINT('',#16007);
#16007 = CARTESIAN_POINT('',(-11.,3.2,-0.35));
#16008 = SURFACE_CURVE('',#16009,(#16013,#16020),.PCURVE_S1.);
#16009 = LINE('',#16010,#16011);
#16010 = CARTESIAN_POINT('',(-11.,-4.,-0.35));
#16011 = VECTOR('',#16012,1.);
#16012 = DIRECTION('',(0.,1.,0.));
#16013 = PCURVE('',#15953,#16014);
#16014 = DEFINITIONAL_REPRESENTATION('',(#16015),#16019);
#16015 = LINE('',#16016,#16017);
#16016 = CARTESIAN_POINT('',(0.,0.));
#16017 = VECTOR('',#16018,1.);
#16018 = DIRECTION('',(0.,-1.));
#16019 = ( GEOMETRIC_REPRESENTATION_CONTEXT(2) 
PARAMETRIC_REPRESENTATION_CONTEXT() REPRESENTATION_CONTEXT('2D SPACE',''
  ) );
#16020 = PCURVE('',#16021,#16026);
#16021 = PLANE('',#16022);
#16022 = AXIS2_PLACEMENT_3D('',#16023,#16024,#16025);
#16023 = CARTESIAN_POINT('',(-11.,-4.,-0.35));
#16024 = DIRECTION('',(0.,0.,1.));
#16025 = DIRECTION('',(1.,0.,0.));
#16026 = DEFINITIONAL_REPRESENTATION('',(#16027),#16031);
#16027 = LINE('',#16028,#16029);
#16028 = CARTESIAN_POINT('',(0.,0.));
#16029 = VECTOR('',#16030,1.);
#16030 = DIRECTION('',(0.,1.));
#16031 = ( GEOMETRIC_REPRESENTATION_CONTEXT(2) 
PARAMETRIC_REPRESENTATION_CONTEXT() REPRESENTATION_CONTEXT('2D SPACE',''
  ) );
#16032 = ORIENTED_EDGE('',*,*,#16033,.T.);
#16033 = EDGE_CURVE('',#16006,#15945,#16034,.T.);
#16034 = SURFACE_CURVE('',#16035,(#16039,#16046),.PCURVE_S1.);
#16035 = LINE('',#16036,#16037);
#16036 = CARTESIAN_POINT('',(-11.,3.2,-0.35));
#16037 = VECTOR('',#16038,1.);
#16038 = DIRECTION('',(0.,0.,1.));
#16039 = PCURVE('',#15953,#16040);
#16040 = DEFINITIONAL_REPRESENTATION('',(#16041),#16045);
#16041 = LINE('',#16042,#16043);
#16042 = CARTESIAN_POINT('',(0.,-7.2));
#16043 = VECTOR('',#16044,1.);
#16044 = DIRECTION('',(1.,0.));
#16045 = ( GEOMETRIC_REPRESENTATION_CONTEXT(2) 
PARAMETRIC_REPRESENTATION_CONTEXT() REPRESENTATION_CONTEXT('2D SPACE',''
  ) );
#16046 = PCURVE('',#16047,#16052);
#16047 = CYLINDRICAL_SURFACE('',#16048,0.8);
#16048 = AXIS2_PLACEMENT_3D('',#16049,#16050,#16051);
#16049 = CARTESIAN_POINT('',(-10.2,3.2,-0.35));
#16050 = DIRECTION('',(0.,0.,1.));
#16051 = DIRECTION('',(-1.,-0.,0.));
#16052 = DEFINITIONAL_REPRESENTATION('',(#16053),#16057);
#16053 = LINE('',#16054,#16055);
#16054 = CARTESIAN_POINT('',(-0.,0.));
#16055 = VECTOR('',#16056,1.);
#16056 = DIRECTION('',(-0.,1.));
#16057 = ( GEOMETRIC_REPRESENTATION_CONTEXT(2) 
PARAMETRIC_REPRESENTATION_CONTEXT() REPRESENTATION_CONTEXT('2D SPACE',''
  ) );
#16058 = ADVANCED_FACE('',(#16059,#16258),#15965,.T.);
#16059 = FACE_BOUND('',#16060,.T.);
#16060 = EDGE_LOOP('',(#16061,#16062,#16086,#16114,#16147,#16175,#16204,
    #16232));
#16061 = ORIENTED_EDGE('',*,*,#15942,.F.);
#16062 = ORIENTED_EDGE('',*,*,#16063,.T.);
#16063 = EDGE_CURVE('',#15943,#16064,#16066,.T.);
#16064 = VERTEX_POINT('',#16065);
#16065 = CARTESIAN_POINT('',(-10.2,-4.,0.35));
#16066 = SURFACE_CURVE('',#16067,(#16072,#16079),.PCURVE_S1.);
#16067 = CIRCLE('',#16068,0.8);
#16068 = AXIS2_PLACEMENT_3D('',#16069,#16070,#16071);
#16069 = CARTESIAN_POINT('',(-10.2,-3.2,0.35));
#16070 = DIRECTION('',(0.,0.,1.));
#16071 = DIRECTION('',(0.,-1.,0.));
#16072 = PCURVE('',#15965,#16073);
#16073 = DEFINITIONAL_REPRESENTATION('',(#16074),#16078);
#16074 = CIRCLE('',#16075,0.8);
#16075 = AXIS2_PLACEMENT_2D('',#16076,#16077);
#16076 = CARTESIAN_POINT('',(0.8,0.8));
#16077 = DIRECTION('',(0.,-1.));
#16078 = ( GEOMETRIC_REPRESENTATION_CONTEXT(2) 
PARAMETRIC_REPRESENTATION_CONTEXT() REPRESENTATION_CONTEXT('2D SPACE',''
  ) );
#16079 = PCURVE('',#15993,#16080);
#16080 = DEFINITIONAL_REPRESENTATION('',(#16081),#16085);
#16081 = LINE('',#16082,#16083);
#16082 = CARTESIAN_POINT('',(-4.712388980385,0.7));
#16083 = VECTOR('',#16084,1.);
#16084 = DIRECTION('',(1.,0.));
#16085 = ( GEOMETRIC_REPRESENTATION_CONTEXT(2) 
PARAMETRIC_REPRESENTATION_CONTEXT() REPRESENTATION_CONTEXT('2D SPACE',''
  ) );
#16086 = ORIENTED_EDGE('',*,*,#16087,.T.);
#16087 = EDGE_CURVE('',#16064,#16088,#16090,.T.);
#16088 = VERTEX_POINT('',#16089);
#16089 = CARTESIAN_POINT('',(10.2,-4.,0.35));
#16090 = SURFACE_CURVE('',#16091,(#16095,#16102),.PCURVE_S1.);
#16091 = LINE('',#16092,#16093);
#16092 = CARTESIAN_POINT('',(-11.,-4.,0.35));
#16093 = VECTOR('',#16094,1.);
#16094 = DIRECTION('',(1.,0.,0.));
#16095 = PCURVE('',#15965,#16096);
#16096 = DEFINITIONAL_REPRESENTATION('',(#16097),#16101);
#16097 = LINE('',#16098,#16099);
#16098 = CARTESIAN_POINT('',(0.,0.));
#16099 = VECTOR('',#16100,1.);
#16100 = DIRECTION('',(1.,0.));
#16101 = ( GEOMETRIC_REPRESENTATION_CONTEXT(2) 
PARAMETRIC_REPRESENTATION_CONTEXT() REPRESENTATION_CONTEXT('2D SPACE',''
  ) );
#16102 = PCURVE('',#16103,#16108);
#16103 = PLANE('',#16104);
#16104 = AXIS2_PLACEMENT_3D('',#16105,#16106,#16107);
#16105 = CARTESIAN_POINT('',(-11.,-4.,-0.35));
#16106 = DIRECTION('',(0.,1.,0.));
#16107 = DIRECTION('',(0.,0.,1.));
#16108 = DEFINITIONAL_REPRESENTATION('',(#16109),#16113);
#16109 = LINE('',#16110,#16111);
#16110 = CARTESIAN_POINT('',(0.7,0.));
#16111 = VECTOR('',#16112,1.);
#16112 = DIRECTION('',(0.,1.));
#16113 = ( GEOMETRIC_REPRESENTATION_CONTEXT(2) 
PARAMETRIC_REPRESENTATION_CONTEXT() REPRESENTATION_CONTEXT('2D SPACE',''
  ) );
#16114 = ORIENTED_EDGE('',*,*,#16115,.F.);
#16115 = EDGE_CURVE('',#16116,#16088,#16118,.T.);
#16116 = VERTEX_POINT('',#16117);
#16117 = CARTESIAN_POINT('',(11.,-3.2,0.35));
#16118 = SURFACE_CURVE('',#16119,(#16124,#16135),.PCURVE_S1.);
#16119 = CIRCLE('',#16120,0.8);
#16120 = AXIS2_PLACEMENT_3D('',#16121,#16122,#16123);
#16121 = CARTESIAN_POINT('',(10.2,-3.2,0.35));
#16122 = DIRECTION('',(-0.,-0.,-1.));
#16123 = DIRECTION('',(0.,-1.,0.));
#16124 = PCURVE('',#15965,#16125);
#16125 = DEFINITIONAL_REPRESENTATION('',(#16126),#16134);
#16126 = ( BOUNDED_CURVE() B_SPLINE_CURVE(2,(#16127,#16128,#16129,#16130
    ,#16131,#16132,#16133),.UNSPECIFIED.,.T.,.F.) 
B_SPLINE_CURVE_WITH_KNOTS((1,2,2,2,2,1),(-2.094395102393,0.,
    2.094395102393,4.188790204786,6.28318530718,8.377580409573),
.UNSPECIFIED.) CURVE() GEOMETRIC_REPRESENTATION_ITEM() 
RATIONAL_B_SPLINE_CURVE((1.,0.5,1.,0.5,1.,0.5,1.)) REPRESENTATION_ITEM(
  '') );
#16127 = CARTESIAN_POINT('',(21.2,-2.22044604925E-16));
#16128 = CARTESIAN_POINT('',(19.814359353945,-2.22044604925E-16));
#16129 = CARTESIAN_POINT('',(20.507179676972,1.2));
#16130 = CARTESIAN_POINT('',(21.2,2.4));
#16131 = CARTESIAN_POINT('',(21.892820323028,1.2));
#16132 = CARTESIAN_POINT('',(22.585640646055,9.992007221626E-16));
#16133 = CARTESIAN_POINT('',(21.2,-2.22044604925E-16));
#16134 = ( GEOMETRIC_REPRESENTATION_CONTEXT(2) 
PARAMETRIC_REPRESENTATION_CONTEXT() REPRESENTATION_CONTEXT('2D SPACE',''
  ) );
#16135 = PCURVE('',#16136,#16141);
#16136 = CYLINDRICAL_SURFACE('',#16137,0.8);
#16137 = AXIS2_PLACEMENT_3D('',#16138,#16139,#16140);
#16138 = CARTESIAN_POINT('',(10.2,-3.2,-0.35));
#16139 = DIRECTION('',(0.,0.,1.));
#16140 = DIRECTION('',(1.,0.,-0.));
#16141 = DEFINITIONAL_REPRESENTATION('',(#16142),#16146);
#16142 = LINE('',#16143,#16144);
#16143 = CARTESIAN_POINT('',(4.712388980385,0.7));
#16144 = VECTOR('',#16145,1.);
#16145 = DIRECTION('',(-1.,0.));
#16146 = ( GEOMETRIC_REPRESENTATION_CONTEXT(2) 
PARAMETRIC_REPRESENTATION_CONTEXT() REPRESENTATION_CONTEXT('2D SPACE',''
  ) );
#16147 = ORIENTED_EDGE('',*,*,#16148,.T.);
#16148 = EDGE_CURVE('',#16116,#16149,#16151,.T.);
#16149 = VERTEX_POINT('',#16150);
#16150 = CARTESIAN_POINT('',(11.,3.2,0.35));
#16151 = SURFACE_CURVE('',#16152,(#16156,#16163),.PCURVE_S1.);
#16152 = LINE('',#16153,#16154);
#16153 = CARTESIAN_POINT('',(11.,-4.,0.35));
#16154 = VECTOR('',#16155,1.);
#16155 = DIRECTION('',(0.,1.,0.));
#16156 = PCURVE('',#15965,#16157);
#16157 = DEFINITIONAL_REPRESENTATION('',(#16158),#16162);
#16158 = LINE('',#16159,#16160);
#16159 = CARTESIAN_POINT('',(22.,0.));
#16160 = VECTOR('',#16161,1.);
#16161 = DIRECTION('',(0.,1.));
#16162 = ( GEOMETRIC_REPRESENTATION_CONTEXT(2) 
PARAMETRIC_REPRESENTATION_CONTEXT() REPRESENTATION_CONTEXT('2D SPACE',''
  ) );
#16163 = PCURVE('',#16164,#16169);
#16164 = PLANE('',#16165);
#16165 = AXIS2_PLACEMENT_3D('',#16166,#16167,#16168);
#16166 = CARTESIAN_POINT('',(11.,-4.,-0.35));
#16167 = DIRECTION('',(1.,0.,0.));
#16168 = DIRECTION('',(0.,0.,1.));
#16169 = DEFINITIONAL_REPRESENTATION('',(#16170),#16174);
#16170 = LINE('',#16171,#16172);
#16171 = CARTESIAN_POINT('',(0.7,0.));
#16172 = VECTOR('',#16173,1.);
#16173 = DIRECTION('',(0.,-1.));
#16174 = ( GEOMETRIC_REPRESENTATION_CONTEXT(2) 
PARAMETRIC_REPRESENTATION_CONTEXT() REPRESENTATION_CONTEXT('2D SPACE',''
  ) );
#16175 = ORIENTED_EDGE('',*,*,#16176,.T.);
#16176 = EDGE_CURVE('',#16149,#16177,#16179,.T.);
#16177 = VERTEX_POINT('',#16178);
#16178 = CARTESIAN_POINT('',(10.2,4.,0.35));
#16179 = SURFACE_CURVE('',#16180,(#16185,#16192),.PCURVE_S1.);
#16180 = CIRCLE('',#16181,0.8);
#16181 = AXIS2_PLACEMENT_3D('',#16182,#16183,#16184);
#16182 = CARTESIAN_POINT('',(10.2,3.2,0.35));
#16183 = DIRECTION('',(0.,0.,1.));
#16184 = DIRECTION('',(0.,-1.,0.));
#16185 = PCURVE('',#15965,#16186);
#16186 = DEFINITIONAL_REPRESENTATION('',(#16187),#16191);
#16187 = CIRCLE('',#16188,0.8);
#16188 = AXIS2_PLACEMENT_2D('',#16189,#16190);
#16189 = CARTESIAN_POINT('',(21.2,7.2));
#16190 = DIRECTION('',(0.,-1.));
#16191 = ( GEOMETRIC_REPRESENTATION_CONTEXT(2) 
PARAMETRIC_REPRESENTATION_CONTEXT() REPRESENTATION_CONTEXT('2D SPACE',''
  ) );
#16192 = PCURVE('',#16193,#16198);
#16193 = CYLINDRICAL_SURFACE('',#16194,0.8);
#16194 = AXIS2_PLACEMENT_3D('',#16195,#16196,#16197);
#16195 = CARTESIAN_POINT('',(10.2,3.2,-0.35));
#16196 = DIRECTION('',(0.,0.,1.));
#16197 = DIRECTION('',(1.,0.,-0.));
#16198 = DEFINITIONAL_REPRESENTATION('',(#16199),#16203);
#16199 = LINE('',#16200,#16201);
#16200 = CARTESIAN_POINT('',(-1.570796326795,0.7));
#16201 = VECTOR('',#16202,1.);
#16202 = DIRECTION('',(1.,0.));
#16203 = ( GEOMETRIC_REPRESENTATION_CONTEXT(2) 
PARAMETRIC_REPRESENTATION_CONTEXT() REPRESENTATION_CONTEXT('2D SPACE',''
  ) );
#16204 = ORIENTED_EDGE('',*,*,#16205,.F.);
#16205 = EDGE_CURVE('',#16206,#16177,#16208,.T.);
#16206 = VERTEX_POINT('',#16207);
#16207 = CARTESIAN_POINT('',(-10.2,4.,0.35));
#16208 = SURFACE_CURVE('',#16209,(#16213,#16220),.PCURVE_S1.);
#16209 = LINE('',#16210,#16211);
#16210 = CARTESIAN_POINT('',(-11.,4.,0.35));
#16211 = VECTOR('',#16212,1.);
#16212 = DIRECTION('',(1.,0.,0.));
#16213 = PCURVE('',#15965,#16214);
#16214 = DEFINITIONAL_REPRESENTATION('',(#16215),#16219);
#16215 = LINE('',#16216,#16217);
#16216 = CARTESIAN_POINT('',(0.,8.));
#16217 = VECTOR('',#16218,1.);
#16218 = DIRECTION('',(1.,0.));
#16219 = ( GEOMETRIC_REPRESENTATION_CONTEXT(2) 
PARAMETRIC_REPRESENTATION_CONTEXT() REPRESENTATION_CONTEXT('2D SPACE',''
  ) );
#16220 = PCURVE('',#16221,#16226);
#16221 = PLANE('',#16222);
#16222 = AXIS2_PLACEMENT_3D('',#16223,#16224,#16225);
#16223 = CARTESIAN_POINT('',(-11.,4.,-0.35));
#16224 = DIRECTION('',(0.,1.,0.));
#16225 = DIRECTION('',(0.,0.,1.));
#16226 = DEFINITIONAL_REPRESENTATION('',(#16227),#16231);
#16227 = LINE('',#16228,#16229);
#16228 = CARTESIAN_POINT('',(0.7,0.));
#16229 = VECTOR('',#16230,1.);
#16230 = DIRECTION('',(0.,1.));
#16231 = ( GEOMETRIC_REPRESENTATION_CONTEXT(2) 
PARAMETRIC_REPRESENTATION_CONTEXT() REPRESENTATION_CONTEXT('2D SPACE',''
  ) );
#16232 = ORIENTED_EDGE('',*,*,#16233,.F.);
#16233 = EDGE_CURVE('',#15945,#16206,#16234,.T.);
#16234 = SURFACE_CURVE('',#16235,(#16240,#16251),.PCURVE_S1.);
#16235 = CIRCLE('',#16236,0.8);
#16236 = AXIS2_PLACEMENT_3D('',#16237,#16238,#16239);
#16237 = CARTESIAN_POINT('',(-10.2,3.2,0.35));
#16238 = DIRECTION('',(-0.,-0.,-1.));
#16239 = DIRECTION('',(0.,-1.,0.));
#16240 = PCURVE('',#15965,#16241);
#16241 = DEFINITIONAL_REPRESENTATION('',(#16242),#16250);
#16242 = ( BOUNDED_CURVE() B_SPLINE_CURVE(2,(#16243,#16244,#16245,#16246
    ,#16247,#16248,#16249),.UNSPECIFIED.,.T.,.F.) 
B_SPLINE_CURVE_WITH_KNOTS((1,2,2,2,2,1),(-2.094395102393,0.,
    2.094395102393,4.188790204786,6.28318530718,8.377580409573),
.UNSPECIFIED.) CURVE() GEOMETRIC_REPRESENTATION_ITEM() 
RATIONAL_B_SPLINE_CURVE((1.,0.5,1.,0.5,1.,0.5,1.)) REPRESENTATION_ITEM(
  '') );
#16243 = CARTESIAN_POINT('',(0.8,6.4));
#16244 = CARTESIAN_POINT('',(-0.585640646055,6.4));
#16245 = CARTESIAN_POINT('',(0.107179676972,7.6));
#16246 = CARTESIAN_POINT('',(0.8,8.8));
#16247 = CARTESIAN_POINT('',(1.492820323028,7.6));
#16248 = CARTESIAN_POINT('',(2.185640646055,6.4));
#16249 = CARTESIAN_POINT('',(0.8,6.4));
#16250 = ( GEOMETRIC_REPRESENTATION_CONTEXT(2) 
PARAMETRIC_REPRESENTATION_CONTEXT() REPRESENTATION_CONTEXT('2D SPACE',''
  ) );
#16251 = PCURVE('',#16047,#16252);
#16252 = DEFINITIONAL_REPRESENTATION('',(#16253),#16257);
#16253 = LINE('',#16254,#16255);
#16254 = CARTESIAN_POINT('',(1.570796326795,0.7));
#16255 = VECTOR('',#16256,1.);
#16256 = DIRECTION('',(-1.,0.));
#16257 = ( GEOMETRIC_REPRESENTATION_CONTEXT(2) 
PARAMETRIC_REPRESENTATION_CONTEXT() REPRESENTATION_CONTEXT('2D SPACE',''
  ) );
#16258 = FACE_BOUND('',#16259,.T.);
#16259 = EDGE_LOOP('',(#16260));
#16260 = ORIENTED_EDGE('',*,*,#16261,.T.);
#16261 = EDGE_CURVE('',#16262,#16262,#16264,.T.);
#16262 = VERTEX_POINT('',#16263);
#16263 = CARTESIAN_POINT('',(-1.1,-2.694222958124E-16,0.35));
#16264 = SURFACE_CURVE('',#16265,(#16270,#16281),.PCURVE_S1.);
#16265 = CIRCLE('',#16266,1.1);
#16266 = AXIS2_PLACEMENT_3D('',#16267,#16268,#16269);
#16267 = CARTESIAN_POINT('',(0.,0.,0.35));
#16268 = DIRECTION('',(0.,0.,-1.));
#16269 = DIRECTION('',(-1.,0.,0.));
#16270 = PCURVE('',#15965,#16271);
#16271 = DEFINITIONAL_REPRESENTATION('',(#16272),#16280);
#16272 = ( BOUNDED_CURVE() B_SPLINE_CURVE(2,(#16273,#16274,#16275,#16276
    ,#16277,#16278,#16279),.UNSPECIFIED.,.T.,.F.) 
B_SPLINE_CURVE_WITH_KNOTS((1,2,2,2,2,1),(-2.094395102393,0.,
    2.094395102393,4.188790204786,6.28318530718,8.377580409573),
.UNSPECIFIED.) CURVE() GEOMETRIC_REPRESENTATION_ITEM() 
RATIONAL_B_SPLINE_CURVE((1.,0.5,1.,0.5,1.,0.5,1.)) REPRESENTATION_ITEM(
  '') );
#16273 = CARTESIAN_POINT('',(9.9,4.));
#16274 = CARTESIAN_POINT('',(9.9,5.905255888326));
#16275 = CARTESIAN_POINT('',(11.55,4.952627944163));
#16276 = CARTESIAN_POINT('',(13.2,4.));
#16277 = CARTESIAN_POINT('',(11.55,3.047372055837));
#16278 = CARTESIAN_POINT('',(9.9,2.094744111674));
#16279 = CARTESIAN_POINT('',(9.9,4.));
#16280 = ( GEOMETRIC_REPRESENTATION_CONTEXT(2) 
PARAMETRIC_REPRESENTATION_CONTEXT() REPRESENTATION_CONTEXT('2D SPACE',''
  ) );
#16281 = PCURVE('',#16282,#16287);
#16282 = CYLINDRICAL_SURFACE('',#16283,1.1);
#16283 = AXIS2_PLACEMENT_3D('',#16284,#16285,#16286);
#16284 = CARTESIAN_POINT('',(0.,0.,0.35));
#16285 = DIRECTION('',(0.,0.,-1.));
#16286 = DIRECTION('',(-1.,0.,0.));
#16287 = DEFINITIONAL_REPRESENTATION('',(#16288),#16292);
#16288 = LINE('',#16289,#16290);
#16289 = CARTESIAN_POINT('',(0.,0.));
#16290 = VECTOR('',#16291,1.);
#16291 = DIRECTION('',(1.,0.));
#16292 = ( GEOMETRIC_REPRESENTATION_CONTEXT(2) 
PARAMETRIC_REPRESENTATION_CONTEXT() REPRESENTATION_CONTEXT('2D SPACE',''
  ) );
#16293 = ADVANCED_FACE('',(#16294),#15993,.T.);
#16294 = FACE_BOUND('',#16295,.T.);
#16295 = EDGE_LOOP('',(#16296,#16320,#16341,#16342));
#16296 = ORIENTED_EDGE('',*,*,#16297,.T.);
#16297 = EDGE_CURVE('',#15978,#16298,#16300,.T.);
#16298 = VERTEX_POINT('',#16299);
#16299 = CARTESIAN_POINT('',(-10.2,-4.,-0.35));
#16300 = SURFACE_CURVE('',#16301,(#16306,#16313),.PCURVE_S1.);
#16301 = CIRCLE('',#16302,0.8);
#16302 = AXIS2_PLACEMENT_3D('',#16303,#16304,#16305);
#16303 = CARTESIAN_POINT('',(-10.2,-3.2,-0.35));
#16304 = DIRECTION('',(0.,0.,1.));
#16305 = DIRECTION('',(0.,-1.,0.));
#16306 = PCURVE('',#15993,#16307);
#16307 = DEFINITIONAL_REPRESENTATION('',(#16308),#16312);
#16308 = LINE('',#16309,#16310);
#16309 = CARTESIAN_POINT('',(-4.712388980385,0.));
#16310 = VECTOR('',#16311,1.);
#16311 = DIRECTION('',(1.,0.));
#16312 = ( GEOMETRIC_REPRESENTATION_CONTEXT(2) 
PARAMETRIC_REPRESENTATION_CONTEXT() REPRESENTATION_CONTEXT('2D SPACE',''
  ) );
#16313 = PCURVE('',#16021,#16314);
#16314 = DEFINITIONAL_REPRESENTATION('',(#16315),#16319);
#16315 = CIRCLE('',#16316,0.8);
#16316 = AXIS2_PLACEMENT_2D('',#16317,#16318);
#16317 = CARTESIAN_POINT('',(0.8,0.8));
#16318 = DIRECTION('',(0.,-1.));
#16319 = ( GEOMETRIC_REPRESENTATION_CONTEXT(2) 
PARAMETRIC_REPRESENTATION_CONTEXT() REPRESENTATION_CONTEXT('2D SPACE',''
  ) );
#16320 = ORIENTED_EDGE('',*,*,#16321,.T.);
#16321 = EDGE_CURVE('',#16298,#16064,#16322,.T.);
#16322 = SURFACE_CURVE('',#16323,(#16327,#16334),.PCURVE_S1.);
#16323 = LINE('',#16324,#16325);
#16324 = CARTESIAN_POINT('',(-10.2,-4.,-0.35));
#16325 = VECTOR('',#16326,1.);
#16326 = DIRECTION('',(0.,0.,1.));
#16327 = PCURVE('',#15993,#16328);
#16328 = DEFINITIONAL_REPRESENTATION('',(#16329),#16333);
#16329 = LINE('',#16330,#16331);
#16330 = CARTESIAN_POINT('',(1.570796326795,0.));
#16331 = VECTOR('',#16332,1.);
#16332 = DIRECTION('',(0.,1.));
#16333 = ( GEOMETRIC_REPRESENTATION_CONTEXT(2) 
PARAMETRIC_REPRESENTATION_CONTEXT() REPRESENTATION_CONTEXT('2D SPACE',''
  ) );
#16334 = PCURVE('',#16103,#16335);
#16335 = DEFINITIONAL_REPRESENTATION('',(#16336),#16340);
#16336 = LINE('',#16337,#16338);
#16337 = CARTESIAN_POINT('',(0.,0.8));
#16338 = VECTOR('',#16339,1.);
#16339 = DIRECTION('',(1.,0.));
#16340 = ( GEOMETRIC_REPRESENTATION_CONTEXT(2) 
PARAMETRIC_REPRESENTATION_CONTEXT() REPRESENTATION_CONTEXT('2D SPACE',''
  ) );
#16341 = ORIENTED_EDGE('',*,*,#16063,.F.);
#16342 = ORIENTED_EDGE('',*,*,#15977,.F.);
#16343 = ADVANCED_FACE('',(#16344),#16047,.T.);
#16344 = FACE_BOUND('',#16345,.F.);
#16345 = EDGE_LOOP('',(#16346,#16374,#16395,#16396));
#16346 = ORIENTED_EDGE('',*,*,#16347,.T.);
#16347 = EDGE_CURVE('',#16006,#16348,#16350,.T.);
#16348 = VERTEX_POINT('',#16349);
#16349 = CARTESIAN_POINT('',(-10.2,4.,-0.35));
#16350 = SURFACE_CURVE('',#16351,(#16356,#16363),.PCURVE_S1.);
#16351 = CIRCLE('',#16352,0.8);
#16352 = AXIS2_PLACEMENT_3D('',#16353,#16354,#16355);
#16353 = CARTESIAN_POINT('',(-10.2,3.2,-0.35));
#16354 = DIRECTION('',(-0.,-0.,-1.));
#16355 = DIRECTION('',(0.,-1.,0.));
#16356 = PCURVE('',#16047,#16357);
#16357 = DEFINITIONAL_REPRESENTATION('',(#16358),#16362);
#16358 = LINE('',#16359,#16360);
#16359 = CARTESIAN_POINT('',(1.570796326795,-0.));
#16360 = VECTOR('',#16361,1.);
#16361 = DIRECTION('',(-1.,0.));
#16362 = ( GEOMETRIC_REPRESENTATION_CONTEXT(2) 
PARAMETRIC_REPRESENTATION_CONTEXT() REPRESENTATION_CONTEXT('2D SPACE',''
  ) );
#16363 = PCURVE('',#16021,#16364);
#16364 = DEFINITIONAL_REPRESENTATION('',(#16365),#16373);
#16365 = ( BOUNDED_CURVE() B_SPLINE_CURVE(2,(#16366,#16367,#16368,#16369
    ,#16370,#16371,#16372),.UNSPECIFIED.,.T.,.F.) 
B_SPLINE_CURVE_WITH_KNOTS((1,2,2,2,2,1),(-2.094395102393,0.,
    2.094395102393,4.188790204786,6.28318530718,8.377580409573),
.UNSPECIFIED.) CURVE() GEOMETRIC_REPRESENTATION_ITEM() 
RATIONAL_B_SPLINE_CURVE((1.,0.5,1.,0.5,1.,0.5,1.)) REPRESENTATION_ITEM(
  '') );
#16366 = CARTESIAN_POINT('',(0.8,6.4));
#16367 = CARTESIAN_POINT('',(-0.585640646055,6.4));
#16368 = CARTESIAN_POINT('',(0.107179676972,7.6));
#16369 = CARTESIAN_POINT('',(0.8,8.8));
#16370 = CARTESIAN_POINT('',(1.492820323028,7.6));
#16371 = CARTESIAN_POINT('',(2.185640646055,6.4));
#16372 = CARTESIAN_POINT('',(0.8,6.4));
#16373 = ( GEOMETRIC_REPRESENTATION_CONTEXT(2) 
PARAMETRIC_REPRESENTATION_CONTEXT() REPRESENTATION_CONTEXT('2D SPACE',''
  ) );
#16374 = ORIENTED_EDGE('',*,*,#16375,.T.);
#16375 = EDGE_CURVE('',#16348,#16206,#16376,.T.);
#16376 = SURFACE_CURVE('',#16377,(#16381,#16388),.PCURVE_S1.);
#16377 = LINE('',#16378,#16379);
#16378 = CARTESIAN_POINT('',(-10.2,4.,-0.35));
#16379 = VECTOR('',#16380,1.);
#16380 = DIRECTION('',(0.,0.,1.));
#16381 = PCURVE('',#16047,#16382);
#16382 = DEFINITIONAL_REPRESENTATION('',(#16383),#16387);
#16383 = LINE('',#16384,#16385);
#16384 = CARTESIAN_POINT('',(-1.570796326795,0.));
#16385 = VECTOR('',#16386,1.);
#16386 = DIRECTION('',(-0.,1.));
#16387 = ( GEOMETRIC_REPRESENTATION_CONTEXT(2) 
PARAMETRIC_REPRESENTATION_CONTEXT() REPRESENTATION_CONTEXT('2D SPACE',''
  ) );
#16388 = PCURVE('',#16221,#16389);
#16389 = DEFINITIONAL_REPRESENTATION('',(#16390),#16394);
#16390 = LINE('',#16391,#16392);
#16391 = CARTESIAN_POINT('',(0.,0.8));
#16392 = VECTOR('',#16393,1.);
#16393 = DIRECTION('',(1.,0.));
#16394 = ( GEOMETRIC_REPRESENTATION_CONTEXT(2) 
PARAMETRIC_REPRESENTATION_CONTEXT() REPRESENTATION_CONTEXT('2D SPACE',''
  ) );
#16395 = ORIENTED_EDGE('',*,*,#16233,.F.);
#16396 = ORIENTED_EDGE('',*,*,#16033,.F.);
#16397 = ADVANCED_FACE('',(#16398,#16522),#16021,.F.);
#16398 = FACE_BOUND('',#16399,.F.);
#16399 = EDGE_LOOP('',(#16400,#16401,#16402,#16425,#16453,#16476,#16500,
    #16521));
#16400 = ORIENTED_EDGE('',*,*,#16005,.F.);
#16401 = ORIENTED_EDGE('',*,*,#16297,.T.);
#16402 = ORIENTED_EDGE('',*,*,#16403,.T.);
#16403 = EDGE_CURVE('',#16298,#16404,#16406,.T.);
#16404 = VERTEX_POINT('',#16405);
#16405 = CARTESIAN_POINT('',(10.2,-4.,-0.35));
#16406 = SURFACE_CURVE('',#16407,(#16411,#16418),.PCURVE_S1.);
#16407 = LINE('',#16408,#16409);
#16408 = CARTESIAN_POINT('',(-11.,-4.,-0.35));
#16409 = VECTOR('',#16410,1.);
#16410 = DIRECTION('',(1.,0.,0.));
#16411 = PCURVE('',#16021,#16412);
#16412 = DEFINITIONAL_REPRESENTATION('',(#16413),#16417);
#16413 = LINE('',#16414,#16415);
#16414 = CARTESIAN_POINT('',(0.,0.));
#16415 = VECTOR('',#16416,1.);
#16416 = DIRECTION('',(1.,0.));
#16417 = ( GEOMETRIC_REPRESENTATION_CONTEXT(2) 
PARAMETRIC_REPRESENTATION_CONTEXT() REPRESENTATION_CONTEXT('2D SPACE',''
  ) );
#16418 = PCURVE('',#16103,#16419);
#16419 = DEFINITIONAL_REPRESENTATION('',(#16420),#16424);
#16420 = LINE('',#16421,#16422);
#16421 = CARTESIAN_POINT('',(0.,0.));
#16422 = VECTOR('',#16423,1.);
#16423 = DIRECTION('',(0.,1.));
#16424 = ( GEOMETRIC_REPRESENTATION_CONTEXT(2) 
PARAMETRIC_REPRESENTATION_CONTEXT() REPRESENTATION_CONTEXT('2D SPACE',''
  ) );
#16425 = ORIENTED_EDGE('',*,*,#16426,.F.);
#16426 = EDGE_CURVE('',#16427,#16404,#16429,.T.);
#16427 = VERTEX_POINT('',#16428);
#16428 = CARTESIAN_POINT('',(11.,-3.2,-0.35));
#16429 = SURFACE_CURVE('',#16430,(#16435,#16446),.PCURVE_S1.);
#16430 = CIRCLE('',#16431,0.8);
#16431 = AXIS2_PLACEMENT_3D('',#16432,#16433,#16434);
#16432 = CARTESIAN_POINT('',(10.2,-3.2,-0.35));
#16433 = DIRECTION('',(-0.,-0.,-1.));
#16434 = DIRECTION('',(0.,-1.,0.));
#16435 = PCURVE('',#16021,#16436);
#16436 = DEFINITIONAL_REPRESENTATION('',(#16437),#16445);
#16437 = ( BOUNDED_CURVE() B_SPLINE_CURVE(2,(#16438,#16439,#16440,#16441
    ,#16442,#16443,#16444),.UNSPECIFIED.,.T.,.F.) 
B_SPLINE_CURVE_WITH_KNOTS((1,2,2,2,2,1),(-2.094395102393,0.,
    2.094395102393,4.188790204786,6.28318530718,8.377580409573),
.UNSPECIFIED.) CURVE() GEOMETRIC_REPRESENTATION_ITEM() 
RATIONAL_B_SPLINE_CURVE((1.,0.5,1.,0.5,1.,0.5,1.)) REPRESENTATION_ITEM(
  '') );
#16438 = CARTESIAN_POINT('',(21.2,-2.22044604925E-16));
#16439 = CARTESIAN_POINT('',(19.814359353945,-2.22044604925E-16));
#16440 = CARTESIAN_POINT('',(20.507179676972,1.2));
#16441 = CARTESIAN_POINT('',(21.2,2.4));
#16442 = CARTESIAN_POINT('',(21.892820323028,1.2));
#16443 = CARTESIAN_POINT('',(22.585640646055,9.992007221626E-16));
#16444 = CARTESIAN_POINT('',(21.2,-2.22044604925E-16));
#16445 = ( GEOMETRIC_REPRESENTATION_CONTEXT(2) 
PARAMETRIC_REPRESENTATION_CONTEXT() REPRESENTATION_CONTEXT('2D SPACE',''
  ) );
#16446 = PCURVE('',#16136,#16447);
#16447 = DEFINITIONAL_REPRESENTATION('',(#16448),#16452);
#16448 = LINE('',#16449,#16450);
#16449 = CARTESIAN_POINT('',(4.712388980385,-0.));
#16450 = VECTOR('',#16451,1.);
#16451 = DIRECTION('',(-1.,0.));
#16452 = ( GEOMETRIC_REPRESENTATION_CONTEXT(2) 
PARAMETRIC_REPRESENTATION_CONTEXT() REPRESENTATION_CONTEXT('2D SPACE',''
  ) );
#16453 = ORIENTED_EDGE('',*,*,#16454,.T.);
#16454 = EDGE_CURVE('',#16427,#16455,#16457,.T.);
#16455 = VERTEX_POINT('',#16456);
#16456 = CARTESIAN_POINT('',(11.,3.2,-0.35));
#16457 = SURFACE_CURVE('',#16458,(#16462,#16469),.PCURVE_S1.);
#16458 = LINE('',#16459,#16460);
#16459 = CARTESIAN_POINT('',(11.,-4.,-0.35));
#16460 = VECTOR('',#16461,1.);
#16461 = DIRECTION('',(0.,1.,0.));
#16462 = PCURVE('',#16021,#16463);
#16463 = DEFINITIONAL_REPRESENTATION('',(#16464),#16468);
#16464 = LINE('',#16465,#16466);
#16465 = CARTESIAN_POINT('',(22.,0.));
#16466 = VECTOR('',#16467,1.);
#16467 = DIRECTION('',(0.,1.));
#16468 = ( GEOMETRIC_REPRESENTATION_CONTEXT(2) 
PARAMETRIC_REPRESENTATION_CONTEXT() REPRESENTATION_CONTEXT('2D SPACE',''
  ) );
#16469 = PCURVE('',#16164,#16470);
#16470 = DEFINITIONAL_REPRESENTATION('',(#16471),#16475);
#16471 = LINE('',#16472,#16473);
#16472 = CARTESIAN_POINT('',(0.,0.));
#16473 = VECTOR('',#16474,1.);
#16474 = DIRECTION('',(0.,-1.));
#16475 = ( GEOMETRIC_REPRESENTATION_CONTEXT(2) 
PARAMETRIC_REPRESENTATION_CONTEXT() REPRESENTATION_CONTEXT('2D SPACE',''
  ) );
#16476 = ORIENTED_EDGE('',*,*,#16477,.T.);
#16477 = EDGE_CURVE('',#16455,#16478,#16480,.T.);
#16478 = VERTEX_POINT('',#16479);
#16479 = CARTESIAN_POINT('',(10.2,4.,-0.35));
#16480 = SURFACE_CURVE('',#16481,(#16486,#16493),.PCURVE_S1.);
#16481 = CIRCLE('',#16482,0.8);
#16482 = AXIS2_PLACEMENT_3D('',#16483,#16484,#16485);
#16483 = CARTESIAN_POINT('',(10.2,3.2,-0.35));
#16484 = DIRECTION('',(0.,0.,1.));
#16485 = DIRECTION('',(0.,-1.,0.));
#16486 = PCURVE('',#16021,#16487);
#16487 = DEFINITIONAL_REPRESENTATION('',(#16488),#16492);
#16488 = CIRCLE('',#16489,0.8);
#16489 = AXIS2_PLACEMENT_2D('',#16490,#16491);
#16490 = CARTESIAN_POINT('',(21.2,7.2));
#16491 = DIRECTION('',(0.,-1.));
#16492 = ( GEOMETRIC_REPRESENTATION_CONTEXT(2) 
PARAMETRIC_REPRESENTATION_CONTEXT() REPRESENTATION_CONTEXT('2D SPACE',''
  ) );
#16493 = PCURVE('',#16193,#16494);
#16494 = DEFINITIONAL_REPRESENTATION('',(#16495),#16499);
#16495 = LINE('',#16496,#16497);
#16496 = CARTESIAN_POINT('',(-1.570796326795,0.));
#16497 = VECTOR('',#16498,1.);
#16498 = DIRECTION('',(1.,0.));
#16499 = ( GEOMETRIC_REPRESENTATION_CONTEXT(2) 
PARAMETRIC_REPRESENTATION_CONTEXT() REPRESENTATION_CONTEXT('2D SPACE',''
  ) );
#16500 = ORIENTED_EDGE('',*,*,#16501,.F.);
#16501 = EDGE_CURVE('',#16348,#16478,#16502,.T.);
#16502 = SURFACE_CURVE('',#16503,(#16507,#16514),.PCURVE_S1.);
#16503 = LINE('',#16504,#16505);
#16504 = CARTESIAN_POINT('',(-11.,4.,-0.35));
#16505 = VECTOR('',#16506,1.);
#16506 = DIRECTION('',(1.,0.,0.));
#16507 = PCURVE('',#16021,#16508);
#16508 = DEFINITIONAL_REPRESENTATION('',(#16509),#16513);
#16509 = LINE('',#16510,#16511);
#16510 = CARTESIAN_POINT('',(0.,8.));
#16511 = VECTOR('',#16512,1.);
#16512 = DIRECTION('',(1.,0.));
#16513 = ( GEOMETRIC_REPRESENTATION_CONTEXT(2) 
PARAMETRIC_REPRESENTATION_CONTEXT() REPRESENTATION_CONTEXT('2D SPACE',''
  ) );
#16514 = PCURVE('',#16221,#16515);
#16515 = DEFINITIONAL_REPRESENTATION('',(#16516),#16520);
#16516 = LINE('',#16517,#16518);
#16517 = CARTESIAN_POINT('',(0.,0.));
#16518 = VECTOR('',#16519,1.);
#16519 = DIRECTION('',(0.,1.));
#16520 = ( GEOMETRIC_REPRESENTATION_CONTEXT(2) 
PARAMETRIC_REPRESENTATION_CONTEXT() REPRESENTATION_CONTEXT('2D SPACE',''
  ) );
#16521 = ORIENTED_EDGE('',*,*,#16347,.F.);
#16522 = FACE_BOUND('',#16523,.F.);
#16523 = EDGE_LOOP('',(#16524));
#16524 = ORIENTED_EDGE('',*,*,#16525,.T.);
#16525 = EDGE_CURVE('',#16526,#16526,#16528,.T.);
#16526 = VERTEX_POINT('',#16527);
#16527 = CARTESIAN_POINT('',(-1.1,-2.694222958124E-16,-0.35));
#16528 = SURFACE_CURVE('',#16529,(#16534,#16545),.PCURVE_S1.);
#16529 = CIRCLE('',#16530,1.1);
#16530 = AXIS2_PLACEMENT_3D('',#16531,#16532,#16533);
#16531 = CARTESIAN_POINT('',(0.,0.,-0.35));
#16532 = DIRECTION('',(0.,0.,-1.));
#16533 = DIRECTION('',(-1.,0.,0.));
#16534 = PCURVE('',#16021,#16535);
#16535 = DEFINITIONAL_REPRESENTATION('',(#16536),#16544);
#16536 = ( BOUNDED_CURVE() B_SPLINE_CURVE(2,(#16537,#16538,#16539,#16540
    ,#16541,#16542,#16543),.UNSPECIFIED.,.T.,.F.) 
B_SPLINE_CURVE_WITH_KNOTS((1,2,2,2,2,1),(-2.094395102393,0.,
    2.094395102393,4.188790204786,6.28318530718,8.377580409573),
.UNSPECIFIED.) CURVE() GEOMETRIC_REPRESENTATION_ITEM() 
RATIONAL_B_SPLINE_CURVE((1.,0.5,1.,0.5,1.,0.5,1.)) REPRESENTATION_ITEM(
  '') );
#16537 = CARTESIAN_POINT('',(9.9,4.));
#16538 = CARTESIAN_POINT('',(9.9,5.905255888326));
#16539 = CARTESIAN_POINT('',(11.55,4.952627944163));
#16540 = CARTESIAN_POINT('',(13.2,4.));
#16541 = CARTESIAN_POINT('',(11.55,3.047372055837));
#16542 = CARTESIAN_POINT('',(9.9,2.094744111674));
#16543 = CARTESIAN_POINT('',(9.9,4.));
#16544 = ( GEOMETRIC_REPRESENTATION_CONTEXT(2) 
PARAMETRIC_REPRESENTATION_CONTEXT() REPRESENTATION_CONTEXT('2D SPACE',''
  ) );
#16545 = PCURVE('',#16282,#16546);
#16546 = DEFINITIONAL_REPRESENTATION('',(#16547),#16551);
#16547 = LINE('',#16548,#16549);
#16548 = CARTESIAN_POINT('',(0.,0.7));
#16549 = VECTOR('',#16550,1.);
#16550 = DIRECTION('',(1.,0.));
#16551 = ( GEOMETRIC_REPRESENTATION_CONTEXT(2) 
PARAMETRIC_REPRESENTATION_CONTEXT() REPRESENTATION_CONTEXT('2D SPACE',''
  ) );
#16552 = ADVANCED_FACE('',(#16553),#16103,.F.);
#16553 = FACE_BOUND('',#16554,.F.);
#16554 = EDGE_LOOP('',(#16555,#16556,#16557,#16558));
#16555 = ORIENTED_EDGE('',*,*,#16403,.F.);
#16556 = ORIENTED_EDGE('',*,*,#16321,.T.);
#16557 = ORIENTED_EDGE('',*,*,#16087,.T.);
#16558 = ORIENTED_EDGE('',*,*,#16559,.F.);
#16559 = EDGE_CURVE('',#16404,#16088,#16560,.T.);
#16560 = SURFACE_CURVE('',#16561,(#16565,#16572),.PCURVE_S1.);
#16561 = LINE('',#16562,#16563);
#16562 = CARTESIAN_POINT('',(10.2,-4.,-0.35));
#16563 = VECTOR('',#16564,1.);
#16564 = DIRECTION('',(0.,0.,1.));
#16565 = PCURVE('',#16103,#16566);
#16566 = DEFINITIONAL_REPRESENTATION('',(#16567),#16571);
#16567 = LINE('',#16568,#16569);
#16568 = CARTESIAN_POINT('',(0.,21.2));
#16569 = VECTOR('',#16570,1.);
#16570 = DIRECTION('',(1.,0.));
#16571 = ( GEOMETRIC_REPRESENTATION_CONTEXT(2) 
PARAMETRIC_REPRESENTATION_CONTEXT() REPRESENTATION_CONTEXT('2D SPACE',''
  ) );
#16572 = PCURVE('',#16136,#16573);
#16573 = DEFINITIONAL_REPRESENTATION('',(#16574),#16578);
#16574 = LINE('',#16575,#16576);
#16575 = CARTESIAN_POINT('',(-1.570796326795,0.));
#16576 = VECTOR('',#16577,1.);
#16577 = DIRECTION('',(-0.,1.));
#16578 = ( GEOMETRIC_REPRESENTATION_CONTEXT(2) 
PARAMETRIC_REPRESENTATION_CONTEXT() REPRESENTATION_CONTEXT('2D SPACE',''
  ) );
#16579 = ADVANCED_FACE('',(#16580),#16221,.T.);
#16580 = FACE_BOUND('',#16581,.T.);
#16581 = EDGE_LOOP('',(#16582,#16583,#16584,#16585));
#16582 = ORIENTED_EDGE('',*,*,#16501,.F.);
#16583 = ORIENTED_EDGE('',*,*,#16375,.T.);
#16584 = ORIENTED_EDGE('',*,*,#16205,.T.);
#16585 = ORIENTED_EDGE('',*,*,#16586,.F.);
#16586 = EDGE_CURVE('',#16478,#16177,#16587,.T.);
#16587 = SURFACE_CURVE('',#16588,(#16592,#16599),.PCURVE_S1.);
#16588 = LINE('',#16589,#16590);
#16589 = CARTESIAN_POINT('',(10.2,4.,-0.35));
#16590 = VECTOR('',#16591,1.);
#16591 = DIRECTION('',(0.,0.,1.));
#16592 = PCURVE('',#16221,#16593);
#16593 = DEFINITIONAL_REPRESENTATION('',(#16594),#16598);
#16594 = LINE('',#16595,#16596);
#16595 = CARTESIAN_POINT('',(0.,21.2));
#16596 = VECTOR('',#16597,1.);
#16597 = DIRECTION('',(1.,0.));
#16598 = ( GEOMETRIC_REPRESENTATION_CONTEXT(2) 
PARAMETRIC_REPRESENTATION_CONTEXT() REPRESENTATION_CONTEXT('2D SPACE',''
  ) );
#16599 = PCURVE('',#16193,#16600);
#16600 = DEFINITIONAL_REPRESENTATION('',(#16601),#16605);
#16601 = LINE('',#16602,#16603);
#16602 = CARTESIAN_POINT('',(1.570796326795,0.));
#16603 = VECTOR('',#16604,1.);
#16604 = DIRECTION('',(0.,1.));
#16605 = ( GEOMETRIC_REPRESENTATION_CONTEXT(2) 
PARAMETRIC_REPRESENTATION_CONTEXT() REPRESENTATION_CONTEXT('2D SPACE',''
  ) );
#16606 = ADVANCED_FACE('',(#16607),#16136,.T.);
#16607 = FACE_BOUND('',#16608,.F.);
#16608 = EDGE_LOOP('',(#16609,#16610,#16611,#16612));
#16609 = ORIENTED_EDGE('',*,*,#16426,.T.);
#16610 = ORIENTED_EDGE('',*,*,#16559,.T.);
#16611 = ORIENTED_EDGE('',*,*,#16115,.F.);
#16612 = ORIENTED_EDGE('',*,*,#16613,.F.);
#16613 = EDGE_CURVE('',#16427,#16116,#16614,.T.);
#16614 = SURFACE_CURVE('',#16615,(#16619,#16626),.PCURVE_S1.);
#16615 = LINE('',#16616,#16617);
#16616 = CARTESIAN_POINT('',(11.,-3.2,-0.35));
#16617 = VECTOR('',#16618,1.);
#16618 = DIRECTION('',(0.,0.,1.));
#16619 = PCURVE('',#16136,#16620);
#16620 = DEFINITIONAL_REPRESENTATION('',(#16621),#16625);
#16621 = LINE('',#16622,#16623);
#16622 = CARTESIAN_POINT('',(-0.,0.));
#16623 = VECTOR('',#16624,1.);
#16624 = DIRECTION('',(-0.,1.));
#16625 = ( GEOMETRIC_REPRESENTATION_CONTEXT(2) 
PARAMETRIC_REPRESENTATION_CONTEXT() REPRESENTATION_CONTEXT('2D SPACE',''
  ) );
#16626 = PCURVE('',#16164,#16627);
#16627 = DEFINITIONAL_REPRESENTATION('',(#16628),#16632);
#16628 = LINE('',#16629,#16630);
#16629 = CARTESIAN_POINT('',(0.,-0.8));
#16630 = VECTOR('',#16631,1.);
#16631 = DIRECTION('',(1.,0.));
#16632 = ( GEOMETRIC_REPRESENTATION_CONTEXT(2) 
PARAMETRIC_REPRESENTATION_CONTEXT() REPRESENTATION_CONTEXT('2D SPACE',''
  ) );
#16633 = ADVANCED_FACE('',(#16634),#16193,.T.);
#16634 = FACE_BOUND('',#16635,.T.);
#16635 = EDGE_LOOP('',(#16636,#16637,#16638,#16639));
#16636 = ORIENTED_EDGE('',*,*,#16477,.T.);
#16637 = ORIENTED_EDGE('',*,*,#16586,.T.);
#16638 = ORIENTED_EDGE('',*,*,#16176,.F.);
#16639 = ORIENTED_EDGE('',*,*,#16640,.F.);
#16640 = EDGE_CURVE('',#16455,#16149,#16641,.T.);
#16641 = SURFACE_CURVE('',#16642,(#16646,#16653),.PCURVE_S1.);
#16642 = LINE('',#16643,#16644);
#16643 = CARTESIAN_POINT('',(11.,3.2,-0.35));
#16644 = VECTOR('',#16645,1.);
#16645 = DIRECTION('',(0.,0.,1.));
#16646 = PCURVE('',#16193,#16647);
#16647 = DEFINITIONAL_REPRESENTATION('',(#16648),#16652);
#16648 = LINE('',#16649,#16650);
#16649 = CARTESIAN_POINT('',(0.,0.));
#16650 = VECTOR('',#16651,1.);
#16651 = DIRECTION('',(0.,1.));
#16652 = ( GEOMETRIC_REPRESENTATION_CONTEXT(2) 
PARAMETRIC_REPRESENTATION_CONTEXT() REPRESENTATION_CONTEXT('2D SPACE',''
  ) );
#16653 = PCURVE('',#16164,#16654);
#16654 = DEFINITIONAL_REPRESENTATION('',(#16655),#16659);
#16655 = LINE('',#16656,#16657);
#16656 = CARTESIAN_POINT('',(0.,-7.2));
#16657 = VECTOR('',#16658,1.);
#16658 = DIRECTION('',(1.,0.));
#16659 = ( GEOMETRIC_REPRESENTATION_CONTEXT(2) 
PARAMETRIC_REPRESENTATION_CONTEXT() REPRESENTATION_CONTEXT('2D SPACE',''
  ) );
#16660 = ADVANCED_FACE('',(#16661),#16164,.T.);
#16661 = FACE_BOUND('',#16662,.T.);
#16662 = EDGE_LOOP('',(#16663,#16664,#16665,#16666));
#16663 = ORIENTED_EDGE('',*,*,#16148,.F.);
#16664 = ORIENTED_EDGE('',*,*,#16613,.F.);
#16665 = ORIENTED_EDGE('',*,*,#16454,.T.);
#16666 = ORIENTED_EDGE('',*,*,#16640,.T.);
#16667 = ADVANCED_FACE('',(#16668),#16282,.F.);
#16668 = FACE_BOUND('',#16669,.F.);
#16669 = EDGE_LOOP('',(#16670,#16671,#16692,#16693));
#16670 = ORIENTED_EDGE('',*,*,#16525,.F.);
#16671 = ORIENTED_EDGE('',*,*,#16672,.F.);
#16672 = EDGE_CURVE('',#16262,#16526,#16673,.T.);
#16673 = SEAM_CURVE('',#16674,(#16678,#16685),.PCURVE_S1.);
#16674 = LINE('',#16675,#16676);
#16675 = CARTESIAN_POINT('',(-1.1,-2.694222958124E-16,0.35));
#16676 = VECTOR('',#16677,1.);
#16677 = DIRECTION('',(0.,0.,-1.));
#16678 = PCURVE('',#16282,#16679);
#16679 = DEFINITIONAL_REPRESENTATION('',(#16680),#16684);
#16680 = LINE('',#16681,#16682);
#16681 = CARTESIAN_POINT('',(6.28318530718,-0.));
#16682 = VECTOR('',#16683,1.);
#16683 = DIRECTION('',(0.,1.));
#16684 = ( GEOMETRIC_REPRESENTATION_CONTEXT(2) 
PARAMETRIC_REPRESENTATION_CONTEXT() REPRESENTATION_CONTEXT('2D SPACE',''
  ) );
#16685 = PCURVE('',#16282,#16686);
#16686 = DEFINITIONAL_REPRESENTATION('',(#16687),#16691);
#16687 = LINE('',#16688,#16689);
#16688 = CARTESIAN_POINT('',(0.,-0.));
#16689 = VECTOR('',#16690,1.);
#16690 = DIRECTION('',(0.,1.));
#16691 = ( GEOMETRIC_REPRESENTATION_CONTEXT(2) 
PARAMETRIC_REPRESENTATION_CONTEXT() REPRESENTATION_CONTEXT('2D SPACE',''
  ) );
#16692 = ORIENTED_EDGE('',*,*,#16261,.T.);
#16693 = ORIENTED_EDGE('',*,*,#16672,.T.);
#16694 = ( GEOMETRIC_REPRESENTATION_CONTEXT(3) 
GLOBAL_UNCERTAINTY_ASSIGNED_CONTEXT((#16698)) 
GLOBAL_UNIT_ASSIGNED_CONTEXT((#16695,#16696,#16697)) 
REPRESENTATION_CONTEXT('Context #1',
  '3D Context with UNIT and UNCERTAINTY') );
#16695 = ( LENGTH_UNIT() NAMED_UNIT(*) SI_UNIT(.MILLI.,.METRE.) );
#16696 = ( NAMED_UNIT(*) PLANE_ANGLE_UNIT() SI_UNIT($,.RADIAN.) );
#16697 = ( NAMED_UNIT(*) SI_UNIT($,.STERADIAN.) SOLID_ANGLE_UNIT() );
#16698 = UNCERTAINTY_MEASURE_WITH_UNIT(LENGTH_MEASURE(1.E-07),#16695,
  'distance_accuracy_value','confusion accuracy');
#16699 = CONTEXT_DEPENDENT_SHAPE_REPRESENTATION(#16700,#16702);
#16700 = ( REPRESENTATION_RELATIONSHIP('','',#15935,#10) 
REPRESENTATION_RELATIONSHIP_WITH_TRANSFORMATION(#16701) 
SHAPE_REPRESENTATION_RELATIONSHIP() );
#16701 = ITEM_DEFINED_TRANSFORMATION('','',#11,#51);
#16702 = PRODUCT_DEFINITION_SHAPE('Placement','Placement of an item',
  #16703);
#16703 = NEXT_ASSEMBLY_USAGE_OCCURRENCE('10','12-locator','',#5,#15930,$
  );
#16704 = PRODUCT_RELATED_PRODUCT_CATEGORY('part',$,(#15932));
#16705 = SHAPE_DEFINITION_REPRESENTATION(#16706,#16712);
#16706 = PRODUCT_DEFINITION_SHAPE('','',#16707);
#16707 = PRODUCT_DEFINITION('design','',#16708,#16711);
#16708 = PRODUCT_DEFINITION_FORMATION('','',#16709);
#16709 = PRODUCT('13-wedge','13-wedge','',(#16710));
#16710 = PRODUCT_CONTEXT('',#2,'mechanical');
#16711 = PRODUCT_DEFINITION_CONTEXT('part definition',#2,'design');
#16712 = ADVANCED_BREP_SHAPE_REPRESENTATION('',(#11,#16713),#17371);
#16713 = MANIFOLD_SOLID_BREP('',#16714);
#16714 = CLOSED_SHELL('',(#16715,#16835,#17031,#17085,#17135,#17256,
    #17283,#17310,#17337,#17364));
#16715 = ADVANCED_FACE('',(#16716),#16730,.F.);
#16716 = FACE_BOUND('',#16717,.F.);
#16717 = EDGE_LOOP('',(#16718,#16753,#16781,#16809));
#16718 = ORIENTED_EDGE('',*,*,#16719,.F.);
#16719 = EDGE_CURVE('',#16720,#16722,#16724,.T.);
#16720 = VERTEX_POINT('',#16721);
#16721 = CARTESIAN_POINT('',(0.25,-5.551115123126E-17,0.));
#16722 = VERTEX_POINT('',#16723);
#16723 = CARTESIAN_POINT('',(15.75,-5.551115123126E-17,0.));
#16724 = SURFACE_CURVE('',#16725,(#16729,#16741),.PCURVE_S1.);
#16725 = LINE('',#16726,#16727);
#16726 = CARTESIAN_POINT('',(0.,0.,0.));
#16727 = VECTOR('',#16728,1.);
#16728 = DIRECTION('',(1.,0.,0.));
#16729 = PCURVE('',#16730,#16735);
#16730 = PLANE('',#16731);
#16731 = AXIS2_PLACEMENT_3D('',#16732,#16733,#16734);
#16732 = CARTESIAN_POINT('',(0.,0.,0.));
#16733 = DIRECTION('',(0.,1.,0.));
#16734 = DIRECTION('',(1.,0.,0.));
#16735 = DEFINITIONAL_REPRESENTATION('',(#16736),#16740);
#16736 = LINE('',#16737,#16738);
#16737 = CARTESIAN_POINT('',(0.,0.));
#16738 = VECTOR('',#16739,1.);
#16739 = DIRECTION('',(1.,0.));
#16740 = ( GEOMETRIC_REPRESENTATION_CONTEXT(2) 
PARAMETRIC_REPRESENTATION_CONTEXT() REPRESENTATION_CONTEXT('2D SPACE',''
  ) );
#16741 = PCURVE('',#16742,#16747);
#16742 = PLANE('',#16743);
#16743 = AXIS2_PLACEMENT_3D('',#16744,#16745,#16746);
#16744 = CARTESIAN_POINT('',(7.810967037628,0.993140554268,0.));
#16745 = DIRECTION('',(0.,0.,1.));
#16746 = DIRECTION('',(1.,0.,-0.));
#16747 = DEFINITIONAL_REPRESENTATION('',(#16748),#16752);
#16748 = LINE('',#16749,#16750);
#16749 = CARTESIAN_POINT('',(-7.810967037628,-0.993140554268));
#16750 = VECTOR('',#16751,1.);
#16751 = DIRECTION('',(1.,0.));
#16752 = ( GEOMETRIC_REPRESENTATION_CONTEXT(2) 
PARAMETRIC_REPRESENTATION_CONTEXT() REPRESENTATION_CONTEXT('2D SPACE',''
  ) );
#16753 = ORIENTED_EDGE('',*,*,#16754,.T.);
#16754 = EDGE_CURVE('',#16720,#16755,#16757,.T.);
#16755 = VERTEX_POINT('',#16756);
#16756 = CARTESIAN_POINT('',(0.25,-5.551115123126E-17,7.2));
#16757 = SURFACE_CURVE('',#16758,(#16762,#16769),.PCURVE_S1.);
#16758 = LINE('',#16759,#16760);
#16759 = CARTESIAN_POINT('',(0.25,-5.551115123126E-17,0.));
#16760 = VECTOR('',#16761,1.);
#16761 = DIRECTION('',(0.,0.,1.));
#16762 = PCURVE('',#16730,#16763);
#16763 = DEFINITIONAL_REPRESENTATION('',(#16764),#16768);
#16764 = LINE('',#16765,#16766);
#16765 = CARTESIAN_POINT('',(0.25,0.));
#16766 = VECTOR('',#16767,1.);
#16767 = DIRECTION('',(0.,-1.));
#16768 = ( GEOMETRIC_REPRESENTATION_CONTEXT(2) 
PARAMETRIC_REPRESENTATION_CONTEXT() REPRESENTATION_CONTEXT('2D SPACE',''
  ) );
#16769 = PCURVE('',#16770,#16775);
#16770 = CYLINDRICAL_SURFACE('',#16771,0.25);
#16771 = AXIS2_PLACEMENT_3D('',#16772,#16773,#16774);
#16772 = CARTESIAN_POINT('',(0.25,0.25,0.));
#16773 = DIRECTION('',(0.,0.,1.));
#16774 = DIRECTION('',(0.,-1.,0.));
#16775 = DEFINITIONAL_REPRESENTATION('',(#16776),#16780);
#16776 = LINE('',#16777,#16778);
#16777 = CARTESIAN_POINT('',(-0.,0.));
#16778 = VECTOR('',#16779,1.);
#16779 = DIRECTION('',(-0.,1.));
#16780 = ( GEOMETRIC_REPRESENTATION_CONTEXT(2) 
PARAMETRIC_REPRESENTATION_CONTEXT() REPRESENTATION_CONTEXT('2D SPACE',''
  ) );
#16781 = ORIENTED_EDGE('',*,*,#16782,.T.);
#16782 = EDGE_CURVE('',#16755,#16783,#16785,.T.);
#16783 = VERTEX_POINT('',#16784);
#16784 = CARTESIAN_POINT('',(15.75,-5.551115123126E-17,7.2));
#16785 = SURFACE_CURVE('',#16786,(#16790,#16797),.PCURVE_S1.);
#16786 = LINE('',#16787,#16788);
#16787 = CARTESIAN_POINT('',(0.,0.,7.2));
#16788 = VECTOR('',#16789,1.);
#16789 = DIRECTION('',(1.,0.,0.));
#16790 = PCURVE('',#16730,#16791);
#16791 = DEFINITIONAL_REPRESENTATION('',(#16792),#16796);
#16792 = LINE('',#16793,#16794);
#16793 = CARTESIAN_POINT('',(0.,-7.2));
#16794 = VECTOR('',#16795,1.);
#16795 = DIRECTION('',(1.,0.));
#16796 = ( GEOMETRIC_REPRESENTATION_CONTEXT(2) 
PARAMETRIC_REPRESENTATION_CONTEXT() REPRESENTATION_CONTEXT('2D SPACE',''
  ) );
#16797 = PCURVE('',#16798,#16803);
#16798 = PLANE('',#16799);
#16799 = AXIS2_PLACEMENT_3D('',#16800,#16801,#16802);
#16800 = CARTESIAN_POINT('',(7.810967037628,0.993140554268,7.2));
#16801 = DIRECTION('',(0.,0.,1.));
#16802 = DIRECTION('',(1.,0.,-0.));
#16803 = DEFINITIONAL_REPRESENTATION('',(#16804),#16808);
#16804 = LINE('',#16805,#16806);
#16805 = CARTESIAN_POINT('',(-7.810967037628,-0.993140554268));
#16806 = VECTOR('',#16807,1.);
#16807 = DIRECTION('',(1.,0.));
#16808 = ( GEOMETRIC_REPRESENTATION_CONTEXT(2) 
PARAMETRIC_REPRESENTATION_CONTEXT() REPRESENTATION_CONTEXT('2D SPACE',''
  ) );
#16809 = ORIENTED_EDGE('',*,*,#16810,.F.);
#16810 = EDGE_CURVE('',#16722,#16783,#16811,.T.);
#16811 = SURFACE_CURVE('',#16812,(#16816,#16823),.PCURVE_S1.);
#16812 = LINE('',#16813,#16814);
#16813 = CARTESIAN_POINT('',(15.75,-5.551115123126E-17,0.));
#16814 = VECTOR('',#16815,1.);
#16815 = DIRECTION('',(0.,0.,1.));
#16816 = PCURVE('',#16730,#16817);
#16817 = DEFINITIONAL_REPRESENTATION('',(#16818),#16822);
#16818 = LINE('',#16819,#16820);
#16819 = CARTESIAN_POINT('',(15.75,0.));
#16820 = VECTOR('',#16821,1.);
#16821 = DIRECTION('',(0.,-1.));
#16822 = ( GEOMETRIC_REPRESENTATION_CONTEXT(2) 
PARAMETRIC_REPRESENTATION_CONTEXT() REPRESENTATION_CONTEXT('2D SPACE',''
  ) );
#16823 = PCURVE('',#16824,#16829);
#16824 = CYLINDRICAL_SURFACE('',#16825,0.25);
#16825 = AXIS2_PLACEMENT_3D('',#16826,#16827,#16828);
#16826 = CARTESIAN_POINT('',(15.75,0.25,0.));
#16827 = DIRECTION('',(0.,0.,1.));
#16828 = DIRECTION('',(0.,-1.,0.));
#16829 = DEFINITIONAL_REPRESENTATION('',(#16830),#16834);
#16830 = LINE('',#16831,#16832);
#16831 = CARTESIAN_POINT('',(0.,0.));
#16832 = VECTOR('',#16833,1.);
#16833 = DIRECTION('',(0.,1.));
#16834 = ( GEOMETRIC_REPRESENTATION_CONTEXT(2) 
PARAMETRIC_REPRESENTATION_CONTEXT() REPRESENTATION_CONTEXT('2D SPACE',''
  ) );
#16835 = ADVANCED_FACE('',(#16836),#16742,.F.);
#16836 = FACE_BOUND('',#16837,.F.);
#16837 = EDGE_LOOP('',(#16838,#16839,#16863,#16891,#16920,#16948,#16977,
    #17005));
#16838 = ORIENTED_EDGE('',*,*,#16719,.T.);
#16839 = ORIENTED_EDGE('',*,*,#16840,.T.);
#16840 = EDGE_CURVE('',#16722,#16841,#16843,.T.);
#16841 = VERTEX_POINT('',#16842);
#16842 = CARTESIAN_POINT('',(16.,0.25,0.));
#16843 = SURFACE_CURVE('',#16844,(#16849,#16856),.PCURVE_S1.);
#16844 = CIRCLE('',#16845,0.25);
#16845 = AXIS2_PLACEMENT_3D('',#16846,#16847,#16848);
#16846 = CARTESIAN_POINT('',(15.75,0.25,0.));
#16847 = DIRECTION('',(0.,0.,1.));
#16848 = DIRECTION('',(0.,-1.,0.));
#16849 = PCURVE('',#16742,#16850);
#16850 = DEFINITIONAL_REPRESENTATION('',(#16851),#16855);
#16851 = CIRCLE('',#16852,0.25);
#16852 = AXIS2_PLACEMENT_2D('',#16853,#16854);
#16853 = CARTESIAN_POINT('',(7.939032962372,-0.743140554268));
#16854 = DIRECTION('',(0.,-1.));
#16855 = ( GEOMETRIC_REPRESENTATION_CONTEXT(2) 
PARAMETRIC_REPRESENTATION_CONTEXT() REPRESENTATION_CONTEXT('2D SPACE',''
  ) );
#16856 = PCURVE('',#16824,#16857);
#16857 = DEFINITIONAL_REPRESENTATION('',(#16858),#16862);
#16858 = LINE('',#16859,#16860);
#16859 = CARTESIAN_POINT('',(0.,0.));
#16860 = VECTOR('',#16861,1.);
#16861 = DIRECTION('',(1.,0.));
#16862 = ( GEOMETRIC_REPRESENTATION_CONTEXT(2) 
PARAMETRIC_REPRESENTATION_CONTEXT() REPRESENTATION_CONTEXT('2D SPACE',''
  ) );
#16863 = ORIENTED_EDGE('',*,*,#16864,.T.);
#16864 = EDGE_CURVE('',#16841,#16865,#16867,.T.);
#16865 = VERTEX_POINT('',#16866);
#16866 = CARTESIAN_POINT('',(16.,1.312928715358,0.));
#16867 = SURFACE_CURVE('',#16868,(#16872,#16879),.PCURVE_S1.);
#16868 = LINE('',#16869,#16870);
#16869 = CARTESIAN_POINT('',(16.,0.,0.));
#16870 = VECTOR('',#16871,1.);
#16871 = DIRECTION('',(0.,1.,0.));
#16872 = PCURVE('',#16742,#16873);
#16873 = DEFINITIONAL_REPRESENTATION('',(#16874),#16878);
#16874 = LINE('',#16875,#16876);
#16875 = CARTESIAN_POINT('',(8.189032962372,-0.993140554268));
#16876 = VECTOR('',#16877,1.);
#16877 = DIRECTION('',(0.,1.));
#16878 = ( GEOMETRIC_REPRESENTATION_CONTEXT(2) 
PARAMETRIC_REPRESENTATION_CONTEXT() REPRESENTATION_CONTEXT('2D SPACE',''
  ) );
#16879 = PCURVE('',#16880,#16885);
#16880 = PLANE('',#16881);
#16881 = AXIS2_PLACEMENT_3D('',#16882,#16883,#16884);
#16882 = CARTESIAN_POINT('',(16.,0.,0.));
#16883 = DIRECTION('',(-1.,0.,0.));
#16884 = DIRECTION('',(0.,1.,0.));
#16885 = DEFINITIONAL_REPRESENTATION('',(#16886),#16890);
#16886 = LINE('',#16887,#16888);
#16887 = CARTESIAN_POINT('',(0.,0.));
#16888 = VECTOR('',#16889,1.);
#16889 = DIRECTION('',(1.,0.));
#16890 = ( GEOMETRIC_REPRESENTATION_CONTEXT(2) 
PARAMETRIC_REPRESENTATION_CONTEXT() REPRESENTATION_CONTEXT('2D SPACE',''
  ) );
#16891 = ORIENTED_EDGE('',*,*,#16892,.T.);
#16892 = EDGE_CURVE('',#16865,#16893,#16895,.T.);
#16893 = VERTEX_POINT('',#16894);
#16894 = CARTESIAN_POINT('',(15.76326254797,1.562576677139,0.));
#16895 = SURFACE_CURVE('',#16896,(#16901,#16908),.PCURVE_S1.);
#16896 = CIRCLE('',#16897,0.25);
#16897 = AXIS2_PLACEMENT_3D('',#16898,#16899,#16900);
#16898 = CARTESIAN_POINT('',(15.75,1.312928715358,0.));
#16899 = DIRECTION('',(0.,0.,1.));
#16900 = DIRECTION('',(0.,-1.,0.));
#16901 = PCURVE('',#16742,#16902);
#16902 = DEFINITIONAL_REPRESENTATION('',(#16903),#16907);
#16903 = CIRCLE('',#16904,0.25);
#16904 = AXIS2_PLACEMENT_2D('',#16905,#16906);
#16905 = CARTESIAN_POINT('',(7.939032962372,0.31978816109));
#16906 = DIRECTION('',(0.,-1.));
#16907 = ( GEOMETRIC_REPRESENTATION_CONTEXT(2) 
PARAMETRIC_REPRESENTATION_CONTEXT() REPRESENTATION_CONTEXT('2D SPACE',''
  ) );
#16908 = PCURVE('',#16909,#16914);
#16909 = CYLINDRICAL_SURFACE('',#16910,0.25);
#16910 = AXIS2_PLACEMENT_3D('',#16911,#16912,#16913);
#16911 = CARTESIAN_POINT('',(15.75,1.312928715358,0.));
#16912 = DIRECTION('',(0.,0.,1.));
#16913 = DIRECTION('',(1.,0.,-0.));
#16914 = DEFINITIONAL_REPRESENTATION('',(#16915),#16919);
#16915 = LINE('',#16916,#16917);
#16916 = CARTESIAN_POINT('',(-1.570796326795,0.));
#16917 = VECTOR('',#16918,1.);
#16918 = DIRECTION('',(1.,0.));
#16919 = ( GEOMETRIC_REPRESENTATION_CONTEXT(2) 
PARAMETRIC_REPRESENTATION_CONTEXT() REPRESENTATION_CONTEXT('2D SPACE',''
  ) );
#16920 = ORIENTED_EDGE('',*,*,#16921,.T.);
#16921 = EDGE_CURVE('',#16893,#16922,#16924,.T.);
#16922 = VERTEX_POINT('',#16923);
#16923 = CARTESIAN_POINT('',(0.26326254797,2.386014177139,0.));
#16924 = SURFACE_CURVE('',#16925,(#16929,#16936),.PCURVE_S1.);
#16925 = LINE('',#16926,#16927);
#16926 = CARTESIAN_POINT('',(16.,1.55,0.));
#16927 = VECTOR('',#16928,1.);
#16928 = DIRECTION('',(-0.998591847124,5.305019187844E-02,0.));
#16929 = PCURVE('',#16742,#16930);
#16930 = DEFINITIONAL_REPRESENTATION('',(#16931),#16935);
#16931 = LINE('',#16932,#16933);
#16932 = CARTESIAN_POINT('',(8.189032962372,0.556859445732));
#16933 = VECTOR('',#16934,1.);
#16934 = DIRECTION('',(-0.998591847124,5.305019187844E-02));
#16935 = ( GEOMETRIC_REPRESENTATION_CONTEXT(2) 
PARAMETRIC_REPRESENTATION_CONTEXT() REPRESENTATION_CONTEXT('2D SPACE',''
  ) );
#16936 = PCURVE('',#16937,#16942);
#16937 = PLANE('',#16938);
#16938 = AXIS2_PLACEMENT_3D('',#16939,#16940,#16941);
#16939 = CARTESIAN_POINT('',(16.,1.55,0.));
#16940 = DIRECTION('',(-5.305019187844E-02,-0.998591847124,0.));
#16941 = DIRECTION('',(-0.998591847124,5.305019187844E-02,0.));
#16942 = DEFINITIONAL_REPRESENTATION('',(#16943),#16947);
#16943 = LINE('',#16944,#16945);
#16944 = CARTESIAN_POINT('',(0.,0.));
#16945 = VECTOR('',#16946,1.);
#16946 = DIRECTION('',(1.,0.));
#16947 = ( GEOMETRIC_REPRESENTATION_CONTEXT(2) 
PARAMETRIC_REPRESENTATION_CONTEXT() REPRESENTATION_CONTEXT('2D SPACE',''
  ) );
#16948 = ORIENTED_EDGE('',*,*,#16949,.T.);
#16949 = EDGE_CURVE('',#16922,#16950,#16952,.T.);
#16950 = VERTEX_POINT('',#16951);
#16951 = CARTESIAN_POINT('',(-1.804112415016E-15,2.136366215358,0.));
#16952 = SURFACE_CURVE('',#16953,(#16958,#16965),.PCURVE_S1.);
#16953 = CIRCLE('',#16954,0.25);
#16954 = AXIS2_PLACEMENT_3D('',#16955,#16956,#16957);
#16955 = CARTESIAN_POINT('',(0.25,2.136366215358,0.));
#16956 = DIRECTION('',(0.,0.,1.));
#16957 = DIRECTION('',(0.,-1.,0.));
#16958 = PCURVE('',#16742,#16959);
#16959 = DEFINITIONAL_REPRESENTATION('',(#16960),#16964);
#16960 = CIRCLE('',#16961,0.25);
#16961 = AXIS2_PLACEMENT_2D('',#16962,#16963);
#16962 = CARTESIAN_POINT('',(-7.560967037628,1.14322566109));
#16963 = DIRECTION('',(0.,-1.));
#16964 = ( GEOMETRIC_REPRESENTATION_CONTEXT(2) 
PARAMETRIC_REPRESENTATION_CONTEXT() REPRESENTATION_CONTEXT('2D SPACE',''
  ) );
#16965 = PCURVE('',#16966,#16971);
#16966 = CYLINDRICAL_SURFACE('',#16967,0.25);
#16967 = AXIS2_PLACEMENT_3D('',#16968,#16969,#16970);
#16968 = CARTESIAN_POINT('',(0.25,2.136366215358,0.));
#16969 = DIRECTION('',(0.,0.,1.));
#16970 = DIRECTION('',(5.305019187844E-02,0.998591847124,-0.));
#16971 = DEFINITIONAL_REPRESENTATION('',(#16972),#16976);
#16972 = LINE('',#16973,#16974);
#16973 = CARTESIAN_POINT('',(-3.08851754675,0.));
#16974 = VECTOR('',#16975,1.);
#16975 = DIRECTION('',(1.,0.));
#16976 = ( GEOMETRIC_REPRESENTATION_CONTEXT(2) 
PARAMETRIC_REPRESENTATION_CONTEXT() REPRESENTATION_CONTEXT('2D SPACE',''
  ) );
#16977 = ORIENTED_EDGE('',*,*,#16978,.T.);
#16978 = EDGE_CURVE('',#16950,#16979,#16981,.T.);
#16979 = VERTEX_POINT('',#16980);
#16980 = CARTESIAN_POINT('',(-5.551115123126E-17,0.25,0.));
#16981 = SURFACE_CURVE('',#16982,(#16986,#16993),.PCURVE_S1.);
#16982 = LINE('',#16983,#16984);
#16983 = CARTESIAN_POINT('',(0.,2.4,0.));
#16984 = VECTOR('',#16985,1.);
#16985 = DIRECTION('',(0.,-1.,0.));
#16986 = PCURVE('',#16742,#16987);
#16987 = DEFINITIONAL_REPRESENTATION('',(#16988),#16992);
#16988 = LINE('',#16989,#16990);
#16989 = CARTESIAN_POINT('',(-7.810967037628,1.406859445732));
#16990 = VECTOR('',#16991,1.);
#16991 = DIRECTION('',(0.,-1.));
#16992 = ( GEOMETRIC_REPRESENTATION_CONTEXT(2) 
PARAMETRIC_REPRESENTATION_CONTEXT() REPRESENTATION_CONTEXT('2D SPACE',''
  ) );
#16993 = PCURVE('',#16994,#16999);
#16994 = PLANE('',#16995);
#16995 = AXIS2_PLACEMENT_3D('',#16996,#16997,#16998);
#16996 = CARTESIAN_POINT('',(0.,2.4,0.));
#16997 = DIRECTION('',(1.,0.,-0.));
#16998 = DIRECTION('',(0.,-1.,0.));
#16999 = DEFINITIONAL_REPRESENTATION('',(#17000),#17004);
#17000 = LINE('',#17001,#17002);
#17001 = CARTESIAN_POINT('',(0.,0.));
#17002 = VECTOR('',#17003,1.);
#17003 = DIRECTION('',(1.,0.));
#17004 = ( GEOMETRIC_REPRESENTATION_CONTEXT(2) 
PARAMETRIC_REPRESENTATION_CONTEXT() REPRESENTATION_CONTEXT('2D SPACE',''
  ) );
#17005 = ORIENTED_EDGE('',*,*,#17006,.F.);
#17006 = EDGE_CURVE('',#16720,#16979,#17007,.T.);
#17007 = SURFACE_CURVE('',#17008,(#17013,#17024),.PCURVE_S1.);
#17008 = CIRCLE('',#17009,0.25);
#17009 = AXIS2_PLACEMENT_3D('',#17010,#17011,#17012);
#17010 = CARTESIAN_POINT('',(0.25,0.25,0.));
#17011 = DIRECTION('',(-0.,-0.,-1.));
#17012 = DIRECTION('',(0.,-1.,0.));
#17013 = PCURVE('',#16742,#17014);
#17014 = DEFINITIONAL_REPRESENTATION('',(#17015),#17023);
#17015 = ( BOUNDED_CURVE() B_SPLINE_CURVE(2,(#17016,#17017,#17018,#17019
    ,#17020,#17021,#17022),.UNSPECIFIED.,.T.,.F.) 
B_SPLINE_CURVE_WITH_KNOTS((1,2,2,2,2,1),(-2.094395102393,0.,
    2.094395102393,4.188790204786,6.28318530718,8.377580409573),
.UNSPECIFIED.) CURVE() GEOMETRIC_REPRESENTATION_ITEM() 
RATIONAL_B_SPLINE_CURVE((1.,0.5,1.,0.5,1.,0.5,1.)) REPRESENTATION_ITEM(
  '') );
#17016 = CARTESIAN_POINT('',(-7.560967037628,-0.993140554268));
#17017 = CARTESIAN_POINT('',(-7.99397973952,-0.993140554268));
#17018 = CARTESIAN_POINT('',(-7.777473388574,-0.618140554268));
#17019 = CARTESIAN_POINT('',(-7.560967037628,-0.243140554268));
#17020 = CARTESIAN_POINT('',(-7.344460686682,-0.618140554268));
#17021 = CARTESIAN_POINT('',(-7.127954335736,-0.993140554268));
#17022 = CARTESIAN_POINT('',(-7.560967037628,-0.993140554268));
#17023 = ( GEOMETRIC_REPRESENTATION_CONTEXT(2) 
PARAMETRIC_REPRESENTATION_CONTEXT() REPRESENTATION_CONTEXT('2D SPACE',''
  ) );
#17024 = PCURVE('',#16770,#17025);
#17025 = DEFINITIONAL_REPRESENTATION('',(#17026),#17030);
#17026 = LINE('',#17027,#17028);
#17027 = CARTESIAN_POINT('',(-0.,0.));
#17028 = VECTOR('',#17029,1.);
#17029 = DIRECTION('',(-1.,0.));
#17030 = ( GEOMETRIC_REPRESENTATION_CONTEXT(2) 
PARAMETRIC_REPRESENTATION_CONTEXT() REPRESENTATION_CONTEXT('2D SPACE',''
  ) );
#17031 = ADVANCED_FACE('',(#17032),#16770,.T.);
#17032 = FACE_BOUND('',#17033,.F.);
#17033 = EDGE_LOOP('',(#17034,#17035,#17058,#17084));
#17034 = ORIENTED_EDGE('',*,*,#17006,.T.);
#17035 = ORIENTED_EDGE('',*,*,#17036,.T.);
#17036 = EDGE_CURVE('',#16979,#17037,#17039,.T.);
#17037 = VERTEX_POINT('',#17038);
#17038 = CARTESIAN_POINT('',(-5.551115123126E-17,0.25,7.2));
#17039 = SURFACE_CURVE('',#17040,(#17044,#17051),.PCURVE_S1.);
#17040 = LINE('',#17041,#17042);
#17041 = CARTESIAN_POINT('',(-5.551115123126E-17,0.25,0.));
#17042 = VECTOR('',#17043,1.);
#17043 = DIRECTION('',(0.,0.,1.));
#17044 = PCURVE('',#16770,#17045);
#17045 = DEFINITIONAL_REPRESENTATION('',(#17046),#17050);
#17046 = LINE('',#17047,#17048);
#17047 = CARTESIAN_POINT('',(-1.570796326795,0.));
#17048 = VECTOR('',#17049,1.);
#17049 = DIRECTION('',(-0.,1.));
#17050 = ( GEOMETRIC_REPRESENTATION_CONTEXT(2) 
PARAMETRIC_REPRESENTATION_CONTEXT() REPRESENTATION_CONTEXT('2D SPACE',''
  ) );
#17051 = PCURVE('',#16994,#17052);
#17052 = DEFINITIONAL_REPRESENTATION('',(#17053),#17057);
#17053 = LINE('',#17054,#17055);
#17054 = CARTESIAN_POINT('',(2.15,-0.));
#17055 = VECTOR('',#17056,1.);
#17056 = DIRECTION('',(0.,-1.));
#17057 = ( GEOMETRIC_REPRESENTATION_CONTEXT(2) 
PARAMETRIC_REPRESENTATION_CONTEXT() REPRESENTATION_CONTEXT('2D SPACE',''
  ) );
#17058 = ORIENTED_EDGE('',*,*,#17059,.F.);
#17059 = EDGE_CURVE('',#16755,#17037,#17060,.T.);
#17060 = SURFACE_CURVE('',#17061,(#17066,#17073),.PCURVE_S1.);
#17061 = CIRCLE('',#17062,0.25);
#17062 = AXIS2_PLACEMENT_3D('',#17063,#17064,#17065);
#17063 = CARTESIAN_POINT('',(0.25,0.25,7.2));
#17064 = DIRECTION('',(-0.,-0.,-1.));
#17065 = DIRECTION('',(0.,-1.,0.));
#17066 = PCURVE('',#16770,#17067);
#17067 = DEFINITIONAL_REPRESENTATION('',(#17068),#17072);
#17068 = LINE('',#17069,#17070);
#17069 = CARTESIAN_POINT('',(-0.,7.2));
#17070 = VECTOR('',#17071,1.);
#17071 = DIRECTION('',(-1.,0.));
#17072 = ( GEOMETRIC_REPRESENTATION_CONTEXT(2) 
PARAMETRIC_REPRESENTATION_CONTEXT() REPRESENTATION_CONTEXT('2D SPACE',''
  ) );
#17073 = PCURVE('',#16798,#17074);
#17074 = DEFINITIONAL_REPRESENTATION('',(#17075),#17083);
#17075 = ( BOUNDED_CURVE() B_SPLINE_CURVE(2,(#17076,#17077,#17078,#17079
    ,#17080,#17081,#17082),.UNSPECIFIED.,.T.,.F.) 
B_SPLINE_CURVE_WITH_KNOTS((1,2,2,2,2,1),(-2.094395102393,0.,
    2.094395102393,4.188790204786,6.28318530718,8.377580409573),
.UNSPECIFIED.) CURVE() GEOMETRIC_REPRESENTATION_ITEM() 
RATIONAL_B_SPLINE_CURVE((1.,0.5,1.,0.5,1.,0.5,1.)) REPRESENTATION_ITEM(
  '') );
#17076 = CARTESIAN_POINT('',(-7.560967037628,-0.993140554268));
#17077 = CARTESIAN_POINT('',(-7.99397973952,-0.993140554268));
#17078 = CARTESIAN_POINT('',(-7.777473388574,-0.618140554268));
#17079 = CARTESIAN_POINT('',(-7.560967037628,-0.243140554268));
#17080 = CARTESIAN_POINT('',(-7.344460686682,-0.618140554268));
#17081 = CARTESIAN_POINT('',(-7.127954335736,-0.993140554268));
#17082 = CARTESIAN_POINT('',(-7.560967037628,-0.993140554268));
#17083 = ( GEOMETRIC_REPRESENTATION_CONTEXT(2) 
PARAMETRIC_REPRESENTATION_CONTEXT() REPRESENTATION_CONTEXT('2D SPACE',''
  ) );
#17084 = ORIENTED_EDGE('',*,*,#16754,.F.);
#17085 = ADVANCED_FACE('',(#17086),#16824,.T.);
#17086 = FACE_BOUND('',#17087,.T.);
#17087 = EDGE_LOOP('',(#17088,#17089,#17112,#17134));
#17088 = ORIENTED_EDGE('',*,*,#16840,.T.);
#17089 = ORIENTED_EDGE('',*,*,#17090,.T.);
#17090 = EDGE_CURVE('',#16841,#17091,#17093,.T.);
#17091 = VERTEX_POINT('',#17092);
#17092 = CARTESIAN_POINT('',(16.,0.25,7.2));
#17093 = SURFACE_CURVE('',#17094,(#17098,#17105),.PCURVE_S1.);
#17094 = LINE('',#17095,#17096);
#17095 = CARTESIAN_POINT('',(16.,0.25,0.));
#17096 = VECTOR('',#17097,1.);
#17097 = DIRECTION('',(0.,0.,1.));
#17098 = PCURVE('',#16824,#17099);
#17099 = DEFINITIONAL_REPRESENTATION('',(#17100),#17104);
#17100 = LINE('',#17101,#17102);
#17101 = CARTESIAN_POINT('',(1.570796326795,0.));
#17102 = VECTOR('',#17103,1.);
#17103 = DIRECTION('',(0.,1.));
#17104 = ( GEOMETRIC_REPRESENTATION_CONTEXT(2) 
PARAMETRIC_REPRESENTATION_CONTEXT() REPRESENTATION_CONTEXT('2D SPACE',''
  ) );
#17105 = PCURVE('',#16880,#17106);
#17106 = DEFINITIONAL_REPRESENTATION('',(#17107),#17111);
#17107 = LINE('',#17108,#17109);
#17108 = CARTESIAN_POINT('',(0.25,0.));
#17109 = VECTOR('',#17110,1.);
#17110 = DIRECTION('',(0.,-1.));
#17111 = ( GEOMETRIC_REPRESENTATION_CONTEXT(2) 
PARAMETRIC_REPRESENTATION_CONTEXT() REPRESENTATION_CONTEXT('2D SPACE',''
  ) );
#17112 = ORIENTED_EDGE('',*,*,#17113,.F.);
#17113 = EDGE_CURVE('',#16783,#17091,#17114,.T.);
#17114 = SURFACE_CURVE('',#17115,(#17120,#17127),.PCURVE_S1.);
#17115 = CIRCLE('',#17116,0.25);
#17116 = AXIS2_PLACEMENT_3D('',#17117,#17118,#17119);
#17117 = CARTESIAN_POINT('',(15.75,0.25,7.2));
#17118 = DIRECTION('',(0.,0.,1.));
#17119 = DIRECTION('',(0.,-1.,0.));
#17120 = PCURVE('',#16824,#17121);
#17121 = DEFINITIONAL_REPRESENTATION('',(#17122),#17126);
#17122 = LINE('',#17123,#17124);
#17123 = CARTESIAN_POINT('',(0.,7.2));
#17124 = VECTOR('',#17125,1.);
#17125 = DIRECTION('',(1.,0.));
#17126 = ( GEOMETRIC_REPRESENTATION_CONTEXT(2) 
PARAMETRIC_REPRESENTATION_CONTEXT() REPRESENTATION_CONTEXT('2D SPACE',''
  ) );
#17127 = PCURVE('',#16798,#17128);
#17128 = DEFINITIONAL_REPRESENTATION('',(#17129),#17133);
#17129 = CIRCLE('',#17130,0.25);
#17130 = AXIS2_PLACEMENT_2D('',#17131,#17132);
#17131 = CARTESIAN_POINT('',(7.939032962372,-0.743140554268));
#17132 = DIRECTION('',(0.,-1.));
#17133 = ( GEOMETRIC_REPRESENTATION_CONTEXT(2) 
PARAMETRIC_REPRESENTATION_CONTEXT() REPRESENTATION_CONTEXT('2D SPACE',''
  ) );
#17134 = ORIENTED_EDGE('',*,*,#16810,.F.);
#17135 = ADVANCED_FACE('',(#17136),#16798,.T.);
#17136 = FACE_BOUND('',#17137,.T.);
#17137 = EDGE_LOOP('',(#17138,#17139,#17140,#17163,#17187,#17210,#17234,
    #17255));
#17138 = ORIENTED_EDGE('',*,*,#16782,.T.);
#17139 = ORIENTED_EDGE('',*,*,#17113,.T.);
#17140 = ORIENTED_EDGE('',*,*,#17141,.T.);
#17141 = EDGE_CURVE('',#17091,#17142,#17144,.T.);
#17142 = VERTEX_POINT('',#17143);
#17143 = CARTESIAN_POINT('',(16.,1.312928715358,7.2));
#17144 = SURFACE_CURVE('',#17145,(#17149,#17156),.PCURVE_S1.);
#17145 = LINE('',#17146,#17147);
#17146 = CARTESIAN_POINT('',(16.,0.,7.2));
#17147 = VECTOR('',#17148,1.);
#17148 = DIRECTION('',(0.,1.,0.));
#17149 = PCURVE('',#16798,#17150);
#17150 = DEFINITIONAL_REPRESENTATION('',(#17151),#17155);
#17151 = LINE('',#17152,#17153);
#17152 = CARTESIAN_POINT('',(8.189032962372,-0.993140554268));
#17153 = VECTOR('',#17154,1.);
#17154 = DIRECTION('',(0.,1.));
#17155 = ( GEOMETRIC_REPRESENTATION_CONTEXT(2) 
PARAMETRIC_REPRESENTATION_CONTEXT() REPRESENTATION_CONTEXT('2D SPACE',''
  ) );
#17156 = PCURVE('',#16880,#17157);
#17157 = DEFINITIONAL_REPRESENTATION('',(#17158),#17162);
#17158 = LINE('',#17159,#17160);
#17159 = CARTESIAN_POINT('',(0.,-7.2));
#17160 = VECTOR('',#17161,1.);
#17161 = DIRECTION('',(1.,0.));
#17162 = ( GEOMETRIC_REPRESENTATION_CONTEXT(2) 
PARAMETRIC_REPRESENTATION_CONTEXT() REPRESENTATION_CONTEXT('2D SPACE',''
  ) );
#17163 = ORIENTED_EDGE('',*,*,#17164,.T.);
#17164 = EDGE_CURVE('',#17142,#17165,#17167,.T.);
#17165 = VERTEX_POINT('',#17166);
#17166 = CARTESIAN_POINT('',(15.76326254797,1.562576677139,7.2));
#17167 = SURFACE_CURVE('',#17168,(#17173,#17180),.PCURVE_S1.);
#17168 = CIRCLE('',#17169,0.25);
#17169 = AXIS2_PLACEMENT_3D('',#17170,#17171,#17172);
#17170 = CARTESIAN_POINT('',(15.75,1.312928715358,7.2));
#17171 = DIRECTION('',(0.,0.,1.));
#17172 = DIRECTION('',(0.,-1.,0.));
#17173 = PCURVE('',#16798,#17174);
#17174 = DEFINITIONAL_REPRESENTATION('',(#17175),#17179);
#17175 = CIRCLE('',#17176,0.25);
#17176 = AXIS2_PLACEMENT_2D('',#17177,#17178);
#17177 = CARTESIAN_POINT('',(7.939032962372,0.31978816109));
#17178 = DIRECTION('',(0.,-1.));
#17179 = ( GEOMETRIC_REPRESENTATION_CONTEXT(2) 
PARAMETRIC_REPRESENTATION_CONTEXT() REPRESENTATION_CONTEXT('2D SPACE',''
  ) );
#17180 = PCURVE('',#16909,#17181);
#17181 = DEFINITIONAL_REPRESENTATION('',(#17182),#17186);
#17182 = LINE('',#17183,#17184);
#17183 = CARTESIAN_POINT('',(-1.570796326795,7.2));
#17184 = VECTOR('',#17185,1.);
#17185 = DIRECTION('',(1.,0.));
#17186 = ( GEOMETRIC_REPRESENTATION_CONTEXT(2) 
PARAMETRIC_REPRESENTATION_CONTEXT() REPRESENTATION_CONTEXT('2D SPACE',''
  ) );
#17187 = ORIENTED_EDGE('',*,*,#17188,.T.);
#17188 = EDGE_CURVE('',#17165,#17189,#17191,.T.);
#17189 = VERTEX_POINT('',#17190);
#17190 = CARTESIAN_POINT('',(0.26326254797,2.386014177139,7.2));
#17191 = SURFACE_CURVE('',#17192,(#17196,#17203),.PCURVE_S1.);
#17192 = LINE('',#17193,#17194);
#17193 = CARTESIAN_POINT('',(16.,1.55,7.2));
#17194 = VECTOR('',#17195,1.);
#17195 = DIRECTION('',(-0.998591847124,5.305019187844E-02,0.));
#17196 = PCURVE('',#16798,#17197);
#17197 = DEFINITIONAL_REPRESENTATION('',(#17198),#17202);
#17198 = LINE('',#17199,#17200);
#17199 = CARTESIAN_POINT('',(8.189032962372,0.556859445732));
#17200 = VECTOR('',#17201,1.);
#17201 = DIRECTION('',(-0.998591847124,5.305019187844E-02));
#17202 = ( GEOMETRIC_REPRESENTATION_CONTEXT(2) 
PARAMETRIC_REPRESENTATION_CONTEXT() REPRESENTATION_CONTEXT('2D SPACE',''
  ) );
#17203 = PCURVE('',#16937,#17204);
#17204 = DEFINITIONAL_REPRESENTATION('',(#17205),#17209);
#17205 = LINE('',#17206,#17207);
#17206 = CARTESIAN_POINT('',(0.,-7.2));
#17207 = VECTOR('',#17208,1.);
#17208 = DIRECTION('',(1.,0.));
#17209 = ( GEOMETRIC_REPRESENTATION_CONTEXT(2) 
PARAMETRIC_REPRESENTATION_CONTEXT() REPRESENTATION_CONTEXT('2D SPACE',''
  ) );
#17210 = ORIENTED_EDGE('',*,*,#17211,.T.);
#17211 = EDGE_CURVE('',#17189,#17212,#17214,.T.);
#17212 = VERTEX_POINT('',#17213);
#17213 = CARTESIAN_POINT('',(-1.804112415016E-15,2.136366215358,7.2));
#17214 = SURFACE_CURVE('',#17215,(#17220,#17227),.PCURVE_S1.);
#17215 = CIRCLE('',#17216,0.25);
#17216 = AXIS2_PLACEMENT_3D('',#17217,#17218,#17219);
#17217 = CARTESIAN_POINT('',(0.25,2.136366215358,7.2));
#17218 = DIRECTION('',(0.,0.,1.));
#17219 = DIRECTION('',(0.,-1.,0.));
#17220 = PCURVE('',#16798,#17221);
#17221 = DEFINITIONAL_REPRESENTATION('',(#17222),#17226);
#17222 = CIRCLE('',#17223,0.25);
#17223 = AXIS2_PLACEMENT_2D('',#17224,#17225);
#17224 = CARTESIAN_POINT('',(-7.560967037628,1.14322566109));
#17225 = DIRECTION('',(0.,-1.));
#17226 = ( GEOMETRIC_REPRESENTATION_CONTEXT(2) 
PARAMETRIC_REPRESENTATION_CONTEXT() REPRESENTATION_CONTEXT('2D SPACE',''
  ) );
#17227 = PCURVE('',#16966,#17228);
#17228 = DEFINITIONAL_REPRESENTATION('',(#17229),#17233);
#17229 = LINE('',#17230,#17231);
#17230 = CARTESIAN_POINT('',(-3.08851754675,7.2));
#17231 = VECTOR('',#17232,1.);
#17232 = DIRECTION('',(1.,0.));
#17233 = ( GEOMETRIC_REPRESENTATION_CONTEXT(2) 
PARAMETRIC_REPRESENTATION_CONTEXT() REPRESENTATION_CONTEXT('2D SPACE',''
  ) );
#17234 = ORIENTED_EDGE('',*,*,#17235,.T.);
#17235 = EDGE_CURVE('',#17212,#17037,#17236,.T.);
#17236 = SURFACE_CURVE('',#17237,(#17241,#17248),.PCURVE_S1.);
#17237 = LINE('',#17238,#17239);
#17238 = CARTESIAN_POINT('',(0.,2.4,7.2));
#17239 = VECTOR('',#17240,1.);
#17240 = DIRECTION('',(0.,-1.,0.));
#17241 = PCURVE('',#16798,#17242);
#17242 = DEFINITIONAL_REPRESENTATION('',(#17243),#17247);
#17243 = LINE('',#17244,#17245);
#17244 = CARTESIAN_POINT('',(-7.810967037628,1.406859445732));
#17245 = VECTOR('',#17246,1.);
#17246 = DIRECTION('',(0.,-1.));
#17247 = ( GEOMETRIC_REPRESENTATION_CONTEXT(2) 
PARAMETRIC_REPRESENTATION_CONTEXT() REPRESENTATION_CONTEXT('2D SPACE',''
  ) );
#17248 = PCURVE('',#16994,#17249);
#17249 = DEFINITIONAL_REPRESENTATION('',(#17250),#17254);
#17250 = LINE('',#17251,#17252);
#17251 = CARTESIAN_POINT('',(0.,-7.2));
#17252 = VECTOR('',#17253,1.);
#17253 = DIRECTION('',(1.,0.));
#17254 = ( GEOMETRIC_REPRESENTATION_CONTEXT(2) 
PARAMETRIC_REPRESENTATION_CONTEXT() REPRESENTATION_CONTEXT('2D SPACE',''
  ) );
#17255 = ORIENTED_EDGE('',*,*,#17059,.F.);
#17256 = ADVANCED_FACE('',(#17257),#16994,.F.);
#17257 = FACE_BOUND('',#17258,.F.);
#17258 = EDGE_LOOP('',(#17259,#17260,#17281,#17282));
#17259 = ORIENTED_EDGE('',*,*,#16978,.F.);
#17260 = ORIENTED_EDGE('',*,*,#17261,.T.);
#17261 = EDGE_CURVE('',#16950,#17212,#17262,.T.);
#17262 = SURFACE_CURVE('',#17263,(#17267,#17274),.PCURVE_S1.);
#17263 = LINE('',#17264,#17265);
#17264 = CARTESIAN_POINT('',(-1.804112415016E-15,2.136366215358,0.));
#17265 = VECTOR('',#17266,1.);
#17266 = DIRECTION('',(0.,0.,1.));
#17267 = PCURVE('',#16994,#17268);
#17268 = DEFINITIONAL_REPRESENTATION('',(#17269),#17273);
#17269 = LINE('',#17270,#17271);
#17270 = CARTESIAN_POINT('',(0.263633784642,-0.));
#17271 = VECTOR('',#17272,1.);
#17272 = DIRECTION('',(0.,-1.));
#17273 = ( GEOMETRIC_REPRESENTATION_CONTEXT(2) 
PARAMETRIC_REPRESENTATION_CONTEXT() REPRESENTATION_CONTEXT('2D SPACE',''
  ) );
#17274 = PCURVE('',#16966,#17275);
#17275 = DEFINITIONAL_REPRESENTATION('',(#17276),#17280);
#17276 = LINE('',#17277,#17278);
#17277 = CARTESIAN_POINT('',(1.623871433634,0.));
#17278 = VECTOR('',#17279,1.);
#17279 = DIRECTION('',(0.,1.));
#17280 = ( GEOMETRIC_REPRESENTATION_CONTEXT(2) 
PARAMETRIC_REPRESENTATION_CONTEXT() REPRESENTATION_CONTEXT('2D SPACE',''
  ) );
#17281 = ORIENTED_EDGE('',*,*,#17235,.T.);
#17282 = ORIENTED_EDGE('',*,*,#17036,.F.);
#17283 = ADVANCED_FACE('',(#17284),#16880,.F.);
#17284 = FACE_BOUND('',#17285,.F.);
#17285 = EDGE_LOOP('',(#17286,#17287,#17288,#17289));
#17286 = ORIENTED_EDGE('',*,*,#16864,.F.);
#17287 = ORIENTED_EDGE('',*,*,#17090,.T.);
#17288 = ORIENTED_EDGE('',*,*,#17141,.T.);
#17289 = ORIENTED_EDGE('',*,*,#17290,.F.);
#17290 = EDGE_CURVE('',#16865,#17142,#17291,.T.);
#17291 = SURFACE_CURVE('',#17292,(#17296,#17303),.PCURVE_S1.);
#17292 = LINE('',#17293,#17294);
#17293 = CARTESIAN_POINT('',(16.,1.312928715358,0.));
#17294 = VECTOR('',#17295,1.);
#17295 = DIRECTION('',(0.,0.,1.));
#17296 = PCURVE('',#16880,#17297);
#17297 = DEFINITIONAL_REPRESENTATION('',(#17298),#17302);
#17298 = LINE('',#17299,#17300);
#17299 = CARTESIAN_POINT('',(1.312928715358,0.));
#17300 = VECTOR('',#17301,1.);
#17301 = DIRECTION('',(0.,-1.));
#17302 = ( GEOMETRIC_REPRESENTATION_CONTEXT(2) 
PARAMETRIC_REPRESENTATION_CONTEXT() REPRESENTATION_CONTEXT('2D SPACE',''
  ) );
#17303 = PCURVE('',#16909,#17304);
#17304 = DEFINITIONAL_REPRESENTATION('',(#17305),#17309);
#17305 = LINE('',#17306,#17307);
#17306 = CARTESIAN_POINT('',(0.,0.));
#17307 = VECTOR('',#17308,1.);
#17308 = DIRECTION('',(0.,1.));
#17309 = ( GEOMETRIC_REPRESENTATION_CONTEXT(2) 
PARAMETRIC_REPRESENTATION_CONTEXT() REPRESENTATION_CONTEXT('2D SPACE',''
  ) );
#17310 = ADVANCED_FACE('',(#17311),#16966,.T.);
#17311 = FACE_BOUND('',#17312,.T.);
#17312 = EDGE_LOOP('',(#17313,#17314,#17315,#17316));
#17313 = ORIENTED_EDGE('',*,*,#16949,.T.);
#17314 = ORIENTED_EDGE('',*,*,#17261,.T.);
#17315 = ORIENTED_EDGE('',*,*,#17211,.F.);
#17316 = ORIENTED_EDGE('',*,*,#17317,.F.);
#17317 = EDGE_CURVE('',#16922,#17189,#17318,.T.);
#17318 = SURFACE_CURVE('',#17319,(#17323,#17330),.PCURVE_S1.);
#17319 = LINE('',#17320,#17321);
#17320 = CARTESIAN_POINT('',(0.26326254797,2.386014177139,0.));
#17321 = VECTOR('',#17322,1.);
#17322 = DIRECTION('',(0.,0.,1.));
#17323 = PCURVE('',#16966,#17324);
#17324 = DEFINITIONAL_REPRESENTATION('',(#17325),#17329);
#17325 = LINE('',#17326,#17327);
#17326 = CARTESIAN_POINT('',(0.,0.));
#17327 = VECTOR('',#17328,1.);
#17328 = DIRECTION('',(0.,1.));
#17329 = ( GEOMETRIC_REPRESENTATION_CONTEXT(2) 
PARAMETRIC_REPRESENTATION_CONTEXT() REPRESENTATION_CONTEXT('2D SPACE',''
  ) );
#17330 = PCURVE('',#16937,#17331);
#17331 = DEFINITIONAL_REPRESENTATION('',(#17332),#17336);
#17332 = LINE('',#17333,#17334);
#17333 = CARTESIAN_POINT('',(15.758928432432,0.));
#17334 = VECTOR('',#17335,1.);
#17335 = DIRECTION('',(0.,-1.));
#17336 = ( GEOMETRIC_REPRESENTATION_CONTEXT(2) 
PARAMETRIC_REPRESENTATION_CONTEXT() REPRESENTATION_CONTEXT('2D SPACE',''
  ) );
#17337 = ADVANCED_FACE('',(#17338),#16909,.T.);
#17338 = FACE_BOUND('',#17339,.T.);
#17339 = EDGE_LOOP('',(#17340,#17341,#17362,#17363));
#17340 = ORIENTED_EDGE('',*,*,#16892,.T.);
#17341 = ORIENTED_EDGE('',*,*,#17342,.T.);
#17342 = EDGE_CURVE('',#16893,#17165,#17343,.T.);
#17343 = SURFACE_CURVE('',#17344,(#17348,#17355),.PCURVE_S1.);
#17344 = LINE('',#17345,#17346);
#17345 = CARTESIAN_POINT('',(15.76326254797,1.562576677139,0.));
#17346 = VECTOR('',#17347,1.);
#17347 = DIRECTION('',(0.,0.,1.));
#17348 = PCURVE('',#16909,#17349);
#17349 = DEFINITIONAL_REPRESENTATION('',(#17350),#17354);
#17350 = LINE('',#17351,#17352);
#17351 = CARTESIAN_POINT('',(1.517721219955,0.));
#17352 = VECTOR('',#17353,1.);
#17353 = DIRECTION('',(0.,1.));
#17354 = ( GEOMETRIC_REPRESENTATION_CONTEXT(2) 
PARAMETRIC_REPRESENTATION_CONTEXT() REPRESENTATION_CONTEXT('2D SPACE',''
  ) );
#17355 = PCURVE('',#16937,#17356);
#17356 = DEFINITIONAL_REPRESENTATION('',(#17357),#17361);
#17357 = LINE('',#17358,#17359);
#17358 = CARTESIAN_POINT('',(0.237071284642,0.));
#17359 = VECTOR('',#17360,1.);
#17360 = DIRECTION('',(0.,-1.));
#17361 = ( GEOMETRIC_REPRESENTATION_CONTEXT(2) 
PARAMETRIC_REPRESENTATION_CONTEXT() REPRESENTATION_CONTEXT('2D SPACE',''
  ) );
#17362 = ORIENTED_EDGE('',*,*,#17164,.F.);
#17363 = ORIENTED_EDGE('',*,*,#17290,.F.);
#17364 = ADVANCED_FACE('',(#17365),#16937,.F.);
#17365 = FACE_BOUND('',#17366,.F.);
#17366 = EDGE_LOOP('',(#17367,#17368,#17369,#17370));
#17367 = ORIENTED_EDGE('',*,*,#16921,.F.);
#17368 = ORIENTED_EDGE('',*,*,#17342,.T.);
#17369 = ORIENTED_EDGE('',*,*,#17188,.T.);
#17370 = ORIENTED_EDGE('',*,*,#17317,.F.);
#17371 = ( GEOMETRIC_REPRESENTATION_CONTEXT(3) 
GLOBAL_UNCERTAINTY_ASSIGNED_CONTEXT((#17375)) 
GLOBAL_UNIT_ASSIGNED_CONTEXT((#17372,#17373,#17374)) 
REPRESENTATION_CONTEXT('Context #1',
  '3D Context with UNIT and UNCERTAINTY') );
#17372 = ( LENGTH_UNIT() NAMED_UNIT(*) SI_UNIT(.MILLI.,.METRE.) );
#17373 = ( NAMED_UNIT(*) PLANE_ANGLE_UNIT() SI_UNIT($,.RADIAN.) );
#17374 = ( NAMED_UNIT(*) SI_UNIT($,.STERADIAN.) SOLID_ANGLE_UNIT() );
#17375 = UNCERTAINTY_MEASURE_WITH_UNIT(LENGTH_MEASURE(1.E-07),#17372,
  'distance_accuracy_value','confusion accuracy');
#17376 = CONTEXT_DEPENDENT_SHAPE_REPRESENTATION(#17377,#17379);
#17377 = ( REPRESENTATION_RELATIONSHIP('','',#16712,#10) 
REPRESENTATION_RELATIONSHIP_WITH_TRANSFORMATION(#17378) 
SHAPE_REPRESENTATION_RELATIONSHIP() );
#17378 = ITEM_DEFINED_TRANSFORMATION('','',#11,#55);
#17379 = PRODUCT_DEFINITION_SHAPE('Placement','Placement of an item',
  #17380);
#17380 = NEXT_ASSEMBLY_USAGE_OCCURRENCE('11','13-wedge','',#5,#16707,$);
#17381 = PRODUCT_RELATED_PRODUCT_CATEGORY('part',$,(#16709));
#17382 = SHAPE_DEFINITION_REPRESENTATION(#17383,#17389);
#17383 = PRODUCT_DEFINITION_SHAPE('','',#17384);
#17384 = PRODUCT_DEFINITION('design','',#17385,#17388);
#17385 = PRODUCT_DEFINITION_FORMATION('','',#17386);
#17386 = PRODUCT('14-chest','14-chest','',(#17387));
#17387 = PRODUCT_CONTEXT('',#2,'mechanical');
#17388 = PRODUCT_DEFINITION_CONTEXT('part definition',#2,'design');
#17389 = ADVANCED_BREP_SHAPE_REPRESENTATION('',(#11,#17390),#18370);
#17390 = MANIFOLD_SOLID_BREP('',#17391);
#17391 = CLOSED_SHELL('',(#17392,#17512,#17818,#17868,#17922,#18047,
    #18074,#18101,#18128,#18155,#18162,#18238,#18287,#18336,#18363));
#17392 = ADVANCED_FACE('',(#17393),#17407,.F.);
#17393 = FACE_BOUND('',#17394,.F.);
#17394 = EDGE_LOOP('',(#17395,#17430,#17458,#17486));
#17395 = ORIENTED_EDGE('',*,*,#17396,.F.);
#17396 = EDGE_CURVE('',#17397,#17399,#17401,.T.);
#17397 = VERTEX_POINT('',#17398);
#17398 = CARTESIAN_POINT('',(-84.,-36.,11.));
#17399 = VERTEX_POINT('',#17400);
#17400 = CARTESIAN_POINT('',(-84.,36.,11.));
#17401 = SURFACE_CURVE('',#17402,(#17406,#17418),.PCURVE_S1.);
#17402 = LINE('',#17403,#17404);
#17403 = CARTESIAN_POINT('',(-84.,-39.,11.));
#17404 = VECTOR('',#17405,1.);
#17405 = DIRECTION('',(0.,1.,0.));
#17406 = PCURVE('',#17407,#17412);
#17407 = PLANE('',#17408);
#17408 = AXIS2_PLACEMENT_3D('',#17409,#17410,#17411);
#17409 = CARTESIAN_POINT('',(-84.,-39.,-11.));
#17410 = DIRECTION('',(1.,0.,0.));
#17411 = DIRECTION('',(0.,0.,1.));
#17412 = DEFINITIONAL_REPRESENTATION('',(#17413),#17417);
#17413 = LINE('',#17414,#17415);
#17414 = CARTESIAN_POINT('',(22.,0.));
#17415 = VECTOR('',#17416,1.);
#17416 = DIRECTION('',(0.,-1.));
#17417 = ( GEOMETRIC_REPRESENTATION_CONTEXT(2) 
PARAMETRIC_REPRESENTATION_CONTEXT() REPRESENTATION_CONTEXT('2D SPACE',''
  ) );
#17418 = PCURVE('',#17419,#17424);
#17419 = PLANE('',#17420);
#17420 = AXIS2_PLACEMENT_3D('',#17421,#17422,#17423);
#17421 = CARTESIAN_POINT('',(-84.,-39.,11.));
#17422 = DIRECTION('',(0.,0.,1.));
#17423 = DIRECTION('',(1.,0.,0.));
#17424 = DEFINITIONAL_REPRESENTATION('',(#17425),#17429);
#17425 = LINE('',#17426,#17427);
#17426 = CARTESIAN_POINT('',(0.,0.));
#17427 = VECTOR('',#17428,1.);
#17428 = DIRECTION('',(0.,1.));
#17429 = ( GEOMETRIC_REPRESENTATION_CONTEXT(2) 
PARAMETRIC_REPRESENTATION_CONTEXT() REPRESENTATION_CONTEXT('2D SPACE',''
  ) );
#17430 = ORIENTED_EDGE('',*,*,#17431,.F.);
#17431 = EDGE_CURVE('',#17432,#17397,#17434,.T.);
#17432 = VERTEX_POINT('',#17433);
#17433 = CARTESIAN_POINT('',(-84.,-36.,-11.));
#17434 = SURFACE_CURVE('',#17435,(#17439,#17446),.PCURVE_S1.);
#17435 = LINE('',#17436,#17437);
#17436 = CARTESIAN_POINT('',(-84.,-36.,-11.));
#17437 = VECTOR('',#17438,1.);
#17438 = DIRECTION('',(0.,0.,1.));
#17439 = PCURVE('',#17407,#17440);
#17440 = DEFINITIONAL_REPRESENTATION('',(#17441),#17445);
#17441 = LINE('',#17442,#17443);
#17442 = CARTESIAN_POINT('',(0.,-3.));
#17443 = VECTOR('',#17444,1.);
#17444 = DIRECTION('',(1.,0.));
#17445 = ( GEOMETRIC_REPRESENTATION_CONTEXT(2) 
PARAMETRIC_REPRESENTATION_CONTEXT() REPRESENTATION_CONTEXT('2D SPACE',''
  ) );
#17446 = PCURVE('',#17447,#17452);
#17447 = CYLINDRICAL_SURFACE('',#17448,3.);
#17448 = AXIS2_PLACEMENT_3D('',#17449,#17450,#17451);
#17449 = CARTESIAN_POINT('',(-81.,-36.,-11.));
#17450 = DIRECTION('',(0.,0.,1.));
#17451 = DIRECTION('',(-1.,-0.,0.));
#17452 = DEFINITIONAL_REPRESENTATION('',(#17453),#17457);
#17453 = LINE('',#17454,#17455);
#17454 = CARTESIAN_POINT('',(0.,0.));
#17455 = VECTOR('',#17456,1.);
#17456 = DIRECTION('',(0.,1.));
#17457 = ( GEOMETRIC_REPRESENTATION_CONTEXT(2) 
PARAMETRIC_REPRESENTATION_CONTEXT() REPRESENTATION_CONTEXT('2D SPACE',''
  ) );
#17458 = ORIENTED_EDGE('',*,*,#17459,.T.);
#17459 = EDGE_CURVE('',#17432,#17460,#17462,.T.);
#17460 = VERTEX_POINT('',#17461);
#17461 = CARTESIAN_POINT('',(-84.,36.,-11.));
#17462 = SURFACE_CURVE('',#17463,(#17467,#17474),.PCURVE_S1.);
#17463 = LINE('',#17464,#17465);
#17464 = CARTESIAN_POINT('',(-84.,-39.,-11.));
#17465 = VECTOR('',#17466,1.);
#17466 = DIRECTION('',(0.,1.,0.));
#17467 = PCURVE('',#17407,#17468);
#17468 = DEFINITIONAL_REPRESENTATION('',(#17469),#17473);
#17469 = LINE('',#17470,#17471);
#17470 = CARTESIAN_POINT('',(0.,0.));
#17471 = VECTOR('',#17472,1.);
#17472 = DIRECTION('',(0.,-1.));
#17473 = ( GEOMETRIC_REPRESENTATION_CONTEXT(2) 
PARAMETRIC_REPRESENTATION_CONTEXT() REPRESENTATION_CONTEXT('2D SPACE',''
  ) );
#17474 = PCURVE('',#17475,#17480);
#17475 = PLANE('',#17476);
#17476 = AXIS2_PLACEMENT_3D('',#17477,#17478,#17479);
#17477 = CARTESIAN_POINT('',(-84.,-39.,-11.));
#17478 = DIRECTION('',(0.,0.,1.));
#17479 = DIRECTION('',(1.,0.,0.));
#17480 = DEFINITIONAL_REPRESENTATION('',(#17481),#17485);
#17481 = LINE('',#17482,#17483);
#17482 = CARTESIAN_POINT('',(0.,0.));
#17483 = VECTOR('',#17484,1.);
#17484 = DIRECTION('',(0.,1.));
#17485 = ( GEOMETRIC_REPRESENTATION_CONTEXT(2) 
PARAMETRIC_REPRESENTATION_CONTEXT() REPRESENTATION_CONTEXT('2D SPACE',''
  ) );
#17486 = ORIENTED_EDGE('',*,*,#17487,.T.);
#17487 = EDGE_CURVE('',#17460,#17399,#17488,.T.);
#17488 = SURFACE_CURVE('',#17489,(#17493,#17500),.PCURVE_S1.);
#17489 = LINE('',#17490,#17491);
#17490 = CARTESIAN_POINT('',(-84.,36.,-11.));
#17491 = VECTOR('',#17492,1.);
#17492 = DIRECTION('',(0.,0.,1.));
#17493 = PCURVE('',#17407,#17494);
#17494 = DEFINITIONAL_REPRESENTATION('',(#17495),#17499);
#17495 = LINE('',#17496,#17497);
#17496 = CARTESIAN_POINT('',(0.,-75.));
#17497 = VECTOR('',#17498,1.);
#17498 = DIRECTION('',(1.,0.));
#17499 = ( GEOMETRIC_REPRESENTATION_CONTEXT(2) 
PARAMETRIC_REPRESENTATION_CONTEXT() REPRESENTATION_CONTEXT('2D SPACE',''
  ) );
#17500 = PCURVE('',#17501,#17506);
#17501 = CYLINDRICAL_SURFACE('',#17502,3.);
#17502 = AXIS2_PLACEMENT_3D('',#17503,#17504,#17505);
#17503 = CARTESIAN_POINT('',(-81.,36.,-11.));
#17504 = DIRECTION('',(0.,0.,1.));
#17505 = DIRECTION('',(-1.,-0.,0.));
#17506 = DEFINITIONAL_REPRESENTATION('',(#17507),#17511);
#17507 = LINE('',#17508,#17509);
#17508 = CARTESIAN_POINT('',(-0.,0.));
#17509 = VECTOR('',#17510,1.);
#17510 = DIRECTION('',(-0.,1.));
#17511 = ( GEOMETRIC_REPRESENTATION_CONTEXT(2) 
PARAMETRIC_REPRESENTATION_CONTEXT() REPRESENTATION_CONTEXT('2D SPACE',''
  ) );
#17512 = ADVANCED_FACE('',(#17513,#17712),#17419,.T.);
#17513 = FACE_BOUND('',#17514,.T.);
#17514 = EDGE_LOOP('',(#17515,#17516,#17540,#17568,#17601,#17629,#17658,
    #17686));
#17515 = ORIENTED_EDGE('',*,*,#17396,.F.);
#17516 = ORIENTED_EDGE('',*,*,#17517,.T.);
#17517 = EDGE_CURVE('',#17397,#17518,#17520,.T.);
#17518 = VERTEX_POINT('',#17519);
#17519 = CARTESIAN_POINT('',(-81.,-39.,11.));
#17520 = SURFACE_CURVE('',#17521,(#17526,#17533),.PCURVE_S1.);
#17521 = CIRCLE('',#17522,3.);
#17522 = AXIS2_PLACEMENT_3D('',#17523,#17524,#17525);
#17523 = CARTESIAN_POINT('',(-81.,-36.,11.));
#17524 = DIRECTION('',(0.,0.,1.));
#17525 = DIRECTION('',(0.,-1.,0.));
#17526 = PCURVE('',#17419,#17527);
#17527 = DEFINITIONAL_REPRESENTATION('',(#17528),#17532);
#17528 = CIRCLE('',#17529,3.);
#17529 = AXIS2_PLACEMENT_2D('',#17530,#17531);
#17530 = CARTESIAN_POINT('',(3.,3.));
#17531 = DIRECTION('',(0.,-1.));
#17532 = ( GEOMETRIC_REPRESENTATION_CONTEXT(2) 
PARAMETRIC_REPRESENTATION_CONTEXT() REPRESENTATION_CONTEXT('2D SPACE',''
  ) );
#17533 = PCURVE('',#17447,#17534);
#17534 = DEFINITIONAL_REPRESENTATION('',(#17535),#17539);
#17535 = LINE('',#17536,#17537);
#17536 = CARTESIAN_POINT('',(-4.712388980385,22.));
#17537 = VECTOR('',#17538,1.);
#17538 = DIRECTION('',(1.,0.));
#17539 = ( GEOMETRIC_REPRESENTATION_CONTEXT(2) 
PARAMETRIC_REPRESENTATION_CONTEXT() REPRESENTATION_CONTEXT('2D SPACE',''
  ) );
#17540 = ORIENTED_EDGE('',*,*,#17541,.T.);
#17541 = EDGE_CURVE('',#17518,#17542,#17544,.T.);
#17542 = VERTEX_POINT('',#17543);
#17543 = CARTESIAN_POINT('',(81.,-39.,11.));
#17544 = SURFACE_CURVE('',#17545,(#17549,#17556),.PCURVE_S1.);
#17545 = LINE('',#17546,#17547);
#17546 = CARTESIAN_POINT('',(-84.,-39.,11.));
#17547 = VECTOR('',#17548,1.);
#17548 = DIRECTION('',(1.,0.,0.));
#17549 = PCURVE('',#17419,#17550);
#17550 = DEFINITIONAL_REPRESENTATION('',(#17551),#17555);
#17551 = LINE('',#17552,#17553);
#17552 = CARTESIAN_POINT('',(0.,0.));
#17553 = VECTOR('',#17554,1.);
#17554 = DIRECTION('',(1.,0.));
#17555 = ( GEOMETRIC_REPRESENTATION_CONTEXT(2) 
PARAMETRIC_REPRESENTATION_CONTEXT() REPRESENTATION_CONTEXT('2D SPACE',''
  ) );
#17556 = PCURVE('',#17557,#17562);
#17557 = PLANE('',#17558);
#17558 = AXIS2_PLACEMENT_3D('',#17559,#17560,#17561);
#17559 = CARTESIAN_POINT('',(-84.,-39.,-11.));
#17560 = DIRECTION('',(0.,1.,0.));
#17561 = DIRECTION('',(0.,0.,1.));
#17562 = DEFINITIONAL_REPRESENTATION('',(#17563),#17567);
#17563 = LINE('',#17564,#17565);
#17564 = CARTESIAN_POINT('',(22.,0.));
#17565 = VECTOR('',#17566,1.);
#17566 = DIRECTION('',(0.,1.));
#17567 = ( GEOMETRIC_REPRESENTATION_CONTEXT(2) 
PARAMETRIC_REPRESENTATION_CONTEXT() REPRESENTATION_CONTEXT('2D SPACE',''
  ) );
#17568 = ORIENTED_EDGE('',*,*,#17569,.F.);
#17569 = EDGE_CURVE('',#17570,#17542,#17572,.T.);
#17570 = VERTEX_POINT('',#17571);
#17571 = CARTESIAN_POINT('',(84.,-36.,11.));
#17572 = SURFACE_CURVE('',#17573,(#17578,#17589),.PCURVE_S1.);
#17573 = CIRCLE('',#17574,3.);
#17574 = AXIS2_PLACEMENT_3D('',#17575,#17576,#17577);
#17575 = CARTESIAN_POINT('',(81.,-36.,11.));
#17576 = DIRECTION('',(-0.,-0.,-1.));
#17577 = DIRECTION('',(0.,-1.,0.));
#17578 = PCURVE('',#17419,#17579);
#17579 = DEFINITIONAL_REPRESENTATION('',(#17580),#17588);
#17580 = ( BOUNDED_CURVE() B_SPLINE_CURVE(2,(#17581,#17582,#17583,#17584
    ,#17585,#17586,#17587),.UNSPECIFIED.,.T.,.F.) 
B_SPLINE_CURVE_WITH_KNOTS((1,2,2,2,2,1),(-2.094395102393,0.,
    2.094395102393,4.188790204786,6.28318530718,8.377580409573),
.UNSPECIFIED.) CURVE() GEOMETRIC_REPRESENTATION_ITEM() 
RATIONAL_B_SPLINE_CURVE((1.,0.5,1.,0.5,1.,0.5,1.)) REPRESENTATION_ITEM(
  '') );
#17581 = CARTESIAN_POINT('',(165.,0.));
#17582 = CARTESIAN_POINT('',(159.80384757729,0.));
#17583 = CARTESIAN_POINT('',(162.40192378864,4.5));
#17584 = CARTESIAN_POINT('',(165.,9.));
#17585 = CARTESIAN_POINT('',(167.59807621135,4.5));
#17586 = CARTESIAN_POINT('',(170.1961524227,4.440892098501E-15));
#17587 = CARTESIAN_POINT('',(165.,0.));
#17588 = ( GEOMETRIC_REPRESENTATION_CONTEXT(2) 
PARAMETRIC_REPRESENTATION_CONTEXT() REPRESENTATION_CONTEXT('2D SPACE',''
  ) );
#17589 = PCURVE('',#17590,#17595);
#17590 = CYLINDRICAL_SURFACE('',#17591,3.);
#17591 = AXIS2_PLACEMENT_3D('',#17592,#17593,#17594);
#17592 = CARTESIAN_POINT('',(81.,-36.,-11.));
#17593 = DIRECTION('',(0.,0.,1.));
#17594 = DIRECTION('',(1.,0.,-0.));
#17595 = DEFINITIONAL_REPRESENTATION('',(#17596),#17600);
#17596 = LINE('',#17597,#17598);
#17597 = CARTESIAN_POINT('',(4.712388980385,22.));
#17598 = VECTOR('',#17599,1.);
#17599 = DIRECTION('',(-1.,0.));
#17600 = ( GEOMETRIC_REPRESENTATION_CONTEXT(2) 
PARAMETRIC_REPRESENTATION_CONTEXT() REPRESENTATION_CONTEXT('2D SPACE',''
  ) );
#17601 = ORIENTED_EDGE('',*,*,#17602,.T.);
#17602 = EDGE_CURVE('',#17570,#17603,#17605,.T.);
#17603 = VERTEX_POINT('',#17604);
#17604 = CARTESIAN_POINT('',(84.,36.,11.));
#17605 = SURFACE_CURVE('',#17606,(#17610,#17617),.PCURVE_S1.);
#17606 = LINE('',#17607,#17608);
#17607 = CARTESIAN_POINT('',(84.,-39.,11.));
#17608 = VECTOR('',#17609,1.);
#17609 = DIRECTION('',(0.,1.,0.));
#17610 = PCURVE('',#17419,#17611);
#17611 = DEFINITIONAL_REPRESENTATION('',(#17612),#17616);
#17612 = LINE('',#17613,#17614);
#17613 = CARTESIAN_POINT('',(168.,0.));
#17614 = VECTOR('',#17615,1.);
#17615 = DIRECTION('',(0.,1.));
#17616 = ( GEOMETRIC_REPRESENTATION_CONTEXT(2) 
PARAMETRIC_REPRESENTATION_CONTEXT() REPRESENTATION_CONTEXT('2D SPACE',''
  ) );
#17617 = PCURVE('',#17618,#17623);
#17618 = PLANE('',#17619);
#17619 = AXIS2_PLACEMENT_3D('',#17620,#17621,#17622);
#17620 = CARTESIAN_POINT('',(84.,-39.,-11.));
#17621 = DIRECTION('',(1.,0.,0.));
#17622 = DIRECTION('',(0.,0.,1.));
#17623 = DEFINITIONAL_REPRESENTATION('',(#17624),#17628);
#17624 = LINE('',#17625,#17626);
#17625 = CARTESIAN_POINT('',(22.,0.));
#17626 = VECTOR('',#17627,1.);
#17627 = DIRECTION('',(0.,-1.));
#17628 = ( GEOMETRIC_REPRESENTATION_CONTEXT(2) 
PARAMETRIC_REPRESENTATION_CONTEXT() REPRESENTATION_CONTEXT('2D SPACE',''
  ) );
#17629 = ORIENTED_EDGE('',*,*,#17630,.T.);
#17630 = EDGE_CURVE('',#17603,#17631,#17633,.T.);
#17631 = VERTEX_POINT('',#17632);
#17632 = CARTESIAN_POINT('',(81.,39.,11.));
#17633 = SURFACE_CURVE('',#17634,(#17639,#17646),.PCURVE_S1.);
#17634 = CIRCLE('',#17635,3.);
#17635 = AXIS2_PLACEMENT_3D('',#17636,#17637,#17638);
#17636 = CARTESIAN_POINT('',(81.,36.,11.));
#17637 = DIRECTION('',(0.,0.,1.));
#17638 = DIRECTION('',(0.,-1.,0.));
#17639 = PCURVE('',#17419,#17640);
#17640 = DEFINITIONAL_REPRESENTATION('',(#17641),#17645);
#17641 = CIRCLE('',#17642,3.);
#17642 = AXIS2_PLACEMENT_2D('',#17643,#17644);
#17643 = CARTESIAN_POINT('',(165.,75.));
#17644 = DIRECTION('',(0.,-1.));
#17645 = ( GEOMETRIC_REPRESENTATION_CONTEXT(2) 
PARAMETRIC_REPRESENTATION_CONTEXT() REPRESENTATION_CONTEXT('2D SPACE',''
  ) );
#17646 = PCURVE('',#17647,#17652);
#17647 = CYLINDRICAL_SURFACE('',#17648,3.);
#17648 = AXIS2_PLACEMENT_3D('',#17649,#17650,#17651);
#17649 = CARTESIAN_POINT('',(81.,36.,-11.));
#17650 = DIRECTION('',(0.,0.,1.));
#17651 = DIRECTION('',(1.,0.,-0.));
#17652 = DEFINITIONAL_REPRESENTATION('',(#17653),#17657);
#17653 = LINE('',#17654,#17655);
#17654 = CARTESIAN_POINT('',(-1.570796326795,22.));
#17655 = VECTOR('',#17656,1.);
#17656 = DIRECTION('',(1.,0.));
#17657 = ( GEOMETRIC_REPRESENTATION_CONTEXT(2) 
PARAMETRIC_REPRESENTATION_CONTEXT() REPRESENTATION_CONTEXT('2D SPACE',''
  ) );
#17658 = ORIENTED_EDGE('',*,*,#17659,.F.);
#17659 = EDGE_CURVE('',#17660,#17631,#17662,.T.);
#17660 = VERTEX_POINT('',#17661);
#17661 = CARTESIAN_POINT('',(-81.,39.,11.));
#17662 = SURFACE_CURVE('',#17663,(#17667,#17674),.PCURVE_S1.);
#17663 = LINE('',#17664,#17665);
#17664 = CARTESIAN_POINT('',(-84.,39.,11.));
#17665 = VECTOR('',#17666,1.);
#17666 = DIRECTION('',(1.,0.,0.));
#17667 = PCURVE('',#17419,#17668);
#17668 = DEFINITIONAL_REPRESENTATION('',(#17669),#17673);
#17669 = LINE('',#17670,#17671);
#17670 = CARTESIAN_POINT('',(0.,78.));
#17671 = VECTOR('',#17672,1.);
#17672 = DIRECTION('',(1.,0.));
#17673 = ( GEOMETRIC_REPRESENTATION_CONTEXT(2) 
PARAMETRIC_REPRESENTATION_CONTEXT() REPRESENTATION_CONTEXT('2D SPACE',''
  ) );
#17674 = PCURVE('',#17675,#17680);
#17675 = PLANE('',#17676);
#17676 = AXIS2_PLACEMENT_3D('',#17677,#17678,#17679);
#17677 = CARTESIAN_POINT('',(-84.,39.,-11.));
#17678 = DIRECTION('',(0.,1.,0.));
#17679 = DIRECTION('',(0.,0.,1.));
#17680 = DEFINITIONAL_REPRESENTATION('',(#17681),#17685);
#17681 = LINE('',#17682,#17683);
#17682 = CARTESIAN_POINT('',(22.,0.));
#17683 = VECTOR('',#17684,1.);
#17684 = DIRECTION('',(0.,1.));
#17685 = ( GEOMETRIC_REPRESENTATION_CONTEXT(2) 
PARAMETRIC_REPRESENTATION_CONTEXT() REPRESENTATION_CONTEXT('2D SPACE',''
  ) );
#17686 = ORIENTED_EDGE('',*,*,#17687,.F.);
#17687 = EDGE_CURVE('',#17399,#17660,#17688,.T.);
#17688 = SURFACE_CURVE('',#17689,(#17694,#17705),.PCURVE_S1.);
#17689 = CIRCLE('',#17690,3.);
#17690 = AXIS2_PLACEMENT_3D('',#17691,#17692,#17693);
#17691 = CARTESIAN_POINT('',(-81.,36.,11.));
#17692 = DIRECTION('',(-0.,-0.,-1.));
#17693 = DIRECTION('',(0.,-1.,0.));
#17694 = PCURVE('',#17419,#17695);
#17695 = DEFINITIONAL_REPRESENTATION('',(#17696),#17704);
#17696 = ( BOUNDED_CURVE() B_SPLINE_CURVE(2,(#17697,#17698,#17699,#17700
    ,#17701,#17702,#17703),.UNSPECIFIED.,.T.,.F.) 
B_SPLINE_CURVE_WITH_KNOTS((1,2,2,2,2,1),(-2.094395102393,0.,
    2.094395102393,4.188790204786,6.28318530718,8.377580409573),
.UNSPECIFIED.) CURVE() GEOMETRIC_REPRESENTATION_ITEM() 
RATIONAL_B_SPLINE_CURVE((1.,0.5,1.,0.5,1.,0.5,1.)) REPRESENTATION_ITEM(
  '') );
#17697 = CARTESIAN_POINT('',(3.,72.));
#17698 = CARTESIAN_POINT('',(-2.196152422707,72.));
#17699 = CARTESIAN_POINT('',(0.401923788647,76.5));
#17700 = CARTESIAN_POINT('',(3.,81.));
#17701 = CARTESIAN_POINT('',(5.598076211353,76.5));
#17702 = CARTESIAN_POINT('',(8.196152422707,72.));
#17703 = CARTESIAN_POINT('',(3.,72.));
#17704 = ( GEOMETRIC_REPRESENTATION_CONTEXT(2) 
PARAMETRIC_REPRESENTATION_CONTEXT() REPRESENTATION_CONTEXT('2D SPACE',''
  ) );
#17705 = PCURVE('',#17501,#17706);
#17706 = DEFINITIONAL_REPRESENTATION('',(#17707),#17711);
#17707 = LINE('',#17708,#17709);
#17708 = CARTESIAN_POINT('',(1.570796326795,22.));
#17709 = VECTOR('',#17710,1.);
#17710 = DIRECTION('',(-1.,0.));
#17711 = ( GEOMETRIC_REPRESENTATION_CONTEXT(2) 
PARAMETRIC_REPRESENTATION_CONTEXT() REPRESENTATION_CONTEXT('2D SPACE',''
  ) );
#17712 = FACE_BOUND('',#17713,.T.);
#17713 = EDGE_LOOP('',(#17714,#17742,#17768,#17794));
#17714 = ORIENTED_EDGE('',*,*,#17715,.T.);
#17715 = EDGE_CURVE('',#17716,#17718,#17720,.T.);
#17716 = VERTEX_POINT('',#17717);
#17717 = CARTESIAN_POINT('',(80.,-35.,11.));
#17718 = VERTEX_POINT('',#17719);
#17719 = CARTESIAN_POINT('',(-80.,-35.,11.));
#17720 = SURFACE_CURVE('',#17721,(#17725,#17731),.PCURVE_S1.);
#17721 = LINE('',#17722,#17723);
#17722 = CARTESIAN_POINT('',(-82.,-35.,11.));
#17723 = VECTOR('',#17724,1.);
#17724 = DIRECTION('',(-1.,0.,0.));
#17725 = PCURVE('',#17419,#17726);
#17726 = DEFINITIONAL_REPRESENTATION('',(#17727),#17730);
#17727 = B_SPLINE_CURVE_WITH_KNOTS('',1,(#17728,#17729),.UNSPECIFIED.,
  .F.,.F.,(2,2),(-162.,-2.),.PIECEWISE_BEZIER_KNOTS.);
#17728 = CARTESIAN_POINT('',(164.,4.));
#17729 = CARTESIAN_POINT('',(4.,4.));
#17730 = ( GEOMETRIC_REPRESENTATION_CONTEXT(2) 
PARAMETRIC_REPRESENTATION_CONTEXT() REPRESENTATION_CONTEXT('2D SPACE',''
  ) );
#17731 = PCURVE('',#17732,#17737);
#17732 = PLANE('',#17733);
#17733 = AXIS2_PLACEMENT_3D('',#17734,#17735,#17736);
#17734 = CARTESIAN_POINT('',(-80.,-35.,-7.));
#17735 = DIRECTION('',(0.,1.,0.));
#17736 = DIRECTION('',(0.,0.,1.));
#17737 = DEFINITIONAL_REPRESENTATION('',(#17738),#17741);
#17738 = B_SPLINE_CURVE_WITH_KNOTS('',1,(#17739,#17740),.UNSPECIFIED.,
  .F.,.F.,(2,2),(-162.,-2.),.PIECEWISE_BEZIER_KNOTS.);
#17739 = CARTESIAN_POINT('',(18.,160.));
#17740 = CARTESIAN_POINT('',(18.,0.));
#17741 = ( GEOMETRIC_REPRESENTATION_CONTEXT(2) 
PARAMETRIC_REPRESENTATION_CONTEXT() REPRESENTATION_CONTEXT('2D SPACE',''
  ) );
#17742 = ORIENTED_EDGE('',*,*,#17743,.T.);
#17743 = EDGE_CURVE('',#17718,#17744,#17746,.T.);
#17744 = VERTEX_POINT('',#17745);
#17745 = CARTESIAN_POINT('',(-80.,35.,11.));
#17746 = SURFACE_CURVE('',#17747,(#17751,#17757),.PCURVE_S1.);
#17747 = LINE('',#17748,#17749);
#17748 = CARTESIAN_POINT('',(-80.,-37.,11.));
#17749 = VECTOR('',#17750,1.);
#17750 = DIRECTION('',(0.,1.,0.));
#17751 = PCURVE('',#17419,#17752);
#17752 = DEFINITIONAL_REPRESENTATION('',(#17753),#17756);
#17753 = B_SPLINE_CURVE_WITH_KNOTS('',1,(#17754,#17755),.UNSPECIFIED.,
  .F.,.F.,(2,2),(2.,72.),.PIECEWISE_BEZIER_KNOTS.);
#17754 = CARTESIAN_POINT('',(4.,4.));
#17755 = CARTESIAN_POINT('',(4.,74.));
#17756 = ( GEOMETRIC_REPRESENTATION_CONTEXT(2) 
PARAMETRIC_REPRESENTATION_CONTEXT() REPRESENTATION_CONTEXT('2D SPACE',''
  ) );
#17757 = PCURVE('',#17758,#17763);
#17758 = PLANE('',#17759);
#17759 = AXIS2_PLACEMENT_3D('',#17760,#17761,#17762);
#17760 = CARTESIAN_POINT('',(-80.,-35.,-7.));
#17761 = DIRECTION('',(1.,0.,0.));
#17762 = DIRECTION('',(0.,0.,1.));
#17763 = DEFINITIONAL_REPRESENTATION('',(#17764),#17767);
#17764 = B_SPLINE_CURVE_WITH_KNOTS('',1,(#17765,#17766),.UNSPECIFIED.,
  .F.,.F.,(2,2),(2.,72.),.PIECEWISE_BEZIER_KNOTS.);
#17765 = CARTESIAN_POINT('',(18.,0.));
#17766 = CARTESIAN_POINT('',(18.,-70.));
#17767 = ( GEOMETRIC_REPRESENTATION_CONTEXT(2) 
PARAMETRIC_REPRESENTATION_CONTEXT() REPRESENTATION_CONTEXT('2D SPACE',''
  ) );
#17768 = ORIENTED_EDGE('',*,*,#17769,.F.);
#17769 = EDGE_CURVE('',#17770,#17744,#17772,.T.);
#17770 = VERTEX_POINT('',#17771);
#17771 = CARTESIAN_POINT('',(80.,35.,11.));
#17772 = SURFACE_CURVE('',#17773,(#17777,#17783),.PCURVE_S1.);
#17773 = LINE('',#17774,#17775);
#17774 = CARTESIAN_POINT('',(-82.,35.,11.));
#17775 = VECTOR('',#17776,1.);
#17776 = DIRECTION('',(-1.,0.,0.));
#17777 = PCURVE('',#17419,#17778);
#17778 = DEFINITIONAL_REPRESENTATION('',(#17779),#17782);
#17779 = B_SPLINE_CURVE_WITH_KNOTS('',1,(#17780,#17781),.UNSPECIFIED.,
  .F.,.F.,(2,2),(-162.,-2.),.PIECEWISE_BEZIER_KNOTS.);
#17780 = CARTESIAN_POINT('',(164.,74.));
#17781 = CARTESIAN_POINT('',(4.,74.));
#17782 = ( GEOMETRIC_REPRESENTATION_CONTEXT(2) 
PARAMETRIC_REPRESENTATION_CONTEXT() REPRESENTATION_CONTEXT('2D SPACE',''
  ) );
#17783 = PCURVE('',#17784,#17789);
#17784 = PLANE('',#17785);
#17785 = AXIS2_PLACEMENT_3D('',#17786,#17787,#17788);
#17786 = CARTESIAN_POINT('',(-80.,35.,-7.));
#17787 = DIRECTION('',(0.,1.,0.));
#17788 = DIRECTION('',(0.,0.,1.));
#17789 = DEFINITIONAL_REPRESENTATION('',(#17790),#17793);
#17790 = B_SPLINE_CURVE_WITH_KNOTS('',1,(#17791,#17792),.UNSPECIFIED.,
  .F.,.F.,(2,2),(-162.,-2.),.PIECEWISE_BEZIER_KNOTS.);
#17791 = CARTESIAN_POINT('',(18.,160.));
#17792 = CARTESIAN_POINT('',(18.,0.));
#17793 = ( GEOMETRIC_REPRESENTATION_CONTEXT(2) 
PARAMETRIC_REPRESENTATION_CONTEXT() REPRESENTATION_CONTEXT('2D SPACE',''
  ) );
#17794 = ORIENTED_EDGE('',*,*,#17795,.F.);
#17795 = EDGE_CURVE('',#17716,#17770,#17796,.T.);
#17796 = SURFACE_CURVE('',#17797,(#17801,#17807),.PCURVE_S1.);
#17797 = LINE('',#17798,#17799);
#17798 = CARTESIAN_POINT('',(80.,-37.,11.));
#17799 = VECTOR('',#17800,1.);
#17800 = DIRECTION('',(0.,1.,0.));
#17801 = PCURVE('',#17419,#17802);
#17802 = DEFINITIONAL_REPRESENTATION('',(#17803),#17806);
#17803 = B_SPLINE_CURVE_WITH_KNOTS('',1,(#17804,#17805),.UNSPECIFIED.,
  .F.,.F.,(2,2),(2.,72.),.PIECEWISE_BEZIER_KNOTS.);
#17804 = CARTESIAN_POINT('',(164.,4.));
#17805 = CARTESIAN_POINT('',(164.,74.));
#17806 = ( GEOMETRIC_REPRESENTATION_CONTEXT(2) 
PARAMETRIC_REPRESENTATION_CONTEXT() REPRESENTATION_CONTEXT('2D SPACE',''
  ) );
#17807 = PCURVE('',#17808,#17813);
#17808 = PLANE('',#17809);
#17809 = AXIS2_PLACEMENT_3D('',#17810,#17811,#17812);
#17810 = CARTESIAN_POINT('',(80.,-35.,-7.));
#17811 = DIRECTION('',(1.,0.,0.));
#17812 = DIRECTION('',(0.,0.,1.));
#17813 = DEFINITIONAL_REPRESENTATION('',(#17814),#17817);
#17814 = B_SPLINE_CURVE_WITH_KNOTS('',1,(#17815,#17816),.UNSPECIFIED.,
  .F.,.F.,(2,2),(2.,72.),.PIECEWISE_BEZIER_KNOTS.);
#17815 = CARTESIAN_POINT('',(18.,0.));
#17816 = CARTESIAN_POINT('',(18.,-70.));
#17817 = ( GEOMETRIC_REPRESENTATION_CONTEXT(2) 
PARAMETRIC_REPRESENTATION_CONTEXT() REPRESENTATION_CONTEXT('2D SPACE',''
  ) );
#17818 = ADVANCED_FACE('',(#17819),#17447,.T.);
#17819 = FACE_BOUND('',#17820,.T.);
#17820 = EDGE_LOOP('',(#17821,#17845,#17866,#17867));
#17821 = ORIENTED_EDGE('',*,*,#17822,.T.);
#17822 = EDGE_CURVE('',#17432,#17823,#17825,.T.);
#17823 = VERTEX_POINT('',#17824);
#17824 = CARTESIAN_POINT('',(-81.,-39.,-11.));
#17825 = SURFACE_CURVE('',#17826,(#17831,#17838),.PCURVE_S1.);
#17826 = CIRCLE('',#17827,3.);
#17827 = AXIS2_PLACEMENT_3D('',#17828,#17829,#17830);
#17828 = CARTESIAN_POINT('',(-81.,-36.,-11.));
#17829 = DIRECTION('',(0.,0.,1.));
#17830 = DIRECTION('',(0.,-1.,0.));
#17831 = PCURVE('',#17447,#17832);
#17832 = DEFINITIONAL_REPRESENTATION('',(#17833),#17837);
#17833 = LINE('',#17834,#17835);
#17834 = CARTESIAN_POINT('',(-4.712388980385,0.));
#17835 = VECTOR('',#17836,1.);
#17836 = DIRECTION('',(1.,0.));
#17837 = ( GEOMETRIC_REPRESENTATION_CONTEXT(2) 
PARAMETRIC_REPRESENTATION_CONTEXT() REPRESENTATION_CONTEXT('2D SPACE',''
  ) );
#17838 = PCURVE('',#17475,#17839);
#17839 = DEFINITIONAL_REPRESENTATION('',(#17840),#17844);
#17840 = CIRCLE('',#17841,3.);
#17841 = AXIS2_PLACEMENT_2D('',#17842,#17843);
#17842 = CARTESIAN_POINT('',(3.,3.));
#17843 = DIRECTION('',(0.,-1.));
#17844 = ( GEOMETRIC_REPRESENTATION_CONTEXT(2) 
PARAMETRIC_REPRESENTATION_CONTEXT() REPRESENTATION_CONTEXT('2D SPACE',''
  ) );
#17845 = ORIENTED_EDGE('',*,*,#17846,.T.);
#17846 = EDGE_CURVE('',#17823,#17518,#17847,.T.);
#17847 = SURFACE_CURVE('',#17848,(#17852,#17859),.PCURVE_S1.);
#17848 = LINE('',#17849,#17850);
#17849 = CARTESIAN_POINT('',(-81.,-39.,-11.));
#17850 = VECTOR('',#17851,1.);
#17851 = DIRECTION('',(0.,0.,1.));
#17852 = PCURVE('',#17447,#17853);
#17853 = DEFINITIONAL_REPRESENTATION('',(#17854),#17858);
#17854 = LINE('',#17855,#17856);
#17855 = CARTESIAN_POINT('',(1.570796326795,0.));
#17856 = VECTOR('',#17857,1.);
#17857 = DIRECTION('',(0.,1.));
#17858 = ( GEOMETRIC_REPRESENTATION_CONTEXT(2) 
PARAMETRIC_REPRESENTATION_CONTEXT() REPRESENTATION_CONTEXT('2D SPACE',''
  ) );
#17859 = PCURVE('',#17557,#17860);
#17860 = DEFINITIONAL_REPRESENTATION('',(#17861),#17865);
#17861 = LINE('',#17862,#17863);
#17862 = CARTESIAN_POINT('',(0.,3.));
#17863 = VECTOR('',#17864,1.);
#17864 = DIRECTION('',(1.,0.));
#17865 = ( GEOMETRIC_REPRESENTATION_CONTEXT(2) 
PARAMETRIC_REPRESENTATION_CONTEXT() REPRESENTATION_CONTEXT('2D SPACE',''
  ) );
#17866 = ORIENTED_EDGE('',*,*,#17517,.F.);
#17867 = ORIENTED_EDGE('',*,*,#17431,.F.);
#17868 = ADVANCED_FACE('',(#17869),#17501,.T.);
#17869 = FACE_BOUND('',#17870,.F.);
#17870 = EDGE_LOOP('',(#17871,#17899,#17920,#17921));
#17871 = ORIENTED_EDGE('',*,*,#17872,.T.);
#17872 = EDGE_CURVE('',#17460,#17873,#17875,.T.);
#17873 = VERTEX_POINT('',#17874);
#17874 = CARTESIAN_POINT('',(-81.,39.,-11.));
#17875 = SURFACE_CURVE('',#17876,(#17881,#17888),.PCURVE_S1.);
#17876 = CIRCLE('',#17877,3.);
#17877 = AXIS2_PLACEMENT_3D('',#17878,#17879,#17880);
#17878 = CARTESIAN_POINT('',(-81.,36.,-11.));
#17879 = DIRECTION('',(-0.,-0.,-1.));
#17880 = DIRECTION('',(0.,-1.,0.));
#17881 = PCURVE('',#17501,#17882);
#17882 = DEFINITIONAL_REPRESENTATION('',(#17883),#17887);
#17883 = LINE('',#17884,#17885);
#17884 = CARTESIAN_POINT('',(1.570796326795,-0.));
#17885 = VECTOR('',#17886,1.);
#17886 = DIRECTION('',(-1.,0.));
#17887 = ( GEOMETRIC_REPRESENTATION_CONTEXT(2) 
PARAMETRIC_REPRESENTATION_CONTEXT() REPRESENTATION_CONTEXT('2D SPACE',''
  ) );
#17888 = PCURVE('',#17475,#17889);
#17889 = DEFINITIONAL_REPRESENTATION('',(#17890),#17898);
#17890 = ( BOUNDED_CURVE() B_SPLINE_CURVE(2,(#17891,#17892,#17893,#17894
    ,#17895,#17896,#17897),.UNSPECIFIED.,.T.,.F.) 
B_SPLINE_CURVE_WITH_KNOTS((1,2,2,2,2,1),(-2.094395102393,0.,
    2.094395102393,4.188790204786,6.28318530718,8.377580409573),
.UNSPECIFIED.) CURVE() GEOMETRIC_REPRESENTATION_ITEM() 
RATIONAL_B_SPLINE_CURVE((1.,0.5,1.,0.5,1.,0.5,1.)) REPRESENTATION_ITEM(
  '') );
#17891 = CARTESIAN_POINT('',(3.,72.));
#17892 = CARTESIAN_POINT('',(-2.196152422707,72.));
#17893 = CARTESIAN_POINT('',(0.401923788647,76.5));
#17894 = CARTESIAN_POINT('',(3.,81.));
#17895 = CARTESIAN_POINT('',(5.598076211353,76.5));
#17896 = CARTESIAN_POINT('',(8.196152422707,72.));
#17897 = CARTESIAN_POINT('',(3.,72.));
#17898 = ( GEOMETRIC_REPRESENTATION_CONTEXT(2) 
PARAMETRIC_REPRESENTATION_CONTEXT() REPRESENTATION_CONTEXT('2D SPACE',''
  ) );
#17899 = ORIENTED_EDGE('',*,*,#17900,.T.);
#17900 = EDGE_CURVE('',#17873,#17660,#17901,.T.);
#17901 = SURFACE_CURVE('',#17902,(#17906,#17913),.PCURVE_S1.);
#17902 = LINE('',#17903,#17904);
#17903 = CARTESIAN_POINT('',(-81.,39.,-11.));
#17904 = VECTOR('',#17905,1.);
#17905 = DIRECTION('',(0.,0.,1.));
#17906 = PCURVE('',#17501,#17907);
#17907 = DEFINITIONAL_REPRESENTATION('',(#17908),#17912);
#17908 = LINE('',#17909,#17910);
#17909 = CARTESIAN_POINT('',(-1.570796326795,0.));
#17910 = VECTOR('',#17911,1.);
#17911 = DIRECTION('',(-0.,1.));
#17912 = ( GEOMETRIC_REPRESENTATION_CONTEXT(2) 
PARAMETRIC_REPRESENTATION_CONTEXT() REPRESENTATION_CONTEXT('2D SPACE',''
  ) );
#17913 = PCURVE('',#17675,#17914);
#17914 = DEFINITIONAL_REPRESENTATION('',(#17915),#17919);
#17915 = LINE('',#17916,#17917);
#17916 = CARTESIAN_POINT('',(0.,3.));
#17917 = VECTOR('',#17918,1.);
#17918 = DIRECTION('',(1.,0.));
#17919 = ( GEOMETRIC_REPRESENTATION_CONTEXT(2) 
PARAMETRIC_REPRESENTATION_CONTEXT() REPRESENTATION_CONTEXT('2D SPACE',''
  ) );
#17920 = ORIENTED_EDGE('',*,*,#17687,.F.);
#17921 = ORIENTED_EDGE('',*,*,#17487,.F.);
#17922 = ADVANCED_FACE('',(#17923),#17475,.F.);
#17923 = FACE_BOUND('',#17924,.F.);
#17924 = EDGE_LOOP('',(#17925,#17926,#17927,#17950,#17978,#18001,#18025,
    #18046));
#17925 = ORIENTED_EDGE('',*,*,#17459,.F.);
#17926 = ORIENTED_EDGE('',*,*,#17822,.T.);
#17927 = ORIENTED_EDGE('',*,*,#17928,.T.);
#17928 = EDGE_CURVE('',#17823,#17929,#17931,.T.);
#17929 = VERTEX_POINT('',#17930);
#17930 = CARTESIAN_POINT('',(81.,-39.,-11.));
#17931 = SURFACE_CURVE('',#17932,(#17936,#17943),.PCURVE_S1.);
#17932 = LINE('',#17933,#17934);
#17933 = CARTESIAN_POINT('',(-84.,-39.,-11.));
#17934 = VECTOR('',#17935,1.);
#17935 = DIRECTION('',(1.,0.,0.));
#17936 = PCURVE('',#17475,#17937);
#17937 = DEFINITIONAL_REPRESENTATION('',(#17938),#17942);
#17938 = LINE('',#17939,#17940);
#17939 = CARTESIAN_POINT('',(0.,0.));
#17940 = VECTOR('',#17941,1.);
#17941 = DIRECTION('',(1.,0.));
#17942 = ( GEOMETRIC_REPRESENTATION_CONTEXT(2) 
PARAMETRIC_REPRESENTATION_CONTEXT() REPRESENTATION_CONTEXT('2D SPACE',''
  ) );
#17943 = PCURVE('',#17557,#17944);
#17944 = DEFINITIONAL_REPRESENTATION('',(#17945),#17949);
#17945 = LINE('',#17946,#17947);
#17946 = CARTESIAN_POINT('',(0.,0.));
#17947 = VECTOR('',#17948,1.);
#17948 = DIRECTION('',(0.,1.));
#17949 = ( GEOMETRIC_REPRESENTATION_CONTEXT(2) 
PARAMETRIC_REPRESENTATION_CONTEXT() REPRESENTATION_CONTEXT('2D SPACE',''
  ) );
#17950 = ORIENTED_EDGE('',*,*,#17951,.F.);
#17951 = EDGE_CURVE('',#17952,#17929,#17954,.T.);
#17952 = VERTEX_POINT('',#17953);
#17953 = CARTESIAN_POINT('',(84.,-36.,-11.));
#17954 = SURFACE_CURVE('',#17955,(#17960,#17971),.PCURVE_S1.);
#17955 = CIRCLE('',#17956,3.);
#17956 = AXIS2_PLACEMENT_3D('',#17957,#17958,#17959);
#17957 = CARTESIAN_POINT('',(81.,-36.,-11.));
#17958 = DIRECTION('',(-0.,-0.,-1.));
#17959 = DIRECTION('',(0.,-1.,0.));
#17960 = PCURVE('',#17475,#17961);
#17961 = DEFINITIONAL_REPRESENTATION('',(#17962),#17970);
#17962 = ( BOUNDED_CURVE() B_SPLINE_CURVE(2,(#17963,#17964,#17965,#17966
    ,#17967,#17968,#17969),.UNSPECIFIED.,.T.,.F.) 
B_SPLINE_CURVE_WITH_KNOTS((1,2,2,2,2,1),(-2.094395102393,0.,
    2.094395102393,4.188790204786,6.28318530718,8.377580409573),
.UNSPECIFIED.) CURVE() GEOMETRIC_REPRESENTATION_ITEM() 
RATIONAL_B_SPLINE_CURVE((1.,0.5,1.,0.5,1.,0.5,1.)) REPRESENTATION_ITEM(
  '') );
#17963 = CARTESIAN_POINT('',(165.,0.));
#17964 = CARTESIAN_POINT('',(159.80384757729,0.));
#17965 = CARTESIAN_POINT('',(162.40192378864,4.5));
#17966 = CARTESIAN_POINT('',(165.,9.));
#17967 = CARTESIAN_POINT('',(167.59807621135,4.5));
#17968 = CARTESIAN_POINT('',(170.1961524227,4.440892098501E-15));
#17969 = CARTESIAN_POINT('',(165.,0.));
#17970 = ( GEOMETRIC_REPRESENTATION_CONTEXT(2) 
PARAMETRIC_REPRESENTATION_CONTEXT() REPRESENTATION_CONTEXT('2D SPACE',''
  ) );
#17971 = PCURVE('',#17590,#17972);
#17972 = DEFINITIONAL_REPRESENTATION('',(#17973),#17977);
#17973 = LINE('',#17974,#17975);
#17974 = CARTESIAN_POINT('',(4.712388980385,-0.));
#17975 = VECTOR('',#17976,1.);
#17976 = DIRECTION('',(-1.,0.));
#17977 = ( GEOMETRIC_REPRESENTATION_CONTEXT(2) 
PARAMETRIC_REPRESENTATION_CONTEXT() REPRESENTATION_CONTEXT('2D SPACE',''
  ) );
#17978 = ORIENTED_EDGE('',*,*,#17979,.T.);
#17979 = EDGE_CURVE('',#17952,#17980,#17982,.T.);
#17980 = VERTEX_POINT('',#17981);
#17981 = CARTESIAN_POINT('',(84.,36.,-11.));
#17982 = SURFACE_CURVE('',#17983,(#17987,#17994),.PCURVE_S1.);
#17983 = LINE('',#17984,#17985);
#17984 = CARTESIAN_POINT('',(84.,-39.,-11.));
#17985 = VECTOR('',#17986,1.);
#17986 = DIRECTION('',(0.,1.,0.));
#17987 = PCURVE('',#17475,#17988);
#17988 = DEFINITIONAL_REPRESENTATION('',(#17989),#17993);
#17989 = LINE('',#17990,#17991);
#17990 = CARTESIAN_POINT('',(168.,0.));
#17991 = VECTOR('',#17992,1.);
#17992 = DIRECTION('',(0.,1.));
#17993 = ( GEOMETRIC_REPRESENTATION_CONTEXT(2) 
PARAMETRIC_REPRESENTATION_CONTEXT() REPRESENTATION_CONTEXT('2D SPACE',''
  ) );
#17994 = PCURVE('',#17618,#17995);
#17995 = DEFINITIONAL_REPRESENTATION('',(#17996),#18000);
#17996 = LINE('',#17997,#17998);
#17997 = CARTESIAN_POINT('',(0.,0.));
#17998 = VECTOR('',#17999,1.);
#17999 = DIRECTION('',(0.,-1.));
#18000 = ( GEOMETRIC_REPRESENTATION_CONTEXT(2) 
PARAMETRIC_REPRESENTATION_CONTEXT() REPRESENTATION_CONTEXT('2D SPACE',''
  ) );
#18001 = ORIENTED_EDGE('',*,*,#18002,.T.);
#18002 = EDGE_CURVE('',#17980,#18003,#18005,.T.);
#18003 = VERTEX_POINT('',#18004);
#18004 = CARTESIAN_POINT('',(81.,39.,-11.));
#18005 = SURFACE_CURVE('',#18006,(#18011,#18018),.PCURVE_S1.);
#18006 = CIRCLE('',#18007,3.);
#18007 = AXIS2_PLACEMENT_3D('',#18008,#18009,#18010);
#18008 = CARTESIAN_POINT('',(81.,36.,-11.));
#18009 = DIRECTION('',(0.,0.,1.));
#18010 = DIRECTION('',(0.,-1.,0.));
#18011 = PCURVE('',#17475,#18012);
#18012 = DEFINITIONAL_REPRESENTATION('',(#18013),#18017);
#18013 = CIRCLE('',#18014,3.);
#18014 = AXIS2_PLACEMENT_2D('',#18015,#18016);
#18015 = CARTESIAN_POINT('',(165.,75.));
#18016 = DIRECTION('',(0.,-1.));
#18017 = ( GEOMETRIC_REPRESENTATION_CONTEXT(2) 
PARAMETRIC_REPRESENTATION_CONTEXT() REPRESENTATION_CONTEXT('2D SPACE',''
  ) );
#18018 = PCURVE('',#17647,#18019);
#18019 = DEFINITIONAL_REPRESENTATION('',(#18020),#18024);
#18020 = LINE('',#18021,#18022);
#18021 = CARTESIAN_POINT('',(-1.570796326795,0.));
#18022 = VECTOR('',#18023,1.);
#18023 = DIRECTION('',(1.,0.));
#18024 = ( GEOMETRIC_REPRESENTATION_CONTEXT(2) 
PARAMETRIC_REPRESENTATION_CONTEXT() REPRESENTATION_CONTEXT('2D SPACE',''
  ) );
#18025 = ORIENTED_EDGE('',*,*,#18026,.F.);
#18026 = EDGE_CURVE('',#17873,#18003,#18027,.T.);
#18027 = SURFACE_CURVE('',#18028,(#18032,#18039),.PCURVE_S1.);
#18028 = LINE('',#18029,#18030);
#18029 = CARTESIAN_POINT('',(-84.,39.,-11.));
#18030 = VECTOR('',#18031,1.);
#18031 = DIRECTION('',(1.,0.,0.));
#18032 = PCURVE('',#17475,#18033);
#18033 = DEFINITIONAL_REPRESENTATION('',(#18034),#18038);
#18034 = LINE('',#18035,#18036);
#18035 = CARTESIAN_POINT('',(0.,78.));
#18036 = VECTOR('',#18037,1.);
#18037 = DIRECTION('',(1.,0.));
#18038 = ( GEOMETRIC_REPRESENTATION_CONTEXT(2) 
PARAMETRIC_REPRESENTATION_CONTEXT() REPRESENTATION_CONTEXT('2D SPACE',''
  ) );
#18039 = PCURVE('',#17675,#18040);
#18040 = DEFINITIONAL_REPRESENTATION('',(#18041),#18045);
#18041 = LINE('',#18042,#18043);
#18042 = CARTESIAN_POINT('',(0.,0.));
#18043 = VECTOR('',#18044,1.);
#18044 = DIRECTION('',(0.,1.));
#18045 = ( GEOMETRIC_REPRESENTATION_CONTEXT(2) 
PARAMETRIC_REPRESENTATION_CONTEXT() REPRESENTATION_CONTEXT('2D SPACE',''
  ) );
#18046 = ORIENTED_EDGE('',*,*,#17872,.F.);
#18047 = ADVANCED_FACE('',(#18048),#17557,.F.);
#18048 = FACE_BOUND('',#18049,.F.);
#18049 = EDGE_LOOP('',(#18050,#18051,#18052,#18053));
#18050 = ORIENTED_EDGE('',*,*,#17928,.F.);
#18051 = ORIENTED_EDGE('',*,*,#17846,.T.);
#18052 = ORIENTED_EDGE('',*,*,#17541,.T.);
#18053 = ORIENTED_EDGE('',*,*,#18054,.F.);
#18054 = EDGE_CURVE('',#17929,#17542,#18055,.T.);
#18055 = SURFACE_CURVE('',#18056,(#18060,#18067),.PCURVE_S1.);
#18056 = LINE('',#18057,#18058);
#18057 = CARTESIAN_POINT('',(81.,-39.,-11.));
#18058 = VECTOR('',#18059,1.);
#18059 = DIRECTION('',(0.,0.,1.));
#18060 = PCURVE('',#17557,#18061);
#18061 = DEFINITIONAL_REPRESENTATION('',(#18062),#18066);
#18062 = LINE('',#18063,#18064);
#18063 = CARTESIAN_POINT('',(0.,165.));
#18064 = VECTOR('',#18065,1.);
#18065 = DIRECTION('',(1.,0.));
#18066 = ( GEOMETRIC_REPRESENTATION_CONTEXT(2) 
PARAMETRIC_REPRESENTATION_CONTEXT() REPRESENTATION_CONTEXT('2D SPACE',''
  ) );
#18067 = PCURVE('',#17590,#18068);
#18068 = DEFINITIONAL_REPRESENTATION('',(#18069),#18073);
#18069 = LINE('',#18070,#18071);
#18070 = CARTESIAN_POINT('',(-1.570796326795,0.));
#18071 = VECTOR('',#18072,1.);
#18072 = DIRECTION('',(-0.,1.));
#18073 = ( GEOMETRIC_REPRESENTATION_CONTEXT(2) 
PARAMETRIC_REPRESENTATION_CONTEXT() REPRESENTATION_CONTEXT('2D SPACE',''
  ) );
#18074 = ADVANCED_FACE('',(#18075),#17675,.T.);
#18075 = FACE_BOUND('',#18076,.T.);
#18076 = EDGE_LOOP('',(#18077,#18078,#18079,#18080));
#18077 = ORIENTED_EDGE('',*,*,#18026,.F.);
#18078 = ORIENTED_EDGE('',*,*,#17900,.T.);
#18079 = ORIENTED_EDGE('',*,*,#17659,.T.);
#18080 = ORIENTED_EDGE('',*,*,#18081,.F.);
#18081 = EDGE_CURVE('',#18003,#17631,#18082,.T.);
#18082 = SURFACE_CURVE('',#18083,(#18087,#18094),.PCURVE_S1.);
#18083 = LINE('',#18084,#18085);
#18084 = CARTESIAN_POINT('',(81.,39.,-11.));
#18085 = VECTOR('',#18086,1.);
#18086 = DIRECTION('',(0.,0.,1.));
#18087 = PCURVE('',#17675,#18088);
#18088 = DEFINITIONAL_REPRESENTATION('',(#18089),#18093);
#18089 = LINE('',#18090,#18091);
#18090 = CARTESIAN_POINT('',(0.,165.));
#18091 = VECTOR('',#18092,1.);
#18092 = DIRECTION('',(1.,0.));
#18093 = ( GEOMETRIC_REPRESENTATION_CONTEXT(2) 
PARAMETRIC_REPRESENTATION_CONTEXT() REPRESENTATION_CONTEXT('2D SPACE',''
  ) );
#18094 = PCURVE('',#17647,#18095);
#18095 = DEFINITIONAL_REPRESENTATION('',(#18096),#18100);
#18096 = LINE('',#18097,#18098);
#18097 = CARTESIAN_POINT('',(1.570796326795,0.));
#18098 = VECTOR('',#18099,1.);
#18099 = DIRECTION('',(0.,1.));
#18100 = ( GEOMETRIC_REPRESENTATION_CONTEXT(2) 
PARAMETRIC_REPRESENTATION_CONTEXT() REPRESENTATION_CONTEXT('2D SPACE',''
  ) );
#18101 = ADVANCED_FACE('',(#18102),#17590,.T.);
#18102 = FACE_BOUND('',#18103,.F.);
#18103 = EDGE_LOOP('',(#18104,#18105,#18106,#18107));
#18104 = ORIENTED_EDGE('',*,*,#17951,.T.);
#18105 = ORIENTED_EDGE('',*,*,#18054,.T.);
#18106 = ORIENTED_EDGE('',*,*,#17569,.F.);
#18107 = ORIENTED_EDGE('',*,*,#18108,.F.);
#18108 = EDGE_CURVE('',#17952,#17570,#18109,.T.);
#18109 = SURFACE_CURVE('',#18110,(#18114,#18121),.PCURVE_S1.);
#18110 = LINE('',#18111,#18112);
#18111 = CARTESIAN_POINT('',(84.,-36.,-11.));
#18112 = VECTOR('',#18113,1.);
#18113 = DIRECTION('',(0.,0.,1.));
#18114 = PCURVE('',#17590,#18115);
#18115 = DEFINITIONAL_REPRESENTATION('',(#18116),#18120);
#18116 = LINE('',#18117,#18118);
#18117 = CARTESIAN_POINT('',(-0.,0.));
#18118 = VECTOR('',#18119,1.);
#18119 = DIRECTION('',(-0.,1.));
#18120 = ( GEOMETRIC_REPRESENTATION_CONTEXT(2) 
PARAMETRIC_REPRESENTATION_CONTEXT() REPRESENTATION_CONTEXT('2D SPACE',''
  ) );
#18121 = PCURVE('',#17618,#18122);
#18122 = DEFINITIONAL_REPRESENTATION('',(#18123),#18127);
#18123 = LINE('',#18124,#18125);
#18124 = CARTESIAN_POINT('',(0.,-3.));
#18125 = VECTOR('',#18126,1.);
#18126 = DIRECTION('',(1.,0.));
#18127 = ( GEOMETRIC_REPRESENTATION_CONTEXT(2) 
PARAMETRIC_REPRESENTATION_CONTEXT() REPRESENTATION_CONTEXT('2D SPACE',''
  ) );
#18128 = ADVANCED_FACE('',(#18129),#17647,.T.);
#18129 = FACE_BOUND('',#18130,.T.);
#18130 = EDGE_LOOP('',(#18131,#18132,#18133,#18134));
#18131 = ORIENTED_EDGE('',*,*,#18002,.T.);
#18132 = ORIENTED_EDGE('',*,*,#18081,.T.);
#18133 = ORIENTED_EDGE('',*,*,#17630,.F.);
#18134 = ORIENTED_EDGE('',*,*,#18135,.F.);
#18135 = EDGE_CURVE('',#17980,#17603,#18136,.T.);
#18136 = SURFACE_CURVE('',#18137,(#18141,#18148),.PCURVE_S1.);
#18137 = LINE('',#18138,#18139);
#18138 = CARTESIAN_POINT('',(84.,36.,-11.));
#18139 = VECTOR('',#18140,1.);
#18140 = DIRECTION('',(0.,0.,1.));
#18141 = PCURVE('',#17647,#18142);
#18142 = DEFINITIONAL_REPRESENTATION('',(#18143),#18147);
#18143 = LINE('',#18144,#18145);
#18144 = CARTESIAN_POINT('',(0.,0.));
#18145 = VECTOR('',#18146,1.);
#18146 = DIRECTION('',(0.,1.));
#18147 = ( GEOMETRIC_REPRESENTATION_CONTEXT(2) 
PARAMETRIC_REPRESENTATION_CONTEXT() REPRESENTATION_CONTEXT('2D SPACE',''
  ) );
#18148 = PCURVE('',#17618,#18149);
#18149 = DEFINITIONAL_REPRESENTATION('',(#18150),#18154);
#18150 = LINE('',#18151,#18152);
#18151 = CARTESIAN_POINT('',(0.,-75.));
#18152 = VECTOR('',#18153,1.);
#18153 = DIRECTION('',(1.,0.));
#18154 = ( GEOMETRIC_REPRESENTATION_CONTEXT(2) 
PARAMETRIC_REPRESENTATION_CONTEXT() REPRESENTATION_CONTEXT('2D SPACE',''
  ) );
#18155 = ADVANCED_FACE('',(#18156),#17618,.T.);
#18156 = FACE_BOUND('',#18157,.T.);
#18157 = EDGE_LOOP('',(#18158,#18159,#18160,#18161));
#18158 = ORIENTED_EDGE('',*,*,#17602,.F.);
#18159 = ORIENTED_EDGE('',*,*,#18108,.F.);
#18160 = ORIENTED_EDGE('',*,*,#17979,.T.);
#18161 = ORIENTED_EDGE('',*,*,#18135,.T.);
#18162 = ADVANCED_FACE('',(#18163),#17732,.T.);
#18163 = FACE_BOUND('',#18164,.T.);
#18164 = EDGE_LOOP('',(#18165,#18188,#18216,#18237));
#18165 = ORIENTED_EDGE('',*,*,#18166,.F.);
#18166 = EDGE_CURVE('',#18167,#17716,#18169,.T.);
#18167 = VERTEX_POINT('',#18168);
#18168 = CARTESIAN_POINT('',(80.,-35.,-7.));
#18169 = SURFACE_CURVE('',#18170,(#18174,#18181),.PCURVE_S1.);
#18170 = LINE('',#18171,#18172);
#18171 = CARTESIAN_POINT('',(80.,-35.,-7.));
#18172 = VECTOR('',#18173,1.);
#18173 = DIRECTION('',(0.,0.,1.));
#18174 = PCURVE('',#17732,#18175);
#18175 = DEFINITIONAL_REPRESENTATION('',(#18176),#18180);
#18176 = LINE('',#18177,#18178);
#18177 = CARTESIAN_POINT('',(0.,160.));
#18178 = VECTOR('',#18179,1.);
#18179 = DIRECTION('',(1.,0.));
#18180 = ( GEOMETRIC_REPRESENTATION_CONTEXT(2) 
PARAMETRIC_REPRESENTATION_CONTEXT() REPRESENTATION_CONTEXT('2D SPACE',''
  ) );
#18181 = PCURVE('',#17808,#18182);
#18182 = DEFINITIONAL_REPRESENTATION('',(#18183),#18187);
#18183 = LINE('',#18184,#18185);
#18184 = CARTESIAN_POINT('',(0.,0.));
#18185 = VECTOR('',#18186,1.);
#18186 = DIRECTION('',(1.,0.));
#18187 = ( GEOMETRIC_REPRESENTATION_CONTEXT(2) 
PARAMETRIC_REPRESENTATION_CONTEXT() REPRESENTATION_CONTEXT('2D SPACE',''
  ) );
#18188 = ORIENTED_EDGE('',*,*,#18189,.F.);
#18189 = EDGE_CURVE('',#18190,#18167,#18192,.T.);
#18190 = VERTEX_POINT('',#18191);
#18191 = CARTESIAN_POINT('',(-80.,-35.,-7.));
#18192 = SURFACE_CURVE('',#18193,(#18197,#18204),.PCURVE_S1.);
#18193 = LINE('',#18194,#18195);
#18194 = CARTESIAN_POINT('',(-80.,-35.,-7.));
#18195 = VECTOR('',#18196,1.);
#18196 = DIRECTION('',(1.,0.,0.));
#18197 = PCURVE('',#17732,#18198);
#18198 = DEFINITIONAL_REPRESENTATION('',(#18199),#18203);
#18199 = LINE('',#18200,#18201);
#18200 = CARTESIAN_POINT('',(0.,0.));
#18201 = VECTOR('',#18202,1.);
#18202 = DIRECTION('',(0.,1.));
#18203 = ( GEOMETRIC_REPRESENTATION_CONTEXT(2) 
PARAMETRIC_REPRESENTATION_CONTEXT() REPRESENTATION_CONTEXT('2D SPACE',''
  ) );
#18204 = PCURVE('',#18205,#18210);
#18205 = PLANE('',#18206);
#18206 = AXIS2_PLACEMENT_3D('',#18207,#18208,#18209);
#18207 = CARTESIAN_POINT('',(-80.,-35.,-7.));
#18208 = DIRECTION('',(0.,0.,1.));
#18209 = DIRECTION('',(1.,0.,0.));
#18210 = DEFINITIONAL_REPRESENTATION('',(#18211),#18215);
#18211 = LINE('',#18212,#18213);
#18212 = CARTESIAN_POINT('',(0.,0.));
#18213 = VECTOR('',#18214,1.);
#18214 = DIRECTION('',(1.,0.));
#18215 = ( GEOMETRIC_REPRESENTATION_CONTEXT(2) 
PARAMETRIC_REPRESENTATION_CONTEXT() REPRESENTATION_CONTEXT('2D SPACE',''
  ) );
#18216 = ORIENTED_EDGE('',*,*,#18217,.T.);
#18217 = EDGE_CURVE('',#18190,#17718,#18218,.T.);
#18218 = SURFACE_CURVE('',#18219,(#18223,#18230),.PCURVE_S1.);
#18219 = LINE('',#18220,#18221);
#18220 = CARTESIAN_POINT('',(-80.,-35.,-7.));
#18221 = VECTOR('',#18222,1.);
#18222 = DIRECTION('',(0.,0.,1.));
#18223 = PCURVE('',#17732,#18224);
#18224 = DEFINITIONAL_REPRESENTATION('',(#18225),#18229);
#18225 = LINE('',#18226,#18227);
#18226 = CARTESIAN_POINT('',(0.,0.));
#18227 = VECTOR('',#18228,1.);
#18228 = DIRECTION('',(1.,0.));
#18229 = ( GEOMETRIC_REPRESENTATION_CONTEXT(2) 
PARAMETRIC_REPRESENTATION_CONTEXT() REPRESENTATION_CONTEXT('2D SPACE',''
  ) );
#18230 = PCURVE('',#17758,#18231);
#18231 = DEFINITIONAL_REPRESENTATION('',(#18232),#18236);
#18232 = LINE('',#18233,#18234);
#18233 = CARTESIAN_POINT('',(0.,0.));
#18234 = VECTOR('',#18235,1.);
#18235 = DIRECTION('',(1.,0.));
#18236 = ( GEOMETRIC_REPRESENTATION_CONTEXT(2) 
PARAMETRIC_REPRESENTATION_CONTEXT() REPRESENTATION_CONTEXT('2D SPACE',''
  ) );
#18237 = ORIENTED_EDGE('',*,*,#17715,.F.);
#18238 = ADVANCED_FACE('',(#18239),#17808,.F.);
#18239 = FACE_BOUND('',#18240,.F.);
#18240 = EDGE_LOOP('',(#18241,#18242,#18265,#18286));
#18241 = ORIENTED_EDGE('',*,*,#18166,.F.);
#18242 = ORIENTED_EDGE('',*,*,#18243,.T.);
#18243 = EDGE_CURVE('',#18167,#18244,#18246,.T.);
#18244 = VERTEX_POINT('',#18245);
#18245 = CARTESIAN_POINT('',(80.,35.,-7.));
#18246 = SURFACE_CURVE('',#18247,(#18251,#18258),.PCURVE_S1.);
#18247 = LINE('',#18248,#18249);
#18248 = CARTESIAN_POINT('',(80.,-35.,-7.));
#18249 = VECTOR('',#18250,1.);
#18250 = DIRECTION('',(0.,1.,0.));
#18251 = PCURVE('',#17808,#18252);
#18252 = DEFINITIONAL_REPRESENTATION('',(#18253),#18257);
#18253 = LINE('',#18254,#18255);
#18254 = CARTESIAN_POINT('',(0.,0.));
#18255 = VECTOR('',#18256,1.);
#18256 = DIRECTION('',(0.,-1.));
#18257 = ( GEOMETRIC_REPRESENTATION_CONTEXT(2) 
PARAMETRIC_REPRESENTATION_CONTEXT() REPRESENTATION_CONTEXT('2D SPACE',''
  ) );
#18258 = PCURVE('',#18205,#18259);
#18259 = DEFINITIONAL_REPRESENTATION('',(#18260),#18264);
#18260 = LINE('',#18261,#18262);
#18261 = CARTESIAN_POINT('',(160.,0.));
#18262 = VECTOR('',#18263,1.);
#18263 = DIRECTION('',(0.,1.));
#18264 = ( GEOMETRIC_REPRESENTATION_CONTEXT(2) 
PARAMETRIC_REPRESENTATION_CONTEXT() REPRESENTATION_CONTEXT('2D SPACE',''
  ) );
#18265 = ORIENTED_EDGE('',*,*,#18266,.T.);
#18266 = EDGE_CURVE('',#18244,#17770,#18267,.T.);
#18267 = SURFACE_CURVE('',#18268,(#18272,#18279),.PCURVE_S1.);
#18268 = LINE('',#18269,#18270);
#18269 = CARTESIAN_POINT('',(80.,35.,-7.));
#18270 = VECTOR('',#18271,1.);
#18271 = DIRECTION('',(0.,0.,1.));
#18272 = PCURVE('',#17808,#18273);
#18273 = DEFINITIONAL_REPRESENTATION('',(#18274),#18278);
#18274 = LINE('',#18275,#18276);
#18275 = CARTESIAN_POINT('',(0.,-70.));
#18276 = VECTOR('',#18277,1.);
#18277 = DIRECTION('',(1.,0.));
#18278 = ( GEOMETRIC_REPRESENTATION_CONTEXT(2) 
PARAMETRIC_REPRESENTATION_CONTEXT() REPRESENTATION_CONTEXT('2D SPACE',''
  ) );
#18279 = PCURVE('',#17784,#18280);
#18280 = DEFINITIONAL_REPRESENTATION('',(#18281),#18285);
#18281 = LINE('',#18282,#18283);
#18282 = CARTESIAN_POINT('',(0.,160.));
#18283 = VECTOR('',#18284,1.);
#18284 = DIRECTION('',(1.,0.));
#18285 = ( GEOMETRIC_REPRESENTATION_CONTEXT(2) 
PARAMETRIC_REPRESENTATION_CONTEXT() REPRESENTATION_CONTEXT('2D SPACE',''
  ) );
#18286 = ORIENTED_EDGE('',*,*,#17795,.F.);
#18287 = ADVANCED_FACE('',(#18288),#17784,.F.);
#18288 = FACE_BOUND('',#18289,.F.);
#18289 = EDGE_LOOP('',(#18290,#18291,#18314,#18335));
#18290 = ORIENTED_EDGE('',*,*,#18266,.F.);
#18291 = ORIENTED_EDGE('',*,*,#18292,.F.);
#18292 = EDGE_CURVE('',#18293,#18244,#18295,.T.);
#18293 = VERTEX_POINT('',#18294);
#18294 = CARTESIAN_POINT('',(-80.,35.,-7.));
#18295 = SURFACE_CURVE('',#18296,(#18300,#18307),.PCURVE_S1.);
#18296 = LINE('',#18297,#18298);
#18297 = CARTESIAN_POINT('',(-80.,35.,-7.));
#18298 = VECTOR('',#18299,1.);
#18299 = DIRECTION('',(1.,0.,0.));
#18300 = PCURVE('',#17784,#18301);
#18301 = DEFINITIONAL_REPRESENTATION('',(#18302),#18306);
#18302 = LINE('',#18303,#18304);
#18303 = CARTESIAN_POINT('',(0.,0.));
#18304 = VECTOR('',#18305,1.);
#18305 = DIRECTION('',(0.,1.));
#18306 = ( GEOMETRIC_REPRESENTATION_CONTEXT(2) 
PARAMETRIC_REPRESENTATION_CONTEXT() REPRESENTATION_CONTEXT('2D SPACE',''
  ) );
#18307 = PCURVE('',#18205,#18308);
#18308 = DEFINITIONAL_REPRESENTATION('',(#18309),#18313);
#18309 = LINE('',#18310,#18311);
#18310 = CARTESIAN_POINT('',(0.,70.));
#18311 = VECTOR('',#18312,1.);
#18312 = DIRECTION('',(1.,0.));
#18313 = ( GEOMETRIC_REPRESENTATION_CONTEXT(2) 
PARAMETRIC_REPRESENTATION_CONTEXT() REPRESENTATION_CONTEXT('2D SPACE',''
  ) );
#18314 = ORIENTED_EDGE('',*,*,#18315,.T.);
#18315 = EDGE_CURVE('',#18293,#17744,#18316,.T.);
#18316 = SURFACE_CURVE('',#18317,(#18321,#18328),.PCURVE_S1.);
#18317 = LINE('',#18318,#18319);
#18318 = CARTESIAN_POINT('',(-80.,35.,-7.));
#18319 = VECTOR('',#18320,1.);
#18320 = DIRECTION('',(0.,0.,1.));
#18321 = PCURVE('',#17784,#18322);
#18322 = DEFINITIONAL_REPRESENTATION('',(#18323),#18327);
#18323 = LINE('',#18324,#18325);
#18324 = CARTESIAN_POINT('',(0.,0.));
#18325 = VECTOR('',#18326,1.);
#18326 = DIRECTION('',(1.,0.));
#18327 = ( GEOMETRIC_REPRESENTATION_CONTEXT(2) 
PARAMETRIC_REPRESENTATION_CONTEXT() REPRESENTATION_CONTEXT('2D SPACE',''
  ) );
#18328 = PCURVE('',#17758,#18329);
#18329 = DEFINITIONAL_REPRESENTATION('',(#18330),#18334);
#18330 = LINE('',#18331,#18332);
#18331 = CARTESIAN_POINT('',(0.,-70.));
#18332 = VECTOR('',#18333,1.);
#18333 = DIRECTION('',(1.,0.));
#18334 = ( GEOMETRIC_REPRESENTATION_CONTEXT(2) 
PARAMETRIC_REPRESENTATION_CONTEXT() REPRESENTATION_CONTEXT('2D SPACE',''
  ) );
#18335 = ORIENTED_EDGE('',*,*,#17769,.F.);
#18336 = ADVANCED_FACE('',(#18337),#17758,.T.);
#18337 = FACE_BOUND('',#18338,.T.);
#18338 = EDGE_LOOP('',(#18339,#18340,#18361,#18362));
#18339 = ORIENTED_EDGE('',*,*,#18217,.F.);
#18340 = ORIENTED_EDGE('',*,*,#18341,.T.);
#18341 = EDGE_CURVE('',#18190,#18293,#18342,.T.);
#18342 = SURFACE_CURVE('',#18343,(#18347,#18354),.PCURVE_S1.);
#18343 = LINE('',#18344,#18345);
#18344 = CARTESIAN_POINT('',(-80.,-35.,-7.));
#18345 = VECTOR('',#18346,1.);
#18346 = DIRECTION('',(0.,1.,0.));
#18347 = PCURVE('',#17758,#18348);
#18348 = DEFINITIONAL_REPRESENTATION('',(#18349),#18353);
#18349 = LINE('',#18350,#18351);
#18350 = CARTESIAN_POINT('',(0.,0.));
#18351 = VECTOR('',#18352,1.);
#18352 = DIRECTION('',(0.,-1.));
#18353 = ( GEOMETRIC_REPRESENTATION_CONTEXT(2) 
PARAMETRIC_REPRESENTATION_CONTEXT() REPRESENTATION_CONTEXT('2D SPACE',''
  ) );
#18354 = PCURVE('',#18205,#18355);
#18355 = DEFINITIONAL_REPRESENTATION('',(#18356),#18360);
#18356 = LINE('',#18357,#18358);
#18357 = CARTESIAN_POINT('',(0.,0.));
#18358 = VECTOR('',#18359,1.);
#18359 = DIRECTION('',(0.,1.));
#18360 = ( GEOMETRIC_REPRESENTATION_CONTEXT(2) 
PARAMETRIC_REPRESENTATION_CONTEXT() REPRESENTATION_CONTEXT('2D SPACE',''
  ) );
#18361 = ORIENTED_EDGE('',*,*,#18315,.T.);
#18362 = ORIENTED_EDGE('',*,*,#17743,.F.);
#18363 = ADVANCED_FACE('',(#18364),#18205,.T.);
#18364 = FACE_BOUND('',#18365,.T.);
#18365 = EDGE_LOOP('',(#18366,#18367,#18368,#18369));
#18366 = ORIENTED_EDGE('',*,*,#18341,.F.);
#18367 = ORIENTED_EDGE('',*,*,#18189,.T.);
#18368 = ORIENTED_EDGE('',*,*,#18243,.T.);
#18369 = ORIENTED_EDGE('',*,*,#18292,.F.);
#18370 = ( GEOMETRIC_REPRESENTATION_CONTEXT(3) 
GLOBAL_UNCERTAINTY_ASSIGNED_CONTEXT((#18374)) 
GLOBAL_UNIT_ASSIGNED_CONTEXT((#18371,#18372,#18373)) 
REPRESENTATION_CONTEXT('Context #1',
  '3D Context with UNIT and UNCERTAINTY') );
#18371 = ( LENGTH_UNIT() NAMED_UNIT(*) SI_UNIT(.MILLI.,.METRE.) );
#18372 = ( NAMED_UNIT(*) PLANE_ANGLE_UNIT() SI_UNIT($,.RADIAN.) );
#18373 = ( NAMED_UNIT(*) SI_UNIT($,.STERADIAN.) SOLID_ANGLE_UNIT() );
#18374 = UNCERTAINTY_MEASURE_WITH_UNIT(LENGTH_MEASURE(1.E-07),#18371,
  'distance_accuracy_value','confusion accuracy');
#18375 = CONTEXT_DEPENDENT_SHAPE_REPRESENTATION(#18376,#18378);
#18376 = ( REPRESENTATION_RELATIONSHIP('','',#17389,#10) 
REPRESENTATION_RELATIONSHIP_WITH_TRANSFORMATION(#18377) 
SHAPE_REPRESENTATION_RELATIONSHIP() );
#18377 = ITEM_DEFINED_TRANSFORMATION('','',#11,#59);
#18378 = PRODUCT_DEFINITION_SHAPE('Placement','Placement of an item',
  #18379);
#18379 = NEXT_ASSEMBLY_USAGE_OCCURRENCE('12','14-chest','',#5,#17384,$);
#18380 = PRODUCT_RELATED_PRODUCT_CATEGORY('part',$,(#17386));
ENDSEC;
END-ISO-10303-21;
