ISO-10303-21;
HEADER;
FILE_DESCRIPTION(('Open CASCADE Model'),'2;1');
FILE_NAME('Open CASCADE Shape Model','2026-08-15T08:52:40',('Author'),(
    'Open CASCADE'),'Open CASCADE STEP processor 7.9','Open CASCADE 7.9'
  ,'Unknown');
FILE_SCHEMA(('AUTOMOTIVE_DESIGN { 1 0 10303 214 1 1 1 1 }'));
ENDSEC;
DATA;
#1 = APPLICATION_PROTOCOL_DEFINITION('international standard',
  'automotive_design',2000,#2);
#2 = APPLICATION_CONTEXT(
  'core data for automotive mechanical design processes');
#3 = SHAPE_DEFINITION_REPRESENTATION(#4,#10);
#4 = PRODUCT_DEFINITION_SHAPE('','',#5);
#5 = PRODUCT_DEFINITION('design','',#6,#9);
#6 = PRODUCT_DEFINITION_FORMATION('','',#7);
#7 = PRODUCT('Open CASCADE STEP translator 7.9 13',
  'Open CASCADE STEP translator 7.9 13','',(#8));
#8 = PRODUCT_CONTEXT('',#2,'mechanical');
#9 = PRODUCT_DEFINITION_CONTEXT('part definition',#2,'design');
#10 = ADVANCED_BREP_SHAPE_REPRESENTATION('',(#11,#15),#5319);
#11 = AXIS2_PLACEMENT_3D('',#12,#13,#14);
#12 = CARTESIAN_POINT('',(0.,0.,0.));
#13 = DIRECTION('',(0.,0.,1.));
#14 = DIRECTION('',(1.,0.,-0.));
#15 = MANIFOLD_SOLID_BREP('',#16);
#16 = CLOSED_SHELL('',(#17,#5311,#5315));
#17 = ADVANCED_FACE('',(#18),#679,.F.);
#18 = FACE_BOUND('',#19,.F.);
#19 = EDGE_LOOP('',(#20,#5242,#5276,#5277));
#20 = ORIENTED_EDGE('',*,*,#21,.T.);
#21 = EDGE_CURVE('',#22,#24,#26,.T.);
#22 = VERTEX_POINT('',#23);
#23 = CARTESIAN_POINT('',(6.6,1.214306433184E-16,-8.881784197001E-16));
#24 = VERTEX_POINT('',#25);
#25 = CARTESIAN_POINT('',(6.599985427442,3.361242916263E-03,
    6.750599899839));
#26 = SEAM_CURVE('',#27,(#678,#5235),.PCURVE_S1.);
#27 = ( BOUNDED_CURVE() B_SPLINE_CURVE(11,(#28,#29,#30,#31,#32,#33,#34,
    #35,#36,#37,#38,#39,#40,#41,#42,#43,#44,#45,#46,#47,#48,#49,#50,#51,
    #52,#53,#54,#55,#56,#57,#58,#59,#60,#61,#62,#63,#64,#65,#66,#67,#68,
    #69,#70,#71,#72,#73,#74,#75,#76,#77,#78,#79,#80,#81,#82,#83,#84,#85,
    #86,#87,#88,#89,#90,#91,#92,#93,#94,#95,#96,#97,#98,#99,#100,#101,
    #102,#103,#104,#105,#106,#107,#108,#109,#110,#111,#112,#113,#114,
    #115,#116,#117,#118,#119,#120,#121,#122,#123,#124,#125,#126,#127,
    #128,#129,#130,#131,#132,#133,#134,#135,#136,#137,#138,#139,#140,
    #141,#142,#143,#144,#145,#146,#147,#148,#149,#150,#151,#152,#153,
    #154,#155,#156,#157,#158,#159,#160,#161,#162,#163,#164,#165,#166,
    #167,#168,#169,#170,#171,#172,#173,#174,#175,#176,#177,#178,#179,
    #180,#181,#182,#183,#184,#185,#186,#187,#188,#189,#190,#191,#192,
    #193,#194,#195,#196,#197,#198,#199,#200,#201,#202,#203,#204,#205,
    #206,#207,#208,#209,#210,#211,#212,#213,#214,#215,#216,#217,#218,
    #219,#220,#221,#222,#223,#224,#225,#226,#227,#228,#229,#230,#231,
    #232,#233,#234,#235,#236,#237,#238,#239,#240,#241,#242,#243,#244,
    #245,#246,#247,#248,#249,#250,#251,#252,#253,#254,#255,#256,#257,
    #258,#259,#260,#261,#262,#263,#264,#265,#266,#267,#268,#269,#270,
    #271,#272,#273,#274,#275,#276,#277,#278,#279,#280,#281,#282,#283,
    #284,#285,#286,#287,#288,#289,#290,#291,#292,#293,#294,#295,#296,
    #297,#298,#299,#300,#301,#302,#303,#304,#305,#306,#307,#308,#309,
    #310,#311,#312,#313,#314,#315,#316,#317,#318,#319,#320,#321,#322,
    #323,#324,#325,#326,#327,#328,#329,#330,#331,#332,#333,#334,#335,
    #336,#337,#338,#339,#340,#341,#342,#343,#344,#345,#346,#347,#348,
    #349,#350,#351,#352,#353,#354,#355,#356,#357,#358,#359,#360,#361,
    #362,#363,#364,#365,#366,#367,#368,#369,#370,#371,#372,#373,#374,
    #375,#376,#377,#378,#379,#380,#381,#382,#383,#384,#385,#386,#387,
    #388,#389,#390,#391,#392,#393,#394,#395,#396,#397,#398,#399,#400,
    #401,#402,#403,#404,#405,#406,#407,#408,#409,#410,#411,#412,#413,
    #414,#415,#416,#417,#418,#419,#420,#421,#422,#423,#424,#425,#426,
    #427,#428,#429,#430,#431,#432,#433,#434,#435,#436,#437,#438,#439,
    #440,#441,#442,#443,#444,#445,#446,#447,#448,#449,#450,#451,#452,
    #453,#454,#455,#456,#457,#458,#459,#460,#461,#462,#463,#464,#465,
    #466,#467,#468,#469,#470,#471,#472,#473,#474,#475,#476,#477,#478,
    #479,#480,#481,#482,#483,#484,#485,#486,#487,#488,#489,#490,#491,
    #492,#493,#494,#495,#496,#497,#498,#499,#500,#501,#502,#503,#504,
    #505,#506,#507,#508,#509,#510,#511,#512,#513,#514,#515,#516,#517,
    #518,#519,#520,#521,#522,#523,#524,#525,#526,#527,#528,#529,#530,
    #531,#532,#533,#534,#535,#536,#537,#538,#539,#540,#541,#542,#543,
    #544,#545,#546,#547,#548,#549,#550,#551,#552,#553,#554,#555,#556,
    #557,#558,#559,#560,#561,#562,#563,#564,#565,#566,#567,#568,#569,
    #570,#571,#572,#573,#574,#575,#576,#577,#578,#579,#580,#581,#582,
    #583,#584,#585,#586,#587,#588,#589,#590,#591,#592,#593,#594,#595,
    #596,#597,#598,#599,#600,#601,#602,#603,#604,#605,#606,#607,#608,
    #609,#610,#611,#612,#613,#614,#615,#616,#617,#618,#619,#620,#621,
    #622,#623,#624,#625,#626,#627,#628,#629,#630,#631,#632,#633,#634,
    #635,#636,#637,#638,#639,#640,#641,#642,#643,#644,#645,#646,#647,
    #648,#649,#650,#651,#652,#653,#654,#655,#656,#657,#658,#659,#660,
    #661,#662,#663,#664,#665,#666,#667,#668,#669,#670,#671,#672,#673,
    #674,#675,#676,#677),.UNSPECIFIED.,.F.,.F.) 
B_SPLINE_CURVE_WITH_KNOTS((12,11,11,11,11,10,10,10,10,10,10,10,10,10,10,
    10,10,10,10,10,10,10,10,10,10,10,10,10,10,10,10,10,10,10,10,10,10,10
    ,10,10,10,10,10,10,10,10,10,10,10,10,10,10,10,10,10,10,10,10,10,10,
    11,11,11,11,12),(0.,3.239003882305,6.47800776461,9.717011646914,
    12.956015529219,14.575517470372,17.814521352677,21.053525234981,
    24.292529117286,25.912031058439,29.151034940743,32.390038823048,
    35.629042705353,38.868046587658,42.107050469963,45.346054352268,
    48.585058234572,51.824062116877,55.063065999182,58.302069881487,
    61.541073763792,63.160575704944,66.399579587249,69.638583469554,
    72.877587351858,76.116591234163,79.355595116468,82.594598998773,
    85.833602881078,87.45310482223,90.692108704535,93.93111258684,
    97.170116469145,100.40912035144,103.64812423375,106.88712811605,
    108.50663005721,111.74563393951,114.98463782182,118.22364170412,
    121.46264558643,124.70164946873,127.94065335104,131.17965723334,
    134.41866111565,136.0381630568,139.2771669391,142.51617082141,
    145.75517470371,147.37467664486,150.61368052717,153.85268440947,
    157.09168829178,160.33069217408,163.56969605639,166.80869993869,
    170.047703821,171.66720576215,174.90620964446,178.14521352676,
    181.38421740907,184.62322129137,187.86222517367,191.10122905598,
194.34023293828),.UNSPECIFIED.) CURVE() GEOMETRIC_REPRESENTATION_ITEM() 
RATIONAL_B_SPLINE_CURVE((1.669078461068,1.669078461068,1.669078461068,
    1.669078461068,1.669078461068,1.669078461068,1.669078461068,
    1.669078461068,1.669078461068,1.669078461068,1.669078461068,
    1.669078461068,1.669078461068,1.669078461068,1.669078461069,
    1.669078461066,1.669078461071,1.669078461066,1.66907846107,
    1.669078461067,1.669078461069,1.669078461068,1.669078461068,
    1.669078461068,1.669078461069,1.669078461067,1.669078461071,
    1.669078461065,1.669078461072,1.669078461065,1.66907846107,
    1.669078461068,1.669078461068,1.669078461068,1.669078461068,
    1.669078461068,1.669078461068,1.669078461069,1.669078461067,
    1.669078461069,1.669078461067,1.669078461069,1.669078461068,
    1.669078461068,1.669078461068,1.669078461068,1.669078461069,
    1.669078461068,1.669078461069,1.669078461067,1.66907846107,
    1.669078461067,1.669078461069,1.669078461068,1.669078461068,
    1.669078461068,1.669078461068,1.66907846107,1.669078461065,
    1.669078461072,1.669078461065,1.66907846107,1.669078461067,
    1.669078461069,1.669078461068,1.669078461068,1.669078461069,
    1.669078461066,1.669078461073,1.669078461063,1.669078461073,
    1.669078461064,1.66907846107,1.669078461067,1.669078461068,
    1.669078461068,1.669078461069,1.669078461066,1.669078461072,
    1.669078461064,1.669078461072,1.669078461065,1.66907846107,
    1.669078461068,1.669078461068,1.669078461068,1.669078461068,
    1.669078461068,1.669078461068,1.669078461069,1.669078461068,
    1.669078461068,1.669078461068,1.669078461068,1.669078461068,
    1.669078461068,1.669078461069,1.669078461066,1.669078461071,
    1.669078461065,1.669078461071,1.669078461066,1.669078461069,
    1.669078461068,1.669078461068,1.669078461068,1.669078461068,
    1.669078461068,1.669078461068,1.669078461068,1.669078461068,
    1.669078461069,1.669078461068,1.669078461068,1.669078461068,
    1.669078461068,1.669078461068,1.669078461068,1.669078461068,
    1.669078461069,1.669078461068,1.669078461068,1.669078461068,
    1.669078461068,1.669078461068,1.669078461068,1.669078461068,
    1.669078461068,1.669078461069,1.669078461067,1.669078461069,
    1.669078461067,1.669078461069,1.669078461068,1.669078461068,
    1.669078461068,1.669078461069,1.669078461067,1.66907846107,
    1.669078461066,1.66907846107,1.669078461067,1.669078461069,
    1.669078461068,1.669078461068,1.669078461068,1.669078461069,
    1.669078461068,1.669078461069,1.669078461067,1.669078461069,
    1.669078461067,1.669078461069,1.669078461068,1.669078461068,
    1.669078461068,1.669078461068,1.669078461068,1.669078461068,
    1.669078461069,1.669078461068,1.669078461069,1.669078461068,
    1.669078461068,1.669078461068,1.669078461068,1.669078461069,
    1.669078461067,1.66907846107,1.669078461066,1.66907846107,
    1.669078461067,1.669078461069,1.669078461068,1.669078461068,
    1.669078461068,1.669078461068,1.669078461068,1.669078461068,
    1.669078461068,1.669078461068,1.669078461069,1.669078461068,
    1.669078461068,1.669078461068,1.669078461068,1.669078461068,
    1.669078461069,1.669078461067,1.669078461069,1.669078461067,
    1.669078461069,1.669078461068,1.669078461068,1.669078461068,
    1.669078461068,1.669078461068,1.669078461069,1.669078461067,
    1.66907846107,1.669078461067,1.669078461069,1.669078461068,
    1.669078461068,1.669078461068,1.669078461068,1.669078461068,
    1.669078461068,1.669078461069,1.669078461067,1.66907846107,
    1.669078461067,1.669078461069,1.669078461068,1.669078461068,
    1.669078461068,1.669078461068,1.669078461068,1.669078461068,
    1.669078461069,1.669078461067,1.669078461069,1.669078461068,
    1.669078461068,1.669078461068,1.669078461068,1.669078461068,
    1.669078461068,1.669078461068,1.669078461068,1.669078461069,
    1.669078461068,1.669078461068,1.669078461068,1.669078461068,
    1.669078461068,1.669078461068,1.669078461068,1.669078461069,
    1.669078461067,1.66907846107,1.669078461067,1.669078461069,
    1.669078461068,1.669078461068,1.669078461068,1.669078461068,
    1.669078461068,1.669078461068,1.669078461068,1.669078461068,
    1.669078461068,1.669078461068,1.669078461068,1.669078461068,
    1.669078461068,1.669078461068,1.669078461069,1.669078461067,
    1.66907846107,1.669078461067,1.669078461069,1.669078461068,
    1.669078461068,1.669078461068,1.669078461068,1.669078461068,
    1.669078461069,1.669078461067,1.66907846107,1.669078461066,
    1.66907846107,1.669078461067,1.669078461069,1.669078461068,
    1.669078461068,1.669078461068,1.669078461069,1.669078461066,
    1.669078461071,1.669078461066,1.66907846107,1.669078461067,
    1.669078461069,1.669078461068,1.669078461068,1.669078461068,
    1.669078461068,1.669078461068,1.669078461069,1.669078461068,
    1.669078461069,1.669078461068,1.669078461068,1.669078461068,
    1.669078461068,1.669078461068,1.669078461069,1.669078461067,
    1.66907846107,1.669078461066,1.66907846107,1.669078461067,
    1.669078461069,1.669078461068,1.669078461068,1.669078461068,
    1.669078461069,1.669078461067,1.669078461069,1.669078461067,
    1.669078461069,1.669078461068,1.669078461068,1.669078461068,
    1.669078461068,1.669078461068,1.669078461068,1.669078461069,
    1.669078461068,1.669078461068,1.669078461068,1.669078461068,
    1.669078461068,1.669078461068,1.669078461068,1.669078461068,
    1.669078461068,1.669078461069,1.669078461068,1.669078461069,
    1.669078461068,1.669078461068,1.669078461068,1.669078461068,
    1.669078461068,1.669078461068,1.669078461068,1.669078461069,
    1.669078461068,1.669078461069,1.669078461068,1.669078461069,
    1.669078461068,1.669078461068,1.669078461068,1.669078461068,
    1.669078461068,1.669078461069,1.669078461067,1.669078461069,
    1.669078461068,1.669078461069,1.669078461068,1.669078461068,
    1.669078461068,1.669078461068,1.669078461068,1.669078461068,
    1.669078461069,1.669078461068,1.669078461069,1.669078461068,
    1.669078461068,1.669078461068,1.669078461068,1.669078461068,
    1.669078461069,1.669078461067,1.66907846107,1.669078461066,
    1.66907846107,1.669078461068,1.669078461068,1.669078461068,
    1.669078461068,1.669078461068,1.669078461068,1.669078461068,
    1.669078461068,1.669078461068,1.669078461068,1.669078461068,
    1.669078461068,1.669078461068,1.669078461068,1.669078461068,
    1.669078461068,1.669078461068,1.669078461068,1.669078461069,
    1.669078461068,1.669078461068,1.669078461068,1.669078461068,
    1.669078461068,1.669078461068,1.669078461068,1.669078461069,
    1.669078461068,1.669078461069,1.669078461068,1.669078461068,
    1.669078461068,1.669078461068,1.669078461068,1.669078461068,
    1.669078461068,1.669078461068,1.669078461069,1.669078461068,
    1.669078461068,1.669078461068,1.669078461068,1.669078461068,
    1.669078461068,1.669078461068,1.669078461068,1.669078461068,
    1.669078461069,1.669078461068,1.669078461068,1.669078461068,
    1.669078461068,1.669078461068,1.669078461068,1.669078461068,
    1.669078461068,1.669078461069,1.669078461068,1.669078461069,
    1.669078461068,1.669078461069,1.669078461068,1.669078461068,
    1.669078461068,1.669078461069,1.669078461067,1.66907846107,
    1.669078461066,1.66907846107,1.669078461067,1.669078461069,
    1.669078461068,1.669078461068,1.669078461068,1.669078461068,
    1.669078461069,1.669078461068,1.669078461069,1.669078461067,
    1.669078461069,1.669078461068,1.669078461068,1.669078461068,
    1.669078461068,1.669078461068,1.669078461068,1.669078461068,
    1.669078461068,1.669078461068,1.669078461068,1.669078461068,
    1.669078461068,1.669078461068,1.669078461068,1.669078461068,
    1.669078461068,1.669078461068,1.669078461069,1.669078461068,
    1.669078461068,1.669078461068,1.669078461068,1.669078461068,
    1.669078461068,1.669078461068,1.669078461068,1.669078461069,
    1.669078461068,1.669078461069,1.669078461068,1.669078461069,
    1.669078461068,1.669078461068,1.669078461068,1.669078461068,
    1.669078461068,1.669078461069,1.669078461067,1.669078461069,
    1.669078461067,1.669078461069,1.669078461068,1.669078461068,
    1.669078461068,1.669078461068,1.669078461068,1.669078461068,
    1.669078461069,1.669078461068,1.669078461069,1.669078461068,
    1.669078461068,1.669078461068,1.669078461068,1.669078461068,
    1.669078461068,1.669078461068,1.669078461069,1.669078461068,
    1.669078461069,1.669078461068,1.669078461068,1.669078461068,
    1.669078461068,1.669078461068,1.669078461069,1.669078461068,
    1.669078461069,1.669078461068,1.669078461069,1.669078461068,
    1.669078461068,1.669078461068,1.669078461068,1.669078461068,
    1.669078461068,1.669078461068,1.669078461068,1.669078461068,
    1.669078461068,1.669078461068,1.669078461068,1.669078461068,
    1.669078461068,1.669078461068,1.669078461068,1.669078461068,
    1.669078461068,1.669078461068,1.669078461068,1.669078461068,
    1.669078461068,1.669078461068,1.669078461068,1.669078461069,
    1.669078461067,1.66907846107,1.669078461066,1.66907846107,
    1.669078461067,1.669078461069,1.669078461068,1.669078461068,
    1.669078461068,1.669078461068,1.669078461068,1.669078461068,
    1.669078461068,1.669078461068,1.669078461068,1.669078461068,
    1.669078461068,1.669078461068,1.669078461068,1.669078461068,
    1.669078461068,1.669078461068,1.669078461068,1.669078461068,
    1.669078461068,1.669078461068,1.669078461068,1.669078461068,
    1.669078461068,1.669078461068,1.669078461069,1.669078461068,
    1.669078461069,1.669078461068,1.669078461069,1.669078461068,
    1.669078461068,1.669078461068,1.669078461068,1.669078461068,
    1.669078461068,1.669078461068,1.669078461068,1.669078461068,
    1.669078461068,1.669078461068,1.669078461068,1.669078461068,
    1.669078461068,1.669078461068,1.669078461068,1.669078461069,
    1.669078461068,1.669078461069,1.669078461068,1.669078461068,
    1.669078461068,1.669078461068,1.669078461068,1.669078461068,
    1.669078461068,1.66907846107,1.669078461066,1.669078461071,
    1.669078461065,1.66907846107,1.669078461067,1.669078461069,
    1.669078461068,1.669078461068,1.669078461068,1.669078461068,
    1.669078461068,1.669078461069,1.669078461068,1.669078461069,
    1.669078461068,1.669078461068,1.669078461068,1.669078461068,
    1.669078461068,1.669078461068,1.669078461068,1.669078461068,
    1.669078461068,1.669078461068,1.669078461068,1.669078461068,
    1.669078461068,1.669078461068,1.669078461068,1.669078461068,
    1.669078461068,1.669078461068,1.669078461068,1.669078461069,
    1.669078461068,1.669078461069,1.669078461068,1.669078461068,
1.669078461068,1.669078461068,1.669078461068)) REPRESENTATION_ITEM('') 
  );
#28 = CARTESIAN_POINT('',(6.6,1.214306433184E-16,-8.881784197001E-16));
#29 = CARTESIAN_POINT('',(6.601249356649,0.315706423608,
    1.035998562657E-02));
#30 = CARTESIAN_POINT('',(6.584972184497,0.630771857356,
    2.068653725422E-02));
#31 = CARTESIAN_POINT('',(6.551611743954,0.94437809672,
    3.097719305694E-02));
#32 = CARTESIAN_POINT('',(6.501520657377,1.255591022097,
    4.125181692073E-02));
#33 = CARTESIAN_POINT('',(6.435186226171,1.563607749147,
    5.149990725552E-02));
#34 = CARTESIAN_POINT('',(6.353085194753,1.867716849804,
    6.170906855611E-02));
#35 = CARTESIAN_POINT('',(6.255531913955,2.167180988654,
    7.189457407361E-02));
#36 = CARTESIAN_POINT('',(6.142695800953,2.461168765998,
    8.209234191447E-02));
#37 = CARTESIAN_POINT('',(6.014775939501,2.748780005643,
    9.232004021704E-02));
#38 = CARTESIAN_POINT('',(5.872132608662,3.029126172084,0.102553431077)
  );
#39 = CARTESIAN_POINT('',(5.714987474597,3.301345048425,0.112807456271)
  );
#40 = CARTESIAN_POINT('',(5.55784212854,3.573564307963,0.123048847756));
#41 = CARTESIAN_POINT('',(5.386373440032,3.837349896741,0.133274716751)
  );
#42 = CARTESIAN_POINT('',(5.201359627608,4.091925260803,0.143462623));
#43 = CARTESIAN_POINT('',(5.001935034846,4.337304436368,0.153831037637)
  );
#44 = CARTESIAN_POINT('',(4.793677600112,4.569779766542,0.163662564212)
  );
#45 = CARTESIAN_POINT('',(4.567221128228,4.796049082954,0.174380701234)
  );
#46 = CARTESIAN_POINT('',(4.334671135951,5.004108297029,0.184324386732)
  );
#47 = CARTESIAN_POINT('',(4.089174086803,5.20335918789,0.194625690653));
#48 = CARTESIAN_POINT('',(3.834547136404,5.388201272575,0.204833829837)
  );
#49 = CARTESIAN_POINT('',(3.57074382847,5.559536169249,0.215061329482));
#50 = CARTESIAN_POINT('',(3.298548753869,5.716601367028,0.225302579103)
  );
#51 = CARTESIAN_POINT('',(3.026353590089,5.873666618414,0.235540826811)
  );
#52 = CARTESIAN_POINT('',(2.745996929856,6.0163305173,0.245765529952));
#53 = CARTESIAN_POINT('',(2.458548771672,6.144295412133,0.255959872736)
  );
#54 = CARTESIAN_POINT('',(2.16307259384,6.257118721175,0.266310753734));
#55 = CARTESIAN_POINT('',(1.866832901868,6.354341282412,0.276163321082)
  );
#56 = CARTESIAN_POINT('',(1.557153874041,6.437211959799,0.286928839468)
  );
#57 = CARTESIAN_POINT('',(1.251975092708,6.501001589547,0.2967964416));
#58 = CARTESIAN_POINT('',(0.939645455752,6.550862084697,0.307138654167)
  );
#59 = CARTESIAN_POINT('',(0.626713639098,6.583607034102,0.317336073027)
  );
#60 = CARTESIAN_POINT('',(0.312579717338,6.600076659261,0.327561490993)
  );
#61 = CARTESIAN_POINT('',(-1.680405486388E-03,6.599996357547,
    0.33780031023));
#62 = CARTESIAN_POINT('',(-0.315940538978,6.59991605602,0.348038821662)
  );
#63 = CARTESIAN_POINT('',(-0.630066647028,6.583286939867,0.358263926182)
  );
#64 = CARTESIAN_POINT('',(-0.942982943723,6.550385647263,0.368459750153)
  );
#65 = CARTESIAN_POINT('',(-1.255287833819,6.500354978481,0.378807349926)
  );
#66 = CARTESIAN_POINT('',(-1.560433131956,6.436442381181,0.388665809893)
  );
#67 = CARTESIAN_POINT('',(-1.870077523111,6.353367021802,0.399433578422)
  );
#68 = CARTESIAN_POINT('',(-2.166253979751,6.256021599779,0.40929329718)
  );
#69 = CARTESIAN_POINT('',(-2.461673816165,6.143037308765,0.419640179158)
  );
#70 = CARTESIAN_POINT('',(-2.749053206853,6.014928517306,0.429836280848)
  );
#71 = CARTESIAN_POINT('',(-3.029336398735,5.87212408209,0.440061470196)
  );
#72 = CARTESIAN_POINT('',(-3.301453647941,5.714924194131,0.450300053398)
  );
#73 = CARTESIAN_POINT('',(-3.437512272888,5.636324249962,0.455419333656)
  );
#74 = CARTESIAN_POINT('',(-3.571473246064,5.554158191326,0.460535263549)
  );
#75 = CARTESIAN_POINT('',(-3.703248281249,5.468497327232,0.465648546641)
  );
#76 = CARTESIAN_POINT('',(-3.832749027622,5.379412123328,0.470759912708)
  );
#77 = CARTESIAN_POINT('',(-3.959886964258,5.286972283679,0.475870126936)
  );
#78 = CARTESIAN_POINT('',(-4.084573295934,5.191246831243,0.480979945798)
  );
#79 = CARTESIAN_POINT('',(-4.206718846717,5.092304190539,0.48609016324)
  );
#80 = CARTESIAN_POINT('',(-4.326233956737,4.990212267183,0.491201527281)
  );
#81 = CARTESIAN_POINT('',(-4.443028375033,4.885038531261,0.496314816109)
  );
#82 = CARTESIAN_POINT('',(-4.557011156585,4.776850096642,0.50143074466)
  );
#83 = CARTESIAN_POINT('',(-4.890249353275,4.443441218769,0.516788592192)
  );
#84 = CARTESIAN_POINT('',(-5.100611507603,4.20956188815,0.527013762388)
  );
#85 = CARTESIAN_POINT('',(-5.298611943452,3.965032070221,0.537209747282)
  );
#86 = CARTESIAN_POINT('',(-5.484067803122,3.708822187855,0.547557005457)
  );
#87 = CARTESIAN_POINT('',(-5.6546448225,3.447859389533,0.557416146008));
#88 = CARTESIAN_POINT('',(-5.814853292177,3.170164609165,0.568183944288)
  );
#89 = CARTESIAN_POINT('',(-5.955448135022,2.89190249404,0.57804303045));
#90 = CARTESIAN_POINT('',(-6.084449501119,2.603117252027,0.588390311884)
  );
#91 = CARTESIAN_POINT('',(-6.197070859371,2.309322672654,0.59858629588)
  );
#92 = CARTESIAN_POINT('',(-6.294283047976,2.010154493738,0.608811466296)
  );
#93 = CARTESIAN_POINT('',(-6.456800774899,1.403008303662,0.629288597138)
  );
#94 = CARTESIAN_POINT('',(-6.522040076945,1.095281789182,0.639513763069)
  );
#95 = CARTESIAN_POINT('',(-6.571248576661,0.784512538678,0.649709749505)
  );
#96 = CARTESIAN_POINT('',(-6.603753121847,0.469900334493,0.660057008008)
  );
#97 = CARTESIAN_POINT('',(-6.620995762229,0.158611425691,0.669916141913)
  );
#98 = CARTESIAN_POINT('',(-6.620892979152,-0.161983577713,0.680683939088
    ));
#99 = CARTESIAN_POINT('',(-6.603520623249,-0.473263036916,0.690543034506
    ));
#100 = CARTESIAN_POINT('',(-6.570846464257,-0.787859085737,
    0.700890309889));
#101 = CARTESIAN_POINT('',(-6.521482130496,-1.098603332014,
    0.711086295823));
#102 = CARTESIAN_POINT('',(-6.456086265168,-1.406296668443,0.72131146643
    ));
#103 = CARTESIAN_POINT('',(-6.293257649563,-2.013359554525,
    0.741788597407));
#104 = CARTESIAN_POINT('',(-6.195893285195,-2.312478184041,
    0.752013763008));
#105 = CARTESIAN_POINT('',(-6.083124471061,-2.606216499336,
    0.762209749696));
#106 = CARTESIAN_POINT('',(-5.953968130546,-2.894930933748,
    0.772557007972));
#107 = CARTESIAN_POINT('',(-5.813256242415,-3.173136355577,
    0.782416141791));
#108 = CARTESIAN_POINT('',(-5.652869726439,-3.450728384434,0.79318393892
    ));
#109 = CARTESIAN_POINT('',(-5.482185096044,-3.711618123729,
    0.803043034664));
#110 = CARTESIAN_POINT('',(-5.29659041961,-3.96772921534,0.813390309806)
  );
#111 = CARTESIAN_POINT('',(-5.098467529342,-4.212159459625,
    0.823586295841));
#112 = CARTESIAN_POINT('',(-4.887986380399,-4.445931772821,
    0.833811466433));
#113 = CARTESIAN_POINT('',(-4.554577509929,-4.779169952654,
    0.849169314667));
#114 = CARTESIAN_POINT('',(-4.440539532924,-4.887300186715,
    0.854285247437));
#115 = CARTESIAN_POINT('',(-4.32369159802,-4.992414440342,0.859398532195
    ));
#116 = CARTESIAN_POINT('',(-4.204124636461,-5.094445611554,
    0.864509902865));
#117 = CARTESIAN_POINT('',(-4.081928887509,-5.193326237191,
    0.869620116168));
#118 = CARTESIAN_POINT('',(-3.957194004209,-5.288988412485,
    0.874729942471));
#119 = CARTESIAN_POINT('',(-3.830009159111,-5.381363710639,
    0.879840156606));
#120 = CARTESIAN_POINT('',(-3.700463150033,-5.470383102406,
    0.884951528734));
#121 = CARTESIAN_POINT('',(-3.568644505788,-5.555976875661,
    0.890064815158));
#122 = CARTESIAN_POINT('',(-3.434641591941,-5.638074554981,
    0.895180749177));
#123 = CARTESIAN_POINT('',(-3.026344965744,-5.873665353698,0.91053859741
    ));
#124 = CARTESIAN_POINT('',(-2.745989152164,-6.01632716269,0.920763763003
    ));
#125 = CARTESIAN_POINT('',(-2.45854520438,-6.14429192415,0.9309597497));
#126 = CARTESIAN_POINT('',(-2.16306594572,-6.257116534357,0.941307007962
    ));
#127 = CARTESIAN_POINT('',(-1.86684667529,-6.35433914442,0.95116614179)
  );
#128 = CARTESIAN_POINT('',(-1.557149075967,-6.437215957456,
    0.961933938935));
#129 = CARTESIAN_POINT('',(-1.251979912723,-6.501000601586,
    0.971793034657));
#130 = CARTESIAN_POINT('',(-0.939646768788,-6.550863236974,
    0.982140309808));
#131 = CARTESIAN_POINT('',(-0.626714446314,-6.583607481007,
    0.992336295843));
#132 = CARTESIAN_POINT('',(-0.312579810668,-6.600076821185,
    1.002561466433));
#133 = CARTESIAN_POINT('',(0.315941055899,-6.599915892503,1.02303859741)
  );
#134 = CARTESIAN_POINT('',(0.630067217054,-6.58328673645,1.033263763003)
  );
#135 = CARTESIAN_POINT('',(0.94298335873,-6.550385496772,1.043459749699)
  );
#136 = CARTESIAN_POINT('',(1.255288208123,-6.500354846054,1.053807007963
    ));
#137 = CARTESIAN_POINT('',(1.560432926441,-6.436442460973,1.063666141788
    ));
#138 = CARTESIAN_POINT('',(1.870077321461,-6.353367086788,1.074433938935
    ));
#139 = CARTESIAN_POINT('',(2.166253891347,-6.256021627352,1.084293034657
    ));
#140 = CARTESIAN_POINT('',(2.461673646133,-6.143037364331,1.094640309809
    ));
#141 = CARTESIAN_POINT('',(2.749053109076,-6.014928550254,1.104836295843
    ));
#142 = CARTESIAN_POINT('',(3.029336353844,-5.872124099409,1.115061466433
    ));
#143 = CARTESIAN_POINT('',(3.573570926758,-5.557724297799,1.13553859741)
  );
#144 = CARTESIAN_POINT('',(3.837297584285,-5.386259945635,1.145763763003
    ));
#145 = CARTESIAN_POINT('',(4.091840292393,-5.201308565424,1.155959749699
    ));
#146 = CARTESIAN_POINT('',(4.337288900332,-5.00182832623,1.166307007964)
  );
#147 = CARTESIAN_POINT('',(4.569595785686,-4.793906217986,1.176166141788
    ));
#148 = CARTESIAN_POINT('',(4.79621801082,-4.567138635989,1.186933938936)
  );
#149 = CARTESIAN_POINT('',(5.00404171463,-4.334746710244,1.196793034656)
  );
#150 = CARTESIAN_POINT('',(5.203390595543,-4.089189590838,1.207140309809
    ));
#151 = CARTESIAN_POINT('',(5.38821410394,-3.834554371931,1.217336295842)
  );
#152 = CARTESIAN_POINT('',(5.559544288741,-3.570740467341,1.227561466433
    ));
#153 = CARTESIAN_POINT('',(5.873665353698,-3.026344965745,1.24803859741)
  );
#154 = CARTESIAN_POINT('',(6.016327162689,-2.745989152164,1.258263763003
    ));
#155 = CARTESIAN_POINT('',(6.144291924154,-2.458545204381,1.268459749699
    ));
#156 = CARTESIAN_POINT('',(6.257116534352,-2.163065945719,1.278807007963
    ));
#157 = CARTESIAN_POINT('',(6.354339144427,-1.866846675291,1.288666141789
    ));
#158 = CARTESIAN_POINT('',(6.437215957449,-1.557149075965,1.299433938935
    ));
#159 = CARTESIAN_POINT('',(6.501000601591,-1.251979912725,1.309293034657
    ));
#160 = CARTESIAN_POINT('',(6.55086323697,-0.939646768787,1.319640309808)
  );
#161 = CARTESIAN_POINT('',(6.583607481008,-0.626714446315,1.329836295843
    ));
#162 = CARTESIAN_POINT('',(6.600076821184,-0.312579810668,1.340061466433
    ));
#163 = CARTESIAN_POINT('',(6.599915892503,0.315941055899,1.36053859741)
  );
#164 = CARTESIAN_POINT('',(6.58328673645,0.630067217054,1.370763763003)
  );
#165 = CARTESIAN_POINT('',(6.550385496773,0.942983358729,1.380959749699)
  );
#166 = CARTESIAN_POINT('',(6.500354846052,1.255288208125,1.391307007963)
  );
#167 = CARTESIAN_POINT('',(6.436442460976,1.560432926438,1.401166141789)
  );
#168 = CARTESIAN_POINT('',(6.353367086786,1.870077321463,1.411933938935)
  );
#169 = CARTESIAN_POINT('',(6.256021627353,2.166253891345,1.421793034657)
  );
#170 = CARTESIAN_POINT('',(6.14303736433,2.461673646134,1.432140309808)
  );
#171 = CARTESIAN_POINT('',(6.014928550254,2.749053109076,1.442336295843)
  );
#172 = CARTESIAN_POINT('',(5.872124099409,3.029336353844,1.452561466433)
  );
#173 = CARTESIAN_POINT('',(5.557724297799,3.573570926758,1.47303859741)
  );
#174 = CARTESIAN_POINT('',(5.386259945636,3.837297584286,1.483263763002)
  );
#175 = CARTESIAN_POINT('',(5.201308565421,4.091840292391,1.4934597497));
#176 = CARTESIAN_POINT('',(5.001828326235,4.337288900335,1.503807007962)
  );
#177 = CARTESIAN_POINT('',(4.79390621798,4.569595785683,1.513666141791)
  );
#178 = CARTESIAN_POINT('',(4.567138635995,4.796218010823,1.524433938933)
  );
#179 = CARTESIAN_POINT('',(4.334746710239,5.004041714627,1.534293034658)
  );
#180 = CARTESIAN_POINT('',(4.089189590841,5.203390595544,1.544640309808)
  );
#181 = CARTESIAN_POINT('',(3.83455437193,5.388214103939,1.554836295843)
  );
#182 = CARTESIAN_POINT('',(3.570740467341,5.559544288741,1.565061466433)
  );
#183 = CARTESIAN_POINT('',(3.026344965745,5.873665353698,1.58553859741)
  );
#184 = CARTESIAN_POINT('',(2.745989152165,6.01632716269,1.595763763003)
  );
#185 = CARTESIAN_POINT('',(2.458545204381,6.144291924152,1.605959749699)
  );
#186 = CARTESIAN_POINT('',(2.16306594572,6.257116534356,1.616307007964)
  );
#187 = CARTESIAN_POINT('',(1.86684667529,6.354339144421,1.626166141787)
  );
#188 = CARTESIAN_POINT('',(1.557149075966,6.437215957455,1.636933938937)
  );
#189 = CARTESIAN_POINT('',(1.251979912725,6.501000601586,1.646793034655)
  );
#190 = CARTESIAN_POINT('',(0.939646768787,6.550863236974,1.657140309809)
  );
#191 = CARTESIAN_POINT('',(0.626714446315,6.583607481006,1.667336295842)
  );
#192 = CARTESIAN_POINT('',(0.312579810668,6.600076821185,1.677561466433)
  );
#193 = CARTESIAN_POINT('',(-0.315941055899,6.599915892503,1.69803859741)
  );
#194 = CARTESIAN_POINT('',(-0.630067217054,6.58328673645,1.708263763003)
  );
#195 = CARTESIAN_POINT('',(-0.94298335873,6.550385496774,1.718459749699)
  );
#196 = CARTESIAN_POINT('',(-1.255288208123,6.500354846051,1.728807007963
    ));
#197 = CARTESIAN_POINT('',(-1.560432926441,6.436442460978,1.738666141789
    ));
#198 = CARTESIAN_POINT('',(-1.87007732146,6.353367086784,1.749433938935)
  );
#199 = CARTESIAN_POINT('',(-2.166253891348,6.256021627354,1.759293034657
    ));
#200 = CARTESIAN_POINT('',(-2.461673646132,6.14303736433,1.769640309808)
  );
#201 = CARTESIAN_POINT('',(-2.749053109077,6.014928550254,1.779836295843
    ));
#202 = CARTESIAN_POINT('',(-3.029336353844,5.872124099409,1.790061466433
    ));
#203 = CARTESIAN_POINT('',(-3.573570926759,5.557724297799,1.81053859741)
  );
#204 = CARTESIAN_POINT('',(-3.837297584285,5.386259945636,1.820763763003
    ));
#205 = CARTESIAN_POINT('',(-4.091840292394,5.201308565421,1.8309597497)
  );
#206 = CARTESIAN_POINT('',(-4.33728890033,5.001828326234,1.841307007963)
  );
#207 = CARTESIAN_POINT('',(-4.569595785689,4.79390621798,1.851166141789)
  );
#208 = CARTESIAN_POINT('',(-4.796218010818,4.567138635995,1.861933938934
    ));
#209 = CARTESIAN_POINT('',(-5.004041714631,4.334746710239,1.871793034657
    ));
#210 = CARTESIAN_POINT('',(-5.203390595542,4.089189590841,1.882140309808
    ));
#211 = CARTESIAN_POINT('',(-5.38821410394,3.83455437193,1.892336295843)
  );
#212 = CARTESIAN_POINT('',(-5.559544288741,3.570740467341,1.902561466433
    ));
#213 = CARTESIAN_POINT('',(-5.873665353698,3.026344965745,1.92303859741)
  );
#214 = CARTESIAN_POINT('',(-6.016327162689,2.745989152165,1.933263763003
    ));
#215 = CARTESIAN_POINT('',(-6.144291924154,2.45854520438,1.943459749699)
  );
#216 = CARTESIAN_POINT('',(-6.257116534353,2.163065945721,1.953807007963
    ));
#217 = CARTESIAN_POINT('',(-6.354339144426,1.866846675289,1.963666141788
    ));
#218 = CARTESIAN_POINT('',(-6.437215957451,1.557149075966,1.974433938936
    ));
#219 = CARTESIAN_POINT('',(-6.501000601589,1.251979912724,1.984293034656
    ));
#220 = CARTESIAN_POINT('',(-6.550863236972,0.939646768787,1.994640309809
    ));
#221 = CARTESIAN_POINT('',(-6.583607481007,0.626714446315,2.004836295843
    ));
#222 = CARTESIAN_POINT('',(-6.600076821185,0.312579810668,2.015061466433
    ));
#223 = CARTESIAN_POINT('',(-6.599915892503,-0.315941055899,2.03553859741
    ));
#224 = CARTESIAN_POINT('',(-6.58328673645,-0.630067217054,2.045763763003
    ));
#225 = CARTESIAN_POINT('',(-6.550385496773,-0.94298335873,2.0559597497)
  );
#226 = CARTESIAN_POINT('',(-6.500354846053,-1.255288208124,
    2.066307007963));
#227 = CARTESIAN_POINT('',(-6.436442460975,-1.560432926439,
    2.076166141789));
#228 = CARTESIAN_POINT('',(-6.353367086787,-1.870077321463,
    2.086933938934));
#229 = CARTESIAN_POINT('',(-6.256021627353,-2.166253891345,
    2.096793034657));
#230 = CARTESIAN_POINT('',(-6.143037364331,-2.461673646134,
    2.107140309808));
#231 = CARTESIAN_POINT('',(-6.014928550254,-2.749053109076,
    2.117336295843));
#232 = CARTESIAN_POINT('',(-5.872124099409,-3.029336353844,
    2.127561466433));
#233 = CARTESIAN_POINT('',(-5.636324248202,-3.43751228353,2.142919314666
    ));
#234 = CARTESIAN_POINT('',(-5.554158184959,-3.571473269526,
    2.148035247436));
#235 = CARTESIAN_POINT('',(-5.468497317639,-3.703248312748,
    2.153148532194));
#236 = CARTESIAN_POINT('',(-5.3794121118,-3.832749062924,2.158259902864)
  );
#237 = CARTESIAN_POINT('',(-5.286972271135,-3.959887000005,
    2.163370116168));
#238 = CARTESIAN_POINT('',(-5.191246818775,-4.084573329106,
    2.168479942469));
#239 = CARTESIAN_POINT('',(-5.092304178646,-4.206718875466,
    2.173590156607));
#240 = CARTESIAN_POINT('',(-4.990212256756,-4.32623397938,2.178701528734
    ));
#241 = CARTESIAN_POINT('',(-4.885038522556,-4.443028391167,
    2.183814815158));
#242 = CARTESIAN_POINT('',(-4.77685009024,-4.557011166103,2.188930749177
    ));
#243 = CARTESIAN_POINT('',(-4.443441219769,-4.890249345931,2.20428859741
    ));
#244 = CARTESIAN_POINT('',(-4.209561892057,-5.100611495621,
    2.214513763003));
#245 = CARTESIAN_POINT('',(-3.96503207665,-5.298611931659,2.224709749699
    ));
#246 = CARTESIAN_POINT('',(-3.708822187456,-5.484067796068,
    2.235057007963));
#247 = CARTESIAN_POINT('',(-3.447859407,-5.654644814747,2.244916141789)
  );
#248 = CARTESIAN_POINT('',(-3.170164595086,-5.814853305781,
    2.255683938935));
#249 = CARTESIAN_POINT('',(-2.891902499609,-5.955448132295,
    2.265543034657));
#250 = CARTESIAN_POINT('',(-2.603117249151,-6.084449505649,
    2.275890309808));
#251 = CARTESIAN_POINT('',(-2.309322670968,-6.197070861507,
    2.286086295843));
#252 = CARTESIAN_POINT('',(-2.010154492363,-6.294283048959,
    2.296311466433));
#253 = CARTESIAN_POINT('',(-1.403008303577,-6.456800774301,2.31678859741
    ));
#254 = CARTESIAN_POINT('',(-1.095281789514,-6.522040076072,
    2.327013763003));
#255 = CARTESIAN_POINT('',(-0.78451253937,-6.571248575935,2.337209749699
    ));
#256 = CARTESIAN_POINT('',(-0.469900334421,-6.603753121203,
    2.347557007963));
#257 = CARTESIAN_POINT('',(-0.158611427767,-6.620995762444,
    2.357416141789));
#258 = CARTESIAN_POINT('',(0.161983579369,-6.620892979633,2.368183938935
    ));
#259 = CARTESIAN_POINT('',(0.473263036218,-6.60352062329,2.378043034657)
  );
#260 = CARTESIAN_POINT('',(0.78785908603,-6.570846464512,2.388390309808)
  );
#261 = CARTESIAN_POINT('',(1.09860333216,-6.521482130601,2.398586295843)
  );
#262 = CARTESIAN_POINT('',(1.406296668562,-6.45608626519,2.408811466433)
  );
#263 = CARTESIAN_POINT('',(2.013359554532,-6.293257649508,2.42928859741)
  );
#264 = CARTESIAN_POINT('',(2.312478184015,-6.195893285135,2.439513763003
    ));
#265 = CARTESIAN_POINT('',(2.606216499286,-6.083124471028,2.449709749699
    ));
#266 = CARTESIAN_POINT('',(2.894930933746,-5.953968130492,2.460057007963
    ));
#267 = CARTESIAN_POINT('',(3.173136355447,-5.81325624251,2.469916141789)
  );
#268 = CARTESIAN_POINT('',(3.450728384545,-5.652869726415,2.480683938935
    ));
#269 = CARTESIAN_POINT('',(3.711618123682,-5.482185096074,2.490543034657
    ));
#270 = CARTESIAN_POINT('',(3.96772921536,-5.29659041962,2.500890309808)
  );
#271 = CARTESIAN_POINT('',(4.212159459633,-5.098467529347,2.511086295843
    ));
#272 = CARTESIAN_POINT('',(4.445931772827,-4.887986380397,2.521311466433
    ));
#273 = CARTESIAN_POINT('',(4.890249345931,-4.443441219769,2.54178859741)
  );
#274 = CARTESIAN_POINT('',(5.100611495622,-4.209561892057,2.552013763003
    ));
#275 = CARTESIAN_POINT('',(5.298611931657,-3.965032076651,2.562209749699
    ));
#276 = CARTESIAN_POINT('',(5.484067796073,-3.708822187454,2.572557007963
    ));
#277 = CARTESIAN_POINT('',(5.654644814742,-3.447859407002,2.582416141789
    ));
#278 = CARTESIAN_POINT('',(5.814853305785,-3.170164595084,2.593183938935
    ));
#279 = CARTESIAN_POINT('',(5.955448132292,-2.891902499609,2.603043034657
    ));
#280 = CARTESIAN_POINT('',(6.08444950565,-2.603117249151,2.613390309808)
  );
#281 = CARTESIAN_POINT('',(6.197070861507,-2.309322670968,2.623586295843
    ));
#282 = CARTESIAN_POINT('',(6.294283048959,-2.010154492363,2.633811466433
    ));
#283 = CARTESIAN_POINT('',(6.456800774301,-1.403008303577,2.65428859741)
  );
#284 = CARTESIAN_POINT('',(6.522040076072,-1.095281789514,2.664513763003
    ));
#285 = CARTESIAN_POINT('',(6.571248575936,-0.78451253937,2.674709749699)
  );
#286 = CARTESIAN_POINT('',(6.603753121201,-0.469900334421,2.685057007963
    ));
#287 = CARTESIAN_POINT('',(6.620995762447,-0.158611427766,2.694916141789
    ));
#288 = CARTESIAN_POINT('',(6.62089297963,0.161983579369,2.705683938935)
  );
#289 = CARTESIAN_POINT('',(6.603520623291,0.473263036218,2.715543034657)
  );
#290 = CARTESIAN_POINT('',(6.570846464511,0.78785908603,2.725890309808)
  );
#291 = CARTESIAN_POINT('',(6.521482130601,1.09860333216,2.736086295843)
  );
#292 = CARTESIAN_POINT('',(6.456086265189,1.406296668562,2.746311466433)
  );
#293 = CARTESIAN_POINT('',(6.293257649508,2.013359554532,2.76678859741)
  );
#294 = CARTESIAN_POINT('',(6.195893285134,2.312478184014,2.777013763003)
  );
#295 = CARTESIAN_POINT('',(6.083124471031,2.606216499286,2.787209749699)
  );
#296 = CARTESIAN_POINT('',(5.953968130486,2.894930933745,2.797557007963)
  );
#297 = CARTESIAN_POINT('',(5.813256242518,3.173136355447,2.807416141789)
  );
#298 = CARTESIAN_POINT('',(5.652869726407,3.450728384545,2.818183938935)
  );
#299 = CARTESIAN_POINT('',(5.482185096081,3.711618123682,2.828043034657)
  );
#300 = CARTESIAN_POINT('',(5.296590419616,3.967729215361,2.838390309808)
  );
#301 = CARTESIAN_POINT('',(5.098467529348,4.212159459633,2.848586295843)
  );
#302 = CARTESIAN_POINT('',(4.887986380397,4.445931772827,2.858811466433)
  );
#303 = CARTESIAN_POINT('',(4.443441219769,4.890249345931,2.87928859741)
  );
#304 = CARTESIAN_POINT('',(4.209561892057,5.100611495621,2.889513763003)
  );
#305 = CARTESIAN_POINT('',(3.96503207665,5.298611931658,2.899709749699)
  );
#306 = CARTESIAN_POINT('',(3.708822187456,5.484067796071,2.910057007963)
  );
#307 = CARTESIAN_POINT('',(3.447859407,5.654644814744,2.919916141789));
#308 = CARTESIAN_POINT('',(3.170164595085,5.814853305784,2.930683938935)
  );
#309 = CARTESIAN_POINT('',(2.891902499609,5.955448132292,2.940543034657)
  );
#310 = CARTESIAN_POINT('',(2.603117249151,6.08444950565,2.950890309808)
  );
#311 = CARTESIAN_POINT('',(2.309322670968,6.197070861507,2.961086295843)
  );
#312 = CARTESIAN_POINT('',(2.010154492363,6.294283048959,2.971311466433)
  );
#313 = CARTESIAN_POINT('',(1.554794850774,6.416171342965,2.986669314666)
  );
#314 = CARTESIAN_POINT('',(1.401969948659,6.452795884076,2.991785247436)
  );
#315 = CARTESIAN_POINT('',(1.248219541841,6.485403530565,2.996898532194)
  );
#316 = CARTESIAN_POINT('',(1.093655930072,6.51398163603,3.002009902863)
  );
#317 = CARTESIAN_POINT('',(0.938390994428,6.538516895301,3.007120116168)
  );
#318 = CARTESIAN_POINT('',(0.782536329105,6.558995327634,3.012229942469)
  );
#319 = CARTESIAN_POINT('',(0.626203373198,6.575402259972,3.017340156607)
  );
#320 = CARTESIAN_POINT('',(0.469503542494,6.587722310132,3.022451528734)
  );
#321 = CARTESIAN_POINT('',(0.312548361259,6.595939370055,3.027564815158)
  );
#322 = CARTESIAN_POINT('',(0.155449594026,6.600036589014,3.032680749177)
  );
#323 = CARTESIAN_POINT('',(-0.315941055899,6.599915892503,3.04803859741)
  );
#324 = CARTESIAN_POINT('',(-0.630067217054,6.583286736449,3.058263763003
    ));
#325 = CARTESIAN_POINT('',(-0.94298335873,6.550385496775,3.068459749699)
  );
#326 = CARTESIAN_POINT('',(-1.255288208124,6.50035484605,3.078807007963)
  );
#327 = CARTESIAN_POINT('',(-1.560432926439,6.43644246098,3.088666141789)
  );
#328 = CARTESIAN_POINT('',(-1.870077321463,6.353367086782,3.099433938935
    ));
#329 = CARTESIAN_POINT('',(-2.166253891345,6.256021627357,3.109293034657
    ));
#330 = CARTESIAN_POINT('',(-2.461673646134,6.143037364328,3.119640309808
    ));
#331 = CARTESIAN_POINT('',(-2.749053109076,6.014928550255,3.129836295843
    ));
#332 = CARTESIAN_POINT('',(-3.029336353844,5.872124099408,3.140061466433
    ));
#333 = CARTESIAN_POINT('',(-3.573570926758,5.557724297799,3.16053859741)
  );
#334 = CARTESIAN_POINT('',(-3.837297584285,5.386259945636,3.170763763003
    ));
#335 = CARTESIAN_POINT('',(-4.091840292392,5.201308565422,3.180959749699
    ));
#336 = CARTESIAN_POINT('',(-4.337288900332,5.001828326233,3.191307007963
    ));
#337 = CARTESIAN_POINT('',(-4.569595785686,4.793906217983,3.201166141789
    ));
#338 = CARTESIAN_POINT('',(-4.79621801082,4.567138635993,3.211933938935)
  );
#339 = CARTESIAN_POINT('',(-5.004041714629,4.334746710241,3.221793034657
    ));
#340 = CARTESIAN_POINT('',(-5.203390595543,4.089189590839,3.232140309808
    ));
#341 = CARTESIAN_POINT('',(-5.38821410394,3.834554371931,3.242336295843)
  );
#342 = CARTESIAN_POINT('',(-5.559544288741,3.570740467341,3.252561466433
    ));
#343 = CARTESIAN_POINT('',(-5.873665353698,3.026344965745,3.27303859741)
  );
#344 = CARTESIAN_POINT('',(-6.016327162689,2.745989152164,3.283263763003
    ));
#345 = CARTESIAN_POINT('',(-6.144291924153,2.458545204381,3.293459749699
    ));
#346 = CARTESIAN_POINT('',(-6.257116534355,2.16306594572,3.303807007963)
  );
#347 = CARTESIAN_POINT('',(-6.354339144423,1.86684667529,3.313666141789)
  );
#348 = CARTESIAN_POINT('',(-6.437215957453,1.557149075966,3.324433938935
    ));
#349 = CARTESIAN_POINT('',(-6.501000601587,1.251979912724,3.334293034657
    ));
#350 = CARTESIAN_POINT('',(-6.550863236973,0.939646768787,3.344640309808
    ));
#351 = CARTESIAN_POINT('',(-6.583607481007,0.626714446315,3.354836295843
    ));
#352 = CARTESIAN_POINT('',(-6.600076821185,0.312579810668,3.365061466433
    ));
#353 = CARTESIAN_POINT('',(-6.599915892503,-0.315941055899,3.38553859741
    ));
#354 = CARTESIAN_POINT('',(-6.583286736449,-0.630067217054,
    3.395763763003));
#355 = CARTESIAN_POINT('',(-6.550385496775,-0.94298335873,3.405959749699
    ));
#356 = CARTESIAN_POINT('',(-6.50035484605,-1.255288208123,3.416307007963
    ));
#357 = CARTESIAN_POINT('',(-6.436442460979,-1.56043292644,3.426166141789
    ));
#358 = CARTESIAN_POINT('',(-6.353367086782,-1.870077321461,
    3.436933938935));
#359 = CARTESIAN_POINT('',(-6.256021627357,-2.166253891346,
    3.446793034657));
#360 = CARTESIAN_POINT('',(-6.143037364328,-2.461673646133,
    3.457140309808));
#361 = CARTESIAN_POINT('',(-6.014928550255,-2.749053109076,
    3.467336295843));
#362 = CARTESIAN_POINT('',(-5.872124099409,-3.029336353844,
    3.477561466433));
#363 = CARTESIAN_POINT('',(-5.557724297799,-3.573570926758,3.49803859741
    ));
#364 = CARTESIAN_POINT('',(-5.386259945636,-3.837297584285,
    3.508263763003));
#365 = CARTESIAN_POINT('',(-5.201308565422,-4.091840292392,
    3.518459749699));
#366 = CARTESIAN_POINT('',(-5.001828326234,-4.337288900332,
    3.528807007963));
#367 = CARTESIAN_POINT('',(-4.793906217981,-4.569595785687,
    3.538666141789));
#368 = CARTESIAN_POINT('',(-4.567138635995,-4.796218010819,
    3.549433938935));
#369 = CARTESIAN_POINT('',(-4.334746710239,-5.00404171463,3.559293034657
    ));
#370 = CARTESIAN_POINT('',(-4.089189590841,-5.203390595543,
    3.569640309808));
#371 = CARTESIAN_POINT('',(-3.83455437193,-5.38821410394,3.579836295843)
  );
#372 = CARTESIAN_POINT('',(-3.570740467341,-5.559544288741,
    3.590061466433));
#373 = CARTESIAN_POINT('',(-3.026344965745,-5.873665353698,3.61053859741
    ));
#374 = CARTESIAN_POINT('',(-2.745989152165,-6.01632716269,3.620763763003
    ));
#375 = CARTESIAN_POINT('',(-2.458545204381,-6.144291924152,
    3.630959749699));
#376 = CARTESIAN_POINT('',(-2.16306594572,-6.257116534356,3.641307007963
    ));
#377 = CARTESIAN_POINT('',(-1.866846675289,-6.354339144422,
    3.651166141789));
#378 = CARTESIAN_POINT('',(-1.557149075966,-6.437215957454,
    3.661933938935));
#379 = CARTESIAN_POINT('',(-1.251979912724,-6.501000601587,
    3.671793034657));
#380 = CARTESIAN_POINT('',(-0.939646768787,-6.550863236973,
    3.682140309808));
#381 = CARTESIAN_POINT('',(-0.626714446315,-6.583607481007,
    3.692336295843));
#382 = CARTESIAN_POINT('',(-0.312579810668,-6.600076821185,
    3.702561466433));
#383 = CARTESIAN_POINT('',(0.158810839257,-6.599956124674,3.717919314666
    ));
#384 = CARTESIAN_POINT('',(0.315907487867,-6.595778719575,3.723035247436
    ));
#385 = CARTESIAN_POINT('',(0.472858456542,-6.587481753976,3.728148532194
    ));
#386 = CARTESIAN_POINT('',(0.629551998923,-6.575082077707,3.733259902864
    ));
#387 = CARTESIAN_POINT('',(0.785876602553,-6.558595795909,3.738370116168
    ));
#388 = CARTESIAN_POINT('',(0.941720857238,-6.538038286928,3.74347994247)
  );
#389 = CARTESIAN_POINT('',(1.09697332341,-6.513424220237,3.748590156606)
  );
#390 = CARTESIAN_POINT('',(1.25152240048,-6.484767574317,3.753701528734)
  );
#391 = CARTESIAN_POINT('',(1.405256195208,-6.452081654582,3.758814815158
    ));
#392 = CARTESIAN_POINT('',(1.558062390054,-6.415379111269,3.763930749177
    ));
#393 = CARTESIAN_POINT('',(2.013359554532,-6.293257649508,3.77928859741)
  );
#394 = CARTESIAN_POINT('',(2.312478184014,-6.195893285135,3.789513763003
    ));
#395 = CARTESIAN_POINT('',(2.606216499286,-6.08312447103,3.799709749699)
  );
#396 = CARTESIAN_POINT('',(2.894930933745,-5.953968130488,3.810057007963
    ));
#397 = CARTESIAN_POINT('',(3.173136355447,-5.813256242515,3.819916141789
    ));
#398 = CARTESIAN_POINT('',(3.450728384545,-5.65286972641,3.830683938935)
  );
#399 = CARTESIAN_POINT('',(3.711618123682,-5.482185096079,3.840543034657
    ));
#400 = CARTESIAN_POINT('',(3.967729215361,-5.296590419617,3.850890309808
    ));
#401 = CARTESIAN_POINT('',(4.212159459633,-5.098467529348,3.861086295843
    ));
#402 = CARTESIAN_POINT('',(4.445931772827,-4.887986380397,3.871311466433
    ));
#403 = CARTESIAN_POINT('',(4.890249345931,-4.443441219769,3.89178859741)
  );
#404 = CARTESIAN_POINT('',(5.100611495621,-4.209561892057,3.902013763003
    ));
#405 = CARTESIAN_POINT('',(5.298611931658,-3.96503207665,3.912209749699)
  );
#406 = CARTESIAN_POINT('',(5.484067796071,-3.708822187456,3.922557007963
    ));
#407 = CARTESIAN_POINT('',(5.654644814744,-3.447859407,3.932416141789));
#408 = CARTESIAN_POINT('',(5.814853305784,-3.170164595086,3.943183938935
    ));
#409 = CARTESIAN_POINT('',(5.955448132293,-2.891902499608,3.953043034657
    ));
#410 = CARTESIAN_POINT('',(6.08444950565,-2.603117249151,3.963390309808)
  );
#411 = CARTESIAN_POINT('',(6.197070861507,-2.309322670968,3.973586295843
    ));
#412 = CARTESIAN_POINT('',(6.294283048959,-2.010154492363,3.983811466433
    ));
#413 = CARTESIAN_POINT('',(6.456800774301,-1.403008303577,4.00428859741)
  );
#414 = CARTESIAN_POINT('',(6.522040076071,-1.095281789514,4.014513763003
    ));
#415 = CARTESIAN_POINT('',(6.571248575938,-0.784512539371,4.024709749699
    ));
#416 = CARTESIAN_POINT('',(6.603753121198,-0.46990033442,4.035057007963)
  );
#417 = CARTESIAN_POINT('',(6.620995762451,-0.158611427768,4.044916141789
    ));
#418 = CARTESIAN_POINT('',(6.620892979627,0.16198357937,4.055683938935)
  );
#419 = CARTESIAN_POINT('',(6.603520623294,0.473263036217,4.065543034657)
  );
#420 = CARTESIAN_POINT('',(6.57084646451,0.78785908603,4.075890309808));
#421 = CARTESIAN_POINT('',(6.521482130602,1.09860333216,4.086086295843)
  );
#422 = CARTESIAN_POINT('',(6.456086265189,1.406296668562,4.096311466433)
  );
#423 = CARTESIAN_POINT('',(6.293257649508,2.013359554532,4.11678859741)
  );
#424 = CARTESIAN_POINT('',(6.195893285135,2.312478184014,4.127013763003)
  );
#425 = CARTESIAN_POINT('',(6.083124471029,2.606216499286,4.1372097497));
#426 = CARTESIAN_POINT('',(5.95396813049,2.894930933745,4.147557007963)
  );
#427 = CARTESIAN_POINT('',(5.813256242513,3.173136355447,4.157416141789)
  );
#428 = CARTESIAN_POINT('',(5.652869726412,3.450728384544,4.168183938935)
  );
#429 = CARTESIAN_POINT('',(5.482185096077,3.711618123683,4.178043034657)
  );
#430 = CARTESIAN_POINT('',(5.296590419618,3.96772921536,4.188390309808)
  );
#431 = CARTESIAN_POINT('',(5.098467529347,4.212159459634,4.198586295843)
  );
#432 = CARTESIAN_POINT('',(4.887986380397,4.445931772827,4.208811466433)
  );
#433 = CARTESIAN_POINT('',(4.443441219769,4.890249345931,4.22928859741)
  );
#434 = CARTESIAN_POINT('',(4.209561892057,5.100611495621,4.239513763003)
  );
#435 = CARTESIAN_POINT('',(3.965032076651,5.29861193166,4.2497097497));
#436 = CARTESIAN_POINT('',(3.708822187454,5.484067796067,4.260057007963)
  );
#437 = CARTESIAN_POINT('',(3.447859407001,5.65464481475,4.269916141789)
  );
#438 = CARTESIAN_POINT('',(3.170164595084,5.814853305778,4.280683938935)
  );
#439 = CARTESIAN_POINT('',(2.89190249961,5.955448132297,4.290543034657)
  );
#440 = CARTESIAN_POINT('',(2.603117249151,6.084449505647,4.300890309808)
  );
#441 = CARTESIAN_POINT('',(2.309322670968,6.197070861508,4.311086295843)
  );
#442 = CARTESIAN_POINT('',(2.010154492363,6.294283048959,4.321311466433)
  );
#443 = CARTESIAN_POINT('',(1.403008303577,6.456800774301,4.34178859741)
  );
#444 = CARTESIAN_POINT('',(1.095281789514,6.522040076071,4.352013763003)
  );
#445 = CARTESIAN_POINT('',(0.78451253937,6.571248575937,4.3622097497));
#446 = CARTESIAN_POINT('',(0.469900334421,6.603753121199,4.372557007963)
  );
#447 = CARTESIAN_POINT('',(0.158611427767,6.620995762449,4.382416141789)
  );
#448 = CARTESIAN_POINT('',(-0.161983579369,6.620892979628,4.393183938934
    ));
#449 = CARTESIAN_POINT('',(-0.473263036218,6.603520623293,4.403043034658
    ));
#450 = CARTESIAN_POINT('',(-0.78785908603,6.570846464511,4.413390309808)
  );
#451 = CARTESIAN_POINT('',(-1.09860333216,6.521482130602,4.423586295843)
  );
#452 = CARTESIAN_POINT('',(-1.406296668562,6.456086265189,4.433811466433
    ));
#453 = CARTESIAN_POINT('',(-2.013359554532,6.293257649508,4.45428859741)
  );
#454 = CARTESIAN_POINT('',(-2.312478184015,6.195893285135,4.464513763003
    ));
#455 = CARTESIAN_POINT('',(-2.606216499285,6.08312447103,4.474709749699)
  );
#456 = CARTESIAN_POINT('',(-2.894930933747,5.953968130488,4.485057007963
    ));
#457 = CARTESIAN_POINT('',(-3.173136355445,5.813256242515,4.494916141788
    ));
#458 = CARTESIAN_POINT('',(-3.450728384547,5.65286972641,4.505683938935)
  );
#459 = CARTESIAN_POINT('',(-3.711618123681,5.482185096078,4.515543034657
    ));
#460 = CARTESIAN_POINT('',(-3.967729215361,5.296590419618,4.525890309808
    ));
#461 = CARTESIAN_POINT('',(-4.212159459633,5.098467529347,4.536086295843
    ));
#462 = CARTESIAN_POINT('',(-4.445931772827,4.887986380397,4.546311466433
    ));
#463 = CARTESIAN_POINT('',(-4.890249345931,4.443441219769,4.56678859741)
  );
#464 = CARTESIAN_POINT('',(-5.100611495621,4.209561892057,4.577013763003
    ));
#465 = CARTESIAN_POINT('',(-5.298611931659,3.965032076651,4.587209749699
    ));
#466 = CARTESIAN_POINT('',(-5.484067796068,3.708822187455,4.597557007963
    ));
#467 = CARTESIAN_POINT('',(-5.654644814748,3.447859407001,4.607416141789
    ));
#468 = CARTESIAN_POINT('',(-5.814853305779,3.170164595085,4.618183938935
    ));
#469 = CARTESIAN_POINT('',(-5.955448132296,2.891902499609,4.628043034657
    ));
#470 = CARTESIAN_POINT('',(-6.084449505648,2.603117249151,4.638390309808
    ));
#471 = CARTESIAN_POINT('',(-6.197070861508,2.309322670967,4.648586295843
    ));
#472 = CARTESIAN_POINT('',(-6.294283048959,2.010154492363,4.658811466433
    ));
#473 = CARTESIAN_POINT('',(-6.416171342965,1.554794850773,4.674169314666
    ));
#474 = CARTESIAN_POINT('',(-6.452795884076,1.40196994866,4.679285247436)
  );
#475 = CARTESIAN_POINT('',(-6.485403530563,1.248219541841,4.684398532193
    ));
#476 = CARTESIAN_POINT('',(-6.513981636034,1.093655930072,4.689509902865
    ));
#477 = CARTESIAN_POINT('',(-6.538516895295,0.938390994427,4.694620116166
    ));
#478 = CARTESIAN_POINT('',(-6.55899532764,0.782536329106,4.699729942471)
  );
#479 = CARTESIAN_POINT('',(-6.575402259968,0.626203373197,4.704840156605
    ));
#480 = CARTESIAN_POINT('',(-6.587722310134,0.469503542494,4.709951528735
    ));
#481 = CARTESIAN_POINT('',(-6.595939370054,0.312548361259,4.715064815157
    ));
#482 = CARTESIAN_POINT('',(-6.600036589014,0.155449594026,4.720180749177
    ));
#483 = CARTESIAN_POINT('',(-6.599915892503,-0.315941055899,4.73553859741
    ));
#484 = CARTESIAN_POINT('',(-6.58328673645,-0.630067217054,4.745763763003
    ));
#485 = CARTESIAN_POINT('',(-6.550385496774,-0.94298335873,4.7559597497)
  );
#486 = CARTESIAN_POINT('',(-6.500354846051,-1.255288208124,
    4.766307007962));
#487 = CARTESIAN_POINT('',(-6.436442460978,-1.560432926439,4.77616614179
    ));
#488 = CARTESIAN_POINT('',(-6.353367086784,-1.870077321463,
    4.786933938934));
#489 = CARTESIAN_POINT('',(-6.256021627355,-2.166253891345,
    4.796793034658));
#490 = CARTESIAN_POINT('',(-6.14303736433,-2.461673646133,4.807140309808
    ));
#491 = CARTESIAN_POINT('',(-6.014928550254,-2.749053109076,
    4.817336295843));
#492 = CARTESIAN_POINT('',(-5.872124099409,-3.029336353844,
    4.827561466433));
#493 = CARTESIAN_POINT('',(-5.557724297799,-3.573570926758,4.84803859741
    ));
#494 = CARTESIAN_POINT('',(-5.386259945637,-3.837297584285,
    4.858263763003));
#495 = CARTESIAN_POINT('',(-5.20130856542,-4.091840292392,4.868459749699
    ));
#496 = CARTESIAN_POINT('',(-5.001828326237,-4.337288900333,
    4.878807007963));
#497 = CARTESIAN_POINT('',(-4.793906217977,-4.569595785684,
    4.888666141789));
#498 = CARTESIAN_POINT('',(-4.567138635998,-4.796218010822,
    4.899433938935));
#499 = CARTESIAN_POINT('',(-4.334746710237,-5.004041714628,
    4.909293034657));
#500 = CARTESIAN_POINT('',(-4.089189590842,-5.203390595544,
    4.919640309808));
#501 = CARTESIAN_POINT('',(-3.83455437193,-5.388214103939,4.929836295843
    ));
#502 = CARTESIAN_POINT('',(-3.570740467341,-5.559544288741,
    4.940061466433));
#503 = CARTESIAN_POINT('',(-3.026344965745,-5.873665353698,4.96053859741
    ));
#504 = CARTESIAN_POINT('',(-2.745989152165,-6.01632716269,4.970763763003
    ));
#505 = CARTESIAN_POINT('',(-2.458545204381,-6.144291924152,4.9809597497)
  );
#506 = CARTESIAN_POINT('',(-2.163065945719,-6.257116534356,
    4.991307007962));
#507 = CARTESIAN_POINT('',(-1.866846675291,-6.354339144422,5.00116614179
    ));
#508 = CARTESIAN_POINT('',(-1.557149075964,-6.437215957454,
    5.011933938934));
#509 = CARTESIAN_POINT('',(-1.251979912725,-6.501000601587,
    5.021793034658));
#510 = CARTESIAN_POINT('',(-0.939646768787,-6.550863236973,
    5.032140309808));
#511 = CARTESIAN_POINT('',(-0.626714446315,-6.583607481007,
    5.042336295843));
#512 = CARTESIAN_POINT('',(-0.312579810668,-6.600076821185,
    5.052561466433));
#513 = CARTESIAN_POINT('',(0.158810839257,-6.599956124674,5.067919314666
    ));
#514 = CARTESIAN_POINT('',(0.315907487867,-6.595778719575,5.073035247436
    ));
#515 = CARTESIAN_POINT('',(0.472858456542,-6.587481753978,5.078148532195
    ));
#516 = CARTESIAN_POINT('',(0.629551998923,-6.575082077704,5.083259902862
    ));
#517 = CARTESIAN_POINT('',(0.785876602553,-6.558595795912,5.088370116169
    ));
#518 = CARTESIAN_POINT('',(0.941720857238,-6.538038286925,5.093479942468
    ));
#519 = CARTESIAN_POINT('',(1.09697332341,-6.51342422024,5.098590156608)
  );
#520 = CARTESIAN_POINT('',(1.25152240048,-6.484767574316,5.103701528733)
  );
#521 = CARTESIAN_POINT('',(1.405256195208,-6.452081654583,5.108814815158
    ));
#522 = CARTESIAN_POINT('',(1.558062390054,-6.415379111269,5.113930749177
    ));
#523 = CARTESIAN_POINT('',(2.013359554532,-6.293257649508,5.12928859741)
  );
#524 = CARTESIAN_POINT('',(2.312478184014,-6.195893285135,5.139513763003
    ));
#525 = CARTESIAN_POINT('',(2.606216499286,-6.083124471028,5.149709749699
    ));
#526 = CARTESIAN_POINT('',(2.894930933747,-5.953968130491,5.160057007964
    ));
#527 = CARTESIAN_POINT('',(3.173136355445,-5.813256242512,5.169916141787
    ));
#528 = CARTESIAN_POINT('',(3.450728384547,-5.652869726413,5.180683938936
    ));
#529 = CARTESIAN_POINT('',(3.711618123681,-5.482185096076,5.190543034656
    ));
#530 = CARTESIAN_POINT('',(3.967729215361,-5.296590419619,5.200890309809
    ));
#531 = CARTESIAN_POINT('',(4.212159459633,-5.098467529347,5.211086295842
    ));
#532 = CARTESIAN_POINT('',(4.445931772827,-4.887986380397,5.221311466433
    ));
#533 = CARTESIAN_POINT('',(4.890249345931,-4.443441219769,5.24178859741)
  );
#534 = CARTESIAN_POINT('',(5.100611495621,-4.209561892057,5.252013763003
    ));
#535 = CARTESIAN_POINT('',(5.298611931658,-3.965032076651,5.262209749699
    ));
#536 = CARTESIAN_POINT('',(5.48406779607,-3.708822187454,5.272557007963)
  );
#537 = CARTESIAN_POINT('',(5.654644814745,-3.447859407002,5.282416141788
    ));
#538 = CARTESIAN_POINT('',(5.814853305783,-3.170164595084,5.293183938935
    ));
#539 = CARTESIAN_POINT('',(5.955448132293,-2.89190249961,5.303043034657)
  );
#540 = CARTESIAN_POINT('',(6.084449505649,-2.603117249151,5.313390309809
    ));
#541 = CARTESIAN_POINT('',(6.197070861507,-2.309322670968,5.323586295843
    ));
#542 = CARTESIAN_POINT('',(6.294283048959,-2.010154492363,5.333811466433
    ));
#543 = CARTESIAN_POINT('',(6.456800774301,-1.403008303577,5.35428859741)
  );
#544 = CARTESIAN_POINT('',(6.522040076072,-1.095281789514,5.364513763003
    ));
#545 = CARTESIAN_POINT('',(6.571248575936,-0.784512539371,5.374709749699
    ));
#546 = CARTESIAN_POINT('',(6.603753121201,-0.46990033442,5.385057007964)
  );
#547 = CARTESIAN_POINT('',(6.620995762447,-0.158611427769,5.394916141787
    ));
#548 = CARTESIAN_POINT('',(6.620892979631,0.161983579371,5.405683938936)
  );
#549 = CARTESIAN_POINT('',(6.603520623291,0.473263036217,5.415543034656)
  );
#550 = CARTESIAN_POINT('',(6.570846464512,0.787859086031,5.425890309809)
  );
#551 = CARTESIAN_POINT('',(6.521482130601,1.09860333216,5.436086295842)
  );
#552 = CARTESIAN_POINT('',(6.45608626519,1.406296668562,5.446311466433)
  );
#553 = CARTESIAN_POINT('',(6.293257649508,2.013359554532,5.46678859741)
  );
#554 = CARTESIAN_POINT('',(6.195893285135,2.312478184014,5.477013763003)
  );
#555 = CARTESIAN_POINT('',(6.083124471028,2.606216499286,5.487209749699)
  );
#556 = CARTESIAN_POINT('',(5.953968130491,2.894930933745,5.497557007963)
  );
#557 = CARTESIAN_POINT('',(5.813256242512,3.173136355447,5.507416141789)
  );
#558 = CARTESIAN_POINT('',(5.652869726412,3.450728384545,5.518183938935)
  );
#559 = CARTESIAN_POINT('',(5.482185096076,3.711618123683,5.528043034657)
  );
#560 = CARTESIAN_POINT('',(5.296590419619,3.96772921536,5.538390309808)
  );
#561 = CARTESIAN_POINT('',(5.098467529347,4.212159459634,5.548586295843)
  );
#562 = CARTESIAN_POINT('',(4.887986380397,4.445931772827,5.558811466433)
  );
#563 = CARTESIAN_POINT('',(4.443441219769,4.890249345931,5.57928859741)
  );
#564 = CARTESIAN_POINT('',(4.209561892057,5.100611495622,5.589513763003)
  );
#565 = CARTESIAN_POINT('',(3.965032076651,5.298611931657,5.599709749699)
  );
#566 = CARTESIAN_POINT('',(3.708822187453,5.484067796072,5.610057007963)
  );
#567 = CARTESIAN_POINT('',(3.447859407003,5.654644814743,5.619916141788)
  );
#568 = CARTESIAN_POINT('',(3.170164595082,5.814853305785,5.630683938936)
  );
#569 = CARTESIAN_POINT('',(2.891902499611,5.955448132292,5.640543034657)
  );
#570 = CARTESIAN_POINT('',(2.60311724915,6.08444950565,5.650890309808));
#571 = CARTESIAN_POINT('',(2.309322670968,6.197070861507,5.661086295843)
  );
#572 = CARTESIAN_POINT('',(2.010154492363,6.294283048959,5.671311466433)
  );
#573 = CARTESIAN_POINT('',(1.403008303577,6.456800774301,5.69178859741)
  );
#574 = CARTESIAN_POINT('',(1.095281789514,6.522040076071,5.702013763003)
  );
#575 = CARTESIAN_POINT('',(0.784512539371,6.571248575937,5.7122097497));
#576 = CARTESIAN_POINT('',(0.46990033442,6.603753121199,5.722557007963)
  );
#577 = CARTESIAN_POINT('',(0.158611427767,6.620995762449,5.732416141789)
  );
#578 = CARTESIAN_POINT('',(-0.161983579369,6.620892979628,5.743183938935
    ));
#579 = CARTESIAN_POINT('',(-0.473263036218,6.603520623294,5.753043034657
    ));
#580 = CARTESIAN_POINT('',(-0.78785908603,6.57084646451,5.763390309808)
  );
#581 = CARTESIAN_POINT('',(-1.098603332161,6.521482130602,5.773586295843
    ));
#582 = CARTESIAN_POINT('',(-1.406296668562,6.456086265189,5.783811466433
    ));
#583 = CARTESIAN_POINT('',(-2.013359554532,6.293257649508,5.80428859741)
  );
#584 = CARTESIAN_POINT('',(-2.312478184014,6.195893285134,5.814513763003
    ));
#585 = CARTESIAN_POINT('',(-2.606216499287,6.08312447103,5.8247097497));
#586 = CARTESIAN_POINT('',(-2.894930933741,5.953968130487,5.835057007962
    ));
#587 = CARTESIAN_POINT('',(-3.173136355452,5.813256242514,5.844916141791
    ));
#588 = CARTESIAN_POINT('',(-3.450728384535,5.65286972641,5.855683938936)
  );
#589 = CARTESIAN_POINT('',(-3.711618123687,5.482185096081,5.865543034656
    ));
#590 = CARTESIAN_POINT('',(-3.967729215361,5.296590419619,5.875890309808
    ));
#591 = CARTESIAN_POINT('',(-4.212159459638,5.09846752935,5.886086295842)
  );
#592 = CARTESIAN_POINT('',(-4.445931772831,4.887986380397,5.896311466432
    ));
#593 = CARTESIAN_POINT('',(-4.779169952657,4.554577509921,5.911669314665
    ));
#594 = CARTESIAN_POINT('',(-4.887300186715,4.440539532913,5.916785247437
    ));
#595 = CARTESIAN_POINT('',(-4.992414440341,4.32369159801,5.921898532194)
  );
#596 = CARTESIAN_POINT('',(-5.094445611545,4.20412463645,5.927009902865)
  );
#597 = CARTESIAN_POINT('',(-5.193326237185,4.081928887499,5.932120116168
    ));
#598 = CARTESIAN_POINT('',(-5.288988412468,3.9571940042,5.937229942471)
  );
#599 = CARTESIAN_POINT('',(-5.381363710628,3.830009159105,5.942340156608
    ));
#600 = CARTESIAN_POINT('',(-5.470383102389,3.700463150031,5.947451528735
    ));
#601 = CARTESIAN_POINT('',(-5.555976875647,3.568644505791,5.952564815159
    ));
#602 = CARTESIAN_POINT('',(-5.638074554968,3.43464159195,5.957680749179)
  );
#603 = CARTESIAN_POINT('',(-5.873665353697,3.026344965774,5.97303859741)
  );
#604 = CARTESIAN_POINT('',(-6.016327162711,2.745989152202,5.983263762996
    ));
#605 = CARTESIAN_POINT('',(-6.144291924205,2.45854520446,5.993459749707)
  );
#606 = CARTESIAN_POINT('',(-6.257116534419,2.163065945528,6.003807007953
    ));
#607 = CARTESIAN_POINT('',(-6.354339144441,1.866846675748,6.013666141784
    ));
#608 = CARTESIAN_POINT('',(-6.437215957665,1.557149075404,6.024433938953
    ));
#609 = CARTESIAN_POINT('',(-6.501000601396,1.251979912734,6.034293034684
    ));
#610 = CARTESIAN_POINT('',(-6.550863236812,0.939646768591,6.044640309772
    ));
#611 = CARTESIAN_POINT('',(-6.583607480776,0.626714446219,6.054836295863
    ));
#612 = CARTESIAN_POINT('',(-6.600076821003,0.312579810699,6.065061466389
    ));
#613 = CARTESIAN_POINT('',(-6.599915892687,-0.315941055469,
    6.085538597387));
#614 = CARTESIAN_POINT('',(-6.583286736949,-0.63006721653,6.095763762962
    ));
#615 = CARTESIAN_POINT('',(-6.5503854979,-0.942983357763,6.10595975017)
  );
#616 = CARTESIAN_POINT('',(-6.500354845604,-1.255288210289,
    6.116307007033));
#617 = CARTESIAN_POINT('',(-6.436442464047,-1.56043292122,6.126166142914
    ));
#618 = CARTESIAN_POINT('',(-6.353367085688,-1.870077328057,
    6.136933939646));
#619 = CARTESIAN_POINT('',(-6.256021625231,-2.166253891079,
    6.146793034518));
#620 = CARTESIAN_POINT('',(-6.143037361272,-2.46167364835,6.157140308987
    ));
#621 = CARTESIAN_POINT('',(-6.014928546993,-2.749053110207,
    6.167336295967));
#622 = CARTESIAN_POINT('',(-5.872124097395,-3.02933635379,6.177561465134
    ));
#623 = CARTESIAN_POINT('',(-5.557724302058,-3.573570922965,
    6.198038596652));
#624 = CARTESIAN_POINT('',(-5.386259954065,-3.837297579407,
    6.208263764398));
#625 = CARTESIAN_POINT('',(-5.201308582045,-4.091840284721,6.21845975651
    ));
#626 = CARTESIAN_POINT('',(-5.001828317139,-4.337288910713,
    6.228806993872));
#627 = CARTESIAN_POINT('',(-4.793906266033,-4.569595755272,
    6.238666159427));
#628 = CARTESIAN_POINT('',(-4.567138607788,-4.796218045051,
    6.249433966355));
#629 = CARTESIAN_POINT('',(-4.334746685617,-5.004041716936,6.25929301099
    ));
#630 = CARTESIAN_POINT('',(-4.089189549081,-5.20339061257,6.269640310605
    ));
#631 = CARTESIAN_POINT('',(-3.834554328272,-5.388214117937,
    6.279836284574));
#632 = CARTESIAN_POINT('',(-3.57074043846,-5.559544296787,6.290061450064
    ));
#633 = CARTESIAN_POINT('',(-3.298542724238,-5.716604816838,
    6.300300010459));
#634 = CARTESIAN_POINT('',(-3.026345010694,-5.873665336481,6.31053859367
    ));
#635 = CARTESIAN_POINT('',(-2.745989249961,-6.016327129791,6.32076377802
    ));
#636 = CARTESIAN_POINT('',(-2.458545374321,-6.144291868327,
    6.330959880396));
#637 = CARTESIAN_POINT('',(-2.163066034337,-6.257116507491,6.34130674528
    ));
#638 = CARTESIAN_POINT('',(-1.866846876448,-6.354339078114,6.35116650264
    ));
#639 = CARTESIAN_POINT('',(-1.557149281708,-6.437215877767,6.36193427036
    ));
#640 = CARTESIAN_POINT('',(-1.251979538554,-6.501000734848,
    6.371792692747));
#641 = CARTESIAN_POINT('',(-0.93964635384,-6.55086338803,6.382140309246)
  );
#642 = CARTESIAN_POINT('',(-0.626713876287,-6.583607684955,
    6.392336132647));
#643 = CARTESIAN_POINT('',(-0.312579293692,-6.600076984578,
    6.402561242252));
#644 = CARTESIAN_POINT('',(1.680839712089E-03,-6.59999635614,
    6.412799753795));
#645 = CARTESIAN_POINT('',(0.315940962449,-6.599915727517,6.423038573145
    ));
#646 = CARTESIAN_POINT('',(0.630066409477,-6.583286285536,6.43326398611)
  );
#647 = CARTESIAN_POINT('',(0.942982042384,-6.550384332201,6.443461405871
    ));
#648 = CARTESIAN_POINT('',(1.255283399615,-6.500355873729,6.453803599194
    ));
#649 = CARTESIAN_POINT('',(1.560437701007,-6.436438380485,6.463671245099
    ));
#650 = CARTESIAN_POINT('',(1.870063569785,-6.353369320864,6.4744367541)
  );
#651 = CARTESIAN_POINT('',(2.166260543703,-6.256023811993,6.484289289628
    ));
#652 = CARTESIAN_POINT('',(2.461677224376,-6.143040878828,6.494640185605
    ));
#653 = CARTESIAN_POINT('',(2.749060892634,-6.014931912647,6.50483452877)
  );
#654 = CARTESIAN_POINT('',(3.029344972226,-5.872125348837,6.515059237786
    ));
#655 = CARTESIAN_POINT('',(3.301459650038,-5.714920697262,6.525297486518
    ));
#656 = CARTESIAN_POINT('',(3.573574236856,-5.557716096152,6.535538737165
    ));
#657 = CARTESIAN_POINT('',(3.837290286521,-5.386247026699,6.54576623164)
  );
#658 = CARTESIAN_POINT('',(4.091824605485,-5.201276981228,6.55597437265)
  );
#659 = CARTESIAN_POINT('',(4.337213947022,-5.001895495296,6.566275642859
    ));
#660 = CARTESIAN_POINT('',(4.569676962352,-4.793736054117,6.576219406608
    ));
#661 = CARTESIAN_POINT('',(4.795991010484,-4.567324313314,6.586937474172
    ));
#662 = CARTESIAN_POINT('',(5.004148358054,-4.334762046596,6.596769012538
    ));
#663 = CARTESIAN_POINT('',(5.203442117052,-4.089274916012,6.607137429341
    ));
#664 = CARTESIAN_POINT('',(5.388327725284,-3.834606724958,6.617325342382
    ));
#665 = CARTESIAN_POINT('',(5.559661825975,-3.570733622198,6.627551220628
    ));
#666 = CARTESIAN_POINT('',(5.716667191475,-3.29843360348,6.63779261511)
  );
#667 = CARTESIAN_POINT('',(5.873672331753,-3.026133960327,6.648046643303
    ));
#668 = CARTESIAN_POINT('',(6.016172903505,-2.745715298437,6.658280025237
    ));
#669 = CARTESIAN_POINT('',(6.143947202289,-2.458039498965,6.668507712689
    ));
#670 = CARTESIAN_POINT('',(6.25663557687,-2.163995175233,6.67870547431)
  );
#671 = CARTESIAN_POINT('',(6.354039058004,-1.864482296177,6.688890986519
    ));
#672 = CARTESIAN_POINT('',(6.43598766262,-1.560331950125,6.699100169112)
  );
#673 = CARTESIAN_POINT('',(6.502166205703,-1.252281420333,6.709348284769
    ));
#674 = CARTESIAN_POINT('',(6.552097424196,-0.941042488052,6.719622918924
    ));
#675 = CARTESIAN_POINT('',(6.585294190935,-0.627418623225,6.729913553016
    ));
#676 = CARTESIAN_POINT('',(6.601404568644,-0.31234446732,6.740240041532)
  );
#677 = CARTESIAN_POINT('',(6.599985427442,3.361242916263E-03,
    6.750599899839));
#678 = PCURVE('',#679,#5230);
#679 = ( BOUNDED_SURFACE() B_SPLINE_SURFACE(6,11,(
    (#680,#681,#682,#683,#684,#685,#686,#687,#688,#689,#690,#691,#692
      ,#693,#694,#695,#696,#697,#698,#699,#700,#701,#702,#703,#704,#705
      ,#706,#707,#708,#709,#710,#711,#712,#713,#714,#715,#716,#717,#718
      ,#719,#720,#721,#722,#723,#724,#725,#726,#727,#728,#729,#730,#731
      ,#732,#733,#734,#735,#736,#737,#738,#739,#740,#741,#742,#743,#744
      ,#745,#746,#747,#748,#749,#750,#751,#752,#753,#754,#755,#756,#757
      ,#758,#759,#760,#761,#762,#763,#764,#765,#766,#767,#768,#769,#770
      ,#771,#772,#773,#774,#775,#776,#777,#778,#779,#780,#781,#782,#783
      ,#784,#785,#786,#787,#788,#789,#790,#791,#792,#793,#794,#795,#796
      ,#797,#798,#799,#800,#801,#802,#803,#804,#805,#806,#807,#808,#809
      ,#810,#811,#812,#813,#814,#815,#816,#817,#818,#819,#820,#821,#822
      ,#823,#824,#825,#826,#827,#828,#829,#830,#831,#832,#833,#834,#835
      ,#836,#837,#838,#839,#840,#841,#842,#843,#844,#845,#846,#847,#848
      ,#849,#850,#851,#852,#853,#854,#855,#856,#857,#858,#859,#860,#861
      ,#862,#863,#864,#865,#866,#867,#868,#869,#870,#871,#872,#873,#874
      ,#875,#876,#877,#878,#879,#880,#881,#882,#883,#884,#885,#886,#887
      ,#888,#889,#890,#891,#892,#893,#894,#895,#896,#897,#898,#899,#900
      ,#901,#902,#903,#904,#905,#906,#907,#908,#909,#910,#911,#912,#913
      ,#914,#915,#916,#917,#918,#919,#920,#921,#922,#923,#924,#925,#926
      ,#927,#928,#929,#930,#931,#932,#933,#934,#935,#936,#937,#938,#939
      ,#940,#941,#942,#943,#944,#945,#946,#947,#948,#949,#950,#951,#952
      ,#953,#954,#955,#956,#957,#958,#959,#960,#961,#962,#963,#964,#965
      ,#966,#967,#968,#969,#970,#971,#972,#973,#974,#975,#976,#977,#978
      ,#979,#980,#981,#982,#983,#984,#985,#986,#987,#988,#989,#990,#991
      ,#992,#993,#994,#995,#996,#997,#998,#999,#1000,#1001,#1002,#1003
      ,#1004,#1005,#1006,#1007,#1008,#1009,#1010,#1011,#1012,#1013,#1014
      ,#1015,#1016,#1017,#1018,#1019,#1020,#1021,#1022,#1023,#1024,#1025
      ,#1026,#1027,#1028,#1029,#1030,#1031,#1032,#1033,#1034,#1035,#1036
      ,#1037,#1038,#1039,#1040,#1041,#1042,#1043,#1044,#1045,#1046,#1047
      ,#1048,#1049,#1050,#1051,#1052,#1053,#1054,#1055,#1056,#1057,#1058
      ,#1059,#1060,#1061,#1062,#1063,#1064,#1065,#1066,#1067,#1068,#1069
      ,#1070,#1071,#1072,#1073,#1074,#1075,#1076,#1077,#1078,#1079,#1080
      ,#1081,#1082,#1083,#1084,#1085,#1086,#1087,#1088,#1089,#1090,#1091
      ,#1092,#1093,#1094,#1095,#1096,#1097,#1098,#1099,#1100,#1101,#1102
      ,#1103,#1104,#1105,#1106,#1107,#1108,#1109,#1110,#1111,#1112,#1113
      ,#1114,#1115,#1116,#1117,#1118,#1119,#1120,#1121,#1122,#1123,#1124
      ,#1125,#1126,#1127,#1128,#1129,#1130,#1131,#1132,#1133,#1134,#1135
      ,#1136,#1137,#1138,#1139,#1140,#1141,#1142,#1143,#1144,#1145,#1146
      ,#1147,#1148,#1149,#1150,#1151,#1152,#1153,#1154,#1155,#1156,#1157
      ,#1158,#1159,#1160,#1161,#1162,#1163,#1164,#1165,#1166,#1167,#1168
      ,#1169,#1170,#1171,#1172,#1173,#1174,#1175,#1176,#1177,#1178,#1179
      ,#1180,#1181,#1182,#1183,#1184,#1185,#1186,#1187,#1188,#1189,#1190
      ,#1191,#1192,#1193,#1194,#1195,#1196,#1197,#1198,#1199,#1200,#1201
      ,#1202,#1203,#1204,#1205,#1206,#1207,#1208,#1209,#1210,#1211,#1212
      ,#1213,#1214,#1215,#1216,#1217,#1218,#1219,#1220,#1221,#1222,#1223
      ,#1224,#1225,#1226,#1227,#1228,#1229,#1230,#1231,#1232,#1233,#1234
      ,#1235,#1236,#1237,#1238,#1239,#1240,#1241,#1242,#1243,#1244,#1245
      ,#1246,#1247,#1248,#1249,#1250,#1251,#1252,#1253,#1254,#1255,#1256
      ,#1257,#1258,#1259,#1260,#1261,#1262,#1263,#1264,#1265,#1266,#1267
      ,#1268,#1269,#1270,#1271,#1272,#1273,#1274,#1275,#1276,#1277,#1278
      ,#1279,#1280,#1281,#1282,#1283,#1284,#1285,#1286,#1287,#1288,#1289
      ,#1290,#1291,#1292,#1293,#1294,#1295,#1296,#1297,#1298,#1299,#1300
      ,#1301,#1302,#1303,#1304,#1305,#1306,#1307,#1308,#1309,#1310,#1311
      ,#1312,#1313,#1314,#1315,#1316,#1317,#1318,#1319,#1320,#1321,#1322
      ,#1323,#1324,#1325,#1326,#1327,#1328,#1329)
    ,(#1330,#1331,#1332,#1333,#1334,#1335,#1336,#1337,#1338,#1339,#1340
      ,#1341,#1342,#1343,#1344,#1345,#1346,#1347,#1348,#1349,#1350,#1351
      ,#1352,#1353,#1354,#1355,#1356,#1357,#1358,#1359,#1360,#1361,#1362
      ,#1363,#1364,#1365,#1366,#1367,#1368,#1369,#1370,#1371,#1372,#1373
      ,#1374,#1375,#1376,#1377,#1378,#1379,#1380,#1381,#1382,#1383,#1384
      ,#1385,#1386,#1387,#1388,#1389,#1390,#1391,#1392,#1393,#1394,#1395
      ,#1396,#1397,#1398,#1399,#1400,#1401,#1402,#1403,#1404,#1405,#1406
      ,#1407,#1408,#1409,#1410,#1411,#1412,#1413,#1414,#1415,#1416,#1417
      ,#1418,#1419,#1420,#1421,#1422,#1423,#1424,#1425,#1426,#1427,#1428
      ,#1429,#1430,#1431,#1432,#1433,#1434,#1435,#1436,#1437,#1438,#1439
      ,#1440,#1441,#1442,#1443,#1444,#1445,#1446,#1447,#1448,#1449,#1450
      ,#1451,#1452,#1453,#1454,#1455,#1456,#1457,#1458,#1459,#1460,#1461
      ,#1462,#1463,#1464,#1465,#1466,#1467,#1468,#1469,#1470,#1471,#1472
      ,#1473,#1474,#1475,#1476,#1477,#1478,#1479,#1480,#1481,#1482,#1483
      ,#1484,#1485,#1486,#1487,#1488,#1489,#1490,#1491,#1492,#1493,#1494
      ,#1495,#1496,#1497,#1498,#1499,#1500,#1501,#1502,#1503,#1504,#1505
      ,#1506,#1507,#1508,#1509,#1510,#1511,#1512,#1513,#1514,#1515,#1516
      ,#1517,#1518,#1519,#1520,#1521,#1522,#1523,#1524,#1525,#1526,#1527
      ,#1528,#1529,#1530,#1531,#1532,#1533,#1534,#1535,#1536,#1537,#1538
      ,#1539,#1540,#1541,#1542,#1543,#1544,#1545,#1546,#1547,#1548,#1549
      ,#1550,#1551,#1552,#1553,#1554,#1555,#1556,#1557,#1558,#1559,#1560
      ,#1561,#1562,#1563,#1564,#1565,#1566,#1567,#1568,#1569,#1570,#1571
      ,#1572,#1573,#1574,#1575,#1576,#1577,#1578,#1579,#1580,#1581,#1582
      ,#1583,#1584,#1585,#1586,#1587,#1588,#1589,#1590,#1591,#1592,#1593
      ,#1594,#1595,#1596,#1597,#1598,#1599,#1600,#1601,#1602,#1603,#1604
      ,#1605,#1606,#1607,#1608,#1609,#1610,#1611,#1612,#1613,#1614,#1615
      ,#1616,#1617,#1618,#1619,#1620,#1621,#1622,#1623,#1624,#1625,#1626
      ,#1627,#1628,#1629,#1630,#1631,#1632,#1633,#1634,#1635,#1636,#1637
      ,#1638,#1639,#1640,#1641,#1642,#1643,#1644,#1645,#1646,#1647,#1648
      ,#1649,#1650,#1651,#1652,#1653,#1654,#1655,#1656,#1657,#1658,#1659
      ,#1660,#1661,#1662,#1663,#1664,#1665,#1666,#1667,#1668,#1669,#1670
      ,#1671,#1672,#1673,#1674,#1675,#1676,#1677,#1678,#1679,#1680,#1681
      ,#1682,#1683,#1684,#1685,#1686,#1687,#1688,#1689,#1690,#1691,#1692
      ,#1693,#1694,#1695,#1696,#1697,#1698,#1699,#1700,#1701,#1702,#1703
      ,#1704,#1705,#1706,#1707,#1708,#1709,#1710,#1711,#1712,#1713,#1714
      ,#1715,#1716,#1717,#1718,#1719,#1720,#1721,#1722,#1723,#1724,#1725
      ,#1726,#1727,#1728,#1729,#1730,#1731,#1732,#1733,#1734,#1735,#1736
      ,#1737,#1738,#1739,#1740,#1741,#1742,#1743,#1744,#1745,#1746,#1747
      ,#1748,#1749,#1750,#1751,#1752,#1753,#1754,#1755,#1756,#1757,#1758
      ,#1759,#1760,#1761,#1762,#1763,#1764,#1765,#1766,#1767,#1768,#1769
      ,#1770,#1771,#1772,#1773,#1774,#1775,#1776,#1777,#1778,#1779,#1780
      ,#1781,#1782,#1783,#1784,#1785,#1786,#1787,#1788,#1789,#1790,#1791
      ,#1792,#1793,#1794,#1795,#1796,#1797,#1798,#1799,#1800,#1801,#1802
      ,#1803,#1804,#1805,#1806,#1807,#1808,#1809,#1810,#1811,#1812,#1813
      ,#1814,#1815,#1816,#1817,#1818,#1819,#1820,#1821,#1822,#1823,#1824
      ,#1825,#1826,#1827,#1828,#1829,#1830,#1831,#1832,#1833,#1834,#1835
      ,#1836,#1837,#1838,#1839,#1840,#1841,#1842,#1843,#1844,#1845,#1846
      ,#1847,#1848,#1849,#1850,#1851,#1852,#1853,#1854,#1855,#1856,#1857
      ,#1858,#1859,#1860,#1861,#1862,#1863,#1864,#1865,#1866,#1867,#1868
      ,#1869,#1870,#1871,#1872,#1873,#1874,#1875,#1876,#1877,#1878,#1879
      ,#1880,#1881,#1882,#1883,#1884,#1885,#1886,#1887,#1888,#1889,#1890
      ,#1891,#1892,#1893,#1894,#1895,#1896,#1897,#1898,#1899,#1900,#1901
      ,#1902,#1903,#1904,#1905,#1906,#1907,#1908,#1909,#1910,#1911,#1912
      ,#1913,#1914,#1915,#1916,#1917,#1918,#1919,#1920,#1921,#1922,#1923
      ,#1924,#1925,#1926,#1927,#1928,#1929,#1930,#1931,#1932,#1933,#1934
      ,#1935,#1936,#1937,#1938,#1939,#1940,#1941,#1942,#1943,#1944,#1945
      ,#1946,#1947,#1948,#1949,#1950,#1951,#1952,#1953,#1954,#1955,#1956
      ,#1957,#1958,#1959,#1960,#1961,#1962,#1963,#1964,#1965,#1966,#1967
      ,#1968,#1969,#1970,#1971,#1972,#1973,#1974,#1975,#1976,#1977,#1978
      ,#1979)
    ,(#1980,#1981,#1982,#1983,#1984,#1985,#1986,#1987,#1988,#1989,#1990
      ,#1991,#1992,#1993,#1994,#1995,#1996,#1997,#1998,#1999,#2000,#2001
      ,#2002,#2003,#2004,#2005,#2006,#2007,#2008,#2009,#2010,#2011,#2012
      ,#2013,#2014,#2015,#2016,#2017,#2018,#2019,#2020,#2021,#2022,#2023
      ,#2024,#2025,#2026,#2027,#2028,#2029,#2030,#2031,#2032,#2033,#2034
      ,#2035,#2036,#2037,#2038,#2039,#2040,#2041,#2042,#2043,#2044,#2045
      ,#2046,#2047,#2048,#2049,#2050,#2051,#2052,#2053,#2054,#2055,#2056
      ,#2057,#2058,#2059,#2060,#2061,#2062,#2063,#2064,#2065,#2066,#2067
      ,#2068,#2069,#2070,#2071,#2072,#2073,#2074,#2075,#2076,#2077,#2078
      ,#2079,#2080,#2081,#2082,#2083,#2084,#2085,#2086,#2087,#2088,#2089
      ,#2090,#2091,#2092,#2093,#2094,#2095,#2096,#2097,#2098,#2099,#2100
      ,#2101,#2102,#2103,#2104,#2105,#2106,#2107,#2108,#2109,#2110,#2111
      ,#2112,#2113,#2114,#2115,#2116,#2117,#2118,#2119,#2120,#2121,#2122
      ,#2123,#2124,#2125,#2126,#2127,#2128,#2129,#2130,#2131,#2132,#2133
      ,#2134,#2135,#2136,#2137,#2138,#2139,#2140,#2141,#2142,#2143,#2144
      ,#2145,#2146,#2147,#2148,#2149,#2150,#2151,#2152,#2153,#2154,#2155
      ,#2156,#2157,#2158,#2159,#2160,#2161,#2162,#2163,#2164,#2165,#2166
      ,#2167,#2168,#2169,#2170,#2171,#2172,#2173,#2174,#2175,#2176,#2177
      ,#2178,#2179,#2180,#2181,#2182,#2183,#2184,#2185,#2186,#2187,#2188
      ,#2189,#2190,#2191,#2192,#2193,#2194,#2195,#2196,#2197,#2198,#2199
      ,#2200,#2201,#2202,#2203,#2204,#2205,#2206,#2207,#2208,#2209,#2210
      ,#2211,#2212,#2213,#2214,#2215,#2216,#2217,#2218,#2219,#2220,#2221
      ,#2222,#2223,#2224,#2225,#2226,#2227,#2228,#2229,#2230,#2231,#2232
      ,#2233,#2234,#2235,#2236,#2237,#2238,#2239,#2240,#2241,#2242,#2243
      ,#2244,#2245,#2246,#2247,#2248,#2249,#2250,#2251,#2252,#2253,#2254
      ,#2255,#2256,#2257,#2258,#2259,#2260,#2261,#2262,#2263,#2264,#2265
      ,#2266,#2267,#2268,#2269,#2270,#2271,#2272,#2273,#2274,#2275,#2276
      ,#2277,#2278,#2279,#2280,#2281,#2282,#2283,#2284,#2285,#2286,#2287
      ,#2288,#2289,#2290,#2291,#2292,#2293,#2294,#2295,#2296,#2297,#2298
      ,#2299,#2300,#2301,#2302,#2303,#2304,#2305,#2306,#2307,#2308,#2309
      ,#2310,#2311,#2312,#2313,#2314,#2315,#2316,#2317,#2318,#2319,#2320
      ,#2321,#2322,#2323,#2324,#2325,#2326,#2327,#2328,#2329,#2330,#2331
      ,#2332,#2333,#2334,#2335,#2336,#2337,#2338,#2339,#2340,#2341,#2342
      ,#2343,#2344,#2345,#2346,#2347,#2348,#2349,#2350,#2351,#2352,#2353
      ,#2354,#2355,#2356,#2357,#2358,#2359,#2360,#2361,#2362,#2363,#2364
      ,#2365,#2366,#2367,#2368,#2369,#2370,#2371,#2372,#2373,#2374,#2375
      ,#2376,#2377,#2378,#2379,#2380,#2381,#2382,#2383,#2384,#2385,#2386
      ,#2387,#2388,#2389,#2390,#2391,#2392,#2393,#2394,#2395,#2396,#2397
      ,#2398,#2399,#2400,#2401,#2402,#2403,#2404,#2405,#2406,#2407,#2408
      ,#2409,#2410,#2411,#2412,#2413,#2414,#2415,#2416,#2417,#2418,#2419
      ,#2420,#2421,#2422,#2423,#2424,#2425,#2426,#2427,#2428,#2429,#2430
      ,#2431,#2432,#2433,#2434,#2435,#2436,#2437,#2438,#2439,#2440,#2441
      ,#2442,#2443,#2444,#2445,#2446,#2447,#2448,#2449,#2450,#2451,#2452
      ,#2453,#2454,#2455,#2456,#2457,#2458,#2459,#2460,#2461,#2462,#2463
      ,#2464,#2465,#2466,#2467,#2468,#2469,#2470,#2471,#2472,#2473,#2474
      ,#2475,#2476,#2477,#2478,#2479,#2480,#2481,#2482,#2483,#2484,#2485
      ,#2486,#2487,#2488,#2489,#2490,#2491,#2492,#2493,#2494,#2495,#2496
      ,#2497,#2498,#2499,#2500,#2501,#2502,#2503,#2504,#2505,#2506,#2507
      ,#2508,#2509,#2510,#2511,#2512,#2513,#2514,#2515,#2516,#2517,#2518
      ,#2519,#2520,#2521,#2522,#2523,#2524,#2525,#2526,#2527,#2528,#2529
      ,#2530,#2531,#2532,#2533,#2534,#2535,#2536,#2537,#2538,#2539,#2540
      ,#2541,#2542,#2543,#2544,#2545,#2546,#2547,#2548,#2549,#2550,#2551
      ,#2552,#2553,#2554,#2555,#2556,#2557,#2558,#2559,#2560,#2561,#2562
      ,#2563,#2564,#2565,#2566,#2567,#2568,#2569,#2570,#2571,#2572,#2573
      ,#2574,#2575,#2576,#2577,#2578,#2579,#2580,#2581,#2582,#2583,#2584
      ,#2585,#2586,#2587,#2588,#2589,#2590,#2591,#2592,#2593,#2594,#2595
      ,#2596,#2597,#2598,#2599,#2600,#2601,#2602,#2603,#2604,#2605,#2606
      ,#2607,#2608,#2609,#2610,#2611,#2612,#2613,#2614,#2615,#2616,#2617
      ,#2618,#2619,#2620,#2621,#2622,#2623,#2624,#2625,#2626,#2627,#2628
      ,#2629)
    ,(#2630,#2631,#2632,#2633,#2634,#2635,#2636,#2637,#2638,#2639,#2640
      ,#2641,#2642,#2643,#2644,#2645,#2646,#2647,#2648,#2649,#2650,#2651
      ,#2652,#2653,#2654,#2655,#2656,#2657,#2658,#2659,#2660,#2661,#2662
      ,#2663,#2664,#2665,#2666,#2667,#2668,#2669,#2670,#2671,#2672,#2673
      ,#2674,#2675,#2676,#2677,#2678,#2679,#2680,#2681,#2682,#2683,#2684
      ,#2685,#2686,#2687,#2688,#2689,#2690,#2691,#2692,#2693,#2694,#2695
      ,#2696,#2697,#2698,#2699,#2700,#2701,#2702,#2703,#2704,#2705,#2706
      ,#2707,#2708,#2709,#2710,#2711,#2712,#2713,#2714,#2715,#2716,#2717
      ,#2718,#2719,#2720,#2721,#2722,#2723,#2724,#2725,#2726,#2727,#2728
      ,#2729,#2730,#2731,#2732,#2733,#2734,#2735,#2736,#2737,#2738,#2739
      ,#2740,#2741,#2742,#2743,#2744,#2745,#2746,#2747,#2748,#2749,#2750
      ,#2751,#2752,#2753,#2754,#2755,#2756,#2757,#2758,#2759,#2760,#2761
      ,#2762,#2763,#2764,#2765,#2766,#2767,#2768,#2769,#2770,#2771,#2772
      ,#2773,#2774,#2775,#2776,#2777,#2778,#2779,#2780,#2781,#2782,#2783
      ,#2784,#2785,#2786,#2787,#2788,#2789,#2790,#2791,#2792,#2793,#2794
      ,#2795,#2796,#2797,#2798,#2799,#2800,#2801,#2802,#2803,#2804,#2805
      ,#2806,#2807,#2808,#2809,#2810,#2811,#2812,#2813,#2814,#2815,#2816
      ,#2817,#2818,#2819,#2820,#2821,#2822,#2823,#2824,#2825,#2826,#2827
      ,#2828,#2829,#2830,#2831,#2832,#2833,#2834,#2835,#2836,#2837,#2838
      ,#2839,#2840,#2841,#2842,#2843,#2844,#2845,#2846,#2847,#2848,#2849
      ,#2850,#2851,#2852,#2853,#2854,#2855,#2856,#2857,#2858,#2859,#2860
      ,#2861,#2862,#2863,#2864,#2865,#2866,#2867,#2868,#2869,#2870,#2871
      ,#2872,#2873,#2874,#2875,#2876,#2877,#2878,#2879,#2880,#2881,#2882
      ,#2883,#2884,#2885,#2886,#2887,#2888,#2889,#2890,#2891,#2892,#2893
      ,#2894,#2895,#2896,#2897,#2898,#2899,#2900,#2901,#2902,#2903,#2904
      ,#2905,#2906,#2907,#2908,#2909,#2910,#2911,#2912,#2913,#2914,#2915
      ,#2916,#2917,#2918,#2919,#2920,#2921,#2922,#2923,#2924,#2925,#2926
      ,#2927,#2928,#2929,#2930,#2931,#2932,#2933,#2934,#2935,#2936,#2937
      ,#2938,#2939,#2940,#2941,#2942,#2943,#2944,#2945,#2946,#2947,#2948
      ,#2949,#2950,#2951,#2952,#2953,#2954,#2955,#2956,#2957,#2958,#2959
      ,#2960,#2961,#2962,#2963,#2964,#2965,#2966,#2967,#2968,#2969,#2970
      ,#2971,#2972,#2973,#2974,#2975,#2976,#2977,#2978,#2979,#2980,#2981
      ,#2982,#2983,#2984,#2985,#2986,#2987,#2988,#2989,#2990,#2991,#2992
      ,#2993,#2994,#2995,#2996,#2997,#2998,#2999,#3000,#3001,#3002,#3003
      ,#3004,#3005,#3006,#3007,#3008,#3009,#3010,#3011,#3012,#3013,#3014
      ,#3015,#3016,#3017,#3018,#3019,#3020,#3021,#3022,#3023,#3024,#3025
      ,#3026,#3027,#3028,#3029,#3030,#3031,#3032,#3033,#3034,#3035,#3036
      ,#3037,#3038,#3039,#3040,#3041,#3042,#3043,#3044,#3045,#3046,#3047
      ,#3048,#3049,#3050,#3051,#3052,#3053,#3054,#3055,#3056,#3057,#3058
      ,#3059,#3060,#3061,#3062,#3063,#3064,#3065,#3066,#3067,#3068,#3069
      ,#3070,#3071,#3072,#3073,#3074,#3075,#3076,#3077,#3078,#3079,#3080
      ,#3081,#3082,#3083,#3084,#3085,#3086,#3087,#3088,#3089,#3090,#3091
      ,#3092,#3093,#3094,#3095,#3096,#3097,#3098,#3099,#3100,#3101,#3102
      ,#3103,#3104,#3105,#3106,#3107,#3108,#3109,#3110,#3111,#3112,#3113
      ,#3114,#3115,#3116,#3117,#3118,#3119,#3120,#3121,#3122,#3123,#3124
      ,#3125,#3126,#3127,#3128,#3129,#3130,#3131,#3132,#3133,#3134,#3135
      ,#3136,#3137,#3138,#3139,#3140,#3141,#3142,#3143,#3144,#3145,#3146
      ,#3147,#3148,#3149,#3150,#3151,#3152,#3153,#3154,#3155,#3156,#3157
      ,#3158,#3159,#3160,#3161,#3162,#3163,#3164,#3165,#3166,#3167,#3168
      ,#3169,#3170,#3171,#3172,#3173,#3174,#3175,#3176,#3177,#3178,#3179
      ,#3180,#3181,#3182,#3183,#3184,#3185,#3186,#3187,#3188,#3189,#3190
      ,#3191,#3192,#3193,#3194,#3195,#3196,#3197,#3198,#3199,#3200,#3201
      ,#3202,#3203,#3204,#3205,#3206,#3207,#3208,#3209,#3210,#3211,#3212
      ,#3213,#3214,#3215,#3216,#3217,#3218,#3219,#3220,#3221,#3222,#3223
      ,#3224,#3225,#3226,#3227,#3228,#3229,#3230,#3231,#3232,#3233,#3234
      ,#3235,#3236,#3237,#3238,#3239,#3240,#3241,#3242,#3243,#3244,#3245
      ,#3246,#3247,#3248,#3249,#3250,#3251,#3252,#3253,#3254,#3255,#3256
      ,#3257,#3258,#3259,#3260,#3261,#3262,#3263,#3264,#3265,#3266,#3267
      ,#3268,#3269,#3270,#3271,#3272,#3273,#3274,#3275,#3276,#3277,#3278
      ,#3279)
    ,(#3280,#3281,#3282,#3283,#3284,#3285,#3286,#3287,#3288,#3289,#3290
      ,#3291,#3292,#3293,#3294,#3295,#3296,#3297,#3298,#3299,#3300,#3301
      ,#3302,#3303,#3304,#3305,#3306,#3307,#3308,#3309,#3310,#3311,#3312
      ,#3313,#3314,#3315,#3316,#3317,#3318,#3319,#3320,#3321,#3322,#3323
      ,#3324,#3325,#3326,#3327,#3328,#3329,#3330,#3331,#3332,#3333,#3334
      ,#3335,#3336,#3337,#3338,#3339,#3340,#3341,#3342,#3343,#3344,#3345
      ,#3346,#3347,#3348,#3349,#3350,#3351,#3352,#3353,#3354,#3355,#3356
      ,#3357,#3358,#3359,#3360,#3361,#3362,#3363,#3364,#3365,#3366,#3367
      ,#3368,#3369,#3370,#3371,#3372,#3373,#3374,#3375,#3376,#3377,#3378
      ,#3379,#3380,#3381,#3382,#3383,#3384,#3385,#3386,#3387,#3388,#3389
      ,#3390,#3391,#3392,#3393,#3394,#3395,#3396,#3397,#3398,#3399,#3400
      ,#3401,#3402,#3403,#3404,#3405,#3406,#3407,#3408,#3409,#3410,#3411
      ,#3412,#3413,#3414,#3415,#3416,#3417,#3418,#3419,#3420,#3421,#3422
      ,#3423,#3424,#3425,#3426,#3427,#3428,#3429,#3430,#3431,#3432,#3433
      ,#3434,#3435,#3436,#3437,#3438,#3439,#3440,#3441,#3442,#3443,#3444
      ,#3445,#3446,#3447,#3448,#3449,#3450,#3451,#3452,#3453,#3454,#3455
      ,#3456,#3457,#3458,#3459,#3460,#3461,#3462,#3463,#3464,#3465,#3466
      ,#3467,#3468,#3469,#3470,#3471,#3472,#3473,#3474,#3475,#3476,#3477
      ,#3478,#3479,#3480,#3481,#3482,#3483,#3484,#3485,#3486,#3487,#3488
      ,#3489,#3490,#3491,#3492,#3493,#3494,#3495,#3496,#3497,#3498,#3499
      ,#3500,#3501,#3502,#3503,#3504,#3505,#3506,#3507,#3508,#3509,#3510
      ,#3511,#3512,#3513,#3514,#3515,#3516,#3517,#3518,#3519,#3520,#3521
      ,#3522,#3523,#3524,#3525,#3526,#3527,#3528,#3529,#3530,#3531,#3532
      ,#3533,#3534,#3535,#3536,#3537,#3538,#3539,#3540,#3541,#3542,#3543
      ,#3544,#3545,#3546,#3547,#3548,#3549,#3550,#3551,#3552,#3553,#3554
      ,#3555,#3556,#3557,#3558,#3559,#3560,#3561,#3562,#3563,#3564,#3565
      ,#3566,#3567,#3568,#3569,#3570,#3571,#3572,#3573,#3574,#3575,#3576
      ,#3577,#3578,#3579,#3580,#3581,#3582,#3583,#3584,#3585,#3586,#3587
      ,#3588,#3589,#3590,#3591,#3592,#3593,#3594,#3595,#3596,#3597,#3598
      ,#3599,#3600,#3601,#3602,#3603,#3604,#3605,#3606,#3607,#3608,#3609
      ,#3610,#3611,#3612,#3613,#3614,#3615,#3616,#3617,#3618,#3619,#3620
      ,#3621,#3622,#3623,#3624,#3625,#3626,#3627,#3628,#3629,#3630,#3631
      ,#3632,#3633,#3634,#3635,#3636,#3637,#3638,#3639,#3640,#3641,#3642
      ,#3643,#3644,#3645,#3646,#3647,#3648,#3649,#3650,#3651,#3652,#3653
      ,#3654,#3655,#3656,#3657,#3658,#3659,#3660,#3661,#3662,#3663,#3664
      ,#3665,#3666,#3667,#3668,#3669,#3670,#3671,#3672,#3673,#3674,#3675
      ,#3676,#3677,#3678,#3679,#3680,#3681,#3682,#3683,#3684,#3685,#3686
      ,#3687,#3688,#3689,#3690,#3691,#3692,#3693,#3694,#3695,#3696,#3697
      ,#3698,#3699,#3700,#3701,#3702,#3703,#3704,#3705,#3706,#3707,#3708
      ,#3709,#3710,#3711,#3712,#3713,#3714,#3715,#3716,#3717,#3718,#3719
      ,#3720,#3721,#3722,#3723,#3724,#3725,#3726,#3727,#3728,#3729,#3730
      ,#3731,#3732,#3733,#3734,#3735,#3736,#3737,#3738,#3739,#3740,#3741
      ,#3742,#3743,#3744,#3745,#3746,#3747,#3748,#3749,#3750,#3751,#3752
      ,#3753,#3754,#3755,#3756,#3757,#3758,#3759,#3760,#3761,#3762,#3763
      ,#3764,#3765,#3766,#3767,#3768,#3769,#3770,#3771,#3772,#3773,#3774
      ,#3775,#3776,#3777,#3778,#3779,#3780,#3781,#3782,#3783,#3784,#3785
      ,#3786,#3787,#3788,#3789,#3790,#3791,#3792,#3793,#3794,#3795,#3796
      ,#3797,#3798,#3799,#3800,#3801,#3802,#3803,#3804,#3805,#3806,#3807
      ,#3808,#3809,#3810,#3811,#3812,#3813,#3814,#3815,#3816,#3817,#3818
      ,#3819,#3820,#3821,#3822,#3823,#3824,#3825,#3826,#3827,#3828,#3829
      ,#3830,#3831,#3832,#3833,#3834,#3835,#3836,#3837,#3838,#3839,#3840
      ,#3841,#3842,#3843,#3844,#3845,#3846,#3847,#3848,#3849,#3850,#3851
      ,#3852,#3853,#3854,#3855,#3856,#3857,#3858,#3859,#3860,#3861,#3862
      ,#3863,#3864,#3865,#3866,#3867,#3868,#3869,#3870,#3871,#3872,#3873
      ,#3874,#3875,#3876,#3877,#3878,#3879,#3880,#3881,#3882,#3883,#3884
      ,#3885,#3886,#3887,#3888,#3889,#3890,#3891,#3892,#3893,#3894,#3895
      ,#3896,#3897,#3898,#3899,#3900,#3901,#3902,#3903,#3904,#3905,#3906
      ,#3907,#3908,#3909,#3910,#3911,#3912,#3913,#3914,#3915,#3916,#3917
      ,#3918,#3919,#3920,#3921,#3922,#3923,#3924,#3925,#3926,#3927,#3928
      ,#3929)
    ,(#3930,#3931,#3932,#3933,#3934,#3935,#3936,#3937,#3938,#3939,#3940
      ,#3941,#3942,#3943,#3944,#3945,#3946,#3947,#3948,#3949,#3950,#3951
      ,#3952,#3953,#3954,#3955,#3956,#3957,#3958,#3959,#3960,#3961,#3962
      ,#3963,#3964,#3965,#3966,#3967,#3968,#3969,#3970,#3971,#3972,#3973
      ,#3974,#3975,#3976,#3977,#3978,#3979,#3980,#3981,#3982,#3983,#3984
      ,#3985,#3986,#3987,#3988,#3989,#3990,#3991,#3992,#3993,#3994,#3995
      ,#3996,#3997,#3998,#3999,#4000,#4001,#4002,#4003,#4004,#4005,#4006
      ,#4007,#4008,#4009,#4010,#4011,#4012,#4013,#4014,#4015,#4016,#4017
      ,#4018,#4019,#4020,#4021,#4022,#4023,#4024,#4025,#4026,#4027,#4028
      ,#4029,#4030,#4031,#4032,#4033,#4034,#4035,#4036,#4037,#4038,#4039
      ,#4040,#4041,#4042,#4043,#4044,#4045,#4046,#4047,#4048,#4049,#4050
      ,#4051,#4052,#4053,#4054,#4055,#4056,#4057,#4058,#4059,#4060,#4061
      ,#4062,#4063,#4064,#4065,#4066,#4067,#4068,#4069,#4070,#4071,#4072
      ,#4073,#4074,#4075,#4076,#4077,#4078,#4079,#4080,#4081,#4082,#4083
      ,#4084,#4085,#4086,#4087,#4088,#4089,#4090,#4091,#4092,#4093,#4094
      ,#4095,#4096,#4097,#4098,#4099,#4100,#4101,#4102,#4103,#4104,#4105
      ,#4106,#4107,#4108,#4109,#4110,#4111,#4112,#4113,#4114,#4115,#4116
      ,#4117,#4118,#4119,#4120,#4121,#4122,#4123,#4124,#4125,#4126,#4127
      ,#4128,#4129,#4130,#4131,#4132,#4133,#4134,#4135,#4136,#4137,#4138
      ,#4139,#4140,#4141,#4142,#4143,#4144,#4145,#4146,#4147,#4148,#4149
      ,#4150,#4151,#4152,#4153,#4154,#4155,#4156,#4157,#4158,#4159,#4160
      ,#4161,#4162,#4163,#4164,#4165,#4166,#4167,#4168,#4169,#4170,#4171
      ,#4172,#4173,#4174,#4175,#4176,#4177,#4178,#4179,#4180,#4181,#4182
      ,#4183,#4184,#4185,#4186,#4187,#4188,#4189,#4190,#4191,#4192,#4193
      ,#4194,#4195,#4196,#4197,#4198,#4199,#4200,#4201,#4202,#4203,#4204
      ,#4205,#4206,#4207,#4208,#4209,#4210,#4211,#4212,#4213,#4214,#4215
      ,#4216,#4217,#4218,#4219,#4220,#4221,#4222,#4223,#4224,#4225,#4226
      ,#4227,#4228,#4229,#4230,#4231,#4232,#4233,#4234,#4235,#4236,#4237
      ,#4238,#4239,#4240,#4241,#4242,#4243,#4244,#4245,#4246,#4247,#4248
      ,#4249,#4250,#4251,#4252,#4253,#4254,#4255,#4256,#4257,#4258,#4259
      ,#4260,#4261,#4262,#4263,#4264,#4265,#4266,#4267,#4268,#4269,#4270
      ,#4271,#4272,#4273,#4274,#4275,#4276,#4277,#4278,#4279,#4280,#4281
      ,#4282,#4283,#4284,#4285,#4286,#4287,#4288,#4289,#4290,#4291,#4292
      ,#4293,#4294,#4295,#4296,#4297,#4298,#4299,#4300,#4301,#4302,#4303
      ,#4304,#4305,#4306,#4307,#4308,#4309,#4310,#4311,#4312,#4313,#4314
      ,#4315,#4316,#4317,#4318,#4319,#4320,#4321,#4322,#4323,#4324,#4325
      ,#4326,#4327,#4328,#4329,#4330,#4331,#4332,#4333,#4334,#4335,#4336
      ,#4337,#4338,#4339,#4340,#4341,#4342,#4343,#4344,#4345,#4346,#4347
      ,#4348,#4349,#4350,#4351,#4352,#4353,#4354,#4355,#4356,#4357,#4358
      ,#4359,#4360,#4361,#4362,#4363,#4364,#4365,#4366,#4367,#4368,#4369
      ,#4370,#4371,#4372,#4373,#4374,#4375,#4376,#4377,#4378,#4379,#4380
      ,#4381,#4382,#4383,#4384,#4385,#4386,#4387,#4388,#4389,#4390,#4391
      ,#4392,#4393,#4394,#4395,#4396,#4397,#4398,#4399,#4400,#4401,#4402
      ,#4403,#4404,#4405,#4406,#4407,#4408,#4409,#4410,#4411,#4412,#4413
      ,#4414,#4415,#4416,#4417,#4418,#4419,#4420,#4421,#4422,#4423,#4424
      ,#4425,#4426,#4427,#4428,#4429,#4430,#4431,#4432,#4433,#4434,#4435
      ,#4436,#4437,#4438,#4439,#4440,#4441,#4442,#4443,#4444,#4445,#4446
      ,#4447,#4448,#4449,#4450,#4451,#4452,#4453,#4454,#4455,#4456,#4457
      ,#4458,#4459,#4460,#4461,#4462,#4463,#4464,#4465,#4466,#4467,#4468
      ,#4469,#4470,#4471,#4472,#4473,#4474,#4475,#4476,#4477,#4478,#4479
      ,#4480,#4481,#4482,#4483,#4484,#4485,#4486,#4487,#4488,#4489,#4490
      ,#4491,#4492,#4493,#4494,#4495,#4496,#4497,#4498,#4499,#4500,#4501
      ,#4502,#4503,#4504,#4505,#4506,#4507,#4508,#4509,#4510,#4511,#4512
      ,#4513,#4514,#4515,#4516,#4517,#4518,#4519,#4520,#4521,#4522,#4523
      ,#4524,#4525,#4526,#4527,#4528,#4529,#4530,#4531,#4532,#4533,#4534
      ,#4535,#4536,#4537,#4538,#4539,#4540,#4541,#4542,#4543,#4544,#4545
      ,#4546,#4547,#4548,#4549,#4550,#4551,#4552,#4553,#4554,#4555,#4556
      ,#4557,#4558,#4559,#4560,#4561,#4562,#4563,#4564,#4565,#4566,#4567
      ,#4568,#4569,#4570,#4571,#4572,#4573,#4574,#4575,#4576,#4577,#4578
      ,#4579)
    ,(#4580,#4581,#4582,#4583,#4584,#4585,#4586,#4587,#4588,#4589,#4590
      ,#4591,#4592,#4593,#4594,#4595,#4596,#4597,#4598,#4599,#4600,#4601
      ,#4602,#4603,#4604,#4605,#4606,#4607,#4608,#4609,#4610,#4611,#4612
      ,#4613,#4614,#4615,#4616,#4617,#4618,#4619,#4620,#4621,#4622,#4623
      ,#4624,#4625,#4626,#4627,#4628,#4629,#4630,#4631,#4632,#4633,#4634
      ,#4635,#4636,#4637,#4638,#4639,#4640,#4641,#4642,#4643,#4644,#4645
      ,#4646,#4647,#4648,#4649,#4650,#4651,#4652,#4653,#4654,#4655,#4656
      ,#4657,#4658,#4659,#4660,#4661,#4662,#4663,#4664,#4665,#4666,#4667
      ,#4668,#4669,#4670,#4671,#4672,#4673,#4674,#4675,#4676,#4677,#4678
      ,#4679,#4680,#4681,#4682,#4683,#4684,#4685,#4686,#4687,#4688,#4689
      ,#4690,#4691,#4692,#4693,#4694,#4695,#4696,#4697,#4698,#4699,#4700
      ,#4701,#4702,#4703,#4704,#4705,#4706,#4707,#4708,#4709,#4710,#4711
      ,#4712,#4713,#4714,#4715,#4716,#4717,#4718,#4719,#4720,#4721,#4722
      ,#4723,#4724,#4725,#4726,#4727,#4728,#4729,#4730,#4731,#4732,#4733
      ,#4734,#4735,#4736,#4737,#4738,#4739,#4740,#4741,#4742,#4743,#4744
      ,#4745,#4746,#4747,#4748,#4749,#4750,#4751,#4752,#4753,#4754,#4755
      ,#4756,#4757,#4758,#4759,#4760,#4761,#4762,#4763,#4764,#4765,#4766
      ,#4767,#4768,#4769,#4770,#4771,#4772,#4773,#4774,#4775,#4776,#4777
      ,#4778,#4779,#4780,#4781,#4782,#4783,#4784,#4785,#4786,#4787,#4788
      ,#4789,#4790,#4791,#4792,#4793,#4794,#4795,#4796,#4797,#4798,#4799
      ,#4800,#4801,#4802,#4803,#4804,#4805,#4806,#4807,#4808,#4809,#4810
      ,#4811,#4812,#4813,#4814,#4815,#4816,#4817,#4818,#4819,#4820,#4821
      ,#4822,#4823,#4824,#4825,#4826,#4827,#4828,#4829,#4830,#4831,#4832
      ,#4833,#4834,#4835,#4836,#4837,#4838,#4839,#4840,#4841,#4842,#4843
      ,#4844,#4845,#4846,#4847,#4848,#4849,#4850,#4851,#4852,#4853,#4854
      ,#4855,#4856,#4857,#4858,#4859,#4860,#4861,#4862,#4863,#4864,#4865
      ,#4866,#4867,#4868,#4869,#4870,#4871,#4872,#4873,#4874,#4875,#4876
      ,#4877,#4878,#4879,#4880,#4881,#4882,#4883,#4884,#4885,#4886,#4887
      ,#4888,#4889,#4890,#4891,#4892,#4893,#4894,#4895,#4896,#4897,#4898
      ,#4899,#4900,#4901,#4902,#4903,#4904,#4905,#4906,#4907,#4908,#4909
      ,#4910,#4911,#4912,#4913,#4914,#4915,#4916,#4917,#4918,#4919,#4920
      ,#4921,#4922,#4923,#4924,#4925,#4926,#4927,#4928,#4929,#4930,#4931
      ,#4932,#4933,#4934,#4935,#4936,#4937,#4938,#4939,#4940,#4941,#4942
      ,#4943,#4944,#4945,#4946,#4947,#4948,#4949,#4950,#4951,#4952,#4953
      ,#4954,#4955,#4956,#4957,#4958,#4959,#4960,#4961,#4962,#4963,#4964
      ,#4965,#4966,#4967,#4968,#4969,#4970,#4971,#4972,#4973,#4974,#4975
      ,#4976,#4977,#4978,#4979,#4980,#4981,#4982,#4983,#4984,#4985,#4986
      ,#4987,#4988,#4989,#4990,#4991,#4992,#4993,#4994,#4995,#4996,#4997
      ,#4998,#4999,#5000,#5001,#5002,#5003,#5004,#5005,#5006,#5007,#5008
      ,#5009,#5010,#5011,#5012,#5013,#5014,#5015,#5016,#5017,#5018,#5019
      ,#5020,#5021,#5022,#5023,#5024,#5025,#5026,#5027,#5028,#5029,#5030
      ,#5031,#5032,#5033,#5034,#5035,#5036,#5037,#5038,#5039,#5040,#5041
      ,#5042,#5043,#5044,#5045,#5046,#5047,#5048,#5049,#5050,#5051,#5052
      ,#5053,#5054,#5055,#5056,#5057,#5058,#5059,#5060,#5061,#5062,#5063
      ,#5064,#5065,#5066,#5067,#5068,#5069,#5070,#5071,#5072,#5073,#5074
      ,#5075,#5076,#5077,#5078,#5079,#5080,#5081,#5082,#5083,#5084,#5085
      ,#5086,#5087,#5088,#5089,#5090,#5091,#5092,#5093,#5094,#5095,#5096
      ,#5097,#5098,#5099,#5100,#5101,#5102,#5103,#5104,#5105,#5106,#5107
      ,#5108,#5109,#5110,#5111,#5112,#5113,#5114,#5115,#5116,#5117,#5118
      ,#5119,#5120,#5121,#5122,#5123,#5124,#5125,#5126,#5127,#5128,#5129
      ,#5130,#5131,#5132,#5133,#5134,#5135,#5136,#5137,#5138,#5139,#5140
      ,#5141,#5142,#5143,#5144,#5145,#5146,#5147,#5148,#5149,#5150,#5151
      ,#5152,#5153,#5154,#5155,#5156,#5157,#5158,#5159,#5160,#5161,#5162
      ,#5163,#5164,#5165,#5166,#5167,#5168,#5169,#5170,#5171,#5172,#5173
      ,#5174,#5175,#5176,#5177,#5178,#5179,#5180,#5181,#5182,#5183,#5184
      ,#5185,#5186,#5187,#5188,#5189,#5190,#5191,#5192,#5193,#5194,#5195
      ,#5196,#5197,#5198,#5199,#5200,#5201,#5202,#5203,#5204,#5205,#5206
      ,#5207,#5208,#5209,#5210,#5211,#5212,#5213,#5214,#5215,#5216,#5217
      ,#5218,#5219,#5220,#5221,#5222,#5223,#5224,#5225,#5226,#5227,#5228
,#5229
    )),.UNSPECIFIED.,.T.,.F.,.F.) B_SPLINE_SURFACE_WITH_KNOTS((1,6,6,1),
  (12,11,11,11,11,10,10,10,10,10,10,10,10,10,10,10,10,10,10,10,10,10,10,
    10,10,10,10,10,10,10,10,10,10,10,10,10,10,10,10,10,10,10,10,10,10,10
    ,10,10,10,10,10,10,10,10,10,10,10,10,10,10,11,11,11,11,12),(
    -6.28318530718,0.,6.28318530718,12.566370614359),(0.,3.239003882305,
    6.47800776461,9.717011646914,12.956015529219,14.575517470372,
    17.814521352677,21.053525234981,24.292529117286,25.912031058439,
    29.151034940743,32.390038823048,35.629042705353,38.868046587658,
    42.107050469963,45.346054352268,48.585058234572,51.824062116877,
    55.063065999182,58.302069881487,61.541073763792,63.160575704944,
    66.399579587249,69.638583469554,72.877587351858,76.116591234163,
    79.355595116468,82.594598998773,85.833602881078,87.45310482223,
    90.692108704535,93.93111258684,97.170116469145,100.40912035144,
    103.64812423375,106.88712811605,108.50663005721,111.74563393951,
    114.98463782182,118.22364170412,121.46264558643,124.70164946873,
    127.94065335104,131.17965723334,134.41866111565,136.0381630568,
    139.2771669391,142.51617082141,145.75517470371,147.37467664486,
    150.61368052717,153.85268440947,157.09168829178,160.33069217408,
    163.56969605639,166.80869993869,170.047703821,171.66720576215,
    174.90620964446,178.14521352676,181.38421740907,184.62322129137,
    187.86222517367,191.10122905598,194.34023293828),.UNSPECIFIED.) 
GEOMETRIC_REPRESENTATION_ITEM() RATIONAL_B_SPLINE_SURFACE((
    (1.669078461068,1.669078461068,1.669078461068,1.669078461068
      ,1.669078461068,1.669078461068,1.669078461068,1.669078461068
      ,1.669078461068,1.669078461068,1.669078461068,1.669078461068
      ,1.669078461068,1.669078461068,1.669078461069,1.669078461066
      ,1.669078461071,1.669078461066,1.66907846107,1.669078461067
      ,1.669078461069,1.669078461068,1.669078461068,1.669078461068
      ,1.669078461069,1.669078461067,1.669078461071,1.669078461065
      ,1.669078461072,1.669078461065,1.66907846107,1.669078461068
      ,1.669078461068,1.669078461068,1.669078461068,1.669078461068
      ,1.669078461068,1.669078461069,1.669078461067,1.669078461069
      ,1.669078461067,1.669078461069,1.669078461068,1.669078461068
      ,1.669078461068,1.669078461068,1.669078461069,1.669078461068
      ,1.669078461069,1.669078461067,1.66907846107,1.669078461067
      ,1.669078461069,1.669078461068,1.669078461068,1.669078461068
      ,1.669078461068,1.66907846107,1.669078461065,1.669078461072
      ,1.669078461065,1.66907846107,1.669078461067,1.669078461069
      ,1.669078461068,1.669078461068,1.669078461069,1.669078461066
      ,1.669078461073,1.669078461063,1.669078461073,1.669078461064
      ,1.66907846107,1.669078461067,1.669078461068,1.669078461068
      ,1.669078461069,1.669078461066,1.669078461072,1.669078461064
      ,1.669078461072,1.669078461065,1.66907846107,1.669078461068
      ,1.669078461068,1.669078461068,1.669078461068,1.669078461068
      ,1.669078461068,1.669078461069,1.669078461068,1.669078461068
      ,1.669078461068,1.669078461068,1.669078461068,1.669078461068
      ,1.669078461069,1.669078461066,1.669078461071,1.669078461065
      ,1.669078461071,1.669078461066,1.669078461069,1.669078461068
      ,1.669078461068,1.669078461068,1.669078461068,1.669078461068
      ,1.669078461068,1.669078461068,1.669078461068,1.669078461069
      ,1.669078461068,1.669078461068,1.669078461068,1.669078461068
      ,1.669078461068,1.669078461068,1.669078461068,1.669078461069
      ,1.669078461068,1.669078461068,1.669078461068,1.669078461068
      ,1.669078461068,1.669078461068,1.669078461068,1.669078461068
      ,1.669078461069,1.669078461067,1.669078461069,1.669078461067
      ,1.669078461069,1.669078461068,1.669078461068,1.669078461068
      ,1.669078461069,1.669078461067,1.66907846107,1.669078461066
      ,1.66907846107,1.669078461067,1.669078461069,1.669078461068
      ,1.669078461068,1.669078461068,1.669078461069,1.669078461068
      ,1.669078461069,1.669078461067,1.669078461069,1.669078461067
      ,1.669078461069,1.669078461068,1.669078461068,1.669078461068
      ,1.669078461068,1.669078461068,1.669078461068,1.669078461069
      ,1.669078461068,1.669078461069,1.669078461068,1.669078461068
      ,1.669078461068,1.669078461068,1.669078461069,1.669078461067
      ,1.66907846107,1.669078461066,1.66907846107,1.669078461067
      ,1.669078461069,1.669078461068,1.669078461068,1.669078461068
      ,1.669078461068,1.669078461068,1.669078461068,1.669078461068
      ,1.669078461068,1.669078461069,1.669078461068,1.669078461068
      ,1.669078461068,1.669078461068,1.669078461068,1.669078461069
      ,1.669078461067,1.669078461069,1.669078461067,1.669078461069
      ,1.669078461068,1.669078461068,1.669078461068,1.669078461068
      ,1.669078461068,1.669078461069,1.669078461067,1.66907846107
      ,1.669078461067,1.669078461069,1.669078461068,1.669078461068
      ,1.669078461068,1.669078461068,1.669078461068,1.669078461068
      ,1.669078461069,1.669078461067,1.66907846107,1.669078461067
      ,1.669078461069,1.669078461068,1.669078461068,1.669078461068
      ,1.669078461068,1.669078461068,1.669078461068,1.669078461069
      ,1.669078461067,1.669078461069,1.669078461068,1.669078461068
      ,1.669078461068,1.669078461068,1.669078461068,1.669078461068
      ,1.669078461068,1.669078461068,1.669078461069,1.669078461068
      ,1.669078461068,1.669078461068,1.669078461068,1.669078461068
      ,1.669078461068,1.669078461068,1.669078461069,1.669078461067
      ,1.66907846107,1.669078461067,1.669078461069,1.669078461068
      ,1.669078461068,1.669078461068,1.669078461068,1.669078461068
      ,1.669078461068,1.669078461068,1.669078461068,1.669078461068
      ,1.669078461068,1.669078461068,1.669078461068,1.669078461068
      ,1.669078461068,1.669078461069,1.669078461067,1.66907846107
      ,1.669078461067,1.669078461069,1.669078461068,1.669078461068
      ,1.669078461068,1.669078461068,1.669078461068,1.669078461069
      ,1.669078461067,1.66907846107,1.669078461066,1.66907846107
      ,1.669078461067,1.669078461069,1.669078461068,1.669078461068
      ,1.669078461068,1.669078461069,1.669078461066,1.669078461071
      ,1.669078461066,1.66907846107,1.669078461067,1.669078461069
      ,1.669078461068,1.669078461068,1.669078461068,1.669078461068
      ,1.669078461068,1.669078461069,1.669078461068,1.669078461069
      ,1.669078461068,1.669078461068,1.669078461068,1.669078461068
      ,1.669078461068,1.669078461069,1.669078461067,1.66907846107
      ,1.669078461066,1.66907846107,1.669078461067,1.669078461069
      ,1.669078461068,1.669078461068,1.669078461068,1.669078461069
      ,1.669078461067,1.669078461069,1.669078461067,1.669078461069
      ,1.669078461068,1.669078461068,1.669078461068,1.669078461068
      ,1.669078461068,1.669078461068,1.669078461069,1.669078461068
      ,1.669078461068,1.669078461068,1.669078461068,1.669078461068
      ,1.669078461068,1.669078461068,1.669078461068,1.669078461068
      ,1.669078461069,1.669078461068,1.669078461069,1.669078461068
      ,1.669078461068,1.669078461068,1.669078461068,1.669078461068
      ,1.669078461068,1.669078461068,1.669078461069,1.669078461068
      ,1.669078461069,1.669078461068,1.669078461069,1.669078461068
      ,1.669078461068,1.669078461068,1.669078461068,1.669078461068
      ,1.669078461069,1.669078461067,1.669078461069,1.669078461068
      ,1.669078461069,1.669078461068,1.669078461068,1.669078461068
      ,1.669078461068,1.669078461068,1.669078461068,1.669078461069
      ,1.669078461068,1.669078461069,1.669078461068,1.669078461068
      ,1.669078461068,1.669078461068,1.669078461068,1.669078461069
      ,1.669078461067,1.66907846107,1.669078461066,1.66907846107
      ,1.669078461068,1.669078461068,1.669078461068,1.669078461068
      ,1.669078461068,1.669078461068,1.669078461068,1.669078461068
      ,1.669078461068,1.669078461068,1.669078461068,1.669078461068
      ,1.669078461068,1.669078461068,1.669078461068,1.669078461068
      ,1.669078461068,1.669078461068,1.669078461069,1.669078461068
      ,1.669078461068,1.669078461068,1.669078461068,1.669078461068
      ,1.669078461068,1.669078461068,1.669078461069,1.669078461068
      ,1.669078461069,1.669078461068,1.669078461068,1.669078461068
      ,1.669078461068,1.669078461068,1.669078461068,1.669078461068
      ,1.669078461068,1.669078461069,1.669078461068,1.669078461068
      ,1.669078461068,1.669078461068,1.669078461068,1.669078461068
      ,1.669078461068,1.669078461068,1.669078461068,1.669078461069
      ,1.669078461068,1.669078461068,1.669078461068,1.669078461068
      ,1.669078461068,1.669078461068,1.669078461068,1.669078461068
      ,1.669078461069,1.669078461068,1.669078461069,1.669078461068
      ,1.669078461069,1.669078461068,1.669078461068,1.669078461068
      ,1.669078461069,1.669078461067,1.66907846107,1.669078461066
      ,1.66907846107,1.669078461067,1.669078461069,1.669078461068
      ,1.669078461068,1.669078461068,1.669078461068,1.669078461069
      ,1.669078461068,1.669078461069,1.669078461067,1.669078461069
      ,1.669078461068,1.669078461068,1.669078461068,1.669078461068
      ,1.669078461068,1.669078461068,1.669078461068,1.669078461068
      ,1.669078461068,1.669078461068,1.669078461068,1.669078461068
      ,1.669078461068,1.669078461068,1.669078461068,1.669078461068
      ,1.669078461068,1.669078461069,1.669078461068,1.669078461068
      ,1.669078461068,1.669078461068,1.669078461068,1.669078461068
      ,1.669078461068,1.669078461068,1.669078461069,1.669078461068
      ,1.669078461069,1.669078461068,1.669078461069,1.669078461068
      ,1.669078461068,1.669078461068,1.669078461068,1.669078461068
      ,1.669078461069,1.669078461067,1.669078461069,1.669078461067
      ,1.669078461069,1.669078461068,1.669078461068,1.669078461068
      ,1.669078461068,1.669078461068,1.669078461068,1.669078461069
      ,1.669078461068,1.669078461069,1.669078461068,1.669078461068
      ,1.669078461068,1.669078461068,1.669078461068,1.669078461068
      ,1.669078461068,1.669078461069,1.669078461068,1.669078461069
      ,1.669078461068,1.669078461068,1.669078461068,1.669078461068
      ,1.669078461068,1.669078461069,1.669078461068,1.669078461069
      ,1.669078461068,1.669078461069,1.669078461068,1.669078461068
      ,1.669078461068,1.669078461068,1.669078461068,1.669078461068
      ,1.669078461068,1.669078461068,1.669078461068,1.669078461068
      ,1.669078461068,1.669078461068,1.669078461068,1.669078461068
      ,1.669078461068,1.669078461068,1.669078461068,1.669078461068
      ,1.669078461068,1.669078461068,1.669078461068,1.669078461068
      ,1.669078461068,1.669078461068,1.669078461069,1.669078461067
      ,1.66907846107,1.669078461066,1.66907846107,1.669078461067
      ,1.669078461069,1.669078461068,1.669078461068,1.669078461068
      ,1.669078461068,1.669078461068,1.669078461068,1.669078461068
      ,1.669078461068,1.669078461068,1.669078461068,1.669078461068
      ,1.669078461068,1.669078461068,1.669078461068,1.669078461068
      ,1.669078461068,1.669078461068,1.669078461068,1.669078461068
      ,1.669078461068,1.669078461068,1.669078461068,1.669078461068
      ,1.669078461068,1.669078461069,1.669078461068,1.669078461069
      ,1.669078461068,1.669078461069,1.669078461068,1.669078461068
      ,1.669078461068,1.669078461068,1.669078461068,1.669078461068
      ,1.669078461068,1.669078461068,1.669078461068,1.669078461068
      ,1.669078461068,1.669078461068,1.669078461068,1.669078461068
      ,1.669078461068,1.669078461068,1.669078461069,1.669078461068
      ,1.669078461069,1.669078461068,1.669078461068,1.669078461068
      ,1.669078461068,1.669078461068,1.669078461068,1.669078461068
      ,1.66907846107,1.669078461066,1.669078461071,1.669078461065
      ,1.66907846107,1.669078461067,1.669078461069,1.669078461068
      ,1.669078461068,1.669078461068,1.669078461068,1.669078461068
      ,1.669078461069,1.669078461068,1.669078461069,1.669078461068
      ,1.669078461068,1.669078461068,1.669078461068,1.669078461068
      ,1.669078461068,1.669078461068,1.669078461068,1.669078461068
      ,1.669078461068,1.669078461068,1.669078461068,1.669078461068
      ,1.669078461068,1.669078461068,1.669078461068,1.669078461068
      ,1.669078461068,1.669078461068,1.669078461069,1.669078461068
      ,1.669078461069,1.669078461068,1.669078461068,1.669078461068
      ,1.669078461068,1.669078461068)
    ,(1.03672962321,1.03672962321,1.03672962321,1.03672962321
      ,1.036729623209,1.03672962321,1.036729623209,1.03672962321
      ,1.036729623209,1.03672962321,1.03672962321,1.03672962321
      ,1.03672962321,1.036729623209,1.03672962321,1.036729623208
      ,1.036729623211,1.036729623208,1.036729623211,1.036729623209
      ,1.03672962321,1.03672962321,1.03672962321,1.03672962321
      ,1.03672962321,1.036729623209,1.036729623211,1.036729623208
      ,1.036729623211,1.036729623208,1.03672962321,1.036729623209
      ,1.03672962321,1.03672962321,1.03672962321,1.03672962321
      ,1.036729623209,1.03672962321,1.036729623209,1.03672962321
      ,1.036729623209,1.03672962321,1.036729623209,1.03672962321
      ,1.03672962321,1.03672962321,1.03672962321,1.036729623209
      ,1.03672962321,1.036729623209,1.03672962321,1.036729623209
      ,1.03672962321,1.03672962321,1.03672962321,1.03672962321
      ,1.036729623209,1.036729623211,1.036729623207,1.036729623212
      ,1.036729623207,1.036729623211,1.036729623209,1.03672962321
      ,1.03672962321,1.03672962321,1.03672962321,1.036729623208
      ,1.036729623212,1.036729623207,1.036729623212,1.036729623208
      ,1.036729623211,1.036729623209,1.03672962321,1.036729623209
      ,1.03672962321,1.036729623208,1.036729623212,1.036729623207
      ,1.036729623213,1.036729623207,1.036729623211,1.036729623209
      ,1.03672962321,1.03672962321,1.03672962321,1.03672962321
      ,1.036729623209,1.03672962321,1.036729623209,1.03672962321
      ,1.03672962321,1.03672962321,1.03672962321,1.036729623209
      ,1.03672962321,1.036729623208,1.036729623212,1.036729623207
      ,1.036729623212,1.036729623208,1.036729623211,1.036729623209
      ,1.03672962321,1.03672962321,1.03672962321,1.03672962321
      ,1.03672962321,1.03672962321,1.036729623209,1.03672962321
      ,1.036729623209,1.03672962321,1.03672962321,1.03672962321
      ,1.036729623209,1.03672962321,1.036729623209,1.036729623211
      ,1.036729623209,1.03672962321,1.036729623209,1.03672962321
      ,1.03672962321,1.03672962321,1.03672962321,1.03672962321
      ,1.03672962321,1.03672962321,1.03672962321,1.03672962321
      ,1.03672962321,1.03672962321,1.03672962321,1.03672962321
      ,1.03672962321,1.036729623209,1.036729623211,1.036729623208
      ,1.036729623211,1.036729623209,1.03672962321,1.036729623209
      ,1.03672962321,1.03672962321,1.03672962321,1.036729623209
      ,1.036729623211,1.036729623208,1.036729623211,1.036729623209
      ,1.03672962321,1.036729623209,1.03672962321,1.03672962321
      ,1.03672962321,1.03672962321,1.036729623209,1.036729623211
      ,1.036729623209,1.03672962321,1.036729623209,1.03672962321
      ,1.03672962321,1.03672962321,1.03672962321,1.036729623209
      ,1.03672962321,1.036729623208,1.036729623211,1.036729623209
      ,1.03672962321,1.036729623209,1.03672962321,1.03672962321
      ,1.03672962321,1.03672962321,1.036729623209,1.03672962321
      ,1.036729623209,1.03672962321,1.036729623209,1.03672962321
      ,1.03672962321,1.03672962321,1.036729623209,1.03672962321
      ,1.036729623209,1.036729623211,1.036729623209,1.03672962321
      ,1.036729623209,1.03672962321,1.03672962321,1.03672962321
      ,1.036729623209,1.03672962321,1.036729623208,1.036729623211
      ,1.036729623208,1.036729623211,1.036729623209,1.03672962321
      ,1.03672962321,1.03672962321,1.03672962321,1.036729623209
      ,1.03672962321,1.036729623209,1.036729623211,1.036729623209
      ,1.03672962321,1.036729623209,1.03672962321,1.03672962321
      ,1.03672962321,1.03672962321,1.03672962321,1.03672962321
      ,1.036729623209,1.03672962321,1.03672962321,1.03672962321
      ,1.03672962321,1.03672962321,1.03672962321,1.036729623209
      ,1.03672962321,1.036729623209,1.03672962321,1.036729623209
      ,1.03672962321,1.03672962321,1.03672962321,1.03672962321
      ,1.03672962321,1.036729623209,1.03672962321,1.036729623209
      ,1.036729623211,1.036729623209,1.03672962321,1.036729623209
      ,1.03672962321,1.03672962321,1.03672962321,1.03672962321
      ,1.03672962321,1.03672962321,1.03672962321,1.03672962321
      ,1.03672962321,1.03672962321,1.03672962321,1.03672962321
      ,1.036729623209,1.03672962321,1.036729623209,1.036729623211
      ,1.036729623209,1.03672962321,1.036729623209,1.03672962321
      ,1.03672962321,1.03672962321,1.036729623209,1.03672962321
      ,1.036729623209,1.036729623211,1.036729623208,1.036729623211
      ,1.036729623209,1.03672962321,1.03672962321,1.03672962321
      ,1.036729623209,1.03672962321,1.036729623208,1.036729623211
      ,1.036729623208,1.036729623211,1.036729623209,1.03672962321
      ,1.03672962321,1.03672962321,1.03672962321,1.03672962321
      ,1.036729623209,1.03672962321,1.036729623209,1.03672962321
      ,1.036729623209,1.03672962321,1.03672962321,1.03672962321
      ,1.036729623209,1.03672962321,1.036729623209,1.03672962321
      ,1.036729623209,1.03672962321,1.036729623209,1.03672962321
      ,1.03672962321,1.03672962321,1.036729623209,1.03672962321
      ,1.036729623209,1.03672962321,1.036729623209,1.03672962321
      ,1.036729623209,1.03672962321,1.03672962321,1.03672962321
      ,1.03672962321,1.03672962321,1.03672962321,1.03672962321
      ,1.03672962321,1.03672962321,1.03672962321,1.03672962321
      ,1.03672962321,1.03672962321,1.03672962321,1.03672962321
      ,1.03672962321,1.03672962321,1.03672962321,1.03672962321
      ,1.03672962321,1.03672962321,1.03672962321,1.03672962321
      ,1.03672962321,1.03672962321,1.03672962321,1.036729623209
      ,1.03672962321,1.036729623209,1.03672962321,1.036729623209
      ,1.03672962321,1.03672962321,1.03672962321,1.036729623209
      ,1.03672962321,1.036729623209,1.03672962321,1.036729623209
      ,1.03672962321,1.036729623209,1.03672962321,1.03672962321
      ,1.03672962321,1.03672962321,1.03672962321,1.03672962321
      ,1.03672962321,1.036729623209,1.03672962321,1.03672962321
      ,1.03672962321,1.03672962321,1.036729623209,1.03672962321
      ,1.036729623208,1.036729623211,1.036729623208,1.036729623211
      ,1.036729623209,1.03672962321,1.03672962321,1.03672962321
      ,1.03672962321,1.03672962321,1.03672962321,1.03672962321
      ,1.036729623209,1.03672962321,1.03672962321,1.03672962321
      ,1.03672962321,1.03672962321,1.03672962321,1.03672962321
      ,1.036729623209,1.03672962321,1.03672962321,1.03672962321
      ,1.03672962321,1.03672962321,1.03672962321,1.03672962321
      ,1.03672962321,1.036729623209,1.03672962321,1.036729623209
      ,1.03672962321,1.036729623209,1.03672962321,1.03672962321
      ,1.03672962321,1.03672962321,1.03672962321,1.03672962321
      ,1.03672962321,1.03672962321,1.03672962321,1.036729623209
      ,1.03672962321,1.03672962321,1.03672962321,1.03672962321
      ,1.03672962321,1.03672962321,1.036729623209,1.03672962321
      ,1.036729623209,1.03672962321,1.03672962321,1.03672962321
      ,1.03672962321,1.03672962321,1.03672962321,1.036729623209
      ,1.03672962321,1.036729623209,1.03672962321,1.036729623209
      ,1.03672962321,1.036729623209,1.03672962321,1.03672962321
      ,1.03672962321,1.036729623209,1.036729623211,1.036729623208
      ,1.036729623211,1.036729623209,1.03672962321,1.036729623209
      ,1.03672962321,1.03672962321,1.03672962321,1.03672962321
      ,1.03672962321,1.03672962321,1.03672962321,1.03672962321
      ,1.03672962321,1.03672962321,1.03672962321,1.03672962321
      ,1.03672962321,1.03672962321,1.036729623209,1.03672962321
      ,1.036729623209,1.03672962321,1.03672962321,1.03672962321
      ,1.03672962321,1.03672962321,1.03672962321,1.03672962321
      ,1.03672962321,1.036729623209,1.03672962321,1.036729623209
      ,1.03672962321,1.03672962321,1.03672962321,1.03672962321
      ,1.03672962321,1.03672962321,1.03672962321,1.03672962321
      ,1.03672962321,1.03672962321,1.03672962321,1.03672962321
      ,1.03672962321,1.03672962321,1.03672962321,1.03672962321
      ,1.03672962321,1.03672962321,1.03672962321,1.03672962321
      ,1.03672962321,1.03672962321,1.03672962321,1.03672962321
      ,1.03672962321,1.03672962321,1.036729623209,1.03672962321
      ,1.036729623209,1.03672962321,1.03672962321,1.03672962321
      ,1.03672962321,1.03672962321,1.03672962321,1.03672962321
      ,1.03672962321,1.03672962321,1.03672962321,1.03672962321
      ,1.03672962321,1.03672962321,1.03672962321,1.03672962321
      ,1.03672962321,1.03672962321,1.03672962321,1.03672962321
      ,1.03672962321,1.03672962321,1.03672962321,1.03672962321
      ,1.03672962321,1.03672962321,1.03672962321,1.036729623209
      ,1.03672962321,1.036729623209,1.03672962321,1.036729623209
      ,1.03672962321,1.03672962321,1.03672962321,1.03672962321
      ,1.03672962321,1.036729623209,1.03672962321,1.036729623209
      ,1.03672962321,1.036729623209,1.03672962321,1.036729623209
      ,1.03672962321,1.03672962321,1.03672962321,1.036729623208
      ,1.036729623212,1.036729623207,1.036729623212,1.036729623208
      ,1.03672962321,1.036729623209,1.03672962321,1.03672962321
      ,1.03672962321,1.036729623209,1.03672962321,1.036729623209
      ,1.03672962321,1.036729623209,1.03672962321,1.03672962321
      ,1.03672962321,1.03672962321,1.03672962321,1.03672962321
      ,1.036729623209,1.03672962321,1.036729623209,1.03672962321
      ,1.036729623209,1.03672962321,1.03672962321,1.03672962321
      ,1.03672962321,1.03672962321,1.03672962321,1.03672962321
      ,1.03672962321,1.036729623209,1.03672962321,1.03672962321
      ,1.03672962321,1.03672962321,1.03672962321,1.036729623209
      ,1.03672962321,1.036729623209,1.03672962321,1.036729623209
      ,1.03672962321,1.03672962321,1.03672962321,1.03672962321
      ,1.03672962321,1.036729623209,1.03672962321,1.036729623209
      ,1.03672962321,1.036729623209,1.03672962321,1.03672962321
      ,1.03672962321,1.03672962321,1.03672962321,1.036729623209
      ,1.036729623211,1.036729623208,1.036729623212,1.036729623208
      ,1.036729623211,1.036729623209,1.03672962321,1.03672962321
      ,1.03672962321,1.03672962321,1.03672962321,1.03672962321
      ,1.036729623209,1.03672962321,1.036729623209,1.03672962321
      ,1.036729623209,1.03672962321,1.03672962321,1.03672962321
      ,1.03672962321,1.03672962321,1.036729623209,1.03672962321
      ,1.036729623209,1.03672962321,1.036729623209,1.03672962321
      ,1.03672962321,1.03672962321,1.03672962321,1.03672962321
      ,1.03672962321,1.036729623209,1.03672962321,1.036729623209
      ,1.03672962321,1.036729623209,1.03672962321,1.03672962321
      ,1.03672962321,1.03672962321)
    ,(1.038346699848,1.038346699848,1.038346699847,1.038346699848
      ,1.038346699847,1.038346699848,1.038346699847,1.038346699848
      ,1.038346699847,1.038346699848,1.038346699847,1.038346699848
      ,1.038346699848,1.038346699847,1.038346699848,1.038346699846
      ,1.038346699849,1.038346699846,1.038346699849,1.038346699847
      ,1.038346699848,1.038346699847,1.038346699848,1.038346699847
      ,1.038346699848,1.038346699847,1.038346699849,1.038346699846
      ,1.038346699849,1.038346699846,1.038346699848,1.038346699847
      ,1.038346699848,1.038346699848,1.038346699847,1.038346699848
      ,1.038346699847,1.038346699848,1.038346699846,1.038346699849
      ,1.038346699847,1.038346699848,1.038346699847,1.038346699848
      ,1.038346699848,1.038346699847,1.038346699848,1.038346699847
      ,1.038346699848,1.038346699847,1.038346699848,1.038346699847
      ,1.038346699848,1.038346699847,1.038346699847,1.038346699848
      ,1.038346699847,1.038346699848,1.038346699846,1.038346699849
      ,1.038346699846,1.038346699849,1.038346699847,1.038346699848
      ,1.038346699848,1.038346699847,1.038346699848,1.038346699846
      ,1.03834669985,1.038346699845,1.03834669985,1.038346699846
      ,1.038346699848,1.038346699847,1.038346699848,1.038346699847
      ,1.038346699848,1.038346699846,1.03834669985,1.038346699845
      ,1.03834669985,1.038346699846,1.038346699849,1.038346699847
      ,1.038346699848,1.038346699848,1.038346699847,1.038346699848
      ,1.038346699847,1.038346699848,1.038346699847,1.038346699848
      ,1.038346699847,1.038346699848,1.038346699848,1.038346699847
      ,1.038346699848,1.038346699846,1.03834669985,1.038346699845
      ,1.03834669985,1.038346699846,1.038346699848,1.038346699847
      ,1.038346699848,1.038346699847,1.038346699848,1.038346699847
      ,1.038346699848,1.038346699847,1.038346699848,1.038346699847
      ,1.038346699848,1.038346699848,1.038346699848,1.038346699848
      ,1.038346699847,1.038346699848,1.038346699847,1.038346699848
      ,1.038346699847,1.038346699848,1.038346699848,1.038346699847
      ,1.038346699848,1.038346699847,1.038346699848,1.038346699847
      ,1.038346699849,1.038346699846,1.038346699849,1.038346699846
      ,1.038346699848,1.038346699847,1.038346699848,1.038346699847
      ,1.038346699848,1.038346699847,1.038346699848,1.038346699847
      ,1.038346699848,1.038346699847,1.038346699848,1.038346699847
      ,1.038346699848,1.038346699847,1.038346699848,1.038346699846
      ,1.03834669985,1.038346699845,1.03834669985,1.038346699845
      ,1.038346699849,1.038346699847,1.038346699848,1.038346699847
      ,1.038346699848,1.038346699847,1.038346699848,1.038346699847
      ,1.038346699848,1.038346699847,1.038346699848,1.038346699847
      ,1.038346699848,1.038346699847,1.038346699848,1.038346699847
      ,1.038346699849,1.038346699846,1.038346699849,1.038346699846
      ,1.038346699848,1.038346699847,1.038346699848,1.038346699847
      ,1.038346699847,1.038346699848,1.038346699847,1.038346699848
      ,1.038346699847,1.038346699848,1.038346699847,1.038346699848
      ,1.038346699847,1.038346699848,1.038346699847,1.038346699848
      ,1.038346699846,1.038346699849,1.038346699846,1.038346699848
      ,1.038346699847,1.038346699848,1.038346699847,1.038346699848
      ,1.038346699847,1.038346699848,1.038346699847,1.038346699849
      ,1.038346699846,1.038346699848,1.038346699847,1.038346699848
      ,1.038346699847,1.038346699847,1.038346699848,1.038346699847
      ,1.038346699848,1.038346699846,1.038346699849,1.038346699847
      ,1.038346699848,1.038346699847,1.038346699848,1.038346699848
      ,1.038346699847,1.038346699848,1.038346699847,1.038346699848
      ,1.038346699847,1.038346699848,1.038346699847,1.038346699848
      ,1.038346699847,1.038346699848,1.038346699848,1.038346699847
      ,1.038346699848,1.038346699847,1.038346699848,1.038346699847
      ,1.038346699848,1.038346699847,1.038346699848,1.038346699847
      ,1.038346699848,1.038346699847,1.038346699848,1.038346699846
      ,1.038346699849,1.038346699847,1.038346699848,1.038346699847
      ,1.038346699848,1.038346699847,1.038346699848,1.038346699847
      ,1.038346699848,1.038346699847,1.038346699848,1.038346699847
      ,1.038346699848,1.038346699847,1.038346699848,1.038346699848
      ,1.038346699847,1.038346699848,1.038346699847,1.038346699848
      ,1.038346699847,1.038346699848,1.038346699847,1.038346699848
      ,1.038346699847,1.038346699848,1.038346699847,1.038346699848
      ,1.038346699847,1.038346699848,1.038346699847,1.038346699848
      ,1.038346699847,1.038346699848,1.038346699847,1.038346699848
      ,1.038346699847,1.038346699848,1.038346699847,1.038346699849
      ,1.038346699846,1.038346699848,1.038346699847,1.038346699848
      ,1.038346699847,1.038346699848,1.038346699848,1.038346699847
      ,1.038346699848,1.038346699847,1.038346699848,1.038346699847
      ,1.038346699848,1.038346699847,1.038346699848,1.038346699848
      ,1.038346699847,1.038346699848,1.038346699847,1.038346699849
      ,1.038346699846,1.038346699848,1.038346699847,1.038346699848
      ,1.038346699847,1.038346699848,1.038346699847,1.038346699848
      ,1.038346699847,1.038346699848,1.038346699847,1.038346699848
      ,1.038346699847,1.038346699848,1.038346699848,1.038346699848
      ,1.038346699847,1.038346699848,1.038346699847,1.038346699848
      ,1.038346699847,1.038346699848,1.038346699847,1.038346699848
      ,1.038346699847,1.038346699848,1.038346699848,1.038346699847
      ,1.038346699848,1.038346699847,1.038346699848,1.038346699847
      ,1.038346699848,1.038346699847,1.038346699848,1.038346699847
      ,1.038346699848,1.038346699847,1.038346699848,1.038346699847
      ,1.038346699848,1.038346699847,1.038346699848,1.038346699847
      ,1.038346699848,1.038346699847,1.038346699848,1.038346699847
      ,1.038346699848,1.038346699847,1.038346699848,1.038346699847
      ,1.038346699848,1.038346699847,1.038346699848,1.038346699848
      ,1.038346699847,1.038346699848,1.038346699847,1.038346699848
      ,1.038346699847,1.038346699848,1.038346699847,1.038346699848
      ,1.038346699847,1.038346699848,1.038346699847,1.038346699848
      ,1.038346699847,1.038346699849,1.038346699846,1.038346699849
      ,1.038346699847,1.038346699848,1.038346699847,1.038346699848
      ,1.038346699847,1.038346699848,1.038346699847,1.038346699848
      ,1.038346699847,1.038346699848,1.038346699847,1.038346699848
      ,1.038346699848,1.038346699848,1.038346699848,1.038346699847
      ,1.038346699848,1.038346699847,1.038346699848,1.038346699847
      ,1.038346699848,1.038346699847,1.038346699848,1.038346699847
      ,1.038346699848,1.038346699847,1.038346699848,1.038346699846
      ,1.038346699849,1.038346699847,1.038346699848,1.038346699847
      ,1.038346699848,1.038346699847,1.038346699848,1.038346699847
      ,1.038346699848,1.038346699847,1.038346699848,1.038346699847
      ,1.038346699848,1.038346699847,1.038346699848,1.038346699848
      ,1.038346699847,1.038346699848,1.038346699847,1.038346699848
      ,1.038346699847,1.038346699848,1.038346699847,1.038346699848
      ,1.038346699847,1.038346699848,1.038346699847,1.038346699848
      ,1.038346699848,1.038346699847,1.038346699848,1.038346699847
      ,1.038346699848,1.038346699847,1.038346699848,1.038346699847
      ,1.038346699848,1.038346699847,1.038346699849,1.038346699846
      ,1.038346699849,1.038346699846,1.038346699848,1.038346699847
      ,1.038346699848,1.038346699847,1.038346699848,1.038346699847
      ,1.038346699848,1.038346699848,1.038346699847,1.038346699848
      ,1.038346699847,1.038346699848,1.038346699848,1.038346699848
      ,1.038346699848,1.038346699848,1.038346699848,1.038346699847
      ,1.038346699848,1.038346699847,1.038346699848,1.038346699848
      ,1.038346699848,1.038346699848,1.038346699848,1.038346699847
      ,1.038346699848,1.038346699847,1.038346699848,1.038346699847
      ,1.038346699848,1.038346699847,1.038346699848,1.038346699847
      ,1.038346699848,1.038346699847,1.038346699848,1.038346699847
      ,1.038346699848,1.038346699847,1.038346699848,1.038346699847
      ,1.038346699848,1.038346699848,1.038346699847,1.038346699848
      ,1.038346699847,1.038346699849,1.038346699846,1.038346699848
      ,1.038346699847,1.038346699848,1.038346699847,1.038346699848
      ,1.038346699847,1.038346699848,1.038346699847,1.038346699848
      ,1.038346699847,1.038346699848,1.038346699847,1.038346699848
      ,1.038346699847,1.038346699848,1.038346699847,1.038346699848
      ,1.038346699847,1.038346699848,1.038346699847,1.038346699848
      ,1.038346699847,1.038346699848,1.038346699847,1.038346699848
      ,1.038346699847,1.038346699848,1.038346699847,1.038346699848
      ,1.038346699847,1.038346699848,1.038346699847,1.038346699848
      ,1.038346699847,1.038346699848,1.038346699847,1.038346699847
      ,1.038346699848,1.038346699847,1.038346699848,1.038346699847
      ,1.038346699848,1.038346699847,1.038346699848,1.038346699848
      ,1.038346699847,1.038346699848,1.038346699847,1.038346699848
      ,1.038346699847,1.038346699848,1.038346699847,1.038346699848
      ,1.038346699848,1.038346699847,1.038346699848,1.038346699847
      ,1.038346699849,1.038346699846,1.038346699849,1.038346699846
      ,1.038346699848,1.038346699847,1.038346699848,1.038346699847
      ,1.038346699848,1.038346699847,1.038346699848,1.038346699847
      ,1.038346699848,1.038346699847,1.038346699848,1.038346699848
      ,1.038346699847,1.038346699848,1.038346699847,1.038346699848
      ,1.038346699847,1.038346699848,1.038346699847,1.038346699848
      ,1.038346699847,1.038346699848,1.038346699847,1.038346699848
      ,1.038346699847,1.038346699848,1.038346699847,1.038346699847
      ,1.038346699848,1.038346699847,1.038346699848,1.038346699847
      ,1.038346699848,1.038346699847,1.038346699848,1.038346699847
      ,1.038346699848,1.038346699847,1.038346699848,1.038346699847
      ,1.038346699848,1.038346699847,1.038346699848,1.038346699847
      ,1.038346699848,1.038346699847,1.038346699848,1.038346699847
      ,1.038346699848,1.038346699847,1.038346699848,1.038346699847
      ,1.038346699848,1.038346699848,1.038346699848,1.038346699847
      ,1.038346699848,1.038346699846,1.038346699849,1.038346699846
      ,1.038346699848,1.038346699847,1.038346699848,1.038346699847
      ,1.038346699848,1.038346699847,1.038346699848,1.038346699847
      ,1.038346699848,1.038346699847,1.038346699848,1.038346699847
      ,1.038346699848,1.038346699847,1.038346699848,1.038346699848
      ,1.038346699848,1.038346699847,1.038346699848,1.038346699847
      ,1.038346699848,1.038346699847,1.038346699848,1.038346699847
      ,1.038346699848,1.038346699847,1.038346699848,1.038346699848
      ,1.038346699847,1.038346699848,1.038346699847,1.038346699848
      ,1.038346699847,1.038346699848,1.038346699848,1.038346699847
      ,1.038346699848,1.038346699848)
    ,(0.853534330196,0.853534330196,0.853534330196,0.853534330196
      ,0.853534330196,0.853534330196,0.853534330196,0.853534330196
      ,0.853534330196,0.853534330196,0.853534330196,0.853534330196
      ,0.853534330196,0.853534330196,0.853534330197,0.853534330195
      ,0.853534330198,0.853534330195,0.853534330197,0.853534330196
      ,0.853534330196,0.853534330196,0.853534330196,0.853534330196
      ,0.853534330196,0.853534330196,0.853534330197,0.853534330195
      ,0.853534330198,0.853534330195,0.853534330197,0.853534330196
      ,0.853534330196,0.853534330196,0.853534330196,0.853534330196
      ,0.853534330196,0.853534330196,0.853534330196,0.853534330196
      ,0.853534330196,0.853534330196,0.853534330196,0.853534330196
      ,0.853534330196,0.853534330196,0.853534330196,0.853534330196
      ,0.853534330197,0.853534330195,0.853534330197,0.853534330196
      ,0.853534330196,0.853534330196,0.853534330196,0.853534330196
      ,0.853534330196,0.853534330197,0.853534330195,0.853534330198
      ,0.853534330195,0.853534330197,0.853534330196,0.853534330196
      ,0.853534330196,0.853534330196,0.853534330197,0.853534330195
      ,0.853534330198,0.853534330194,0.853534330199,0.853534330194
      ,0.853534330197,0.853534330196,0.853534330196,0.853534330196
      ,0.853534330197,0.853534330195,0.853534330198,0.853534330194
      ,0.853534330198,0.853534330195,0.853534330197,0.853534330196
      ,0.853534330196,0.853534330196,0.853534330196,0.853534330196
      ,0.853534330196,0.853534330196,0.853534330196,0.853534330196
      ,0.853534330196,0.853534330196,0.853534330196,0.853534330196
      ,0.853534330197,0.853534330195,0.853534330198,0.853534330194
      ,0.853534330198,0.853534330195,0.853534330197,0.853534330196
      ,0.853534330196,0.853534330196,0.853534330196,0.853534330196
      ,0.853534330196,0.853534330196,0.853534330196,0.853534330196
      ,0.853534330196,0.853534330196,0.853534330196,0.853534330196
      ,0.853534330196,0.853534330196,0.853534330196,0.853534330196
      ,0.853534330196,0.853534330196,0.853534330196,0.853534330196
      ,0.853534330196,0.853534330196,0.853534330196,0.853534330196
      ,0.853534330196,0.853534330196,0.853534330197,0.853534330196
      ,0.853534330196,0.853534330196,0.853534330196,0.853534330196
      ,0.853534330196,0.853534330196,0.853534330197,0.853534330195
      ,0.853534330197,0.853534330195,0.853534330197,0.853534330196
      ,0.853534330196,0.853534330196,0.853534330196,0.853534330196
      ,0.853534330197,0.853534330195,0.853534330197,0.853534330195
      ,0.853534330197,0.853534330196,0.853534330196,0.853534330196
      ,0.853534330196,0.853534330196,0.853534330196,0.853534330196
      ,0.853534330196,0.853534330196,0.853534330196,0.853534330196
      ,0.853534330196,0.853534330196,0.853534330196,0.853534330196
      ,0.853534330197,0.853534330195,0.853534330198,0.853534330195
      ,0.853534330197,0.853534330196,0.853534330196,0.853534330196
      ,0.853534330196,0.853534330196,0.853534330196,0.853534330196
      ,0.853534330196,0.853534330196,0.853534330196,0.853534330196
      ,0.853534330196,0.853534330196,0.853534330196,0.853534330196
      ,0.853534330196,0.853534330197,0.853534330196,0.853534330197
      ,0.853534330196,0.853534330196,0.853534330196,0.853534330196
      ,0.853534330196,0.853534330197,0.853534330196,0.853534330197
      ,0.853534330196,0.853534330196,0.853534330196,0.853534330196
      ,0.853534330196,0.853534330196,0.853534330196,0.853534330196
      ,0.853534330197,0.853534330195,0.853534330197,0.853534330196
      ,0.853534330196,0.853534330196,0.853534330196,0.853534330196
      ,0.853534330196,0.853534330196,0.853534330196,0.853534330196
      ,0.853534330196,0.853534330197,0.853534330196,0.853534330196
      ,0.853534330196,0.853534330196,0.853534330196,0.853534330196
      ,0.853534330196,0.853534330196,0.853534330197,0.853534330196
      ,0.853534330196,0.853534330196,0.853534330196,0.853534330196
      ,0.853534330196,0.853534330196,0.853534330197,0.853534330196
      ,0.853534330197,0.853534330196,0.853534330196,0.853534330196
      ,0.853534330196,0.853534330196,0.853534330196,0.853534330196
      ,0.853534330197,0.853534330195,0.853534330197,0.853534330196
      ,0.853534330196,0.853534330196,0.853534330196,0.853534330196
      ,0.853534330196,0.853534330196,0.853534330195,0.853534330197
      ,0.853534330195,0.853534330197,0.853534330196,0.853534330196
      ,0.853534330196,0.853534330196,0.853534330196,0.853534330197
      ,0.853534330195,0.853534330197,0.853534330195,0.853534330197
      ,0.853534330196,0.853534330196,0.853534330196,0.853534330196
      ,0.853534330196,0.853534330197,0.853534330195,0.853534330197
      ,0.853534330195,0.853534330197,0.853534330196,0.853534330196
      ,0.853534330196,0.853534330196,0.853534330196,0.853534330196
      ,0.853534330196,0.853534330196,0.853534330196,0.853534330196
      ,0.853534330196,0.853534330196,0.853534330196,0.853534330196
      ,0.853534330196,0.853534330197,0.853534330195,0.853534330197
      ,0.853534330195,0.853534330197,0.853534330196,0.853534330196
      ,0.853534330196,0.853534330196,0.853534330196,0.853534330197
      ,0.853534330196,0.853534330197,0.853534330195,0.853534330197
      ,0.853534330196,0.853534330196,0.853534330196,0.853534330196
      ,0.853534330196,0.853534330196,0.853534330196,0.853534330196
      ,0.853534330196,0.853534330196,0.853534330196,0.853534330196
      ,0.853534330196,0.853534330196,0.853534330196,0.853534330196
      ,0.853534330196,0.853534330196,0.853534330197,0.853534330196
      ,0.853534330196,0.853534330196,0.853534330196,0.853534330196
      ,0.853534330196,0.853534330196,0.853534330196,0.853534330196
      ,0.853534330196,0.853534330196,0.853534330196,0.853534330196
      ,0.853534330196,0.853534330196,0.853534330196,0.853534330196
      ,0.853534330196,0.853534330196,0.853534330196,0.853534330196
      ,0.853534330196,0.853534330196,0.853534330196,0.853534330196
      ,0.853534330196,0.853534330196,0.853534330196,0.853534330196
      ,0.853534330196,0.853534330196,0.853534330196,0.853534330196
      ,0.853534330196,0.853534330196,0.853534330196,0.853534330197
      ,0.853534330195,0.853534330198,0.853534330195,0.853534330197
      ,0.853534330196,0.853534330196,0.853534330196,0.853534330196
      ,0.853534330196,0.853534330196,0.853534330196,0.853534330196
      ,0.853534330196,0.853534330196,0.853534330196,0.853534330196
      ,0.853534330196,0.853534330196,0.853534330196,0.853534330196
      ,0.853534330196,0.853534330196,0.853534330196,0.853534330196
      ,0.853534330196,0.853534330196,0.853534330196,0.853534330196
      ,0.853534330196,0.853534330196,0.853534330196,0.853534330196
      ,0.853534330197,0.853534330196,0.853534330196,0.853534330196
      ,0.853534330196,0.853534330196,0.853534330196,0.853534330196
      ,0.853534330196,0.853534330196,0.853534330196,0.853534330196
      ,0.853534330196,0.853534330196,0.853534330196,0.853534330196
      ,0.853534330196,0.853534330196,0.853534330196,0.853534330196
      ,0.853534330196,0.853534330196,0.853534330196,0.853534330196
      ,0.853534330196,0.853534330196,0.853534330196,0.853534330196
      ,0.853534330196,0.853534330196,0.853534330197,0.853534330196
      ,0.853534330196,0.853534330196,0.853534330196,0.853534330196
      ,0.853534330196,0.853534330195,0.853534330197,0.853534330195
      ,0.853534330197,0.853534330195,0.853534330197,0.853534330196
      ,0.853534330196,0.853534330196,0.853534330196,0.853534330196
      ,0.853534330196,0.853534330196,0.853534330196,0.853534330196
      ,0.853534330196,0.853534330196,0.853534330196,0.853534330196
      ,0.853534330196,0.853534330196,0.853534330196,0.853534330196
      ,0.853534330196,0.853534330196,0.853534330196,0.853534330196
      ,0.853534330196,0.853534330196,0.853534330196,0.853534330196
      ,0.853534330196,0.853534330196,0.853534330196,0.853534330196
      ,0.853534330196,0.853534330196,0.853534330196,0.853534330196
      ,0.853534330196,0.853534330196,0.853534330196,0.853534330196
      ,0.853534330196,0.853534330196,0.853534330196,0.853534330196
      ,0.853534330196,0.853534330196,0.853534330196,0.853534330196
      ,0.853534330196,0.853534330196,0.853534330196,0.853534330196
      ,0.853534330196,0.853534330196,0.853534330196,0.853534330196
      ,0.853534330196,0.853534330196,0.853534330196,0.853534330196
      ,0.853534330196,0.853534330196,0.853534330196,0.853534330196
      ,0.853534330196,0.853534330196,0.853534330196,0.853534330196
      ,0.853534330196,0.853534330196,0.853534330196,0.853534330196
      ,0.853534330196,0.853534330196,0.853534330196,0.853534330196
      ,0.853534330196,0.853534330196,0.853534330196,0.853534330196
      ,0.853534330196,0.853534330196,0.853534330196,0.853534330196
      ,0.853534330196,0.853534330196,0.853534330196,0.853534330196
      ,0.853534330196,0.853534330196,0.853534330196,0.853534330196
      ,0.853534330196,0.853534330196,0.853534330196,0.853534330196
      ,0.853534330196,0.853534330196,0.853534330196,0.853534330196
      ,0.853534330197,0.853534330196,0.853534330196,0.853534330196
      ,0.853534330196,0.853534330196,0.853534330196,0.853534330195
      ,0.853534330197,0.853534330195,0.853534330197,0.853534330195
      ,0.853534330197,0.853534330196,0.853534330196,0.853534330196
      ,0.853534330196,0.853534330196,0.853534330196,0.853534330196
      ,0.853534330196,0.853534330196,0.853534330196,0.853534330196
      ,0.853534330196,0.853534330196,0.853534330196,0.853534330196
      ,0.853534330196,0.853534330196,0.853534330196,0.853534330196
      ,0.853534330196,0.853534330196,0.853534330196,0.853534330196
      ,0.853534330196,0.853534330196,0.853534330196,0.853534330196
      ,0.853534330196,0.853534330196,0.853534330196,0.853534330196
      ,0.853534330196,0.853534330196,0.853534330196,0.853534330196
      ,0.853534330196,0.853534330196,0.853534330196,0.853534330196
      ,0.853534330196,0.853534330196,0.853534330196,0.853534330196
      ,0.853534330196,0.853534330196,0.853534330196,0.853534330196
      ,0.853534330196,0.853534330196,0.853534330196,0.853534330196
      ,0.853534330196,0.853534330196,0.853534330196,0.853534330196
      ,0.853534330197,0.853534330195,0.853534330198,0.853534330195
      ,0.853534330197,0.853534330196,0.853534330196,0.853534330196
      ,0.853534330196,0.853534330196,0.853534330196,0.853534330196
      ,0.853534330196,0.853534330196,0.853534330196,0.853534330196
      ,0.853534330196,0.853534330196,0.853534330196,0.853534330196
      ,0.853534330196,0.853534330196,0.853534330196,0.853534330196
      ,0.853534330196,0.853534330196,0.853534330196,0.853534330196
      ,0.853534330196,0.853534330196,0.853534330196,0.853534330196
      ,0.853534330196,0.853534330196,0.853534330196,0.853534330196
      ,0.853534330196,0.853534330196,0.853534330196,0.853534330196
      ,0.853534330196,0.853534330196)
    ,(1.038346699848,1.038346699848,1.038346699847,1.038346699848
      ,1.038346699847,1.038346699848,1.038346699847,1.038346699848
      ,1.038346699847,1.038346699848,1.038346699847,1.038346699848
      ,1.038346699848,1.038346699847,1.038346699848,1.038346699846
      ,1.038346699849,1.038346699846,1.038346699849,1.038346699847
      ,1.038346699848,1.038346699847,1.038346699848,1.038346699847
      ,1.038346699848,1.038346699847,1.038346699849,1.038346699846
      ,1.038346699849,1.038346699846,1.038346699848,1.038346699847
      ,1.038346699848,1.038346699848,1.038346699847,1.038346699848
      ,1.038346699847,1.038346699848,1.038346699846,1.038346699849
      ,1.038346699847,1.038346699848,1.038346699847,1.038346699848
      ,1.038346699848,1.038346699847,1.038346699848,1.038346699847
      ,1.038346699848,1.038346699847,1.038346699848,1.038346699847
      ,1.038346699848,1.038346699848,1.038346699847,1.038346699848
      ,1.038346699847,1.038346699848,1.038346699846,1.038346699849
      ,1.038346699846,1.038346699849,1.038346699847,1.038346699848
      ,1.038346699848,1.038346699847,1.038346699848,1.038346699846
      ,1.03834669985,1.038346699844,1.038346699851,1.038346699845
      ,1.038346699849,1.038346699847,1.038346699848,1.038346699847
      ,1.038346699848,1.038346699846,1.038346699849,1.038346699845
      ,1.03834669985,1.038346699846,1.038346699848,1.038346699847
      ,1.038346699848,1.038346699848,1.038346699847,1.038346699848
      ,1.038346699847,1.038346699848,1.038346699847,1.038346699848
      ,1.038346699847,1.038346699848,1.038346699848,1.038346699847
      ,1.038346699848,1.038346699846,1.038346699849,1.038346699845
      ,1.03834669985,1.038346699846,1.038346699848,1.038346699847
      ,1.038346699848,1.038346699847,1.038346699848,1.038346699847
      ,1.038346699848,1.038346699848,1.038346699847,1.038346699848
      ,1.038346699847,1.038346699848,1.038346699847,1.038346699848
      ,1.038346699847,1.038346699848,1.038346699847,1.038346699848
      ,1.038346699847,1.038346699848,1.038346699847,1.038346699848
      ,1.038346699848,1.038346699847,1.038346699848,1.038346699847
      ,1.038346699848,1.038346699846,1.038346699849,1.038346699847
      ,1.038346699848,1.038346699847,1.038346699848,1.038346699847
      ,1.038346699848,1.038346699847,1.038346699848,1.038346699847
      ,1.038346699848,1.038346699847,1.038346699848,1.038346699847
      ,1.038346699848,1.038346699847,1.038346699848,1.038346699846
      ,1.038346699849,1.038346699845,1.03834669985,1.038346699846
      ,1.038346699849,1.038346699847,1.038346699848,1.038346699847
      ,1.038346699848,1.038346699848,1.038346699847,1.038346699848
      ,1.038346699847,1.038346699848,1.038346699847,1.038346699848
      ,1.038346699848,1.038346699847,1.038346699848,1.038346699847
      ,1.038346699849,1.038346699846,1.038346699849,1.038346699846
      ,1.038346699848,1.038346699847,1.038346699848,1.038346699847
      ,1.038346699847,1.038346699848,1.038346699847,1.038346699848
      ,1.038346699847,1.038346699848,1.038346699847,1.038346699848
      ,1.038346699847,1.038346699848,1.038346699847,1.038346699848
      ,1.038346699847,1.038346699849,1.038346699847,1.038346699848
      ,1.038346699847,1.038346699848,1.038346699847,1.038346699848
      ,1.038346699847,1.038346699848,1.038346699847,1.038346699848
      ,1.038346699847,1.038346699848,1.038346699847,1.038346699848
      ,1.038346699847,1.038346699848,1.038346699847,1.038346699848
      ,1.038346699848,1.038346699847,1.038346699848,1.038346699847
      ,1.038346699848,1.038346699847,1.038346699848,1.038346699848
      ,1.038346699847,1.038346699848,1.038346699847,1.038346699848
      ,1.038346699847,1.038346699848,1.038346699847,1.038346699848
      ,1.038346699847,1.038346699848,1.038346699848,1.038346699847
      ,1.038346699848,1.038346699847,1.038346699848,1.038346699847
      ,1.038346699848,1.038346699847,1.038346699848,1.038346699847
      ,1.038346699848,1.038346699847,1.038346699848,1.038346699846
      ,1.038346699849,1.038346699847,1.038346699848,1.038346699847
      ,1.038346699848,1.038346699847,1.038346699848,1.038346699847
      ,1.038346699848,1.038346699847,1.038346699848,1.038346699847
      ,1.038346699848,1.038346699847,1.038346699848,1.038346699848
      ,1.038346699847,1.038346699848,1.038346699847,1.038346699848
      ,1.038346699847,1.038346699848,1.038346699847,1.038346699848
      ,1.038346699847,1.038346699848,1.038346699847,1.038346699848
      ,1.038346699847,1.038346699848,1.038346699847,1.038346699848
      ,1.038346699847,1.038346699848,1.038346699847,1.038346699848
      ,1.038346699847,1.038346699848,1.038346699847,1.038346699848
      ,1.038346699847,1.038346699848,1.038346699847,1.038346699848
      ,1.038346699847,1.038346699848,1.038346699847,1.038346699848
      ,1.038346699847,1.038346699848,1.038346699847,1.038346699848
      ,1.038346699847,1.038346699848,1.038346699847,1.038346699848
      ,1.038346699847,1.038346699848,1.038346699847,1.038346699849
      ,1.038346699846,1.038346699848,1.038346699847,1.038346699848
      ,1.038346699847,1.038346699848,1.038346699847,1.038346699848
      ,1.038346699847,1.038346699848,1.038346699847,1.038346699848
      ,1.038346699847,1.038346699848,1.038346699847,1.038346699848
      ,1.038346699847,1.038346699848,1.038346699847,1.038346699848
      ,1.038346699847,1.038346699848,1.038346699847,1.038346699848
      ,1.038346699848,1.038346699848,1.038346699848,1.038346699848
      ,1.038346699848,1.038346699847,1.038346699848,1.038346699847
      ,1.038346699848,1.038346699847,1.038346699848,1.038346699847
      ,1.038346699848,1.038346699847,1.038346699848,1.038346699847
      ,1.038346699848,1.038346699847,1.038346699848,1.038346699847
      ,1.038346699848,1.038346699847,1.038346699848,1.038346699847
      ,1.038346699848,1.038346699847,1.038346699848,1.038346699847
      ,1.038346699848,1.038346699847,1.038346699848,1.038346699848
      ,1.038346699847,1.038346699848,1.038346699847,1.038346699848
      ,1.038346699847,1.038346699848,1.038346699847,1.038346699848
      ,1.038346699847,1.038346699848,1.038346699847,1.038346699848
      ,1.038346699846,1.038346699849,1.038346699846,1.038346699849
      ,1.038346699847,1.038346699848,1.038346699847,1.038346699848
      ,1.038346699847,1.038346699848,1.038346699847,1.038346699848
      ,1.038346699847,1.038346699848,1.038346699847,1.038346699848
      ,1.038346699848,1.038346699848,1.038346699848,1.038346699847
      ,1.038346699848,1.038346699847,1.038346699848,1.038346699847
      ,1.038346699848,1.038346699847,1.038346699848,1.038346699847
      ,1.038346699848,1.038346699847,1.038346699848,1.038346699847
      ,1.038346699848,1.038346699847,1.038346699848,1.038346699847
      ,1.038346699848,1.038346699848,1.038346699847,1.038346699848
      ,1.038346699847,1.038346699848,1.038346699847,1.038346699848
      ,1.038346699847,1.038346699848,1.038346699847,1.038346699848
      ,1.038346699847,1.038346699848,1.038346699847,1.038346699848
      ,1.038346699847,1.038346699848,1.038346699847,1.038346699848
      ,1.038346699847,1.038346699848,1.038346699848,1.038346699847
      ,1.038346699848,1.038346699847,1.038346699848,1.038346699847
      ,1.038346699848,1.038346699847,1.038346699848,1.038346699847
      ,1.038346699848,1.038346699846,1.038346699849,1.038346699846
      ,1.038346699849,1.038346699846,1.038346699848,1.038346699847
      ,1.038346699848,1.038346699847,1.038346699848,1.038346699848
      ,1.038346699847,1.038346699848,1.038346699847,1.038346699848
      ,1.038346699847,1.038346699848,1.038346699848,1.038346699848
      ,1.038346699848,1.038346699847,1.038346699848,1.038346699847
      ,1.038346699848,1.038346699847,1.038346699848,1.038346699847
      ,1.038346699848,1.038346699847,1.038346699848,1.038346699847
      ,1.038346699848,1.038346699847,1.038346699848,1.038346699847
      ,1.038346699848,1.038346699847,1.038346699848,1.038346699848
      ,1.038346699847,1.038346699848,1.038346699847,1.038346699847
      ,1.038346699848,1.038346699847,1.038346699848,1.038346699847
      ,1.038346699848,1.038346699848,1.038346699847,1.038346699848
      ,1.038346699847,1.038346699848,1.038346699847,1.038346699848
      ,1.038346699847,1.038346699848,1.038346699847,1.038346699848
      ,1.038346699847,1.038346699848,1.038346699848,1.038346699847
      ,1.038346699848,1.038346699847,1.038346699847,1.038346699848
      ,1.038346699848,1.038346699848,1.038346699847,1.038346699848
      ,1.038346699847,1.038346699848,1.038346699848,1.038346699847
      ,1.038346699848,1.038346699847,1.038346699848,1.038346699848
      ,1.038346699847,1.038346699848,1.038346699847,1.038346699848
      ,1.038346699847,1.038346699848,1.038346699847,1.038346699848
      ,1.038346699848,1.038346699848,1.038346699847,1.038346699848
      ,1.038346699847,1.038346699847,1.038346699848,1.038346699847
      ,1.038346699848,1.038346699847,1.038346699848,1.038346699848
      ,1.038346699847,1.038346699848,1.038346699847,1.038346699848
      ,1.038346699847,1.038346699848,1.038346699847,1.038346699848
      ,1.038346699848,1.038346699847,1.038346699848,1.038346699846
      ,1.038346699849,1.038346699845,1.038346699849,1.038346699846
      ,1.038346699848,1.038346699847,1.038346699848,1.038346699847
      ,1.038346699848,1.038346699847,1.038346699848,1.038346699847
      ,1.038346699848,1.038346699847,1.038346699848,1.038346699847
      ,1.038346699848,1.038346699848,1.038346699847,1.038346699848
      ,1.038346699847,1.038346699848,1.038346699847,1.038346699848
      ,1.038346699847,1.038346699848,1.038346699848,1.038346699848
      ,1.038346699848,1.038346699847,1.038346699848,1.038346699847
      ,1.038346699848,1.038346699847,1.038346699848,1.038346699847
      ,1.038346699848,1.038346699847,1.038346699848,1.038346699847
      ,1.038346699848,1.038346699847,1.038346699848,1.038346699847
      ,1.038346699848,1.038346699847,1.038346699848,1.038346699848
      ,1.038346699847,1.038346699848,1.038346699847,1.038346699848
      ,1.038346699847,1.038346699848,1.038346699847,1.038346699848
      ,1.038346699847,1.038346699848,1.038346699848,1.038346699847
      ,1.038346699848,1.038346699846,1.038346699849,1.038346699846
      ,1.038346699848,1.038346699847,1.038346699848,1.038346699847
      ,1.038346699848,1.038346699847,1.038346699848,1.038346699847
      ,1.038346699848,1.038346699847,1.038346699848,1.038346699847
      ,1.038346699848,1.038346699847,1.038346699848,1.038346699848
      ,1.038346699848,1.038346699847,1.038346699848,1.038346699847
      ,1.038346699848,1.038346699847,1.038346699848,1.038346699847
      ,1.038346699848,1.038346699848,1.038346699848,1.038346699848
      ,1.038346699847,1.038346699848,1.038346699847,1.038346699848
      ,1.038346699847,1.038346699848,1.038346699848,1.038346699848
      ,1.038346699848,1.038346699848)
    ,(1.03672962321,1.03672962321,1.03672962321,1.03672962321
      ,1.036729623209,1.03672962321,1.036729623209,1.03672962321
      ,1.036729623209,1.03672962321,1.03672962321,1.03672962321
      ,1.03672962321,1.036729623209,1.03672962321,1.036729623208
      ,1.036729623211,1.036729623208,1.036729623211,1.036729623209
      ,1.03672962321,1.03672962321,1.03672962321,1.03672962321
      ,1.03672962321,1.036729623209,1.036729623211,1.036729623208
      ,1.036729623211,1.036729623208,1.03672962321,1.036729623209
      ,1.03672962321,1.03672962321,1.03672962321,1.03672962321
      ,1.036729623209,1.03672962321,1.036729623209,1.03672962321
      ,1.036729623209,1.03672962321,1.036729623209,1.03672962321
      ,1.03672962321,1.03672962321,1.03672962321,1.036729623209
      ,1.03672962321,1.036729623209,1.03672962321,1.036729623209
      ,1.03672962321,1.03672962321,1.03672962321,1.03672962321
      ,1.036729623209,1.036729623211,1.036729623207,1.036729623212
      ,1.036729623207,1.036729623211,1.036729623209,1.03672962321
      ,1.03672962321,1.03672962321,1.03672962321,1.036729623208
      ,1.036729623212,1.036729623207,1.036729623212,1.036729623208
      ,1.03672962321,1.036729623209,1.03672962321,1.03672962321
      ,1.03672962321,1.036729623208,1.036729623212,1.036729623207
      ,1.036729623212,1.036729623208,1.036729623211,1.036729623209
      ,1.03672962321,1.03672962321,1.03672962321,1.03672962321
      ,1.036729623209,1.03672962321,1.03672962321,1.03672962321
      ,1.03672962321,1.03672962321,1.03672962321,1.03672962321
      ,1.03672962321,1.036729623209,1.036729623211,1.036729623208
      ,1.036729623211,1.036729623209,1.03672962321,1.036729623209
      ,1.03672962321,1.03672962321,1.03672962321,1.03672962321
      ,1.03672962321,1.03672962321,1.036729623209,1.03672962321
      ,1.036729623209,1.03672962321,1.03672962321,1.03672962321
      ,1.036729623209,1.03672962321,1.036729623209,1.03672962321
      ,1.036729623209,1.03672962321,1.036729623209,1.03672962321
      ,1.03672962321,1.03672962321,1.03672962321,1.036729623209
      ,1.03672962321,1.036729623209,1.03672962321,1.036729623209
      ,1.03672962321,1.03672962321,1.03672962321,1.03672962321
      ,1.03672962321,1.036729623209,1.03672962321,1.036729623209
      ,1.036729623211,1.036729623209,1.03672962321,1.036729623209
      ,1.03672962321,1.03672962321,1.03672962321,1.036729623209
      ,1.036729623211,1.036729623208,1.036729623211,1.036729623209
      ,1.03672962321,1.036729623209,1.03672962321,1.03672962321
      ,1.03672962321,1.03672962321,1.036729623209,1.036729623211
      ,1.036729623209,1.03672962321,1.036729623209,1.03672962321
      ,1.03672962321,1.03672962321,1.03672962321,1.036729623209
      ,1.036729623211,1.036729623208,1.036729623211,1.036729623209
      ,1.03672962321,1.036729623209,1.03672962321,1.03672962321
      ,1.03672962321,1.03672962321,1.036729623209,1.03672962321
      ,1.036729623209,1.03672962321,1.036729623209,1.03672962321
      ,1.03672962321,1.03672962321,1.036729623209,1.03672962321
      ,1.036729623209,1.03672962321,1.036729623209,1.03672962321
      ,1.036729623209,1.03672962321,1.03672962321,1.03672962321
      ,1.036729623209,1.03672962321,1.036729623209,1.036729623211
      ,1.036729623208,1.03672962321,1.036729623209,1.03672962321
      ,1.03672962321,1.03672962321,1.03672962321,1.03672962321
      ,1.03672962321,1.036729623209,1.03672962321,1.036729623209
      ,1.03672962321,1.036729623209,1.03672962321,1.03672962321
      ,1.03672962321,1.03672962321,1.036729623209,1.03672962321
      ,1.036729623209,1.03672962321,1.036729623209,1.03672962321
      ,1.03672962321,1.03672962321,1.03672962321,1.03672962321
      ,1.03672962321,1.036729623209,1.03672962321,1.036729623209
      ,1.03672962321,1.03672962321,1.03672962321,1.03672962321
      ,1.03672962321,1.036729623209,1.03672962321,1.036729623209
      ,1.036729623211,1.036729623209,1.03672962321,1.036729623209
      ,1.03672962321,1.03672962321,1.03672962321,1.036729623209
      ,1.03672962321,1.036729623209,1.03672962321,1.036729623209
      ,1.03672962321,1.03672962321,1.03672962321,1.03672962321
      ,1.036729623209,1.03672962321,1.036729623209,1.036729623211
      ,1.036729623209,1.03672962321,1.036729623209,1.03672962321
      ,1.03672962321,1.03672962321,1.036729623209,1.03672962321
      ,1.036729623209,1.03672962321,1.036729623209,1.03672962321
      ,1.036729623209,1.03672962321,1.03672962321,1.03672962321
      ,1.036729623209,1.03672962321,1.036729623209,1.036729623211
      ,1.036729623208,1.036729623211,1.036729623209,1.03672962321
      ,1.03672962321,1.03672962321,1.03672962321,1.03672962321
      ,1.036729623209,1.03672962321,1.036729623209,1.03672962321
      ,1.036729623209,1.03672962321,1.03672962321,1.03672962321
      ,1.03672962321,1.03672962321,1.036729623209,1.03672962321
      ,1.036729623209,1.03672962321,1.036729623209,1.03672962321
      ,1.03672962321,1.03672962321,1.036729623209,1.03672962321
      ,1.036729623209,1.03672962321,1.036729623209,1.03672962321
      ,1.036729623209,1.03672962321,1.03672962321,1.03672962321
      ,1.03672962321,1.03672962321,1.03672962321,1.036729623209
      ,1.03672962321,1.03672962321,1.03672962321,1.03672962321
      ,1.03672962321,1.03672962321,1.03672962321,1.03672962321
      ,1.036729623209,1.03672962321,1.036729623209,1.03672962321
      ,1.03672962321,1.03672962321,1.03672962321,1.03672962321
      ,1.03672962321,1.03672962321,1.03672962321,1.036729623209
      ,1.03672962321,1.036729623209,1.03672962321,1.036729623209
      ,1.03672962321,1.03672962321,1.03672962321,1.036729623209
      ,1.03672962321,1.036729623209,1.03672962321,1.036729623209
      ,1.03672962321,1.036729623209,1.03672962321,1.03672962321
      ,1.03672962321,1.036729623209,1.03672962321,1.036729623209
      ,1.03672962321,1.036729623209,1.03672962321,1.03672962321
      ,1.03672962321,1.03672962321,1.036729623209,1.03672962321
      ,1.036729623209,1.036729623211,1.036729623208,1.036729623211
      ,1.036729623209,1.03672962321,1.03672962321,1.03672962321
      ,1.03672962321,1.03672962321,1.03672962321,1.03672962321
      ,1.036729623209,1.03672962321,1.03672962321,1.03672962321
      ,1.03672962321,1.03672962321,1.03672962321,1.03672962321
      ,1.036729623209,1.03672962321,1.036729623209,1.03672962321
      ,1.03672962321,1.03672962321,1.03672962321,1.03672962321
      ,1.03672962321,1.036729623209,1.03672962321,1.036729623209
      ,1.03672962321,1.036729623209,1.03672962321,1.03672962321
      ,1.03672962321,1.03672962321,1.03672962321,1.03672962321
      ,1.036729623209,1.03672962321,1.036729623209,1.03672962321
      ,1.03672962321,1.03672962321,1.03672962321,1.03672962321
      ,1.03672962321,1.03672962321,1.036729623209,1.03672962321
      ,1.03672962321,1.03672962321,1.03672962321,1.03672962321
      ,1.03672962321,1.03672962321,1.03672962321,1.036729623209
      ,1.03672962321,1.036729623208,1.036729623211,1.036729623209
      ,1.03672962321,1.036729623209,1.03672962321,1.03672962321
      ,1.03672962321,1.036729623209,1.036729623211,1.036729623208
      ,1.036729623211,1.036729623209,1.03672962321,1.036729623209
      ,1.03672962321,1.03672962321,1.03672962321,1.036729623209
      ,1.03672962321,1.036729623209,1.03672962321,1.03672962321
      ,1.03672962321,1.03672962321,1.03672962321,1.03672962321
      ,1.03672962321,1.03672962321,1.03672962321,1.03672962321
      ,1.03672962321,1.03672962321,1.03672962321,1.03672962321
      ,1.03672962321,1.03672962321,1.03672962321,1.03672962321
      ,1.036729623209,1.03672962321,1.036729623209,1.03672962321
      ,1.03672962321,1.03672962321,1.03672962321,1.03672962321
      ,1.03672962321,1.03672962321,1.03672962321,1.03672962321
      ,1.03672962321,1.03672962321,1.03672962321,1.03672962321
      ,1.03672962321,1.03672962321,1.03672962321,1.03672962321
      ,1.036729623209,1.03672962321,1.036729623209,1.03672962321
      ,1.036729623209,1.03672962321,1.03672962321,1.03672962321
      ,1.03672962321,1.03672962321,1.03672962321,1.03672962321
      ,1.03672962321,1.03672962321,1.03672962321,1.03672962321
      ,1.03672962321,1.03672962321,1.03672962321,1.03672962321
      ,1.03672962321,1.03672962321,1.03672962321,1.03672962321
      ,1.03672962321,1.03672962321,1.03672962321,1.03672962321
      ,1.03672962321,1.03672962321,1.03672962321,1.036729623209
      ,1.03672962321,1.036729623209,1.03672962321,1.03672962321
      ,1.03672962321,1.03672962321,1.036729623209,1.03672962321
      ,1.036729623209,1.03672962321,1.036729623209,1.03672962321
      ,1.036729623209,1.03672962321,1.03672962321,1.03672962321
      ,1.03672962321,1.03672962321,1.03672962321,1.036729623209
      ,1.03672962321,1.036729623209,1.03672962321,1.03672962321
      ,1.03672962321,1.03672962321,1.03672962321,1.036729623209
      ,1.036729623211,1.036729623208,1.036729623211,1.036729623209
      ,1.03672962321,1.036729623209,1.03672962321,1.03672962321
      ,1.03672962321,1.036729623209,1.03672962321,1.036729623209
      ,1.03672962321,1.036729623209,1.03672962321,1.03672962321
      ,1.03672962321,1.03672962321,1.03672962321,1.03672962321
      ,1.036729623209,1.03672962321,1.036729623209,1.03672962321
      ,1.03672962321,1.03672962321,1.03672962321,1.03672962321
      ,1.03672962321,1.036729623209,1.03672962321,1.036729623209
      ,1.03672962321,1.036729623209,1.03672962321,1.036729623209
      ,1.03672962321,1.03672962321,1.03672962321,1.036729623209
      ,1.03672962321,1.036729623209,1.03672962321,1.036729623209
      ,1.03672962321,1.03672962321,1.03672962321,1.03672962321
      ,1.03672962321,1.03672962321,1.03672962321,1.03672962321
      ,1.03672962321,1.03672962321,1.03672962321,1.03672962321
      ,1.03672962321,1.03672962321,1.03672962321,1.036729623209
      ,1.036729623211,1.036729623208,1.036729623211,1.036729623208
      ,1.036729623211,1.036729623209,1.03672962321,1.03672962321
      ,1.03672962321,1.03672962321,1.03672962321,1.03672962321
      ,1.036729623209,1.03672962321,1.036729623209,1.03672962321
      ,1.036729623209,1.03672962321,1.03672962321,1.03672962321
      ,1.03672962321,1.03672962321,1.036729623209,1.03672962321
      ,1.036729623209,1.03672962321,1.036729623209,1.03672962321
      ,1.036729623209,1.03672962321,1.03672962321,1.03672962321
      ,1.03672962321,1.036729623209,1.03672962321,1.036729623209
      ,1.03672962321,1.036729623209,1.03672962321,1.03672962321
      ,1.03672962321,1.03672962321)
    ,(1.669078461068,1.669078461068,1.669078461068,1.669078461068
      ,1.669078461068,1.669078461068,1.669078461068,1.669078461068
      ,1.669078461068,1.669078461068,1.669078461068,1.669078461068
      ,1.669078461068,1.669078461068,1.669078461069,1.669078461066
      ,1.669078461071,1.669078461066,1.66907846107,1.669078461067
      ,1.669078461069,1.669078461068,1.669078461068,1.669078461068
      ,1.669078461069,1.669078461067,1.669078461071,1.669078461065
      ,1.669078461072,1.669078461065,1.66907846107,1.669078461068
      ,1.669078461068,1.669078461068,1.669078461068,1.669078461068
      ,1.669078461068,1.669078461069,1.669078461067,1.669078461069
      ,1.669078461067,1.669078461069,1.669078461068,1.669078461068
      ,1.669078461068,1.669078461068,1.669078461069,1.669078461068
      ,1.669078461069,1.669078461067,1.66907846107,1.669078461067
      ,1.669078461069,1.669078461068,1.669078461068,1.669078461068
      ,1.669078461068,1.66907846107,1.669078461065,1.669078461072
      ,1.669078461065,1.66907846107,1.669078461067,1.669078461069
      ,1.669078461068,1.669078461068,1.669078461069,1.669078461066
      ,1.669078461073,1.669078461063,1.669078461073,1.669078461064
      ,1.66907846107,1.669078461067,1.669078461068,1.669078461068
      ,1.669078461069,1.669078461066,1.669078461072,1.669078461064
      ,1.669078461072,1.669078461065,1.66907846107,1.669078461068
      ,1.669078461068,1.669078461068,1.669078461068,1.669078461068
      ,1.669078461068,1.669078461069,1.669078461068,1.669078461068
      ,1.669078461068,1.669078461068,1.669078461068,1.669078461068
      ,1.669078461069,1.669078461066,1.669078461071,1.669078461065
      ,1.669078461071,1.669078461066,1.669078461069,1.669078461068
      ,1.669078461068,1.669078461068,1.669078461068,1.669078461068
      ,1.669078461068,1.669078461068,1.669078461068,1.669078461069
      ,1.669078461068,1.669078461068,1.669078461068,1.669078461068
      ,1.669078461068,1.669078461068,1.669078461068,1.669078461069
      ,1.669078461068,1.669078461068,1.669078461068,1.669078461068
      ,1.669078461068,1.669078461068,1.669078461068,1.669078461068
      ,1.669078461069,1.669078461067,1.669078461069,1.669078461067
      ,1.669078461069,1.669078461068,1.669078461068,1.669078461068
      ,1.669078461069,1.669078461067,1.66907846107,1.669078461066
      ,1.66907846107,1.669078461067,1.669078461069,1.669078461068
      ,1.669078461068,1.669078461068,1.669078461069,1.669078461068
      ,1.669078461069,1.669078461067,1.669078461069,1.669078461067
      ,1.669078461069,1.669078461068,1.669078461068,1.669078461068
      ,1.669078461068,1.669078461068,1.669078461068,1.669078461069
      ,1.669078461068,1.669078461069,1.669078461068,1.669078461068
      ,1.669078461068,1.669078461068,1.669078461069,1.669078461067
      ,1.66907846107,1.669078461066,1.66907846107,1.669078461067
      ,1.669078461069,1.669078461068,1.669078461068,1.669078461068
      ,1.669078461068,1.669078461068,1.669078461068,1.669078461068
      ,1.669078461068,1.669078461069,1.669078461068,1.669078461068
      ,1.669078461068,1.669078461068,1.669078461068,1.669078461069
      ,1.669078461067,1.669078461069,1.669078461067,1.669078461069
      ,1.669078461068,1.669078461068,1.669078461068,1.669078461068
      ,1.669078461068,1.669078461069,1.669078461067,1.66907846107
      ,1.669078461067,1.669078461069,1.669078461068,1.669078461068
      ,1.669078461068,1.669078461068,1.669078461068,1.669078461068
      ,1.669078461069,1.669078461067,1.66907846107,1.669078461067
      ,1.669078461069,1.669078461068,1.669078461068,1.669078461068
      ,1.669078461068,1.669078461068,1.669078461068,1.669078461069
      ,1.669078461067,1.669078461069,1.669078461068,1.669078461068
      ,1.669078461068,1.669078461068,1.669078461068,1.669078461068
      ,1.669078461068,1.669078461068,1.669078461069,1.669078461068
      ,1.669078461068,1.669078461068,1.669078461068,1.669078461068
      ,1.669078461068,1.669078461068,1.669078461069,1.669078461067
      ,1.66907846107,1.669078461067,1.669078461069,1.669078461068
      ,1.669078461068,1.669078461068,1.669078461068,1.669078461068
      ,1.669078461068,1.669078461068,1.669078461068,1.669078461068
      ,1.669078461068,1.669078461068,1.669078461068,1.669078461068
      ,1.669078461068,1.669078461069,1.669078461067,1.66907846107
      ,1.669078461067,1.669078461069,1.669078461068,1.669078461068
      ,1.669078461068,1.669078461068,1.669078461068,1.669078461069
      ,1.669078461067,1.66907846107,1.669078461066,1.66907846107
      ,1.669078461067,1.669078461069,1.669078461068,1.669078461068
      ,1.669078461068,1.669078461069,1.669078461066,1.669078461071
      ,1.669078461066,1.66907846107,1.669078461067,1.669078461069
      ,1.669078461068,1.669078461068,1.669078461068,1.669078461068
      ,1.669078461068,1.669078461069,1.669078461068,1.669078461069
      ,1.669078461068,1.669078461068,1.669078461068,1.669078461068
      ,1.669078461068,1.669078461069,1.669078461067,1.66907846107
      ,1.669078461066,1.66907846107,1.669078461067,1.669078461069
      ,1.669078461068,1.669078461068,1.669078461068,1.669078461069
      ,1.669078461067,1.669078461069,1.669078461067,1.669078461069
      ,1.669078461068,1.669078461068,1.669078461068,1.669078461068
      ,1.669078461068,1.669078461068,1.669078461069,1.669078461068
      ,1.669078461068,1.669078461068,1.669078461068,1.669078461068
      ,1.669078461068,1.669078461068,1.669078461068,1.669078461068
      ,1.669078461069,1.669078461068,1.669078461069,1.669078461068
      ,1.669078461068,1.669078461068,1.669078461068,1.669078461068
      ,1.669078461068,1.669078461068,1.669078461069,1.669078461068
      ,1.669078461069,1.669078461068,1.669078461069,1.669078461068
      ,1.669078461068,1.669078461068,1.669078461068,1.669078461068
      ,1.669078461069,1.669078461067,1.669078461069,1.669078461068
      ,1.669078461069,1.669078461068,1.669078461068,1.669078461068
      ,1.669078461068,1.669078461068,1.669078461068,1.669078461069
      ,1.669078461068,1.669078461069,1.669078461068,1.669078461068
      ,1.669078461068,1.669078461068,1.669078461068,1.669078461069
      ,1.669078461067,1.66907846107,1.669078461066,1.66907846107
      ,1.669078461068,1.669078461068,1.669078461068,1.669078461068
      ,1.669078461068,1.669078461068,1.669078461068,1.669078461068
      ,1.669078461068,1.669078461068,1.669078461068,1.669078461068
      ,1.669078461068,1.669078461068,1.669078461068,1.669078461068
      ,1.669078461068,1.669078461068,1.669078461069,1.669078461068
      ,1.669078461068,1.669078461068,1.669078461068,1.669078461068
      ,1.669078461068,1.669078461068,1.669078461069,1.669078461068
      ,1.669078461069,1.669078461068,1.669078461068,1.669078461068
      ,1.669078461068,1.669078461068,1.669078461068,1.669078461068
      ,1.669078461068,1.669078461069,1.669078461068,1.669078461068
      ,1.669078461068,1.669078461068,1.669078461068,1.669078461068
      ,1.669078461068,1.669078461068,1.669078461068,1.669078461069
      ,1.669078461068,1.669078461068,1.669078461068,1.669078461068
      ,1.669078461068,1.669078461068,1.669078461068,1.669078461068
      ,1.669078461069,1.669078461068,1.669078461069,1.669078461068
      ,1.669078461069,1.669078461068,1.669078461068,1.669078461068
      ,1.669078461069,1.669078461067,1.66907846107,1.669078461066
      ,1.66907846107,1.669078461067,1.669078461069,1.669078461068
      ,1.669078461068,1.669078461068,1.669078461068,1.669078461069
      ,1.669078461068,1.669078461069,1.669078461067,1.669078461069
      ,1.669078461068,1.669078461068,1.669078461068,1.669078461068
      ,1.669078461068,1.669078461068,1.669078461068,1.669078461068
      ,1.669078461068,1.669078461068,1.669078461068,1.669078461068
      ,1.669078461068,1.669078461068,1.669078461068,1.669078461068
      ,1.669078461068,1.669078461069,1.669078461068,1.669078461068
      ,1.669078461068,1.669078461068,1.669078461068,1.669078461068
      ,1.669078461068,1.669078461068,1.669078461069,1.669078461068
      ,1.669078461069,1.669078461068,1.669078461069,1.669078461068
      ,1.669078461068,1.669078461068,1.669078461068,1.669078461068
      ,1.669078461069,1.669078461067,1.669078461069,1.669078461067
      ,1.669078461069,1.669078461068,1.669078461068,1.669078461068
      ,1.669078461068,1.669078461068,1.669078461068,1.669078461069
      ,1.669078461068,1.669078461069,1.669078461068,1.669078461068
      ,1.669078461068,1.669078461068,1.669078461068,1.669078461068
      ,1.669078461068,1.669078461069,1.669078461068,1.669078461069
      ,1.669078461068,1.669078461068,1.669078461068,1.669078461068
      ,1.669078461068,1.669078461069,1.669078461068,1.669078461069
      ,1.669078461068,1.669078461069,1.669078461068,1.669078461068
      ,1.669078461068,1.669078461068,1.669078461068,1.669078461068
      ,1.669078461068,1.669078461068,1.669078461068,1.669078461068
      ,1.669078461068,1.669078461068,1.669078461068,1.669078461068
      ,1.669078461068,1.669078461068,1.669078461068,1.669078461068
      ,1.669078461068,1.669078461068,1.669078461068,1.669078461068
      ,1.669078461068,1.669078461068,1.669078461069,1.669078461067
      ,1.66907846107,1.669078461066,1.66907846107,1.669078461067
      ,1.669078461069,1.669078461068,1.669078461068,1.669078461068
      ,1.669078461068,1.669078461068,1.669078461068,1.669078461068
      ,1.669078461068,1.669078461068,1.669078461068,1.669078461068
      ,1.669078461068,1.669078461068,1.669078461068,1.669078461068
      ,1.669078461068,1.669078461068,1.669078461068,1.669078461068
      ,1.669078461068,1.669078461068,1.669078461068,1.669078461068
      ,1.669078461068,1.669078461069,1.669078461068,1.669078461069
      ,1.669078461068,1.669078461069,1.669078461068,1.669078461068
      ,1.669078461068,1.669078461068,1.669078461068,1.669078461068
      ,1.669078461068,1.669078461068,1.669078461068,1.669078461068
      ,1.669078461068,1.669078461068,1.669078461068,1.669078461068
      ,1.669078461068,1.669078461068,1.669078461069,1.669078461068
      ,1.669078461069,1.669078461068,1.669078461068,1.669078461068
      ,1.669078461068,1.669078461068,1.669078461068,1.669078461068
      ,1.66907846107,1.669078461066,1.669078461071,1.669078461065
      ,1.66907846107,1.669078461067,1.669078461069,1.669078461068
      ,1.669078461068,1.669078461068,1.669078461068,1.669078461068
      ,1.669078461069,1.669078461068,1.669078461069,1.669078461068
      ,1.669078461068,1.669078461068,1.669078461068,1.669078461068
      ,1.669078461068,1.669078461068,1.669078461068,1.669078461068
      ,1.669078461068,1.669078461068,1.669078461068,1.669078461068
      ,1.669078461068,1.669078461068,1.669078461068,1.669078461068
      ,1.669078461068,1.669078461068,1.669078461069,1.669078461068
      ,1.669078461069,1.669078461068,1.669078461068,1.669078461068
,1.669078461068,1.669078461068))) REPRESENTATION_ITEM('') SURFACE() );
#680 = CARTESIAN_POINT('',(6.6,1.214306433184E-16,-8.881784197001E-16));
#681 = CARTESIAN_POINT('',(6.601249356649,0.315706423608,
    1.035998562657E-02));
#682 = CARTESIAN_POINT('',(6.584972184497,0.630771857356,
    2.068653725422E-02));
#683 = CARTESIAN_POINT('',(6.551611743954,0.94437809672,
    3.097719305694E-02));
#684 = CARTESIAN_POINT('',(6.501520657377,1.255591022097,
    4.125181692073E-02));
#685 = CARTESIAN_POINT('',(6.435186226171,1.563607749147,
    5.149990725552E-02));
#686 = CARTESIAN_POINT('',(6.353085194753,1.867716849804,
    6.170906855611E-02));
#687 = CARTESIAN_POINT('',(6.255531913955,2.167180988654,
    7.189457407361E-02));
#688 = CARTESIAN_POINT('',(6.142695800953,2.461168765998,
    8.209234191447E-02));
#689 = CARTESIAN_POINT('',(6.014775939501,2.748780005643,
    9.232004021704E-02));
#690 = CARTESIAN_POINT('',(5.872132608662,3.029126172084,0.102553431077)
  );
#691 = CARTESIAN_POINT('',(5.714987474597,3.301345048425,0.112807456271)
  );
#692 = CARTESIAN_POINT('',(5.55784212854,3.573564307963,0.123048847756)
  );
#693 = CARTESIAN_POINT('',(5.386373440032,3.837349896741,0.133274716751)
  );
#694 = CARTESIAN_POINT('',(5.201359627608,4.091925260803,0.143462623));
#695 = CARTESIAN_POINT('',(5.001935034846,4.337304436368,0.153831037637)
  );
#696 = CARTESIAN_POINT('',(4.793677600112,4.569779766542,0.163662564212)
  );
#697 = CARTESIAN_POINT('',(4.567221128228,4.796049082954,0.174380701234)
  );
#698 = CARTESIAN_POINT('',(4.334671135951,5.004108297029,0.184324386732)
  );
#699 = CARTESIAN_POINT('',(4.089174086803,5.20335918789,0.194625690653)
  );
#700 = CARTESIAN_POINT('',(3.834547136404,5.388201272575,0.204833829837)
  );
#701 = CARTESIAN_POINT('',(3.57074382847,5.559536169249,0.215061329482)
  );
#702 = CARTESIAN_POINT('',(3.298548753869,5.716601367028,0.225302579103)
  );
#703 = CARTESIAN_POINT('',(3.026353590089,5.873666618414,0.235540826811)
  );
#704 = CARTESIAN_POINT('',(2.745996929856,6.0163305173,0.245765529952));
#705 = CARTESIAN_POINT('',(2.458548771672,6.144295412133,0.255959872736)
  );
#706 = CARTESIAN_POINT('',(2.16307259384,6.257118721175,0.266310753734)
  );
#707 = CARTESIAN_POINT('',(1.866832901868,6.354341282412,0.276163321082)
  );
#708 = CARTESIAN_POINT('',(1.557153874041,6.437211959799,0.286928839468)
  );
#709 = CARTESIAN_POINT('',(1.251975092708,6.501001589547,0.2967964416));
#710 = CARTESIAN_POINT('',(0.939645455752,6.550862084697,0.307138654167)
  );
#711 = CARTESIAN_POINT('',(0.626713639098,6.583607034102,0.317336073027)
  );
#712 = CARTESIAN_POINT('',(0.312579717338,6.600076659261,0.327561490993)
  );
#713 = CARTESIAN_POINT('',(-1.680405486388E-03,6.599996357547,
    0.33780031023));
#714 = CARTESIAN_POINT('',(-0.315940538978,6.59991605602,0.348038821662)
  );
#715 = CARTESIAN_POINT('',(-0.630066647028,6.583286939867,0.358263926182
    ));
#716 = CARTESIAN_POINT('',(-0.942982943723,6.550385647263,0.368459750153
    ));
#717 = CARTESIAN_POINT('',(-1.255287833819,6.500354978481,0.378807349926
    ));
#718 = CARTESIAN_POINT('',(-1.560433131956,6.436442381181,0.388665809893
    ));
#719 = CARTESIAN_POINT('',(-1.870077523111,6.353367021802,0.399433578422
    ));
#720 = CARTESIAN_POINT('',(-2.166253979751,6.256021599779,0.40929329718)
  );
#721 = CARTESIAN_POINT('',(-2.461673816165,6.143037308765,0.419640179158
    ));
#722 = CARTESIAN_POINT('',(-2.749053206853,6.014928517306,0.429836280848
    ));
#723 = CARTESIAN_POINT('',(-3.029336398735,5.87212408209,0.440061470196)
  );
#724 = CARTESIAN_POINT('',(-3.301453647941,5.714924194131,0.450300053398
    ));
#725 = CARTESIAN_POINT('',(-3.437512272888,5.636324249962,0.455419333656
    ));
#726 = CARTESIAN_POINT('',(-3.571473246064,5.554158191326,0.460535263549
    ));
#727 = CARTESIAN_POINT('',(-3.703248281249,5.468497327232,0.465648546641
    ));
#728 = CARTESIAN_POINT('',(-3.832749027622,5.379412123328,0.470759912708
    ));
#729 = CARTESIAN_POINT('',(-3.959886964258,5.286972283679,0.475870126936
    ));
#730 = CARTESIAN_POINT('',(-4.084573295934,5.191246831243,0.480979945798
    ));
#731 = CARTESIAN_POINT('',(-4.206718846717,5.092304190539,0.48609016324)
  );
#732 = CARTESIAN_POINT('',(-4.326233956737,4.990212267183,0.491201527281
    ));
#733 = CARTESIAN_POINT('',(-4.443028375033,4.885038531261,0.496314816109
    ));
#734 = CARTESIAN_POINT('',(-4.557011156585,4.776850096642,0.50143074466)
  );
#735 = CARTESIAN_POINT('',(-4.890249353275,4.443441218769,0.516788592192
    ));
#736 = CARTESIAN_POINT('',(-5.100611507603,4.20956188815,0.527013762388)
  );
#737 = CARTESIAN_POINT('',(-5.298611943452,3.965032070221,0.537209747282
    ));
#738 = CARTESIAN_POINT('',(-5.484067803122,3.708822187855,0.547557005457
    ));
#739 = CARTESIAN_POINT('',(-5.6546448225,3.447859389533,0.557416146008)
  );
#740 = CARTESIAN_POINT('',(-5.814853292177,3.170164609165,0.568183944288
    ));
#741 = CARTESIAN_POINT('',(-5.955448135022,2.89190249404,0.57804303045)
  );
#742 = CARTESIAN_POINT('',(-6.084449501119,2.603117252027,0.588390311884
    ));
#743 = CARTESIAN_POINT('',(-6.197070859371,2.309322672654,0.59858629588)
  );
#744 = CARTESIAN_POINT('',(-6.294283047976,2.010154493738,0.608811466296
    ));
#745 = CARTESIAN_POINT('',(-6.456800774899,1.403008303662,0.629288597138
    ));
#746 = CARTESIAN_POINT('',(-6.522040076945,1.095281789182,0.639513763069
    ));
#747 = CARTESIAN_POINT('',(-6.571248576661,0.784512538678,0.649709749505
    ));
#748 = CARTESIAN_POINT('',(-6.603753121847,0.469900334493,0.660057008008
    ));
#749 = CARTESIAN_POINT('',(-6.620995762229,0.158611425691,0.669916141913
    ));
#750 = CARTESIAN_POINT('',(-6.620892979152,-0.161983577713,
    0.680683939088));
#751 = CARTESIAN_POINT('',(-6.603520623249,-0.473263036916,
    0.690543034506));
#752 = CARTESIAN_POINT('',(-6.570846464257,-0.787859085737,
    0.700890309889));
#753 = CARTESIAN_POINT('',(-6.521482130496,-1.098603332014,
    0.711086295823));
#754 = CARTESIAN_POINT('',(-6.456086265168,-1.406296668443,0.72131146643
    ));
#755 = CARTESIAN_POINT('',(-6.293257649563,-2.013359554525,
    0.741788597407));
#756 = CARTESIAN_POINT('',(-6.195893285195,-2.312478184041,
    0.752013763008));
#757 = CARTESIAN_POINT('',(-6.083124471061,-2.606216499336,
    0.762209749696));
#758 = CARTESIAN_POINT('',(-5.953968130546,-2.894930933748,
    0.772557007972));
#759 = CARTESIAN_POINT('',(-5.813256242415,-3.173136355577,
    0.782416141791));
#760 = CARTESIAN_POINT('',(-5.652869726439,-3.450728384434,0.79318393892
    ));
#761 = CARTESIAN_POINT('',(-5.482185096044,-3.711618123729,
    0.803043034664));
#762 = CARTESIAN_POINT('',(-5.29659041961,-3.96772921534,0.813390309806)
  );
#763 = CARTESIAN_POINT('',(-5.098467529342,-4.212159459625,
    0.823586295841));
#764 = CARTESIAN_POINT('',(-4.887986380399,-4.445931772821,
    0.833811466433));
#765 = CARTESIAN_POINT('',(-4.554577509929,-4.779169952654,
    0.849169314667));
#766 = CARTESIAN_POINT('',(-4.440539532924,-4.887300186715,
    0.854285247437));
#767 = CARTESIAN_POINT('',(-4.32369159802,-4.992414440342,0.859398532195
    ));
#768 = CARTESIAN_POINT('',(-4.204124636461,-5.094445611554,
    0.864509902865));
#769 = CARTESIAN_POINT('',(-4.081928887509,-5.193326237191,
    0.869620116168));
#770 = CARTESIAN_POINT('',(-3.957194004209,-5.288988412485,
    0.874729942471));
#771 = CARTESIAN_POINT('',(-3.830009159111,-5.381363710639,
    0.879840156606));
#772 = CARTESIAN_POINT('',(-3.700463150033,-5.470383102406,
    0.884951528734));
#773 = CARTESIAN_POINT('',(-3.568644505788,-5.555976875661,
    0.890064815158));
#774 = CARTESIAN_POINT('',(-3.434641591941,-5.638074554981,
    0.895180749177));
#775 = CARTESIAN_POINT('',(-3.026344965744,-5.873665353698,0.91053859741
    ));
#776 = CARTESIAN_POINT('',(-2.745989152164,-6.01632716269,0.920763763003
    ));
#777 = CARTESIAN_POINT('',(-2.45854520438,-6.14429192415,0.9309597497));
#778 = CARTESIAN_POINT('',(-2.16306594572,-6.257116534357,0.941307007962
    ));
#779 = CARTESIAN_POINT('',(-1.86684667529,-6.35433914442,0.95116614179)
  );
#780 = CARTESIAN_POINT('',(-1.557149075967,-6.437215957456,
    0.961933938935));
#781 = CARTESIAN_POINT('',(-1.251979912723,-6.501000601586,
    0.971793034657));
#782 = CARTESIAN_POINT('',(-0.939646768788,-6.550863236974,
    0.982140309808));
#783 = CARTESIAN_POINT('',(-0.626714446314,-6.583607481007,
    0.992336295843));
#784 = CARTESIAN_POINT('',(-0.312579810668,-6.600076821185,
    1.002561466433));
#785 = CARTESIAN_POINT('',(0.315941055899,-6.599915892503,1.02303859741)
  );
#786 = CARTESIAN_POINT('',(0.630067217054,-6.58328673645,1.033263763003)
  );
#787 = CARTESIAN_POINT('',(0.94298335873,-6.550385496772,1.043459749699)
  );
#788 = CARTESIAN_POINT('',(1.255288208123,-6.500354846054,1.053807007963
    ));
#789 = CARTESIAN_POINT('',(1.560432926441,-6.436442460973,1.063666141788
    ));
#790 = CARTESIAN_POINT('',(1.870077321461,-6.353367086788,1.074433938935
    ));
#791 = CARTESIAN_POINT('',(2.166253891347,-6.256021627352,1.084293034657
    ));
#792 = CARTESIAN_POINT('',(2.461673646133,-6.143037364331,1.094640309809
    ));
#793 = CARTESIAN_POINT('',(2.749053109076,-6.014928550254,1.104836295843
    ));
#794 = CARTESIAN_POINT('',(3.029336353844,-5.872124099409,1.115061466433
    ));
#795 = CARTESIAN_POINT('',(3.573570926758,-5.557724297799,1.13553859741)
  );
#796 = CARTESIAN_POINT('',(3.837297584285,-5.386259945635,1.145763763003
    ));
#797 = CARTESIAN_POINT('',(4.091840292393,-5.201308565424,1.155959749699
    ));
#798 = CARTESIAN_POINT('',(4.337288900332,-5.00182832623,1.166307007964)
  );
#799 = CARTESIAN_POINT('',(4.569595785686,-4.793906217986,1.176166141788
    ));
#800 = CARTESIAN_POINT('',(4.79621801082,-4.567138635989,1.186933938936)
  );
#801 = CARTESIAN_POINT('',(5.00404171463,-4.334746710244,1.196793034656)
  );
#802 = CARTESIAN_POINT('',(5.203390595543,-4.089189590838,1.207140309809
    ));
#803 = CARTESIAN_POINT('',(5.38821410394,-3.834554371931,1.217336295842)
  );
#804 = CARTESIAN_POINT('',(5.559544288741,-3.570740467341,1.227561466433
    ));
#805 = CARTESIAN_POINT('',(5.873665353698,-3.026344965745,1.24803859741)
  );
#806 = CARTESIAN_POINT('',(6.016327162689,-2.745989152164,1.258263763003
    ));
#807 = CARTESIAN_POINT('',(6.144291924154,-2.458545204381,1.268459749699
    ));
#808 = CARTESIAN_POINT('',(6.257116534352,-2.163065945719,1.278807007963
    ));
#809 = CARTESIAN_POINT('',(6.354339144427,-1.866846675291,1.288666141789
    ));
#810 = CARTESIAN_POINT('',(6.437215957449,-1.557149075965,1.299433938935
    ));
#811 = CARTESIAN_POINT('',(6.501000601591,-1.251979912725,1.309293034657
    ));
#812 = CARTESIAN_POINT('',(6.55086323697,-0.939646768787,1.319640309808)
  );
#813 = CARTESIAN_POINT('',(6.583607481008,-0.626714446315,1.329836295843
    ));
#814 = CARTESIAN_POINT('',(6.600076821184,-0.312579810668,1.340061466433
    ));
#815 = CARTESIAN_POINT('',(6.599915892503,0.315941055899,1.36053859741)
  );
#816 = CARTESIAN_POINT('',(6.58328673645,0.630067217054,1.370763763003)
  );
#817 = CARTESIAN_POINT('',(6.550385496773,0.942983358729,1.380959749699)
  );
#818 = CARTESIAN_POINT('',(6.500354846052,1.255288208125,1.391307007963)
  );
#819 = CARTESIAN_POINT('',(6.436442460976,1.560432926438,1.401166141789)
  );
#820 = CARTESIAN_POINT('',(6.353367086786,1.870077321463,1.411933938935)
  );
#821 = CARTESIAN_POINT('',(6.256021627353,2.166253891345,1.421793034657)
  );
#822 = CARTESIAN_POINT('',(6.14303736433,2.461673646134,1.432140309808)
  );
#823 = CARTESIAN_POINT('',(6.014928550254,2.749053109076,1.442336295843)
  );
#824 = CARTESIAN_POINT('',(5.872124099409,3.029336353844,1.452561466433)
  );
#825 = CARTESIAN_POINT('',(5.557724297799,3.573570926758,1.47303859741)
  );
#826 = CARTESIAN_POINT('',(5.386259945636,3.837297584286,1.483263763002)
  );
#827 = CARTESIAN_POINT('',(5.201308565421,4.091840292391,1.4934597497));
#828 = CARTESIAN_POINT('',(5.001828326235,4.337288900335,1.503807007962)
  );
#829 = CARTESIAN_POINT('',(4.79390621798,4.569595785683,1.513666141791)
  );
#830 = CARTESIAN_POINT('',(4.567138635995,4.796218010823,1.524433938933)
  );
#831 = CARTESIAN_POINT('',(4.334746710239,5.004041714627,1.534293034658)
  );
#832 = CARTESIAN_POINT('',(4.089189590841,5.203390595544,1.544640309808)
  );
#833 = CARTESIAN_POINT('',(3.83455437193,5.388214103939,1.554836295843)
  );
#834 = CARTESIAN_POINT('',(3.570740467341,5.559544288741,1.565061466433)
  );
#835 = CARTESIAN_POINT('',(3.026344965745,5.873665353698,1.58553859741)
  );
#836 = CARTESIAN_POINT('',(2.745989152165,6.01632716269,1.595763763003)
  );
#837 = CARTESIAN_POINT('',(2.458545204381,6.144291924152,1.605959749699)
  );
#838 = CARTESIAN_POINT('',(2.16306594572,6.257116534356,1.616307007964)
  );
#839 = CARTESIAN_POINT('',(1.86684667529,6.354339144421,1.626166141787)
  );
#840 = CARTESIAN_POINT('',(1.557149075966,6.437215957455,1.636933938937)
  );
#841 = CARTESIAN_POINT('',(1.251979912725,6.501000601586,1.646793034655)
  );
#842 = CARTESIAN_POINT('',(0.939646768787,6.550863236974,1.657140309809)
  );
#843 = CARTESIAN_POINT('',(0.626714446315,6.583607481006,1.667336295842)
  );
#844 = CARTESIAN_POINT('',(0.312579810668,6.600076821185,1.677561466433)
  );
#845 = CARTESIAN_POINT('',(-0.315941055899,6.599915892503,1.69803859741)
  );
#846 = CARTESIAN_POINT('',(-0.630067217054,6.58328673645,1.708263763003)
  );
#847 = CARTESIAN_POINT('',(-0.94298335873,6.550385496774,1.718459749699)
  );
#848 = CARTESIAN_POINT('',(-1.255288208123,6.500354846051,1.728807007963
    ));
#849 = CARTESIAN_POINT('',(-1.560432926441,6.436442460978,1.738666141789
    ));
#850 = CARTESIAN_POINT('',(-1.87007732146,6.353367086784,1.749433938935)
  );
#851 = CARTESIAN_POINT('',(-2.166253891348,6.256021627354,1.759293034657
    ));
#852 = CARTESIAN_POINT('',(-2.461673646132,6.14303736433,1.769640309808)
  );
#853 = CARTESIAN_POINT('',(-2.749053109077,6.014928550254,1.779836295843
    ));
#854 = CARTESIAN_POINT('',(-3.029336353844,5.872124099409,1.790061466433
    ));
#855 = CARTESIAN_POINT('',(-3.573570926759,5.557724297799,1.81053859741)
  );
#856 = CARTESIAN_POINT('',(-3.837297584285,5.386259945636,1.820763763003
    ));
#857 = CARTESIAN_POINT('',(-4.091840292394,5.201308565421,1.8309597497)
  );
#858 = CARTESIAN_POINT('',(-4.33728890033,5.001828326234,1.841307007963)
  );
#859 = CARTESIAN_POINT('',(-4.569595785689,4.79390621798,1.851166141789)
  );
#860 = CARTESIAN_POINT('',(-4.796218010818,4.567138635995,1.861933938934
    ));
#861 = CARTESIAN_POINT('',(-5.004041714631,4.334746710239,1.871793034657
    ));
#862 = CARTESIAN_POINT('',(-5.203390595542,4.089189590841,1.882140309808
    ));
#863 = CARTESIAN_POINT('',(-5.38821410394,3.83455437193,1.892336295843)
  );
#864 = CARTESIAN_POINT('',(-5.559544288741,3.570740467341,1.902561466433
    ));
#865 = CARTESIAN_POINT('',(-5.873665353698,3.026344965745,1.92303859741)
  );
#866 = CARTESIAN_POINT('',(-6.016327162689,2.745989152165,1.933263763003
    ));
#867 = CARTESIAN_POINT('',(-6.144291924154,2.45854520438,1.943459749699)
  );
#868 = CARTESIAN_POINT('',(-6.257116534353,2.163065945721,1.953807007963
    ));
#869 = CARTESIAN_POINT('',(-6.354339144426,1.866846675289,1.963666141788
    ));
#870 = CARTESIAN_POINT('',(-6.437215957451,1.557149075966,1.974433938936
    ));
#871 = CARTESIAN_POINT('',(-6.501000601589,1.251979912724,1.984293034656
    ));
#872 = CARTESIAN_POINT('',(-6.550863236972,0.939646768787,1.994640309809
    ));
#873 = CARTESIAN_POINT('',(-6.583607481007,0.626714446315,2.004836295843
    ));
#874 = CARTESIAN_POINT('',(-6.600076821185,0.312579810668,2.015061466433
    ));
#875 = CARTESIAN_POINT('',(-6.599915892503,-0.315941055899,2.03553859741
    ));
#876 = CARTESIAN_POINT('',(-6.58328673645,-0.630067217054,2.045763763003
    ));
#877 = CARTESIAN_POINT('',(-6.550385496773,-0.94298335873,2.0559597497)
  );
#878 = CARTESIAN_POINT('',(-6.500354846053,-1.255288208124,
    2.066307007963));
#879 = CARTESIAN_POINT('',(-6.436442460975,-1.560432926439,
    2.076166141789));
#880 = CARTESIAN_POINT('',(-6.353367086787,-1.870077321463,
    2.086933938934));
#881 = CARTESIAN_POINT('',(-6.256021627353,-2.166253891345,
    2.096793034657));
#882 = CARTESIAN_POINT('',(-6.143037364331,-2.461673646134,
    2.107140309808));
#883 = CARTESIAN_POINT('',(-6.014928550254,-2.749053109076,
    2.117336295843));
#884 = CARTESIAN_POINT('',(-5.872124099409,-3.029336353844,
    2.127561466433));
#885 = CARTESIAN_POINT('',(-5.636324248202,-3.43751228353,2.142919314666
    ));
#886 = CARTESIAN_POINT('',(-5.554158184959,-3.571473269526,
    2.148035247436));
#887 = CARTESIAN_POINT('',(-5.468497317639,-3.703248312748,
    2.153148532194));
#888 = CARTESIAN_POINT('',(-5.3794121118,-3.832749062924,2.158259902864)
  );
#889 = CARTESIAN_POINT('',(-5.286972271135,-3.959887000005,
    2.163370116168));
#890 = CARTESIAN_POINT('',(-5.191246818775,-4.084573329106,
    2.168479942469));
#891 = CARTESIAN_POINT('',(-5.092304178646,-4.206718875466,
    2.173590156607));
#892 = CARTESIAN_POINT('',(-4.990212256756,-4.32623397938,2.178701528734
    ));
#893 = CARTESIAN_POINT('',(-4.885038522556,-4.443028391167,
    2.183814815158));
#894 = CARTESIAN_POINT('',(-4.77685009024,-4.557011166103,2.188930749177
    ));
#895 = CARTESIAN_POINT('',(-4.443441219769,-4.890249345931,2.20428859741
    ));
#896 = CARTESIAN_POINT('',(-4.209561892057,-5.100611495621,
    2.214513763003));
#897 = CARTESIAN_POINT('',(-3.96503207665,-5.298611931659,2.224709749699
    ));
#898 = CARTESIAN_POINT('',(-3.708822187456,-5.484067796068,
    2.235057007963));
#899 = CARTESIAN_POINT('',(-3.447859407,-5.654644814747,2.244916141789)
  );
#900 = CARTESIAN_POINT('',(-3.170164595086,-5.814853305781,
    2.255683938935));
#901 = CARTESIAN_POINT('',(-2.891902499609,-5.955448132295,
    2.265543034657));
#902 = CARTESIAN_POINT('',(-2.603117249151,-6.084449505649,
    2.275890309808));
#903 = CARTESIAN_POINT('',(-2.309322670968,-6.197070861507,
    2.286086295843));
#904 = CARTESIAN_POINT('',(-2.010154492363,-6.294283048959,
    2.296311466433));
#905 = CARTESIAN_POINT('',(-1.403008303577,-6.456800774301,2.31678859741
    ));
#906 = CARTESIAN_POINT('',(-1.095281789514,-6.522040076072,
    2.327013763003));
#907 = CARTESIAN_POINT('',(-0.78451253937,-6.571248575935,2.337209749699
    ));
#908 = CARTESIAN_POINT('',(-0.469900334421,-6.603753121203,
    2.347557007963));
#909 = CARTESIAN_POINT('',(-0.158611427767,-6.620995762444,
    2.357416141789));
#910 = CARTESIAN_POINT('',(0.161983579369,-6.620892979633,2.368183938935
    ));
#911 = CARTESIAN_POINT('',(0.473263036218,-6.60352062329,2.378043034657)
  );
#912 = CARTESIAN_POINT('',(0.78785908603,-6.570846464512,2.388390309808)
  );
#913 = CARTESIAN_POINT('',(1.09860333216,-6.521482130601,2.398586295843)
  );
#914 = CARTESIAN_POINT('',(1.406296668562,-6.45608626519,2.408811466433)
  );
#915 = CARTESIAN_POINT('',(2.013359554532,-6.293257649508,2.42928859741)
  );
#916 = CARTESIAN_POINT('',(2.312478184015,-6.195893285135,2.439513763003
    ));
#917 = CARTESIAN_POINT('',(2.606216499286,-6.083124471028,2.449709749699
    ));
#918 = CARTESIAN_POINT('',(2.894930933746,-5.953968130492,2.460057007963
    ));
#919 = CARTESIAN_POINT('',(3.173136355447,-5.81325624251,2.469916141789)
  );
#920 = CARTESIAN_POINT('',(3.450728384545,-5.652869726415,2.480683938935
    ));
#921 = CARTESIAN_POINT('',(3.711618123682,-5.482185096074,2.490543034657
    ));
#922 = CARTESIAN_POINT('',(3.96772921536,-5.29659041962,2.500890309808)
  );
#923 = CARTESIAN_POINT('',(4.212159459633,-5.098467529347,2.511086295843
    ));
#924 = CARTESIAN_POINT('',(4.445931772827,-4.887986380397,2.521311466433
    ));
#925 = CARTESIAN_POINT('',(4.890249345931,-4.443441219769,2.54178859741)
  );
#926 = CARTESIAN_POINT('',(5.100611495622,-4.209561892057,2.552013763003
    ));
#927 = CARTESIAN_POINT('',(5.298611931657,-3.965032076651,2.562209749699
    ));
#928 = CARTESIAN_POINT('',(5.484067796073,-3.708822187454,2.572557007963
    ));
#929 = CARTESIAN_POINT('',(5.654644814742,-3.447859407002,2.582416141789
    ));
#930 = CARTESIAN_POINT('',(5.814853305785,-3.170164595084,2.593183938935
    ));
#931 = CARTESIAN_POINT('',(5.955448132292,-2.891902499609,2.603043034657
    ));
#932 = CARTESIAN_POINT('',(6.08444950565,-2.603117249151,2.613390309808)
  );
#933 = CARTESIAN_POINT('',(6.197070861507,-2.309322670968,2.623586295843
    ));
#934 = CARTESIAN_POINT('',(6.294283048959,-2.010154492363,2.633811466433
    ));
#935 = CARTESIAN_POINT('',(6.456800774301,-1.403008303577,2.65428859741)
  );
#936 = CARTESIAN_POINT('',(6.522040076072,-1.095281789514,2.664513763003
    ));
#937 = CARTESIAN_POINT('',(6.571248575936,-0.78451253937,2.674709749699)
  );
#938 = CARTESIAN_POINT('',(6.603753121201,-0.469900334421,2.685057007963
    ));
#939 = CARTESIAN_POINT('',(6.620995762447,-0.158611427766,2.694916141789
    ));
#940 = CARTESIAN_POINT('',(6.62089297963,0.161983579369,2.705683938935)
  );
#941 = CARTESIAN_POINT('',(6.603520623291,0.473263036218,2.715543034657)
  );
#942 = CARTESIAN_POINT('',(6.570846464511,0.78785908603,2.725890309808)
  );
#943 = CARTESIAN_POINT('',(6.521482130601,1.09860333216,2.736086295843)
  );
#944 = CARTESIAN_POINT('',(6.456086265189,1.406296668562,2.746311466433)
  );
#945 = CARTESIAN_POINT('',(6.293257649508,2.013359554532,2.76678859741)
  );
#946 = CARTESIAN_POINT('',(6.195893285134,2.312478184014,2.777013763003)
  );
#947 = CARTESIAN_POINT('',(6.083124471031,2.606216499286,2.787209749699)
  );
#948 = CARTESIAN_POINT('',(5.953968130486,2.894930933745,2.797557007963)
  );
#949 = CARTESIAN_POINT('',(5.813256242518,3.173136355447,2.807416141789)
  );
#950 = CARTESIAN_POINT('',(5.652869726407,3.450728384545,2.818183938935)
  );
#951 = CARTESIAN_POINT('',(5.482185096081,3.711618123682,2.828043034657)
  );
#952 = CARTESIAN_POINT('',(5.296590419616,3.967729215361,2.838390309808)
  );
#953 = CARTESIAN_POINT('',(5.098467529348,4.212159459633,2.848586295843)
  );
#954 = CARTESIAN_POINT('',(4.887986380397,4.445931772827,2.858811466433)
  );
#955 = CARTESIAN_POINT('',(4.443441219769,4.890249345931,2.87928859741)
  );
#956 = CARTESIAN_POINT('',(4.209561892057,5.100611495621,2.889513763003)
  );
#957 = CARTESIAN_POINT('',(3.96503207665,5.298611931658,2.899709749699)
  );
#958 = CARTESIAN_POINT('',(3.708822187456,5.484067796071,2.910057007963)
  );
#959 = CARTESIAN_POINT('',(3.447859407,5.654644814744,2.919916141789));
#960 = CARTESIAN_POINT('',(3.170164595085,5.814853305784,2.930683938935)
  );
#961 = CARTESIAN_POINT('',(2.891902499609,5.955448132292,2.940543034657)
  );
#962 = CARTESIAN_POINT('',(2.603117249151,6.08444950565,2.950890309808)
  );
#963 = CARTESIAN_POINT('',(2.309322670968,6.197070861507,2.961086295843)
  );
#964 = CARTESIAN_POINT('',(2.010154492363,6.294283048959,2.971311466433)
  );
#965 = CARTESIAN_POINT('',(1.554794850774,6.416171342965,2.986669314666)
  );
#966 = CARTESIAN_POINT('',(1.401969948659,6.452795884076,2.991785247436)
  );
#967 = CARTESIAN_POINT('',(1.248219541841,6.485403530565,2.996898532194)
  );
#968 = CARTESIAN_POINT('',(1.093655930072,6.51398163603,3.002009902863)
  );
#969 = CARTESIAN_POINT('',(0.938390994428,6.538516895301,3.007120116168)
  );
#970 = CARTESIAN_POINT('',(0.782536329105,6.558995327634,3.012229942469)
  );
#971 = CARTESIAN_POINT('',(0.626203373198,6.575402259972,3.017340156607)
  );
#972 = CARTESIAN_POINT('',(0.469503542494,6.587722310132,3.022451528734)
  );
#973 = CARTESIAN_POINT('',(0.312548361259,6.595939370055,3.027564815158)
  );
#974 = CARTESIAN_POINT('',(0.155449594026,6.600036589014,3.032680749177)
  );
#975 = CARTESIAN_POINT('',(-0.315941055899,6.599915892503,3.04803859741)
  );
#976 = CARTESIAN_POINT('',(-0.630067217054,6.583286736449,3.058263763003
    ));
#977 = CARTESIAN_POINT('',(-0.94298335873,6.550385496775,3.068459749699)
  );
#978 = CARTESIAN_POINT('',(-1.255288208124,6.50035484605,3.078807007963)
  );
#979 = CARTESIAN_POINT('',(-1.560432926439,6.43644246098,3.088666141789)
  );
#980 = CARTESIAN_POINT('',(-1.870077321463,6.353367086782,3.099433938935
    ));
#981 = CARTESIAN_POINT('',(-2.166253891345,6.256021627357,3.109293034657
    ));
#982 = CARTESIAN_POINT('',(-2.461673646134,6.143037364328,3.119640309808
    ));
#983 = CARTESIAN_POINT('',(-2.749053109076,6.014928550255,3.129836295843
    ));
#984 = CARTESIAN_POINT('',(-3.029336353844,5.872124099408,3.140061466433
    ));
#985 = CARTESIAN_POINT('',(-3.573570926758,5.557724297799,3.16053859741)
  );
#986 = CARTESIAN_POINT('',(-3.837297584285,5.386259945636,3.170763763003
    ));
#987 = CARTESIAN_POINT('',(-4.091840292392,5.201308565422,3.180959749699
    ));
#988 = CARTESIAN_POINT('',(-4.337288900332,5.001828326233,3.191307007963
    ));
#989 = CARTESIAN_POINT('',(-4.569595785686,4.793906217983,3.201166141789
    ));
#990 = CARTESIAN_POINT('',(-4.79621801082,4.567138635993,3.211933938935)
  );
#991 = CARTESIAN_POINT('',(-5.004041714629,4.334746710241,3.221793034657
    ));
#992 = CARTESIAN_POINT('',(-5.203390595543,4.089189590839,3.232140309808
    ));
#993 = CARTESIAN_POINT('',(-5.38821410394,3.834554371931,3.242336295843)
  );
#994 = CARTESIAN_POINT('',(-5.559544288741,3.570740467341,3.252561466433
    ));
#995 = CARTESIAN_POINT('',(-5.873665353698,3.026344965745,3.27303859741)
  );
#996 = CARTESIAN_POINT('',(-6.016327162689,2.745989152164,3.283263763003
    ));
#997 = CARTESIAN_POINT('',(-6.144291924153,2.458545204381,3.293459749699
    ));
#998 = CARTESIAN_POINT('',(-6.257116534355,2.16306594572,3.303807007963)
  );
#999 = CARTESIAN_POINT('',(-6.354339144423,1.86684667529,3.313666141789)
  );
#1000 = CARTESIAN_POINT('',(-6.437215957453,1.557149075966,
    3.324433938935));
#1001 = CARTESIAN_POINT('',(-6.501000601587,1.251979912724,
    3.334293034657));
#1002 = CARTESIAN_POINT('',(-6.550863236973,0.939646768787,
    3.344640309808));
#1003 = CARTESIAN_POINT('',(-6.583607481007,0.626714446315,
    3.354836295843));
#1004 = CARTESIAN_POINT('',(-6.600076821185,0.312579810668,
    3.365061466433));
#1005 = CARTESIAN_POINT('',(-6.599915892503,-0.315941055899,
    3.38553859741));
#1006 = CARTESIAN_POINT('',(-6.583286736449,-0.630067217054,
    3.395763763003));
#1007 = CARTESIAN_POINT('',(-6.550385496775,-0.94298335873,
    3.405959749699));
#1008 = CARTESIAN_POINT('',(-6.50035484605,-1.255288208123,
    3.416307007963));
#1009 = CARTESIAN_POINT('',(-6.436442460979,-1.56043292644,
    3.426166141789));
#1010 = CARTESIAN_POINT('',(-6.353367086782,-1.870077321461,
    3.436933938935));
#1011 = CARTESIAN_POINT('',(-6.256021627357,-2.166253891346,
    3.446793034657));
#1012 = CARTESIAN_POINT('',(-6.143037364328,-2.461673646133,
    3.457140309808));
#1013 = CARTESIAN_POINT('',(-6.014928550255,-2.749053109076,
    3.467336295843));
#1014 = CARTESIAN_POINT('',(-5.872124099409,-3.029336353844,
    3.477561466433));
#1015 = CARTESIAN_POINT('',(-5.557724297799,-3.573570926758,
    3.49803859741));
#1016 = CARTESIAN_POINT('',(-5.386259945636,-3.837297584285,
    3.508263763003));
#1017 = CARTESIAN_POINT('',(-5.201308565422,-4.091840292392,
    3.518459749699));
#1018 = CARTESIAN_POINT('',(-5.001828326234,-4.337288900332,
    3.528807007963));
#1019 = CARTESIAN_POINT('',(-4.793906217981,-4.569595785687,
    3.538666141789));
#1020 = CARTESIAN_POINT('',(-4.567138635995,-4.796218010819,
    3.549433938935));
#1021 = CARTESIAN_POINT('',(-4.334746710239,-5.00404171463,
    3.559293034657));
#1022 = CARTESIAN_POINT('',(-4.089189590841,-5.203390595543,
    3.569640309808));
#1023 = CARTESIAN_POINT('',(-3.83455437193,-5.38821410394,3.579836295843
    ));
#1024 = CARTESIAN_POINT('',(-3.570740467341,-5.559544288741,
    3.590061466433));
#1025 = CARTESIAN_POINT('',(-3.026344965745,-5.873665353698,
    3.61053859741));
#1026 = CARTESIAN_POINT('',(-2.745989152165,-6.01632716269,
    3.620763763003));
#1027 = CARTESIAN_POINT('',(-2.458545204381,-6.144291924152,
    3.630959749699));
#1028 = CARTESIAN_POINT('',(-2.16306594572,-6.257116534356,
    3.641307007963));
#1029 = CARTESIAN_POINT('',(-1.866846675289,-6.354339144422,
    3.651166141789));
#1030 = CARTESIAN_POINT('',(-1.557149075966,-6.437215957454,
    3.661933938935));
#1031 = CARTESIAN_POINT('',(-1.251979912724,-6.501000601587,
    3.671793034657));
#1032 = CARTESIAN_POINT('',(-0.939646768787,-6.550863236973,
    3.682140309808));
#1033 = CARTESIAN_POINT('',(-0.626714446315,-6.583607481007,
    3.692336295843));
#1034 = CARTESIAN_POINT('',(-0.312579810668,-6.600076821185,
    3.702561466433));
#1035 = CARTESIAN_POINT('',(0.158810839257,-6.599956124674,
    3.717919314666));
#1036 = CARTESIAN_POINT('',(0.315907487867,-6.595778719575,
    3.723035247436));
#1037 = CARTESIAN_POINT('',(0.472858456542,-6.587481753976,
    3.728148532194));
#1038 = CARTESIAN_POINT('',(0.629551998923,-6.575082077707,
    3.733259902864));
#1039 = CARTESIAN_POINT('',(0.785876602553,-6.558595795909,
    3.738370116168));
#1040 = CARTESIAN_POINT('',(0.941720857238,-6.538038286928,3.74347994247
    ));
#1041 = CARTESIAN_POINT('',(1.09697332341,-6.513424220237,3.748590156606
    ));
#1042 = CARTESIAN_POINT('',(1.25152240048,-6.484767574317,3.753701528734
    ));
#1043 = CARTESIAN_POINT('',(1.405256195208,-6.452081654582,
    3.758814815158));
#1044 = CARTESIAN_POINT('',(1.558062390054,-6.415379111269,
    3.763930749177));
#1045 = CARTESIAN_POINT('',(2.013359554532,-6.293257649508,3.77928859741
    ));
#1046 = CARTESIAN_POINT('',(2.312478184014,-6.195893285135,
    3.789513763003));
#1047 = CARTESIAN_POINT('',(2.606216499286,-6.08312447103,3.799709749699
    ));
#1048 = CARTESIAN_POINT('',(2.894930933745,-5.953968130488,
    3.810057007963));
#1049 = CARTESIAN_POINT('',(3.173136355447,-5.813256242515,
    3.819916141789));
#1050 = CARTESIAN_POINT('',(3.450728384545,-5.65286972641,3.830683938935
    ));
#1051 = CARTESIAN_POINT('',(3.711618123682,-5.482185096079,
    3.840543034657));
#1052 = CARTESIAN_POINT('',(3.967729215361,-5.296590419617,
    3.850890309808));
#1053 = CARTESIAN_POINT('',(4.212159459633,-5.098467529348,
    3.861086295843));
#1054 = CARTESIAN_POINT('',(4.445931772827,-4.887986380397,
    3.871311466433));
#1055 = CARTESIAN_POINT('',(4.890249345931,-4.443441219769,3.89178859741
    ));
#1056 = CARTESIAN_POINT('',(5.100611495621,-4.209561892057,
    3.902013763003));
#1057 = CARTESIAN_POINT('',(5.298611931658,-3.96503207665,3.912209749699
    ));
#1058 = CARTESIAN_POINT('',(5.484067796071,-3.708822187456,
    3.922557007963));
#1059 = CARTESIAN_POINT('',(5.654644814744,-3.447859407,3.932416141789)
  );
#1060 = CARTESIAN_POINT('',(5.814853305784,-3.170164595086,
    3.943183938935));
#1061 = CARTESIAN_POINT('',(5.955448132293,-2.891902499608,
    3.953043034657));
#1062 = CARTESIAN_POINT('',(6.08444950565,-2.603117249151,3.963390309808
    ));
#1063 = CARTESIAN_POINT('',(6.197070861507,-2.309322670968,
    3.973586295843));
#1064 = CARTESIAN_POINT('',(6.294283048959,-2.010154492363,
    3.983811466433));
#1065 = CARTESIAN_POINT('',(6.456800774301,-1.403008303577,4.00428859741
    ));
#1066 = CARTESIAN_POINT('',(6.522040076071,-1.095281789514,
    4.014513763003));
#1067 = CARTESIAN_POINT('',(6.571248575938,-0.784512539371,
    4.024709749699));
#1068 = CARTESIAN_POINT('',(6.603753121198,-0.46990033442,4.035057007963
    ));
#1069 = CARTESIAN_POINT('',(6.620995762451,-0.158611427768,
    4.044916141789));
#1070 = CARTESIAN_POINT('',(6.620892979627,0.16198357937,4.055683938935)
  );
#1071 = CARTESIAN_POINT('',(6.603520623294,0.473263036217,4.065543034657
    ));
#1072 = CARTESIAN_POINT('',(6.57084646451,0.78785908603,4.075890309808)
  );
#1073 = CARTESIAN_POINT('',(6.521482130602,1.09860333216,4.086086295843)
  );
#1074 = CARTESIAN_POINT('',(6.456086265189,1.406296668562,4.096311466433
    ));
#1075 = CARTESIAN_POINT('',(6.293257649508,2.013359554532,4.11678859741)
  );
#1076 = CARTESIAN_POINT('',(6.195893285135,2.312478184014,4.127013763003
    ));
#1077 = CARTESIAN_POINT('',(6.083124471029,2.606216499286,4.1372097497)
  );
#1078 = CARTESIAN_POINT('',(5.95396813049,2.894930933745,4.147557007963)
  );
#1079 = CARTESIAN_POINT('',(5.813256242513,3.173136355447,4.157416141789
    ));
#1080 = CARTESIAN_POINT('',(5.652869726412,3.450728384544,4.168183938935
    ));
#1081 = CARTESIAN_POINT('',(5.482185096077,3.711618123683,4.178043034657
    ));
#1082 = CARTESIAN_POINT('',(5.296590419618,3.96772921536,4.188390309808)
  );
#1083 = CARTESIAN_POINT('',(5.098467529347,4.212159459634,4.198586295843
    ));
#1084 = CARTESIAN_POINT('',(4.887986380397,4.445931772827,4.208811466433
    ));
#1085 = CARTESIAN_POINT('',(4.443441219769,4.890249345931,4.22928859741)
  );
#1086 = CARTESIAN_POINT('',(4.209561892057,5.100611495621,4.239513763003
    ));
#1087 = CARTESIAN_POINT('',(3.965032076651,5.29861193166,4.2497097497));
#1088 = CARTESIAN_POINT('',(3.708822187454,5.484067796067,4.260057007963
    ));
#1089 = CARTESIAN_POINT('',(3.447859407001,5.65464481475,4.269916141789)
  );
#1090 = CARTESIAN_POINT('',(3.170164595084,5.814853305778,4.280683938935
    ));
#1091 = CARTESIAN_POINT('',(2.89190249961,5.955448132297,4.290543034657)
  );
#1092 = CARTESIAN_POINT('',(2.603117249151,6.084449505647,4.300890309808
    ));
#1093 = CARTESIAN_POINT('',(2.309322670968,6.197070861508,4.311086295843
    ));
#1094 = CARTESIAN_POINT('',(2.010154492363,6.294283048959,4.321311466433
    ));
#1095 = CARTESIAN_POINT('',(1.403008303577,6.456800774301,4.34178859741)
  );
#1096 = CARTESIAN_POINT('',(1.095281789514,6.522040076071,4.352013763003
    ));
#1097 = CARTESIAN_POINT('',(0.78451253937,6.571248575937,4.3622097497));
#1098 = CARTESIAN_POINT('',(0.469900334421,6.603753121199,4.372557007963
    ));
#1099 = CARTESIAN_POINT('',(0.158611427767,6.620995762449,4.382416141789
    ));
#1100 = CARTESIAN_POINT('',(-0.161983579369,6.620892979628,
    4.393183938934));
#1101 = CARTESIAN_POINT('',(-0.473263036218,6.603520623293,
    4.403043034658));
#1102 = CARTESIAN_POINT('',(-0.78785908603,6.570846464511,4.413390309808
    ));
#1103 = CARTESIAN_POINT('',(-1.09860333216,6.521482130602,4.423586295843
    ));
#1104 = CARTESIAN_POINT('',(-1.406296668562,6.456086265189,
    4.433811466433));
#1105 = CARTESIAN_POINT('',(-2.013359554532,6.293257649508,4.45428859741
    ));
#1106 = CARTESIAN_POINT('',(-2.312478184015,6.195893285135,
    4.464513763003));
#1107 = CARTESIAN_POINT('',(-2.606216499285,6.08312447103,4.474709749699
    ));
#1108 = CARTESIAN_POINT('',(-2.894930933747,5.953968130488,
    4.485057007963));
#1109 = CARTESIAN_POINT('',(-3.173136355445,5.813256242515,
    4.494916141788));
#1110 = CARTESIAN_POINT('',(-3.450728384547,5.65286972641,4.505683938935
    ));
#1111 = CARTESIAN_POINT('',(-3.711618123681,5.482185096078,
    4.515543034657));
#1112 = CARTESIAN_POINT('',(-3.967729215361,5.296590419618,
    4.525890309808));
#1113 = CARTESIAN_POINT('',(-4.212159459633,5.098467529347,
    4.536086295843));
#1114 = CARTESIAN_POINT('',(-4.445931772827,4.887986380397,
    4.546311466433));
#1115 = CARTESIAN_POINT('',(-4.890249345931,4.443441219769,4.56678859741
    ));
#1116 = CARTESIAN_POINT('',(-5.100611495621,4.209561892057,
    4.577013763003));
#1117 = CARTESIAN_POINT('',(-5.298611931659,3.965032076651,
    4.587209749699));
#1118 = CARTESIAN_POINT('',(-5.484067796068,3.708822187455,
    4.597557007963));
#1119 = CARTESIAN_POINT('',(-5.654644814748,3.447859407001,
    4.607416141789));
#1120 = CARTESIAN_POINT('',(-5.814853305779,3.170164595085,
    4.618183938935));
#1121 = CARTESIAN_POINT('',(-5.955448132296,2.891902499609,
    4.628043034657));
#1122 = CARTESIAN_POINT('',(-6.084449505648,2.603117249151,
    4.638390309808));
#1123 = CARTESIAN_POINT('',(-6.197070861508,2.309322670967,
    4.648586295843));
#1124 = CARTESIAN_POINT('',(-6.294283048959,2.010154492363,
    4.658811466433));
#1125 = CARTESIAN_POINT('',(-6.416171342965,1.554794850773,
    4.674169314666));
#1126 = CARTESIAN_POINT('',(-6.452795884076,1.40196994866,4.679285247436
    ));
#1127 = CARTESIAN_POINT('',(-6.485403530563,1.248219541841,
    4.684398532193));
#1128 = CARTESIAN_POINT('',(-6.513981636034,1.093655930072,
    4.689509902865));
#1129 = CARTESIAN_POINT('',(-6.538516895295,0.938390994427,
    4.694620116166));
#1130 = CARTESIAN_POINT('',(-6.55899532764,0.782536329106,4.699729942471
    ));
#1131 = CARTESIAN_POINT('',(-6.575402259968,0.626203373197,
    4.704840156605));
#1132 = CARTESIAN_POINT('',(-6.587722310134,0.469503542494,
    4.709951528735));
#1133 = CARTESIAN_POINT('',(-6.595939370054,0.312548361259,
    4.715064815157));
#1134 = CARTESIAN_POINT('',(-6.600036589014,0.155449594026,
    4.720180749177));
#1135 = CARTESIAN_POINT('',(-6.599915892503,-0.315941055899,
    4.73553859741));
#1136 = CARTESIAN_POINT('',(-6.58328673645,-0.630067217054,
    4.745763763003));
#1137 = CARTESIAN_POINT('',(-6.550385496774,-0.94298335873,4.7559597497)
  );
#1138 = CARTESIAN_POINT('',(-6.500354846051,-1.255288208124,
    4.766307007962));
#1139 = CARTESIAN_POINT('',(-6.436442460978,-1.560432926439,
    4.77616614179));
#1140 = CARTESIAN_POINT('',(-6.353367086784,-1.870077321463,
    4.786933938934));
#1141 = CARTESIAN_POINT('',(-6.256021627355,-2.166253891345,
    4.796793034658));
#1142 = CARTESIAN_POINT('',(-6.14303736433,-2.461673646133,
    4.807140309808));
#1143 = CARTESIAN_POINT('',(-6.014928550254,-2.749053109076,
    4.817336295843));
#1144 = CARTESIAN_POINT('',(-5.872124099409,-3.029336353844,
    4.827561466433));
#1145 = CARTESIAN_POINT('',(-5.557724297799,-3.573570926758,
    4.84803859741));
#1146 = CARTESIAN_POINT('',(-5.386259945637,-3.837297584285,
    4.858263763003));
#1147 = CARTESIAN_POINT('',(-5.20130856542,-4.091840292392,
    4.868459749699));
#1148 = CARTESIAN_POINT('',(-5.001828326237,-4.337288900333,
    4.878807007963));
#1149 = CARTESIAN_POINT('',(-4.793906217977,-4.569595785684,
    4.888666141789));
#1150 = CARTESIAN_POINT('',(-4.567138635998,-4.796218010822,
    4.899433938935));
#1151 = CARTESIAN_POINT('',(-4.334746710237,-5.004041714628,
    4.909293034657));
#1152 = CARTESIAN_POINT('',(-4.089189590842,-5.203390595544,
    4.919640309808));
#1153 = CARTESIAN_POINT('',(-3.83455437193,-5.388214103939,
    4.929836295843));
#1154 = CARTESIAN_POINT('',(-3.570740467341,-5.559544288741,
    4.940061466433));
#1155 = CARTESIAN_POINT('',(-3.026344965745,-5.873665353698,
    4.96053859741));
#1156 = CARTESIAN_POINT('',(-2.745989152165,-6.01632716269,
    4.970763763003));
#1157 = CARTESIAN_POINT('',(-2.458545204381,-6.144291924152,4.9809597497
    ));
#1158 = CARTESIAN_POINT('',(-2.163065945719,-6.257116534356,
    4.991307007962));
#1159 = CARTESIAN_POINT('',(-1.866846675291,-6.354339144422,
    5.00116614179));
#1160 = CARTESIAN_POINT('',(-1.557149075964,-6.437215957454,
    5.011933938934));
#1161 = CARTESIAN_POINT('',(-1.251979912725,-6.501000601587,
    5.021793034658));
#1162 = CARTESIAN_POINT('',(-0.939646768787,-6.550863236973,
    5.032140309808));
#1163 = CARTESIAN_POINT('',(-0.626714446315,-6.583607481007,
    5.042336295843));
#1164 = CARTESIAN_POINT('',(-0.312579810668,-6.600076821185,
    5.052561466433));
#1165 = CARTESIAN_POINT('',(0.158810839257,-6.599956124674,
    5.067919314666));
#1166 = CARTESIAN_POINT('',(0.315907487867,-6.595778719575,
    5.073035247436));
#1167 = CARTESIAN_POINT('',(0.472858456542,-6.587481753978,
    5.078148532195));
#1168 = CARTESIAN_POINT('',(0.629551998923,-6.575082077704,
    5.083259902862));
#1169 = CARTESIAN_POINT('',(0.785876602553,-6.558595795912,
    5.088370116169));
#1170 = CARTESIAN_POINT('',(0.941720857238,-6.538038286925,
    5.093479942468));
#1171 = CARTESIAN_POINT('',(1.09697332341,-6.51342422024,5.098590156608)
  );
#1172 = CARTESIAN_POINT('',(1.25152240048,-6.484767574316,5.103701528733
    ));
#1173 = CARTESIAN_POINT('',(1.405256195208,-6.452081654583,
    5.108814815158));
#1174 = CARTESIAN_POINT('',(1.558062390054,-6.415379111269,
    5.113930749177));
#1175 = CARTESIAN_POINT('',(2.013359554532,-6.293257649508,5.12928859741
    ));
#1176 = CARTESIAN_POINT('',(2.312478184014,-6.195893285135,
    5.139513763003));
#1177 = CARTESIAN_POINT('',(2.606216499286,-6.083124471028,
    5.149709749699));
#1178 = CARTESIAN_POINT('',(2.894930933747,-5.953968130491,
    5.160057007964));
#1179 = CARTESIAN_POINT('',(3.173136355445,-5.813256242512,
    5.169916141787));
#1180 = CARTESIAN_POINT('',(3.450728384547,-5.652869726413,
    5.180683938936));
#1181 = CARTESIAN_POINT('',(3.711618123681,-5.482185096076,
    5.190543034656));
#1182 = CARTESIAN_POINT('',(3.967729215361,-5.296590419619,
    5.200890309809));
#1183 = CARTESIAN_POINT('',(4.212159459633,-5.098467529347,
    5.211086295842));
#1184 = CARTESIAN_POINT('',(4.445931772827,-4.887986380397,
    5.221311466433));
#1185 = CARTESIAN_POINT('',(4.890249345931,-4.443441219769,5.24178859741
    ));
#1186 = CARTESIAN_POINT('',(5.100611495621,-4.209561892057,
    5.252013763003));
#1187 = CARTESIAN_POINT('',(5.298611931658,-3.965032076651,
    5.262209749699));
#1188 = CARTESIAN_POINT('',(5.48406779607,-3.708822187454,5.272557007963
    ));
#1189 = CARTESIAN_POINT('',(5.654644814745,-3.447859407002,
    5.282416141788));
#1190 = CARTESIAN_POINT('',(5.814853305783,-3.170164595084,
    5.293183938935));
#1191 = CARTESIAN_POINT('',(5.955448132293,-2.89190249961,5.303043034657
    ));
#1192 = CARTESIAN_POINT('',(6.084449505649,-2.603117249151,
    5.313390309809));
#1193 = CARTESIAN_POINT('',(6.197070861507,-2.309322670968,
    5.323586295843));
#1194 = CARTESIAN_POINT('',(6.294283048959,-2.010154492363,
    5.333811466433));
#1195 = CARTESIAN_POINT('',(6.456800774301,-1.403008303577,5.35428859741
    ));
#1196 = CARTESIAN_POINT('',(6.522040076072,-1.095281789514,
    5.364513763003));
#1197 = CARTESIAN_POINT('',(6.571248575936,-0.784512539371,
    5.374709749699));
#1198 = CARTESIAN_POINT('',(6.603753121201,-0.46990033442,5.385057007964
    ));
#1199 = CARTESIAN_POINT('',(6.620995762447,-0.158611427769,
    5.394916141787));
#1200 = CARTESIAN_POINT('',(6.620892979631,0.161983579371,5.405683938936
    ));
#1201 = CARTESIAN_POINT('',(6.603520623291,0.473263036217,5.415543034656
    ));
#1202 = CARTESIAN_POINT('',(6.570846464512,0.787859086031,5.425890309809
    ));
#1203 = CARTESIAN_POINT('',(6.521482130601,1.09860333216,5.436086295842)
  );
#1204 = CARTESIAN_POINT('',(6.45608626519,1.406296668562,5.446311466433)
  );
#1205 = CARTESIAN_POINT('',(6.293257649508,2.013359554532,5.46678859741)
  );
#1206 = CARTESIAN_POINT('',(6.195893285135,2.312478184014,5.477013763003
    ));
#1207 = CARTESIAN_POINT('',(6.083124471028,2.606216499286,5.487209749699
    ));
#1208 = CARTESIAN_POINT('',(5.953968130491,2.894930933745,5.497557007963
    ));
#1209 = CARTESIAN_POINT('',(5.813256242512,3.173136355447,5.507416141789
    ));
#1210 = CARTESIAN_POINT('',(5.652869726412,3.450728384545,5.518183938935
    ));
#1211 = CARTESIAN_POINT('',(5.482185096076,3.711618123683,5.528043034657
    ));
#1212 = CARTESIAN_POINT('',(5.296590419619,3.96772921536,5.538390309808)
  );
#1213 = CARTESIAN_POINT('',(5.098467529347,4.212159459634,5.548586295843
    ));
#1214 = CARTESIAN_POINT('',(4.887986380397,4.445931772827,5.558811466433
    ));
#1215 = CARTESIAN_POINT('',(4.443441219769,4.890249345931,5.57928859741)
  );
#1216 = CARTESIAN_POINT('',(4.209561892057,5.100611495622,5.589513763003
    ));
#1217 = CARTESIAN_POINT('',(3.965032076651,5.298611931657,5.599709749699
    ));
#1218 = CARTESIAN_POINT('',(3.708822187453,5.484067796072,5.610057007963
    ));
#1219 = CARTESIAN_POINT('',(3.447859407003,5.654644814743,5.619916141788
    ));
#1220 = CARTESIAN_POINT('',(3.170164595082,5.814853305785,5.630683938936
    ));
#1221 = CARTESIAN_POINT('',(2.891902499611,5.955448132292,5.640543034657
    ));
#1222 = CARTESIAN_POINT('',(2.60311724915,6.08444950565,5.650890309808)
  );
#1223 = CARTESIAN_POINT('',(2.309322670968,6.197070861507,5.661086295843
    ));
#1224 = CARTESIAN_POINT('',(2.010154492363,6.294283048959,5.671311466433
    ));
#1225 = CARTESIAN_POINT('',(1.403008303577,6.456800774301,5.69178859741)
  );
#1226 = CARTESIAN_POINT('',(1.095281789514,6.522040076071,5.702013763003
    ));
#1227 = CARTESIAN_POINT('',(0.784512539371,6.571248575937,5.7122097497)
  );
#1228 = CARTESIAN_POINT('',(0.46990033442,6.603753121199,5.722557007963)
  );
#1229 = CARTESIAN_POINT('',(0.158611427767,6.620995762449,5.732416141789
    ));
#1230 = CARTESIAN_POINT('',(-0.161983579369,6.620892979628,
    5.743183938935));
#1231 = CARTESIAN_POINT('',(-0.473263036218,6.603520623294,
    5.753043034657));
#1232 = CARTESIAN_POINT('',(-0.78785908603,6.57084646451,5.763390309808)
  );
#1233 = CARTESIAN_POINT('',(-1.098603332161,6.521482130602,
    5.773586295843));
#1234 = CARTESIAN_POINT('',(-1.406296668562,6.456086265189,
    5.783811466433));
#1235 = CARTESIAN_POINT('',(-2.013359554532,6.293257649508,5.80428859741
    ));
#1236 = CARTESIAN_POINT('',(-2.312478184014,6.195893285134,
    5.814513763003));
#1237 = CARTESIAN_POINT('',(-2.606216499287,6.08312447103,5.8247097497)
  );
#1238 = CARTESIAN_POINT('',(-2.894930933741,5.953968130487,
    5.835057007962));
#1239 = CARTESIAN_POINT('',(-3.173136355452,5.813256242514,
    5.844916141791));
#1240 = CARTESIAN_POINT('',(-3.450728384535,5.65286972641,5.855683938936
    ));
#1241 = CARTESIAN_POINT('',(-3.711618123687,5.482185096081,
    5.865543034656));
#1242 = CARTESIAN_POINT('',(-3.967729215361,5.296590419619,
    5.875890309808));
#1243 = CARTESIAN_POINT('',(-4.212159459638,5.09846752935,5.886086295842
    ));
#1244 = CARTESIAN_POINT('',(-4.445931772831,4.887986380397,
    5.896311466432));
#1245 = CARTESIAN_POINT('',(-4.779169952657,4.554577509921,
    5.911669314665));
#1246 = CARTESIAN_POINT('',(-4.887300186715,4.440539532913,
    5.916785247437));
#1247 = CARTESIAN_POINT('',(-4.992414440341,4.32369159801,5.921898532194
    ));
#1248 = CARTESIAN_POINT('',(-5.094445611545,4.20412463645,5.927009902865
    ));
#1249 = CARTESIAN_POINT('',(-5.193326237185,4.081928887499,
    5.932120116168));
#1250 = CARTESIAN_POINT('',(-5.288988412468,3.9571940042,5.937229942471)
  );
#1251 = CARTESIAN_POINT('',(-5.381363710628,3.830009159105,
    5.942340156608));
#1252 = CARTESIAN_POINT('',(-5.470383102389,3.700463150031,
    5.947451528735));
#1253 = CARTESIAN_POINT('',(-5.555976875647,3.568644505791,
    5.952564815159));
#1254 = CARTESIAN_POINT('',(-5.638074554968,3.43464159195,5.957680749179
    ));
#1255 = CARTESIAN_POINT('',(-5.873665353697,3.026344965774,5.97303859741
    ));
#1256 = CARTESIAN_POINT('',(-6.016327162711,2.745989152202,
    5.983263762996));
#1257 = CARTESIAN_POINT('',(-6.144291924205,2.45854520446,5.993459749707
    ));
#1258 = CARTESIAN_POINT('',(-6.257116534419,2.163065945528,
    6.003807007953));
#1259 = CARTESIAN_POINT('',(-6.354339144441,1.866846675748,
    6.013666141784));
#1260 = CARTESIAN_POINT('',(-6.437215957665,1.557149075404,
    6.024433938953));
#1261 = CARTESIAN_POINT('',(-6.501000601396,1.251979912734,
    6.034293034684));
#1262 = CARTESIAN_POINT('',(-6.550863236812,0.939646768591,
    6.044640309772));
#1263 = CARTESIAN_POINT('',(-6.583607480776,0.626714446219,
    6.054836295863));
#1264 = CARTESIAN_POINT('',(-6.600076821003,0.312579810699,
    6.065061466389));
#1265 = CARTESIAN_POINT('',(-6.599915892687,-0.315941055469,
    6.085538597387));
#1266 = CARTESIAN_POINT('',(-6.583286736949,-0.63006721653,
    6.095763762962));
#1267 = CARTESIAN_POINT('',(-6.5503854979,-0.942983357763,6.10595975017)
  );
#1268 = CARTESIAN_POINT('',(-6.500354845604,-1.255288210289,
    6.116307007033));
#1269 = CARTESIAN_POINT('',(-6.436442464047,-1.56043292122,
    6.126166142914));
#1270 = CARTESIAN_POINT('',(-6.353367085688,-1.870077328057,
    6.136933939646));
#1271 = CARTESIAN_POINT('',(-6.256021625231,-2.166253891079,
    6.146793034518));
#1272 = CARTESIAN_POINT('',(-6.143037361272,-2.46167364835,
    6.157140308987));
#1273 = CARTESIAN_POINT('',(-6.014928546993,-2.749053110207,
    6.167336295967));
#1274 = CARTESIAN_POINT('',(-5.872124097395,-3.02933635379,
    6.177561465134));
#1275 = CARTESIAN_POINT('',(-5.557724302058,-3.573570922965,
    6.198038596652));
#1276 = CARTESIAN_POINT('',(-5.386259954065,-3.837297579407,
    6.208263764398));
#1277 = CARTESIAN_POINT('',(-5.201308582045,-4.091840284721,
    6.21845975651));
#1278 = CARTESIAN_POINT('',(-5.001828317139,-4.337288910713,
    6.228806993872));
#1279 = CARTESIAN_POINT('',(-4.793906266033,-4.569595755272,
    6.238666159427));
#1280 = CARTESIAN_POINT('',(-4.567138607788,-4.796218045051,
    6.249433966355));
#1281 = CARTESIAN_POINT('',(-4.334746685617,-5.004041716936,
    6.25929301099));
#1282 = CARTESIAN_POINT('',(-4.089189549081,-5.20339061257,
    6.269640310605));
#1283 = CARTESIAN_POINT('',(-3.834554328272,-5.388214117937,
    6.279836284574));
#1284 = CARTESIAN_POINT('',(-3.57074043846,-5.559544296787,
    6.290061450064));
#1285 = CARTESIAN_POINT('',(-3.298542724238,-5.716604816838,
    6.300300010459));
#1286 = CARTESIAN_POINT('',(-3.026345010694,-5.873665336481,
    6.31053859367));
#1287 = CARTESIAN_POINT('',(-2.745989249961,-6.016327129791,
    6.32076377802));
#1288 = CARTESIAN_POINT('',(-2.458545374321,-6.144291868327,
    6.330959880396));
#1289 = CARTESIAN_POINT('',(-2.163066034337,-6.257116507491,
    6.34130674528));
#1290 = CARTESIAN_POINT('',(-1.866846876448,-6.354339078114,
    6.35116650264));
#1291 = CARTESIAN_POINT('',(-1.557149281708,-6.437215877767,
    6.36193427036));
#1292 = CARTESIAN_POINT('',(-1.251979538554,-6.501000734848,
    6.371792692747));
#1293 = CARTESIAN_POINT('',(-0.93964635384,-6.55086338803,6.382140309246
    ));
#1294 = CARTESIAN_POINT('',(-0.626713876287,-6.583607684955,
    6.392336132647));
#1295 = CARTESIAN_POINT('',(-0.312579293692,-6.600076984578,
    6.402561242252));
#1296 = CARTESIAN_POINT('',(1.680839712089E-03,-6.59999635614,
    6.412799753795));
#1297 = CARTESIAN_POINT('',(0.315940962449,-6.599915727517,
    6.423038573145));
#1298 = CARTESIAN_POINT('',(0.630066409477,-6.583286285536,6.43326398611
    ));
#1299 = CARTESIAN_POINT('',(0.942982042384,-6.550384332201,
    6.443461405871));
#1300 = CARTESIAN_POINT('',(1.255283399615,-6.500355873729,
    6.453803599194));
#1301 = CARTESIAN_POINT('',(1.560437701007,-6.436438380485,
    6.463671245099));
#1302 = CARTESIAN_POINT('',(1.870063569785,-6.353369320864,6.4744367541)
  );
#1303 = CARTESIAN_POINT('',(2.166260543703,-6.256023811993,
    6.484289289628));
#1304 = CARTESIAN_POINT('',(2.461677224376,-6.143040878828,
    6.494640185605));
#1305 = CARTESIAN_POINT('',(2.749060892634,-6.014931912647,6.50483452877
    ));
#1306 = CARTESIAN_POINT('',(3.029344972226,-5.872125348837,
    6.515059237786));
#1307 = CARTESIAN_POINT('',(3.301459650038,-5.714920697262,
    6.525297486518));
#1308 = CARTESIAN_POINT('',(3.573574236856,-5.557716096152,
    6.535538737165));
#1309 = CARTESIAN_POINT('',(3.837290286521,-5.386247026699,6.54576623164
    ));
#1310 = CARTESIAN_POINT('',(4.091824605485,-5.201276981228,6.55597437265
    ));
#1311 = CARTESIAN_POINT('',(4.337213947022,-5.001895495296,
    6.566275642859));
#1312 = CARTESIAN_POINT('',(4.569676962352,-4.793736054117,
    6.576219406608));
#1313 = CARTESIAN_POINT('',(4.795991010484,-4.567324313314,
    6.586937474172));
#1314 = CARTESIAN_POINT('',(5.004148358054,-4.334762046596,
    6.596769012538));
#1315 = CARTESIAN_POINT('',(5.203442117052,-4.089274916012,
    6.607137429341));
#1316 = CARTESIAN_POINT('',(5.388327725284,-3.834606724958,
    6.617325342382));
#1317 = CARTESIAN_POINT('',(5.559661825975,-3.570733622198,
    6.627551220628));
#1318 = CARTESIAN_POINT('',(5.716667191475,-3.29843360348,6.63779261511)
  );
#1319 = CARTESIAN_POINT('',(5.873672331753,-3.026133960327,
    6.648046643303));
#1320 = CARTESIAN_POINT('',(6.016172903505,-2.745715298437,
    6.658280025237));
#1321 = CARTESIAN_POINT('',(6.143947202289,-2.458039498965,
    6.668507712689));
#1322 = CARTESIAN_POINT('',(6.25663557687,-2.163995175233,6.67870547431)
  );
#1323 = CARTESIAN_POINT('',(6.354039058004,-1.864482296177,
    6.688890986519));
#1324 = CARTESIAN_POINT('',(6.43598766262,-1.560331950125,6.699100169112
    ));
#1325 = CARTESIAN_POINT('',(6.502166205703,-1.252281420333,
    6.709348284769));
#1326 = CARTESIAN_POINT('',(6.552097424196,-0.941042488052,
    6.719622918924));
#1327 = CARTESIAN_POINT('',(6.585294190935,-0.627418623225,
    6.729913553016));
#1328 = CARTESIAN_POINT('',(6.601404568644,-0.31234446732,6.740240041532
    ));
#1329 = CARTESIAN_POINT('',(6.599985427442,3.361242916263E-03,
    6.750599899839));
#1330 = CARTESIAN_POINT('',(6.6,-2.428612866368E-17,0.664617230228));
#1331 = CARTESIAN_POINT('',(6.601028848449,0.315682204785,0.674977215855
    ));
#1332 = CARTESIAN_POINT('',(6.584589408349,0.630711384391,0.685303686035
    ));
#1333 = CARTESIAN_POINT('',(6.551128448749,0.944279230202,0.695594252483
    ));
#1334 = CARTESIAN_POINT('',(6.500966694563,1.255448254332,0.705868801047
    ));
#1335 = CARTESIAN_POINT('',(6.43460683632,1.563427877768,0.71611686187)
  );
#1336 = CARTESIAN_POINT('',(6.352543517329,1.867519434367,0.726326052322
    ));
#1337 = CARTESIAN_POINT('',(6.255065444079,2.1669820399,0.736511615629)
  );
#1338 = CARTESIAN_POINT('',(6.142284711646,2.46096665494,0.746709418607)
  );
#1339 = CARTESIAN_POINT('',(6.014373381075,2.748561049357,0.756937112111
    ));
#1340 = CARTESIAN_POINT('',(5.871732291689,3.028883755927,0.767170498346
    ));
#1341 = CARTESIAN_POINT('',(5.71456203657,3.30106047951,0.777424489411)
  );
#1342 = CARTESIAN_POINT('',(5.557409752353,3.573248075943,0.787665862897
    ));
#1343 = CARTESIAN_POINT('',(5.385958003166,3.837014662194,0.79789173286)
  );
#1344 = CARTESIAN_POINT('',(5.201007558989,4.091615405012,0.80807968943)
  );
#1345 = CARTESIAN_POINT('',(5.001438701731,4.336805457925,0.818447933789
    ));
#1346 = CARTESIAN_POINT('',(4.793659071229,4.56973412593,0.828279939576)
  );
#1347 = CARTESIAN_POINT('',(4.566638045865,4.795415537147,0.838997479302
    ));
#1348 = CARTESIAN_POINT('',(4.334452806036,5.003781507896,0.848941509975
    ));
#1349 = CARTESIAN_POINT('',(4.088880532997,5.202938932808,0.859242724968
    ));
#1350 = CARTESIAN_POINT('',(3.83429483763,5.387791645779,0.8694508862));
#1351 = CARTESIAN_POINT('',(3.570511033703,5.559115209773,0.879678386406
    ));
#1352 = CARTESIAN_POINT('',(3.298325797815,5.716149720223,0.889919618474
    ));
#1353 = CARTESIAN_POINT('',(3.026142966867,5.873188603788,0.900157852401
    ));
#1354 = CARTESIAN_POINT('',(2.745811126564,6.015846334112,0.910382558273
    ));
#1355 = CARTESIAN_POINT('',(2.458401250976,6.14385495523,0.920576943884)
  );
#1356 = CARTESIAN_POINT('',(2.162904820282,6.256469881088,0.930927669444
    ));
#1357 = CARTESIAN_POINT('',(1.866833500003,6.354292921558,0.940780702579
    ));
#1358 = CARTESIAN_POINT('',(1.556950730109,6.436292928841,0.95154555344)
  );
#1359 = CARTESIAN_POINT('',(1.251960390787,6.500654636049,0.961413600165
    ));
#1360 = CARTESIAN_POINT('',(0.939596929786,6.550330304334,0.971755672634
    ));
#1361 = CARTESIAN_POINT('',(0.626699442069,6.583122447607,0.981953126775
    ));
#1362 = CARTESIAN_POINT('',(0.312588288811,6.599595445451,0.992178547618
    ));
#1363 = CARTESIAN_POINT('',(-1.64797485597E-03,6.599497511004,
    1.002417352456));
#1364 = CARTESIAN_POINT('',(-0.315884249176,6.599400088181,
    1.012655849873));
#1365 = CARTESIAN_POINT('',(-0.62998575854,6.582777367677,1.022880956565
    ));
#1366 = CARTESIAN_POINT('',(-0.942890354539,6.549930662585,
    1.033076821562));
#1367 = CARTESIAN_POINT('',(-1.2551097177,6.499714757111,1.043424268945)
  );
#1368 = CARTESIAN_POINT('',(-1.560408117634,6.436396608837,
    1.053283189844));
#1369 = CARTESIAN_POINT('',(-1.869791048213,6.352462169918,
    1.064050285221));
#1370 = CARTESIAN_POINT('',(-2.16609478387,6.25571878328,1.07391046011)
  );
#1371 = CARTESIAN_POINT('',(-2.461449151616,6.142550108596,
    1.084257195676));
#1372 = CARTESIAN_POINT('',(-2.748823084204,6.014501432317,
    1.094453334354));
#1373 = CARTESIAN_POINT('',(-3.02908841519,5.871711639117,1.104678526836
    ));
#1374 = CARTESIAN_POINT('',(-3.301176380889,5.714508748584,
    1.114917095945));
#1375 = CARTESIAN_POINT('',(-3.437220373487,5.635907319464,
    1.120036369171));
#1376 = CARTESIAN_POINT('',(-3.571169491986,5.553744958613,
    1.125152296072));
#1377 = CARTESIAN_POINT('',(-3.702935153511,5.468091792301,
    1.130265579425));
#1378 = CARTESIAN_POINT('',(-3.832428572931,5.379017121722,
    1.135376948164));
#1379 = CARTESIAN_POINT('',(-3.959560649741,5.286589501147,
    1.140487166566));
#1380 = CARTESIAN_POINT('',(-4.084241918989,5.190876877432,
    1.145596990185));
#1381 = CARTESIAN_POINT('',(-4.206382393735,5.09194662562,1.150707211976
    ));
#1382 = CARTESIAN_POINT('',(-4.325891563133,4.989865733634,
    1.155818579006));
#1383 = CARTESIAN_POINT('',(-4.442678199002,4.884700803474,
    1.160931868446));
#1384 = CARTESIAN_POINT('',(-4.55665036591,4.776518247431,1.166047794275
    ));
#1385 = CARTESIAN_POINT('',(-4.889845000243,4.443116419749,
    1.181405620703));
#1386 = CARTESIAN_POINT('',(-5.100194202165,4.209258931317,1.19163079298
    ));
#1387 = CARTESIAN_POINT('',(-5.298224744459,3.964775833717,
    1.201826818703));
#1388 = CARTESIAN_POINT('',(-5.483489626716,3.70849575015,1.212173924814
    ));
#1389 = CARTESIAN_POINT('',(-5.654594320206,3.447844372019,
    1.222033525702));
#1390 = CARTESIAN_POINT('',(-5.814010328694,3.16972712014,1.232800650492
    ));
#1391 = CARTESIAN_POINT('',(-5.955121837725,2.891801143254,
    1.242660193766));
#1392 = CARTESIAN_POINT('',(-6.083945939658,2.602931512894,
    1.253007328228));
#1393 = CARTESIAN_POINT('',(-6.196606120598,2.309183388908,
    1.263203349368));
#1394 = CARTESIAN_POINT('',(-6.29381606299,2.010038202416,1.273428522941
    ));
#1395 = CARTESIAN_POINT('',(-6.456288187314,1.402929194474,
    1.293905625642));
#1396 = CARTESIAN_POINT('',(-6.521527200243,1.095228073784,
    1.304130793661));
#1397 = CARTESIAN_POINT('',(-6.570785130694,0.78448422961,1.314326820921
    ));
#1398 = CARTESIAN_POINT('',(-6.603089183179,0.469906720039,
    1.324673927366));
#1399 = CARTESIAN_POINT('',(-6.620944524117,0.158623671096,
    1.334533521607));
#1400 = CARTESIAN_POINT('',(-6.619944215395,-0.16194097291,
    1.345300645303));
#1401 = CARTESIAN_POINT('',(-6.603187359403,-0.473187660878,
    1.355160197814));
#1402 = CARTESIAN_POINT('',(-6.570317500961,-0.787768159674,
    1.365507326238));
#1403 = CARTESIAN_POINT('',(-6.521010013137,-1.09849158604,
    1.375703349311));
#1404 = CARTESIAN_POINT('',(-6.455623698438,-1.406163887073,
    1.385928523075));
#1405 = CARTESIAN_POINT('',(-6.292774180676,-2.01317177117,
    1.406405625911));
#1406 = CARTESIAN_POINT('',(-6.195422263347,-2.312268264571,
    1.416630793599));
#1407 = CARTESIAN_POINT('',(-6.082708960239,-2.606009292689,
    1.426826821112));
#1408 = CARTESIAN_POINT('',(-5.953396335641,-2.894593434276,
    1.43717392733));
#1409 = CARTESIAN_POINT('',(-5.813217991779,-3.173100131891,
    1.447033521484));
#1410 = CARTESIAN_POINT('',(-5.652069375559,-3.450217105794,
    1.457800645136));
#1411 = CARTESIAN_POINT('',(-5.481934168878,-3.711386214159,
    1.467660197971));
#1412 = CARTESIAN_POINT('',(-5.29617778711,-3.967385989455,
    1.478007326155));
#1413 = CARTESIAN_POINT('',(-5.098114536677,-4.211826626089,
    1.488203349329));
#1414 = CARTESIAN_POINT('',(-4.887652176542,-4.445585497409,
    1.498428523078));
#1415 = CARTESIAN_POINT('',(-4.554250355465,-4.778780114098,
    1.513786350206));
#1416 = CARTESIAN_POINT('',(-4.440219015238,-4.886899850909,
    1.51890227998));
#1417 = CARTESIAN_POINT('',(-4.323380939783,-4.99200704072,
    1.524015564997));
#1418 = CARTESIAN_POINT('',(-4.203826044519,-5.094033854682,
    1.529126938333));
#1419 = CARTESIAN_POINT('',(-4.081643615154,-5.192911984403,
    1.534237155812));
#1420 = CARTESIAN_POINT('',(-3.956922427071,-5.288572579681,
    1.539346986861));
#1421 = CARTESIAN_POINT('',(-3.829750864907,-5.380946186247,
    1.544457205351));
#1422 = CARTESIAN_POINT('',(-3.700217041897,-5.469962683484,
    1.549568580457));
#1423 = CARTESIAN_POINT('',(-3.568408919448,-5.555551222172,
    1.554681867496));
#1424 = CARTESIAN_POINT('',(-3.43441442653,-5.637640162213,
    1.559797798787));
#1425 = CARTESIAN_POINT('',(-3.026135884495,-5.873190706682,
    1.575155625913));
#1426 = CARTESIAN_POINT('',(-2.745804524908,-6.015845664472,
    1.585380793594));
#1427 = CARTESIAN_POINT('',(-2.458397911079,-6.143851596403,
    1.595576821115));
#1428 = CARTESIAN_POINT('',(-2.162900273843,-6.25647356615,1.60592392732
    ));
#1429 = CARTESIAN_POINT('',(-1.86684524201,-6.354286483126,
    1.615783521483));
#1430 = CARTESIAN_POINT('',(-1.556944671028,-6.436288495303,
    1.626550645151));
#1431 = CARTESIAN_POINT('',(-1.251966465251,-6.500659184467,
    1.636410197964));
#1432 = CARTESIAN_POINT('',(-0.939597690901,-6.55032876438,
    1.646757326157));
#1433 = CARTESIAN_POINT('',(-0.626700191656,-6.583122528645,
    1.656953349331));
#1434 = CARTESIAN_POINT('',(-0.312588346546,-6.59959564968,
    1.667178523078));
#1435 = CARTESIAN_POINT('',(0.315884802064,-6.599400295505,
    1.687655625914));
#1436 = CARTESIAN_POINT('',(0.629986359838,-6.582777433135,
    1.697880793594));
#1437 = CARTESIAN_POINT('',(0.942890754596,-6.549930515103,
    1.708076821116));
#1438 = CARTESIAN_POINT('',(1.255110200074,-6.499715183318,1.71842392732
    ));
#1439 = CARTESIAN_POINT('',(1.560407837049,-6.436396138309,
    1.728283521483));
#1440 = CARTESIAN_POINT('',(1.869790610256,-6.35246167854,1.73905064515)
  );
#1441 = CARTESIAN_POINT('',(2.166094828639,-6.255719227712,
    1.748910197965));
#1442 = CARTESIAN_POINT('',(2.461448912534,-6.142549958547,
    1.759257326157));
#1443 = CARTESIAN_POINT('',(2.748822977791,-6.014501441859,
    1.769453349331));
#1444 = CARTESIAN_POINT('',(3.029088375804,-5.871711660601,
    1.779678523078));
#1445 = CARTESIAN_POINT('',(3.573264411009,-5.557305904618,
    1.800155625914));
#1446 = CARTESIAN_POINT('',(3.836972908225,-5.385859304635,
    1.810380793594));
#1447 = CARTESIAN_POINT('',(4.091532604025,-5.200960841803,
    1.820576821115));
#1448 = CARTESIAN_POINT('',(4.336814909473,-5.001363366082,1.83092392732
    ));
#1449 = CARTESIAN_POINT('',(4.569550896302,-4.793878646069,
    1.840783521482));
#1450 = CARTESIAN_POINT('',(4.79551700751,-4.566497885057,1.851550645151
    ));
#1451 = CARTESIAN_POINT('',(5.003752762463,-4.33456435582,1.861410197965
    ));
#1452 = CARTESIAN_POINT('',(5.202952267646,-4.088879851851,
    1.871757326157));
#1453 = CARTESIAN_POINT('',(5.387801250203,-3.834299550852,
    1.881953349331));
#1454 = CARTESIAN_POINT('',(5.559123314055,-3.570507273876,
    1.892178523078));
#1455 = CARTESIAN_POINT('',(5.873190706682,-3.026135884496,
    1.912655625914));
#1456 = CARTESIAN_POINT('',(6.015845664473,-2.74580452491,1.922880793594
    ));
#1457 = CARTESIAN_POINT('',(6.143851596399,-2.458397911078,
    1.933076821116));
#1458 = CARTESIAN_POINT('',(6.256473566157,-2.162900273846,
    1.943423927319));
#1459 = CARTESIAN_POINT('',(6.354286483117,-1.866845242007,
    1.953283521484));
#1460 = CARTESIAN_POINT('',(6.436288495313,-1.55694467103,1.964050645149
    ));
#1461 = CARTESIAN_POINT('',(6.500659184459,-1.251966465249,
    1.973910197966));
#1462 = CARTESIAN_POINT('',(6.550328764385,-0.939597690901,
    1.984257326156));
#1463 = CARTESIAN_POINT('',(6.583122528643,-0.626700191656,
    1.994453349331));
#1464 = CARTESIAN_POINT('',(6.59959564968,-0.312588346546,2.004678523078
    ));
#1465 = CARTESIAN_POINT('',(6.599400295505,0.315884802064,2.025155625914
    ));
#1466 = CARTESIAN_POINT('',(6.582777433135,0.629986359838,2.035380793594
    ));
#1467 = CARTESIAN_POINT('',(6.549930515103,0.942890754597,2.045576821116
    ));
#1468 = CARTESIAN_POINT('',(6.499715183317,1.255110200073,2.05592392732)
  );
#1469 = CARTESIAN_POINT('',(6.436396138311,1.56040783705,2.065783521483)
  );
#1470 = CARTESIAN_POINT('',(6.352461678538,1.869790610254,2.07655064515)
  );
#1471 = CARTESIAN_POINT('',(6.255719227713,2.166094828641,2.086410197965
    ));
#1472 = CARTESIAN_POINT('',(6.142549958546,2.461448912532,2.096757326157
    ));
#1473 = CARTESIAN_POINT('',(6.014501441859,2.748822977792,2.106953349331
    ));
#1474 = CARTESIAN_POINT('',(5.871711660601,3.029088375804,2.117178523078
    ));
#1475 = CARTESIAN_POINT('',(5.557305904618,3.573264411009,2.137655625914
    ));
#1476 = CARTESIAN_POINT('',(5.385859304635,3.836972908224,2.147880793594
    ));
#1477 = CARTESIAN_POINT('',(5.200960841804,4.091532604027,2.158076821115
    ));
#1478 = CARTESIAN_POINT('',(5.001363366081,4.336814909469,2.16842392732)
  );
#1479 = CARTESIAN_POINT('',(4.793878646071,4.569550896308,2.178283521483
    ));
#1480 = CARTESIAN_POINT('',(4.566497885055,4.795517007504,2.18905064515)
  );
#1481 = CARTESIAN_POINT('',(4.334564355821,5.003752762468,2.198910197965
    ));
#1482 = CARTESIAN_POINT('',(4.088879851851,5.202952267642,2.209257326157
    ));
#1483 = CARTESIAN_POINT('',(3.834299550852,5.387801250204,2.219453349331
    ));
#1484 = CARTESIAN_POINT('',(3.570507273876,5.559123314055,2.229678523078
    ));
#1485 = CARTESIAN_POINT('',(3.026135884496,5.873190706682,2.250155625914
    ));
#1486 = CARTESIAN_POINT('',(2.74580452491,6.015845664473,2.260380793594)
  );
#1487 = CARTESIAN_POINT('',(2.458397911078,6.1438515964,2.270576821116)
  );
#1488 = CARTESIAN_POINT('',(2.162900273845,6.256473566155,2.28092392732)
  );
#1489 = CARTESIAN_POINT('',(1.866845242007,6.354286483119,2.290783521483
    ));
#1490 = CARTESIAN_POINT('',(1.556944671029,6.436288495312,2.30155064515)
  );
#1491 = CARTESIAN_POINT('',(1.25196646525,6.50065918446,2.311410197965)
  );
#1492 = CARTESIAN_POINT('',(0.939597690901,6.550328764384,2.321757326157
    ));
#1493 = CARTESIAN_POINT('',(0.626700191657,6.583122528643,2.331953349331
    ));
#1494 = CARTESIAN_POINT('',(0.312588346546,6.59959564968,2.342178523078)
  );
#1495 = CARTESIAN_POINT('',(-0.315884802064,6.599400295505,
    2.362655625914));
#1496 = CARTESIAN_POINT('',(-0.629986359839,6.582777433135,
    2.372880793594));
#1497 = CARTESIAN_POINT('',(-0.942890754595,6.549930515103,
    2.383076821116));
#1498 = CARTESIAN_POINT('',(-1.255110200076,6.499715183318,2.39342392732
    ));
#1499 = CARTESIAN_POINT('',(-1.560407837047,6.43639613831,2.403283521483
    ));
#1500 = CARTESIAN_POINT('',(-1.869790610257,6.352461678539,2.41405064515
    ));
#1501 = CARTESIAN_POINT('',(-2.166094828638,6.255719227712,
    2.423910197965));
#1502 = CARTESIAN_POINT('',(-2.461448912534,6.142549958547,
    2.434257326157));
#1503 = CARTESIAN_POINT('',(-2.748822977791,6.014501441859,
    2.444453349331));
#1504 = CARTESIAN_POINT('',(-3.029088375804,5.871711660601,
    2.454678523078));
#1505 = CARTESIAN_POINT('',(-3.573264411009,5.557305904618,
    2.475155625914));
#1506 = CARTESIAN_POINT('',(-3.836972908225,5.385859304635,
    2.485380793594));
#1507 = CARTESIAN_POINT('',(-4.091532604026,5.200960841803,
    2.495576821116));
#1508 = CARTESIAN_POINT('',(-4.336814909471,5.001363366081,2.50592392732
    ));
#1509 = CARTESIAN_POINT('',(-4.569550896304,4.79387864607,2.515783521483
    ));
#1510 = CARTESIAN_POINT('',(-4.795517007508,4.566497885055,2.52655064515
    ));
#1511 = CARTESIAN_POINT('',(-5.003752762464,4.334564355821,
    2.536410197965));
#1512 = CARTESIAN_POINT('',(-5.202952267645,4.08887985185,2.546757326157
    ));
#1513 = CARTESIAN_POINT('',(-5.387801250203,3.834299550853,
    2.556953349331));
#1514 = CARTESIAN_POINT('',(-5.559123314055,3.570507273876,
    2.567178523078));
#1515 = CARTESIAN_POINT('',(-5.873190706682,3.026135884496,
    2.587655625914));
#1516 = CARTESIAN_POINT('',(-6.015845664473,2.74580452491,2.597880793594
    ));
#1517 = CARTESIAN_POINT('',(-6.1438515964,2.458397911078,2.608076821115)
  );
#1518 = CARTESIAN_POINT('',(-6.256473566154,2.162900273845,2.61842392732
    ));
#1519 = CARTESIAN_POINT('',(-6.35428648312,1.866845242008,2.628283521482
    ));
#1520 = CARTESIAN_POINT('',(-6.43628849531,1.556944671028,2.639050645151
    ));
#1521 = CARTESIAN_POINT('',(-6.500659184461,1.25196646525,2.648910197965
    ));
#1522 = CARTESIAN_POINT('',(-6.550328764383,0.939597690901,
    2.659257326157));
#1523 = CARTESIAN_POINT('',(-6.583122528644,0.626700191657,
    2.669453349331));
#1524 = CARTESIAN_POINT('',(-6.59959564968,0.312588346546,2.679678523078
    ));
#1525 = CARTESIAN_POINT('',(-6.599400295505,-0.315884802064,
    2.700155625914));
#1526 = CARTESIAN_POINT('',(-6.582777433136,-0.629986359838,
    2.710380793594));
#1527 = CARTESIAN_POINT('',(-6.549930515101,-0.942890754596,
    2.720576821116));
#1528 = CARTESIAN_POINT('',(-6.499715183322,-1.255110200075,
    2.73092392732));
#1529 = CARTESIAN_POINT('',(-6.436396138304,-1.560407837047,
    2.740783521483));
#1530 = CARTESIAN_POINT('',(-6.352461678545,-1.869790610258,
    2.75155064515));
#1531 = CARTESIAN_POINT('',(-6.255719227708,-2.166094828638,
    2.761410197965));
#1532 = CARTESIAN_POINT('',(-6.142549958549,-2.461448912535,
    2.771757326157));
#1533 = CARTESIAN_POINT('',(-6.014501441858,-2.748822977791,
    2.781953349331));
#1534 = CARTESIAN_POINT('',(-5.871711660601,-3.029088375804,
    2.792178523078));
#1535 = CARTESIAN_POINT('',(-5.635907343614,-3.437220402208,
    2.807536350205));
#1536 = CARTESIAN_POINT('',(-5.55374497412,-3.571169530913,
    2.812652279979));
#1537 = CARTESIAN_POINT('',(-5.468091802043,-3.702935199201,
    2.817765564996));
#1538 = CARTESIAN_POINT('',(-5.379017123615,-3.832428617608,
    2.822876938332));
#1539 = CARTESIAN_POINT('',(-5.286589502686,-3.959560696459,
    2.827987155811));
#1540 = CARTESIAN_POINT('',(-5.190876869957,-4.084241954796,
    2.833096986861));
#1541 = CARTESIAN_POINT('',(-5.091946622338,-4.206382429333,
    2.838207205351));
#1542 = CARTESIAN_POINT('',(-4.989865722128,-4.325891583357,
    2.843318580457));
#1543 = CARTESIAN_POINT('',(-4.884700796396,-4.4426782157,2.848431867496
    ));
#1544 = CARTESIAN_POINT('',(-4.776518236181,-4.556650369644,
    2.853547798787));
#1545 = CARTESIAN_POINT('',(-4.443116415103,-4.889844986329,
    2.868905625914));
#1546 = CARTESIAN_POINT('',(-4.209258934914,-5.100194189108,
    2.879130793594));
#1547 = CARTESIAN_POINT('',(-3.964775837039,-5.298224730024,
    2.889326821115));
#1548 = CARTESIAN_POINT('',(-3.708495748294,-5.483489615513,
    2.89967392732));
#1549 = CARTESIAN_POINT('',(-3.447844392811,-5.654594318797,
    2.909533521482));
#1550 = CARTESIAN_POINT('',(-3.169727110208,-5.814010350032,
    2.920300645151));
#1551 = CARTESIAN_POINT('',(-2.891801145094,-5.95512182914,
    2.930160197965));
#1552 = CARTESIAN_POINT('',(-2.602931511867,-6.083945947061,
    2.940507326157));
#1553 = CARTESIAN_POINT('',(-2.309183387118,-6.196606122873,
    2.950703349331));
#1554 = CARTESIAN_POINT('',(-2.010038201039,-6.293816063728,
    2.960928523078));
#1555 = CARTESIAN_POINT('',(-1.402929194287,-6.456288186281,
    2.981405625914));
#1556 = CARTESIAN_POINT('',(-1.095228074188,-6.521527199458,
    2.991630793594));
#1557 = CARTESIAN_POINT('',(-0.784484230173,-6.570785129679,
    3.001826821116));
#1558 = CARTESIAN_POINT('',(-0.469906720094,-6.60308918257,3.01217392732
    ));
#1559 = CARTESIAN_POINT('',(-0.158623673069,-6.620944524579,
    3.022033521483));
#1560 = CARTESIAN_POINT('',(0.161940974509,-6.619944216098,3.03280064515
    ));
#1561 = CARTESIAN_POINT('',(0.473187660228,-6.603187359212,
    3.042660197965));
#1562 = CARTESIAN_POINT('',(0.787768159942,-6.570317501341,
    3.053007326157));
#1563 = CARTESIAN_POINT('',(1.098491586195,-6.521010013213,
    3.063203349331));
#1564 = CARTESIAN_POINT('',(1.406163887187,-6.455623698454,
    3.073428523078));
#1565 = CARTESIAN_POINT('',(2.013171771177,-6.292774180616,
    3.093905625914));
#1566 = CARTESIAN_POINT('',(2.312268264544,-6.195422263297,
    3.104130793594));
#1567 = CARTESIAN_POINT('',(2.606009292641,-6.082708960196,
    3.114326821115));
#1568 = CARTESIAN_POINT('',(2.894593434275,-5.953396335609,3.12467392732
    ));
#1569 = CARTESIAN_POINT('',(3.173100131769,-5.813217991864,
    3.134533521482));
#1570 = CARTESIAN_POINT('',(3.450217105887,-5.652069375526,3.14530064515
    ));
#1571 = CARTESIAN_POINT('',(3.711386214121,-5.481934168909,
    3.155160197965));
#1572 = CARTESIAN_POINT('',(3.967385989472,-5.296177787121,
    3.165507326157));
#1573 = CARTESIAN_POINT('',(4.211826626095,-5.098114536677,
    3.175703349331));
#1574 = CARTESIAN_POINT('',(4.445585497415,-4.887652176541,
    3.185928523078));
#1575 = CARTESIAN_POINT('',(4.889844986329,-4.443116415103,
    3.206405625914));
#1576 = CARTESIAN_POINT('',(5.100194189108,-4.209258934915,
    3.216630793594));
#1577 = CARTESIAN_POINT('',(5.298224730024,-3.964775837037,
    3.226826821115));
#1578 = CARTESIAN_POINT('',(5.483489615514,-3.708495748296,3.23717392732
    ));
#1579 = CARTESIAN_POINT('',(5.654594318796,-3.447844392809,
    3.247033521482));
#1580 = CARTESIAN_POINT('',(5.814010350033,-3.16972711021,3.25780064515)
  );
#1581 = CARTESIAN_POINT('',(5.955121829139,-2.891801145092,
    3.267660197965));
#1582 = CARTESIAN_POINT('',(6.083945947062,-2.602931511868,
    3.278007326157));
#1583 = CARTESIAN_POINT('',(6.196606122873,-2.309183387118,
    3.288203349331));
#1584 = CARTESIAN_POINT('',(6.293816063728,-2.010038201039,
    3.298428523078));
#1585 = CARTESIAN_POINT('',(6.456288186281,-1.402929194286,
    3.318905625914));
#1586 = CARTESIAN_POINT('',(6.521527199459,-1.095228074189,
    3.329130793594));
#1587 = CARTESIAN_POINT('',(6.570785129678,-0.784484230173,
    3.339326821115));
#1588 = CARTESIAN_POINT('',(6.603089182572,-0.469906720095,3.34967392732
    ));
#1589 = CARTESIAN_POINT('',(6.620944524576,-0.158623673068,
    3.359533521483));
#1590 = CARTESIAN_POINT('',(6.619944216101,0.161940974508,3.37030064515)
  );
#1591 = CARTESIAN_POINT('',(6.60318735921,0.473187660228,3.380160197965)
  );
#1592 = CARTESIAN_POINT('',(6.570317501342,0.787768159942,3.390507326157
    ));
#1593 = CARTESIAN_POINT('',(6.521010013213,1.098491586195,3.400703349331
    ));
#1594 = CARTESIAN_POINT('',(6.455623698454,1.406163887187,3.410928523078
    ));
#1595 = CARTESIAN_POINT('',(6.292774180616,2.013171771178,3.431405625914
    ));
#1596 = CARTESIAN_POINT('',(6.195422263297,2.312268264544,3.441630793594
    ));
#1597 = CARTESIAN_POINT('',(6.082708960196,2.606009292642,3.451826821115
    ));
#1598 = CARTESIAN_POINT('',(5.953396335609,2.894593434274,3.46217392732)
  );
#1599 = CARTESIAN_POINT('',(5.813217991865,3.17310013177,3.472033521482)
  );
#1600 = CARTESIAN_POINT('',(5.652069375525,3.450217105888,3.482800645151
    ));
#1601 = CARTESIAN_POINT('',(5.481934168911,3.71138621412,3.492660197965)
  );
#1602 = CARTESIAN_POINT('',(5.29617778712,3.967385989473,3.503007326157)
  );
#1603 = CARTESIAN_POINT('',(5.098114536677,4.211826626095,3.513203349331
    ));
#1604 = CARTESIAN_POINT('',(4.887652176541,4.445585497415,3.523428523078
    ));
#1605 = CARTESIAN_POINT('',(4.443116415103,4.889844986329,3.543905625914
    ));
#1606 = CARTESIAN_POINT('',(4.209258934914,5.100194189107,3.554130793594
    ));
#1607 = CARTESIAN_POINT('',(3.964775837037,5.298224730025,3.564326821115
    ));
#1608 = CARTESIAN_POINT('',(3.708495748296,5.48348961551,3.57467392732)
  );
#1609 = CARTESIAN_POINT('',(3.447844392809,5.654594318801,3.584533521482
    ));
#1610 = CARTESIAN_POINT('',(3.16972711021,5.814010350028,3.59530064515)
  );
#1611 = CARTESIAN_POINT('',(2.891801145093,5.955121829142,3.605160197965
    ));
#1612 = CARTESIAN_POINT('',(2.602931511867,6.08394594706,3.615507326157)
  );
#1613 = CARTESIAN_POINT('',(2.309183387118,6.196606122873,3.625703349331
    ));
#1614 = CARTESIAN_POINT('',(2.010038201039,6.293816063728,3.635928523078
    ));
#1615 = CARTESIAN_POINT('',(1.554706445975,6.415670155642,3.651286350205
    ));
#1616 = CARTESIAN_POINT('',(1.401892540106,6.452288924256,3.656402279979
    ));
#1617 = CARTESIAN_POINT('',(1.248154203725,6.484895383023,3.661515564996
    ));
#1618 = CARTESIAN_POINT('',(1.093603220304,6.513475748154,3.666626938332
    ));
#1619 = CARTESIAN_POINT('',(0.938351067712,6.53801550568,3.671737155812)
  );
#1620 = CARTESIAN_POINT('',(0.78250905281,6.5584994173,3.676846986861));
#1621 = CARTESIAN_POINT('',(0.626188446049,6.574911526135,3.681957205351
    ));
#1622 = CARTESIAN_POINT('',(0.469500616058,6.587235162599,3.687068580456
    ));
#1623 = CARTESIAN_POINT('',(0.312557164247,6.595452950149,3.692181867496
    ));
#1624 = CARTESIAN_POINT('',(0.155470059394,6.599546811136,3.697297798787
    ));
#1625 = CARTESIAN_POINT('',(-0.315884802064,6.599400295505,
    3.712655625914));
#1626 = CARTESIAN_POINT('',(-0.629986359838,6.582777433135,
    3.722880793594));
#1627 = CARTESIAN_POINT('',(-0.942890754597,6.549930515102,
    3.733076821116));
#1628 = CARTESIAN_POINT('',(-1.255110200073,6.499715183319,3.74342392732
    ));
#1629 = CARTESIAN_POINT('',(-1.56040783705,6.436396138308,3.753283521483
    ));
#1630 = CARTESIAN_POINT('',(-1.869790610254,6.35246167854,3.76405064515)
  );
#1631 = CARTESIAN_POINT('',(-2.16609482864,6.255719227712,3.773910197965
    ));
#1632 = CARTESIAN_POINT('',(-2.461448912533,6.142549958547,
    3.784257326157));
#1633 = CARTESIAN_POINT('',(-2.748822977791,6.014501441859,
    3.794453349331));
#1634 = CARTESIAN_POINT('',(-3.029088375804,5.871711660601,
    3.804678523078));
#1635 = CARTESIAN_POINT('',(-3.573264411009,5.557305904618,
    3.825155625914));
#1636 = CARTESIAN_POINT('',(-3.836972908225,5.385859304635,
    3.835380793594));
#1637 = CARTESIAN_POINT('',(-4.091532604025,5.200960841803,
    3.845576821115));
#1638 = CARTESIAN_POINT('',(-4.336814909473,5.001363366081,
    3.855923927321));
#1639 = CARTESIAN_POINT('',(-4.569550896302,4.79387864607,3.865783521482
    ));
#1640 = CARTESIAN_POINT('',(-4.79551700751,4.566497885056,3.876550645151
    ));
#1641 = CARTESIAN_POINT('',(-5.003752762463,4.33456435582,3.886410197965
    ));
#1642 = CARTESIAN_POINT('',(-5.202952267645,4.088879851851,
    3.896757326157));
#1643 = CARTESIAN_POINT('',(-5.387801250203,3.834299550852,
    3.906953349331));
#1644 = CARTESIAN_POINT('',(-5.559123314055,3.570507273876,
    3.917178523078));
#1645 = CARTESIAN_POINT('',(-5.873190706682,3.026135884496,
    3.937655625914));
#1646 = CARTESIAN_POINT('',(-6.015845664473,2.74580452491,3.947880793594
    ));
#1647 = CARTESIAN_POINT('',(-6.143851596399,2.458397911078,
    3.958076821115));
#1648 = CARTESIAN_POINT('',(-6.256473566155,2.162900273846,3.96842392732
    ));
#1649 = CARTESIAN_POINT('',(-6.354286483119,1.866845242007,
    3.978283521482));
#1650 = CARTESIAN_POINT('',(-6.436288495311,1.55694467103,3.98905064515)
  );
#1651 = CARTESIAN_POINT('',(-6.500659184461,1.251966465249,
    3.998910197965));
#1652 = CARTESIAN_POINT('',(-6.550328764383,0.939597690901,
    4.009257326157));
#1653 = CARTESIAN_POINT('',(-6.583122528644,0.626700191656,
    4.019453349331));
#1654 = CARTESIAN_POINT('',(-6.59959564968,0.312588346546,4.029678523078
    ));
#1655 = CARTESIAN_POINT('',(-6.599400295505,-0.315884802064,
    4.050155625914));
#1656 = CARTESIAN_POINT('',(-6.582777433135,-0.629986359838,
    4.060380793594));
#1657 = CARTESIAN_POINT('',(-6.549930515104,-0.942890754596,
    4.070576821115));
#1658 = CARTESIAN_POINT('',(-6.499715183317,-1.255110200074,
    4.080923927321));
#1659 = CARTESIAN_POINT('',(-6.436396138311,-1.560407837049,
    4.090783521482));
#1660 = CARTESIAN_POINT('',(-6.352461678538,-1.869790610256,
    4.101550645151));
#1661 = CARTESIAN_POINT('',(-6.255719227713,-2.166094828639,
    4.111410197965));
#1662 = CARTESIAN_POINT('',(-6.142549958546,-2.461448912534,
    4.121757326157));
#1663 = CARTESIAN_POINT('',(-6.014501441859,-2.748822977791,
    4.131953349331));
#1664 = CARTESIAN_POINT('',(-5.871711660601,-3.029088375804,
    4.142178523078));
#1665 = CARTESIAN_POINT('',(-5.557305904618,-3.573264411009,
    4.162655625914));
#1666 = CARTESIAN_POINT('',(-5.385859304634,-3.836972908226,
    4.172880793594));
#1667 = CARTESIAN_POINT('',(-5.200960841805,-4.091532604024,
    4.183076821115));
#1668 = CARTESIAN_POINT('',(-5.001363366078,-4.336814909474,
    4.193423927321));
#1669 = CARTESIAN_POINT('',(-4.793878646074,-4.569550896301,
    4.203283521482));
#1670 = CARTESIAN_POINT('',(-4.566497885052,-4.795517007511,
    4.21405064515));
#1671 = CARTESIAN_POINT('',(-4.334564355825,-5.003752762462,
    4.223910197965));
#1672 = CARTESIAN_POINT('',(-4.088879851848,-5.202952267646,
    4.234257326157));
#1673 = CARTESIAN_POINT('',(-3.834299550854,-5.387801250203,
    4.244453349331));
#1674 = CARTESIAN_POINT('',(-3.570507273876,-5.559123314055,
    4.254678523078));
#1675 = CARTESIAN_POINT('',(-3.026135884496,-5.873190706682,
    4.275155625914));
#1676 = CARTESIAN_POINT('',(-2.745804524909,-6.015845664472,
    4.285380793594));
#1677 = CARTESIAN_POINT('',(-2.458397911078,-6.143851596402,
    4.295576821116));
#1678 = CARTESIAN_POINT('',(-2.162900273846,-6.25647356615,4.30592392732
    ));
#1679 = CARTESIAN_POINT('',(-1.866845242006,-6.354286483126,
    4.315783521483));
#1680 = CARTESIAN_POINT('',(-1.55694467103,-6.436288495304,4.32655064515
    ));
#1681 = CARTESIAN_POINT('',(-1.251966465249,-6.500659184466,
    4.336410197965));
#1682 = CARTESIAN_POINT('',(-0.939597690902,-6.55032876438,
    4.346757326157));
#1683 = CARTESIAN_POINT('',(-0.626700191656,-6.583122528645,
    4.356953349331));
#1684 = CARTESIAN_POINT('',(-0.312588346546,-6.59959564968,
    4.367178523078));
#1685 = CARTESIAN_POINT('',(0.158766514911,-6.599449134049,
    4.382536350205));
#1686 = CARTESIAN_POINT('',(0.315851047931,-6.595268999184,
    4.387652279979));
#1687 = CARTESIAN_POINT('',(0.472790050055,-6.586974010397,
    4.392765564996));
#1688 = CARTESIAN_POINT('',(0.629471979231,-6.574579785244,
    4.397876938332));
#1689 = CARTESIAN_POINT('',(0.785785399618,-6.558101156938,
    4.402987155812));
#1690 = CARTESIAN_POINT('',(0.941618853076,-6.537552214696,4.40809698686
    ));
#1691 = CARTESIAN_POINT('',(1.096860730666,-6.512946344326,
    4.413207205352));
#1692 = CARTESIAN_POINT('',(1.25139914414,-6.484296268514,4.418318580456
    ));
#1693 = CARTESIAN_POINT('',(1.405121797438,-6.451614087415,
    4.423431867496));
#1694 = CARTESIAN_POINT('',(1.557915858185,-6.414911318994,
    4.428547798787));
#1695 = CARTESIAN_POINT('',(2.013171771177,-6.292774180616,
    4.443905625914));
#1696 = CARTESIAN_POINT('',(2.312268264544,-6.195422263297,
    4.454130793594));
#1697 = CARTESIAN_POINT('',(2.606009292641,-6.082708960195,
    4.464326821115));
#1698 = CARTESIAN_POINT('',(2.894593434275,-5.95339633561,4.47467392732)
  );
#1699 = CARTESIAN_POINT('',(3.173100131768,-5.813217991863,
    4.484533521483));
#1700 = CARTESIAN_POINT('',(3.45021710589,-5.652069375526,4.49530064515)
  );
#1701 = CARTESIAN_POINT('',(3.711386214118,-5.48193416891,4.505160197965
    ));
#1702 = CARTESIAN_POINT('',(3.967385989474,-5.296177787121,
    4.515507326157));
#1703 = CARTESIAN_POINT('',(4.211826626094,-5.098114536677,
    4.525703349331));
#1704 = CARTESIAN_POINT('',(4.445585497416,-4.887652176541,
    4.535928523078));
#1705 = CARTESIAN_POINT('',(4.889844986329,-4.443116415103,
    4.556405625914));
#1706 = CARTESIAN_POINT('',(5.100194189108,-4.209258934915,
    4.566630793594));
#1707 = CARTESIAN_POINT('',(5.298224730023,-3.964775837037,
    4.576826821115));
#1708 = CARTESIAN_POINT('',(5.483489615514,-3.708495748297,
    4.587173927321));
#1709 = CARTESIAN_POINT('',(5.654594318796,-3.447844392807,
    4.597033521482));
#1710 = CARTESIAN_POINT('',(5.814010350033,-3.169727110212,
    4.607800645151));
#1711 = CARTESIAN_POINT('',(5.955121829139,-2.89180114509,4.617660197965
    ));
#1712 = CARTESIAN_POINT('',(6.083945947062,-2.602931511869,
    4.628007326157));
#1713 = CARTESIAN_POINT('',(6.196606122873,-2.309183387117,
    4.638203349331));
#1714 = CARTESIAN_POINT('',(6.293816063728,-2.010038201039,
    4.648428523078));
#1715 = CARTESIAN_POINT('',(6.456288186281,-1.402929194286,
    4.668905625914));
#1716 = CARTESIAN_POINT('',(6.521527199458,-1.095228074189,
    4.679130793595));
#1717 = CARTESIAN_POINT('',(6.570785129679,-0.784484230173,
    4.689326821115));
#1718 = CARTESIAN_POINT('',(6.603089182569,-0.469906720094,
    4.699673927321));
#1719 = CARTESIAN_POINT('',(6.620944524579,-0.15862367307,4.709533521481
    ));
#1720 = CARTESIAN_POINT('',(6.619944216098,0.16194097451,4.720300645151)
  );
#1721 = CARTESIAN_POINT('',(6.603187359213,0.473187660227,4.730160197964
    ));
#1722 = CARTESIAN_POINT('',(6.57031750134,0.787768159942,4.740507326157)
  );
#1723 = CARTESIAN_POINT('',(6.521010013213,1.098491586195,4.75070334933)
  );
#1724 = CARTESIAN_POINT('',(6.455623698454,1.406163887187,4.760928523078
    ));
#1725 = CARTESIAN_POINT('',(6.292774180616,2.013171771178,4.781405625914
    ));
#1726 = CARTESIAN_POINT('',(6.195422263296,2.312268264544,4.791630793594
    ));
#1727 = CARTESIAN_POINT('',(6.082708960198,2.606009292642,4.801826821116
    ));
#1728 = CARTESIAN_POINT('',(5.953396335605,2.894593434273,4.81217392732)
  );
#1729 = CARTESIAN_POINT('',(5.813217991868,3.173100131771,4.822033521483
    ));
#1730 = CARTESIAN_POINT('',(5.652069375522,3.450217105885,4.83280064515)
  );
#1731 = CARTESIAN_POINT('',(5.481934168912,3.711386214122,4.842660197965
    ));
#1732 = CARTESIAN_POINT('',(5.29617778712,3.967385989471,4.853007326157)
  );
#1733 = CARTESIAN_POINT('',(5.098114536677,4.211826626096,4.863203349331
    ));
#1734 = CARTESIAN_POINT('',(4.887652176541,4.445585497415,4.873428523078
    ));
#1735 = CARTESIAN_POINT('',(4.443116415103,4.889844986329,4.893905625914
    ));
#1736 = CARTESIAN_POINT('',(4.209258934914,5.100194189107,4.904130793594
    ));
#1737 = CARTESIAN_POINT('',(3.964775837038,5.298224730026,4.914326821116
    ));
#1738 = CARTESIAN_POINT('',(3.708495748295,5.483489615509,4.92467392732)
  );
#1739 = CARTESIAN_POINT('',(3.44784439281,5.654594318802,4.934533521483)
  );
#1740 = CARTESIAN_POINT('',(3.16972711021,5.814010350026,4.94530064515)
  );
#1741 = CARTESIAN_POINT('',(2.891801145093,5.955121829144,4.955160197965
    ));
#1742 = CARTESIAN_POINT('',(2.602931511868,6.083945947059,4.965507326157
    ));
#1743 = CARTESIAN_POINT('',(2.309183387118,6.196606122874,4.975703349331
    ));
#1744 = CARTESIAN_POINT('',(2.010038201039,6.293816063728,4.985928523078
    ));
#1745 = CARTESIAN_POINT('',(1.402929194286,6.456288186281,5.006405625914
    ));
#1746 = CARTESIAN_POINT('',(1.095228074189,6.521527199458,5.016630793594
    ));
#1747 = CARTESIAN_POINT('',(0.784484230173,6.570785129678,5.026826821115
    ));
#1748 = CARTESIAN_POINT('',(0.469906720095,6.603089182571,5.037173927321
    ));
#1749 = CARTESIAN_POINT('',(0.158623673069,6.620944524578,5.047033521482
    ));
#1750 = CARTESIAN_POINT('',(-0.161940974509,6.619944216099,
    5.057800645151));
#1751 = CARTESIAN_POINT('',(-0.473187660228,6.603187359212,
    5.067660197965));
#1752 = CARTESIAN_POINT('',(-0.787768159942,6.570317501341,
    5.078007326157));
#1753 = CARTESIAN_POINT('',(-1.098491586195,6.521010013213,
    5.088203349331));
#1754 = CARTESIAN_POINT('',(-1.406163887187,6.455623698454,
    5.098428523078));
#1755 = CARTESIAN_POINT('',(-2.013171771177,6.292774180616,
    5.118905625914));
#1756 = CARTESIAN_POINT('',(-2.312268264544,6.195422263296,
    5.129130793594));
#1757 = CARTESIAN_POINT('',(-2.606009292641,6.082708960197,
    5.139326821115));
#1758 = CARTESIAN_POINT('',(-2.894593434275,5.953396335607,
    5.149673927321));
#1759 = CARTESIAN_POINT('',(-3.173100131768,5.813217991868,
    5.159533521482));
#1760 = CARTESIAN_POINT('',(-3.450217105889,5.652069375522,
    5.170300645151));
#1761 = CARTESIAN_POINT('',(-3.71138621412,5.481934168912,5.180160197965
    ));
#1762 = CARTESIAN_POINT('',(-3.967385989472,5.29617778712,5.190507326157
    ));
#1763 = CARTESIAN_POINT('',(-4.211826626095,5.098114536677,
    5.200703349331));
#1764 = CARTESIAN_POINT('',(-4.445585497415,4.88765217654,5.210928523078
    ));
#1765 = CARTESIAN_POINT('',(-4.889844986329,4.443116415103,
    5.231405625914));
#1766 = CARTESIAN_POINT('',(-5.100194189108,4.209258934914,
    5.241630793594));
#1767 = CARTESIAN_POINT('',(-5.298224730025,3.964775837038,
    5.251826821116));
#1768 = CARTESIAN_POINT('',(-5.483489615511,3.708495748296,5.26217392732
    ));
#1769 = CARTESIAN_POINT('',(-5.6545943188,3.447844392809,5.272033521483)
  );
#1770 = CARTESIAN_POINT('',(-5.814010350029,3.169727110211,5.28280064515
    ));
#1771 = CARTESIAN_POINT('',(-5.955121829142,2.891801145091,
    5.292660197965));
#1772 = CARTESIAN_POINT('',(-6.08394594706,2.602931511868,5.303007326156
    ));
#1773 = CARTESIAN_POINT('',(-6.196606122873,2.309183387117,
    5.313203349331));
#1774 = CARTESIAN_POINT('',(-6.293816063728,2.010038201039,
    5.323428523078));
#1775 = CARTESIAN_POINT('',(-6.415670155643,1.554706445974,
    5.338786350205));
#1776 = CARTESIAN_POINT('',(-6.452288924256,1.401892540106,5.34390227998
    ));
#1777 = CARTESIAN_POINT('',(-6.484895383024,1.248154203725,
    5.349015564996));
#1778 = CARTESIAN_POINT('',(-6.513475748152,1.093603220304,
    5.354126938333));
#1779 = CARTESIAN_POINT('',(-6.538015505682,0.938351067712,
    5.359237155811));
#1780 = CARTESIAN_POINT('',(-6.558499417298,0.782509052809,
    5.364346986861));
#1781 = CARTESIAN_POINT('',(-6.574911526137,0.626188446049,
    5.369457205351));
#1782 = CARTESIAN_POINT('',(-6.587235162598,0.469500616058,
    5.374568580457));
#1783 = CARTESIAN_POINT('',(-6.595452950149,0.312557164247,
    5.379681867495));
#1784 = CARTESIAN_POINT('',(-6.599546811136,0.155470059394,
    5.384797798787));
#1785 = CARTESIAN_POINT('',(-6.599400295505,-0.315884802064,
    5.400155625914));
#1786 = CARTESIAN_POINT('',(-6.582777433135,-0.629986359838,
    5.410380793594));
#1787 = CARTESIAN_POINT('',(-6.549930515102,-0.942890754596,
    5.420576821116));
#1788 = CARTESIAN_POINT('',(-6.499715183319,-1.255110200075,
    5.430923927319));
#1789 = CARTESIAN_POINT('',(-6.436396138309,-1.560407837047,
    5.440783521484));
#1790 = CARTESIAN_POINT('',(-6.35246167854,-1.869790610257,
    5.451550645149));
#1791 = CARTESIAN_POINT('',(-6.255719227712,-2.166094828638,
    5.461410197966));
#1792 = CARTESIAN_POINT('',(-6.142549958547,-2.461448912534,
    5.471757326156));
#1793 = CARTESIAN_POINT('',(-6.014501441859,-2.748822977791,
    5.481953349331));
#1794 = CARTESIAN_POINT('',(-5.871711660601,-3.029088375804,
    5.492178523078));
#1795 = CARTESIAN_POINT('',(-5.557305904618,-3.573264411009,
    5.512655625914));
#1796 = CARTESIAN_POINT('',(-5.385859304634,-3.836972908225,
    5.522880793594));
#1797 = CARTESIAN_POINT('',(-5.200960841805,-4.091532604026,
    5.533076821117));
#1798 = CARTESIAN_POINT('',(-5.001363366079,-4.336814909471,
    5.543423927318));
#1799 = CARTESIAN_POINT('',(-4.793878646074,-4.569550896304,
    5.553283521485));
#1800 = CARTESIAN_POINT('',(-4.566497885052,-4.795517007508,
    5.564050645148));
#1801 = CARTESIAN_POINT('',(-4.334564355824,-5.003752762464,
    5.573910197967));
#1802 = CARTESIAN_POINT('',(-4.088879851849,-5.202952267645,
    5.584257326156));
#1803 = CARTESIAN_POINT('',(-3.834299550853,-5.387801250203,
    5.594453349331));
#1804 = CARTESIAN_POINT('',(-3.570507273876,-5.559123314055,
    5.604678523078));
#1805 = CARTESIAN_POINT('',(-3.026135884496,-5.873190706682,
    5.625155625914));
#1806 = CARTESIAN_POINT('',(-2.74580452491,-6.015845664473,
    5.635380793594));
#1807 = CARTESIAN_POINT('',(-2.458397911078,-6.143851596401,
    5.645576821115));
#1808 = CARTESIAN_POINT('',(-2.162900273845,-6.256473566153,
    5.65592392732));
#1809 = CARTESIAN_POINT('',(-1.866845242008,-6.354286483122,
    5.665783521482));
#1810 = CARTESIAN_POINT('',(-1.556944671028,-6.436288495309,
    5.676550645151));
#1811 = CARTESIAN_POINT('',(-1.25196646525,-6.500659184463,
    5.686410197965));
#1812 = CARTESIAN_POINT('',(-0.939597690901,-6.550328764382,
    5.696757326157));
#1813 = CARTESIAN_POINT('',(-0.626700191656,-6.583122528644,
    5.706953349331));
#1814 = CARTESIAN_POINT('',(-0.312588346546,-6.59959564968,
    5.717178523078));
#1815 = CARTESIAN_POINT('',(0.158766514911,-6.599449134049,
    5.732536350205));
#1816 = CARTESIAN_POINT('',(0.315851047931,-6.595268999185,
    5.737652279979));
#1817 = CARTESIAN_POINT('',(0.472790050054,-6.586974010394,
    5.742765564996));
#1818 = CARTESIAN_POINT('',(0.629471979231,-6.574579785249,
    5.747876938332));
#1819 = CARTESIAN_POINT('',(0.785785399618,-6.55810115693,5.752987155812
    ));
#1820 = CARTESIAN_POINT('',(0.941618853077,-6.537552214704,5.75809698686
    ));
#1821 = CARTESIAN_POINT('',(1.096860730666,-6.51294634432,5.763207205351
    ));
#1822 = CARTESIAN_POINT('',(1.25139914414,-6.484296268518,5.768318580456
    ));
#1823 = CARTESIAN_POINT('',(1.405121797438,-6.451614087413,
    5.773431867496));
#1824 = CARTESIAN_POINT('',(1.557915858185,-6.414911318995,
    5.778547798787));
#1825 = CARTESIAN_POINT('',(2.013171771177,-6.292774180616,
    5.793905625914));
#1826 = CARTESIAN_POINT('',(2.312268264544,-6.195422263296,
    5.804130793594));
#1827 = CARTESIAN_POINT('',(2.606009292641,-6.082708960198,
    5.814326821116));
#1828 = CARTESIAN_POINT('',(2.894593434275,-5.953396335606,5.82467392732
    ));
#1829 = CARTESIAN_POINT('',(3.173100131768,-5.813217991869,
    5.834533521483));
#1830 = CARTESIAN_POINT('',(3.450217105889,-5.652069375521,5.84530064515
    ));
#1831 = CARTESIAN_POINT('',(3.711386214119,-5.481934168913,
    5.855160197965));
#1832 = CARTESIAN_POINT('',(3.967385989473,-5.296177787119,
    5.865507326157));
#1833 = CARTESIAN_POINT('',(4.211826626095,-5.098114536678,
    5.875703349331));
#1834 = CARTESIAN_POINT('',(4.445585497415,-4.88765217654,5.885928523078
    ));
#1835 = CARTESIAN_POINT('',(4.889844986329,-4.443116415103,
    5.906405625914));
#1836 = CARTESIAN_POINT('',(5.100194189108,-4.209258934914,
    5.916630793594));
#1837 = CARTESIAN_POINT('',(5.298224730024,-3.964775837037,
    5.926826821115));
#1838 = CARTESIAN_POINT('',(5.483489615512,-3.708495748295,
    5.937173927321));
#1839 = CARTESIAN_POINT('',(5.654594318798,-3.44784439281,5.947033521482
    ));
#1840 = CARTESIAN_POINT('',(5.814010350031,-3.16972711021,5.957800645151
    ));
#1841 = CARTESIAN_POINT('',(5.95512182914,-2.891801145092,5.967660197965
    ));
#1842 = CARTESIAN_POINT('',(6.083945947061,-2.602931511868,
    5.978007326157));
#1843 = CARTESIAN_POINT('',(6.196606122873,-2.309183387118,5.98820334933
    ));
#1844 = CARTESIAN_POINT('',(6.293816063728,-2.010038201039,
    5.998428523078));
#1845 = CARTESIAN_POINT('',(6.456288186281,-1.402929194286,
    6.018905625914));
#1846 = CARTESIAN_POINT('',(6.521527199459,-1.095228074189,
    6.029130793594));
#1847 = CARTESIAN_POINT('',(6.570785129678,-0.784484230173,
    6.039326821116));
#1848 = CARTESIAN_POINT('',(6.603089182571,-0.469906720093,
    6.049673927319));
#1849 = CARTESIAN_POINT('',(6.620944524577,-0.158623673071,
    6.059533521484));
#1850 = CARTESIAN_POINT('',(6.619944216099,0.161940974511,6.070300645149
    ));
#1851 = CARTESIAN_POINT('',(6.603187359212,0.473187660227,6.080160197966
    ));
#1852 = CARTESIAN_POINT('',(6.570317501341,0.787768159942,6.090507326156
    ));
#1853 = CARTESIAN_POINT('',(6.521010013213,1.098491586195,6.100703349331
    ));
#1854 = CARTESIAN_POINT('',(6.455623698454,1.406163887187,6.110928523078
    ));
#1855 = CARTESIAN_POINT('',(6.292774180616,2.013171771178,6.131405625914
    ));
#1856 = CARTESIAN_POINT('',(6.195422263296,2.312268264543,6.141630793594
    ));
#1857 = CARTESIAN_POINT('',(6.082708960197,2.606009292642,6.151826821117
    ));
#1858 = CARTESIAN_POINT('',(5.953396335607,2.894593434272,6.162173927318
    ));
#1859 = CARTESIAN_POINT('',(5.813217991867,3.173100131771,6.172033521485
    ));
#1860 = CARTESIAN_POINT('',(5.652069375523,3.450217105885,6.182800645148
    ));
#1861 = CARTESIAN_POINT('',(5.481934168912,3.711386214123,6.192660197967
    ));
#1862 = CARTESIAN_POINT('',(5.29617778712,3.967385989471,6.203007326156)
  );
#1863 = CARTESIAN_POINT('',(5.098114536677,4.211826626096,6.213203349331
    ));
#1864 = CARTESIAN_POINT('',(4.887652176541,4.445585497415,6.223428523078
    ));
#1865 = CARTESIAN_POINT('',(4.443116415103,4.889844986329,6.243905625914
    ));
#1866 = CARTESIAN_POINT('',(4.209258934914,5.100194189107,6.254130793594
    ));
#1867 = CARTESIAN_POINT('',(3.964775837038,5.298224730026,6.264326821116
    ));
#1868 = CARTESIAN_POINT('',(3.708495748295,5.483489615509,6.274673927319
    ));
#1869 = CARTESIAN_POINT('',(3.447844392811,5.654594318802,6.284533521485
    ));
#1870 = CARTESIAN_POINT('',(3.169727110209,5.814010350027,6.295300645148
    ));
#1871 = CARTESIAN_POINT('',(2.891801145093,5.955121829144,6.305160197967
    ));
#1872 = CARTESIAN_POINT('',(2.602931511867,6.083945947059,6.315507326156
    ));
#1873 = CARTESIAN_POINT('',(2.309183387118,6.196606122874,6.325703349331
    ));
#1874 = CARTESIAN_POINT('',(2.010038201039,6.293816063727,6.335928523078
    ));
#1875 = CARTESIAN_POINT('',(1.402929194287,6.456288186281,6.356405625914
    ));
#1876 = CARTESIAN_POINT('',(1.095228074188,6.521527199457,6.366630793594
    ));
#1877 = CARTESIAN_POINT('',(0.784484230173,6.570785129681,6.376826821116
    ));
#1878 = CARTESIAN_POINT('',(0.469906720095,6.603089182565,6.387173927319
    ));
#1879 = CARTESIAN_POINT('',(0.158623673069,6.620944524585,6.397033521484
    ));
#1880 = CARTESIAN_POINT('',(-0.161940974508,6.619944216091,
    6.407800645149));
#1881 = CARTESIAN_POINT('',(-0.473187660229,6.603187359217,
    6.417660197966));
#1882 = CARTESIAN_POINT('',(-0.787768159941,6.570317501338,
    6.428007326156));
#1883 = CARTESIAN_POINT('',(-1.098491586196,6.521010013214,
    6.438203349331));
#1884 = CARTESIAN_POINT('',(-1.406163887187,6.455623698454,
    6.448428523078));
#1885 = CARTESIAN_POINT('',(-2.013171771178,6.292774180616,
    6.468905625914));
#1886 = CARTESIAN_POINT('',(-2.312268264543,6.195422263295,
    6.479130793594));
#1887 = CARTESIAN_POINT('',(-2.606009292641,6.082708960196,
    6.489326821118));
#1888 = CARTESIAN_POINT('',(-2.894593434271,5.953396335609,
    6.499673927316));
#1889 = CARTESIAN_POINT('',(-3.173100131772,5.813217991861,
    6.509533521489));
#1890 = CARTESIAN_POINT('',(-3.450217105877,5.652069375524,
    6.520300645147));
#1891 = CARTESIAN_POINT('',(-3.711386214126,5.481934168916,
    6.530160197967));
#1892 = CARTESIAN_POINT('',(-3.967385989474,5.296177787122,
    6.540507326155));
#1893 = CARTESIAN_POINT('',(-4.2118266261,5.09811453668,6.550703349331)
  );
#1894 = CARTESIAN_POINT('',(-4.445585497421,4.887652176542,
    6.560928523077));
#1895 = CARTESIAN_POINT('',(-4.778780114104,4.554250355459,
    6.576286350204));
#1896 = CARTESIAN_POINT('',(-4.88689985091,4.440219015229,6.58140227998)
  );
#1897 = CARTESIAN_POINT('',(-4.992007040718,4.323380939772,
    6.586515564996));
#1898 = CARTESIAN_POINT('',(-5.094033854676,4.203826044511,
    6.591626938334));
#1899 = CARTESIAN_POINT('',(-5.192911984391,4.081643615139,
    6.596737155811));
#1900 = CARTESIAN_POINT('',(-5.288572579669,3.956922427065,
    6.601846986863));
#1901 = CARTESIAN_POINT('',(-5.380946186229,3.829750864897,
    6.606957205351));
#1902 = CARTESIAN_POINT('',(-5.469962683468,3.700217041894,
    6.612068580459));
#1903 = CARTESIAN_POINT('',(-5.555551222155,3.568408919449,
    6.617181867496));
#1904 = CARTESIAN_POINT('',(-5.637640162198,3.434414426537,
    6.622297798788));
#1905 = CARTESIAN_POINT('',(-5.873190706681,3.026135884526,
    6.637655625914));
#1906 = CARTESIAN_POINT('',(-6.015845664504,2.745804524948,
    6.647880793588));
#1907 = CARTESIAN_POINT('',(-6.143851596444,2.458397911161,
    6.658076821122));
#1908 = CARTESIAN_POINT('',(-6.256473566228,2.162900273644,
    6.668423927311));
#1909 = CARTESIAN_POINT('',(-6.354286483154,1.866845242488,
    6.678283521477));
#1910 = CARTESIAN_POINT('',(-6.436288495485,1.55694467043,6.689050645169
    ));
#1911 = CARTESIAN_POINT('',(-6.500659184231,1.251966465282,
    6.698910197992));
#1912 = CARTESIAN_POINT('',(-6.550328764277,0.939597690692,
    6.709257326121));
#1913 = CARTESIAN_POINT('',(-6.583122528383,0.626700191572,
    6.719453349351));
#1914 = CARTESIAN_POINT('',(-6.59959564957,0.312588346576,6.729678523034
    ));
#1915 = CARTESIAN_POINT('',(-6.599400295731,-0.315884801619,
    6.750155625891));
#1916 = CARTESIAN_POINT('',(-6.582777433685,-0.62998635937,
    6.760380793553));
#1917 = CARTESIAN_POINT('',(-6.549930515505,-0.942890753365,
    6.770576821587));
#1918 = CARTESIAN_POINT('',(-6.499715184308,-1.255110202753,
    6.78092392639));
#1919 = CARTESIAN_POINT('',(-6.436396139631,-1.560407831305,
    6.790783522609));
#1920 = CARTESIAN_POINT('',(-6.352461676191,-1.869790616736,
    6.801550645859));
#1921 = CARTESIAN_POINT('',(-6.255719225957,-2.166094828112,
    6.811410197828));
#1922 = CARTESIAN_POINT('',(-6.142549956643,-2.461448915499,
    6.821757325336));
#1923 = CARTESIAN_POINT('',(-6.014501438469,-2.748822978713,
    6.831953349455));
#1924 = CARTESIAN_POINT('',(-5.871711660523,-3.029088376701,
    6.84217852178));
#1925 = CARTESIAN_POINT('',(-5.557305910045,-3.573264407726,
    6.862655625157));
#1926 = CARTESIAN_POINT('',(-5.385859311183,-3.836972902008,
    6.872880794988));
#1927 = CARTESIAN_POINT('',(-5.200960850094,-4.091532588665,
    6.883076827919));
#1928 = CARTESIAN_POINT('',(-5.001363374354,-4.336814935737,
    6.893423913243));
#1929 = CARTESIAN_POINT('',(-4.793878669738,-4.56955084885,
    6.903283539108));
#1930 = CARTESIAN_POINT('',(-4.566497827572,-4.795517006607,
    6.914050672526));
#1931 = CARTESIAN_POINT('',(-4.334564357414,-5.003752794091,
    6.923910174333));
#1932 = CARTESIAN_POINT('',(-4.08887980837,-5.202952284377,
    6.934257326952));
#1933 = CARTESIAN_POINT('',(-3.834299518445,-5.387801279112,
    6.944453338076));
#1934 = CARTESIAN_POINT('',(-3.570507260828,-5.559123344229,
    6.954678506728));
#1935 = CARTESIAN_POINT('',(-3.29832160702,-5.716157035551,6.96491705306
    ));
#1936 = CARTESIAN_POINT('',(-3.026135934922,-5.873190693646,
    6.975155622179));
#1937 = CARTESIAN_POINT('',(-2.74580461405,-6.015845608176,
    6.985380808592));
#1938 = CARTESIAN_POINT('',(-2.458398011988,-6.143851334955,
    6.995576951656));
#1939 = CARTESIAN_POINT('',(-2.162900495539,-6.256473956169,
    7.005923664913));
#1940 = CARTESIAN_POINT('',(-1.866845207101,-6.354285860373,
    7.015783882019));
#1941 = CARTESIAN_POINT('',(-1.556944801526,-6.436287865382,
    7.026550976006));
#1942 = CARTESIAN_POINT('',(-1.251966199049,-6.500659876373,
    7.036409856569));
#1943 = CARTESIAN_POINT('',(-0.939597260838,-6.550328918467,
    7.046757325589));
#1944 = CARTESIAN_POINT('',(-0.626699652815,-6.583123001458,
    7.056953186333));
#1945 = CARTESIAN_POINT('',(-0.312587865673,-6.599596183888,
    7.067178299162));
#1946 = CARTESIAN_POINT('',(1.648408540638E-03,-6.599498434181,
    7.077416796714));
#1947 = CARTESIAN_POINT('',(0.315884672101,-6.59940017285,7.087655601689
    ));
#1948 = CARTESIAN_POINT('',(0.629985493541,-6.582776616445,
    7.097881016406));
#1949 = CARTESIAN_POINT('',(0.942888883406,-6.549926659135,7.10807847528
    ));
#1950 = CARTESIAN_POINT('',(1.255106656306,-6.499721744296,
    7.118420522299));
#1951 = CARTESIAN_POINT('',(1.560411328305,-6.436383633256,
    7.128288619839));
#1952 = CARTESIAN_POINT('',(1.869774856809,-6.352459605188,
    7.139053455096));
#1953 = CARTESIAN_POINT('',(2.166103580462,-6.255727283538,
    7.148906458623));
#1954 = CARTESIAN_POINT('',(2.461452725999,-6.142553599013,
    7.159257201993));
#1955 = CARTESIAN_POINT('',(2.748831938976,-6.014507487797,
    7.169451584391));
#1956 = CARTESIAN_POINT('',(3.029098530723,-5.871716279819,
    7.179676297071));
#1957 = CARTESIAN_POINT('',(3.301184206829,-5.714509125888,
    7.189914532234));
#1958 = CARTESIAN_POINT('',(3.573267298048,-5.557297702785,
    7.200155765603));
#1959 = CARTESIAN_POINT('',(3.83696306305,-5.385843176535,7.210383258958
    ));
#1960 = CARTESIAN_POINT('',(4.091500684414,-5.200911234682,
    7.220591425599));
#1961 = CARTESIAN_POINT('',(4.336776095524,-5.00146819762,7.230892600294
    ));
#1962 = CARTESIAN_POINT('',(4.56957405587,-4.793641399332,7.240836725458
    ));
#1963 = CARTESIAN_POINT('',(4.795281467094,-4.56668383159,7.251554167193
    ));
#1964 = CARTESIAN_POINT('',(5.003890712936,-4.334604707474,
    7.261386212513));
#1965 = CARTESIAN_POINT('',(5.203008239388,-4.088967209416,
    7.271754447871));
#1966 = CARTESIAN_POINT('',(5.387929676622,-3.834362428684,
    7.281942408685));
#1967 = CARTESIAN_POINT('',(5.55925476456,-3.570510235777,7.292168289447
    ));
#1968 = CARTESIAN_POINT('',(5.716229246105,-3.298220059398,
    7.302409666741));
#1969 = CARTESIAN_POINT('',(5.873185320078,-3.025919767985,
    7.312663662394));
#1970 = CARTESIAN_POINT('',(6.015666635753,-2.745519978414,
    7.322897033718));
#1971 = CARTESIAN_POINT('',(6.143430319262,-2.45787049929,7.333124724924
    ));
#1972 = CARTESIAN_POINT('',(6.25615730085,-2.163866836891,7.343322524935
    ));
#1973 = CARTESIAN_POINT('',(6.353621530353,-1.864396865044,
    7.353508083433));
#1974 = CARTESIAN_POINT('',(6.435595614932,-1.560274184763,
    7.363717281974));
#1975 = CARTESIAN_POINT('',(6.501738710702,-1.252232771028,
    7.373965375242));
#1976 = CARTESIAN_POINT('',(6.551591554753,-0.940997325587,
    7.384239966683));
#1977 = CARTESIAN_POINT('',(6.584682579469,-0.627383576212,
    7.394530532212));
#1978 = CARTESIAN_POINT('',(6.600628105872,-0.312322584412,
    7.404856854857));
#1979 = CARTESIAN_POINT('',(6.598988668018,3.357054901782E-03,
    7.41521638261));
#1980 = CARTESIAN_POINT('',(5.778180723781,-2.081668171172E-17,
    0.760044953298));
#1981 = CARTESIAN_POINT('',(5.779177911006,0.274215301437,0.770132273878
    ));
#1982 = CARTESIAN_POINT('',(5.765016431031,0.548504073627,0.780254759078
    ));
#1983 = CARTESIAN_POINT('',(5.736015389462,0.822089998959,0.790415089112
    ));
#1984 = CARTESIAN_POINT('',(5.692361810761,1.094209089584,0.800592341675
    ));
#1985 = CARTESIAN_POINT('',(5.634419927947,1.364111099917,0.810797627479
    ));
#1986 = CARTESIAN_POINT('',(5.562603973305,1.630968081403,0.82104403292)
  );
#1987 = CARTESIAN_POINT('',(5.477211836913,1.893840389234,0.831315417266
    ));
#1988 = CARTESIAN_POINT('',(5.378420223077,2.151751095653,0.841573844503
    ));
#1989 = CARTESIAN_POINT('',(5.266445197722,2.403820408789,0.851800662951
    ));
#1990 = CARTESIAN_POINT('',(5.141675283092,2.649312341038,0.862021478524
    ));
#1991 = CARTESIAN_POINT('',(5.004387519119,2.88734651534,0.872220500456)
  );
#1992 = CARTESIAN_POINT('',(4.867120772349,3.12539228133,0.882432863691)
  );
#1993 = CARTESIAN_POINT('',(4.717206577929,3.356339237833,0.892661617828
    ));
#1994 = CARTESIAN_POINT('',(4.555102383849,3.579682865155,0.902930461954
    ));
#1995 = CARTESIAN_POINT('',(4.382004105052,3.793003947942,0.913008698999
    ));
#1996 = CARTESIAN_POINT('',(4.195754742989,4.001513691971,0.923653853148
    ));
#1997 = CARTESIAN_POINT('',(4.003495743552,4.192564485998,0.933362802748
    ));
#1998 = CARTESIAN_POINT('',(3.796027740188,4.379734892028,0.943889526625
    ));
#1999 = CARTESIAN_POINT('',(3.582467924561,4.552700052068,0.954038628185
    ));
#2000 = CARTESIAN_POINT('',(3.359274347625,4.715032986095,0.964286103374
    ));
#2001 = CARTESIAN_POINT('',(3.128387789751,4.865158707992,0.974513137446
    ));
#2002 = CARTESIAN_POINT('',(2.890365802124,5.002655619864,0.984725650791
    ));
#2003 = CARTESIAN_POINT('',(2.652346760772,5.140157414918,0.994941334112
    ));
#2004 = CARTESIAN_POINT('',(2.406974791727,5.265214468195,1.005171319717
    ));
#2005 = CARTESIAN_POINT('',(2.154873019362,5.37760622589,1.015433367629)
  );
#2006 = CARTESIAN_POINT('',(1.898417904138,5.475818196539,1.02553011173)
  );
#2007 = CARTESIAN_POINT('',(1.632608571592,5.563376318769,1.036153061991
    ));
#2008 = CARTESIAN_POINT('',(1.371063975847,5.632509471497,1.045811965376
    ));
#2009 = CARTESIAN_POINT('',(1.097514805362,5.691062077637,1.056419036495
    ));
#2010 = CARTESIAN_POINT('',(0.826201703056,5.733982481063,1.066524939416
    ));
#2011 = CARTESIAN_POINT('',(0.551723253265,5.762983420752,1.076783734829
    ));
#2012 = CARTESIAN_POINT('',(0.276699367379,5.777549260485,1.087012966782
    ));
#2013 = CARTESIAN_POINT('',(1.809155682062E-03,5.777614092505,
    1.097228046692));
#2014 = CARTESIAN_POINT('',(-0.27308104475,5.777679509201,1.107443451636
    ));
#2015 = CARTESIAN_POINT('',(-0.548112393945,5.763293660281,
    1.117673013327));
#2016 = CARTESIAN_POINT('',(-0.822635894132,5.734574750185,
    1.127933497198));
#2017 = CARTESIAN_POINT('',(-1.093835035095,5.691409329474,1.13803370499
    ));
#2018 = CARTESIAN_POINT('',(-1.367818380793,5.634322415365,
    1.148650435656));
#2019 = CARTESIAN_POINT('',(-1.628863116941,5.563425320124,
    1.158306959713));
#2020 = CARTESIAN_POINT('',(-1.895061055407,5.477366919728,
    1.168922357432));
#2021 = CARTESIAN_POINT('',(-2.15147586067,5.378874813296,1.17902332901)
  );
#2022 = CARTESIAN_POINT('',(-2.403684005069,5.26675245471,1.189283515395
    ));
#2023 = CARTESIAN_POINT('',(-2.649145357279,5.14185467761,1.199512988732
    ));
#2024 = CARTESIAN_POINT('',(-2.887240342202,5.004465678649,
    1.209728317902));
#2025 = CARTESIAN_POINT('',(-3.006287845055,4.935771198051,
    1.214835994464));
#2026 = CARTESIAN_POINT('',(-3.12355942812,4.863930348286,1.219947208769
    ));
#2027 = CARTESIAN_POINT('',(-3.238964163437,4.789007528185,
    1.225061217973));
#2028 = CARTESIAN_POINT('',(-3.352411033734,4.711068046848,1.23017725153
    ));
#2029 = CARTESIAN_POINT('',(-3.463809035028,4.630178033266,
    1.235294501474));
#2030 = CARTESIAN_POINT('',(-3.573067349447,4.546404418972,
    1.240412169017));
#2031 = CARTESIAN_POINT('',(-3.68009539911,4.45981479701,1.245529415772)
  );
#2032 = CARTESIAN_POINT('',(-3.78480307068,4.370477458372,1.250645451826
    ));
#2033 = CARTESIAN_POINT('',(-3.887100729852,4.278461210023,
    1.255759455383));
#2034 = CARTESIAN_POINT('',(-3.986899459108,4.183835425033,
    1.260870671413));
#2035 = CARTESIAN_POINT('',(-4.278534351879,3.892338787443,
    1.276193693966));
#2036 = CARTESIAN_POINT('',(-4.462838588986,3.687689635208,
    1.286423186295));
#2037 = CARTESIAN_POINT('',(-4.636648383515,3.473264781902,
    1.296683500238));
#2038 = CARTESIAN_POINT('',(-4.797893076511,3.250975898922,
    1.306784068636));
#2039 = CARTESIAN_POINT('',(-4.951260676942,3.016873613083,
    1.317400080911));
#2040 = CARTESIAN_POINT('',(-5.085715090024,2.78215571994,1.327056573209
    ));
#2041 = CARTESIAN_POINT('',(-5.213094259422,2.533073017403,
    1.337672639154));
#2042 = CARTESIAN_POINT('',(-5.324761710294,2.282115749061,
    1.347773188846));
#2043 = CARTESIAN_POINT('',(-5.423817569483,2.024495178698,
    1.358033499523));
#2044 = CARTESIAN_POINT('',(-5.509068953017,1.762611679641,
    1.368262992849));
#2045 = CARTESIAN_POINT('',(-5.651488818234,1.231597101472,
    1.388693688743));
#2046 = CARTESIAN_POINT('',(-5.708776400253,0.962213619785,
    1.398923185575));
#2047 = CARTESIAN_POINT('',(-5.75208767007,0.689611345193,1.409183497892
    ));
#2048 = CARTESIAN_POINT('',(-5.78058522906,0.416481187133,1.419284065942
    ));
#2049 = CARTESIAN_POINT('',(-5.79635434288,0.137058828347,1.429900085234
    ));
#2050 = CARTESIAN_POINT('',(-5.795436337044,-0.133440005359,
    1.439556578702));
#2051 = CARTESIAN_POINT('',(-5.781208562841,-0.412841554567,
    1.450172634871));
#2052 = CARTESIAN_POINT('',(-5.752436790591,-0.6860106426,1.460273190952
    ));
#2053 = CARTESIAN_POINT('',(-5.709411391396,-0.958644530508,
    1.470533499583));
#2054 = CARTESIAN_POINT('',(-5.65229950477,-1.228067984151,
    1.480762992707));
#2055 = CARTESIAN_POINT('',(-5.510131435755,-1.759150031112,
    1.501193688459));
#2056 = CARTESIAN_POINT('',(-5.42505219664,-2.021086760932,1.51142318564
    ));
#2057 = CARTESIAN_POINT('',(-5.326259718714,-2.278822891235,
    1.521683497689));
#2058 = CARTESIAN_POINT('',(-5.214374250608,-2.52960932555,
    1.531784065982));
#2059 = CARTESIAN_POINT('',(-5.08831952366,-2.779480746438,
    1.542400085361));
#2060 = CARTESIAN_POINT('',(-4.952275092447,-3.013280602142,
    1.552056578881));
#2061 = CARTESIAN_POINT('',(-4.80025270215,-3.248135555985,
    1.562672634702));
#2062 = CARTESIAN_POINT('',(-4.638751073413,-3.470321039113,
    1.572773191041));
#2063 = CARTESIAN_POINT('',(-4.465173040465,-3.684916212323,
    1.583033499564));
#2064 = CARTESIAN_POINT('',(-4.281000968952,-3.889687824186,
    1.593262992704));
#2065 = CARTESIAN_POINT('',(-3.989504331725,-4.181322706422,
    1.608586014517));
#2066 = CARTESIAN_POINT('',(-3.88975927202,-4.276004580797,
    1.613697225784));
#2067 = CARTESIAN_POINT('',(-3.787520437742,-4.368085543578,
    1.618811233228));
#2068 = CARTESIAN_POINT('',(-3.682874464975,-4.457494576182,
    1.623927261926));
#2069 = CARTESIAN_POINT('',(-3.575908790699,-4.544160905539,
    1.629044512844));
#2070 = CARTESIAN_POINT('',(-3.466711556936,-4.62801410971,
    1.634162172532));
#2071 = CARTESIAN_POINT('',(-3.355371514982,-4.708984223407,
    1.639279422776));
#2072 = CARTESIAN_POINT('',(-3.241977929533,-4.787001843623,
    1.644395450293));
#2073 = CARTESIAN_POINT('',(-3.126620482919,-4.861998235155,
    1.649509456388));
#2074 = CARTESIAN_POINT('',(-3.009389179247,-4.933905436216,
    1.654620666643));
#2075 = CARTESIAN_POINT('',(-2.652344387325,-5.140158219519,
    1.669943688456));
#2076 = CARTESIAN_POINT('',(-2.406967042486,-5.265215350512,
    1.680173185646));
#2077 = CARTESIAN_POINT('',(-2.154863245882,-5.377605484945,
    1.690433497686));
#2078 = CARTESIAN_POINT('',(-1.898415484412,-5.475823300076,
    1.700534065992));
#2079 = CARTESIAN_POINT('',(-1.632595555876,-5.563374924065,
    1.711150085363));
#2080 = CARTESIAN_POINT('',(-1.371076152908,-5.632498447526,
    1.720806578865));
#2081 = CARTESIAN_POINT('',(-1.097512559197,-5.691069914984,
    1.73142263471));
#2082 = CARTESIAN_POINT('',(-0.826204800621,-5.733979879905,
    1.741523191038));
#2083 = CARTESIAN_POINT('',(-0.551724894257,-5.762983377926,
    1.751783499562));
#2084 = CARTESIAN_POINT('',(-0.27670017824,-5.777549452596,
    1.762012992704));
#2085 = CARTESIAN_POINT('',(0.273081490751,-5.777679791237,
    1.782443688456));
#2086 = CARTESIAN_POINT('',(0.54811307039,-5.763293771182,1.792673185646
    ));
#2087 = CARTESIAN_POINT('',(0.822636429858,-5.734574584434,
    1.802933497686));
#2088 = CARTESIAN_POINT('',(1.093835613598,-5.691409826706,
    1.813034065991));
#2089 = CARTESIAN_POINT('',(1.367818236539,-5.634321792957,
    1.823650085364));
#2090 = CARTESIAN_POINT('',(1.628862444823,-5.563424818788,
    1.833306578864));
#2091 = CARTESIAN_POINT('',(1.895061200255,-5.477367400688,
    1.843922634711));
#2092 = CARTESIAN_POINT('',(2.151475593886,-5.378874641096,
    1.854023191038));
#2093 = CARTESIAN_POINT('',(2.403683914636,-5.266752454,1.864283499563)
  );
#2094 = CARTESIAN_POINT('',(2.64914534271,-5.141854686689,1.874512992704
    ));
#2095 = CARTESIAN_POINT('',(3.125335403912,-4.867076728768,
    1.894943688456));
#2096 = CARTESIAN_POINT('',(3.356326728695,-4.717102280121,
    1.905173185646));
#2097 = CARTESIAN_POINT('',(3.579711338552,-4.55496905509,1.915433497686
    ));
#2098 = CARTESIAN_POINT('',(3.792994342293,-4.381987686474,
    1.925534065991));
#2099 = CARTESIAN_POINT('',(4.00172623708,-4.195556687532,1.936150085364
    ));
#2100 = CARTESIAN_POINT('',(4.192348665882,-4.003636002699,
    1.945806578865));
#2101 = CARTESIAN_POINT('',(4.37985484149,-3.796008714732,1.95642263471)
  );
#2102 = CARTESIAN_POINT('',(4.552669840477,-3.582504286016,
    1.966523191038));
#2103 = CARTESIAN_POINT('',(4.715027559743,-3.359299463291,
    1.976783499562));
#2104 = CARTESIAN_POINT('',(4.865154508449,-3.128404109885,
    1.987012992704));
#2105 = CARTESIAN_POINT('',(5.140158219519,-2.652344387326,
    2.007443688456));
#2106 = CARTESIAN_POINT('',(5.265215350512,-2.406967042487,
    2.017673185646));
#2107 = CARTESIAN_POINT('',(5.377605484945,-2.154863245883,
    2.027933497686));
#2108 = CARTESIAN_POINT('',(5.475823300075,-1.898415484412,
    2.038034065992));
#2109 = CARTESIAN_POINT('',(5.563374924065,-1.632595555878,
    2.048650085363));
#2110 = CARTESIAN_POINT('',(5.632498447527,-1.371076152905,
    2.058306578866));
#2111 = CARTESIAN_POINT('',(5.691069914983,-1.097512559198,
    2.068922634709));
#2112 = CARTESIAN_POINT('',(5.733979879905,-0.82620480062,2.079023191038
    ));
#2113 = CARTESIAN_POINT('',(5.762983377926,-0.551724894257,
    2.089283499562));
#2114 = CARTESIAN_POINT('',(5.777549452596,-0.27670017824,2.099512992704
    ));
#2115 = CARTESIAN_POINT('',(5.777679791237,0.27308149075,2.119943688456)
  );
#2116 = CARTESIAN_POINT('',(5.763293771182,0.54811307039,2.130173185646)
  );
#2117 = CARTESIAN_POINT('',(5.734574584434,0.822636429857,2.140433497686
    ));
#2118 = CARTESIAN_POINT('',(5.691409826706,1.093835613599,2.150534065991
    ));
#2119 = CARTESIAN_POINT('',(5.634321792957,1.367818236537,2.161150085364
    ));
#2120 = CARTESIAN_POINT('',(5.563424818788,1.628862444824,2.170806578865
    ));
#2121 = CARTESIAN_POINT('',(5.477367400688,1.895061200254,2.18142263471)
  );
#2122 = CARTESIAN_POINT('',(5.378874641096,2.151475593887,2.191523191038
    ));
#2123 = CARTESIAN_POINT('',(5.266752454,2.403683914636,2.201783499562));
#2124 = CARTESIAN_POINT('',(5.141854686689,2.64914534271,2.212012992704)
  );
#2125 = CARTESIAN_POINT('',(4.867076728768,3.125335403912,2.232443688456
    ));
#2126 = CARTESIAN_POINT('',(4.717102280121,3.356326728695,2.242673185646
    ));
#2127 = CARTESIAN_POINT('',(4.55496905509,3.579711338552,2.252933497686)
  );
#2128 = CARTESIAN_POINT('',(4.381987686473,3.792994342292,2.263034065992
    ));
#2129 = CARTESIAN_POINT('',(4.195556687532,4.001726237082,2.273650085364
    ));
#2130 = CARTESIAN_POINT('',(4.003636002699,4.192348665879,2.283306578865
    ));
#2131 = CARTESIAN_POINT('',(3.796008714732,4.379854841493,2.29392263471)
  );
#2132 = CARTESIAN_POINT('',(3.582504286017,4.552669840475,2.304023191038
    ));
#2133 = CARTESIAN_POINT('',(3.359299463291,4.715027559744,2.314283499562
    ));
#2134 = CARTESIAN_POINT('',(3.128404109885,4.865154508448,2.324512992704
    ));
#2135 = CARTESIAN_POINT('',(2.652344387325,5.140158219519,2.344943688456
    ));
#2136 = CARTESIAN_POINT('',(2.406967042487,5.265215350511,2.355173185646
    ));
#2137 = CARTESIAN_POINT('',(2.154863245882,5.377605484947,2.365433497686
    ));
#2138 = CARTESIAN_POINT('',(1.898415484412,5.475823300072,2.375534065992
    ));
#2139 = CARTESIAN_POINT('',(1.632595555878,5.56337492407,2.386150085363)
  );
#2140 = CARTESIAN_POINT('',(1.371076152906,5.632498447523,2.395806578865
    ));
#2141 = CARTESIAN_POINT('',(1.097512559198,5.691069914987,2.40642263471)
  );
#2142 = CARTESIAN_POINT('',(0.82620480062,5.733979879903,2.416523191038)
  );
#2143 = CARTESIAN_POINT('',(0.551724894257,5.762983377927,2.426783499562
    ));
#2144 = CARTESIAN_POINT('',(0.27670017824,5.777549452596,2.437012992704)
  );
#2145 = CARTESIAN_POINT('',(-0.27308149075,5.777679791237,2.457443688456
    ));
#2146 = CARTESIAN_POINT('',(-0.54811307039,5.763293771182,2.467673185646
    ));
#2147 = CARTESIAN_POINT('',(-0.822636429858,5.734574584436,
    2.477933497686));
#2148 = CARTESIAN_POINT('',(-1.093835613598,5.691409826703,
    2.488034065991));
#2149 = CARTESIAN_POINT('',(-1.367818236539,5.634321792961,
    2.498650085364));
#2150 = CARTESIAN_POINT('',(-1.628862444822,5.563424818784,
    2.508306578865));
#2151 = CARTESIAN_POINT('',(-1.895061200256,5.477367400691,2.51892263471
    ));
#2152 = CARTESIAN_POINT('',(-2.151475593885,5.378874641095,
    2.529023191038));
#2153 = CARTESIAN_POINT('',(-2.403683914637,5.266752454001,
    2.539283499562));
#2154 = CARTESIAN_POINT('',(-2.64914534271,5.141854686689,2.549512992704
    ));
#2155 = CARTESIAN_POINT('',(-3.125335403912,4.867076728768,
    2.569943688456));
#2156 = CARTESIAN_POINT('',(-3.356326728695,4.717102280122,
    2.580173185646));
#2157 = CARTESIAN_POINT('',(-3.579711338551,4.554969055086,
    2.590433497686));
#2158 = CARTESIAN_POINT('',(-3.792994342295,4.38198768648,2.600534065991
    ));
#2159 = CARTESIAN_POINT('',(-4.001726237077,4.195556687524,
    2.611150085364));
#2160 = CARTESIAN_POINT('',(-4.192348665885,4.003636002707,
    2.620806578865));
#2161 = CARTESIAN_POINT('',(-4.379854841488,3.796008714727,2.63142263471
    ));
#2162 = CARTESIAN_POINT('',(-4.552669840478,3.582504286019,
    2.641523191038));
#2163 = CARTESIAN_POINT('',(-4.715027559743,3.359299463289,
    2.651783499563));
#2164 = CARTESIAN_POINT('',(-4.865154508449,3.128404109886,
    2.662012992704));
#2165 = CARTESIAN_POINT('',(-5.140158219519,2.652344387325,
    2.682443688456));
#2166 = CARTESIAN_POINT('',(-5.265215350512,2.406967042488,
    2.692673185646));
#2167 = CARTESIAN_POINT('',(-5.377605484945,2.154863245881,
    2.702933497686));
#2168 = CARTESIAN_POINT('',(-5.475823300076,1.898415484414,
    2.713034065991));
#2169 = CARTESIAN_POINT('',(-5.563374924065,1.632595555876,
    2.723650085364));
#2170 = CARTESIAN_POINT('',(-5.632498447528,1.371076152907,
    2.733306578865));
#2171 = CARTESIAN_POINT('',(-5.691069914983,1.097512559198,2.74392263471
    ));
#2172 = CARTESIAN_POINT('',(-5.733979879905,0.82620480062,2.754023191038
    ));
#2173 = CARTESIAN_POINT('',(-5.762983377926,0.551724894257,
    2.764283499562));
#2174 = CARTESIAN_POINT('',(-5.777549452596,0.27670017824,2.774512992704
    ));
#2175 = CARTESIAN_POINT('',(-5.777679791237,-0.27308149075,
    2.794943688456));
#2176 = CARTESIAN_POINT('',(-5.763293771183,-0.54811307039,
    2.805173185646));
#2177 = CARTESIAN_POINT('',(-5.734574584431,-0.822636429857,
    2.815433497686));
#2178 = CARTESIAN_POINT('',(-5.691409826711,-1.093835613599,
    2.825534065991));
#2179 = CARTESIAN_POINT('',(-5.634321792951,-1.367818236536,
    2.836150085364));
#2180 = CARTESIAN_POINT('',(-5.563424818794,-1.628862444825,
    2.845806578865));
#2181 = CARTESIAN_POINT('',(-5.477367400683,-1.895061200253,
    2.85642263471));
#2182 = CARTESIAN_POINT('',(-5.378874641099,-2.151475593887,
    2.866523191038));
#2183 = CARTESIAN_POINT('',(-5.266752453999,-2.403683914636,
    2.876783499562));
#2184 = CARTESIAN_POINT('',(-5.141854686689,-2.64914534271,
    2.887012992704));
#2185 = CARTESIAN_POINT('',(-4.935771218248,-3.006287888611,
    2.902336014518));
#2186 = CARTESIAN_POINT('',(-4.863930361347,-3.123559477457,
    2.907447225784));
#2187 = CARTESIAN_POINT('',(-4.789007537724,-3.238964214981,
    2.912561233229));
#2188 = CARTESIAN_POINT('',(-4.711068050458,-3.352411079418,
    2.917677261926));
#2189 = CARTESIAN_POINT('',(-4.630178039746,-3.463809078896,
    2.922794512845));
#2190 = CARTESIAN_POINT('',(-4.546404417738,-3.573067378184,
    2.927912172532));
#2191 = CARTESIAN_POINT('',(-4.459814803214,-3.68009542551,
    2.933029422777));
#2192 = CARTESIAN_POINT('',(-4.370477456466,-3.784803079282,
    2.938145450292));
#2193 = CARTESIAN_POINT('',(-4.278461213966,-3.887100734923,
    2.943259456388));
#2194 = CARTESIAN_POINT('',(-4.183835423216,-3.986899451595,
    2.948370666642));
#2195 = CARTESIAN_POINT('',(-3.892338785982,-4.278534333834,
    2.963693688456));
#2196 = CARTESIAN_POINT('',(-3.687689638644,-4.462838576503,
    2.973923185646));
#2197 = CARTESIAN_POINT('',(-3.473264777869,-4.636648373876,
    2.984183497686));
#2198 = CARTESIAN_POINT('',(-3.250975903098,-4.797893062856,
    2.994284065991));
#2199 = CARTESIAN_POINT('',(-3.016873596699,-4.951260697671,
    3.004900085364));
#2200 = CARTESIAN_POINT('',(-2.782155735633,-5.085715096344,
    3.014556578865));
#2201 = CARTESIAN_POINT('',(-2.533073006613,-5.213094257537,
    3.02517263471));
#2202 = CARTESIAN_POINT('',(-2.282115751877,-5.324761715868,
    3.035273191038));
#2203 = CARTESIAN_POINT('',(-2.024495179186,-5.423817570922,
    3.045533499563));
#2204 = CARTESIAN_POINT('',(-1.762611680654,-5.509068953013,
    3.055762992704));
#2205 = CARTESIAN_POINT('',(-1.231597101879,-5.651488817056,
    3.076193688456));
#2206 = CARTESIAN_POINT('',(-0.962213620086,-5.708776399563,
    3.086423185646));
#2207 = CARTESIAN_POINT('',(-0.689611344767,-5.752087669126,
    3.096683497686));
#2208 = CARTESIAN_POINT('',(-0.416481187746,-5.780585228624,
    3.106784065991));
#2209 = CARTESIAN_POINT('',(-0.137058825912,-5.796354343292,
    3.117400085364));
#2210 = CARTESIAN_POINT('',(0.133440003828,-5.79543633766,3.127056578865
    ));
#2211 = CARTESIAN_POINT('',(0.412841555403,-5.781208562657,3.13767263471
    ));
#2212 = CARTESIAN_POINT('',(0.686010642431,-5.752436790979,
    3.147773191038));
#2213 = CARTESIAN_POINT('',(0.958644530447,-5.709411391504,
    3.158033499562));
#2214 = CARTESIAN_POINT('',(1.228067984052,-5.652299504836,
    3.168262992704));
#2215 = CARTESIAN_POINT('',(1.759150031073,-5.510131435713,
    3.188693688456));
#2216 = CARTESIAN_POINT('',(2.021086760919,-5.425052196589,
    3.198923185646));
#2217 = CARTESIAN_POINT('',(2.278822891258,-5.326259718645,
    3.209183497686));
#2218 = CARTESIAN_POINT('',(2.529609325525,-5.214374250598,
    3.219284065991));
#2219 = CARTESIAN_POINT('',(2.779480746595,-5.088319523588,
    3.229900085364));
#2220 = CARTESIAN_POINT('',(3.013280602025,-4.95227509251,3.239556578865
    ));
#2221 = CARTESIAN_POINT('',(3.248135556047,-4.800252702139,3.25017263471
    ));
#2222 = CARTESIAN_POINT('',(3.4703210391,-4.638751073435,3.260273191038)
  );
#2223 = CARTESIAN_POINT('',(3.684916212319,-4.465173040476,
    3.270533499562));
#2224 = CARTESIAN_POINT('',(3.889687824182,-4.28100096896,3.280762992704
    ));
#2225 = CARTESIAN_POINT('',(4.278534333835,-3.892338785982,
    3.301193688456));
#2226 = CARTESIAN_POINT('',(4.462838576502,-3.687689638643,
    3.311423185646));
#2227 = CARTESIAN_POINT('',(4.636648373878,-3.473264777871,
    3.321683497686));
#2228 = CARTESIAN_POINT('',(4.797893062852,-3.250975903095,
    3.331784065991));
#2229 = CARTESIAN_POINT('',(4.951260697677,-3.016873596703,
    3.342400085364));
#2230 = CARTESIAN_POINT('',(5.085715096338,-2.782155735629,
    3.352056578865));
#2231 = CARTESIAN_POINT('',(5.213094257542,-2.533073006615,3.36267263471
    ));
#2232 = CARTESIAN_POINT('',(5.324761715865,-2.282115751876,
    3.372773191038));
#2233 = CARTESIAN_POINT('',(5.423817570923,-2.024495179186,
    3.383033499562));
#2234 = CARTESIAN_POINT('',(5.509068953012,-1.762611680654,
    3.393262992704));
#2235 = CARTESIAN_POINT('',(5.651488817056,-1.231597101879,
    3.413693688456));
#2236 = CARTESIAN_POINT('',(5.708776399562,-0.962213620087,
    3.423923185646));
#2237 = CARTESIAN_POINT('',(5.752087669129,-0.689611344767,
    3.434183497686));
#2238 = CARTESIAN_POINT('',(5.780585228619,-0.416481187747,
    3.444284065991));
#2239 = CARTESIAN_POINT('',(5.796354343297,-0.137058825911,
    3.454900085364));
#2240 = CARTESIAN_POINT('',(5.795436337655,0.133440003828,3.464556578865
    ));
#2241 = CARTESIAN_POINT('',(5.78120856266,0.412841555402,3.47517263471)
  );
#2242 = CARTESIAN_POINT('',(5.752436790977,0.686010642431,3.485273191038
    ));
#2243 = CARTESIAN_POINT('',(5.709411391505,0.958644530447,3.495533499562
    ));
#2244 = CARTESIAN_POINT('',(5.652299504836,1.228067984052,3.505762992704
    ));
#2245 = CARTESIAN_POINT('',(5.510131435713,1.759150031074,3.526193688456
    ));
#2246 = CARTESIAN_POINT('',(5.425052196589,2.021086760919,3.536423185646
    ));
#2247 = CARTESIAN_POINT('',(5.326259718645,2.278822891259,3.546683497686
    ));
#2248 = CARTESIAN_POINT('',(5.214374250598,2.529609325524,3.556784065991
    ));
#2249 = CARTESIAN_POINT('',(5.088319523589,2.779480746595,3.567400085364
    ));
#2250 = CARTESIAN_POINT('',(4.95227509251,3.013280602025,3.577056578865)
  );
#2251 = CARTESIAN_POINT('',(4.80025270214,3.248135556046,3.58767263471)
  );
#2252 = CARTESIAN_POINT('',(4.638751073434,3.4703210391,3.597773191038)
  );
#2253 = CARTESIAN_POINT('',(4.465173040476,3.684916212319,3.608033499563
    ));
#2254 = CARTESIAN_POINT('',(4.28100096896,3.889687824182,3.618262992704)
  );
#2255 = CARTESIAN_POINT('',(3.892338785982,4.278534333834,3.638693688456
    ));
#2256 = CARTESIAN_POINT('',(3.687689638643,4.462838576503,3.648923185646
    ));
#2257 = CARTESIAN_POINT('',(3.47326477787,4.636648373876,3.659183497686)
  );
#2258 = CARTESIAN_POINT('',(3.250975903097,4.797893062855,3.669284065991
    ));
#2259 = CARTESIAN_POINT('',(3.016873596701,4.951260697673,3.679900085364
    ));
#2260 = CARTESIAN_POINT('',(2.782155735631,5.085715096341,3.689556578865
    ));
#2261 = CARTESIAN_POINT('',(2.533073006615,5.21309425754,3.70017263471)
  );
#2262 = CARTESIAN_POINT('',(2.282115751876,5.324761715866,3.710273191038
    ));
#2263 = CARTESIAN_POINT('',(2.024495179186,5.423817570923,3.720533499562
    ));
#2264 = CARTESIAN_POINT('',(1.762611680654,5.509068953013,3.730762992704
    ));
#2265 = CARTESIAN_POINT('',(1.364350746573,5.615883851045,3.746086014518
    ));
#2266 = CARTESIAN_POINT('',(1.230628053778,5.648008229676,3.751197225784
    ));
#2267 = CARTESIAN_POINT('',(1.096046144646,5.676633265514,3.756311233229
    ));
#2268 = CARTESIAN_POINT('',(0.960715557526,5.701740772688,3.761427261925
    ));
#2269 = CARTESIAN_POINT('',(0.824747401587,5.723313178433,3.766544512845
    ));
#2270 = CARTESIAN_POINT('',(0.688253221044,5.741333566545,3.771662172531
    ));
#2271 = CARTESIAN_POINT('',(0.551344859401,5.755785720983,3.776779422777
    ));
#2272 = CARTESIAN_POINT('',(0.414134323672,5.766654169305,3.781895450292
    ));
#2273 = CARTESIAN_POINT('',(0.276733648621,5.773924226259,3.787009456388
    ));
#2274 = CARTESIAN_POINT('',(0.139254760993,5.777582037256,3.792120666642
    ));
#2275 = CARTESIAN_POINT('',(-0.27308149075,5.777679791237,3.807443688456
    ));
#2276 = CARTESIAN_POINT('',(-0.54811307039,5.763293771182,3.817673185646
    ));
#2277 = CARTESIAN_POINT('',(-0.822636429858,5.734574584435,
    3.827933497686));
#2278 = CARTESIAN_POINT('',(-1.093835613598,5.691409826704,
    3.838034065991));
#2279 = CARTESIAN_POINT('',(-1.367818236539,5.63432179296,3.848650085364
    ));
#2280 = CARTESIAN_POINT('',(-1.628862444823,5.563424818784,
    3.858306578865));
#2281 = CARTESIAN_POINT('',(-1.895061200255,5.477367400691,3.86892263471
    ));
#2282 = CARTESIAN_POINT('',(-2.151475593886,5.378874641095,
    3.879023191038));
#2283 = CARTESIAN_POINT('',(-2.403683914636,5.266752454001,
    3.889283499563));
#2284 = CARTESIAN_POINT('',(-2.64914534271,5.141854686689,3.899512992704
    ));
#2285 = CARTESIAN_POINT('',(-3.125335403912,4.867076728768,
    3.919943688456));
#2286 = CARTESIAN_POINT('',(-3.356326728695,4.717102280122,
    3.930173185646));
#2287 = CARTESIAN_POINT('',(-3.579711338552,4.554969055087,
    3.940433497686));
#2288 = CARTESIAN_POINT('',(-3.792994342293,4.381987686477,
    3.950534065991));
#2289 = CARTESIAN_POINT('',(-4.001726237081,4.195556687527,
    3.961150085364));
#2290 = CARTESIAN_POINT('',(-4.19234866588,4.003636002704,3.970806578864
    ));
#2291 = CARTESIAN_POINT('',(-4.379854841492,3.796008714729,
    3.981422634711));
#2292 = CARTESIAN_POINT('',(-4.552669840475,3.582504286018,
    3.991523191038));
#2293 = CARTESIAN_POINT('',(-4.715027559744,3.35929946329,4.001783499563
    ));
#2294 = CARTESIAN_POINT('',(-4.865154508449,3.128404109886,
    4.012012992704));
#2295 = CARTESIAN_POINT('',(-5.140158219519,2.652344387325,
    4.032443688456));
#2296 = CARTESIAN_POINT('',(-5.265215350512,2.406967042488,
    4.042673185646));
#2297 = CARTESIAN_POINT('',(-5.377605484944,2.154863245881,
    4.052933497686));
#2298 = CARTESIAN_POINT('',(-5.475823300077,1.898415484414,
    4.063034065991));
#2299 = CARTESIAN_POINT('',(-5.563374924063,1.632595555875,
    4.073650085364));
#2300 = CARTESIAN_POINT('',(-5.63249844753,1.371076152908,4.083306578865
    ));
#2301 = CARTESIAN_POINT('',(-5.691069914981,1.097512559196,4.09392263471
    ));
#2302 = CARTESIAN_POINT('',(-5.733979879906,0.826204800621,
    4.104023191038));
#2303 = CARTESIAN_POINT('',(-5.762983377926,0.551724894257,
    4.114283499562));
#2304 = CARTESIAN_POINT('',(-5.777549452596,0.27670017824,4.124512992704
    ));
#2305 = CARTESIAN_POINT('',(-5.777679791237,-0.27308149075,
    4.144943688456));
#2306 = CARTESIAN_POINT('',(-5.763293771183,-0.54811307039,
    4.155173185646));
#2307 = CARTESIAN_POINT('',(-5.734574584432,-0.822636429858,
    4.165433497686));
#2308 = CARTESIAN_POINT('',(-5.69140982671,-1.093835613598,
    4.175534065991));
#2309 = CARTESIAN_POINT('',(-5.634321792952,-1.367818236539,
    4.186150085364));
#2310 = CARTESIAN_POINT('',(-5.563424818792,-1.628862444822,
    4.195806578865));
#2311 = CARTESIAN_POINT('',(-5.477367400685,-1.895061200255,
    4.20642263471));
#2312 = CARTESIAN_POINT('',(-5.378874641098,-2.151475593886,
    4.216523191038));
#2313 = CARTESIAN_POINT('',(-5.266752454,-2.403683914636,4.226783499563)
  );
#2314 = CARTESIAN_POINT('',(-5.141854686689,-2.64914534271,
    4.237012992704));
#2315 = CARTESIAN_POINT('',(-4.867076728768,-3.125335403912,
    4.257443688456));
#2316 = CARTESIAN_POINT('',(-4.717102280121,-3.356326728695,
    4.267673185646));
#2317 = CARTESIAN_POINT('',(-4.554969055088,-3.579711338552,
    4.277933497686));
#2318 = CARTESIAN_POINT('',(-4.381987686476,-3.792994342293,
    4.288034065991));
#2319 = CARTESIAN_POINT('',(-4.195556687529,-4.00172623708,
    4.298650085364));
#2320 = CARTESIAN_POINT('',(-4.003636002703,-4.192348665881,
    4.308306578865));
#2321 = CARTESIAN_POINT('',(-3.79600871473,-4.379854841491,4.31892263471
    ));
#2322 = CARTESIAN_POINT('',(-3.582504286018,-4.552669840476,
    4.329023191038));
#2323 = CARTESIAN_POINT('',(-3.35929946329,-4.715027559743,
    4.339283499562));
#2324 = CARTESIAN_POINT('',(-3.128404109886,-4.865154508449,
    4.349512992704));
#2325 = CARTESIAN_POINT('',(-2.652344387325,-5.140158219519,
    4.369943688456));
#2326 = CARTESIAN_POINT('',(-2.406967042487,-5.265215350512,
    4.380173185646));
#2327 = CARTESIAN_POINT('',(-2.154863245881,-5.377605484944,
    4.390433497686));
#2328 = CARTESIAN_POINT('',(-1.898415484414,-5.475823300078,
    4.400534065992));
#2329 = CARTESIAN_POINT('',(-1.632595555875,-5.563374924062,
    4.411150085363));
#2330 = CARTESIAN_POINT('',(-1.371076152908,-5.63249844753,
    4.420806578866));
#2331 = CARTESIAN_POINT('',(-1.097512559196,-5.691069914981,
    4.43142263471));
#2332 = CARTESIAN_POINT('',(-0.826204800621,-5.733979879907,
    4.441523191038));
#2333 = CARTESIAN_POINT('',(-0.551724894257,-5.762983377926,
    4.451783499562));
#2334 = CARTESIAN_POINT('',(-0.27670017824,-5.777549452596,
    4.462012992704));
#2335 = CARTESIAN_POINT('',(0.135636073503,-5.777647206577,
    4.477336014518));
#2336 = CARTESIAN_POINT('',(0.273116677036,-5.774066993894,
    4.482447225784));
#2337 = CARTESIAN_POINT('',(0.410521523259,-5.766884294073,
    4.487561233229));
#2338 = CARTESIAN_POINT('',(0.547739133478,-5.756110150366,
    4.492677261926));
#2339 = CARTESIAN_POINT('',(0.684657636307,-5.741756345909,
    4.497794512845));
#2340 = CARTESIAN_POINT('',(0.821164910076,-5.723835410735,
    4.502912172532));
#2341 = CARTESIAN_POINT('',(0.957148725232,-5.702360628509,
    4.508029422776));
#2342 = CARTESIAN_POINT('',(1.092496886749,-5.67734604361,4.513145450293
    ));
#2343 = CARTESIAN_POINT('',(1.227097376529,-5.648806467862,
    4.518259456388));
#2344 = CARTESIAN_POINT('',(1.360838495808,-5.616757487556,
    4.523370666642));
#2345 = CARTESIAN_POINT('',(1.759150031073,-5.510131435713,
    4.538693688456));
#2346 = CARTESIAN_POINT('',(2.021086760919,-5.42505219659,4.548923185646
    ));
#2347 = CARTESIAN_POINT('',(2.278822891258,-5.326259718643,
    4.559183497686));
#2348 = CARTESIAN_POINT('',(2.529609325525,-5.214374250601,
    4.569284065992));
#2349 = CARTESIAN_POINT('',(2.779480746594,-5.088319523585,
    4.579900085363));
#2350 = CARTESIAN_POINT('',(3.013280602026,-4.952275092513,
    4.589556578866));
#2351 = CARTESIAN_POINT('',(3.248135556044,-4.800252702138,
    4.600172634709));
#2352 = CARTESIAN_POINT('',(3.470321039101,-4.638751073435,
    4.610273191038));
#2353 = CARTESIAN_POINT('',(3.684916212318,-4.465173040476,
    4.620533499562));
#2354 = CARTESIAN_POINT('',(3.889687824182,-4.28100096896,4.630762992704
    ));
#2355 = CARTESIAN_POINT('',(4.278534333834,-3.892338785982,
    4.651193688456));
#2356 = CARTESIAN_POINT('',(4.462838576503,-3.687689638644,
    4.661423185646));
#2357 = CARTESIAN_POINT('',(4.636648373876,-3.473264777869,
    4.671683497686));
#2358 = CARTESIAN_POINT('',(4.797893062855,-3.250975903099,
    4.681784065992));
#2359 = CARTESIAN_POINT('',(4.951260697673,-3.016873596698,
    4.692400085363));
#2360 = CARTESIAN_POINT('',(5.085715096342,-2.782155735634,
    4.702056578865));
#2361 = CARTESIAN_POINT('',(5.213094257539,-2.533073006612,4.71267263471
    ));
#2362 = CARTESIAN_POINT('',(5.324761715867,-2.282115751878,
    4.722773191038));
#2363 = CARTESIAN_POINT('',(5.423817570923,-2.024495179186,
    4.733033499562));
#2364 = CARTESIAN_POINT('',(5.509068953013,-1.762611680654,
    4.743262992704));
#2365 = CARTESIAN_POINT('',(5.651488817056,-1.231597101879,
    4.763693688456));
#2366 = CARTESIAN_POINT('',(5.708776399563,-0.962213620087,
    4.773923185646));
#2367 = CARTESIAN_POINT('',(5.752087669127,-0.689611344767,
    4.784183497686));
#2368 = CARTESIAN_POINT('',(5.780585228623,-0.416481187746,
    4.794284065991));
#2369 = CARTESIAN_POINT('',(5.796354343292,-0.137058825913,
    4.804900085364));
#2370 = CARTESIAN_POINT('',(5.79543633766,0.133440003829,4.814556578865)
  );
#2371 = CARTESIAN_POINT('',(5.781208562657,0.412841555402,4.82517263471)
  );
#2372 = CARTESIAN_POINT('',(5.752436790979,0.686010642431,4.835273191038
    ));
#2373 = CARTESIAN_POINT('',(5.709411391504,0.958644530447,4.845533499563
    ));
#2374 = CARTESIAN_POINT('',(5.652299504836,1.228067984052,4.855762992704
    ));
#2375 = CARTESIAN_POINT('',(5.510131435713,1.759150031073,4.876193688456
    ));
#2376 = CARTESIAN_POINT('',(5.425052196589,2.021086760919,4.886423185645
    ));
#2377 = CARTESIAN_POINT('',(5.326259718644,2.278822891258,4.896683497686
    ));
#2378 = CARTESIAN_POINT('',(5.214374250599,2.529609325525,4.90678406599)
  );
#2379 = CARTESIAN_POINT('',(5.088319523587,2.779480746594,4.917400085365
    ));
#2380 = CARTESIAN_POINT('',(4.95227509251,3.013280602025,4.927056578864)
  );
#2381 = CARTESIAN_POINT('',(4.800252702139,3.248135556046,4.937672634711
    ));
#2382 = CARTESIAN_POINT('',(4.638751073434,3.4703210391,4.947773191038)
  );
#2383 = CARTESIAN_POINT('',(4.465173040476,3.684916212319,4.958033499563
    ));
#2384 = CARTESIAN_POINT('',(4.28100096896,3.889687824182,4.968262992704)
  );
#2385 = CARTESIAN_POINT('',(3.892338785982,4.278534333835,4.988693688456
    ));
#2386 = CARTESIAN_POINT('',(3.687689638644,4.462838576503,4.998923185645
    ));
#2387 = CARTESIAN_POINT('',(3.47326477787,4.636648373877,5.009183497686)
  );
#2388 = CARTESIAN_POINT('',(3.250975903098,4.797893062854,5.019284065991
    ));
#2389 = CARTESIAN_POINT('',(3.0168735967,4.951260697674,5.029900085365)
  );
#2390 = CARTESIAN_POINT('',(2.782155735632,5.085715096341,5.039556578864
    ));
#2391 = CARTESIAN_POINT('',(2.533073006613,5.21309425754,5.050172634711)
  );
#2392 = CARTESIAN_POINT('',(2.282115751877,5.324761715866,5.060273191038
    ));
#2393 = CARTESIAN_POINT('',(2.024495179186,5.423817570923,5.070533499563
    ));
#2394 = CARTESIAN_POINT('',(1.762611680654,5.509068953013,5.080762992704
    ));
#2395 = CARTESIAN_POINT('',(1.231597101879,5.651488817056,5.101193688456
    ));
#2396 = CARTESIAN_POINT('',(0.962213620087,5.708776399562,5.111423185646
    ));
#2397 = CARTESIAN_POINT('',(0.689611344766,5.75208766913,5.121683497686)
  );
#2398 = CARTESIAN_POINT('',(0.416481187747,5.780585228619,5.131784065992
    ));
#2399 = CARTESIAN_POINT('',(0.137058825911,5.796354343298,5.142400085363
    ));
#2400 = CARTESIAN_POINT('',(-0.133440003828,5.795436337654,
    5.152056578865));
#2401 = CARTESIAN_POINT('',(-0.412841555403,5.781208562662,5.16267263471
    ));
#2402 = CARTESIAN_POINT('',(-0.686010642431,5.752436790976,
    5.172773191038));
#2403 = CARTESIAN_POINT('',(-0.958644530447,5.709411391505,
    5.183033499562));
#2404 = CARTESIAN_POINT('',(-1.228067984052,5.652299504836,
    5.193262992704));
#2405 = CARTESIAN_POINT('',(-1.759150031073,5.510131435713,
    5.213693688456));
#2406 = CARTESIAN_POINT('',(-2.021086760919,5.42505219659,5.223923185646
    ));
#2407 = CARTESIAN_POINT('',(-2.278822891257,5.326259718643,
    5.234183497686));
#2408 = CARTESIAN_POINT('',(-2.529609325527,5.214374250601,
    5.244284065992));
#2409 = CARTESIAN_POINT('',(-2.779480746591,5.088319523585,
    5.254900085363));
#2410 = CARTESIAN_POINT('',(-3.01328060203,4.952275092513,5.264556578866
    ));
#2411 = CARTESIAN_POINT('',(-3.248135556042,4.800252702137,5.27517263471
    ));
#2412 = CARTESIAN_POINT('',(-3.470321039102,4.638751073436,
    5.285273191038));
#2413 = CARTESIAN_POINT('',(-3.684916212318,4.465173040475,
    5.295533499562));
#2414 = CARTESIAN_POINT('',(-3.889687824182,4.28100096896,5.305762992704
    ));
#2415 = CARTESIAN_POINT('',(-4.278534333834,3.892338785982,
    5.326193688456));
#2416 = CARTESIAN_POINT('',(-4.462838576503,3.687689638643,
    5.336423185645));
#2417 = CARTESIAN_POINT('',(-4.636648373877,3.47326477787,5.346683497687
    ));
#2418 = CARTESIAN_POINT('',(-4.797893062853,3.250975903096,5.35678406599
    ));
#2419 = CARTESIAN_POINT('',(-4.951260697675,3.016873596701,
    5.367400085366));
#2420 = CARTESIAN_POINT('',(-5.085715096339,2.782155735631,
    5.377056578863));
#2421 = CARTESIAN_POINT('',(-5.213094257542,2.533073006614,
    5.387672634711));
#2422 = CARTESIAN_POINT('',(-5.324761715865,2.282115751877,
    5.397773191037));
#2423 = CARTESIAN_POINT('',(-5.423817570923,2.024495179186,
    5.408033499563));
#2424 = CARTESIAN_POINT('',(-5.509068953013,1.762611680654,
    5.418262992704));
#2425 = CARTESIAN_POINT('',(-5.615883851045,1.364350746573,
    5.433586014518));
#2426 = CARTESIAN_POINT('',(-5.648008229677,1.230628053778,
    5.438697225785));
#2427 = CARTESIAN_POINT('',(-5.676633265511,1.096046144645,
    5.443811233229));
#2428 = CARTESIAN_POINT('',(-5.701740772692,0.960715557527,
    5.448927261926));
#2429 = CARTESIAN_POINT('',(-5.723313178428,0.824747401586,
    5.454044512845));
#2430 = CARTESIAN_POINT('',(-5.74133356655,0.688253221045,5.459162172532
    ));
#2431 = CARTESIAN_POINT('',(-5.75578572098,0.5513448594,5.464279422776)
  );
#2432 = CARTESIAN_POINT('',(-5.766654169307,0.414134323672,
    5.469395450293));
#2433 = CARTESIAN_POINT('',(-5.773924226258,0.276733648621,
    5.474509456388));
#2434 = CARTESIAN_POINT('',(-5.777582037256,0.139254760993,
    5.479620666642));
#2435 = CARTESIAN_POINT('',(-5.777679791237,-0.27308149075,
    5.494943688456));
#2436 = CARTESIAN_POINT('',(-5.763293771182,-0.54811307039,
    5.505173185646));
#2437 = CARTESIAN_POINT('',(-5.734574584434,-0.822636429857,
    5.515433497686));
#2438 = CARTESIAN_POINT('',(-5.691409826706,-1.093835613599,
    5.525534065991));
#2439 = CARTESIAN_POINT('',(-5.634321792957,-1.367818236537,
    5.536150085364));
#2440 = CARTESIAN_POINT('',(-5.563424818787,-1.628862444825,
    5.545806578865));
#2441 = CARTESIAN_POINT('',(-5.477367400689,-1.895061200253,
    5.55642263471));
#2442 = CARTESIAN_POINT('',(-5.378874641096,-2.151475593887,
    5.566523191038));
#2443 = CARTESIAN_POINT('',(-5.266752454,-2.403683914636,5.576783499562)
  );
#2444 = CARTESIAN_POINT('',(-5.141854686689,-2.64914534271,
    5.587012992704));
#2445 = CARTESIAN_POINT('',(-4.867076728768,-3.125335403912,
    5.607443688456));
#2446 = CARTESIAN_POINT('',(-4.717102280122,-3.356326728695,
    5.617673185646));
#2447 = CARTESIAN_POINT('',(-4.554969055087,-3.579711338552,
    5.627933497686));
#2448 = CARTESIAN_POINT('',(-4.381987686477,-3.792994342294,
    5.638034065991));
#2449 = CARTESIAN_POINT('',(-4.195556687527,-4.001726237078,
    5.648650085364));
#2450 = CARTESIAN_POINT('',(-4.003636002704,-4.192348665882,
    5.658306578865));
#2451 = CARTESIAN_POINT('',(-3.796008714729,-4.37985484149,5.66892263471
    ));
#2452 = CARTESIAN_POINT('',(-3.582504286019,-4.552669840476,
    5.679023191038));
#2453 = CARTESIAN_POINT('',(-3.35929946329,-4.715027559743,
    5.689283499562));
#2454 = CARTESIAN_POINT('',(-3.128404109886,-4.865154508449,
    5.699512992704));
#2455 = CARTESIAN_POINT('',(-2.652344387325,-5.140158219519,
    5.719943688456));
#2456 = CARTESIAN_POINT('',(-2.406967042487,-5.265215350511,
    5.730173185645));
#2457 = CARTESIAN_POINT('',(-2.154863245882,-5.377605484947,
    5.740433497687));
#2458 = CARTESIAN_POINT('',(-1.898415484412,-5.475823300072,
    5.75053406599));
#2459 = CARTESIAN_POINT('',(-1.632595555878,-5.56337492407,
    5.761150085366));
#2460 = CARTESIAN_POINT('',(-1.371076152905,-5.632498447523,
    5.770806578863));
#2461 = CARTESIAN_POINT('',(-1.097512559198,-5.691069914986,
    5.781422634712));
#2462 = CARTESIAN_POINT('',(-0.82620480062,-5.733979879903,
    5.791523191037));
#2463 = CARTESIAN_POINT('',(-0.551724894257,-5.762983377927,
    5.801783499563));
#2464 = CARTESIAN_POINT('',(-0.27670017824,-5.777549452596,
    5.812012992704));
#2465 = CARTESIAN_POINT('',(0.135636073503,-5.777647206577,
    5.827336014518));
#2466 = CARTESIAN_POINT('',(0.273116677036,-5.774066993894,
    5.832447225785));
#2467 = CARTESIAN_POINT('',(0.410521523259,-5.766884294072,
    5.837561233228));
#2468 = CARTESIAN_POINT('',(0.547739133478,-5.756110150367,
    5.842677261927));
#2469 = CARTESIAN_POINT('',(0.684657636307,-5.741756345907,
    5.847794512842));
#2470 = CARTESIAN_POINT('',(0.821164910076,-5.723835410737,
    5.852912172534));
#2471 = CARTESIAN_POINT('',(0.957148725232,-5.702360628507,
    5.858029422775));
#2472 = CARTESIAN_POINT('',(1.092496886749,-5.677346043611,
    5.863145450294));
#2473 = CARTESIAN_POINT('',(1.227097376529,-5.648806467862,
    5.868259456387));
#2474 = CARTESIAN_POINT('',(1.360838495808,-5.616757487556,
    5.873370666642));
#2475 = CARTESIAN_POINT('',(1.759150031073,-5.510131435713,
    5.888693688456));
#2476 = CARTESIAN_POINT('',(2.021086760919,-5.42505219659,5.898923185645
    ));
#2477 = CARTESIAN_POINT('',(2.278822891258,-5.326259718643,
    5.909183497686));
#2478 = CARTESIAN_POINT('',(2.529609325525,-5.214374250601,5.91928406599
    ));
#2479 = CARTESIAN_POINT('',(2.779480746594,-5.088319523585,
    5.929900085365));
#2480 = CARTESIAN_POINT('',(3.013280602026,-4.952275092513,
    5.939556578864));
#2481 = CARTESIAN_POINT('',(3.248135556045,-4.800252702137,
    5.950172634711));
#2482 = CARTESIAN_POINT('',(3.470321039101,-4.638751073436,
    5.960273191038));
#2483 = CARTESIAN_POINT('',(3.684916212318,-4.465173040475,
    5.970533499563));
#2484 = CARTESIAN_POINT('',(3.889687824182,-4.28100096896,5.980762992704
    ));
#2485 = CARTESIAN_POINT('',(4.278534333834,-3.892338785982,
    6.001193688456));
#2486 = CARTESIAN_POINT('',(4.462838576503,-3.687689638644,
    6.011423185646));
#2487 = CARTESIAN_POINT('',(4.636648373875,-3.47326477787,6.021683497686
    ));
#2488 = CARTESIAN_POINT('',(4.797893062857,-3.250975903097,
    6.031784065992));
#2489 = CARTESIAN_POINT('',(4.951260697669,-3.0168735967,6.042400085363)
  );
#2490 = CARTESIAN_POINT('',(5.085715096346,-2.782155735631,
    6.052056578866));
#2491 = CARTESIAN_POINT('',(5.213094257537,-2.533073006613,6.06267263471
    ));
#2492 = CARTESIAN_POINT('',(5.324761715868,-2.282115751877,
    6.072773191038));
#2493 = CARTESIAN_POINT('',(5.423817570922,-2.024495179186,
    6.083033499562));
#2494 = CARTESIAN_POINT('',(5.509068953013,-1.762611680654,
    6.093262992704));
#2495 = CARTESIAN_POINT('',(5.651488817056,-1.231597101879,
    6.113693688456));
#2496 = CARTESIAN_POINT('',(5.708776399563,-0.962213620087,
    6.123923185646));
#2497 = CARTESIAN_POINT('',(5.752087669127,-0.689611344767,
    6.134183497685));
#2498 = CARTESIAN_POINT('',(5.780585228624,-0.416481187746,
    6.144284065992));
#2499 = CARTESIAN_POINT('',(5.796354343291,-0.137058825913,
    6.154900085362));
#2500 = CARTESIAN_POINT('',(5.795436337661,0.13344000383,6.164556578866)
  );
#2501 = CARTESIAN_POINT('',(5.781208562656,0.412841555401,6.175172634709
    ));
#2502 = CARTESIAN_POINT('',(5.752436790979,0.686010642431,6.185273191038
    ));
#2503 = CARTESIAN_POINT('',(5.709411391504,0.958644530447,6.195533499562
    ));
#2504 = CARTESIAN_POINT('',(5.652299504836,1.228067984052,6.205762992704
    ));
#2505 = CARTESIAN_POINT('',(5.510131435713,1.759150031073,6.226193688456
    ));
#2506 = CARTESIAN_POINT('',(5.42505219659,2.021086760919,6.236423185645)
  );
#2507 = CARTESIAN_POINT('',(5.326259718643,2.278822891258,6.246683497686
    ));
#2508 = CARTESIAN_POINT('',(5.214374250601,2.529609325525,6.25678406599)
  );
#2509 = CARTESIAN_POINT('',(5.088319523585,2.779480746594,6.267400085365
    ));
#2510 = CARTESIAN_POINT('',(4.952275092512,3.013280602025,6.277056578864
    ));
#2511 = CARTESIAN_POINT('',(4.800252702138,3.248135556046,6.287672634711
    ));
#2512 = CARTESIAN_POINT('',(4.638751073435,3.4703210391,6.297773191038)
  );
#2513 = CARTESIAN_POINT('',(4.465173040476,3.684916212319,6.308033499563
    ));
#2514 = CARTESIAN_POINT('',(4.28100096896,3.889687824182,6.318262992704)
  );
#2515 = CARTESIAN_POINT('',(3.892338785982,4.278534333834,6.338693688456
    ));
#2516 = CARTESIAN_POINT('',(3.687689638644,4.462838576503,6.348923185646
    ));
#2517 = CARTESIAN_POINT('',(3.47326477787,4.636648373876,6.359183497686)
  );
#2518 = CARTESIAN_POINT('',(3.250975903097,4.797893062855,6.369284065992
    ));
#2519 = CARTESIAN_POINT('',(3.0168735967,4.951260697672,6.379900085363)
  );
#2520 = CARTESIAN_POINT('',(2.782155735631,5.085715096342,6.389556578865
    ));
#2521 = CARTESIAN_POINT('',(2.533073006614,5.213094257539,6.40017263471)
  );
#2522 = CARTESIAN_POINT('',(2.282115751877,5.324761715867,6.410273191038
    ));
#2523 = CARTESIAN_POINT('',(2.024495179186,5.423817570923,6.420533499562
    ));
#2524 = CARTESIAN_POINT('',(1.762611680654,5.509068953013,6.430762992704
    ));
#2525 = CARTESIAN_POINT('',(1.231597101879,5.651488817056,6.451193688456
    ));
#2526 = CARTESIAN_POINT('',(0.962213620086,5.708776399562,6.461423185646
    ));
#2527 = CARTESIAN_POINT('',(0.689611344767,5.752087669128,6.471683497686
    ));
#2528 = CARTESIAN_POINT('',(0.416481187746,5.780585228622,6.481784065992
    ));
#2529 = CARTESIAN_POINT('',(0.137058825912,5.796354343295,6.492400085363
    ));
#2530 = CARTESIAN_POINT('',(-0.133440003829,5.795436337657,
    6.502056578866));
#2531 = CARTESIAN_POINT('',(-0.412841555403,5.78120856266,6.512672634709
    ));
#2532 = CARTESIAN_POINT('',(-0.686010642431,5.752436790978,
    6.522773191038));
#2533 = CARTESIAN_POINT('',(-0.958644530448,5.709411391505,
    6.533033499562));
#2534 = CARTESIAN_POINT('',(-1.228067984053,5.652299504837,
    6.543262992705));
#2535 = CARTESIAN_POINT('',(-1.759150031073,5.510131435713,
    6.563693688456));
#2536 = CARTESIAN_POINT('',(-2.021086760918,5.425052196589,
    6.573923185645));
#2537 = CARTESIAN_POINT('',(-2.278822891256,5.326259718642,
    6.584183497686));
#2538 = CARTESIAN_POINT('',(-2.529609325527,5.214374250601,
    6.594284065992));
#2539 = CARTESIAN_POINT('',(-2.779480746586,5.088319523584,
    6.604900085362));
#2540 = CARTESIAN_POINT('',(-3.013280602031,4.952275092507,
    6.614556578863));
#2541 = CARTESIAN_POINT('',(-3.24813555605,4.80025270214,6.625172634712)
  );
#2542 = CARTESIAN_POINT('',(-3.470321039106,4.638751073436,
    6.635273191038));
#2543 = CARTESIAN_POINT('',(-3.684916212324,4.465173040477,
    6.645533499563));
#2544 = CARTESIAN_POINT('',(-3.889687824185,4.281000968964,
    6.655762992705));
#2545 = CARTESIAN_POINT('',(-4.181322706416,3.989504331731,
    6.671086014519));
#2546 = CARTESIAN_POINT('',(-4.276004580786,3.889759272023,
    6.676197225784));
#2547 = CARTESIAN_POINT('',(-4.368085543567,3.787520437743,
    6.681311233228));
#2548 = CARTESIAN_POINT('',(-4.457494576167,3.682874464974,
    6.686427261926));
#2549 = CARTESIAN_POINT('',(-4.544160905524,3.575908790695,
    6.691544512842));
#2550 = CARTESIAN_POINT('',(-4.628014109694,3.466711556931,
    6.696662172533));
#2551 = CARTESIAN_POINT('',(-4.708984223393,3.355371514973,
    6.701779422773));
#2552 = CARTESIAN_POINT('',(-4.78700184361,3.241977929522,6.706895450292
    ));
#2553 = CARTESIAN_POINT('',(-4.861998235148,3.126620482906,
    6.712009456386));
#2554 = CARTESIAN_POINT('',(-4.933905436214,3.009389179231,
    6.717120666641));
#2555 = CARTESIAN_POINT('',(-5.140158219545,2.652344387304,
    6.732443688456));
#2556 = CARTESIAN_POINT('',(-5.265215350569,2.406967042472,
    6.742673185652));
#2557 = CARTESIAN_POINT('',(-5.377605485012,2.154863245847,
    6.752933497679));
#2558 = CARTESIAN_POINT('',(-5.475823300064,1.898415484619,6.763034066)
  );
#2559 = CARTESIAN_POINT('',(-5.563374924283,1.632595555494,
    6.773650085371));
#2560 = CARTESIAN_POINT('',(-5.632498447373,1.371076153491,
    6.783306578844));
#2561 = CARTESIAN_POINT('',(-5.691069914821,1.097512559108,
    6.793922634683));
#2562 = CARTESIAN_POINT('',(-5.733979879772,0.826204800691,
    6.804023191075));
#2563 = CARTESIAN_POINT('',(-5.762983377673,0.551724894218,
    6.814283499541));
#2564 = CARTESIAN_POINT('',(-5.777549452518,0.27670017809,6.824512992751
    ));
#2565 = CARTESIAN_POINT('',(-5.777679791442,-0.273081491071,
    6.84494368848));
#2566 = CARTESIAN_POINT('',(-5.763293771664,-0.548113070692,
    6.855173185689));
#2567 = CARTESIAN_POINT('',(-5.734574584306,-0.822636429949,
    6.865433497189));
#2568 = CARTESIAN_POINT('',(-5.691409829347,-1.09383561173,
    6.875534066974));
#2569 = CARTESIAN_POINT('',(-5.63432179088,-1.367818240395,
    6.886150084175));
#2570 = CARTESIAN_POINT('',(-5.563424819938,-1.628862437267,
    6.895806578114));
#2571 = CARTESIAN_POINT('',(-5.477367398964,-1.895061201688,
    6.906422634856));
#2572 = CARTESIAN_POINT('',(-5.378874640537,-2.151475594095,
    6.916523191905));
#2573 = CARTESIAN_POINT('',(-5.266752450891,-2.403683915324,
    6.926783499431));
#2574 = CARTESIAN_POINT('',(-5.14185468613,-2.649145345475,
    6.937012994076));
#2575 = CARTESIAN_POINT('',(-4.867076730509,-3.125335406875,
    6.957443689256));
#2576 = CARTESIAN_POINT('',(-4.717102282268,-3.356326727941,
    6.967673184172));
#2577 = CARTESIAN_POINT('',(-4.554969054389,-3.579711329126,
    6.977933490495));
#2578 = CARTESIAN_POINT('',(-4.381987723152,-3.792994347113,
    6.988034080865));
#2579 = CARTESIAN_POINT('',(-4.195556653097,-4.001726235068,
    6.998650066751));
#2580 = CARTESIAN_POINT('',(-4.003636018715,-4.192348583059,
    7.008306549896));
#2581 = CARTESIAN_POINT('',(-3.796008709678,-4.379854892789,
    7.01892265971));
#2582 = CARTESIAN_POINT('',(-3.582504256974,-4.55266984572,
    7.029023190196));
#2583 = CARTESIAN_POINT('',(-3.359299433039,-4.715027591551,
    7.039283511462));
#2584 = CARTESIAN_POINT('',(-3.128404090242,-4.865154547847,
    7.049513009989));
#2585 = CARTESIAN_POINT('',(-2.89037426352,-5.002656402413,
    7.059728363244));
#2586 = CARTESIAN_POINT('',(-2.652344414393,-5.140158219877,
    7.069943692406));
#2587 = CARTESIAN_POINT('',(-2.406967113123,-5.265215297647,
    7.080173169786));
#2588 = CARTESIAN_POINT('',(-2.154863354855,-5.377605187132,
    7.090433359683));
#2589 = CARTESIAN_POINT('',(-1.89841564382,-5.475823771823,
    7.100534343317));
#2590 = CARTESIAN_POINT('',(-1.632595688321,-5.56337415421,
    7.111149704471));
#2591 = CARTESIAN_POINT('',(-1.371076125019,-5.632497811244,
    7.120806228707));
#2592 = CARTESIAN_POINT('',(-1.097512227617,-5.691070694576,
    7.13142299586));
#2593 = CARTESIAN_POINT('',(-0.826204230447,-5.733980051961,
    7.141523191622));
#2594 = CARTESIAN_POINT('',(-0.55172428924,-5.762983881414,
    7.151783671888));
#2595 = CARTESIAN_POINT('',(-0.276699814716,-5.777550018835,
    7.162013229418));
#2596 = CARTESIAN_POINT('',(-1.809614212743E-03,-5.777615151328,
    7.172228634272));
#2597 = CARTESIAN_POINT('',(0.273080597554,-5.777679699145,
    7.182443714092));
#2598 = CARTESIAN_POINT('',(0.548111296724,-5.763292981537,
    7.192672950028));
#2599 = CARTESIAN_POINT('',(0.822632070108,-5.734571041945,7.20293174888
    ));
#2600 = CARTESIAN_POINT('',(1.093840728527,-5.691414606559,
    7.213037664983));
#2601 = CARTESIAN_POINT('',(1.367803174633,-5.634313628343,
    7.223644698019));
#2602 = CARTESIAN_POINT('',(1.628870825318,-5.563416268332,7.23330360416
    ));
#2603 = CARTESIAN_POINT('',(1.895068419877,-5.477375728632,
    7.243926590534));
#2604 = CARTESIAN_POINT('',(2.151485884855,-5.378875645826,
    7.254023322058));
#2605 = CARTESIAN_POINT('',(2.4036943493,-5.26675770282,7.264285365466)
  );
#2606 = CARTESIAN_POINT('',(2.649151242975,-5.141861602986,7.27451534594
    ));
#2607 = CARTESIAN_POINT('',(2.887236098419,-5.004473796704,
    7.284731028424));
#2608 = CARTESIAN_POINT('',(3.125318197845,-4.867080997342,
    7.294943541003));
#2609 = CARTESIAN_POINT('',(3.356295881025,-4.717100438609,
    7.305170578607));
#2610 = CARTESIAN_POINT('',(3.579638097392,-4.554958174363,
    7.315418055958));
#2611 = CARTESIAN_POINT('',(3.793095182232,-4.381953458245,
    7.325567185556));
#2612 = CARTESIAN_POINT('',(4.001455069081,-4.19561995296,7.336093845457
    ));
#2613 = CARTESIAN_POINT('',(4.192524907843,-4.003422835569,
    7.345802835707));
#2614 = CARTESIAN_POINT('',(4.379943008595,-3.796075713383,
    7.356448009119));
#2615 = CARTESIAN_POINT('',(4.552812742943,-3.582480239246,
    7.366526231129));
#2616 = CARTESIAN_POINT('',(4.715165574806,-3.359336040134,
    7.376795065167));
#2617 = CARTESIAN_POINT('',(4.865230763254,-3.128483552528,
    7.387023811324));
#2618 = CARTESIAN_POINT('',(5.00260187354,-2.890497997128,7.397236172323
    ));
#2619 = CARTESIAN_POINT('',(5.139952428307,-2.652500048807,7.40743519291
    ));
#2620 = CARTESIAN_POINT('',(5.264853431637,-2.407079320256,7.41765601105
    ));
#2621 = CARTESIAN_POINT('',(5.376979576173,-2.155088924155,
    7.427882850721));
#2622 = CARTESIAN_POINT('',(5.476034469864,-1.897280731879,
    7.438141288241));
#2623 = CARTESIAN_POINT('',(5.561740054125,-1.634507137421,
    7.448412652375));
#2624 = CARTESIAN_POINT('',(5.633789015881,-1.367705226212,
    7.458659020268));
#2625 = CARTESIAN_POINT('',(5.691825675394,-1.097806856405,
    7.468864287507));
#2626 = CARTESIAN_POINT('',(5.735477400719,-0.825668974087,
    7.479041566486));
#2627 = CARTESIAN_POINT('',(5.764415167553,-0.552069297297,
    7.489201943191));
#2628 = CARTESIAN_POINT('',(5.778378452289,-0.277763317671,7.4993243984)
  );
#2629 = CARTESIAN_POINT('',(5.777056214131,-3.549381977437E-03,
    7.509411475227));
#2630 = CARTESIAN_POINT('',(5.100353231597,-3.816391647149E-17,
    4.440892098501E-16));
#2631 = CARTESIAN_POINT('',(5.101602588245,0.240044420401,
    9.862429450061E-03));
#2632 = CARTESIAN_POINT('',(5.089524728263,0.480776706077,
    1.981677287301E-02));
#2633 = CARTESIAN_POINT('',(5.064329033899,0.721434436526,
    2.986979811345E-02));
#2634 = CARTESIAN_POINT('',(5.026132509845,0.961400975627,
    3.996689703317E-02));
#2635 = CARTESIAN_POINT('',(4.975165769612,1.199943814919,
    5.013693971882E-02));
#2636 = CARTESIAN_POINT('',(4.911754134898,1.436112269499,
    6.041400288095E-02));
#2637 = CARTESIAN_POINT('',(4.836235433581,1.668807237637,
    7.075609854651E-02));
#2638 = CARTESIAN_POINT('',(4.748912000026,1.896968572198,
    8.106448365965E-02));
#2639 = CARTESIAN_POINT('',(4.65007029773,2.119758448184,
    9.129058642894E-02));
#2640 = CARTESIAN_POINT('',(4.540037502575,2.336551947764,0.101501039695
    ));
#2641 = CARTESIAN_POINT('',(4.419180301413,2.546478920415,0.111654766762
    ));
#2642 = CARTESIAN_POINT('',(4.298323683042,2.756404839611,0.121843225376
    ));
#2643 = CARTESIAN_POINT('',(4.166152049132,2.960306508139,0.132074357125
    ));
#2644 = CARTESIAN_POINT('',(4.022811219356,3.157837582483,0.14240985291)
  );
#2645 = CARTESIAN_POINT('',(3.87172764532,3.345112163945,0.152249110011)
  );
#2646 = CARTESIAN_POINT('',(3.702633218584,3.532909332044,0.163564335203
    ));
#2647 = CARTESIAN_POINT('',(3.539758026829,3.696139115655,0.172442164568
    ));
#2648 = CARTESIAN_POINT('',(3.352216207269,3.865440523677,0.183449051766
    ));
#2649 = CARTESIAN_POINT('',(3.165154847309,4.016920546806,0.193472804072
    ));
#2650 = CARTESIAN_POINT('',(2.967801079876,4.160666002082,0.203752677154
    ));
#2651 = CARTESIAN_POINT('',(2.764023194177,4.29332227911,0.213979326056)
  );
#2652 = CARTESIAN_POINT('',(2.554166261095,4.414743522422,0.224168174667
    ));
#2653 = CARTESIAN_POINT('',(2.344309573176,4.536164618363,0.234365275889
    ));
#2654 = CARTESIAN_POINT('',(2.12774079813,4.646712611743,0.244599612713)
  );
#2655 = CARTESIAN_POINT('',(1.904712447654,4.746168569451,0.254917413697
    ));
#2656 = CARTESIAN_POINT('',(1.680483738938,4.832764122582,0.264804872849
    ));
#2657 = CARTESIAN_POINT('',(1.439421674207,4.911098043253,0.276062254456
    ));
#2658 = CARTESIAN_POINT('',(1.21800299663,4.970717549197,0.284809826957)
  );
#2659 = CARTESIAN_POINT('',(0.97014834064,5.023756906011,0.296025876184)
  );
#2660 = CARTESIAN_POINT('',(0.732735808527,5.061338894458,0.305937165865
    ));
#2661 = CARTESIAN_POINT('',(0.489901634875,5.08715333209,0.316246510358)
  );
#2662 = CARTESIAN_POINT('',(0.247087762786,5.100141912452,0.326478882044
    ));
#2663 = CARTESIAN_POINT('',(4.619631156785E-03,5.100363245125,
    0.336674412064));
#2664 = CARTESIAN_POINT('',(-0.237848471147,5.100584577286,
    0.346870788279));
#2665 = CARTESIAN_POINT('',(-0.480686226084,5.088035604059,
    0.357104021662));
#2666 = CARTESIAN_POINT('',(-0.723568187337,5.062652363921,
    0.367417750695));
#2667 = CARTESIAN_POINT('',(-0.961042236326,5.025535875743,
    0.377314230309));
#2668 = CARTESIAN_POINT('',(-1.209004054225,4.972838215156,
    0.388555412431));
#2669 = CARTESIAN_POINT('',(-1.430509945237,4.913778343281,
    0.397296799011));
#2670 = CARTESIAN_POINT('',(-1.671716326371,4.835773028045,
    0.408534520566));
#2671 = CARTESIAN_POINT('',(-1.896096831182,4.749618687332,
    0.418432973485));
#2672 = CARTESIAN_POINT('',(-2.119307508769,4.65055631438,0.428745939035
    ));
#2673 = CARTESIAN_POINT('',(-2.336085463024,4.540397196848,
    0.438978939218));
#2674 = CARTESIAN_POINT('',(-2.546180367646,4.419354266812,
    0.449175118127));
#2675 = CARTESIAN_POINT('',(-2.65122781901,4.358832802317,0.454273238763
    ));
#2676 = CARTESIAN_POINT('',(-2.754758915147,4.295500354637,
    0.459380569948));
#2677 = CARTESIAN_POINT('',(-2.85668116827,4.229418091301,0.464495177495
    ));
#2678 = CARTESIAN_POINT('',(-2.956902268181,4.160649498322,
    0.469615055175));
#2679 = CARTESIAN_POINT('',(-3.055330372334,4.089260155405,
    0.474738099383));
#2680 = CARTESIAN_POINT('',(-3.151874392233,4.01531751469,0.479862230512
    ));
#2681 = CARTESIAN_POINT('',(-3.246444286039,3.938890673497,
    0.484985265884));
#2682 = CARTESIAN_POINT('',(-3.338951342265,3.860050155686,
    0.490105149131));
#2683 = CARTESIAN_POINT('',(-3.42930847444,3.778867682407,0.495219740909
    ));
#2684 = CARTESIAN_POINT('',(-3.517430504124,3.695415954127,
    0.500327075783));
#2685 = CARTESIAN_POINT('',(-3.774842355626,3.438473358617,
    0.515621419119));
#2686 = CARTESIAN_POINT('',(-3.937681338517,3.257887355518,
    0.525854471951));
#2687 = CARTESIAN_POINT('',(-4.091476132316,3.068195249747,
    0.536167758589));
#2688 = CARTESIAN_POINT('',(-4.233150252793,2.874030529361,
    0.546065177293));
#2689 = CARTESIAN_POINT('',(-4.371222564813,2.661432627596,
    0.557304488414));
#2690 = CARTESIAN_POINT('',(-4.486089021686,2.4630432105,0.566045793198)
  );
#2691 = CARTESIAN_POINT('',(-4.601489871306,2.237325913753,
    0.577285253843));
#2692 = CARTESIAN_POINT('',(-4.699230414175,2.017744843086,
    0.587182608603));
#2693 = CARTESIAN_POINT('',(-4.787016583964,1.789863254143,
    0.597495897711));
#2694 = CARTESIAN_POINT('',(-4.862407514541,1.558683768058,
    0.607728949937));
#2695 = CARTESIAN_POINT('',(-4.988346048061,1.090384113721,
    0.628121405522));
#2696 = CARTESIAN_POINT('',(-5.039075742268,0.852572551687,
    0.638354470078));
#2697 = CARTESIAN_POINT('',(-5.077419889831,0.611396960806,
    0.648667752481));
#2698 = CARTESIAN_POINT('',(-5.103030918432,0.372408337103,
    0.658565170277));
#2699 = CARTESIAN_POINT('',(-5.116306101664,0.119256929631,
    0.669804499673));
#2700 = CARTESIAN_POINT('',(-5.116588663493,-0.109986488701,
    0.678545807493));
#2701 = CARTESIAN_POINT('',(-5.103670081878,-0.363163875602,
    0.689785242694));
#2702 = CARTESIAN_POINT('',(-5.078525340418,-0.602196912173,
    0.699682614087));
#2703 = CARTESIAN_POINT('',(-5.0406095987,-0.84344124297,0.709995897867)
  );
#2704 = CARTESIAN_POINT('',(-4.990310316286,-1.081344015193,
    0.720228949569));
#2705 = CARTESIAN_POINT('',(-4.865226457233,-1.54987268048,
    0.740621404782));
#2706 = CARTESIAN_POINT('',(-4.790253879733,-1.781188382333,
    0.750854470247));
#2707 = CARTESIAN_POINT('',(-4.702873089787,-2.009224645664,
    0.761167751952));
#2708 = CARTESIAN_POINT('',(-4.605558580359,-2.229000377781,
    0.771065170379));
#2709 = CARTESIAN_POINT('',(-4.490479519711,-2.454873525006,
    0.782304500006));
#2710 = CARTESIAN_POINT('',(-4.376102521001,-2.653545421925,
    0.791045807958));
#2711 = CARTESIAN_POINT('',(-4.238326004818,-2.866344184613,
    0.802285242257));
#2712 = CARTESIAN_POINT('',(-4.097033502888,-3.060780493947,
    0.812182614318));
#2713 = CARTESIAN_POINT('',(-3.943575341803,-3.250746342244,
    0.822495897818));
#2714 = CARTESIAN_POINT('',(-3.781063499292,-3.431626545367,
    0.832728949561));
#2715 = CARTESIAN_POINT('',(-3.524120900005,-3.689038393194,
    0.848023290968));
#2716 = CARTESIAN_POINT('',(-3.436150631533,-3.77265011418,
    0.853130614243));
#2717 = CARTESIAN_POINT('',(-3.345940647961,-3.853996102902,
    0.858245217209));
#2718 = CARTESIAN_POINT('',(-3.253576162569,-3.933003627225,
    0.863365082235));
#2719 = CARTESIAN_POINT('',(-3.159144290962,-4.009600947949,
    0.868488128985));
#2720 = CARTESIAN_POINT('',(-3.062733760331,-4.083717539899,
    0.873612239659));
#2721 = CARTESIAN_POINT('',(-2.964434618804,-4.155284313017,
    0.87873528412));
#2722 = CARTESIAN_POINT('',(-2.864337944687,-4.224233833463,
    0.883855145138));
#2723 = CARTESIAN_POINT('',(-2.762535555813,-4.290500544694,
    0.888969743525));
#2724 = CARTESIAN_POINT('',(-2.65911971881,-4.354020988572,
    0.894077063365));
#2725 = CARTESIAN_POINT('',(-2.344309137615,-4.536160102191,
    0.909371404775));
#2726 = CARTESIAN_POINT('',(-2.127730618204,-4.646711385641,
    0.91960447026));
#2727 = CARTESIAN_POINT('',(-1.904697080851,-4.746169824715,
    0.929917751946));
#2728 = CARTESIAN_POINT('',(-1.680480420958,-4.832762985691,
    0.939815170402));
#2729 = CARTESIAN_POINT('',(-1.439390802259,-4.911106235764,
    0.951054500016));
#2730 = CARTESIAN_POINT('',(-1.218031806059,-4.970711729739,
    0.959795807909));
#2731 = CARTESIAN_POINT('',(-0.97013764859,-5.023760469083,
    0.971035242281));
#2732 = CARTESIAN_POINT('',(-0.732741529698,-5.061338815642,
    0.980932614308));
#2733 = CARTESIAN_POINT('',(-0.489904083815,-5.087153648832,
    0.991245897814));
#2734 = CARTESIAN_POINT('',(-0.247089239738,-5.100142041178,
    1.001478949561));
#2735 = CARTESIAN_POINT('',(0.237848783597,-5.100584452939,
    1.021871404774));
#2736 = CARTESIAN_POINT('',(0.480686925044,-5.088035413122,1.03210447026
    ));
#2737 = CARTESIAN_POINT('',(0.723568853827,-5.062652179305,
    1.042417751945));
#2738 = CARTESIAN_POINT('',(0.961042757731,-5.025535726555,
    1.052315170402));
#2739 = CARTESIAN_POINT('',(1.20900411715,-4.972838161988,1.063554500015
    ));
#2740 = CARTESIAN_POINT('',(1.430509378207,-4.913778535869,
    1.072295807913));
#2741 = CARTESIAN_POINT('',(1.671716385695,-4.83577301305,1.083535242278
    ));
#2742 = CARTESIAN_POINT('',(1.896096628695,-4.749618756353,
    1.093432614309));
#2743 = CARTESIAN_POINT('',(2.119307442415,-4.650556334751,
    1.103745897814));
#2744 = CARTESIAN_POINT('',(2.336085461974,-4.540397190438,
    1.113978949561));
#2745 = CARTESIAN_POINT('',(2.756275315324,-4.298311318594,
    1.134371404774));
#2746 = CARTESIAN_POINT('',(2.960304794916,-4.166024460595,
    1.144604470261));
#2747 = CARTESIAN_POINT('',(3.157955098454,-4.022600970892,
    1.154917751944));
#2748 = CARTESIAN_POINT('',(3.345055305594,-3.871720227954,
    1.164815170404));
#2749 = CARTESIAN_POINT('',(3.533447359728,-3.702102118621,
    1.176054500013));
#2750 = CARTESIAN_POINT('',(3.695746729812,-3.540202351525,
    1.184795807916));
#2751 = CARTESIAN_POINT('',(3.865635364461,-3.352044083393,
    1.196035242276));
#2752 = CARTESIAN_POINT('',(4.016877226655,-3.165242186944,1.20593261431
    ));
#2753 = CARTESIAN_POINT('',(4.160652250936,-2.967846206418,
    1.216245897814));
#2754 = CARTESIAN_POINT('',(4.2933079507,-2.764056579203,1.226478949561)
  );
#2755 = CARTESIAN_POINT('',(4.536160102192,-2.344309137615,
    1.246871404774));
#2756 = CARTESIAN_POINT('',(4.64671138564,-2.127730618205,1.25710447026)
  );
#2757 = CARTESIAN_POINT('',(4.746169824717,-1.904697080853,
    1.267417751944));
#2758 = CARTESIAN_POINT('',(4.832762985686,-1.680480420958,
    1.277315170402));
#2759 = CARTESIAN_POINT('',(4.911106235769,-1.439390802264,
    1.288554500015));
#2760 = CARTESIAN_POINT('',(4.970711729734,-1.218031806054,
    1.297295807914));
#2761 = CARTESIAN_POINT('',(5.023760469087,-0.970137648592,
    1.308535242277));
#2762 = CARTESIAN_POINT('',(5.061338815639,-0.732741529697,1.31843261431
    ));
#2763 = CARTESIAN_POINT('',(5.087153648833,-0.489904083815,
    1.328745897814));
#2764 = CARTESIAN_POINT('',(5.100142041178,-0.247089239738,
    1.338978949561));
#2765 = CARTESIAN_POINT('',(5.100584452939,0.237848783597,1.359371404774
    ));
#2766 = CARTESIAN_POINT('',(5.088035413121,0.480686925044,1.369604470261
    ));
#2767 = CARTESIAN_POINT('',(5.062652179307,0.723568853826,1.379917751944
    ));
#2768 = CARTESIAN_POINT('',(5.025535726552,0.961042757731,1.389815170403
    ));
#2769 = CARTESIAN_POINT('',(4.972838161992,1.20900411715,1.401054500014)
  );
#2770 = CARTESIAN_POINT('',(4.913778535866,1.430509378207,1.409795807914
    ));
#2771 = CARTESIAN_POINT('',(4.835773013053,1.671716385696,1.421035242277
    ));
#2772 = CARTESIAN_POINT('',(4.749618756352,1.896096628694,1.43093261431)
  );
#2773 = CARTESIAN_POINT('',(4.650556334752,2.119307442415,1.441245897814
    ));
#2774 = CARTESIAN_POINT('',(4.540397190438,2.336085461974,1.451478949561
    ));
#2775 = CARTESIAN_POINT('',(4.298311318594,2.756275315324,1.471871404774
    ));
#2776 = CARTESIAN_POINT('',(4.166024460596,2.960304794916,1.48210447026)
  );
#2777 = CARTESIAN_POINT('',(4.022600970891,3.157955098455,1.492417751944
    ));
#2778 = CARTESIAN_POINT('',(3.871720227956,3.345055305593,1.502315170402
    ));
#2779 = CARTESIAN_POINT('',(3.702102118618,3.53344735973,1.513554500015)
  );
#2780 = CARTESIAN_POINT('',(3.540202351528,3.69574672981,1.522295807914)
  );
#2781 = CARTESIAN_POINT('',(3.352044083391,3.865635364463,1.533535242277
    ));
#2782 = CARTESIAN_POINT('',(3.165242186945,4.016877226654,1.54343261431)
  );
#2783 = CARTESIAN_POINT('',(2.967846206418,4.160652250937,1.553745897814
    ));
#2784 = CARTESIAN_POINT('',(2.764056579204,4.2933079507,1.563978949561)
  );
#2785 = CARTESIAN_POINT('',(2.344309137615,4.536160102192,1.584371404774
    ));
#2786 = CARTESIAN_POINT('',(2.127730618205,4.64671138564,1.594604470261)
  );
#2787 = CARTESIAN_POINT('',(1.904697080853,4.746169824717,1.604917751944
    ));
#2788 = CARTESIAN_POINT('',(1.680480420958,4.832762985688,1.614815170403
    ));
#2789 = CARTESIAN_POINT('',(1.439390802265,4.911106235767,1.626054500014
    ));
#2790 = CARTESIAN_POINT('',(1.218031806053,4.970711729736,1.634795807914
    ));
#2791 = CARTESIAN_POINT('',(0.970137648593,5.023760469085,1.646035242277
    ));
#2792 = CARTESIAN_POINT('',(0.732741529696,5.06133881564,1.65593261431)
  );
#2793 = CARTESIAN_POINT('',(0.489904083815,5.087153648833,1.666245897814
    ));
#2794 = CARTESIAN_POINT('',(0.247089239738,5.100142041178,1.676478949561
    ));
#2795 = CARTESIAN_POINT('',(-0.237848783597,5.100584452939,
    1.696871404774));
#2796 = CARTESIAN_POINT('',(-0.480686925044,5.088035413121,
    1.707104470261));
#2797 = CARTESIAN_POINT('',(-0.723568853826,5.062652179307,
    1.717417751944));
#2798 = CARTESIAN_POINT('',(-0.961042757731,5.025535726552,
    1.727315170404));
#2799 = CARTESIAN_POINT('',(-1.209004117151,4.972838161992,
    1.738554500013));
#2800 = CARTESIAN_POINT('',(-1.430509378206,4.913778535865,
    1.747295807916));
#2801 = CARTESIAN_POINT('',(-1.671716385697,4.835773013054,
    1.758535242276));
#2802 = CARTESIAN_POINT('',(-1.896096628693,4.749618756352,1.76843261431
    ));
#2803 = CARTESIAN_POINT('',(-2.119307442415,4.650556334752,
    1.778745897814));
#2804 = CARTESIAN_POINT('',(-2.336085461974,4.540397190438,
    1.788978949561));
#2805 = CARTESIAN_POINT('',(-2.756275315324,4.298311318595,
    1.809371404774));
#2806 = CARTESIAN_POINT('',(-2.960304794915,4.166024460595,
    1.819604470261));
#2807 = CARTESIAN_POINT('',(-3.157955098455,4.022600970892,
    1.829917751944));
#2808 = CARTESIAN_POINT('',(-3.345055305593,3.871720227954,
    1.839815170403));
#2809 = CARTESIAN_POINT('',(-3.533447359729,3.702102118621,
    1.851054500014));
#2810 = CARTESIAN_POINT('',(-3.695746729811,3.540202351525,
    1.859795807915));
#2811 = CARTESIAN_POINT('',(-3.865635364462,3.352044083393,
    1.871035242277));
#2812 = CARTESIAN_POINT('',(-4.016877226655,3.165242186944,1.88093261431
    ));
#2813 = CARTESIAN_POINT('',(-4.160652250936,2.967846206418,
    1.891245897814));
#2814 = CARTESIAN_POINT('',(-4.2933079507,2.764056579204,1.901478949561)
  );
#2815 = CARTESIAN_POINT('',(-4.536160102192,2.344309137615,
    1.921871404774));
#2816 = CARTESIAN_POINT('',(-4.64671138564,2.127730618205,1.932104470261
    ));
#2817 = CARTESIAN_POINT('',(-4.746169824716,1.904697080853,
    1.942417751944));
#2818 = CARTESIAN_POINT('',(-4.832762985688,1.680480420958,
    1.952315170403));
#2819 = CARTESIAN_POINT('',(-4.911106235766,1.439390802265,
    1.963554500014));
#2820 = CARTESIAN_POINT('',(-4.970711729736,1.218031806053,
    1.972295807915));
#2821 = CARTESIAN_POINT('',(-5.023760469085,0.970137648593,
    1.983535242277));
#2822 = CARTESIAN_POINT('',(-5.06133881564,0.732741529696,1.99343261431)
  );
#2823 = CARTESIAN_POINT('',(-5.087153648833,0.489904083815,
    2.003745897814));
#2824 = CARTESIAN_POINT('',(-5.100142041178,0.247089239738,
    2.013978949561));
#2825 = CARTESIAN_POINT('',(-5.100584452939,-0.237848783597,
    2.034371404774));
#2826 = CARTESIAN_POINT('',(-5.088035413121,-0.480686925044,
    2.044604470261));
#2827 = CARTESIAN_POINT('',(-5.062652179307,-0.723568853826,
    2.054917751944));
#2828 = CARTESIAN_POINT('',(-5.025535726553,-0.961042757732,
    2.064815170403));
#2829 = CARTESIAN_POINT('',(-4.972838161992,-1.209004117149,
    2.076054500014));
#2830 = CARTESIAN_POINT('',(-4.913778535866,-1.430509378208,
    2.084795807915));
#2831 = CARTESIAN_POINT('',(-4.835773013053,-1.671716385694,
    2.096035242277));
#2832 = CARTESIAN_POINT('',(-4.749618756352,-1.896096628695,
    2.10593261431));
#2833 = CARTESIAN_POINT('',(-4.650556334752,-2.119307442415,
    2.116245897814));
#2834 = CARTESIAN_POINT('',(-4.540397190438,-2.336085461974,
    2.126478949561));
#2835 = CARTESIAN_POINT('',(-4.358832786555,-2.651227851987,
    2.141773290971));
#2836 = CARTESIAN_POINT('',(-4.295500338075,-2.754758953553,
    2.146880614244));
#2837 = CARTESIAN_POINT('',(-4.229418076274,-2.856681206734,
    2.151995217212));
#2838 = CARTESIAN_POINT('',(-4.160649486405,-2.95690230286,
    2.157115082235));
#2839 = CARTESIAN_POINT('',(-4.089260148197,-3.055330400011,
    2.162238128987));
#2840 = CARTESIAN_POINT('',(-4.015317512293,-3.151874411806,
    2.16736223966));
#2841 = CARTESIAN_POINT('',(-3.938890676666,-3.246444296213,
    2.172485284122));
#2842 = CARTESIAN_POINT('',(-3.860050163055,-3.338951344333,
    2.177605145138));
#2843 = CARTESIAN_POINT('',(-3.778867693387,-3.429308469213,
    2.182719743526));
#2844 = CARTESIAN_POINT('',(-3.695415966208,-3.517430494633,
    2.187827063364));
#2845 = CARTESIAN_POINT('',(-3.438473366909,-3.774842342467,
    2.203121404774));
#2846 = CARTESIAN_POINT('',(-3.257887359209,-3.937681327861,
    2.213354470261));
#2847 = CARTESIAN_POINT('',(-3.06819524358,-4.091476129973,
    2.223667751944));
#2848 = CARTESIAN_POINT('',(-2.874030540339,-4.233150242342,
    2.233565170403));
#2849 = CARTESIAN_POINT('',(-2.661432576368,-4.371222595808,
    2.244804500014));
#2850 = CARTESIAN_POINT('',(-2.463043242079,-4.48608900584,
    2.253545807914));
#2851 = CARTESIAN_POINT('',(-2.237325897263,-4.601489882355,
    2.264785242277));
#2852 = CARTESIAN_POINT('',(-2.017744846733,-4.699230414602,
    2.27468261431));
#2853 = CARTESIAN_POINT('',(-1.789863256642,-4.787016584543,
    2.284995897814));
#2854 = CARTESIAN_POINT('',(-1.558683771046,-4.862407514232,
    2.295228949561));
#2855 = CARTESIAN_POINT('',(-1.090384114746,-4.988346047312,
    2.315621404774));
#2856 = CARTESIAN_POINT('',(-0.852572551812,-5.03907574154,
    2.325854470261));
#2857 = CARTESIAN_POINT('',(-0.611396959725,-5.077419889324,
    2.336167751944));
#2858 = CARTESIAN_POINT('',(-0.372408338014,-5.103030918075,
    2.346065170403));
#2859 = CARTESIAN_POINT('',(-0.119256923691,-5.116306101748,
    2.357304500014));
#2860 = CARTESIAN_POINT('',(0.10998648466,-5.116588663737,2.366045807915
    ));
#2861 = CARTESIAN_POINT('',(0.363163877603,-5.103670082006,
    2.377285242277));
#2862 = CARTESIAN_POINT('',(0.602196911676,-5.078525340649,2.38718261431
    ));
#2863 = CARTESIAN_POINT('',(0.843441242719,-5.040609598873,
    2.397495897814));
#2864 = CARTESIAN_POINT('',(1.081344014924,-4.9903103164,2.407728949561)
  );
#2865 = CARTESIAN_POINT('',(1.549872680403,-4.865226457213,
    2.428121404774));
#2866 = CARTESIAN_POINT('',(1.781188382332,-4.790253879674,
    2.438354470261));
#2867 = CARTESIAN_POINT('',(2.009224645743,-4.702873089698,
    2.448667751944));
#2868 = CARTESIAN_POINT('',(2.229000377736,-4.605558580356,
    2.458565170403));
#2869 = CARTESIAN_POINT('',(2.454873525381,-4.490479519499,
    2.469804500014));
#2870 = CARTESIAN_POINT('',(2.653545421657,-4.376102521179,
    2.478545807914));
#2871 = CARTESIAN_POINT('',(2.866344184745,-4.238326004753,
    2.489785242277));
#2872 = CARTESIAN_POINT('',(3.060780493916,-4.097033502926,2.49968261431
    ));
#2873 = CARTESIAN_POINT('',(3.250746342231,-3.943575341825,
    2.509995897814));
#2874 = CARTESIAN_POINT('',(3.431626545355,-3.781063499308,
    2.520228949561));
#2875 = CARTESIAN_POINT('',(3.774842342467,-3.438473366909,
    2.540621404774));
#2876 = CARTESIAN_POINT('',(3.937681327861,-3.257887359208,
    2.550854470261));
#2877 = CARTESIAN_POINT('',(4.091476129973,-3.068195243581,
    2.561167751944));
#2878 = CARTESIAN_POINT('',(4.233150242341,-2.874030540337,
    2.571065170403));
#2879 = CARTESIAN_POINT('',(4.371222595808,-2.66143257637,2.582304500013
    ));
#2880 = CARTESIAN_POINT('',(4.486089005839,-2.463043242077,
    2.591045807915));
#2881 = CARTESIAN_POINT('',(4.601489882356,-2.237325897264,
    2.602285242277));
#2882 = CARTESIAN_POINT('',(4.699230414601,-2.017744846732,2.61218261431
    ));
#2883 = CARTESIAN_POINT('',(4.787016584544,-1.789863256642,
    2.622495897814));
#2884 = CARTESIAN_POINT('',(4.862407514232,-1.558683771046,
    2.632728949561));
#2885 = CARTESIAN_POINT('',(4.988346047312,-1.090384114746,
    2.653121404774));
#2886 = CARTESIAN_POINT('',(5.03907574154,-0.852572551812,2.663354470261
    ));
#2887 = CARTESIAN_POINT('',(5.077419889325,-0.611396959725,
    2.673667751944));
#2888 = CARTESIAN_POINT('',(5.103030918074,-0.372408338015,
    2.683565170403));
#2889 = CARTESIAN_POINT('',(5.11630610175,-0.119256923691,2.694804500014
    ));
#2890 = CARTESIAN_POINT('',(5.116588663735,0.109986484661,2.703545807915
    ));
#2891 = CARTESIAN_POINT('',(5.103670082007,0.363163877602,2.714785242277
    ));
#2892 = CARTESIAN_POINT('',(5.078525340648,0.602196911676,2.72468261431)
  );
#2893 = CARTESIAN_POINT('',(5.040609598873,0.843441242719,2.734995897814
    ));
#2894 = CARTESIAN_POINT('',(4.9903103164,1.081344014924,2.745228949561)
  );
#2895 = CARTESIAN_POINT('',(4.865226457213,1.549872680403,2.765621404774
    ));
#2896 = CARTESIAN_POINT('',(4.790253879674,1.781188382331,2.77585447026)
  );
#2897 = CARTESIAN_POINT('',(4.702873089698,2.009224645744,2.786167751944
    ));
#2898 = CARTESIAN_POINT('',(4.605558580356,2.229000377735,2.796065170402
    ));
#2899 = CARTESIAN_POINT('',(4.490479519499,2.454873525382,2.807304500014
    ));
#2900 = CARTESIAN_POINT('',(4.376102521178,2.653545421657,2.816045807914
    ));
#2901 = CARTESIAN_POINT('',(4.238326004753,2.866344184744,2.827285242277
    ));
#2902 = CARTESIAN_POINT('',(4.097033502926,3.060780493916,2.83718261431)
  );
#2903 = CARTESIAN_POINT('',(3.943575341825,3.250746342231,2.847495897814
    ));
#2904 = CARTESIAN_POINT('',(3.781063499308,3.431626545355,2.857728949561
    ));
#2905 = CARTESIAN_POINT('',(3.438473366909,3.774842342467,2.878121404774
    ));
#2906 = CARTESIAN_POINT('',(3.257887359209,3.937681327861,2.888354470261
    ));
#2907 = CARTESIAN_POINT('',(3.068195243581,4.091476129974,2.898667751944
    ));
#2908 = CARTESIAN_POINT('',(2.874030540338,4.233150242341,2.908565170403
    ));
#2909 = CARTESIAN_POINT('',(2.661432576369,4.371222595809,2.919804500014
    ));
#2910 = CARTESIAN_POINT('',(2.463043242077,4.486089005839,2.928545807915
    ));
#2911 = CARTESIAN_POINT('',(2.237325897264,4.601489882356,2.939785242277
    ));
#2912 = CARTESIAN_POINT('',(2.017744846732,4.699230414602,2.94968261431)
  );
#2913 = CARTESIAN_POINT('',(1.789863256643,4.787016584544,2.959995897814
    ));
#2914 = CARTESIAN_POINT('',(1.558683771046,4.862407514232,2.970228949561
    ));
#2915 = CARTESIAN_POINT('',(1.207459028821,4.956861414042,2.985523290971
    ));
#2916 = CARTESIAN_POINT('',(1.08946868105,4.985286154234,2.990630614244)
  );
#2917 = CARTESIAN_POINT('',(0.970671549237,5.010628855175,2.995745217213
    ));
#2918 = CARTESIAN_POINT('',(0.851177796318,5.032869135639,3.000865082234
    ));
#2919 = CARTESIAN_POINT('',(0.731098736213,5.051988425435,3.005988128989
    ));
#2920 = CARTESIAN_POINT('',(0.610546471522,5.067970011601,3.011112239658
    ));
#2921 = CARTESIAN_POINT('',(0.489633531227,5.080799084416,3.016235284123
    ));
#2922 = CARTESIAN_POINT('',(0.368472508386,5.090462783648,3.021355145137
    ));
#2923 = CARTESIAN_POINT('',(0.24717569784,5.096950244561,3.026469743526)
  );
#2924 = CARTESIAN_POINT('',(0.125854733904,5.100252644118,3.031577063364
    ));
#2925 = CARTESIAN_POINT('',(-0.237848783597,5.100584452939,
    3.046871404774));
#2926 = CARTESIAN_POINT('',(-0.480686925044,5.088035413121,
    3.057104470261));
#2927 = CARTESIAN_POINT('',(-0.723568853826,5.062652179307,
    3.067417751944));
#2928 = CARTESIAN_POINT('',(-0.961042757732,5.025535726552,
    3.077315170403));
#2929 = CARTESIAN_POINT('',(-1.209004117149,4.972838161993,
    3.088554500014));
#2930 = CARTESIAN_POINT('',(-1.430509378208,4.913778535865,
    3.097295807915));
#2931 = CARTESIAN_POINT('',(-1.671716385694,4.835773013053,
    3.108535242277));
#2932 = CARTESIAN_POINT('',(-1.896096628696,4.749618756352,3.11843261431
    ));
#2933 = CARTESIAN_POINT('',(-2.119307442414,4.650556334752,
    3.128745897814));
#2934 = CARTESIAN_POINT('',(-2.336085461974,4.540397190438,
    3.138978949561));
#2935 = CARTESIAN_POINT('',(-2.756275315324,4.298311318594,
    3.159371404774));
#2936 = CARTESIAN_POINT('',(-2.960304794916,4.166024460596,
    3.169604470261));
#2937 = CARTESIAN_POINT('',(-3.157955098453,4.022600970891,
    3.179917751944));
#2938 = CARTESIAN_POINT('',(-3.345055305596,3.871720227956,
    3.189815170403));
#2939 = CARTESIAN_POINT('',(-3.533447359725,3.702102118618,
    3.201054500014));
#2940 = CARTESIAN_POINT('',(-3.695746729814,3.540202351527,
    3.209795807915));
#2941 = CARTESIAN_POINT('',(-3.865635364459,3.352044083392,
    3.221035242277));
#2942 = CARTESIAN_POINT('',(-4.016877226656,3.165242186944,3.23093261431
    ));
#2943 = CARTESIAN_POINT('',(-4.160652250936,2.967846206418,
    3.241245897814));
#2944 = CARTESIAN_POINT('',(-4.2933079507,2.764056579204,3.251478949561)
  );
#2945 = CARTESIAN_POINT('',(-4.536160102192,2.344309137615,
    3.271871404774));
#2946 = CARTESIAN_POINT('',(-4.64671138564,2.127730618205,3.282104470261
    ));
#2947 = CARTESIAN_POINT('',(-4.746169824718,1.904697080853,
    3.292417751944));
#2948 = CARTESIAN_POINT('',(-4.832762985686,1.680480420958,
    3.302315170403));
#2949 = CARTESIAN_POINT('',(-4.911106235769,1.439390802264,
    3.313554500014));
#2950 = CARTESIAN_POINT('',(-4.970711729733,1.218031806054,
    3.322295807915));
#2951 = CARTESIAN_POINT('',(-5.023760469087,0.970137648592,
    3.333535242277));
#2952 = CARTESIAN_POINT('',(-5.061338815639,0.732741529697,3.34343261431
    ));
#2953 = CARTESIAN_POINT('',(-5.087153648833,0.489904083815,
    3.353745897814));
#2954 = CARTESIAN_POINT('',(-5.100142041178,0.247089239738,
    3.363978949561));
#2955 = CARTESIAN_POINT('',(-5.100584452939,-0.237848783597,
    3.384371404774));
#2956 = CARTESIAN_POINT('',(-5.088035413121,-0.480686925044,
    3.394604470261));
#2957 = CARTESIAN_POINT('',(-5.062652179308,-0.723568853827,
    3.404917751944));
#2958 = CARTESIAN_POINT('',(-5.025535726551,-0.96104275773,
    3.414815170403));
#2959 = CARTESIAN_POINT('',(-4.972838161994,-1.209004117151,
    3.426054500014));
#2960 = CARTESIAN_POINT('',(-4.913778535863,-1.430509378206,
    3.434795807915));
#2961 = CARTESIAN_POINT('',(-4.835773013055,-1.671716385696,
    3.446035242277));
#2962 = CARTESIAN_POINT('',(-4.749618756351,-1.896096628694,
    3.45593261431));
#2963 = CARTESIAN_POINT('',(-4.650556334752,-2.119307442415,
    3.466245897814));
#2964 = CARTESIAN_POINT('',(-4.540397190438,-2.336085461974,
    3.476478949561));
#2965 = CARTESIAN_POINT('',(-4.298311318594,-2.756275315324,
    3.496871404774));
#2966 = CARTESIAN_POINT('',(-4.166024460596,-2.960304794916,
    3.507104470261));
#2967 = CARTESIAN_POINT('',(-4.022600970891,-3.157955098454,
    3.517417751944));
#2968 = CARTESIAN_POINT('',(-3.871720227956,-3.345055305594,
    3.527315170403));
#2969 = CARTESIAN_POINT('',(-3.702102118617,-3.533447359729,
    3.538554500014));
#2970 = CARTESIAN_POINT('',(-3.540202351529,-3.695746729811,
    3.547295807915));
#2971 = CARTESIAN_POINT('',(-3.352044083391,-3.865635364462,
    3.558535242277));
#2972 = CARTESIAN_POINT('',(-3.165242186945,-4.016877226655,
    3.56843261431));
#2973 = CARTESIAN_POINT('',(-2.967846206418,-4.160652250937,
    3.578745897814));
#2974 = CARTESIAN_POINT('',(-2.764056579204,-4.2933079507,3.588978949561
    ));
#2975 = CARTESIAN_POINT('',(-2.344309137615,-4.536160102192,
    3.609371404774));
#2976 = CARTESIAN_POINT('',(-2.127730618206,-4.646711385639,
    3.619604470261));
#2977 = CARTESIAN_POINT('',(-1.904697080852,-4.746169824718,
    3.629917751944));
#2978 = CARTESIAN_POINT('',(-1.680480420959,-4.832762985685,
    3.639815170403));
#2979 = CARTESIAN_POINT('',(-1.439390802262,-4.91110623577,
    3.651054500014));
#2980 = CARTESIAN_POINT('',(-1.218031806056,-4.970711729732,
    3.659795807915));
#2981 = CARTESIAN_POINT('',(-0.970137648591,-5.023760469088,
    3.671035242277));
#2982 = CARTESIAN_POINT('',(-0.732741529697,-5.061338815638,
    3.68093261431));
#2983 = CARTESIAN_POINT('',(-0.489904083815,-5.087153648833,
    3.691245897814));
#2984 = CARTESIAN_POINT('',(-0.247089239738,-5.100142041178,
    3.701478949561));
#2985 = CARTESIAN_POINT('',(0.116614277764,-5.100473849999,
    3.716773290971));
#2986 = CARTESIAN_POINT('',(0.237941066042,-5.097391891514,
    3.721880614244));
#2987 = CARTESIAN_POINT('',(0.359249457408,-5.091124100646,
    3.726995217213));
#2988 = CARTESIAN_POINT('',(0.480427767584,-5.081679302899,
    3.732115082235));
#2989 = CARTESIAN_POINT('',(0.601363669266,-5.069068371027,
    3.737238128988));
#2990 = CARTESIAN_POINT('',(0.721944554017,-5.05330417581,3.742362239659
    ));
#2991 = CARTESIAN_POINT('',(0.842057894158,-5.034401536828,
    3.747485284122));
#2992 = CARTESIAN_POINT('',(0.961591604665,-5.012377173255,
    3.752605145137));
#2993 = CARTESIAN_POINT('',(1.080434405058,-4.98724965462,3.757719743526
    ));
#2994 = CARTESIAN_POINT('',(1.198476181294,-4.959039351604,
    3.762827063364));
#2995 = CARTESIAN_POINT('',(1.549872680403,-4.865226457213,
    3.778121404774));
#2996 = CARTESIAN_POINT('',(1.781188382331,-4.790253879674,
    3.788354470261));
#2997 = CARTESIAN_POINT('',(2.009224645743,-4.702873089697,
    3.798667751944));
#2998 = CARTESIAN_POINT('',(2.229000377736,-4.605558580358,
    3.808565170403));
#2999 = CARTESIAN_POINT('',(2.45487352538,-4.490479519496,3.819804500014
    ));
#3000 = CARTESIAN_POINT('',(2.653545421658,-4.376102521182,
    3.828545807915));
#3001 = CARTESIAN_POINT('',(2.866344184743,-4.238326004751,
    3.839785242277));
#3002 = CARTESIAN_POINT('',(3.060780493917,-4.097033502927,3.84968261431
    ));
#3003 = CARTESIAN_POINT('',(3.250746342231,-3.943575341824,
    3.859995897814));
#3004 = CARTESIAN_POINT('',(3.431626545355,-3.781063499308,
    3.870228949561));
#3005 = CARTESIAN_POINT('',(3.774842342467,-3.438473366909,
    3.890621404774));
#3006 = CARTESIAN_POINT('',(3.937681327861,-3.257887359209,
    3.900854470261));
#3007 = CARTESIAN_POINT('',(4.091476129974,-3.068195243581,
    3.911167751944));
#3008 = CARTESIAN_POINT('',(4.23315024234,-2.874030540338,3.921065170403
    ));
#3009 = CARTESIAN_POINT('',(4.37122259581,-2.66143257637,3.932304500014)
  );
#3010 = CARTESIAN_POINT('',(4.486089005838,-2.463043242077,
    3.941045807914));
#3011 = CARTESIAN_POINT('',(4.601489882356,-2.237325897264,
    3.952285242277));
#3012 = CARTESIAN_POINT('',(4.699230414601,-2.017744846732,3.96218261431
    ));
#3013 = CARTESIAN_POINT('',(4.787016584544,-1.789863256643,
    3.972495897814));
#3014 = CARTESIAN_POINT('',(4.862407514232,-1.558683771046,
    3.982728949561));
#3015 = CARTESIAN_POINT('',(4.988346047312,-1.090384114746,
    4.003121404774));
#3016 = CARTESIAN_POINT('',(5.03907574154,-0.852572551812,4.013354470261
    ));
#3017 = CARTESIAN_POINT('',(5.077419889324,-0.611396959725,
    4.023667751944));
#3018 = CARTESIAN_POINT('',(5.103030918074,-0.372408338014,
    4.033565170403));
#3019 = CARTESIAN_POINT('',(5.11630610175,-0.119256923692,4.044804500014
    ));
#3020 = CARTESIAN_POINT('',(5.116588663735,0.109986484661,4.053545807915
    ));
#3021 = CARTESIAN_POINT('',(5.103670082008,0.363163877602,4.064785242277
    ));
#3022 = CARTESIAN_POINT('',(5.078525340648,0.602196911676,4.07468261431)
  );
#3023 = CARTESIAN_POINT('',(5.040609598873,0.843441242719,4.084995897814
    ));
#3024 = CARTESIAN_POINT('',(4.9903103164,1.081344014924,4.095228949561)
  );
#3025 = CARTESIAN_POINT('',(4.865226457213,1.549872680403,4.115621404774
    ));
#3026 = CARTESIAN_POINT('',(4.790253879674,1.781188382331,4.125854470261
    ));
#3027 = CARTESIAN_POINT('',(4.702873089698,2.009224645744,4.136167751944
    ));
#3028 = CARTESIAN_POINT('',(4.605558580356,2.229000377734,4.146065170403
    ));
#3029 = CARTESIAN_POINT('',(4.490479519499,2.454873525384,4.157304500014
    ));
#3030 = CARTESIAN_POINT('',(4.376102521178,2.653545421654,4.166045807915
    ));
#3031 = CARTESIAN_POINT('',(4.238326004753,2.866344184747,4.177285242277
    ));
#3032 = CARTESIAN_POINT('',(4.097033502926,3.060780493914,4.18718261431)
  );
#3033 = CARTESIAN_POINT('',(3.943575341825,3.250746342232,4.197495897814
    ));
#3034 = CARTESIAN_POINT('',(3.781063499308,3.431626545355,4.207728949561
    ));
#3035 = CARTESIAN_POINT('',(3.438473366909,3.774842342467,4.228121404774
    ));
#3036 = CARTESIAN_POINT('',(3.257887359209,3.937681327861,4.23835447026)
  );
#3037 = CARTESIAN_POINT('',(3.068195243581,4.091476129973,4.248667751944
    ));
#3038 = CARTESIAN_POINT('',(2.874030540339,4.233150242342,4.258565170402
    ));
#3039 = CARTESIAN_POINT('',(2.661432576368,4.371222595808,4.269804500015
    ));
#3040 = CARTESIAN_POINT('',(2.463043242079,4.48608900584,4.278545807914)
  );
#3041 = CARTESIAN_POINT('',(2.237325897263,4.601489882355,4.289785242277
    ));
#3042 = CARTESIAN_POINT('',(2.017744846733,4.699230414602,4.29968261431)
  );
#3043 = CARTESIAN_POINT('',(1.789863256642,4.787016584544,4.309995897814
    ));
#3044 = CARTESIAN_POINT('',(1.558683771046,4.862407514232,4.320228949561
    ));
#3045 = CARTESIAN_POINT('',(1.090384114746,4.988346047312,4.340621404774
    ));
#3046 = CARTESIAN_POINT('',(0.852572551812,5.03907574154,4.350854470261)
  );
#3047 = CARTESIAN_POINT('',(0.611396959725,5.077419889325,4.361167751944
    ));
#3048 = CARTESIAN_POINT('',(0.372408338015,5.103030918073,4.371065170403
    ));
#3049 = CARTESIAN_POINT('',(0.119256923691,5.116306101751,4.382304500014
    ));
#3050 = CARTESIAN_POINT('',(-0.10998648466,5.116588663734,4.391045807915
    ));
#3051 = CARTESIAN_POINT('',(-0.363163877603,5.103670082008,
    4.402285242277));
#3052 = CARTESIAN_POINT('',(-0.602196911676,5.078525340648,4.41218261431
    ));
#3053 = CARTESIAN_POINT('',(-0.843441242719,5.040609598873,
    4.422495897814));
#3054 = CARTESIAN_POINT('',(-1.081344014924,4.9903103164,4.432728949561)
  );
#3055 = CARTESIAN_POINT('',(-1.549872680403,4.865226457213,
    4.453121404774));
#3056 = CARTESIAN_POINT('',(-1.781188382331,4.790253879674,4.46335447026
    ));
#3057 = CARTESIAN_POINT('',(-2.009224645744,4.702873089697,
    4.473667751944));
#3058 = CARTESIAN_POINT('',(-2.229000377735,4.605558580357,
    4.483565170402));
#3059 = CARTESIAN_POINT('',(-2.454873525382,4.490479519497,
    4.494804500015));
#3060 = CARTESIAN_POINT('',(-2.653545421656,4.376102521181,
    4.503545807914));
#3061 = CARTESIAN_POINT('',(-2.866344184746,4.238326004751,
    4.514785242278));
#3062 = CARTESIAN_POINT('',(-3.060780493915,4.097033502927,
    4.524682614309));
#3063 = CARTESIAN_POINT('',(-3.250746342231,3.943575341824,
    4.534995897814));
#3064 = CARTESIAN_POINT('',(-3.431626545355,3.781063499308,
    4.545228949561));
#3065 = CARTESIAN_POINT('',(-3.774842342466,3.438473366909,
    4.565621404774));
#3066 = CARTESIAN_POINT('',(-3.937681327862,3.257887359209,4.57585447026
    ));
#3067 = CARTESIAN_POINT('',(-4.091476129972,3.068195243581,
    4.586167751944));
#3068 = CARTESIAN_POINT('',(-4.233150242344,2.874030540338,
    4.596065170402));
#3069 = CARTESIAN_POINT('',(-4.371222595805,2.661432576369,
    4.607304500015));
#3070 = CARTESIAN_POINT('',(-4.486089005843,2.463043242078,
    4.616045807914));
#3071 = CARTESIAN_POINT('',(-4.601489882352,2.237325897264,
    4.627285242278));
#3072 = CARTESIAN_POINT('',(-4.699230414603,2.017744846732,
    4.637182614309));
#3073 = CARTESIAN_POINT('',(-4.787016584543,1.789863256642,
    4.647495897814));
#3074 = CARTESIAN_POINT('',(-4.862407514232,1.558683771046,
    4.657728949561));
#3075 = CARTESIAN_POINT('',(-4.956861414042,1.207459028821,
    4.673023290971));
#3076 = CARTESIAN_POINT('',(-4.985286154234,1.08946868105,4.678130614244
    ));
#3077 = CARTESIAN_POINT('',(-5.010628855175,0.970671549237,
    4.683245217213));
#3078 = CARTESIAN_POINT('',(-5.032869135637,0.851177796318,
    4.688365082234));
#3079 = CARTESIAN_POINT('',(-5.051988425437,0.731098736213,
    4.693488128989));
#3080 = CARTESIAN_POINT('',(-5.067970011598,0.610546471522,
    4.698612239658));
#3081 = CARTESIAN_POINT('',(-5.080799084418,0.489633531227,
    4.703735284123));
#3082 = CARTESIAN_POINT('',(-5.090462783647,0.368472508386,
    4.708855145137));
#3083 = CARTESIAN_POINT('',(-5.096950244561,0.24717569784,4.713969743526
    ));
#3084 = CARTESIAN_POINT('',(-5.100252644118,0.125854733904,
    4.719077063364));
#3085 = CARTESIAN_POINT('',(-5.100584452939,-0.237848783597,
    4.734371404774));
#3086 = CARTESIAN_POINT('',(-5.088035413121,-0.480686925044,
    4.744604470261));
#3087 = CARTESIAN_POINT('',(-5.062652179307,-0.723568853826,
    4.754917751944));
#3088 = CARTESIAN_POINT('',(-5.025535726551,-0.961042757732,
    4.764815170403));
#3089 = CARTESIAN_POINT('',(-4.972838161994,-1.209004117148,
    4.776054500014));
#3090 = CARTESIAN_POINT('',(-4.913778535864,-1.430509378209,
    4.784795807915));
#3091 = CARTESIAN_POINT('',(-4.835773013055,-1.671716385694,
    4.796035242277));
#3092 = CARTESIAN_POINT('',(-4.749618756351,-1.896096628695,
    4.80593261431));
#3093 = CARTESIAN_POINT('',(-4.650556334752,-2.119307442415,
    4.816245897814));
#3094 = CARTESIAN_POINT('',(-4.540397190438,-2.336085461974,
    4.826478949561));
#3095 = CARTESIAN_POINT('',(-4.298311318594,-2.756275315324,
    4.846871404774));
#3096 = CARTESIAN_POINT('',(-4.166024460596,-2.960304794916,
    4.857104470261));
#3097 = CARTESIAN_POINT('',(-4.022600970891,-3.157955098454,
    4.867417751944));
#3098 = CARTESIAN_POINT('',(-3.871720227955,-3.345055305595,
    4.877315170404));
#3099 = CARTESIAN_POINT('',(-3.702102118619,-3.533447359726,
    4.888554500013));
#3100 = CARTESIAN_POINT('',(-3.540202351526,-3.695746729813,
    4.897295807916));
#3101 = CARTESIAN_POINT('',(-3.352044083392,-3.86563536446,
    4.908535242276));
#3102 = CARTESIAN_POINT('',(-3.165242186944,-4.016877226656,
    4.91843261431));
#3103 = CARTESIAN_POINT('',(-2.967846206418,-4.160652250936,
    4.928745897814));
#3104 = CARTESIAN_POINT('',(-2.764056579204,-4.2933079507,4.938978949561
    ));
#3105 = CARTESIAN_POINT('',(-2.344309137615,-4.536160102192,
    4.959371404774));
#3106 = CARTESIAN_POINT('',(-2.127730618205,-4.646711385639,
    4.969604470261));
#3107 = CARTESIAN_POINT('',(-1.904697080853,-4.746169824718,
    4.979917751944));
#3108 = CARTESIAN_POINT('',(-1.680480420958,-4.832762985685,
    4.989815170402));
#3109 = CARTESIAN_POINT('',(-1.439390802265,-4.911106235771,
    5.001054500015));
#3110 = CARTESIAN_POINT('',(-1.218031806053,-4.970711729732,
    5.009795807914));
#3111 = CARTESIAN_POINT('',(-0.970137648592,-5.023760469089,
    5.021035242278));
#3112 = CARTESIAN_POINT('',(-0.732741529696,-5.061338815638,
    5.03093261431));
#3113 = CARTESIAN_POINT('',(-0.489904083815,-5.087153648834,
    5.041245897814));
#3114 = CARTESIAN_POINT('',(-0.247089239738,-5.100142041178,
    5.051478949561));
#3115 = CARTESIAN_POINT('',(0.116614277764,-5.100473849999,
    5.066773290971));
#3116 = CARTESIAN_POINT('',(0.237941066042,-5.097391891513,
    5.071880614244));
#3117 = CARTESIAN_POINT('',(0.359249457408,-5.091124100648,
    5.076995217213));
#3118 = CARTESIAN_POINT('',(0.480427767584,-5.081679302895,
    5.082115082235));
#3119 = CARTESIAN_POINT('',(0.601363669266,-5.069068371034,
    5.087238128988));
#3120 = CARTESIAN_POINT('',(0.721944554016,-5.053304175804,
    5.092362239659));
#3121 = CARTESIAN_POINT('',(0.842057894158,-5.034401536833,
    5.097485284122));
#3122 = CARTESIAN_POINT('',(0.961591604665,-5.012377173252,
    5.102605145137));
#3123 = CARTESIAN_POINT('',(1.080434405058,-4.987249654621,
    5.107719743526));
#3124 = CARTESIAN_POINT('',(1.198476181294,-4.959039351603,
    5.112827063364));
#3125 = CARTESIAN_POINT('',(1.549872680403,-4.865226457213,
    5.128121404774));
#3126 = CARTESIAN_POINT('',(1.781188382331,-4.790253879674,
    5.138354470261));
#3127 = CARTESIAN_POINT('',(2.009224645743,-4.702873089698,
    5.148667751944));
#3128 = CARTESIAN_POINT('',(2.229000377736,-4.605558580356,
    5.158565170403));
#3129 = CARTESIAN_POINT('',(2.45487352538,-4.490479519499,5.169804500013
    ));
#3130 = CARTESIAN_POINT('',(2.653545421658,-4.376102521179,
    5.178545807915));
#3131 = CARTESIAN_POINT('',(2.866344184744,-4.238326004753,
    5.189785242277));
#3132 = CARTESIAN_POINT('',(3.060780493916,-4.097033502926,5.19968261431
    ));
#3133 = CARTESIAN_POINT('',(3.250746342231,-3.943575341824,
    5.209995897814));
#3134 = CARTESIAN_POINT('',(3.431626545355,-3.781063499308,
    5.220228949561));
#3135 = CARTESIAN_POINT('',(3.774842342466,-3.438473366909,
    5.240621404774));
#3136 = CARTESIAN_POINT('',(3.937681327862,-3.257887359209,
    5.250854470261));
#3137 = CARTESIAN_POINT('',(4.091476129973,-3.068195243581,
    5.261167751944));
#3138 = CARTESIAN_POINT('',(4.233150242342,-2.874030540338,
    5.271065170403));
#3139 = CARTESIAN_POINT('',(4.371222595807,-2.66143257637,5.282304500014
    ));
#3140 = CARTESIAN_POINT('',(4.48608900584,-2.463043242077,5.291045807914
    ));
#3141 = CARTESIAN_POINT('',(4.601489882355,-2.237325897264,
    5.302285242278));
#3142 = CARTESIAN_POINT('',(4.699230414602,-2.017744846732,
    5.312182614309));
#3143 = CARTESIAN_POINT('',(4.787016584544,-1.789863256642,
    5.322495897814));
#3144 = CARTESIAN_POINT('',(4.862407514232,-1.558683771046,
    5.332728949561));
#3145 = CARTESIAN_POINT('',(4.988346047312,-1.090384114746,
    5.353121404774));
#3146 = CARTESIAN_POINT('',(5.03907574154,-0.852572551812,5.363354470261
    ));
#3147 = CARTESIAN_POINT('',(5.077419889323,-0.611396959725,
    5.373667751944));
#3148 = CARTESIAN_POINT('',(5.103030918076,-0.372408338014,
    5.383565170403));
#3149 = CARTESIAN_POINT('',(5.116306101748,-0.119256923692,
    5.394804500014));
#3150 = CARTESIAN_POINT('',(5.116588663737,0.109986484662,5.403545807914
    ));
#3151 = CARTESIAN_POINT('',(5.103670082006,0.363163877601,5.414785242277
    ));
#3152 = CARTESIAN_POINT('',(5.078525340649,0.602196911676,5.42468261431)
  );
#3153 = CARTESIAN_POINT('',(5.040609598873,0.843441242719,5.434995897814
    ));
#3154 = CARTESIAN_POINT('',(4.9903103164,1.081344014924,5.445228949561)
  );
#3155 = CARTESIAN_POINT('',(4.865226457213,1.549872680403,5.465621404774
    ));
#3156 = CARTESIAN_POINT('',(4.790253879674,1.781188382331,5.47585447026)
  );
#3157 = CARTESIAN_POINT('',(4.702873089698,2.009224645744,5.486167751945
    ));
#3158 = CARTESIAN_POINT('',(4.605558580356,2.229000377735,5.496065170402
    ));
#3159 = CARTESIAN_POINT('',(4.490479519499,2.454873525382,5.507304500015
    ));
#3160 = CARTESIAN_POINT('',(4.376102521179,2.653545421656,5.516045807913
    ));
#3161 = CARTESIAN_POINT('',(4.238326004753,2.866344184746,5.527285242278
    ));
#3162 = CARTESIAN_POINT('',(4.097033502926,3.060780493915,5.537182614309
    ));
#3163 = CARTESIAN_POINT('',(3.943575341824,3.250746342231,5.547495897814
    ));
#3164 = CARTESIAN_POINT('',(3.781063499308,3.431626545355,5.557728949561
    ));
#3165 = CARTESIAN_POINT('',(3.438473366909,3.774842342467,5.578121404774
    ));
#3166 = CARTESIAN_POINT('',(3.257887359208,3.937681327861,5.58835447026)
  );
#3167 = CARTESIAN_POINT('',(3.068195243582,4.091476129974,5.598667751944
    ));
#3168 = CARTESIAN_POINT('',(2.874030540337,4.233150242339,5.608565170402
    ));
#3169 = CARTESIAN_POINT('',(2.661432576371,4.371222595811,5.619804500015
    ));
#3170 = CARTESIAN_POINT('',(2.463043242075,4.486089005837,5.628545807913
    ));
#3171 = CARTESIAN_POINT('',(2.237325897266,4.601489882358,5.639785242278
    ));
#3172 = CARTESIAN_POINT('',(2.017744846731,4.6992304146,5.649682614309)
  );
#3173 = CARTESIAN_POINT('',(1.789863256643,4.787016584544,5.659995897814
    ));
#3174 = CARTESIAN_POINT('',(1.558683771045,4.862407514232,5.670228949561
    ));
#3175 = CARTESIAN_POINT('',(1.090384114746,4.988346047312,5.690621404774
    ));
#3176 = CARTESIAN_POINT('',(0.852572551812,5.03907574154,5.700854470261)
  );
#3177 = CARTESIAN_POINT('',(0.611396959726,5.077419889325,5.711167751943
    ));
#3178 = CARTESIAN_POINT('',(0.372408338014,5.103030918073,5.721065170405
    ));
#3179 = CARTESIAN_POINT('',(0.119256923692,5.116306101751,5.732304500011
    ));
#3180 = CARTESIAN_POINT('',(-0.109986484661,5.116588663734,
    5.741045807917));
#3181 = CARTESIAN_POINT('',(-0.363163877603,5.103670082008,
    5.752285242276));
#3182 = CARTESIAN_POINT('',(-0.602196911676,5.078525340648,
    5.762182614311));
#3183 = CARTESIAN_POINT('',(-0.84344124272,5.040609598873,5.772495897813
    ));
#3184 = CARTESIAN_POINT('',(-1.081344014924,4.9903103164,5.782728949561)
  );
#3185 = CARTESIAN_POINT('',(-1.549872680402,4.865226457213,
    5.803121404774));
#3186 = CARTESIAN_POINT('',(-1.78118838233,4.790253879673,5.81335447026)
  );
#3187 = CARTESIAN_POINT('',(-2.00922464574,4.7028730897,5.823667751942)
  );
#3188 = CARTESIAN_POINT('',(-2.229000377742,4.60555858035,5.833565170408
    ));
#3189 = CARTESIAN_POINT('',(-2.454873525364,4.49047951951,5.844804500006
    ));
#3190 = CARTESIAN_POINT('',(-2.653545421677,4.376102521165,
    5.853545807914));
#3191 = CARTESIAN_POINT('',(-2.866344184745,4.238326004756,5.86478524228
    ));
#3192 = CARTESIAN_POINT('',(-3.060780493924,4.097033502923,
    5.874682614311));
#3193 = CARTESIAN_POINT('',(-3.250746342236,3.943575341825,
    5.884995897815));
#3194 = CARTESIAN_POINT('',(-3.431626545355,3.781063499312,
    5.895228949564));
#3195 = CARTESIAN_POINT('',(-3.689038393176,3.52412090002,5.910523290972
    ));
#3196 = CARTESIAN_POINT('',(-3.772650114161,3.436150631545,
    5.915630614242));
#3197 = CARTESIAN_POINT('',(-3.853996102882,3.34594064797,5.920745217213
    ));
#3198 = CARTESIAN_POINT('',(-3.933003627204,3.253576162576,
    5.925865082229));
#3199 = CARTESIAN_POINT('',(-4.009600947931,3.159144290963,
    5.930988128989));
#3200 = CARTESIAN_POINT('',(-4.083717539881,3.062733760329,
    5.936112239651));
#3201 = CARTESIAN_POINT('',(-4.155284313006,2.964434618794,
    5.941235284122));
#3202 = CARTESIAN_POINT('',(-4.224233833456,2.864337944671,
    5.946355145131));
#3203 = CARTESIAN_POINT('',(-4.290500544696,2.76253555579,5.951469743523
    ));
#3204 = CARTESIAN_POINT('',(-4.354020988584,2.659119718777,5.95657706336
    ));
#3205 = CARTESIAN_POINT('',(-4.536160102241,2.344309137551,
    5.971871404775));
#3206 = CARTESIAN_POINT('',(-4.646711385706,2.127730618143,
    5.982104470278));
#3207 = CARTESIAN_POINT('',(-4.74616982482,1.904697080717,5.992417751927
    ));
#3208 = CARTESIAN_POINT('',(-4.83276298558,1.680480421508,6.002315170424
    ));
#3209 = CARTESIAN_POINT('',(-4.911106236133,1.439390801144,
    6.013554500034));
#3210 = CARTESIAN_POINT('',(-4.970711729339,1.218031807657,
    6.022295807858));
#3211 = CARTESIAN_POINT('',(-5.02376046904,0.970137648377,6.033535242208
    ));
#3212 = CARTESIAN_POINT('',(-5.061338815411,0.732741530013,
    6.043432614405));
#3213 = CARTESIAN_POINT('',(-5.087153648628,0.4899040838,6.053745897759)
  );
#3214 = CARTESIAN_POINT('',(-5.100142041036,0.247089239439,
    6.063978949682));
#3215 = CARTESIAN_POINT('',(-5.100584453075,-0.237848784567,
    6.084371404838));
#3216 = CARTESIAN_POINT('',(-5.088035413479,-0.480686925911,
    6.094604470374));
#3217 = CARTESIAN_POINT('',(-5.062652179661,-0.723568855341,
    6.104917750649));
#3218 = CARTESIAN_POINT('',(-5.025535728732,-0.961042751466,
    6.114815172962));
#3219 = CARTESIAN_POINT('',(-4.97283815933,-1.209004129583,
    6.126054496917));
#3220 = CARTESIAN_POINT('',(-4.91377854147,-1.430509359221,
    6.134795805961));
#3221 = CARTESIAN_POINT('',(-4.8357730109,-1.671716389073,6.146035242657
    ));
#3222 = CARTESIAN_POINT('',(-4.749618755441,-1.896096625684,
    6.155932616568));
#3223 = CARTESIAN_POINT('',(-4.650556332038,-2.119307443173,
    6.166245897471));
#3224 = CARTESIAN_POINT('',(-4.540397187038,-2.336085465081,
    6.176478953133));
#3225 = CARTESIAN_POINT('',(-4.298311315822,-2.756275322796,
    6.196871406857));
#3226 = CARTESIAN_POINT('',(-4.166024461484,-2.960304800357,
    6.207104466425));
#3227 = CARTESIAN_POINT('',(-4.022600973295,-3.157955103626,
    6.217417733219));
#3228 = CARTESIAN_POINT('',(-3.871720266138,-3.345055272682,
    6.227315209142));
#3229 = CARTESIAN_POINT('',(-3.702102067043,-3.533447416698,
    6.238554451522));
#3230 = CARTESIAN_POINT('',(-3.540202465104,-3.695746623761,
    6.247295732535));
#3231 = CARTESIAN_POINT('',(-3.352044039776,-3.865635394981,
    6.25853530734));
#3232 = CARTESIAN_POINT('',(-3.165242171978,-4.016877222797,
    6.26843261212));
#3233 = CARTESIAN_POINT('',(-2.967846163747,-4.160652266317,
    6.278745928792));
#3234 = CARTESIAN_POINT('',(-2.764056534138,-4.293307969782,
    6.288978994563));
#3235 = CARTESIAN_POINT('',(-2.554182837253,-4.414734038491,
    6.299175236171));
#3236 = CARTESIAN_POINT('',(-2.344309138506,-4.53616010832,
    6.309371415056));
#3237 = CARTESIAN_POINT('',(-2.127730684504,-4.646711365133,
    6.319604428976));
#3238 = CARTESIAN_POINT('',(-1.904697283592,-4.746169756409,
    6.329917392643));
#3239 = CARTESIAN_POINT('',(-1.680480361049,-4.832762998731,
    6.33981589255));
#3240 = CARTESIAN_POINT('',(-1.439391370652,-4.911106046822,
    6.351053507993));
#3241 = CARTESIAN_POINT('',(-1.218031742496,-4.970711782608,
    6.359794896787));
#3242 = CARTESIAN_POINT('',(-0.970137126826,-5.023760615983,
    6.371036182228));
#3243 = CARTESIAN_POINT('',(-0.73274086304,-5.061338998696,
    6.380932615854));
#3244 = CARTESIAN_POINT('',(-0.489903384861,-5.087153838309,
    6.39124634646));
#3245 = CARTESIAN_POINT('',(-0.247088927438,-5.100142165865,
    6.401479565862));
#3246 = CARTESIAN_POINT('',(-4.620824894075E-03,-5.100363248993,
    6.41167594177));
#3247 = CARTESIAN_POINT('',(0.237847306976,-5.100584332632,
    6.421871471483));
#3248 = CARTESIAN_POINT('',(0.480684477096,-5.088035107398,6.43210385691
    ));
#3249 = CARTESIAN_POINT('',(0.723563141759,-5.062652291929,
    6.442413198938));
#3250 = CARTESIAN_POINT('',(0.961053418144,-5.025532054292,6.4523245415)
  );
#3251 = CARTESIAN_POINT('',(1.208975372352,-4.972844209181,
    6.463540470428));
#3252 = CARTESIAN_POINT('',(1.430540190366,-4.913770079193,
    6.472288068685));
#3253 = CARTESIAN_POINT('',(1.671719692031,-4.835774155939,
    6.483545537809));
#3254 = CARTESIAN_POINT('',(1.896111965386,-4.749617428189,
    6.493432955755));
#3255 = CARTESIAN_POINT('',(2.119317606212,-4.650557539458,
    6.503750755704));
#3256 = CARTESIAN_POINT('',(2.336085913925,-4.540401748637,
    6.513985076373));
#3257 = CARTESIAN_POINT('',(2.546163867181,-4.419363880113,
    6.524182174779));
#3258 = CARTESIAN_POINT('',(2.756242070589,-4.298325872858,
    6.534371020572));
#3259 = CARTESIAN_POINT('',(2.960259839473,-4.166038452491,
    6.544597683688));
#3260 = CARTESIAN_POINT('',(3.157868261551,-4.022644776369,
    6.554877551744));
#3261 = CARTESIAN_POINT('',(3.345225722328,-3.871523774371,6.56490139674
    ));
#3262 = CARTESIAN_POINT('',(3.53300665168,-3.702497902363,6.575908068797
    ));
#3263 = CARTESIAN_POINT('',(3.696273382988,-3.539659660065,
    6.584786089137));
#3264 = CARTESIAN_POINT('',(3.865642961033,-3.352101490688,
    6.596101281891));
#3265 = CARTESIAN_POINT('',(4.017086212389,-3.165123690196,
    6.605940533053));
#3266 = CARTESIAN_POINT('',(4.160779490476,-2.967847808106,
    6.616276010156));
#3267 = CARTESIAN_POINT('',(4.293321122032,-2.764186725746,
    6.626507116479));
#3268 = CARTESIAN_POINT('',(4.414562563322,-2.554482822977,6.63669556685
    ));
#3269 = CARTESIAN_POINT('',(4.535804623771,-2.344777887736,
    6.646849285674));
#3270 = CARTESIAN_POINT('',(4.646229880346,-2.128183686624,
    6.657059763477));
#3271 = CARTESIAN_POINT('',(4.745471751446,-1.905571293148,
    6.667285896075));
#3272 = CARTESIAN_POINT('',(4.833201335173,-1.677565411222,
    6.677594298292));
#3273 = CARTESIAN_POINT('',(4.909131853314,-1.445004435604,
    6.687936375556));
#3274 = CARTESIAN_POINT('',(4.972962527089,-1.208949369443,6.69821338019
    ));
#3275 = CARTESIAN_POINT('',(5.024357822032,-0.970499457836,
    6.708383353253));
#3276 = CARTESIAN_POINT('',(5.062993842121,-0.73060441476,6.718480423887
    ));
#3277 = CARTESIAN_POINT('',(5.088639494917,-0.489995138765,6.72853350881
    ));
#3278 = CARTESIAN_POINT('',(5.101175892323,-0.249286831321,
    6.738488025734));
#3279 = CARTESIAN_POINT('',(5.100393293261,-9.240449776745E-03,
    6.7483508052));
#3280 = CARTESIAN_POINT('',(5.778180723781,-2.428612866368E-17,
    -0.760044953298));
#3281 = CARTESIAN_POINT('',(5.779682249853,0.274270693906,
    -0.749957632719));
#3282 = CARTESIAN_POINT('',(5.765891903611,0.548642385334,
    -0.739834961234));
#3283 = CARTESIAN_POINT('',(5.737120765798,0.822316123093,-0.72967442683
    ));
#3284 = CARTESIAN_POINT('',(5.693628815666,1.09453562316,-0.719497002046
    ));
#3285 = CARTESIAN_POINT('',(5.635745088677,1.364522495609,-0.70929164874
    ));
#3286 = CARTESIAN_POINT('',(5.563842879486,1.631419603274,
    -0.699045309977));
#3287 = CARTESIAN_POINT('',(5.478278730927,1.894295418049,
    -0.688774057802));
#3288 = CARTESIAN_POINT('',(5.379360452551,2.152213357188,
    -0.678515710933));
#3289 = CARTESIAN_POINT('',(5.267365915651,2.404321198152,
    -0.668288881507));
#3290 = CARTESIAN_POINT('',(5.142590874445,2.649866787021,
    -0.658068055357));
#3291 = CARTESIAN_POINT('',(5.005360566493,2.887997371676,
    -0.647868955366));
#3292 = CARTESIAN_POINT('',(4.868109688446,3.126115556442,
    -0.637656550965));
#3293 = CARTESIAN_POINT('',(4.718156750988,3.357105974877,
    -0.627427799042));
#3294 = CARTESIAN_POINT('',(4.555907623208,3.580391556778,
    -0.617159070012));
#3295 = CARTESIAN_POINT('',(4.383139301259,3.794145194446,
    -0.607080443504));
#3296 = CARTESIAN_POINT('',(4.195797121619,4.001618079634,
    -0.596436385406));
#3297 = CARTESIAN_POINT('',(4.004829349684,4.194013510392,
    -0.586726069676));
#3298 = CARTESIAN_POINT('',(3.79652709694,4.380482313019,-0.576200135285
    ));
#3299 = CARTESIAN_POINT('',(3.583139330833,4.553661245182,
    -0.566050830322));
#3300 = CARTESIAN_POINT('',(3.359851396795,4.715969870562,
    -0.555803405565));
#3301 = CARTESIAN_POINT('',(3.128920230017,4.866121512178,
    -0.545576372775));
#3302 = CARTESIAN_POINT('',(2.89087573962,5.003688611062,-0.535363819283
    ));
#3303 = CARTESIAN_POINT('',(2.652828491036,5.1412507137,-0.525148104441)
  );
#3304 = CARTESIAN_POINT('',(2.407399754693,5.266321875501,
    -0.514918125085));
#3305 = CARTESIAN_POINT('',(2.155210423676,5.378613623925,
    -0.504656175121));
#3306 = CARTESIAN_POINT('',(1.898801630112,5.477302201504,
    -0.494559075518));
#3307 = CARTESIAN_POINT('',(1.632607203556,5.563486928063,
    -0.483937190574));
#3308 = CARTESIAN_POINT('',(1.371528599736,5.634611447828,
    -0.474276760465));
#3309 = CARTESIAN_POINT('',(1.097548431094,5.691855617863,
    -0.463670706188));
#3310 = CARTESIAN_POINT('',(0.826312689995,5.735198751011,
    -0.453564482849));
#3311 = CARTESIAN_POINT('',(0.551755724227,5.764091750487,
    -0.443305768126));
#3312 = CARTESIAN_POINT('',(0.276679762999,5.778649876331,
    -0.433076542754));
#3313 = CARTESIAN_POINT('',(1.734981448054E-03,5.77875503734,
    -0.422861429912));
#3314 = CARTESIAN_POINT('',(-0.273209788869,5.77885961328,
    -0.412645992912));
#3315 = CARTESIAN_POINT('',(-0.54829739934,5.764459136448,-0.40241643619
    ));
#3316 = CARTESIAN_POINT('',(-0.822847660962,5.735615375653,
    -0.392156046151));
#3317 = CARTESIAN_POINT('',(-1.094242416219,5.692873621999,
    -0.382055489819));
#3318 = CARTESIAN_POINT('',(-1.367875592699,5.634427104311,
    -0.37143981338));
#3319 = CARTESIAN_POINT('',(-1.629518332578,5.565494866553,
    -0.361781749713));
#3320 = CARTESIAN_POINT('',(-1.895425162807,5.478059511319,
    -0.351167395241));
#3321 = CARTESIAN_POINT('',(-2.151989705778,5.379989120937,
    -0.341066088795));
#3322 = CARTESIAN_POINT('',(-2.404210333759,5.267729268961,
    -0.330805987007));
#3323 = CARTESIAN_POINT('',(-2.649712536804,5.142798003138,
    -0.32057652084));
#3324 = CARTESIAN_POINT('',(-2.887874497966,5.005415871563,
    -0.310361159437));
#3325 = CARTESIAN_POINT('',(-3.00695546743,4.936724787294,-0.30525346679
    ));
#3326 = CARTESIAN_POINT('',(-3.124254164109,4.864875480082,
    -0.300142245642));
#3327 = CARTESIAN_POINT('',(-3.239680338539,4.789935053879,
    -0.295028237035));
#3328 = CARTESIAN_POINT('',(-3.3531439668,4.711971481072,-0.289912209589
    ));
#3329 = CARTESIAN_POINT('',(-3.464555370479,4.63105352045,
    -0.284794969193));
#3330 = CARTESIAN_POINT('',(-3.573825263523,4.547250564728,
    -0.279677312529));
#3331 = CARTESIAN_POINT('',(-3.680864922914,4.460632607329,
    -0.274560075723));
#3332 = CARTESIAN_POINT('',(-3.785586181678,4.371270038105,
    -0.269444046502));
#3333 = CARTESIAN_POINT('',(-3.887901640548,4.279233649525,
    -0.264330044346));
#3334 = CARTESIAN_POINT('',(-3.98772464726,4.184594419253,
    -0.259218822091));
#3335 = CARTESIAN_POINT('',(-4.27945917437,3.893081656705,
    -0.243895751268));
#3336 = CARTESIAN_POINT('',(-4.463793035781,3.688382547767,
    -0.233666263701));
#3337 = CARTESIAN_POINT('',(-4.63753397187,3.473850837305,
    -0.223406043136));
#3338 = CARTESIAN_POINT('',(-4.79921546191,3.251722516137,
    -0.213305126949));
#3339 = CARTESIAN_POINT('',(-4.951376184068,3.016907960619,
    -0.202690167533));
#3340 = CARTESIAN_POINT('',(-5.087643087416,2.783156329957,
    -0.19303213486));
#3341 = CARTESIAN_POINT('',(-5.21384055549,2.533304823463,-0.1824171144)
  );
#3342 = CARTESIAN_POINT('',(-5.325913438932,2.282540565289,
    -0.172316228565));
#3343 = CARTESIAN_POINT('',(-5.424880504184,2.02481374374,
    -0.162056002839));
#3344 = CARTESIAN_POINT('',(-5.510137025183,1.762877657194,
    -0.151826516733));
#3345 = CARTESIAN_POINT('',(-5.652661191112,1.231778037315,
    -0.131395756476));
#3346 = CARTESIAN_POINT('',(-5.709949434391,0.962336475814,
    -0.121166264418));
#3347 = CARTESIAN_POINT('',(-5.753147647905,0.689676092731,
    -0.110906045475));
#3348 = CARTESIAN_POINT('',(-5.782103766994,0.41646658233,
    -0.100805129639));
#3349 = CARTESIAN_POINT('',(-5.796471532932,0.137030821071,
    -9.01901632159E-02));
#3350 = CARTESIAN_POINT('',(-5.797606317226,-0.133537449615,
    -8.053212938785E-02));
#3351 = CARTESIAN_POINT('',(-5.781970792556,-0.413013952076,
    -6.991711866901E-02));
#3352 = CARTESIAN_POINT('',(-5.753646617442,-0.686218605596,
    -5.981622646502E-02));
#3353 = CARTESIAN_POINT('',(-5.710491202149,-0.958900112096,
    -4.955600277883E-02));
#3354 = CARTESIAN_POINT('',(-5.653357471651,-1.228371677181,
    -3.932651687433E-02));
#3355 = CARTESIAN_POINT('',(-5.511237209339,-1.75957952281,
    -1.889575675984E-02));
#3356 = CARTESIAN_POINT('',(-5.426129501775,-2.021566881599,
    -8.666264353612E-03));
#3357 = CARTESIAN_POINT('',(-5.327210060931,-2.279296807224,
    1.593954323208E-03));
#3358 = CARTESIAN_POINT('',(-5.21568204044,-2.530381242855,
    1.169487039872E-02));
#3359 = CARTESIAN_POINT('',(-5.088407009232,-2.779563596019,
    2.230983691308E-02));
#3360 = CARTESIAN_POINT('',(-4.954105627718,-3.014449981245,
    3.196787078896E-02));
#3361 = CARTESIAN_POINT('',(-4.800826614237,-3.24866597166,
    4.258288116428E-02));
#3362 = CARTESIAN_POINT('',(-4.639694832414,-3.471106053673,
    5.26837736232E-02));
#3363 = CARTESIAN_POINT('',(-4.465980393277,-3.68567745786,
    6.294399720274E-02));
#3364 = CARTESIAN_POINT('',(-4.281765348637,-3.89047981352,
    7.317348312244E-02));
#3365 = CARTESIAN_POINT('',(-3.99025258828,-4.182214331897,
    8.849655320738E-02));
#3366 = CARTESIAN_POINT('',(-3.890492349158,-4.276920215226,
    9.360777132593E-02));
#3367 = CARTESIAN_POINT('',(-3.788230964692,-4.369017334127,
    9.872177817786E-02));
#3368 = CARTESIAN_POINT('',(-3.683557394293,-4.458436332481,
    0.103837800777));
#3369 = CARTESIAN_POINT('',(-3.576561255931,-4.545108370419,
    0.108955042146));
#3370 = CARTESIAN_POINT('',(-3.467332698914,-4.628965188341,
    0.114072690975));
#3371 = CARTESIAN_POINT('',(-3.355962276702,-4.709939170987,
    0.119189931263));
#3372 = CARTESIAN_POINT('',(-3.242540819682,-4.787963411471,
    0.124305951968));
#3373 = CARTESIAN_POINT('',(-3.127159307979,-4.862971775329,
    0.129419956656));
#3374 = CARTESIAN_POINT('',(-3.009908744242,-4.934898964569,
    0.134531173151));
#3375 = CARTESIAN_POINT('',(-2.65282259084,-5.141243816016,
    0.149854243238));
#3376 = CARTESIAN_POINT('',(-2.407389315659,-5.266316616844,
    0.160083735652));
#3377 = CARTESIAN_POINT('',(-2.155200130109,-5.378612587588,
    0.170343954321));
#3378 = CARTESIAN_POINT('',(-1.898794403485,-5.477293875064,
    0.180444870408));
#3379 = CARTESIAN_POINT('',(-1.63259883403,-5.563495369199,
    0.191059836917));
#3380 = CARTESIAN_POINT('',(-1.371543660922,-5.63461970738,
    0.200717870771));
#3381 = CARTESIAN_POINT('',(-1.097543315803,-5.691850792607,
    0.211332881173));
#3382 = CARTESIAN_POINT('',(-0.826317049891,-5.735202307422,
    0.221433773619));
#3383 = CARTESIAN_POINT('',(-0.551757497026,-5.764092544463,
    0.231693997201));
#3384 = CARTESIAN_POINT('',(-0.27668065527,-5.778649971683,
    0.241923483123));
#3385 = CARTESIAN_POINT('',(0.273210152607,-5.778859047141,
    0.262354243237));
#3386 = CARTESIAN_POINT('',(0.548298004261,-5.76445863239,0.272583735651
    ));
#3387 = CARTESIAN_POINT('',(0.822848230879,-5.735615203021,0.28284395432
    ));
#3388 = CARTESIAN_POINT('',(1.09424274755,-5.692872841542,0.292944870407
    ));
#3389 = CARTESIAN_POINT('',(1.367875620139,-5.634427740577,
    0.303559836917));
#3390 = CARTESIAN_POINT('',(1.629518200934,-5.565495637716,
    0.313217870772));
#3391 = CARTESIAN_POINT('',(1.895425003063,-5.478059038851,
    0.323832881173));
#3392 = CARTESIAN_POINT('',(2.151989596926,-5.379989419016,0.33393377362
    ));
#3393 = CARTESIAN_POINT('',(2.404210263078,-5.267729321782,
    0.344193997201));
#3394 = CARTESIAN_POINT('',(2.649712509642,-5.142798002691,
    0.354423483123));
#3395 = CARTESIAN_POINT('',(3.1260364563,-4.86803366341,0.374854243237)
  );
#3396 = CARTESIAN_POINT('',(3.357069316729,-4.718018612584,
    0.385083735652));
#3397 = CARTESIAN_POINT('',(3.580415072911,-4.555764356708,0.39534395432
    ));
#3398 = CARTESIAN_POINT('',(3.794078438058,-4.383051127517,
    0.405444870408));
#3399 = CARTESIAN_POINT('',(4.001828906544,-4.195619749057,
    0.416059836917));
#3400 = CARTESIAN_POINT('',(4.193951976798,-4.005101506448,
    0.425717870772));
#3401 = CARTESIAN_POINT('',(4.380515723045,-3.796425789543,
    0.436332881173));
#3402 = CARTESIAN_POINT('',(4.553672369127,-3.583212710497,
    0.446433773619));
#3403 = CARTESIAN_POINT('',(4.715971824756,-3.359882281384,
    0.456693997201));
#3404 = CARTESIAN_POINT('',(4.866117347421,-3.128937462041,
    0.466923483123));
#3405 = CARTESIAN_POINT('',(5.141243816017,-2.652822590841,
    0.487354243237));
#3406 = CARTESIAN_POINT('',(5.266316616844,-2.40738931566,0.497583735652
    ));
#3407 = CARTESIAN_POINT('',(5.37861258759,-2.155200130111,0.507843954319
    ));
#3408 = CARTESIAN_POINT('',(5.477293875063,-1.898794403484,0.51794487041
    ));
#3409 = CARTESIAN_POINT('',(5.563495369201,-1.632598834033,
    0.528559836914));
#3410 = CARTESIAN_POINT('',(5.634619707376,-1.371543660918,
    0.538217870775));
#3411 = CARTESIAN_POINT('',(5.69185079261,-1.097543315806,0.54883288117)
  );
#3412 = CARTESIAN_POINT('',(5.735202307421,-0.826317049889,
    0.558933773621));
#3413 = CARTESIAN_POINT('',(5.764092544463,-0.551757497026,
    0.569193997201));
#3414 = CARTESIAN_POINT('',(5.778649971683,-0.27668065527,0.579423483123
    ));
#3415 = CARTESIAN_POINT('',(5.778859047141,0.273210152607,0.599854243237
    ));
#3416 = CARTESIAN_POINT('',(5.76445863239,0.548298004261,0.610083735652)
  );
#3417 = CARTESIAN_POINT('',(5.735615203021,0.822848230879,0.62034395432)
  );
#3418 = CARTESIAN_POINT('',(5.692872841543,1.094242747551,0.630444870408
    ));
#3419 = CARTESIAN_POINT('',(5.634427740577,1.367875620137,0.641059836916
    ));
#3420 = CARTESIAN_POINT('',(5.565495637715,1.629518200935,0.650717870772
    ));
#3421 = CARTESIAN_POINT('',(5.478059038851,1.895425003062,0.661332881172
    ));
#3422 = CARTESIAN_POINT('',(5.379989419016,2.151989596927,0.67143377362)
  );
#3423 = CARTESIAN_POINT('',(5.267729321782,2.404210263078,0.681693997201
    ));
#3424 = CARTESIAN_POINT('',(5.142798002691,2.649712509642,0.691923483123
    ));
#3425 = CARTESIAN_POINT('',(4.86803366341,3.1260364563,0.712354243237));
#3426 = CARTESIAN_POINT('',(4.718018612583,3.357069316728,0.722583735652
    ));
#3427 = CARTESIAN_POINT('',(4.555764356711,3.580415072913,0.732843954318
    ));
#3428 = CARTESIAN_POINT('',(4.383051127512,3.794078438052,0.742944870411
    ));
#3429 = CARTESIAN_POINT('',(4.195619749063,4.001828906552,0.753559836912
    ));
#3430 = CARTESIAN_POINT('',(4.005101506441,4.193951976788,0.763217870777
    ));
#3431 = CARTESIAN_POINT('',(3.796425789547,4.380515723053,0.773832881169
    ));
#3432 = CARTESIAN_POINT('',(3.583212710494,4.553672369122,0.783933773622
    ));
#3433 = CARTESIAN_POINT('',(3.359882281385,4.715971824758,0.7941939972)
  );
#3434 = CARTESIAN_POINT('',(3.128937462041,4.86611734742,0.804423483123)
  );
#3435 = CARTESIAN_POINT('',(2.652822590841,5.141243816018,0.824854243237
    ));
#3436 = CARTESIAN_POINT('',(2.407389315661,5.266316616844,0.835083735652
    ));
#3437 = CARTESIAN_POINT('',(2.15520013011,5.37861258759,0.84534395432));
#3438 = CARTESIAN_POINT('',(1.898794403485,5.477293875063,0.855444870408
    ));
#3439 = CARTESIAN_POINT('',(1.632598834032,5.563495369199,0.866059836916
    ));
#3440 = CARTESIAN_POINT('',(1.371543660918,5.634619707378,0.875717870773
    ));
#3441 = CARTESIAN_POINT('',(1.097543315805,5.691850792609,0.886332881172
    ));
#3442 = CARTESIAN_POINT('',(0.826317049889,5.735202307421,0.89643377362)
  );
#3443 = CARTESIAN_POINT('',(0.551757497026,5.764092544463,0.906693997201
    ));
#3444 = CARTESIAN_POINT('',(0.27668065527,5.778649971683,0.916923483123)
  );
#3445 = CARTESIAN_POINT('',(-0.273210152607,5.778859047141,
    0.937354243237));
#3446 = CARTESIAN_POINT('',(-0.548298004261,5.76445863239,0.947583735652
    ));
#3447 = CARTESIAN_POINT('',(-0.822848230879,5.735615203022,0.95784395432
    ));
#3448 = CARTESIAN_POINT('',(-1.094242747551,5.692872841541,
    0.967944870409));
#3449 = CARTESIAN_POINT('',(-1.367875620138,5.63442774058,0.978559836915
    ));
#3450 = CARTESIAN_POINT('',(-1.629518200934,5.565495637712,
    0.988217870773));
#3451 = CARTESIAN_POINT('',(-1.895425003064,5.478059038853,
    0.998832881172));
#3452 = CARTESIAN_POINT('',(-2.151989596926,5.379989419015,1.00893377362
    ));
#3453 = CARTESIAN_POINT('',(-2.404210263078,5.267729321783,
    1.019193997201));
#3454 = CARTESIAN_POINT('',(-2.649712509642,5.142798002691,
    1.029423483123));
#3455 = CARTESIAN_POINT('',(-3.1260364563,4.86803366341,1.049854243237)
  );
#3456 = CARTESIAN_POINT('',(-3.357069316729,4.718018612584,
    1.060083735652));
#3457 = CARTESIAN_POINT('',(-3.580415072912,4.555764356709,1.07034395432
    ));
#3458 = CARTESIAN_POINT('',(-3.794078438054,4.383051127515,
    1.080444870409));
#3459 = CARTESIAN_POINT('',(-4.001828906549,4.195619749059,
    1.091059836915));
#3460 = CARTESIAN_POINT('',(-4.193951976792,4.005101506445,
    1.100717870773));
#3461 = CARTESIAN_POINT('',(-4.380515723049,3.796425789545,
    1.111332881171));
#3462 = CARTESIAN_POINT('',(-4.553672369124,3.583212710495,
    1.121433773621));
#3463 = CARTESIAN_POINT('',(-4.715971824757,3.359882281385,
    1.131693997201));
#3464 = CARTESIAN_POINT('',(-4.866117347421,3.128937462041,
    1.141923483123));
#3465 = CARTESIAN_POINT('',(-5.141243816017,2.652822590841,
    1.162354243237));
#3466 = CARTESIAN_POINT('',(-5.266316616844,2.407389315661,
    1.172583735651));
#3467 = CARTESIAN_POINT('',(-5.378612587589,2.15520013011,1.18284395432)
  );
#3468 = CARTESIAN_POINT('',(-5.477293875065,1.898794403486,
    1.192944870408));
#3469 = CARTESIAN_POINT('',(-5.563495369197,1.632598834032,
    1.203559836917));
#3470 = CARTESIAN_POINT('',(-5.634619707379,1.371543660918,
    1.213217870772));
#3471 = CARTESIAN_POINT('',(-5.691850792608,1.097543315806,
    1.223832881173));
#3472 = CARTESIAN_POINT('',(-5.735202307422,0.826317049889,1.23393377362
    ));
#3473 = CARTESIAN_POINT('',(-5.764092544463,0.551757497026,
    1.244193997201));
#3474 = CARTESIAN_POINT('',(-5.778649971683,0.27668065527,1.254423483123
    ));
#3475 = CARTESIAN_POINT('',(-5.778859047141,-0.273210152607,
    1.274854243237));
#3476 = CARTESIAN_POINT('',(-5.76445863239,-0.548298004261,
    1.285083735651));
#3477 = CARTESIAN_POINT('',(-5.735615203022,-0.822848230879,
    1.29534395432));
#3478 = CARTESIAN_POINT('',(-5.692872841541,-1.094242747551,
    1.305444870408));
#3479 = CARTESIAN_POINT('',(-5.63442774058,-1.367875620137,
    1.316059836917));
#3480 = CARTESIAN_POINT('',(-5.565495637712,-1.629518200936,
    1.325717870772));
#3481 = CARTESIAN_POINT('',(-5.478059038853,-1.895425003062,
    1.336332881173));
#3482 = CARTESIAN_POINT('',(-5.379989419014,-2.151989596927,
    1.34643377362));
#3483 = CARTESIAN_POINT('',(-5.267729321783,-2.404210263078,
    1.356693997201));
#3484 = CARTESIAN_POINT('',(-5.142798002691,-2.649712509642,
    1.366923483123));
#3485 = CARTESIAN_POINT('',(-4.93672474823,-3.006955469636,
    1.382246553208));
#3486 = CARTESIAN_POINT('',(-4.864875443114,-3.124254178076,
    1.387357771326));
#3487 = CARTESIAN_POINT('',(-4.789935019193,-3.239680357625,
    1.392471778179));
#3488 = CARTESIAN_POINT('',(-4.711971453987,-3.353143991041,
    1.397587800777));
#3489 = CARTESIAN_POINT('',(-4.631053494719,-3.464555389255,
    1.402705042147));
#3490 = CARTESIAN_POINT('',(-4.547250552076,-3.57382528623,
    1.407822690976));
#3491 = CARTESIAN_POINT('',(-4.460632593838,-3.68086493365,
    1.412939931264));
#3492 = CARTESIAN_POINT('',(-4.371270038668,-3.785586195813,
    1.418055951968));
#3493 = CARTESIAN_POINT('',(-4.279233649746,-3.887901644331,
    1.423169956657));
#3494 = CARTESIAN_POINT('',(-4.184594428523,-3.987724652975,
    1.428281173151));
#3495 = CARTESIAN_POINT('',(-3.893081668157,-4.279459171352,
    1.443604243237));
#3496 = CARTESIAN_POINT('',(-3.688382551909,-4.463793025756,
    1.453833735652));
#3497 = CARTESIAN_POINT('',(-3.47385084039,-4.637533968275,1.46409395432
    ));
#3498 = CARTESIAN_POINT('',(-3.251722523632,-4.799215457743,
    1.474194870409));
#3499 = CARTESIAN_POINT('',(-3.016907936646,-4.951376190289,
    1.484809836915));
#3500 = CARTESIAN_POINT('',(-2.783156336147,-5.087643076038,
    1.494467870773));
#3501 = CARTESIAN_POINT('',(-2.533304821215,-5.21384056701,
    1.505082881171));
#3502 = CARTESIAN_POINT('',(-2.282540563869,-5.325913437927,
    1.51518377362));
#3503 = CARTESIAN_POINT('',(-2.024813744467,-5.424880505309,
    1.525443997201));
#3504 = CARTESIAN_POINT('',(-1.762877658213,-5.510137025738,
    1.535673483123));
#3505 = CARTESIAN_POINT('',(-1.231778037956,-5.652661190928,
    1.556104243237));
#3506 = CARTESIAN_POINT('',(-0.96233647595,-5.709949433494,
    1.566333735652));
#3507 = CARTESIAN_POINT('',(-0.689676092599,-5.753147647636,
    1.57659395432));
#3508 = CARTESIAN_POINT('',(-0.41646658265,-5.782103766454,
    1.586694870408));
#3509 = CARTESIAN_POINT('',(-0.137030818873,-5.79647153281,
    1.597309836916));
#3510 = CARTESIAN_POINT('',(0.133537448215,-5.797606317307,
    1.606967870773));
#3511 = CARTESIAN_POINT('',(0.413013952802,-5.781970792922,
    1.617582881172));
#3512 = CARTESIAN_POINT('',(0.686218605485,-5.753646617535,1.62768377362
    ));
#3513 = CARTESIAN_POINT('',(0.958900112014,-5.710491202326,
    1.637943997201));
#3514 = CARTESIAN_POINT('',(1.228371677093,-5.653357471728,
    1.648173483123));
#3515 = CARTESIAN_POINT('',(1.759579522771,-5.511237209308,
    1.668604243237));
#3516 = CARTESIAN_POINT('',(2.021566881587,-5.426129501706,
    1.678833735652));
#3517 = CARTESIAN_POINT('',(2.279296807243,-5.327210060875,1.68909395432
    ));
#3518 = CARTESIAN_POINT('',(2.530381242828,-5.215682040393,
    1.699194870408));
#3519 = CARTESIAN_POINT('',(2.779563596157,-5.088407009161,
    1.709809836916));
#3520 = CARTESIAN_POINT('',(3.014449981167,-4.954105627824,
    1.719467870772));
#3521 = CARTESIAN_POINT('',(3.248665971702,-4.800826614207,
    1.730082881172));
#3522 = CARTESIAN_POINT('',(3.471106053668,-4.639694832441,1.74018377362
    ));
#3523 = CARTESIAN_POINT('',(3.685677457859,-4.465980393294,
    1.750443997201));
#3524 = CARTESIAN_POINT('',(3.890479813516,-4.281765348645,
    1.760673483123));
#3525 = CARTESIAN_POINT('',(4.279459171352,-3.893081668157,
    1.781104243237));
#3526 = CARTESIAN_POINT('',(4.463793025756,-3.688382551908,
    1.791333735652));
#3527 = CARTESIAN_POINT('',(4.637533968275,-3.473850840392,
    1.801593954319));
#3528 = CARTESIAN_POINT('',(4.799215457744,-3.251722523629,1.81169487041
    ));
#3529 = CARTESIAN_POINT('',(4.951376190288,-3.01690793665,1.822309836914
    ));
#3530 = CARTESIAN_POINT('',(5.087643076039,-2.783156336143,
    1.831967870774));
#3531 = CARTESIAN_POINT('',(5.213840567009,-2.533304821216,
    1.842582881171));
#3532 = CARTESIAN_POINT('',(5.325913437927,-2.282540563868,
    1.852683773621));
#3533 = CARTESIAN_POINT('',(5.424880505309,-2.024813744467,
    1.862943997201));
#3534 = CARTESIAN_POINT('',(5.510137025738,-1.762877658213,
    1.873173483123));
#3535 = CARTESIAN_POINT('',(5.652661190928,-1.231778037956,
    1.893604243237));
#3536 = CARTESIAN_POINT('',(5.709949433495,-0.96233647595,1.903833735652
    ));
#3537 = CARTESIAN_POINT('',(5.753147647634,-0.689676092599,1.91409395432
    ));
#3538 = CARTESIAN_POINT('',(5.782103766458,-0.41646658265,1.924194870408
    ));
#3539 = CARTESIAN_POINT('',(5.796471532805,-0.137030818872,
    1.934809836916));
#3540 = CARTESIAN_POINT('',(5.797606317313,0.133537448215,1.944467870773
    ));
#3541 = CARTESIAN_POINT('',(5.781970792918,0.413013952802,1.955082881172
    ));
#3542 = CARTESIAN_POINT('',(5.753646617537,0.686218605486,1.96518377362)
  );
#3543 = CARTESIAN_POINT('',(5.710491202325,0.958900112014,1.975443997201
    ));
#3544 = CARTESIAN_POINT('',(5.653357471729,1.228371677093,1.985673483123
    ));
#3545 = CARTESIAN_POINT('',(5.511237209308,1.759579522771,2.006104243237
    ));
#3546 = CARTESIAN_POINT('',(5.426129501707,2.021566881586,2.016333735652
    ));
#3547 = CARTESIAN_POINT('',(5.327210060873,2.279296807244,2.02659395432)
  );
#3548 = CARTESIAN_POINT('',(5.215682040397,2.530381242825,2.036694870408
    ));
#3549 = CARTESIAN_POINT('',(5.088407009157,2.779563596159,2.047309836916
    ));
#3550 = CARTESIAN_POINT('',(4.954105627827,3.014449981165,2.056967870773
    ));
#3551 = CARTESIAN_POINT('',(4.800826614205,3.248665971704,2.067582881172
    ));
#3552 = CARTESIAN_POINT('',(4.639694832443,3.471106053667,2.07768377362)
  );
#3553 = CARTESIAN_POINT('',(4.465980393294,3.685677457859,2.087943997201
    ));
#3554 = CARTESIAN_POINT('',(4.281765348645,3.890479813516,2.098173483123
    ));
#3555 = CARTESIAN_POINT('',(3.893081668157,4.279459171353,2.118604243237
    ));
#3556 = CARTESIAN_POINT('',(3.688382551908,4.463793025755,2.128833735652
    ));
#3557 = CARTESIAN_POINT('',(3.473850840392,4.637533968278,2.139093954319
    ));
#3558 = CARTESIAN_POINT('',(3.251722523629,4.799215457739,2.14919487041)
  );
#3559 = CARTESIAN_POINT('',(3.01690793665,4.951376190294,2.159809836914)
  );
#3560 = CARTESIAN_POINT('',(2.783156336143,5.087643076034,2.169467870775
    ));
#3561 = CARTESIAN_POINT('',(2.533304821217,5.213840567013,2.180082881171
    ));
#3562 = CARTESIAN_POINT('',(2.282540563867,5.325913437925,2.190183773621
    ));
#3563 = CARTESIAN_POINT('',(2.024813744467,5.424880505309,2.200443997201
    ));
#3564 = CARTESIAN_POINT('',(1.762877658212,5.510137025738,2.210673483123
    ));
#3565 = CARTESIAN_POINT('',(1.36455294302,5.617030149631,2.225996553208)
  );
#3566 = CARTESIAN_POINT('',(1.230805099986,5.649167730921,2.231107771326
    ));
#3567 = CARTESIAN_POINT('',(1.096195583761,5.677795483269,2.236221778179
    ));
#3568 = CARTESIAN_POINT('',(0.960836113512,5.702897822229,2.241337800777
    ));
#3569 = CARTESIAN_POINT('',(0.824838720615,5.724459939696,2.246455042148
    ));
#3570 = CARTESIAN_POINT('',(0.688315606458,5.742467795793,2.251572690976
    ));
#3571 = CARTESIAN_POINT('',(0.551379000269,5.756908110701,2.256689931264
    ));
#3572 = CARTESIAN_POINT('',(0.414141016914,5.767768356565,2.261805951968
    ));
#3573 = CARTESIAN_POINT('',(0.276713514724,5.77503674931,2.266919956657)
  );
#3574 = CARTESIAN_POINT('',(0.139207953301,5.778702240548,2.272031173151
    ));
#3575 = CARTESIAN_POINT('',(-0.273210152607,5.778859047141,
    2.287354243237));
#3576 = CARTESIAN_POINT('',(-0.54829800426,5.76445863239,2.297583735652)
  );
#3577 = CARTESIAN_POINT('',(-0.82284823088,5.735615203021,2.30784395432)
  );
#3578 = CARTESIAN_POINT('',(-1.094242747549,5.692872841542,
    2.317944870409));
#3579 = CARTESIAN_POINT('',(-1.367875620139,5.634427740578,
    2.328559836915));
#3580 = CARTESIAN_POINT('',(-1.629518200933,5.565495637715,
    2.338217870774));
#3581 = CARTESIAN_POINT('',(-1.895425003064,5.478059038852,
    2.348832881171));
#3582 = CARTESIAN_POINT('',(-2.151989596926,5.379989419015,
    2.358933773621));
#3583 = CARTESIAN_POINT('',(-2.404210263078,5.267729321782,
    2.369193997201));
#3584 = CARTESIAN_POINT('',(-2.649712509642,5.142798002691,
    2.379423483123));
#3585 = CARTESIAN_POINT('',(-3.1260364563,4.86803366341,2.399854243237)
  );
#3586 = CARTESIAN_POINT('',(-3.357069316729,4.718018612584,
    2.410083735652));
#3587 = CARTESIAN_POINT('',(-3.580415072911,4.55576435671,2.42034395432)
  );
#3588 = CARTESIAN_POINT('',(-3.794078438057,4.383051127514,
    2.430444870409));
#3589 = CARTESIAN_POINT('',(-4.001828906546,4.19561974906,2.441059836915
    ));
#3590 = CARTESIAN_POINT('',(-4.193951976796,4.005101506444,
    2.450717870773));
#3591 = CARTESIAN_POINT('',(-4.380515723046,3.796425789546,
    2.461332881171));
#3592 = CARTESIAN_POINT('',(-4.553672369126,3.583212710495,2.47143377362
    ));
#3593 = CARTESIAN_POINT('',(-4.715971824756,3.359882281385,
    2.481693997201));
#3594 = CARTESIAN_POINT('',(-4.866117347421,3.128937462041,
    2.491923483123));
#3595 = CARTESIAN_POINT('',(-5.141243816017,2.652822590841,
    2.512354243237));
#3596 = CARTESIAN_POINT('',(-5.266316616845,2.407389315661,
    2.522583735652));
#3597 = CARTESIAN_POINT('',(-5.378612587586,2.15520013011,2.53284395432)
  );
#3598 = CARTESIAN_POINT('',(-5.477293875069,1.898794403486,
    2.542944870408));
#3599 = CARTESIAN_POINT('',(-5.563495369193,1.632598834031,
    2.553559836916));
#3600 = CARTESIAN_POINT('',(-5.634619707384,1.37154366092,2.563217870773
    ));
#3601 = CARTESIAN_POINT('',(-5.691850792604,1.097543315804,
    2.573832881172));
#3602 = CARTESIAN_POINT('',(-5.735202307424,0.82631704989,2.58393377362)
  );
#3603 = CARTESIAN_POINT('',(-5.764092544462,0.551757497026,
    2.594193997201));
#3604 = CARTESIAN_POINT('',(-5.778649971683,0.27668065527,2.604423483123
    ));
#3605 = CARTESIAN_POINT('',(-5.778859047141,-0.273210152607,
    2.624854243237));
#3606 = CARTESIAN_POINT('',(-5.76445863239,-0.548298004261,
    2.635083735652));
#3607 = CARTESIAN_POINT('',(-5.735615203022,-0.822848230879,
    2.64534395432));
#3608 = CARTESIAN_POINT('',(-5.692872841541,-1.09424274755,
    2.655444870409));
#3609 = CARTESIAN_POINT('',(-5.63442774058,-1.367875620138,
    2.666059836915));
#3610 = CARTESIAN_POINT('',(-5.565495637712,-1.629518200934,
    2.675717870773));
#3611 = CARTESIAN_POINT('',(-5.478059038853,-1.895425003063,
    2.686332881171));
#3612 = CARTESIAN_POINT('',(-5.379989419014,-2.151989596926,
    2.69643377362));
#3613 = CARTESIAN_POINT('',(-5.267729321783,-2.404210263078,
    2.706693997201));
#3614 = CARTESIAN_POINT('',(-5.142798002691,-2.649712509642,
    2.716923483123));
#3615 = CARTESIAN_POINT('',(-4.86803366341,-3.1260364563,2.737354243237)
  );
#3616 = CARTESIAN_POINT('',(-4.718018612583,-3.357069316729,
    2.747583735652));
#3617 = CARTESIAN_POINT('',(-4.55576435671,-3.580415072911,2.75784395432
    ));
#3618 = CARTESIAN_POINT('',(-4.383051127514,-3.794078438057,
    2.767944870409));
#3619 = CARTESIAN_POINT('',(-4.19561974906,-4.001828906546,
    2.778559836915));
#3620 = CARTESIAN_POINT('',(-4.005101506444,-4.193951976796,
    2.788217870773));
#3621 = CARTESIAN_POINT('',(-3.796425789545,-4.380515723046,
    2.798832881172));
#3622 = CARTESIAN_POINT('',(-3.583212710495,-4.553672369126,
    2.80893377362));
#3623 = CARTESIAN_POINT('',(-3.359882281385,-4.715971824756,
    2.819193997201));
#3624 = CARTESIAN_POINT('',(-3.128937462041,-4.866117347421,
    2.829423483123));
#3625 = CARTESIAN_POINT('',(-2.652822590841,-5.141243816017,
    2.849854243237));
#3626 = CARTESIAN_POINT('',(-2.407389315661,-5.266316616844,
    2.860083735652));
#3627 = CARTESIAN_POINT('',(-2.15520013011,-5.378612587589,2.87034395432
    ));
#3628 = CARTESIAN_POINT('',(-1.898794403486,-5.477293875063,
    2.880444870408));
#3629 = CARTESIAN_POINT('',(-1.632598834031,-5.5634953692,2.891059836915
    ));
#3630 = CARTESIAN_POINT('',(-1.37154366092,-5.634619707377,
    2.900717870773));
#3631 = CARTESIAN_POINT('',(-1.097543315804,-5.69185079261,
    2.911332881172));
#3632 = CARTESIAN_POINT('',(-0.82631704989,-5.735202307421,2.92143377362
    ));
#3633 = CARTESIAN_POINT('',(-0.551757497026,-5.764092544463,
    2.931693997201));
#3634 = CARTESIAN_POINT('',(-0.27668065527,-5.778649971683,
    2.941923483123));
#3635 = CARTESIAN_POINT('',(0.135737450638,-5.778806778277,
    2.957246553208));
#3636 = CARTESIAN_POINT('',(0.273245764536,-5.775232809021,
    2.962357771326));
#3637 = CARTESIAN_POINT('',(0.410677980249,-5.768045587913,
    2.967471778179));
#3638 = CARTESIAN_POINT('',(0.547922151793,-5.757258976577,
    2.972587800777));
#3639 = CARTESIAN_POINT('',(0.684866232555,-5.742887667344,
    2.977705042147));
#3640 = CARTESIAN_POINT('',(0.821398210523,-5.724947138581,
    2.982822690976));
#3641 = CARTESIAN_POINT('',(0.957406243522,-5.70345361004,2.987939931264
    ));
#3642 = CARTESIAN_POINT('',(1.092778794455,-5.678423998193,
    2.993055951968));
#3643 = CARTESIAN_POINT('',(1.227404766533,-5.649875871575,
    2.998169956657));
#3644 = CARTESIAN_POINT('',(1.361173638512,-5.617827406123,
    3.003281173151));
#3645 = CARTESIAN_POINT('',(1.759579522771,-5.511237209308,
    3.018604243237));
#3646 = CARTESIAN_POINT('',(2.021566881586,-5.426129501706,
    3.028833735652));
#3647 = CARTESIAN_POINT('',(2.279296807244,-5.327210060874,3.03909395432
    ));
#3648 = CARTESIAN_POINT('',(2.530381242826,-5.215682040395,
    3.049194870408));
#3649 = CARTESIAN_POINT('',(2.779563596158,-5.088407009159,
    3.059809836916));
#3650 = CARTESIAN_POINT('',(3.014449981167,-4.954105627826,
    3.069467870773));
#3651 = CARTESIAN_POINT('',(3.248665971702,-4.800826614205,
    3.080082881172));
#3652 = CARTESIAN_POINT('',(3.471106053669,-4.639694832443,3.09018377362
    ));
#3653 = CARTESIAN_POINT('',(3.685677457858,-4.465980393294,
    3.100443997201));
#3654 = CARTESIAN_POINT('',(3.890479813516,-4.281765348645,
    3.110673483123));
#3655 = CARTESIAN_POINT('',(4.279459171352,-3.893081668157,
    3.131104243237));
#3656 = CARTESIAN_POINT('',(4.463793025756,-3.688382551909,
    3.141333735652));
#3657 = CARTESIAN_POINT('',(4.637533968274,-3.473850840391,3.15159395432
    ));
#3658 = CARTESIAN_POINT('',(4.799215457745,-3.251722523631,
    3.161694870408));
#3659 = CARTESIAN_POINT('',(4.951376190287,-3.016907936648,
    3.172309836916));
#3660 = CARTESIAN_POINT('',(5.087643076041,-2.783156336145,
    3.181967870773));
#3661 = CARTESIAN_POINT('',(5.213840567007,-2.533304821215,
    3.192582881172));
#3662 = CARTESIAN_POINT('',(5.325913437928,-2.282540563868,3.20268377362
    ));
#3663 = CARTESIAN_POINT('',(5.424880505308,-2.024813744467,
    3.212943997201));
#3664 = CARTESIAN_POINT('',(5.510137025738,-1.762877658213,
    3.223173483123));
#3665 = CARTESIAN_POINT('',(5.652661190928,-1.231778037956,
    3.243604243237));
#3666 = CARTESIAN_POINT('',(5.709949433495,-0.96233647595,3.253833735652
    ));
#3667 = CARTESIAN_POINT('',(5.753147647635,-0.689676092599,3.26409395432
    ));
#3668 = CARTESIAN_POINT('',(5.782103766457,-0.416466582649,
    3.274194870408));
#3669 = CARTESIAN_POINT('',(5.796471532806,-0.137030818874,
    3.284809836915));
#3670 = CARTESIAN_POINT('',(5.797606317311,0.133537448216,3.294467870773
    ));
#3671 = CARTESIAN_POINT('',(5.781970792919,0.413013952801,3.305082881172
    ));
#3672 = CARTESIAN_POINT('',(5.753646617536,0.686218605485,3.31518377362)
  );
#3673 = CARTESIAN_POINT('',(5.710491202325,0.958900112014,3.325443997201
    ));
#3674 = CARTESIAN_POINT('',(5.653357471729,1.228371677093,3.335673483123
    ));
#3675 = CARTESIAN_POINT('',(5.511237209308,1.759579522771,3.356104243237
    ));
#3676 = CARTESIAN_POINT('',(5.426129501705,2.021566881586,3.366333735652
    ));
#3677 = CARTESIAN_POINT('',(5.327210060876,2.279296807245,3.37659395432)
  );
#3678 = CARTESIAN_POINT('',(5.215682040391,2.530381242825,3.386694870408
    ));
#3679 = CARTESIAN_POINT('',(5.088407009165,2.779563596161,3.397309836915
    ));
#3680 = CARTESIAN_POINT('',(4.95410562782,3.014449981163,3.406967870773)
  );
#3681 = CARTESIAN_POINT('',(4.80082661421,3.248665971706,3.417582881172)
  );
#3682 = CARTESIAN_POINT('',(4.63969483244,3.471106053666,3.42768377362)
  );
#3683 = CARTESIAN_POINT('',(4.465980393295,3.685677457859,3.437943997201
    ));
#3684 = CARTESIAN_POINT('',(4.281765348645,3.890479813516,3.448173483123
    ));
#3685 = CARTESIAN_POINT('',(3.893081668157,4.279459171352,3.468604243237
    ));
#3686 = CARTESIAN_POINT('',(3.688382551908,4.463793025756,3.478833735652
    ));
#3687 = CARTESIAN_POINT('',(3.473850840391,4.637533968274,3.48909395432)
  );
#3688 = CARTESIAN_POINT('',(3.251722523631,4.799215457746,3.499194870408
    ));
#3689 = CARTESIAN_POINT('',(3.016907936647,4.951376190285,3.509809836915
    ));
#3690 = CARTESIAN_POINT('',(2.783156336146,5.087643076042,3.519467870773
    ));
#3691 = CARTESIAN_POINT('',(2.533304821215,5.213840567006,3.530082881172
    ));
#3692 = CARTESIAN_POINT('',(2.282540563868,5.325913437929,3.54018377362)
  );
#3693 = CARTESIAN_POINT('',(2.024813744467,5.424880505308,3.550443997201
    ));
#3694 = CARTESIAN_POINT('',(1.762877658213,5.510137025738,3.560673483123
    ));
#3695 = CARTESIAN_POINT('',(1.231778037956,5.652661190928,3.581104243237
    ));
#3696 = CARTESIAN_POINT('',(0.96233647595,5.709949433495,3.591333735652)
  );
#3697 = CARTESIAN_POINT('',(0.689676092599,5.753147647634,3.60159395432)
  );
#3698 = CARTESIAN_POINT('',(0.41646658265,5.782103766458,3.611694870408)
  );
#3699 = CARTESIAN_POINT('',(0.137030818873,5.796471532805,3.622309836916
    ));
#3700 = CARTESIAN_POINT('',(-0.133537448215,5.797606317313,
    3.631967870773));
#3701 = CARTESIAN_POINT('',(-0.413013952801,5.781970792917,
    3.642582881172));
#3702 = CARTESIAN_POINT('',(-0.686218605486,5.753646617537,3.65268377362
    ));
#3703 = CARTESIAN_POINT('',(-0.958900112014,5.710491202325,
    3.662943997201));
#3704 = CARTESIAN_POINT('',(-1.228371677093,5.653357471729,
    3.673173483123));
#3705 = CARTESIAN_POINT('',(-1.759579522771,5.511237209308,
    3.693604243237));
#3706 = CARTESIAN_POINT('',(-2.021566881587,5.426129501706,
    3.703833735652));
#3707 = CARTESIAN_POINT('',(-2.279296807243,5.327210060873,3.71409395432
    ));
#3708 = CARTESIAN_POINT('',(-2.530381242828,5.215682040396,
    3.724194870408));
#3709 = CARTESIAN_POINT('',(-2.779563596156,5.088407009158,
    3.734809836916));
#3710 = CARTESIAN_POINT('',(-3.014449981168,4.954105627827,
    3.744467870773));
#3711 = CARTESIAN_POINT('',(-3.248665971702,4.800826614204,
    3.755082881172));
#3712 = CARTESIAN_POINT('',(-3.471106053669,4.639694832443,3.76518377362
    ));
#3713 = CARTESIAN_POINT('',(-3.685677457858,4.465980393294,
    3.775443997201));
#3714 = CARTESIAN_POINT('',(-3.890479813516,4.281765348645,
    3.785673483123));
#3715 = CARTESIAN_POINT('',(-4.279459171352,3.893081668157,
    3.806104243237));
#3716 = CARTESIAN_POINT('',(-4.463793025756,3.688382551908,
    3.816333735652));
#3717 = CARTESIAN_POINT('',(-4.637533968274,3.473850840392,3.82659395432
    ));
#3718 = CARTESIAN_POINT('',(-4.799215457745,3.251722523629,
    3.836694870408));
#3719 = CARTESIAN_POINT('',(-4.951376190287,3.01690793665,3.847309836916
    ));
#3720 = CARTESIAN_POINT('',(-5.08764307604,2.783156336143,3.856967870772
    ));
#3721 = CARTESIAN_POINT('',(-5.213840567008,2.533304821217,
    3.867582881172));
#3722 = CARTESIAN_POINT('',(-5.325913437927,2.282540563868,3.87768377362
    ));
#3723 = CARTESIAN_POINT('',(-5.424880505308,2.024813744467,
    3.887943997201));
#3724 = CARTESIAN_POINT('',(-5.510137025738,1.762877658213,
    3.898173483123));
#3725 = CARTESIAN_POINT('',(-5.61703014963,1.36455294302,3.913496553208)
  );
#3726 = CARTESIAN_POINT('',(-5.649167730922,1.230805099986,
    3.918607771327));
#3727 = CARTESIAN_POINT('',(-5.677795483268,1.096195583761,
    3.923721778179));
#3728 = CARTESIAN_POINT('',(-5.702897822231,0.960836113513,
    3.928837800778));
#3729 = CARTESIAN_POINT('',(-5.724459939693,0.824838720614,
    3.933955042146));
#3730 = CARTESIAN_POINT('',(-5.742467795796,0.688315606459,
    3.939072690977));
#3731 = CARTESIAN_POINT('',(-5.756908110699,0.551379000268,
    3.944189931263));
#3732 = CARTESIAN_POINT('',(-5.767768356566,0.414141016914,
    3.949305951968));
#3733 = CARTESIAN_POINT('',(-5.775036749309,0.276713514724,
    3.954419956656));
#3734 = CARTESIAN_POINT('',(-5.778702240548,0.139207953301,
    3.959531173151));
#3735 = CARTESIAN_POINT('',(-5.778859047141,-0.273210152607,
    3.974854243237));
#3736 = CARTESIAN_POINT('',(-5.76445863239,-0.548298004261,
    3.985083735652));
#3737 = CARTESIAN_POINT('',(-5.735615203022,-0.822848230879,
    3.99534395432));
#3738 = CARTESIAN_POINT('',(-5.69287284154,-1.094242747551,
    4.005444870408));
#3739 = CARTESIAN_POINT('',(-5.63442774058,-1.367875620137,
    4.016059836916));
#3740 = CARTESIAN_POINT('',(-5.565495637712,-1.629518200935,
    4.025717870773));
#3741 = CARTESIAN_POINT('',(-5.478059038853,-1.895425003063,
    4.036332881172));
#3742 = CARTESIAN_POINT('',(-5.379989419014,-2.151989596926,
    4.04643377362));
#3743 = CARTESIAN_POINT('',(-5.267729321783,-2.404210263078,
    4.056693997201));
#3744 = CARTESIAN_POINT('',(-5.142798002691,-2.649712509642,
    4.066923483123));
#3745 = CARTESIAN_POINT('',(-4.86803366341,-3.1260364563,4.087354243237)
  );
#3746 = CARTESIAN_POINT('',(-4.718018612583,-3.357069316729,
    4.097583735652));
#3747 = CARTESIAN_POINT('',(-4.55576435671,-3.580415072912,4.10784395432
    ));
#3748 = CARTESIAN_POINT('',(-4.383051127513,-3.794078438054,
    4.117944870408));
#3749 = CARTESIAN_POINT('',(-4.195619749062,-4.001828906549,
    4.128559836916));
#3750 = CARTESIAN_POINT('',(-4.005101506442,-4.193951976792,
    4.138217870773));
#3751 = CARTESIAN_POINT('',(-3.796425789547,-4.380515723049,
    4.148832881172));
#3752 = CARTESIAN_POINT('',(-3.583212710495,-4.553672369124,
    4.15893377362));
#3753 = CARTESIAN_POINT('',(-3.359882281385,-4.715971824757,
    4.169193997201));
#3754 = CARTESIAN_POINT('',(-3.128937462041,-4.866117347421,
    4.179423483123));
#3755 = CARTESIAN_POINT('',(-2.652822590841,-5.141243816017,
    4.199854243237));
#3756 = CARTESIAN_POINT('',(-2.407389315661,-5.266316616844,
    4.210083735652));
#3757 = CARTESIAN_POINT('',(-2.15520013011,-5.378612587589,4.22034395432
    ));
#3758 = CARTESIAN_POINT('',(-1.898794403486,-5.477293875065,
    4.230444870408));
#3759 = CARTESIAN_POINT('',(-1.632598834032,-5.563495369198,
    4.241059836916));
#3760 = CARTESIAN_POINT('',(-1.371543660919,-5.634619707379,
    4.250717870773));
#3761 = CARTESIAN_POINT('',(-1.097543315805,-5.691850792609,
    4.261332881172));
#3762 = CARTESIAN_POINT('',(-0.82631704989,-5.735202307422,4.27143377362
    ));
#3763 = CARTESIAN_POINT('',(-0.551757497026,-5.764092544463,
    4.281693997201));
#3764 = CARTESIAN_POINT('',(-0.27668065527,-5.778649971683,
    4.291923483123));
#3765 = CARTESIAN_POINT('',(0.135737450638,-5.778806778277,
    4.307246553208));
#3766 = CARTESIAN_POINT('',(0.273245764536,-5.775232809022,
    4.312357771327));
#3767 = CARTESIAN_POINT('',(0.410677980249,-5.768045587911,
    4.317471778179));
#3768 = CARTESIAN_POINT('',(0.547922151793,-5.757258976579,
    4.322587800778));
#3769 = CARTESIAN_POINT('',(0.684866232556,-5.742887667341,
    4.327705042146));
#3770 = CARTESIAN_POINT('',(0.821398210523,-5.724947138584,
    4.332822690977));
#3771 = CARTESIAN_POINT('',(0.957406243522,-5.703453610038,
    4.337939931263));
#3772 = CARTESIAN_POINT('',(1.092778794455,-5.678423998194,
    4.343055951969));
#3773 = CARTESIAN_POINT('',(1.227404766533,-5.649875871575,
    4.348169956656));
#3774 = CARTESIAN_POINT('',(1.361173638512,-5.617827406123,
    4.353281173151));
#3775 = CARTESIAN_POINT('',(1.759579522771,-5.511237209308,
    4.368604243237));
#3776 = CARTESIAN_POINT('',(2.021566881586,-5.426129501706,
    4.378833735652));
#3777 = CARTESIAN_POINT('',(2.279296807244,-5.327210060875,4.38909395432
    ));
#3778 = CARTESIAN_POINT('',(2.530381242826,-5.215682040393,
    4.399194870408));
#3779 = CARTESIAN_POINT('',(2.779563596158,-5.088407009162,
    4.409809836916));
#3780 = CARTESIAN_POINT('',(3.014449981166,-4.954105627824,
    4.419467870773));
#3781 = CARTESIAN_POINT('',(3.248665971703,-4.800826614207,
    4.430082881172));
#3782 = CARTESIAN_POINT('',(3.471106053668,-4.639694832442,4.44018377362
    ));
#3783 = CARTESIAN_POINT('',(3.685677457859,-4.465980393294,
    4.450443997201));
#3784 = CARTESIAN_POINT('',(3.890479813516,-4.281765348645,
    4.460673483123));
#3785 = CARTESIAN_POINT('',(4.279459171352,-3.893081668157,
    4.481104243237));
#3786 = CARTESIAN_POINT('',(4.463793025756,-3.688382551908,
    4.491333735652));
#3787 = CARTESIAN_POINT('',(4.637533968274,-3.473850840392,4.50159395432
    ));
#3788 = CARTESIAN_POINT('',(4.799215457746,-3.251722523629,
    4.511694870409));
#3789 = CARTESIAN_POINT('',(4.951376190286,-3.016907936651,
    4.522309836915));
#3790 = CARTESIAN_POINT('',(5.087643076042,-2.783156336142,
    4.531967870773));
#3791 = CARTESIAN_POINT('',(5.213840567007,-2.533304821217,
    4.542582881171));
#3792 = CARTESIAN_POINT('',(5.325913437928,-2.282540563867,4.55268377362
    ));
#3793 = CARTESIAN_POINT('',(5.424880505308,-2.024813744467,
    4.562943997201));
#3794 = CARTESIAN_POINT('',(5.510137025738,-1.762877658213,
    4.573173483123));
#3795 = CARTESIAN_POINT('',(5.652661190928,-1.231778037956,
    4.593604243237));
#3796 = CARTESIAN_POINT('',(5.709949433495,-0.96233647595,4.603833735652
    ));
#3797 = CARTESIAN_POINT('',(5.753147647634,-0.689676092599,4.61409395432
    ));
#3798 = CARTESIAN_POINT('',(5.782103766458,-0.416466582649,
    4.624194870408));
#3799 = CARTESIAN_POINT('',(5.796471532804,-0.137030818874,
    4.634809836916));
#3800 = CARTESIAN_POINT('',(5.797606317314,0.133537448217,4.644467870772
    ));
#3801 = CARTESIAN_POINT('',(5.781970792917,0.413013952801,4.655082881172
    ));
#3802 = CARTESIAN_POINT('',(5.753646617537,0.686218605486,4.66518377362)
  );
#3803 = CARTESIAN_POINT('',(5.710491202325,0.958900112014,4.675443997201
    ));
#3804 = CARTESIAN_POINT('',(5.653357471729,1.228371677093,4.685673483123
    ));
#3805 = CARTESIAN_POINT('',(5.511237209308,1.759579522771,4.706104243237
    ));
#3806 = CARTESIAN_POINT('',(5.426129501706,2.021566881586,4.716333735652
    ));
#3807 = CARTESIAN_POINT('',(5.327210060875,2.279296807244,4.72659395432)
  );
#3808 = CARTESIAN_POINT('',(5.215682040392,2.530381242826,4.736694870408
    ));
#3809 = CARTESIAN_POINT('',(5.088407009163,2.779563596159,4.747309836916
    ));
#3810 = CARTESIAN_POINT('',(4.954105627822,3.014449981165,4.756967870772
    ));
#3811 = CARTESIAN_POINT('',(4.800826614209,3.248665971704,4.767582881172
    ));
#3812 = CARTESIAN_POINT('',(4.639694832441,3.471106053667,4.77768377362)
  );
#3813 = CARTESIAN_POINT('',(4.465980393295,3.685677457859,4.787943997201
    ));
#3814 = CARTESIAN_POINT('',(4.281765348645,3.890479813516,4.798173483123
    ));
#3815 = CARTESIAN_POINT('',(3.893081668157,4.279459171352,4.818604243237
    ));
#3816 = CARTESIAN_POINT('',(3.688382551909,4.463793025756,4.828833735652
    ));
#3817 = CARTESIAN_POINT('',(3.47385084039,4.637533968276,4.839093954319)
  );
#3818 = CARTESIAN_POINT('',(3.251722523632,4.799215457743,4.849194870409
    ));
#3819 = CARTESIAN_POINT('',(3.016907936648,4.951376190289,4.859809836915
    ));
#3820 = CARTESIAN_POINT('',(2.783156336145,5.087643076039,4.869467870774
    ));
#3821 = CARTESIAN_POINT('',(2.533304821215,5.213840567009,4.880082881171
    ));
#3822 = CARTESIAN_POINT('',(2.282540563868,5.325913437927,4.890183773621
    ));
#3823 = CARTESIAN_POINT('',(2.024813744467,5.424880505309,4.900443997201
    ));
#3824 = CARTESIAN_POINT('',(1.762877658213,5.510137025738,4.910673483123
    ));
#3825 = CARTESIAN_POINT('',(1.231778037956,5.652661190928,4.931104243237
    ));
#3826 = CARTESIAN_POINT('',(0.96233647595,5.709949433495,4.941333735651)
  );
#3827 = CARTESIAN_POINT('',(0.689676092599,5.753147647636,4.95159395432)
  );
#3828 = CARTESIAN_POINT('',(0.41646658265,5.782103766455,4.961694870408)
  );
#3829 = CARTESIAN_POINT('',(0.137030818873,5.796471532809,4.972309836916
    ));
#3830 = CARTESIAN_POINT('',(-0.133537448215,5.797606317309,
    4.981967870772));
#3831 = CARTESIAN_POINT('',(-0.413013952803,5.78197079292,4.992582881173
    ));
#3832 = CARTESIAN_POINT('',(-0.686218605485,5.753646617535,5.00268377362
    ));
#3833 = CARTESIAN_POINT('',(-0.958900112015,5.710491202326,
    5.012943997201));
#3834 = CARTESIAN_POINT('',(-1.228371677093,5.653357471728,
    5.023173483123));
#3835 = CARTESIAN_POINT('',(-1.75957952277,5.511237209308,5.043604243237
    ));
#3836 = CARTESIAN_POINT('',(-2.021566881585,5.426129501706,
    5.053833735651));
#3837 = CARTESIAN_POINT('',(-2.279296807243,5.327210060877,
    5.064093954319));
#3838 = CARTESIAN_POINT('',(-2.530381242827,5.215682040387,5.07419487041
    ));
#3839 = CARTESIAN_POINT('',(-2.779563596153,5.088407009172,
    5.084809836913));
#3840 = CARTESIAN_POINT('',(-3.014449981174,4.954105627817,
    5.094467870772));
#3841 = CARTESIAN_POINT('',(-3.248665971704,4.800826614209,
    5.105082881173));
#3842 = CARTESIAN_POINT('',(-3.471106053672,4.639694832439,
    5.115183773621));
#3843 = CARTESIAN_POINT('',(-3.685677457863,4.465980393295,
    5.125443997201));
#3844 = CARTESIAN_POINT('',(-3.890479813517,4.281765348646,
    5.135673483124));
#3845 = CARTESIAN_POINT('',(-4.182214331887,3.990252588282,
    5.150996553209));
#3846 = CARTESIAN_POINT('',(-4.276920215216,3.89049234916,5.156107771326
    ));
#3847 = CARTESIAN_POINT('',(-4.369017334113,3.788230964691,
    5.161221778179));
#3848 = CARTESIAN_POINT('',(-4.45843633247,3.683557394294,5.166337800777
    ));
#3849 = CARTESIAN_POINT('',(-4.545108370403,3.576561255926,
    5.171455042146));
#3850 = CARTESIAN_POINT('',(-4.62896518833,3.467332698912,5.176572690975
    ));
#3851 = CARTESIAN_POINT('',(-4.709939170974,3.355962276694,
    5.181689931262));
#3852 = CARTESIAN_POINT('',(-4.787963411464,3.242540819675,
    5.186805951967));
#3853 = CARTESIAN_POINT('',(-4.862971775324,3.127159307968,
    5.191919956655));
#3854 = CARTESIAN_POINT('',(-4.934898964573,3.00990874423,5.19703117315)
  );
#3855 = CARTESIAN_POINT('',(-5.141243816044,2.652822590818,
    5.212354243237));
#3856 = CARTESIAN_POINT('',(-5.266316616879,2.407389315643,
    5.222583735658));
#3857 = CARTESIAN_POINT('',(-5.37861258768,2.155200130067,5.232843954313
    ));
#3858 = CARTESIAN_POINT('',(-5.477293875022,1.89879440371,5.242944870417
    ));
#3859 = CARTESIAN_POINT('',(-5.563495369391,1.632598833601,
    5.253559836923));
#3860 = CARTESIAN_POINT('',(-5.634619707297,1.371543661586,
    5.263217870752));
#3861 = CARTESIAN_POINT('',(-5.691850792542,1.097543315666,
    5.273832881145));
#3862 = CARTESIAN_POINT('',(-5.735202307161,0.82631704999,5.283933773657
    ));
#3863 = CARTESIAN_POINT('',(-5.764092544282,0.551757496962,5.29419399718
    ));
#3864 = CARTESIAN_POINT('',(-5.778649971441,0.276680655121,
    5.304423483169));
#3865 = CARTESIAN_POINT('',(-5.778859047252,-0.273210152961,
    5.324854243261));
#3866 = CARTESIAN_POINT('',(-5.764458632751,-0.548298004436,
    5.335083735695));
#3867 = CARTESIAN_POINT('',(-5.735615204558,-0.822848231574,
    5.345343953825));
#3868 = CARTESIAN_POINT('',(-5.692872840884,-1.094242744508,
    5.355444871387));
#3869 = CARTESIAN_POINT('',(-5.634427742515,-1.367875625192,
    5.366059835731));
#3870 = CARTESIAN_POINT('',(-5.565495641713,-1.629518193642,
    5.375717870023));
#3871 = CARTESIAN_POINT('',(-5.478059036296,-1.895425005091,
    5.386332881319));
#3872 = CARTESIAN_POINT('',(-5.379989415812,-2.151989595422,
    5.396433774484));
#3873 = CARTESIAN_POINT('',(-5.267729318968,-2.404210264244,
    5.40669399707));
#3874 = CARTESIAN_POINT('',(-5.142797997703,-2.649712510233,
    5.416923484491));
#3875 = CARTESIAN_POINT('',(-4.86803366248,-3.126036458096,
    5.437354244035));
#3876 = CARTESIAN_POINT('',(-4.718018619033,-3.357069319039,
    5.447583734182));
#3877 = CARTESIAN_POINT('',(-4.555764375066,-3.580415081068,
    5.457843947146));
#3878 = CARTESIAN_POINT('',(-4.383051124475,-3.794078406553,
    5.467944885253));
#3879 = CARTESIAN_POINT('',(-4.195619770391,-4.001828943496,
    5.478559818329));
#3880 = CARTESIAN_POINT('',(-4.005101589426,-4.193951974338,
    5.488217841909));
#3881 = CARTESIAN_POINT('',(-3.796425724527,-4.380515707277,
    5.498832906089));
#3882 = CARTESIAN_POINT('',(-3.58321268539,-4.55367237505,5.508933772782
    ));
#3883 = CARTESIAN_POINT('',(-3.3598822254,-4.715971822458,5.519194009068
    ));
#3884 = CARTESIAN_POINT('',(-3.128937406185,-4.86611733621,
    5.529423500363));
#3885 = CARTESIAN_POINT('',(-2.890879995296,-5.003680552531,
    5.539638885783));
#3886 = CARTESIAN_POINT('',(-2.652822605383,-5.141243806813,
    5.549854247175));
#3887 = CARTESIAN_POINT('',(-2.407389406096,-5.266316617493,
    5.560083719838));
#3888 = CARTESIAN_POINT('',(-2.155200396967,-5.378612760071,
    5.570343816672));
#3889 = CARTESIAN_POINT('',(-1.898794258524,-5.477293393325,
    5.580445147106));
#3890 = CARTESIAN_POINT('',(-1.632599506396,-5.563495872026,
    5.59105945674));
#3891 = CARTESIAN_POINT('',(-1.371543805132,-5.634620329574,
    5.600717521921));
#3892 = CARTESIAN_POINT('',(-1.097542737279,-5.691850294485,
    5.611333241144));
#3893 = CARTESIAN_POINT('',(-0.82631651429,-5.73520247255,5.62143377422)
  );
#3894 = CARTESIAN_POINT('',(-0.551756820682,-5.764092433011,
    5.631694169072));
#3895 = CARTESIAN_POINT('',(-0.276680209172,-5.778649689807,
    5.641923719229));
#3896 = CARTESIAN_POINT('',(-1.735438741302E-03,-5.778753981485,
    5.652139156083));
#3897 = CARTESIAN_POINT('',(0.273209342924,-5.778858858231,5.66235426878
    ));
#3898 = CARTESIAN_POINT('',(0.548296364898,-5.764458679338,
    5.672583500712));
#3899 = CARTESIAN_POINT('',(0.822845140151,-5.735617816196,
    5.682842210104));
#3900 = CARTESIAN_POINT('',(1.094244969807,-5.692864965824,
    5.692948460832));
#3901 = CARTESIAN_POINT('',(1.367863493379,-5.634438844328,
    5.703554460897));
#3902 = CARTESIAN_POINT('',(1.629531159813,-5.565496939073,
    5.713214908012));
#3903 = CARTESIAN_POINT('',(1.895427420858,-5.478053938412,
    5.723836823984));
#3904 = CARTESIAN_POINT('',(2.151999349903,-5.379990135639,
    5.733933904552));
#3905 = CARTESIAN_POINT('',(2.404218004314,-5.267728432888,
    5.744195858225));
#3906 = CARTESIAN_POINT('',(2.649714895592,-5.142797211719,
    5.754425830319));
#3907 = CARTESIAN_POINT('',(2.88786608275,-5.005415128742,5.764641543837
    ));
#3908 = CARTESIAN_POINT('',(3.126020217839,-4.86803793241,5.774854095934
    ));
#3909 = CARTESIAN_POINT('',(3.357044295409,-4.718024110956,
    5.785081136097));
#3910 = CARTESIAN_POINT('',(3.580378958642,-4.555794697417,
    5.795328554835));
#3911 = CARTESIAN_POINT('',(3.79409662127,-4.382930758937,5.805477902872
    ));
#3912 = CARTESIAN_POINT('',(4.001690433289,-4.195836444171,
    5.816003736183));
#3913 = CARTESIAN_POINT('',(4.194147751325,-4.004887723558,
    5.825714157778));
#3914 = CARTESIAN_POINT('',(4.380532285744,-3.796435574072,
    5.836358171726));
#3915 = CARTESIAN_POINT('',(4.553805093164,-3.583184015296,
    5.846436808714));
#3916 = CARTESIAN_POINT('',(4.716075978158,-3.359894786257,
    5.856705533499));
#3917 = CARTESIAN_POINT('',(4.866161780267,-3.128994474347,
    5.866934273895));
#3918 = CARTESIAN_POINT('',(5.003603527283,-2.890986407885,
    5.877146674208));
#3919 = CARTESIAN_POINT('',(5.141066304832,-2.65298994224,5.88734576922)
  );
#3920 = CARTESIAN_POINT('',(5.266011350008,-2.407526049564,
    5.897566611627));
#3921 = CARTESIAN_POINT('',(5.378161773434,-2.155475454459,
    5.907793442715));
#3922 = CARTESIAN_POINT('',(5.477128366501,-1.897574262966,
    5.918051792422));
#3923 = CARTESIAN_POINT('',(5.562695009154,-1.634702532601,
    5.928323050695));
#3924 = CARTESIAN_POINT('',(5.63468569401,-1.367837345182,5.9385693821)
  );
#3925 = CARTESIAN_POINT('',(5.692803427408,-1.09791812544,5.94877470056)
  );
#3926 = CARTESIAN_POINT('',(5.736634408092,-0.825772268139,
    5.958952077225));
#3927 = CARTESIAN_POINT('',(5.765814024479,-0.552149455633,
    5.969112610747));
#3928 = CARTESIAN_POINT('',(5.780154351512,-0.277813367513,
    5.979235445332));
#3929 = CARTESIAN_POINT('',(5.779335968359,-3.539803293269E-03,
    5.989323278192));
#3930 = CARTESIAN_POINT('',(6.6,1.977584762614E-16,-0.664617230228));
#3931 = CARTESIAN_POINT('',(6.601469864847,0.315730642432,
    -0.654257244602));
#3932 = CARTESIAN_POINT('',(6.585354960648,0.630832330321,
    -0.643930611528));
#3933 = CARTESIAN_POINT('',(6.552095039153,0.944476963238,
    -0.633639866366));
#3934 = CARTESIAN_POINT('',(6.502074620203,1.255733789864,
    -0.623365167211));
#3935 = CARTESIAN_POINT('',(6.435765616007,1.563787620524,
    -0.613117047352));
#3936 = CARTESIAN_POINT('',(6.353626872191,1.867914265244,
    -0.602907915216));
#3937 = CARTESIAN_POINT('',(6.255998383823,2.167379937406,
    -0.592722467476));
#3938 = CARTESIAN_POINT('',(6.143106890264,2.461370877057,
    -0.582524734782));
#3939 = CARTESIAN_POINT('',(6.015178497926,2.748998961929,
    -0.572297031675));
#3940 = CARTESIAN_POINT('',(5.872532925634,3.029368588241,
    -0.562063636192));
#3941 = CARTESIAN_POINT('',(5.715412912624,3.301629617339,
    -0.551809576868));
#3942 = CARTESIAN_POINT('',(5.558274504727,3.573880539983,
    -0.541568167386));
#3943 = CARTESIAN_POINT('',(5.386788876897,3.837685131288,
    -0.531342299358));
#3944 = CARTESIAN_POINT('',(5.201711696226,4.092235116597,
    -0.521154443433));
#3945 = CARTESIAN_POINT('',(5.00243136796,4.337803414807,-0.51078585851)
  );
#3946 = CARTESIAN_POINT('',(4.793696128996,4.569825407159,-0.50095481116
    ));
#3947 = CARTESIAN_POINT('',(4.567804210588,4.796682628753,
    -0.490236076827));
#3948 = CARTESIAN_POINT('',(4.334889465869,5.004435086169,
    -0.480292736518));
#3949 = CARTESIAN_POINT('',(4.089467640608,5.203779442968,
    -0.469991343659));
#3950 = CARTESIAN_POINT('',(3.834799435179,5.388610899372,
    -0.459783226528));
#3951 = CARTESIAN_POINT('',(3.570976623236,5.559957128726,
    -0.449555727442));
#3952 = CARTESIAN_POINT('',(3.298771709922,5.717053013833,
    -0.439314460267));
#3953 = CARTESIAN_POINT('',(3.02656421331,5.87414463304,-0.429076198779)
  );
#3954 = CARTESIAN_POINT('',(2.746182733149,6.016814700487,-0.41885149837
    ));
#3955 = CARTESIAN_POINT('',(2.458696292367,6.144735869037,
    -0.408657198409));
#3956 = CARTESIAN_POINT('',(2.163240367401,6.257767561262,
    -0.398306161982));
#3957 = CARTESIAN_POINT('',(1.86683230373,6.354389643265,-0.388454060409
    ));
#3958 = CARTESIAN_POINT('',(1.557357017977,6.438130990759,
    -0.377687874511));
#3959 = CARTESIAN_POINT('',(1.251989794627,6.501348543043,-0.36782071696
    ));
#3960 = CARTESIAN_POINT('',(0.93969398172,6.551393865061,-0.357478364302
    ));
#3961 = CARTESIAN_POINT('',(0.626727836127,6.584091620596,-0.34728098072
    ));
#3962 = CARTESIAN_POINT('',(0.312571145866,6.600557873071,
    -0.337055565632));
#3963 = CARTESIAN_POINT('',(-1.712836116804E-03,6.600495204091,
    -0.326816731995));
#3964 = CARTESIAN_POINT('',(-0.31599682878,6.600432023859,
    -0.316578206549));
#3965 = CARTESIAN_POINT('',(-0.630147535515,6.583796512057,
    -0.306353104202));
#3966 = CARTESIAN_POINT('',(-0.943075532907,6.550840631938,
    -0.296157321254));
#3967 = CARTESIAN_POINT('',(-1.255465949939,6.500995199855,
    -0.285809569095));
#3968 = CARTESIAN_POINT('',(-1.560458146276,6.436488153518,
    -0.275951570055));
#3969 = CARTESIAN_POINT('',(-1.870363998012,6.354271873692,
    -0.26518312838));
#3970 = CARTESIAN_POINT('',(-2.16641317563,6.256324416275,
    -0.255323865747));
#3971 = CARTESIAN_POINT('',(-2.461898480714,6.143524508935,
    -0.244976837362));
#3972 = CARTESIAN_POINT('',(-2.749283329501,6.015355602294,
    -0.234780772657));
#3973 = CARTESIAN_POINT('',(-3.029584382281,5.872536525062,
    -0.224555586445));
#3974 = CARTESIAN_POINT('',(-3.301730914993,5.715339639678,
    -0.21431698915));
#3975 = CARTESIAN_POINT('',(-3.43780417229,5.636741180459,
    -0.209197701858));
#3976 = CARTESIAN_POINT('',(-3.571777000143,5.554571424041,
    -0.204081768974));
#3977 = CARTESIAN_POINT('',(-3.703561408987,5.468902862161,
    -0.198968486141));
#3978 = CARTESIAN_POINT('',(-3.833069482315,5.379807124937,
    -0.193857122751));
#3979 = CARTESIAN_POINT('',(-3.960213278773,5.287355066207,
    -0.188746912692));
#3980 = CARTESIAN_POINT('',(-4.084904672881,5.191616785057,
    -0.183637098592));
#3981 = CARTESIAN_POINT('',(-4.207055299698,5.092661755457,
    -0.178526885495));
#3982 = CARTESIAN_POINT('',(-4.326576350341,4.990558800732,
    -0.173415524445));
#3983 = CARTESIAN_POINT('',(-4.443378551063,4.885376259049,
    -0.168302236227));
#3984 = CARTESIAN_POINT('',(-4.55737194726,4.777181945854,
    -0.163186304955));
#3985 = CARTESIAN_POINT('',(-4.890653706307,4.443766017789,
    -0.147828436319));
#3986 = CARTESIAN_POINT('',(-5.101028813041,4.209864844985,
    -0.137603268204));
#3987 = CARTESIAN_POINT('',(-5.298999142447,3.965288306721,
    -0.127407324137));
#3988 = CARTESIAN_POINT('',(-5.484645979524,3.709148625565,
    -0.117059913902));
#3989 = CARTESIAN_POINT('',(-5.6546953248,3.44787440704,-0.107201233683)
  );
#3990 = CARTESIAN_POINT('',(-5.815696255656,3.170602098197,
    -9.643276191835E-02));
#3991 = CARTESIAN_POINT('',(-5.955774432323,2.892003844821,
    -8.657413286432E-02));
#3992 = CARTESIAN_POINT('',(-6.08495306258,2.603302991163,
    -7.622670446191E-02));
#3993 = CARTESIAN_POINT('',(-6.197535598145,2.309461956399,
    -6.603075760785E-02));
#3994 = CARTESIAN_POINT('',(-6.294750032962,2.01027078506,
    -5.580559034863E-02));
#3995 = CARTESIAN_POINT('',(-6.457313362485,1.40308741285,
    -3.532843136634E-02));
#3996 = CARTESIAN_POINT('',(-6.522552953649,1.095335504579,
    -2.510326752246E-02));
#3997 = CARTESIAN_POINT('',(-6.571712022623,0.784540847746,
    -1.490732191161E-02));
#3998 = CARTESIAN_POINT('',(-6.604417060524,0.469893948947,
    -4.559911349431E-03));
#3999 = CARTESIAN_POINT('',(-6.62104700033,0.158599180285,
    5.298762219987E-03));
#4000 = CARTESIAN_POINT('',(-6.62184174292,-0.162026182516,
    1.606723287213E-02));
#4001 = CARTESIAN_POINT('',(-6.603853887086,-0.473338412954,
    2.592587119789E-02));
#4002 = CARTESIAN_POINT('',(-6.571375427558,-0.787950011801,
    3.627329354054E-02));
#4003 = CARTESIAN_POINT('',(-6.521954247855,-1.098715077987,
    4.646924233568E-02));
#4004 = CARTESIAN_POINT('',(-6.456548831899,-1.406429449813,
    5.669440978547E-02));
#4005 = CARTESIAN_POINT('',(-6.293741118452,-2.01354733788,
    7.717156890317E-02));
#4006 = CARTESIAN_POINT('',(-6.196364307041,-2.312688103512,
    8.739673241607E-02));
#4007 = CARTESIAN_POINT('',(-6.083539981889,-2.606423705983,
    9.759267828006E-02));
#4008 = CARTESIAN_POINT('',(-5.954539925441,-2.89526843322,
    0.107940088615));
#4009 = CARTESIAN_POINT('',(-5.813294493066,-3.173172579263,
    0.117798762097));
#4010 = CARTESIAN_POINT('',(-5.653670077305,-3.451239663073,
    0.128567232705));
#4011 = CARTESIAN_POINT('',(-5.48243602322,-3.711850033299,
    0.138425871356));
#4012 = CARTESIAN_POINT('',(-5.297003052104,-3.968072441224,
    0.148773293457));
#4013 = CARTESIAN_POINT('',(-5.09882052201,-4.212492293162,
    0.158969242353));
#4014 = CARTESIAN_POINT('',(-4.888320584255,-4.446278048232,
    0.169194409789));
#4015 = CARTESIAN_POINT('',(-4.554904664394,-4.779559791209,
    0.184552279128));
#4016 = CARTESIAN_POINT('',(-4.440860050608,-4.887700522522,
    0.189668214893));
#4017 = CARTESIAN_POINT('',(-4.32400225626,-4.992821839964,
    0.194781499393));
#4018 = CARTESIAN_POINT('',(-4.204423228399,-5.094857368425,
    0.199892867396));
#4019 = CARTESIAN_POINT('',(-4.08221415987,-5.19374048998,0.205003076525
    ));
#4020 = CARTESIAN_POINT('',(-3.957465581343,-5.289404245287,
    0.210112898079));
#4021 = CARTESIAN_POINT('',(-3.830267453319,-5.381781235033,
    0.215223107862));
#4022 = CARTESIAN_POINT('',(-3.700709258167,-5.470803521328,
    0.220334477011));
#4023 = CARTESIAN_POINT('',(-3.56888009213,-5.556402529151,0.22544776282
    ));
#4024 = CARTESIAN_POINT('',(-3.434868757352,-5.638508947749,
    0.230563699568));
#4025 = CARTESIAN_POINT('',(-3.026554046992,-5.874140000713,
    0.245921568906));
#4026 = CARTESIAN_POINT('',(-2.746173779419,-6.016808660907,
    0.256146732411));
#4027 = CARTESIAN_POINT('',(-2.458692497683,-6.144732251899,
    0.266342678284));
#4028 = CARTESIAN_POINT('',(-2.163231617594,-6.257759502564,
    0.276690088603));
#4029 = CARTESIAN_POINT('',(-1.866848108573,-6.354391805715,
    0.286548762098));
#4030 = CARTESIAN_POINT('',(-1.557353480903,-6.43814341961,
    0.297317232717));
#4031 = CARTESIAN_POINT('',(-1.251993360199,-6.501342018704,
    0.307175871351));
#4032 = CARTESIAN_POINT('',(-0.939695846674,-6.551397709567,
    0.317523293459));
#4033 = CARTESIAN_POINT('',(-0.626728700973,-6.584092433368,
    0.327719242355));
#4034 = CARTESIAN_POINT('',(-0.312571274789,-6.60055799269,
    0.337944409788));
#4035 = CARTESIAN_POINT('',(0.315997309734,-6.600431489501,
    0.358421568906));
#4036 = CARTESIAN_POINT('',(0.630148074269,-6.583796039766,
    0.368646732411));
#4037 = CARTESIAN_POINT('',(0.943075962864,-6.550840478441,
    0.378842678284));
#4038 = CARTESIAN_POINT('',(1.255466216172,-6.50099450879,0.389190088604
    ));
#4039 = CARTESIAN_POINT('',(1.560458015831,-6.436488783637,
    0.399048762097));
#4040 = CARTESIAN_POINT('',(1.870364032666,-6.354272495037,
    0.409817232717));
#4041 = CARTESIAN_POINT('',(2.166412954053,-6.256324026991,
    0.419675871351));
#4042 = CARTESIAN_POINT('',(2.461898379733,-6.143524770116,
    0.430023293459));
#4043 = CARTESIAN_POINT('',(2.749283240361,-6.015355658648,
    0.440219242355));
#4044 = CARTESIAN_POINT('',(3.029584331884,-5.872536538216,
    0.450444409788));
#4045 = CARTESIAN_POINT('',(3.573877442508,-5.55814269098,0.470921568906
    ));
#4046 = CARTESIAN_POINT('',(3.837622260346,-5.386660586638,
    0.481146732411));
#4047 = CARTESIAN_POINT('',(4.092147980759,-5.201656289039,
    0.491342678283));
#4048 = CARTESIAN_POINT('',(4.337762891194,-5.002293286388,
    0.501690088606));
#4049 = CARTESIAN_POINT('',(4.569640675066,-4.79393378989,0.511548762095
    ));
#4050 = CARTESIAN_POINT('',(4.796919014134,-4.567779386935,
    0.522317232719));
#4051 = CARTESIAN_POINT('',(5.004330666792,-4.334929064657,
    0.532175871349));
#4052 = CARTESIAN_POINT('',(5.203828923443,-4.089499329832,0.54252329346
    ));
#4053 = CARTESIAN_POINT('',(5.388626957675,-3.834809193008,
    0.552719242355));
#4054 = CARTESIAN_POINT('',(5.559965263427,-3.570973660806,
    0.562944409788));
#4055 = CARTESIAN_POINT('',(5.874140000714,-3.026554046994,
    0.583421568906));
#4056 = CARTESIAN_POINT('',(6.016808660907,-2.74617377942,0.593646732411
    ));
#4057 = CARTESIAN_POINT('',(6.144732251903,-2.458692497684,
    0.603842678284));
#4058 = CARTESIAN_POINT('',(6.257759502559,-2.163231617595,
    0.614190088604));
#4059 = CARTESIAN_POINT('',(6.354391805723,-1.866848108572,
    0.624048762097));
#4060 = CARTESIAN_POINT('',(6.4381434196,-1.557353480902,0.634817232717)
  );
#4061 = CARTESIAN_POINT('',(6.501342018711,-1.251993360199,
    0.644675871351));
#4062 = CARTESIAN_POINT('',(6.551397709564,-0.939695846673,
    0.655023293459));
#4063 = CARTESIAN_POINT('',(6.584092433369,-0.626728700973,
    0.665219242355));
#4064 = CARTESIAN_POINT('',(6.600557992689,-0.312571274789,
    0.675444409788));
#4065 = CARTESIAN_POINT('',(6.600431489501,0.315997309734,0.695921568906
    ));
#4066 = CARTESIAN_POINT('',(6.583796039766,0.630148074269,0.706146732411
    ));
#4067 = CARTESIAN_POINT('',(6.550840478443,0.943075962863,0.716342678283
    ));
#4068 = CARTESIAN_POINT('',(6.500994508788,1.255466216174,0.726690088606
    ));
#4069 = CARTESIAN_POINT('',(6.43648878364,1.56045801583,0.736548762095)
  );
#4070 = CARTESIAN_POINT('',(6.354272495034,1.870364032668,0.74731723272)
  );
#4071 = CARTESIAN_POINT('',(6.256324026994,2.166412954053,0.757175871349
    ));
#4072 = CARTESIAN_POINT('',(6.143524770114,2.461898379733,0.76752329346)
  );
#4073 = CARTESIAN_POINT('',(6.015355658649,2.749283240361,0.777719242355
    ));
#4074 = CARTESIAN_POINT('',(5.872536538216,3.029584331884,0.787944409788
    ));
#4075 = CARTESIAN_POINT('',(5.55814269098,3.573877442508,0.808421568906)
  );
#4076 = CARTESIAN_POINT('',(5.386660586637,3.837622260346,0.818646732411
    ));
#4077 = CARTESIAN_POINT('',(5.20165628904,4.092147980759,0.828842678284)
  );
#4078 = CARTESIAN_POINT('',(5.002293286386,4.337762891194,0.839190088605
    ));
#4079 = CARTESIAN_POINT('',(4.793933789892,4.569640675067,0.849048762096
    ));
#4080 = CARTESIAN_POINT('',(4.567779386933,4.796919014133,0.859817232719
    ));
#4081 = CARTESIAN_POINT('',(4.334929064658,5.004330666794,0.86967587135)
  );
#4082 = CARTESIAN_POINT('',(4.089499329831,5.203828923442,0.880023293459
    ));
#4083 = CARTESIAN_POINT('',(3.834809193008,5.388626957676,0.890219242355
    ));
#4084 = CARTESIAN_POINT('',(3.570973660806,5.559965263427,0.900444409788
    ));
#4085 = CARTESIAN_POINT('',(3.026554046994,5.874140000714,0.920921568906
    ));
#4086 = CARTESIAN_POINT('',(2.74617377942,6.016808660908,0.931146732411)
  );
#4087 = CARTESIAN_POINT('',(2.458692497683,6.1447322519,0.941342678284)
  );
#4088 = CARTESIAN_POINT('',(2.163231617595,6.257759502564,0.951690088604
    ));
#4089 = CARTESIAN_POINT('',(1.866848108572,6.354391805716,0.961548762097
    ));
#4090 = CARTESIAN_POINT('',(1.557353480902,6.438143419607,0.972317232717
    ));
#4091 = CARTESIAN_POINT('',(1.2519933602,6.501342018706,0.982175871351)
  );
#4092 = CARTESIAN_POINT('',(0.939695846672,6.551397709567,0.992523293459
    ));
#4093 = CARTESIAN_POINT('',(0.626728700973,6.584092433368,1.002719242355
    ));
#4094 = CARTESIAN_POINT('',(0.312571274789,6.600557992689,1.012944409788
    ));
#4095 = CARTESIAN_POINT('',(-0.315997309734,6.600431489501,
    1.033421568906));
#4096 = CARTESIAN_POINT('',(-0.63014807427,6.583796039765,1.043646732411
    ));
#4097 = CARTESIAN_POINT('',(-0.943075962862,6.550840478445,
    1.053842678283));
#4098 = CARTESIAN_POINT('',(-1.255466216175,6.500994508784,
    1.064190088606));
#4099 = CARTESIAN_POINT('',(-1.560458015828,6.436488783645,
    1.074048762094));
#4100 = CARTESIAN_POINT('',(-1.870364032669,6.354272495029,1.08481723272
    ));
#4101 = CARTESIAN_POINT('',(-2.166412954052,6.256324026997,
    1.094675871349));
#4102 = CARTESIAN_POINT('',(-2.461898379733,6.143524770112,1.10502329346
    ));
#4103 = CARTESIAN_POINT('',(-2.749283240361,6.01535565865,1.115219242355
    ));
#4104 = CARTESIAN_POINT('',(-3.029584331884,5.872536538216,
    1.125444409788));
#4105 = CARTESIAN_POINT('',(-3.573877442508,5.55814269098,1.145921568906
    ));
#4106 = CARTESIAN_POINT('',(-3.837622260346,5.386660586638,
    1.156146732411));
#4107 = CARTESIAN_POINT('',(-4.092147980758,5.201656289039,
    1.166342678283));
#4108 = CARTESIAN_POINT('',(-4.337762891195,5.002293286388,
    1.176690088607));
#4109 = CARTESIAN_POINT('',(-4.569640675065,4.79393378989,1.186548762094
    ));
#4110 = CARTESIAN_POINT('',(-4.796919014135,4.567779386935,1.19731723272
    ));
#4111 = CARTESIAN_POINT('',(-5.004330666792,4.334929064656,
    1.207175871348));
#4112 = CARTESIAN_POINT('',(-5.203828923443,4.089499329832,1.21752329346
    ));
#4113 = CARTESIAN_POINT('',(-5.388626957676,3.834809193008,
    1.227719242355));
#4114 = CARTESIAN_POINT('',(-5.559965263427,3.570973660806,
    1.237944409788));
#4115 = CARTESIAN_POINT('',(-5.874140000714,3.026554046994,
    1.258421568906));
#4116 = CARTESIAN_POINT('',(-6.016808660906,2.74617377942,1.268646732411
    ));
#4117 = CARTESIAN_POINT('',(-6.144732251904,2.458692497684,
    1.278842678283));
#4118 = CARTESIAN_POINT('',(-6.257759502557,2.163231617594,
    1.289190088606));
#4119 = CARTESIAN_POINT('',(-6.354391805725,1.866848108574,
    1.299048762094));
#4120 = CARTESIAN_POINT('',(-6.438143419598,1.5573534809,1.309817232721)
  );
#4121 = CARTESIAN_POINT('',(-6.501342018713,1.251993360201,
    1.319675871348));
#4122 = CARTESIAN_POINT('',(-6.551397709563,0.939695846672,1.33002329346
    ));
#4123 = CARTESIAN_POINT('',(-6.58409243337,0.626728700973,1.340219242355
    ));
#4124 = CARTESIAN_POINT('',(-6.600557992689,0.312571274789,
    1.350444409788));
#4125 = CARTESIAN_POINT('',(-6.600431489501,-0.315997309734,
    1.370921568906));
#4126 = CARTESIAN_POINT('',(-6.583796039766,-0.630148074269,
    1.381146732411));
#4127 = CARTESIAN_POINT('',(-6.550840478441,-0.943075962863,
    1.391342678284));
#4128 = CARTESIAN_POINT('',(-6.500994508792,-1.255466216174,
    1.401690088604));
#4129 = CARTESIAN_POINT('',(-6.436488783635,-1.560458015829,
    1.411548762097));
#4130 = CARTESIAN_POINT('',(-6.354272495039,-1.870364032669,
    1.422317232718));
#4131 = CARTESIAN_POINT('',(-6.256324026989,-2.166412954051,
    1.43217587135));
#4132 = CARTESIAN_POINT('',(-6.143524770117,-2.461898379734,
    1.442523293459));
#4133 = CARTESIAN_POINT('',(-6.015355658648,-2.749283240361,
    1.452719242355));
#4134 = CARTESIAN_POINT('',(-5.872536538216,-3.029584331884,
    1.462944409788));
#4135 = CARTESIAN_POINT('',(-5.636741152789,-3.437804164852,
    1.478302279127));
#4136 = CARTESIAN_POINT('',(-5.5545713958,-3.57177700814,1.483418214892)
  );
#4137 = CARTESIAN_POINT('',(-5.468902833234,-3.703561426293,
    1.488531499392));
#4138 = CARTESIAN_POINT('',(-5.379807099987,-3.833069508242,
    1.493642867394));
#4139 = CARTESIAN_POINT('',(-5.287355039583,-3.960213303548,
    1.498753076525));
#4140 = CARTESIAN_POINT('',(-5.191616767594,-4.084904703419,
    1.503862898078));
#4141 = CARTESIAN_POINT('',(-5.092661734955,-4.207055321596,
    1.508973107862));
#4142 = CARTESIAN_POINT('',(-4.990558791384,-4.326576375404,
    1.514084477011));
#4143 = CARTESIAN_POINT('',(-4.885376248717,-4.443378566633,
    1.51919776282));
#4144 = CARTESIAN_POINT('',(-4.777181944299,-4.557371962562,
    1.524313699568));
#4145 = CARTESIAN_POINT('',(-4.443766024434,-4.890653705533,
    1.539671568906));
#4146 = CARTESIAN_POINT('',(-4.2098648492,-5.101028802135,1.549896732411
    ));
#4147 = CARTESIAN_POINT('',(-3.965288316264,-5.298999133293,
    1.560092678284));
#4148 = CARTESIAN_POINT('',(-3.709148626613,-5.484645976626,
    1.570440088605));
#4149 = CARTESIAN_POINT('',(-3.447874421195,-5.654695310695,
    1.580298762096));
#4150 = CARTESIAN_POINT('',(-3.170602079956,-5.81569626153,
    1.591067232718));
#4151 = CARTESIAN_POINT('',(-2.892003854129,-5.95577443545,1.60092587135
    ));
#4152 = CARTESIAN_POINT('',(-2.603302986432,-6.084953064236,
    1.611273293459));
#4153 = CARTESIAN_POINT('',(-2.309461954818,-6.197535600142,
    1.621469242355));
#4154 = CARTESIAN_POINT('',(-2.010270783687,-6.29475003419,
    1.631694409788));
#4155 = CARTESIAN_POINT('',(-1.403087412868,-6.457313362321,
    1.652171568906));
#4156 = CARTESIAN_POINT('',(-1.095335504839,-6.522552952685,
    1.662396732411));
#4157 = CARTESIAN_POINT('',(-0.784540848568,-6.571712022194,
    1.672592678284));
#4158 = CARTESIAN_POINT('',(-0.469893948746,-6.604417059832,
    1.682940088605));
#4159 = CARTESIAN_POINT('',(-0.158599182464,-6.621047000315,
    1.692798762096));
#4160 = CARTESIAN_POINT('',(0.162026184229,-6.621841743163,
    1.703567232718));
#4161 = CARTESIAN_POINT('',(0.473338412209,-6.60385388737,1.71342587135)
  );
#4162 = CARTESIAN_POINT('',(0.787950012118,-6.571375427683,
    1.723773293459));
#4163 = CARTESIAN_POINT('',(1.098715078125,-6.521954247989,
    1.733969242355));
#4164 = CARTESIAN_POINT('',(1.406429449937,-6.456548831925,
    1.744194409788));
#4165 = CARTESIAN_POINT('',(2.013547337887,-6.293741118401,
    1.764671568906));
#4166 = CARTESIAN_POINT('',(2.312688103485,-6.196364306973,
    1.774896732411));
#4167 = CARTESIAN_POINT('',(2.606423705932,-6.083539981862,
    1.785092678283));
#4168 = CARTESIAN_POINT('',(2.895268433215,-5.954539925371,
    1.795440088606));
#4169 = CARTESIAN_POINT('',(3.173172579127,-5.813294493162,
    1.805298762094));
#4170 = CARTESIAN_POINT('',(3.451239663199,-5.653670077299,1.81606723272
    ));
#4171 = CARTESIAN_POINT('',(3.711850033247,-5.482436023243,
    1.825925871348));
#4172 = CARTESIAN_POINT('',(3.968072441247,-5.297003052117,1.83627329346
    ));
#4173 = CARTESIAN_POINT('',(4.212492293172,-5.098820522017,
    1.846469242355));
#4174 = CARTESIAN_POINT('',(4.446278048238,-4.888320584253,
    1.856694409788));
#4175 = CARTESIAN_POINT('',(4.890653705533,-4.443766024434,
    1.877171568906));
#4176 = CARTESIAN_POINT('',(5.101028802135,-4.2098648492,1.887396732411)
  );
#4177 = CARTESIAN_POINT('',(5.298999133292,-3.965288316265,
    1.897592678283));
#4178 = CARTESIAN_POINT('',(5.484645976627,-3.709148626613,
    1.907940088606));
#4179 = CARTESIAN_POINT('',(5.654695310693,-3.447874421194,
    1.917798762094));
#4180 = CARTESIAN_POINT('',(5.815696261532,-3.170602079957,1.92856723272
    ));
#4181 = CARTESIAN_POINT('',(5.955774435449,-2.892003854128,
    1.938425871349));
#4182 = CARTESIAN_POINT('',(6.084953064236,-2.603302986433,1.94877329346
    ));
#4183 = CARTESIAN_POINT('',(6.197535600142,-2.309461954818,
    1.958969242355));
#4184 = CARTESIAN_POINT('',(6.29475003419,-2.010270783687,1.969194409788
    ));
#4185 = CARTESIAN_POINT('',(6.457313362321,-1.403087412868,
    1.989671568906));
#4186 = CARTESIAN_POINT('',(6.522552952685,-1.095335504839,
    1.999896732411));
#4187 = CARTESIAN_POINT('',(6.571712022195,-0.784540848567,
    2.010092678284));
#4188 = CARTESIAN_POINT('',(6.60441705983,-0.469893948747,2.020440088605
    ));
#4189 = CARTESIAN_POINT('',(6.621047000318,-0.158599182463,
    2.030298762096));
#4190 = CARTESIAN_POINT('',(6.62184174316,0.162026184229,2.041067232719)
  );
#4191 = CARTESIAN_POINT('',(6.603853887372,0.473338412209,2.05092587135)
  );
#4192 = CARTESIAN_POINT('',(6.571375427682,0.787950012119,2.061273293459
    ));
#4193 = CARTESIAN_POINT('',(6.52195424799,1.098715078125,2.071469242355)
  );
#4194 = CARTESIAN_POINT('',(6.456548831925,1.406429449937,2.081694409788
    ));
#4195 = CARTESIAN_POINT('',(6.293741118401,2.013547337887,2.102171568906
    ));
#4196 = CARTESIAN_POINT('',(6.196364306974,2.312688103485,2.112396732411
    ));
#4197 = CARTESIAN_POINT('',(6.083539981861,2.606423705932,2.122592678283
    ));
#4198 = CARTESIAN_POINT('',(5.954539925372,2.895268433215,2.132940088606
    ));
#4199 = CARTESIAN_POINT('',(5.81329449316,3.173172579126,2.142798762095)
  );
#4200 = CARTESIAN_POINT('',(5.6536700773,3.451239663201,2.15356723272));
#4201 = CARTESIAN_POINT('',(5.482436023242,3.711850033246,2.163425871349
    ));
#4202 = CARTESIAN_POINT('',(5.297003052117,3.968072441248,2.17377329346)
  );
#4203 = CARTESIAN_POINT('',(5.098820522017,4.212492293172,2.183969242355
    ));
#4204 = CARTESIAN_POINT('',(4.888320584253,4.446278048238,2.194194409788
    ));
#4205 = CARTESIAN_POINT('',(4.443766024434,4.890653705533,2.214671568906
    ));
#4206 = CARTESIAN_POINT('',(4.2098648492,5.101028802134,2.224896732411)
  );
#4207 = CARTESIAN_POINT('',(3.965288316264,5.298999133294,2.235092678283
    ));
#4208 = CARTESIAN_POINT('',(3.709148626613,5.484645976626,2.245440088606
    ));
#4209 = CARTESIAN_POINT('',(3.447874421193,5.654695310695,2.255298762095
    ));
#4210 = CARTESIAN_POINT('',(3.170602079958,5.815696261531,2.26606723272)
  );
#4211 = CARTESIAN_POINT('',(2.892003854128,5.955774435449,2.275925871349
    ));
#4212 = CARTESIAN_POINT('',(2.603302986433,6.084953064236,2.28627329346)
  );
#4213 = CARTESIAN_POINT('',(2.309461954818,6.197535600141,2.296469242355
    ));
#4214 = CARTESIAN_POINT('',(2.010270783687,6.29475003419,2.306694409788)
  );
#4215 = CARTESIAN_POINT('',(1.554883255573,6.416672530288,2.322052279127
    ));
#4216 = CARTESIAN_POINT('',(1.402047357213,6.453302843896,2.327168214893
    ));
#4217 = CARTESIAN_POINT('',(1.248284879958,6.485911678103,2.332281499392
    ));
#4218 = CARTESIAN_POINT('',(1.093708639839,6.514487523913,2.337392867395
    ));
#4219 = CARTESIAN_POINT('',(0.938430921145,6.539018284915,2.342503076524
    ));
#4220 = CARTESIAN_POINT('',(0.7825636054,6.559491237975,2.347612898078)
  );
#4221 = CARTESIAN_POINT('',(0.626218300347,6.575892993804,2.352723107862
    ));
#4222 = CARTESIAN_POINT('',(0.469506468929,6.588209457667,2.357834477011
    ));
#4223 = CARTESIAN_POINT('',(0.31253955827,6.596425789961,2.36294776282)
  );
#4224 = CARTESIAN_POINT('',(0.155429128659,6.600526366892,2.368063699568
    ));
#4225 = CARTESIAN_POINT('',(-0.315997309734,6.600431489502,
    2.383421568906));
#4226 = CARTESIAN_POINT('',(-0.630148074269,6.583796039765,
    2.393646732411));
#4227 = CARTESIAN_POINT('',(-0.943075962864,6.550840478445,
    2.403842678283));
#4228 = CARTESIAN_POINT('',(-1.255466216172,6.500994508783,
    2.414190088606));
#4229 = CARTESIAN_POINT('',(-1.560458015832,6.436488783646,
    2.424048762094));
#4230 = CARTESIAN_POINT('',(-1.870364032666,6.354272495028,2.43481723272
    ));
#4231 = CARTESIAN_POINT('',(-2.166412954054,6.256324026998,
    2.444675871349));
#4232 = CARTESIAN_POINT('',(-2.461898379732,6.143524770112,2.45502329346
    ));
#4233 = CARTESIAN_POINT('',(-2.749283240361,6.01535565865,2.465219242355
    ));
#4234 = CARTESIAN_POINT('',(-3.029584331884,5.872536538216,
    2.475444409788));
#4235 = CARTESIAN_POINT('',(-3.573877442508,5.55814269098,2.495921568906
    ));
#4236 = CARTESIAN_POINT('',(-3.837622260346,5.386660586638,
    2.506146732411));
#4237 = CARTESIAN_POINT('',(-4.092147980759,5.201656289039,
    2.516342678283));
#4238 = CARTESIAN_POINT('',(-4.337762891193,5.002293286387,
    2.526690088606));
#4239 = CARTESIAN_POINT('',(-4.569640675069,4.793933789891,
    2.536548762095));
#4240 = CARTESIAN_POINT('',(-4.796919014131,4.567779386934,
    2.547317232719));
#4241 = CARTESIAN_POINT('',(-5.004330666795,4.334929064657,
    2.557175871349));
#4242 = CARTESIAN_POINT('',(-5.203828923441,4.089499329832,2.56752329346
    ));
#4243 = CARTESIAN_POINT('',(-5.388626957676,3.834809193008,
    2.577719242355));
#4244 = CARTESIAN_POINT('',(-5.559965263427,3.570973660806,
    2.587944409788));
#4245 = CARTESIAN_POINT('',(-5.874140000714,3.026554046994,
    2.608421568906));
#4246 = CARTESIAN_POINT('',(-6.016808660907,2.74617377942,2.618646732411
    ));
#4247 = CARTESIAN_POINT('',(-6.144732251902,2.458692497684,
    2.628842678283));
#4248 = CARTESIAN_POINT('',(-6.257759502561,2.163231617595,
    2.639190088606));
#4249 = CARTESIAN_POINT('',(-6.35439180572,1.866848108572,2.649048762095
    ));
#4250 = CARTESIAN_POINT('',(-6.438143419603,1.557353480902,2.65981723272
    ));
#4251 = CARTESIAN_POINT('',(-6.501342018708,1.251993360199,
    2.669675871349));
#4252 = CARTESIAN_POINT('',(-6.551397709565,0.939695846673,2.68002329346
    ));
#4253 = CARTESIAN_POINT('',(-6.584092433369,0.626728700973,
    2.690219242355));
#4254 = CARTESIAN_POINT('',(-6.600557992689,0.312571274789,
    2.700444409788));
#4255 = CARTESIAN_POINT('',(-6.600431489501,-0.315997309734,
    2.720921568906));
#4256 = CARTESIAN_POINT('',(-6.583796039766,-0.630148074269,
    2.731146732411));
#4257 = CARTESIAN_POINT('',(-6.550840478441,-0.943075962863,
    2.741342678283));
#4258 = CARTESIAN_POINT('',(-6.50099450879,-1.255466216173,
    2.751690088606));
#4259 = CARTESIAN_POINT('',(-6.436488783637,-1.560458015831,
    2.761548762095));
#4260 = CARTESIAN_POINT('',(-6.354272495037,-1.870364032667,
    2.772317232719));
#4261 = CARTESIAN_POINT('',(-6.256324026991,-2.166412954053,
    2.782175871349));
#4262 = CARTESIAN_POINT('',(-6.143524770116,-2.461898379733,
    2.79252329346));
#4263 = CARTESIAN_POINT('',(-6.015355658648,-2.749283240361,
    2.802719242355));
#4264 = CARTESIAN_POINT('',(-5.872536538216,-3.029584331884,
    2.812944409788));
#4265 = CARTESIAN_POINT('',(-5.55814269098,-3.573877442508,
    2.833421568906));
#4266 = CARTESIAN_POINT('',(-5.386660586638,-3.837622260346,
    2.843646732411));
#4267 = CARTESIAN_POINT('',(-5.201656289039,-4.09214798076,
    2.853842678283));
#4268 = CARTESIAN_POINT('',(-5.002293286387,-4.337762891192,
    2.864190088606));
#4269 = CARTESIAN_POINT('',(-4.793933789891,-4.569640675071,
    2.874048762095));
#4270 = CARTESIAN_POINT('',(-4.567779386934,-4.796919014129,
    2.88481723272));
#4271 = CARTESIAN_POINT('',(-4.334929064657,-5.004330666797,
    2.894675871349));
#4272 = CARTESIAN_POINT('',(-4.089499329831,-5.20382892344,2.90502329346
    ));
#4273 = CARTESIAN_POINT('',(-3.834809193008,-5.388626957677,
    2.915219242355));
#4274 = CARTESIAN_POINT('',(-3.570973660806,-5.559965263427,
    2.925444409788));
#4275 = CARTESIAN_POINT('',(-3.026554046994,-5.874140000714,
    2.945921568906));
#4276 = CARTESIAN_POINT('',(-2.74617377942,-6.016808660907,
    2.956146732411));
#4277 = CARTESIAN_POINT('',(-2.458692497684,-6.144732251902,
    2.966342678283));
#4278 = CARTESIAN_POINT('',(-2.163231617595,-6.25775950256,
    2.976690088606));
#4279 = CARTESIAN_POINT('',(-1.866848108572,-6.354391805722,
    2.986548762095));
#4280 = CARTESIAN_POINT('',(-1.557353480903,-6.438143419601,
    2.99731723272));
#4281 = CARTESIAN_POINT('',(-1.251993360199,-6.501342018711,
    3.007175871349));
#4282 = CARTESIAN_POINT('',(-0.939695846673,-6.551397709563,
    3.01752329346));
#4283 = CARTESIAN_POINT('',(-0.626728700973,-6.58409243337,
    3.027719242355));
#4284 = CARTESIAN_POINT('',(-0.312571274789,-6.600557992689,
    3.037944409788));
#4285 = CARTESIAN_POINT('',(0.158855163603,-6.600463115299,
    3.053302279127));
#4286 = CARTESIAN_POINT('',(0.315963927802,-6.596288439965,
    3.058418214893));
#4287 = CARTESIAN_POINT('',(0.472926863029,-6.58798949756,3.063531499392
    ));
#4288 = CARTESIAN_POINT('',(0.629632018615,-6.575584370162,
    3.068642867395));
#4289 = CARTESIAN_POINT('',(0.785967805488,-6.55909043489,3.073753076524
    ));
#4290 = CARTESIAN_POINT('',(0.9418228614,-6.53852435915,3.078862898078)
  );
#4291 = CARTESIAN_POINT('',(1.097085916153,-6.513902096156,
    3.083973107862));
#4292 = CARTESIAN_POINT('',(1.25164565682,-6.485238880116,3.089084477011
    ));
#4293 = CARTESIAN_POINT('',(1.405390592978,-6.452549221752,3.09419776282
    ));
#4294 = CARTESIAN_POINT('',(1.558208921924,-6.415846903544,
    3.099313699568));
#4295 = CARTESIAN_POINT('',(2.013547337887,-6.293741118401,
    3.114671568906));
#4296 = CARTESIAN_POINT('',(2.312688103485,-6.196364306974,
    3.124896732411));
#4297 = CARTESIAN_POINT('',(2.606423705931,-6.08353998186,3.135092678283
    ));
#4298 = CARTESIAN_POINT('',(2.895268433217,-5.954539925375,
    3.145440088606));
#4299 = CARTESIAN_POINT('',(3.173172579124,-5.813294493156,
    3.155298762095));
#4300 = CARTESIAN_POINT('',(3.451239663203,-5.653670077304,
    3.166067232719));
#4301 = CARTESIAN_POINT('',(3.711850033243,-5.482436023239,
    3.175925871349));
#4302 = CARTESIAN_POINT('',(3.968072441249,-5.297003052118,3.18627329346
    ));
#4303 = CARTESIAN_POINT('',(4.212492293171,-5.098820522016,
    3.196469242355));
#4304 = CARTESIAN_POINT('',(4.446278048238,-4.888320584253,
    3.206694409788));
#4305 = CARTESIAN_POINT('',(4.890653705533,-4.443766024434,
    3.227171568906));
#4306 = CARTESIAN_POINT('',(5.101028802135,-4.2098648492,3.237396732411)
  );
#4307 = CARTESIAN_POINT('',(5.298999133291,-3.965288316263,
    3.247592678283));
#4308 = CARTESIAN_POINT('',(5.484645976629,-3.709148626615,
    3.257940088606));
#4309 = CARTESIAN_POINT('',(5.654695310691,-3.447874421191,
    3.267798762095));
#4310 = CARTESIAN_POINT('',(5.815696261535,-3.170602079961,
    3.278567232719));
#4311 = CARTESIAN_POINT('',(5.955774435447,-2.892003854125,
    3.288425871349));
#4312 = CARTESIAN_POINT('',(6.084953064238,-2.603302986435,3.29877329346
    ));
#4313 = CARTESIAN_POINT('',(6.197535600141,-2.309461954817,
    3.308969242355));
#4314 = CARTESIAN_POINT('',(6.29475003419,-2.010270783687,3.319194409788
    ));
#4315 = CARTESIAN_POINT('',(6.457313362321,-1.403087412868,
    3.339671568906));
#4316 = CARTESIAN_POINT('',(6.522552952685,-1.095335504839,
    3.349896732411));
#4317 = CARTESIAN_POINT('',(6.571712022194,-0.784540848568,
    3.360092678283));
#4318 = CARTESIAN_POINT('',(6.604417059831,-0.469893948746,
    3.370440088606));
#4319 = CARTESIAN_POINT('',(6.621047000316,-0.158599182465,
    3.380298762095));
#4320 = CARTESIAN_POINT('',(6.621841743162,0.16202618423,3.39106723272)
  );
#4321 = CARTESIAN_POINT('',(6.603853887371,0.473338412208,3.400925871349
    ));
#4322 = CARTESIAN_POINT('',(6.571375427682,0.787950012119,3.41127329346)
  );
#4323 = CARTESIAN_POINT('',(6.52195424799,1.098715078125,3.421469242355)
  );
#4324 = CARTESIAN_POINT('',(6.456548831925,1.406429449937,3.431694409788
    ));
#4325 = CARTESIAN_POINT('',(6.293741118401,2.013547337887,3.452171568906
    ));
#4326 = CARTESIAN_POINT('',(6.196364306973,2.312688103485,3.462396732411
    ));
#4327 = CARTESIAN_POINT('',(6.083539981861,2.606423705931,3.472592678283
    ));
#4328 = CARTESIAN_POINT('',(5.954539925371,2.895268433216,3.482940088606
    ));
#4329 = CARTESIAN_POINT('',(5.813294493161,3.173172579126,3.492798762095
    ));
#4330 = CARTESIAN_POINT('',(5.6536700773,3.451239663201,3.50356723272));
#4331 = CARTESIAN_POINT('',(5.482436023242,3.711850033246,3.513425871349
    ));
#4332 = CARTESIAN_POINT('',(5.297003052117,3.968072441247,3.52377329346)
  );
#4333 = CARTESIAN_POINT('',(5.098820522017,4.212492293172,3.533969242355
    ));
#4334 = CARTESIAN_POINT('',(4.888320584253,4.446278048238,3.544194409788
    ));
#4335 = CARTESIAN_POINT('',(4.443766024434,4.890653705533,3.564671568906
    ));
#4336 = CARTESIAN_POINT('',(4.2098648492,5.101028802135,3.574896732411)
  );
#4337 = CARTESIAN_POINT('',(3.965288316264,5.298999133293,3.585092678283
    ));
#4338 = CARTESIAN_POINT('',(3.709148626613,5.484645976626,3.595440088606
    ));
#4339 = CARTESIAN_POINT('',(3.447874421193,5.654695310695,3.605298762095
    ));
#4340 = CARTESIAN_POINT('',(3.170602079958,5.815696261531,3.616067232719
    ));
#4341 = CARTESIAN_POINT('',(2.892003854127,5.955774435449,3.625925871349
    ));
#4342 = CARTESIAN_POINT('',(2.603302986433,6.084953064236,3.63627329346)
  );
#4343 = CARTESIAN_POINT('',(2.309461954818,6.197535600142,3.646469242355
    ));
#4344 = CARTESIAN_POINT('',(2.010270783687,6.29475003419,3.656694409788)
  );
#4345 = CARTESIAN_POINT('',(1.403087412868,6.457313362321,3.677171568906
    ));
#4346 = CARTESIAN_POINT('',(1.095335504839,6.522552952685,3.687396732411
    ));
#4347 = CARTESIAN_POINT('',(0.784540848568,6.571712022195,3.697592678283
    ));
#4348 = CARTESIAN_POINT('',(0.469893948747,6.604417059831,3.707940088606
    ));
#4349 = CARTESIAN_POINT('',(0.158599182464,6.621047000317,3.717798762095
    ));
#4350 = CARTESIAN_POINT('',(-0.162026184229,6.62184174316,3.728567232719
    ));
#4351 = CARTESIAN_POINT('',(-0.473338412208,6.603853887372,
    3.738425871349));
#4352 = CARTESIAN_POINT('',(-0.787950012119,6.571375427681,3.74877329346
    ));
#4353 = CARTESIAN_POINT('',(-1.098715078125,6.52195424799,3.758969242355
    ));
#4354 = CARTESIAN_POINT('',(-1.406429449937,6.456548831925,
    3.769194409788));
#4355 = CARTESIAN_POINT('',(-2.013547337887,6.293741118401,
    3.789671568906));
#4356 = CARTESIAN_POINT('',(-2.312688103485,6.196364306973,
    3.799896732411));
#4357 = CARTESIAN_POINT('',(-2.606423705931,6.083539981862,
    3.810092678283));
#4358 = CARTESIAN_POINT('',(-2.895268433217,5.954539925369,
    3.820440088606));
#4359 = CARTESIAN_POINT('',(-3.173172579125,5.813294493164,
    3.830298762095));
#4360 = CARTESIAN_POINT('',(-3.451239663202,5.653670077296,
    3.841067232719));
#4361 = CARTESIAN_POINT('',(-3.711850033246,5.482436023245,
    3.850925871349));
#4362 = CARTESIAN_POINT('',(-3.968072441247,5.297003052116,3.86127329346
    ));
#4363 = CARTESIAN_POINT('',(-4.212492293172,5.098820522017,
    3.871469242355));
#4364 = CARTESIAN_POINT('',(-4.446278048238,4.888320584253,
    3.881694409788));
#4365 = CARTESIAN_POINT('',(-4.890653705533,4.443766024434,
    3.902171568906));
#4366 = CARTESIAN_POINT('',(-5.101028802134,4.209864849199,
    3.912396732411));
#4367 = CARTESIAN_POINT('',(-5.298999133294,3.965288316265,
    3.922592678283));
#4368 = CARTESIAN_POINT('',(-5.484645976624,3.709148626612,
    3.932940088606));
#4369 = CARTESIAN_POINT('',(-5.654695310697,3.447874421195,
    3.942798762095));
#4370 = CARTESIAN_POINT('',(-5.815696261529,3.170602079956,
    3.953567232719));
#4371 = CARTESIAN_POINT('',(-5.955774435451,2.892003854128,
    3.963425871349));
#4372 = CARTESIAN_POINT('',(-6.084953064235,2.603302986433,3.97377329346
    ));
#4373 = CARTESIAN_POINT('',(-6.197535600142,2.309461954818,
    3.983969242355));
#4374 = CARTESIAN_POINT('',(-6.29475003419,2.010270783687,3.994194409788
    ));
#4375 = CARTESIAN_POINT('',(-6.416672530288,1.554883255572,
    4.009552279127));
#4376 = CARTESIAN_POINT('',(-6.453302843896,1.402047357213,
    4.014668214893));
#4377 = CARTESIAN_POINT('',(-6.485911678105,1.248284879958,
    4.019781499392));
#4378 = CARTESIAN_POINT('',(-6.51448752391,1.093708639839,4.024892867395
    ));
#4379 = CARTESIAN_POINT('',(-6.539018284918,0.938430921145,
    4.030003076524));
#4380 = CARTESIAN_POINT('',(-6.559491237972,0.7825636054,4.035112898078)
  );
#4381 = CARTESIAN_POINT('',(-6.575892993806,0.626218300347,
    4.040223107862));
#4382 = CARTESIAN_POINT('',(-6.588209457666,0.469506468929,
    4.045334477011));
#4383 = CARTESIAN_POINT('',(-6.596425789961,0.31253955827,4.05044776282)
  );
#4384 = CARTESIAN_POINT('',(-6.600526366892,0.155429128659,
    4.055563699568));
#4385 = CARTESIAN_POINT('',(-6.600431489501,-0.315997309734,
    4.070921568906));
#4386 = CARTESIAN_POINT('',(-6.583796039765,-0.630148074269,
    4.081146732411));
#4387 = CARTESIAN_POINT('',(-6.550840478444,-0.943075962863,
    4.091342678283));
#4388 = CARTESIAN_POINT('',(-6.500994508786,-1.255466216174,
    4.101690088606));
#4389 = CARTESIAN_POINT('',(-6.436488783643,-1.560458015829,
    4.111548762095));
#4390 = CARTESIAN_POINT('',(-6.354272495031,-1.870364032669,
    4.12231723272));
#4391 = CARTESIAN_POINT('',(-6.256324026996,-2.166412954052,
    4.132175871349));
#4392 = CARTESIAN_POINT('',(-6.143524770113,-2.461898379733,
    4.14252329346));
#4393 = CARTESIAN_POINT('',(-6.015355658649,-2.749283240361,
    4.152719242355));
#4394 = CARTESIAN_POINT('',(-5.872536538216,-3.029584331884,
    4.162944409788));
#4395 = CARTESIAN_POINT('',(-5.55814269098,-3.573877442508,
    4.183421568906));
#4396 = CARTESIAN_POINT('',(-5.386660586638,-3.837622260346,
    4.193646732411));
#4397 = CARTESIAN_POINT('',(-5.20165628904,-4.09214798076,4.203842678283
    ));
#4398 = CARTESIAN_POINT('',(-5.002293286386,-4.337762891192,
    4.214190088606));
#4399 = CARTESIAN_POINT('',(-4.793933789893,-4.569640675069,
    4.224048762095));
#4400 = CARTESIAN_POINT('',(-4.567779386932,-4.796919014131,
    4.23481723272));
#4401 = CARTESIAN_POINT('',(-4.334929064658,-5.004330666795,
    4.244675871349));
#4402 = CARTESIAN_POINT('',(-4.089499329831,-5.203828923441,
    4.25502329346));
#4403 = CARTESIAN_POINT('',(-3.834809193008,-5.388626957676,
    4.265219242355));
#4404 = CARTESIAN_POINT('',(-3.570973660806,-5.559965263427,
    4.275444409788));
#4405 = CARTESIAN_POINT('',(-3.026554046994,-5.874140000714,
    4.295921568906));
#4406 = CARTESIAN_POINT('',(-2.74617377942,-6.016808660907,
    4.306146732411));
#4407 = CARTESIAN_POINT('',(-2.458692497684,-6.144732251902,
    4.316342678283));
#4408 = CARTESIAN_POINT('',(-2.163231617594,-6.257759502561,
    4.326690088606));
#4409 = CARTESIAN_POINT('',(-1.866848108574,-6.35439180572,
    4.336548762094));
#4410 = CARTESIAN_POINT('',(-1.5573534809,-6.438143419603,4.34731723272)
  );
#4411 = CARTESIAN_POINT('',(-1.251993360201,-6.501342018709,
    4.357175871349));
#4412 = CARTESIAN_POINT('',(-0.939695846672,-6.551397709565,
    4.36752329346));
#4413 = CARTESIAN_POINT('',(-0.626728700973,-6.584092433369,
    4.377719242355));
#4414 = CARTESIAN_POINT('',(-0.312571274789,-6.60055799269,
    4.387944409788));
#4415 = CARTESIAN_POINT('',(0.158855163603,-6.600463115298,
    4.403302279127));
#4416 = CARTESIAN_POINT('',(0.315963927802,-6.596288439967,
    4.408418214893));
#4417 = CARTESIAN_POINT('',(0.472926863029,-6.587989497555,
    4.413531499392));
#4418 = CARTESIAN_POINT('',(0.629632018615,-6.575584370171,
    4.418642867396));
#4419 = CARTESIAN_POINT('',(0.785967805488,-6.559090434878,
    4.423753076523));
#4420 = CARTESIAN_POINT('',(0.941822861401,-6.538524359162,
    4.428862898079));
#4421 = CARTESIAN_POINT('',(1.097085916153,-6.513902096147,
    4.433973107861));
#4422 = CARTESIAN_POINT('',(1.251645656821,-6.485238880121,
    4.439084477011));
#4423 = CARTESIAN_POINT('',(1.405390592977,-6.45254922175,4.44419776282)
  );
#4424 = CARTESIAN_POINT('',(1.558208921924,-6.415846903544,
    4.449313699568));
#4425 = CARTESIAN_POINT('',(2.013547337887,-6.293741118401,
    4.464671568906));
#4426 = CARTESIAN_POINT('',(2.312688103485,-6.196364306974,
    4.474896732411));
#4427 = CARTESIAN_POINT('',(2.606423705931,-6.083539981861,
    4.485092678283));
#4428 = CARTESIAN_POINT('',(2.895268433217,-5.954539925373,
    4.495440088606));
#4429 = CARTESIAN_POINT('',(3.173172579123,-5.81329449316,4.505298762095
    ));
#4430 = CARTESIAN_POINT('',(3.451239663203,-5.653670077301,
    4.516067232719));
#4431 = CARTESIAN_POINT('',(3.711850033244,-5.482436023242,
    4.525925871349));
#4432 = CARTESIAN_POINT('',(3.968072441248,-5.297003052117,4.53627329346
    ));
#4433 = CARTESIAN_POINT('',(4.212492293172,-5.098820522017,
    4.546469242355));
#4434 = CARTESIAN_POINT('',(4.446278048238,-4.888320584253,
    4.556694409788));
#4435 = CARTESIAN_POINT('',(4.890653705533,-4.443766024434,
    4.577171568906));
#4436 = CARTESIAN_POINT('',(5.101028802134,-4.2098648492,4.587396732411)
  );
#4437 = CARTESIAN_POINT('',(5.298999133294,-3.965288316265,
    4.597592678284));
#4438 = CARTESIAN_POINT('',(5.484645976624,-3.709148626612,
    4.607940088605));
#4439 = CARTESIAN_POINT('',(5.654695310697,-3.447874421195,
    4.617798762095));
#4440 = CARTESIAN_POINT('',(5.815696261529,-3.170602079956,
    4.628567232719));
#4441 = CARTESIAN_POINT('',(5.955774435451,-2.892003854128,
    4.638425871349));
#4442 = CARTESIAN_POINT('',(6.084953064235,-2.603302986433,4.64877329346
    ));
#4443 = CARTESIAN_POINT('',(6.197535600142,-2.309461954818,
    4.658969242355));
#4444 = CARTESIAN_POINT('',(6.29475003419,-2.010270783687,4.669194409788
    ));
#4445 = CARTESIAN_POINT('',(6.457313362321,-1.403087412868,
    4.689671568906));
#4446 = CARTESIAN_POINT('',(6.522552952685,-1.095335504839,
    4.699896732411));
#4447 = CARTESIAN_POINT('',(6.571712022195,-0.784540848568,
    4.710092678283));
#4448 = CARTESIAN_POINT('',(6.60441705983,-0.469893948745,4.720440088606
    ));
#4449 = CARTESIAN_POINT('',(6.621047000318,-0.158599182466,
    4.730298762095));
#4450 = CARTESIAN_POINT('',(6.62184174316,0.162026184231,4.74106723272)
  );
#4451 = CARTESIAN_POINT('',(6.603853887372,0.473338412207,4.750925871349
    ));
#4452 = CARTESIAN_POINT('',(6.571375427682,0.787950012119,4.76127329346)
  );
#4453 = CARTESIAN_POINT('',(6.52195424799,1.098715078125,4.771469242355)
  );
#4454 = CARTESIAN_POINT('',(6.456548831925,1.406429449937,4.781694409788
    ));
#4455 = CARTESIAN_POINT('',(6.293741118401,2.013547337887,4.802171568906
    ));
#4456 = CARTESIAN_POINT('',(6.196364306974,2.312688103485,4.812396732411
    ));
#4457 = CARTESIAN_POINT('',(6.083539981858,2.606423705931,4.822592678283
    ));
#4458 = CARTESIAN_POINT('',(5.954539925376,2.895268433218,4.832940088607
    ));
#4459 = CARTESIAN_POINT('',(5.813294493155,3.173172579123,4.842798762094
    ));
#4460 = CARTESIAN_POINT('',(5.653670077305,3.451239663204,4.853567232721
    ));
#4461 = CARTESIAN_POINT('',(5.482436023239,3.711850033244,4.863425871348
    ));
#4462 = CARTESIAN_POINT('',(5.297003052119,3.968072441249,4.87377329346)
  );
#4463 = CARTESIAN_POINT('',(5.098820522016,4.212492293172,4.883969242355
    ));
#4464 = CARTESIAN_POINT('',(4.888320584253,4.446278048238,4.894194409788
    ));
#4465 = CARTESIAN_POINT('',(4.443766024434,4.890653705533,4.914671568906
    ));
#4466 = CARTESIAN_POINT('',(4.2098648492,5.101028802135,4.924896732411)
  );
#4467 = CARTESIAN_POINT('',(3.965288316264,5.298999133293,4.935092678283
    ));
#4468 = CARTESIAN_POINT('',(3.709148626612,5.484645976626,4.945440088605
    ));
#4469 = CARTESIAN_POINT('',(3.447874421195,5.654695310695,4.955298762095
    ));
#4470 = CARTESIAN_POINT('',(3.170602079956,5.815696261531,4.966067232719
    ));
#4471 = CARTESIAN_POINT('',(2.892003854129,5.95577443545,4.975925871349)
  );
#4472 = CARTESIAN_POINT('',(2.603302986433,6.084953064236,4.986273293459
    ));
#4473 = CARTESIAN_POINT('',(2.309461954818,6.197535600142,4.996469242355
    ));
#4474 = CARTESIAN_POINT('',(2.010270783687,6.29475003419,5.006694409788)
  );
#4475 = CARTESIAN_POINT('',(1.403087412868,6.457313362321,5.027171568906
    ));
#4476 = CARTESIAN_POINT('',(1.095335504839,6.522552952685,5.037396732411
    ));
#4477 = CARTESIAN_POINT('',(0.784540848568,6.571712022196,5.047592678284
    ));
#4478 = CARTESIAN_POINT('',(0.469893948746,6.604417059828,5.057940088605
    ));
#4479 = CARTESIAN_POINT('',(0.158599182464,6.62104700032,5.067798762096)
  );
#4480 = CARTESIAN_POINT('',(-0.162026184229,6.621841743158,
    5.078567232719));
#4481 = CARTESIAN_POINT('',(-0.473338412209,6.603853887373,
    5.088425871349));
#4482 = CARTESIAN_POINT('',(-0.787950012118,6.571375427681,
    5.098773293459));
#4483 = CARTESIAN_POINT('',(-1.098715078126,6.52195424799,5.108969242355
    ));
#4484 = CARTESIAN_POINT('',(-1.406429449937,6.456548831925,
    5.119194409788));
#4485 = CARTESIAN_POINT('',(-2.013547337887,6.293741118401,
    5.139671568906));
#4486 = CARTESIAN_POINT('',(-2.312688103485,6.196364306973,
    5.149896732411));
#4487 = CARTESIAN_POINT('',(-2.606423705931,6.083539981863,
    5.160092678285));
#4488 = CARTESIAN_POINT('',(-2.895268433212,5.954539925368,
    5.170440088603));
#4489 = CARTESIAN_POINT('',(-3.173172579129,5.813294493164,
    5.180298762099));
#4490 = CARTESIAN_POINT('',(-3.451239663195,5.6536700773,5.191067232718)
  );
#4491 = CARTESIAN_POINT('',(-3.711850033247,5.482436023245,
    5.200925871349));
#4492 = CARTESIAN_POINT('',(-3.96807244125,5.297003052117,5.211273293458
    ));
#4493 = CARTESIAN_POINT('',(-4.212492293176,5.098820522019,
    5.221469242355));
#4494 = CARTESIAN_POINT('',(-4.446278048242,4.888320584252,
    5.231694409787));
#4495 = CARTESIAN_POINT('',(-4.779559791211,4.554904664384,
    5.247052279126));
#4496 = CARTESIAN_POINT('',(-4.887700522523,4.440860050598,
    5.252168214893));
#4497 = CARTESIAN_POINT('',(-4.992821839959,4.324002256247,
    5.257281499391));
#4498 = CARTESIAN_POINT('',(-5.094857368422,4.20442322839,5.262392867397
    ));
#4499 = CARTESIAN_POINT('',(-5.193740489968,4.082214159858,
    5.267503076523));
#4500 = CARTESIAN_POINT('',(-5.289404245278,3.957465581338,
    5.272612898081));
#4501 = CARTESIAN_POINT('',(-5.381781235018,3.830267453312,
    5.277723107862));
#4502 = CARTESIAN_POINT('',(-5.470803521315,3.700709258168,
    5.282834477013));
#4503 = CARTESIAN_POINT('',(-5.556402529137,3.568880092132,
    5.287947762821));
#4504 = CARTESIAN_POINT('',(-5.638508947738,3.434868757362,
    5.293063699569));
#4505 = CARTESIAN_POINT('',(-5.874140000713,3.026554047022,
    5.308421568906));
#4506 = CARTESIAN_POINT('',(-6.016808660918,2.746173779456,
    5.318646732405));
#4507 = CARTESIAN_POINT('',(-6.144732251966,2.45869249776,5.328842678289
    ));
#4508 = CARTESIAN_POINT('',(-6.257759502609,2.163231617409,
    5.339190088598));
#4509 = CARTESIAN_POINT('',(-6.35439180573,1.866848109011,5.349048762087
    ));
#4510 = CARTESIAN_POINT('',(-6.438143419844,1.557353480375,
    5.359817232741));
#4511 = CARTESIAN_POINT('',(-6.501342018561,1.251993360189,
    5.369675871374));
#4512 = CARTESIAN_POINT('',(-6.551397709347,0.939695846489,
    5.380023293425));
#4513 = CARTESIAN_POINT('',(-6.58409243317,0.626728700866,5.390219242375
    ));
#4514 = CARTESIAN_POINT('',(-6.600557992436,0.312571274822,
    5.400444409744));
#4515 = CARTESIAN_POINT('',(-6.600431489644,-0.315997309318,
    5.420921568883));
#4516 = CARTESIAN_POINT('',(-6.58379604021,-0.63014807369,5.43114673237)
  );
#4517 = CARTESIAN_POINT('',(-6.5508404803,-0.94307596216,5.441342678755)
  );
#4518 = CARTESIAN_POINT('',(-6.500994506893,-1.255466217825,
    5.451690087674));
#4519 = CARTESIAN_POINT('',(-6.436488788472,-1.560458011134,
    5.461548763222));
#4520 = CARTESIAN_POINT('',(-6.354272495176,-1.870364039378,
    5.472317233432));
#4521 = CARTESIAN_POINT('',(-6.25632402451,-2.166412954046,5.48217587121
    ));
#4522 = CARTESIAN_POINT('',(-6.143524765898,-2.461898381201,
    5.492523292637));
#4523 = CARTESIAN_POINT('',(-6.015355655517,-2.749283241701,
    5.502719242479));
#4524 = CARTESIAN_POINT('',(-5.872536534266,-3.029584330879,
    5.512944408488));
#4525 = CARTESIAN_POINT('',(-5.558142694071,-3.573877438203,
    5.533421568147));
#4526 = CARTESIAN_POINT('',(-5.386660596948,-3.837622256808,
    5.543646733808));
#4527 = CARTESIAN_POINT('',(-5.201656313995,-4.092147980774,
    5.553842685102));
#4528 = CARTESIAN_POINT('',(-5.002293259927,-4.337762885694,
    5.564190074501));
#4529 = CARTESIAN_POINT('',(-4.793933862325,-4.569640661686,
    5.574048779746));
#4530 = CARTESIAN_POINT('',(-4.567779388007,-4.796919083503,
    5.584817260184));
#4531 = CARTESIAN_POINT('',(-4.334929013818,-5.004330639775,
    5.594675847647));
#4532 = CARTESIAN_POINT('',(-4.089499289793,-5.203828940767,
    5.605023294258));
#4533 = CARTESIAN_POINT('',(-3.834809138099,-5.388626956761,
    5.615219231073));
#4534 = CARTESIAN_POINT('',(-3.570973616092,-5.559965249345,5.6254443934
    ));
#4535 = CARTESIAN_POINT('',(-3.298763841457,-5.717052598125,
    5.635682967858));
#4536 = CARTESIAN_POINT('',(-3.026554086466,-5.874139979316,
    5.64592156516));
#4537 = CARTESIAN_POINT('',(-2.746173885873,-6.016808651404,
    5.656146747448));
#4538 = CARTESIAN_POINT('',(-2.458692736654,-6.144732401704,
    5.666342809136));
#4539 = CARTESIAN_POINT('',(-2.163231573135,-6.257759058804,
    5.676689825646));
#4540 = CARTESIAN_POINT('',(-1.866848545796,-6.354392295864,
    5.686549123261));
#4541 = CARTESIAN_POINT('',(-1.557353761891,-6.438143890143,
    5.697317564714));
#4542 = CARTESIAN_POINT('',(-1.251992878059,-6.50134159333,
    5.707175528925));
#4543 = CARTESIAN_POINT('',(-0.939695446842,-6.551397857589,
    5.717523292905));
#4544 = CARTESIAN_POINT('',(-0.626728099759,-6.584092368453,
    5.72771907896));
#4545 = CARTESIAN_POINT('',(-0.312570721711,-6.600557785267,
    5.737944185341));
#4546 = CARTESIAN_POINT('',(1.713270883539E-03,-6.600494278099,
    5.748182710876));
#4547 = CARTESIAN_POINT('',(0.315997252798,-6.600431282184,5.7584215446)
  );
#4548 = CARTESIAN_POINT('',(0.630147325412,-6.583795954629,
    5.768646955815));
#4549 = CARTESIAN_POINT('',(0.943075201362,-6.550842005262,
    5.778844336462));
#4550 = CARTESIAN_POINT('',(1.255460142924,-6.500990003169,
    5.789186676091));
#4551 = CARTESIAN_POINT('',(1.560464073709,-6.436493127704,
    5.799053870356));
#4552 = CARTESIAN_POINT('',(1.870352282764,-6.354279036549,
    5.809820053109));
#4553 = CARTESIAN_POINT('',(2.166417506943,-6.256320340441,
    5.819672120629));
#4554 = CARTESIAN_POINT('',(2.461901722754,-6.143528158647,
    5.830023169219));
#4555 = CARTESIAN_POINT('',(2.749289846293,-6.015356337495,
    5.840217473149));
#4556 = CARTESIAN_POINT('',(3.029591413728,-5.872534417854,
    5.850442178501));
#4557 = CARTESIAN_POINT('',(3.301735093246,-5.715332268636,
    5.860680440802));
#4558 = CARTESIAN_POINT('',(3.573881175664,-5.55813448952,5.870921708726
    ));
#4559 = CARTESIAN_POINT('',(3.837617509992,-5.386650876861,5.88114920432
    ));
#4560 = CARTESIAN_POINT('',(4.092148526557,-5.201642727776,
    5.891357319704));
#4561 = CARTESIAN_POINT('',(4.337651798517,-5.002322792967,
    5.901658685419));
#4562 = CARTESIAN_POINT('',(4.569779868837,-4.793830708909,
    5.911602087765));
#4563 = CARTESIAN_POINT('',(4.796700553869,-4.567964795031,
    5.922320781143));
#4564 = CARTESIAN_POINT('',(5.004406003175,-4.334919385722,
    5.932151812568));
#4565 = CARTESIAN_POINT('',(5.203875994713,-4.089582622606,
    5.942520410807));
#4566 = CARTESIAN_POINT('',(5.388725773947,-3.834851021232,
    5.952708276082));
#4567 = CARTESIAN_POINT('',(5.56006888739,-3.570957008619,5.962934151808
    ));
#4568 = CARTESIAN_POINT('',(5.717105136845,-3.298647147562,
    5.973175563478));
#4569 = CARTESIAN_POINT('',(5.874159343427,-3.026348152668,
    5.983429624211));
#4570 = CARTESIAN_POINT('',(6.016679171259,-2.745910618459,
    5.993663016756));
#4571 = CARTESIAN_POINT('',(6.144464085311,-2.45820849864,6.003890700456
    ));
#4572 = CARTESIAN_POINT('',(6.257113852896,-2.164123513575,
    6.014088423681));
#4573 = CARTESIAN_POINT('',(6.354456585649,-1.86456772731,6.024273889608
    ));
#4574 = CARTESIAN_POINT('',(6.436379710314,-1.560389715487,
    6.034483056245));
#4575 = CARTESIAN_POINT('',(6.502593700701,-1.252330069639,6.0447311943)
  );
#4576 = CARTESIAN_POINT('',(6.552603293641,-0.941087650517,
    6.055005871163));
#4577 = CARTESIAN_POINT('',(6.585905802401,-0.627453670238,
    6.065296573821));
#4578 = CARTESIAN_POINT('',(6.602181031416,-0.312366350228,
    6.075623228208));
#4579 = CARTESIAN_POINT('',(6.600982186867,3.365430930743E-03,
    6.085983417069));
#4580 = CARTESIAN_POINT('',(6.6,1.214306433184E-16,-8.881784197001E-16)
  );
#4581 = CARTESIAN_POINT('',(6.601249356649,0.315706423608,
    1.035998562657E-02));
#4582 = CARTESIAN_POINT('',(6.584972184497,0.630771857356,
    2.068653725422E-02));
#4583 = CARTESIAN_POINT('',(6.551611743954,0.94437809672,
    3.097719305694E-02));
#4584 = CARTESIAN_POINT('',(6.501520657377,1.255591022097,
    4.125181692073E-02));
#4585 = CARTESIAN_POINT('',(6.435186226171,1.563607749147,
    5.149990725552E-02));
#4586 = CARTESIAN_POINT('',(6.353085194753,1.867716849804,
    6.170906855611E-02));
#4587 = CARTESIAN_POINT('',(6.255531913955,2.167180988654,
    7.189457407361E-02));
#4588 = CARTESIAN_POINT('',(6.142695800953,2.461168765998,
    8.209234191447E-02));
#4589 = CARTESIAN_POINT('',(6.014775939501,2.748780005643,
    9.232004021704E-02));
#4590 = CARTESIAN_POINT('',(5.872132608662,3.029126172084,0.102553431077
    ));
#4591 = CARTESIAN_POINT('',(5.714987474597,3.301345048425,0.112807456271
    ));
#4592 = CARTESIAN_POINT('',(5.55784212854,3.573564307963,0.123048847756)
  );
#4593 = CARTESIAN_POINT('',(5.386373440032,3.837349896741,0.133274716751
    ));
#4594 = CARTESIAN_POINT('',(5.201359627608,4.091925260803,0.143462623));
#4595 = CARTESIAN_POINT('',(5.001935034846,4.337304436368,0.153831037637
    ));
#4596 = CARTESIAN_POINT('',(4.793677600112,4.569779766542,0.163662564212
    ));
#4597 = CARTESIAN_POINT('',(4.567221128228,4.796049082954,0.174380701234
    ));
#4598 = CARTESIAN_POINT('',(4.334671135951,5.004108297029,0.184324386732
    ));
#4599 = CARTESIAN_POINT('',(4.089174086803,5.20335918789,0.194625690653)
  );
#4600 = CARTESIAN_POINT('',(3.834547136404,5.388201272575,0.204833829837
    ));
#4601 = CARTESIAN_POINT('',(3.57074382847,5.559536169249,0.215061329482)
  );
#4602 = CARTESIAN_POINT('',(3.298548753869,5.716601367028,0.225302579103
    ));
#4603 = CARTESIAN_POINT('',(3.026353590089,5.873666618414,0.235540826811
    ));
#4604 = CARTESIAN_POINT('',(2.745996929856,6.0163305173,0.245765529952)
  );
#4605 = CARTESIAN_POINT('',(2.458548771672,6.144295412133,0.255959872736
    ));
#4606 = CARTESIAN_POINT('',(2.16307259384,6.257118721175,0.266310753734)
  );
#4607 = CARTESIAN_POINT('',(1.866832901868,6.354341282412,0.276163321082
    ));
#4608 = CARTESIAN_POINT('',(1.557153874041,6.437211959799,0.286928839468
    ));
#4609 = CARTESIAN_POINT('',(1.251975092708,6.501001589547,0.2967964416)
  );
#4610 = CARTESIAN_POINT('',(0.939645455752,6.550862084697,0.307138654167
    ));
#4611 = CARTESIAN_POINT('',(0.626713639098,6.583607034102,0.317336073027
    ));
#4612 = CARTESIAN_POINT('',(0.312579717338,6.600076659261,0.327561490993
    ));
#4613 = CARTESIAN_POINT('',(-1.680405486388E-03,6.599996357547,
    0.33780031023));
#4614 = CARTESIAN_POINT('',(-0.315940538978,6.59991605602,0.348038821662
    ));
#4615 = CARTESIAN_POINT('',(-0.630066647028,6.583286939867,
    0.358263926182));
#4616 = CARTESIAN_POINT('',(-0.942982943723,6.550385647263,
    0.368459750153));
#4617 = CARTESIAN_POINT('',(-1.255287833819,6.500354978481,
    0.378807349926));
#4618 = CARTESIAN_POINT('',(-1.560433131956,6.436442381181,
    0.388665809893));
#4619 = CARTESIAN_POINT('',(-1.870077523111,6.353367021802,
    0.399433578422));
#4620 = CARTESIAN_POINT('',(-2.166253979751,6.256021599779,0.40929329718
    ));
#4621 = CARTESIAN_POINT('',(-2.461673816165,6.143037308765,
    0.419640179158));
#4622 = CARTESIAN_POINT('',(-2.749053206853,6.014928517306,
    0.429836280848));
#4623 = CARTESIAN_POINT('',(-3.029336398735,5.87212408209,0.440061470196
    ));
#4624 = CARTESIAN_POINT('',(-3.301453647941,5.714924194131,
    0.450300053398));
#4625 = CARTESIAN_POINT('',(-3.437512272888,5.636324249962,
    0.455419333656));
#4626 = CARTESIAN_POINT('',(-3.571473246064,5.554158191326,
    0.460535263549));
#4627 = CARTESIAN_POINT('',(-3.703248281249,5.468497327232,
    0.465648546641));
#4628 = CARTESIAN_POINT('',(-3.832749027622,5.379412123328,
    0.470759912708));
#4629 = CARTESIAN_POINT('',(-3.959886964258,5.286972283679,
    0.475870126936));
#4630 = CARTESIAN_POINT('',(-4.084573295934,5.191246831243,
    0.480979945798));
#4631 = CARTESIAN_POINT('',(-4.206718846717,5.092304190539,0.48609016324
    ));
#4632 = CARTESIAN_POINT('',(-4.326233956737,4.990212267183,
    0.491201527281));
#4633 = CARTESIAN_POINT('',(-4.443028375033,4.885038531261,
    0.496314816109));
#4634 = CARTESIAN_POINT('',(-4.557011156585,4.776850096642,0.50143074466
    ));
#4635 = CARTESIAN_POINT('',(-4.890249353275,4.443441218769,
    0.516788592192));
#4636 = CARTESIAN_POINT('',(-5.100611507603,4.20956188815,0.527013762388
    ));
#4637 = CARTESIAN_POINT('',(-5.298611943452,3.965032070221,
    0.537209747282));
#4638 = CARTESIAN_POINT('',(-5.484067803122,3.708822187855,
    0.547557005457));
#4639 = CARTESIAN_POINT('',(-5.6546448225,3.447859389533,0.557416146008)
  );
#4640 = CARTESIAN_POINT('',(-5.814853292177,3.170164609165,
    0.568183944288));
#4641 = CARTESIAN_POINT('',(-5.955448135022,2.89190249404,0.57804303045)
  );
#4642 = CARTESIAN_POINT('',(-6.084449501119,2.603117252027,
    0.588390311884));
#4643 = CARTESIAN_POINT('',(-6.197070859371,2.309322672654,0.59858629588
    ));
#4644 = CARTESIAN_POINT('',(-6.294283047976,2.010154493738,
    0.608811466296));
#4645 = CARTESIAN_POINT('',(-6.456800774899,1.403008303662,
    0.629288597138));
#4646 = CARTESIAN_POINT('',(-6.522040076945,1.095281789182,
    0.639513763069));
#4647 = CARTESIAN_POINT('',(-6.571248576661,0.784512538678,
    0.649709749505));
#4648 = CARTESIAN_POINT('',(-6.603753121847,0.469900334493,
    0.660057008008));
#4649 = CARTESIAN_POINT('',(-6.620995762229,0.158611425691,
    0.669916141913));
#4650 = CARTESIAN_POINT('',(-6.620892979152,-0.161983577713,
    0.680683939088));
#4651 = CARTESIAN_POINT('',(-6.603520623249,-0.473263036916,
    0.690543034506));
#4652 = CARTESIAN_POINT('',(-6.570846464257,-0.787859085737,
    0.700890309889));
#4653 = CARTESIAN_POINT('',(-6.521482130496,-1.098603332014,
    0.711086295823));
#4654 = CARTESIAN_POINT('',(-6.456086265168,-1.406296668443,
    0.72131146643));
#4655 = CARTESIAN_POINT('',(-6.293257649563,-2.013359554525,
    0.741788597407));
#4656 = CARTESIAN_POINT('',(-6.195893285195,-2.312478184041,
    0.752013763008));
#4657 = CARTESIAN_POINT('',(-6.083124471061,-2.606216499336,
    0.762209749696));
#4658 = CARTESIAN_POINT('',(-5.953968130546,-2.894930933748,
    0.772557007972));
#4659 = CARTESIAN_POINT('',(-5.813256242415,-3.173136355577,
    0.782416141791));
#4660 = CARTESIAN_POINT('',(-5.652869726439,-3.450728384434,
    0.79318393892));
#4661 = CARTESIAN_POINT('',(-5.482185096044,-3.711618123729,
    0.803043034664));
#4662 = CARTESIAN_POINT('',(-5.29659041961,-3.96772921534,0.813390309806
    ));
#4663 = CARTESIAN_POINT('',(-5.098467529342,-4.212159459625,
    0.823586295841));
#4664 = CARTESIAN_POINT('',(-4.887986380399,-4.445931772821,
    0.833811466433));
#4665 = CARTESIAN_POINT('',(-4.554577509929,-4.779169952654,
    0.849169314667));
#4666 = CARTESIAN_POINT('',(-4.440539532924,-4.887300186715,
    0.854285247437));
#4667 = CARTESIAN_POINT('',(-4.32369159802,-4.992414440342,
    0.859398532195));
#4668 = CARTESIAN_POINT('',(-4.204124636461,-5.094445611554,
    0.864509902865));
#4669 = CARTESIAN_POINT('',(-4.081928887509,-5.193326237191,
    0.869620116168));
#4670 = CARTESIAN_POINT('',(-3.957194004209,-5.288988412485,
    0.874729942471));
#4671 = CARTESIAN_POINT('',(-3.830009159111,-5.381363710639,
    0.879840156606));
#4672 = CARTESIAN_POINT('',(-3.700463150033,-5.470383102406,
    0.884951528734));
#4673 = CARTESIAN_POINT('',(-3.568644505788,-5.555976875661,
    0.890064815158));
#4674 = CARTESIAN_POINT('',(-3.434641591941,-5.638074554981,
    0.895180749177));
#4675 = CARTESIAN_POINT('',(-3.026344965744,-5.873665353698,
    0.91053859741));
#4676 = CARTESIAN_POINT('',(-2.745989152164,-6.01632716269,
    0.920763763003));
#4677 = CARTESIAN_POINT('',(-2.45854520438,-6.14429192415,0.9309597497)
  );
#4678 = CARTESIAN_POINT('',(-2.16306594572,-6.257116534357,
    0.941307007962));
#4679 = CARTESIAN_POINT('',(-1.86684667529,-6.35433914442,0.95116614179)
  );
#4680 = CARTESIAN_POINT('',(-1.557149075967,-6.437215957456,
    0.961933938935));
#4681 = CARTESIAN_POINT('',(-1.251979912723,-6.501000601586,
    0.971793034657));
#4682 = CARTESIAN_POINT('',(-0.939646768788,-6.550863236974,
    0.982140309808));
#4683 = CARTESIAN_POINT('',(-0.626714446314,-6.583607481007,
    0.992336295843));
#4684 = CARTESIAN_POINT('',(-0.312579810668,-6.600076821185,
    1.002561466433));
#4685 = CARTESIAN_POINT('',(0.315941055899,-6.599915892503,1.02303859741
    ));
#4686 = CARTESIAN_POINT('',(0.630067217054,-6.58328673645,1.033263763003
    ));
#4687 = CARTESIAN_POINT('',(0.94298335873,-6.550385496772,1.043459749699
    ));
#4688 = CARTESIAN_POINT('',(1.255288208123,-6.500354846054,
    1.053807007963));
#4689 = CARTESIAN_POINT('',(1.560432926441,-6.436442460973,
    1.063666141788));
#4690 = CARTESIAN_POINT('',(1.870077321461,-6.353367086788,
    1.074433938935));
#4691 = CARTESIAN_POINT('',(2.166253891347,-6.256021627352,
    1.084293034657));
#4692 = CARTESIAN_POINT('',(2.461673646133,-6.143037364331,
    1.094640309809));
#4693 = CARTESIAN_POINT('',(2.749053109076,-6.014928550254,
    1.104836295843));
#4694 = CARTESIAN_POINT('',(3.029336353844,-5.872124099409,
    1.115061466433));
#4695 = CARTESIAN_POINT('',(3.573570926758,-5.557724297799,1.13553859741
    ));
#4696 = CARTESIAN_POINT('',(3.837297584285,-5.386259945635,
    1.145763763003));
#4697 = CARTESIAN_POINT('',(4.091840292393,-5.201308565424,
    1.155959749699));
#4698 = CARTESIAN_POINT('',(4.337288900332,-5.00182832623,1.166307007964
    ));
#4699 = CARTESIAN_POINT('',(4.569595785686,-4.793906217986,
    1.176166141788));
#4700 = CARTESIAN_POINT('',(4.79621801082,-4.567138635989,1.186933938936
    ));
#4701 = CARTESIAN_POINT('',(5.00404171463,-4.334746710244,1.196793034656
    ));
#4702 = CARTESIAN_POINT('',(5.203390595543,-4.089189590838,
    1.207140309809));
#4703 = CARTESIAN_POINT('',(5.38821410394,-3.834554371931,1.217336295842
    ));
#4704 = CARTESIAN_POINT('',(5.559544288741,-3.570740467341,
    1.227561466433));
#4705 = CARTESIAN_POINT('',(5.873665353698,-3.026344965745,1.24803859741
    ));
#4706 = CARTESIAN_POINT('',(6.016327162689,-2.745989152164,
    1.258263763003));
#4707 = CARTESIAN_POINT('',(6.144291924154,-2.458545204381,
    1.268459749699));
#4708 = CARTESIAN_POINT('',(6.257116534352,-2.163065945719,
    1.278807007963));
#4709 = CARTESIAN_POINT('',(6.354339144427,-1.866846675291,
    1.288666141789));
#4710 = CARTESIAN_POINT('',(6.437215957449,-1.557149075965,
    1.299433938935));
#4711 = CARTESIAN_POINT('',(6.501000601591,-1.251979912725,
    1.309293034657));
#4712 = CARTESIAN_POINT('',(6.55086323697,-0.939646768787,1.319640309808
    ));
#4713 = CARTESIAN_POINT('',(6.583607481008,-0.626714446315,
    1.329836295843));
#4714 = CARTESIAN_POINT('',(6.600076821184,-0.312579810668,
    1.340061466433));
#4715 = CARTESIAN_POINT('',(6.599915892503,0.315941055899,1.36053859741)
  );
#4716 = CARTESIAN_POINT('',(6.58328673645,0.630067217054,1.370763763003)
  );
#4717 = CARTESIAN_POINT('',(6.550385496773,0.942983358729,1.380959749699
    ));
#4718 = CARTESIAN_POINT('',(6.500354846052,1.255288208125,1.391307007963
    ));
#4719 = CARTESIAN_POINT('',(6.436442460976,1.560432926438,1.401166141789
    ));
#4720 = CARTESIAN_POINT('',(6.353367086786,1.870077321463,1.411933938935
    ));
#4721 = CARTESIAN_POINT('',(6.256021627353,2.166253891345,1.421793034657
    ));
#4722 = CARTESIAN_POINT('',(6.14303736433,2.461673646134,1.432140309808)
  );
#4723 = CARTESIAN_POINT('',(6.014928550254,2.749053109076,1.442336295843
    ));
#4724 = CARTESIAN_POINT('',(5.872124099409,3.029336353844,1.452561466433
    ));
#4725 = CARTESIAN_POINT('',(5.557724297799,3.573570926758,1.47303859741)
  );
#4726 = CARTESIAN_POINT('',(5.386259945636,3.837297584286,1.483263763002
    ));
#4727 = CARTESIAN_POINT('',(5.201308565421,4.091840292391,1.4934597497)
  );
#4728 = CARTESIAN_POINT('',(5.001828326235,4.337288900335,1.503807007962
    ));
#4729 = CARTESIAN_POINT('',(4.79390621798,4.569595785683,1.513666141791)
  );
#4730 = CARTESIAN_POINT('',(4.567138635995,4.796218010823,1.524433938933
    ));
#4731 = CARTESIAN_POINT('',(4.334746710239,5.004041714627,1.534293034658
    ));
#4732 = CARTESIAN_POINT('',(4.089189590841,5.203390595544,1.544640309808
    ));
#4733 = CARTESIAN_POINT('',(3.83455437193,5.388214103939,1.554836295843)
  );
#4734 = CARTESIAN_POINT('',(3.570740467341,5.559544288741,1.565061466433
    ));
#4735 = CARTESIAN_POINT('',(3.026344965745,5.873665353698,1.58553859741)
  );
#4736 = CARTESIAN_POINT('',(2.745989152165,6.01632716269,1.595763763003)
  );
#4737 = CARTESIAN_POINT('',(2.458545204381,6.144291924152,1.605959749699
    ));
#4738 = CARTESIAN_POINT('',(2.16306594572,6.257116534356,1.616307007964)
  );
#4739 = CARTESIAN_POINT('',(1.86684667529,6.354339144421,1.626166141787)
  );
#4740 = CARTESIAN_POINT('',(1.557149075966,6.437215957455,1.636933938937
    ));
#4741 = CARTESIAN_POINT('',(1.251979912725,6.501000601586,1.646793034655
    ));
#4742 = CARTESIAN_POINT('',(0.939646768787,6.550863236974,1.657140309809
    ));
#4743 = CARTESIAN_POINT('',(0.626714446315,6.583607481006,1.667336295842
    ));
#4744 = CARTESIAN_POINT('',(0.312579810668,6.600076821185,1.677561466433
    ));
#4745 = CARTESIAN_POINT('',(-0.315941055899,6.599915892503,1.69803859741
    ));
#4746 = CARTESIAN_POINT('',(-0.630067217054,6.58328673645,1.708263763003
    ));
#4747 = CARTESIAN_POINT('',(-0.94298335873,6.550385496774,1.718459749699
    ));
#4748 = CARTESIAN_POINT('',(-1.255288208123,6.500354846051,
    1.728807007963));
#4749 = CARTESIAN_POINT('',(-1.560432926441,6.436442460978,
    1.738666141789));
#4750 = CARTESIAN_POINT('',(-1.87007732146,6.353367086784,1.749433938935
    ));
#4751 = CARTESIAN_POINT('',(-2.166253891348,6.256021627354,
    1.759293034657));
#4752 = CARTESIAN_POINT('',(-2.461673646132,6.14303736433,1.769640309808
    ));
#4753 = CARTESIAN_POINT('',(-2.749053109077,6.014928550254,
    1.779836295843));
#4754 = CARTESIAN_POINT('',(-3.029336353844,5.872124099409,
    1.790061466433));
#4755 = CARTESIAN_POINT('',(-3.573570926759,5.557724297799,1.81053859741
    ));
#4756 = CARTESIAN_POINT('',(-3.837297584285,5.386259945636,
    1.820763763003));
#4757 = CARTESIAN_POINT('',(-4.091840292394,5.201308565421,1.8309597497)
  );
#4758 = CARTESIAN_POINT('',(-4.33728890033,5.001828326234,1.841307007963
    ));
#4759 = CARTESIAN_POINT('',(-4.569595785689,4.79390621798,1.851166141789
    ));
#4760 = CARTESIAN_POINT('',(-4.796218010818,4.567138635995,
    1.861933938934));
#4761 = CARTESIAN_POINT('',(-5.004041714631,4.334746710239,
    1.871793034657));
#4762 = CARTESIAN_POINT('',(-5.203390595542,4.089189590841,
    1.882140309808));
#4763 = CARTESIAN_POINT('',(-5.38821410394,3.83455437193,1.892336295843)
  );
#4764 = CARTESIAN_POINT('',(-5.559544288741,3.570740467341,
    1.902561466433));
#4765 = CARTESIAN_POINT('',(-5.873665353698,3.026344965745,1.92303859741
    ));
#4766 = CARTESIAN_POINT('',(-6.016327162689,2.745989152165,
    1.933263763003));
#4767 = CARTESIAN_POINT('',(-6.144291924154,2.45854520438,1.943459749699
    ));
#4768 = CARTESIAN_POINT('',(-6.257116534353,2.163065945721,
    1.953807007963));
#4769 = CARTESIAN_POINT('',(-6.354339144426,1.866846675289,
    1.963666141788));
#4770 = CARTESIAN_POINT('',(-6.437215957451,1.557149075966,
    1.974433938936));
#4771 = CARTESIAN_POINT('',(-6.501000601589,1.251979912724,
    1.984293034656));
#4772 = CARTESIAN_POINT('',(-6.550863236972,0.939646768787,
    1.994640309809));
#4773 = CARTESIAN_POINT('',(-6.583607481007,0.626714446315,
    2.004836295843));
#4774 = CARTESIAN_POINT('',(-6.600076821185,0.312579810668,
    2.015061466433));
#4775 = CARTESIAN_POINT('',(-6.599915892503,-0.315941055899,
    2.03553859741));
#4776 = CARTESIAN_POINT('',(-6.58328673645,-0.630067217054,
    2.045763763003));
#4777 = CARTESIAN_POINT('',(-6.550385496773,-0.94298335873,2.0559597497)
  );
#4778 = CARTESIAN_POINT('',(-6.500354846053,-1.255288208124,
    2.066307007963));
#4779 = CARTESIAN_POINT('',(-6.436442460975,-1.560432926439,
    2.076166141789));
#4780 = CARTESIAN_POINT('',(-6.353367086787,-1.870077321463,
    2.086933938934));
#4781 = CARTESIAN_POINT('',(-6.256021627353,-2.166253891345,
    2.096793034657));
#4782 = CARTESIAN_POINT('',(-6.143037364331,-2.461673646134,
    2.107140309808));
#4783 = CARTESIAN_POINT('',(-6.014928550254,-2.749053109076,
    2.117336295843));
#4784 = CARTESIAN_POINT('',(-5.872124099409,-3.029336353844,
    2.127561466433));
#4785 = CARTESIAN_POINT('',(-5.636324248202,-3.43751228353,
    2.142919314666));
#4786 = CARTESIAN_POINT('',(-5.554158184959,-3.571473269526,
    2.148035247436));
#4787 = CARTESIAN_POINT('',(-5.468497317639,-3.703248312748,
    2.153148532194));
#4788 = CARTESIAN_POINT('',(-5.3794121118,-3.832749062924,2.158259902864
    ));
#4789 = CARTESIAN_POINT('',(-5.286972271135,-3.959887000005,
    2.163370116168));
#4790 = CARTESIAN_POINT('',(-5.191246818775,-4.084573329106,
    2.168479942469));
#4791 = CARTESIAN_POINT('',(-5.092304178646,-4.206718875466,
    2.173590156607));
#4792 = CARTESIAN_POINT('',(-4.990212256756,-4.32623397938,
    2.178701528734));
#4793 = CARTESIAN_POINT('',(-4.885038522556,-4.443028391167,
    2.183814815158));
#4794 = CARTESIAN_POINT('',(-4.77685009024,-4.557011166103,
    2.188930749177));
#4795 = CARTESIAN_POINT('',(-4.443441219769,-4.890249345931,
    2.20428859741));
#4796 = CARTESIAN_POINT('',(-4.209561892057,-5.100611495621,
    2.214513763003));
#4797 = CARTESIAN_POINT('',(-3.96503207665,-5.298611931659,
    2.224709749699));
#4798 = CARTESIAN_POINT('',(-3.708822187456,-5.484067796068,
    2.235057007963));
#4799 = CARTESIAN_POINT('',(-3.447859407,-5.654644814747,2.244916141789)
  );
#4800 = CARTESIAN_POINT('',(-3.170164595086,-5.814853305781,
    2.255683938935));
#4801 = CARTESIAN_POINT('',(-2.891902499609,-5.955448132295,
    2.265543034657));
#4802 = CARTESIAN_POINT('',(-2.603117249151,-6.084449505649,
    2.275890309808));
#4803 = CARTESIAN_POINT('',(-2.309322670968,-6.197070861507,
    2.286086295843));
#4804 = CARTESIAN_POINT('',(-2.010154492363,-6.294283048959,
    2.296311466433));
#4805 = CARTESIAN_POINT('',(-1.403008303577,-6.456800774301,
    2.31678859741));
#4806 = CARTESIAN_POINT('',(-1.095281789514,-6.522040076072,
    2.327013763003));
#4807 = CARTESIAN_POINT('',(-0.78451253937,-6.571248575935,
    2.337209749699));
#4808 = CARTESIAN_POINT('',(-0.469900334421,-6.603753121203,
    2.347557007963));
#4809 = CARTESIAN_POINT('',(-0.158611427767,-6.620995762444,
    2.357416141789));
#4810 = CARTESIAN_POINT('',(0.161983579369,-6.620892979633,
    2.368183938935));
#4811 = CARTESIAN_POINT('',(0.473263036218,-6.60352062329,2.378043034657
    ));
#4812 = CARTESIAN_POINT('',(0.78785908603,-6.570846464512,2.388390309808
    ));
#4813 = CARTESIAN_POINT('',(1.09860333216,-6.521482130601,2.398586295843
    ));
#4814 = CARTESIAN_POINT('',(1.406296668562,-6.45608626519,2.408811466433
    ));
#4815 = CARTESIAN_POINT('',(2.013359554532,-6.293257649508,2.42928859741
    ));
#4816 = CARTESIAN_POINT('',(2.312478184015,-6.195893285135,
    2.439513763003));
#4817 = CARTESIAN_POINT('',(2.606216499286,-6.083124471028,
    2.449709749699));
#4818 = CARTESIAN_POINT('',(2.894930933746,-5.953968130492,
    2.460057007963));
#4819 = CARTESIAN_POINT('',(3.173136355447,-5.81325624251,2.469916141789
    ));
#4820 = CARTESIAN_POINT('',(3.450728384545,-5.652869726415,
    2.480683938935));
#4821 = CARTESIAN_POINT('',(3.711618123682,-5.482185096074,
    2.490543034657));
#4822 = CARTESIAN_POINT('',(3.96772921536,-5.29659041962,2.500890309808)
  );
#4823 = CARTESIAN_POINT('',(4.212159459633,-5.098467529347,
    2.511086295843));
#4824 = CARTESIAN_POINT('',(4.445931772827,-4.887986380397,
    2.521311466433));
#4825 = CARTESIAN_POINT('',(4.890249345931,-4.443441219769,2.54178859741
    ));
#4826 = CARTESIAN_POINT('',(5.100611495622,-4.209561892057,
    2.552013763003));
#4827 = CARTESIAN_POINT('',(5.298611931657,-3.965032076651,
    2.562209749699));
#4828 = CARTESIAN_POINT('',(5.484067796073,-3.708822187454,
    2.572557007963));
#4829 = CARTESIAN_POINT('',(5.654644814742,-3.447859407002,
    2.582416141789));
#4830 = CARTESIAN_POINT('',(5.814853305785,-3.170164595084,
    2.593183938935));
#4831 = CARTESIAN_POINT('',(5.955448132292,-2.891902499609,
    2.603043034657));
#4832 = CARTESIAN_POINT('',(6.08444950565,-2.603117249151,2.613390309808
    ));
#4833 = CARTESIAN_POINT('',(6.197070861507,-2.309322670968,
    2.623586295843));
#4834 = CARTESIAN_POINT('',(6.294283048959,-2.010154492363,
    2.633811466433));
#4835 = CARTESIAN_POINT('',(6.456800774301,-1.403008303577,2.65428859741
    ));
#4836 = CARTESIAN_POINT('',(6.522040076072,-1.095281789514,
    2.664513763003));
#4837 = CARTESIAN_POINT('',(6.571248575936,-0.78451253937,2.674709749699
    ));
#4838 = CARTESIAN_POINT('',(6.603753121201,-0.469900334421,
    2.685057007963));
#4839 = CARTESIAN_POINT('',(6.620995762447,-0.158611427766,
    2.694916141789));
#4840 = CARTESIAN_POINT('',(6.62089297963,0.161983579369,2.705683938935)
  );
#4841 = CARTESIAN_POINT('',(6.603520623291,0.473263036218,2.715543034657
    ));
#4842 = CARTESIAN_POINT('',(6.570846464511,0.78785908603,2.725890309808)
  );
#4843 = CARTESIAN_POINT('',(6.521482130601,1.09860333216,2.736086295843)
  );
#4844 = CARTESIAN_POINT('',(6.456086265189,1.406296668562,2.746311466433
    ));
#4845 = CARTESIAN_POINT('',(6.293257649508,2.013359554532,2.76678859741)
  );
#4846 = CARTESIAN_POINT('',(6.195893285134,2.312478184014,2.777013763003
    ));
#4847 = CARTESIAN_POINT('',(6.083124471031,2.606216499286,2.787209749699
    ));
#4848 = CARTESIAN_POINT('',(5.953968130486,2.894930933745,2.797557007963
    ));
#4849 = CARTESIAN_POINT('',(5.813256242518,3.173136355447,2.807416141789
    ));
#4850 = CARTESIAN_POINT('',(5.652869726407,3.450728384545,2.818183938935
    ));
#4851 = CARTESIAN_POINT('',(5.482185096081,3.711618123682,2.828043034657
    ));
#4852 = CARTESIAN_POINT('',(5.296590419616,3.967729215361,2.838390309808
    ));
#4853 = CARTESIAN_POINT('',(5.098467529348,4.212159459633,2.848586295843
    ));
#4854 = CARTESIAN_POINT('',(4.887986380397,4.445931772827,2.858811466433
    ));
#4855 = CARTESIAN_POINT('',(4.443441219769,4.890249345931,2.87928859741)
  );
#4856 = CARTESIAN_POINT('',(4.209561892057,5.100611495621,2.889513763003
    ));
#4857 = CARTESIAN_POINT('',(3.96503207665,5.298611931658,2.899709749699)
  );
#4858 = CARTESIAN_POINT('',(3.708822187456,5.484067796071,2.910057007963
    ));
#4859 = CARTESIAN_POINT('',(3.447859407,5.654644814744,2.919916141789));
#4860 = CARTESIAN_POINT('',(3.170164595085,5.814853305784,2.930683938935
    ));
#4861 = CARTESIAN_POINT('',(2.891902499609,5.955448132292,2.940543034657
    ));
#4862 = CARTESIAN_POINT('',(2.603117249151,6.08444950565,2.950890309808)
  );
#4863 = CARTESIAN_POINT('',(2.309322670968,6.197070861507,2.961086295843
    ));
#4864 = CARTESIAN_POINT('',(2.010154492363,6.294283048959,2.971311466433
    ));
#4865 = CARTESIAN_POINT('',(1.554794850774,6.416171342965,2.986669314666
    ));
#4866 = CARTESIAN_POINT('',(1.401969948659,6.452795884076,2.991785247436
    ));
#4867 = CARTESIAN_POINT('',(1.248219541841,6.485403530565,2.996898532194
    ));
#4868 = CARTESIAN_POINT('',(1.093655930072,6.51398163603,3.002009902863)
  );
#4869 = CARTESIAN_POINT('',(0.938390994428,6.538516895301,3.007120116168
    ));
#4870 = CARTESIAN_POINT('',(0.782536329105,6.558995327634,3.012229942469
    ));
#4871 = CARTESIAN_POINT('',(0.626203373198,6.575402259972,3.017340156607
    ));
#4872 = CARTESIAN_POINT('',(0.469503542494,6.587722310132,3.022451528734
    ));
#4873 = CARTESIAN_POINT('',(0.312548361259,6.595939370055,3.027564815158
    ));
#4874 = CARTESIAN_POINT('',(0.155449594026,6.600036589014,3.032680749177
    ));
#4875 = CARTESIAN_POINT('',(-0.315941055899,6.599915892503,3.04803859741
    ));
#4876 = CARTESIAN_POINT('',(-0.630067217054,6.583286736449,
    3.058263763003));
#4877 = CARTESIAN_POINT('',(-0.94298335873,6.550385496775,3.068459749699
    ));
#4878 = CARTESIAN_POINT('',(-1.255288208124,6.50035484605,3.078807007963
    ));
#4879 = CARTESIAN_POINT('',(-1.560432926439,6.43644246098,3.088666141789
    ));
#4880 = CARTESIAN_POINT('',(-1.870077321463,6.353367086782,
    3.099433938935));
#4881 = CARTESIAN_POINT('',(-2.166253891345,6.256021627357,
    3.109293034657));
#4882 = CARTESIAN_POINT('',(-2.461673646134,6.143037364328,
    3.119640309808));
#4883 = CARTESIAN_POINT('',(-2.749053109076,6.014928550255,
    3.129836295843));
#4884 = CARTESIAN_POINT('',(-3.029336353844,5.872124099408,
    3.140061466433));
#4885 = CARTESIAN_POINT('',(-3.573570926758,5.557724297799,3.16053859741
    ));
#4886 = CARTESIAN_POINT('',(-3.837297584285,5.386259945636,
    3.170763763003));
#4887 = CARTESIAN_POINT('',(-4.091840292392,5.201308565422,
    3.180959749699));
#4888 = CARTESIAN_POINT('',(-4.337288900332,5.001828326233,
    3.191307007963));
#4889 = CARTESIAN_POINT('',(-4.569595785686,4.793906217983,
    3.201166141789));
#4890 = CARTESIAN_POINT('',(-4.79621801082,4.567138635993,3.211933938935
    ));
#4891 = CARTESIAN_POINT('',(-5.004041714629,4.334746710241,
    3.221793034657));
#4892 = CARTESIAN_POINT('',(-5.203390595543,4.089189590839,
    3.232140309808));
#4893 = CARTESIAN_POINT('',(-5.38821410394,3.834554371931,3.242336295843
    ));
#4894 = CARTESIAN_POINT('',(-5.559544288741,3.570740467341,
    3.252561466433));
#4895 = CARTESIAN_POINT('',(-5.873665353698,3.026344965745,3.27303859741
    ));
#4896 = CARTESIAN_POINT('',(-6.016327162689,2.745989152164,
    3.283263763003));
#4897 = CARTESIAN_POINT('',(-6.144291924153,2.458545204381,
    3.293459749699));
#4898 = CARTESIAN_POINT('',(-6.257116534355,2.16306594572,3.303807007963
    ));
#4899 = CARTESIAN_POINT('',(-6.354339144423,1.86684667529,3.313666141789
    ));
#4900 = CARTESIAN_POINT('',(-6.437215957453,1.557149075966,
    3.324433938935));
#4901 = CARTESIAN_POINT('',(-6.501000601587,1.251979912724,
    3.334293034657));
#4902 = CARTESIAN_POINT('',(-6.550863236973,0.939646768787,
    3.344640309808));
#4903 = CARTESIAN_POINT('',(-6.583607481007,0.626714446315,
    3.354836295843));
#4904 = CARTESIAN_POINT('',(-6.600076821185,0.312579810668,
    3.365061466433));
#4905 = CARTESIAN_POINT('',(-6.599915892503,-0.315941055899,
    3.38553859741));
#4906 = CARTESIAN_POINT('',(-6.583286736449,-0.630067217054,
    3.395763763003));
#4907 = CARTESIAN_POINT('',(-6.550385496775,-0.94298335873,
    3.405959749699));
#4908 = CARTESIAN_POINT('',(-6.50035484605,-1.255288208123,
    3.416307007963));
#4909 = CARTESIAN_POINT('',(-6.436442460979,-1.56043292644,
    3.426166141789));
#4910 = CARTESIAN_POINT('',(-6.353367086782,-1.870077321461,
    3.436933938935));
#4911 = CARTESIAN_POINT('',(-6.256021627357,-2.166253891346,
    3.446793034657));
#4912 = CARTESIAN_POINT('',(-6.143037364328,-2.461673646133,
    3.457140309808));
#4913 = CARTESIAN_POINT('',(-6.014928550255,-2.749053109076,
    3.467336295843));
#4914 = CARTESIAN_POINT('',(-5.872124099409,-3.029336353844,
    3.477561466433));
#4915 = CARTESIAN_POINT('',(-5.557724297799,-3.573570926758,
    3.49803859741));
#4916 = CARTESIAN_POINT('',(-5.386259945636,-3.837297584285,
    3.508263763003));
#4917 = CARTESIAN_POINT('',(-5.201308565422,-4.091840292392,
    3.518459749699));
#4918 = CARTESIAN_POINT('',(-5.001828326234,-4.337288900332,
    3.528807007963));
#4919 = CARTESIAN_POINT('',(-4.793906217981,-4.569595785687,
    3.538666141789));
#4920 = CARTESIAN_POINT('',(-4.567138635995,-4.796218010819,
    3.549433938935));
#4921 = CARTESIAN_POINT('',(-4.334746710239,-5.00404171463,
    3.559293034657));
#4922 = CARTESIAN_POINT('',(-4.089189590841,-5.203390595543,
    3.569640309808));
#4923 = CARTESIAN_POINT('',(-3.83455437193,-5.38821410394,3.579836295843
    ));
#4924 = CARTESIAN_POINT('',(-3.570740467341,-5.559544288741,
    3.590061466433));
#4925 = CARTESIAN_POINT('',(-3.026344965745,-5.873665353698,
    3.61053859741));
#4926 = CARTESIAN_POINT('',(-2.745989152165,-6.01632716269,
    3.620763763003));
#4927 = CARTESIAN_POINT('',(-2.458545204381,-6.144291924152,
    3.630959749699));
#4928 = CARTESIAN_POINT('',(-2.16306594572,-6.257116534356,
    3.641307007963));
#4929 = CARTESIAN_POINT('',(-1.866846675289,-6.354339144422,
    3.651166141789));
#4930 = CARTESIAN_POINT('',(-1.557149075966,-6.437215957454,
    3.661933938935));
#4931 = CARTESIAN_POINT('',(-1.251979912724,-6.501000601587,
    3.671793034657));
#4932 = CARTESIAN_POINT('',(-0.939646768787,-6.550863236973,
    3.682140309808));
#4933 = CARTESIAN_POINT('',(-0.626714446315,-6.583607481007,
    3.692336295843));
#4934 = CARTESIAN_POINT('',(-0.312579810668,-6.600076821185,
    3.702561466433));
#4935 = CARTESIAN_POINT('',(0.158810839257,-6.599956124674,
    3.717919314666));
#4936 = CARTESIAN_POINT('',(0.315907487867,-6.595778719575,
    3.723035247436));
#4937 = CARTESIAN_POINT('',(0.472858456542,-6.587481753976,
    3.728148532194));
#4938 = CARTESIAN_POINT('',(0.629551998923,-6.575082077707,
    3.733259902864));
#4939 = CARTESIAN_POINT('',(0.785876602553,-6.558595795909,
    3.738370116168));
#4940 = CARTESIAN_POINT('',(0.941720857238,-6.538038286928,3.74347994247
    ));
#4941 = CARTESIAN_POINT('',(1.09697332341,-6.513424220237,3.748590156606
    ));
#4942 = CARTESIAN_POINT('',(1.25152240048,-6.484767574317,3.753701528734
    ));
#4943 = CARTESIAN_POINT('',(1.405256195208,-6.452081654582,
    3.758814815158));
#4944 = CARTESIAN_POINT('',(1.558062390054,-6.415379111269,
    3.763930749177));
#4945 = CARTESIAN_POINT('',(2.013359554532,-6.293257649508,3.77928859741
    ));
#4946 = CARTESIAN_POINT('',(2.312478184014,-6.195893285135,
    3.789513763003));
#4947 = CARTESIAN_POINT('',(2.606216499286,-6.08312447103,3.799709749699
    ));
#4948 = CARTESIAN_POINT('',(2.894930933745,-5.953968130488,
    3.810057007963));
#4949 = CARTESIAN_POINT('',(3.173136355447,-5.813256242515,
    3.819916141789));
#4950 = CARTESIAN_POINT('',(3.450728384545,-5.65286972641,3.830683938935
    ));
#4951 = CARTESIAN_POINT('',(3.711618123682,-5.482185096079,
    3.840543034657));
#4952 = CARTESIAN_POINT('',(3.967729215361,-5.296590419617,
    3.850890309808));
#4953 = CARTESIAN_POINT('',(4.212159459633,-5.098467529348,
    3.861086295843));
#4954 = CARTESIAN_POINT('',(4.445931772827,-4.887986380397,
    3.871311466433));
#4955 = CARTESIAN_POINT('',(4.890249345931,-4.443441219769,3.89178859741
    ));
#4956 = CARTESIAN_POINT('',(5.100611495621,-4.209561892057,
    3.902013763003));
#4957 = CARTESIAN_POINT('',(5.298611931658,-3.96503207665,3.912209749699
    ));
#4958 = CARTESIAN_POINT('',(5.484067796071,-3.708822187456,
    3.922557007963));
#4959 = CARTESIAN_POINT('',(5.654644814744,-3.447859407,3.932416141789)
  );
#4960 = CARTESIAN_POINT('',(5.814853305784,-3.170164595086,
    3.943183938935));
#4961 = CARTESIAN_POINT('',(5.955448132293,-2.891902499608,
    3.953043034657));
#4962 = CARTESIAN_POINT('',(6.08444950565,-2.603117249151,3.963390309808
    ));
#4963 = CARTESIAN_POINT('',(6.197070861507,-2.309322670968,
    3.973586295843));
#4964 = CARTESIAN_POINT('',(6.294283048959,-2.010154492363,
    3.983811466433));
#4965 = CARTESIAN_POINT('',(6.456800774301,-1.403008303577,4.00428859741
    ));
#4966 = CARTESIAN_POINT('',(6.522040076071,-1.095281789514,
    4.014513763003));
#4967 = CARTESIAN_POINT('',(6.571248575938,-0.784512539371,
    4.024709749699));
#4968 = CARTESIAN_POINT('',(6.603753121198,-0.46990033442,4.035057007963
    ));
#4969 = CARTESIAN_POINT('',(6.620995762451,-0.158611427768,
    4.044916141789));
#4970 = CARTESIAN_POINT('',(6.620892979627,0.16198357937,4.055683938935)
  );
#4971 = CARTESIAN_POINT('',(6.603520623294,0.473263036217,4.065543034657
    ));
#4972 = CARTESIAN_POINT('',(6.57084646451,0.78785908603,4.075890309808)
  );
#4973 = CARTESIAN_POINT('',(6.521482130602,1.09860333216,4.086086295843)
  );
#4974 = CARTESIAN_POINT('',(6.456086265189,1.406296668562,4.096311466433
    ));
#4975 = CARTESIAN_POINT('',(6.293257649508,2.013359554532,4.11678859741)
  );
#4976 = CARTESIAN_POINT('',(6.195893285135,2.312478184014,4.127013763003
    ));
#4977 = CARTESIAN_POINT('',(6.083124471029,2.606216499286,4.1372097497)
  );
#4978 = CARTESIAN_POINT('',(5.95396813049,2.894930933745,4.147557007963)
  );
#4979 = CARTESIAN_POINT('',(5.813256242513,3.173136355447,4.157416141789
    ));
#4980 = CARTESIAN_POINT('',(5.652869726412,3.450728384544,4.168183938935
    ));
#4981 = CARTESIAN_POINT('',(5.482185096077,3.711618123683,4.178043034657
    ));
#4982 = CARTESIAN_POINT('',(5.296590419618,3.96772921536,4.188390309808)
  );
#4983 = CARTESIAN_POINT('',(5.098467529347,4.212159459634,4.198586295843
    ));
#4984 = CARTESIAN_POINT('',(4.887986380397,4.445931772827,4.208811466433
    ));
#4985 = CARTESIAN_POINT('',(4.443441219769,4.890249345931,4.22928859741)
  );
#4986 = CARTESIAN_POINT('',(4.209561892057,5.100611495621,4.239513763003
    ));
#4987 = CARTESIAN_POINT('',(3.965032076651,5.29861193166,4.2497097497));
#4988 = CARTESIAN_POINT('',(3.708822187454,5.484067796067,4.260057007963
    ));
#4989 = CARTESIAN_POINT('',(3.447859407001,5.65464481475,4.269916141789)
  );
#4990 = CARTESIAN_POINT('',(3.170164595084,5.814853305778,4.280683938935
    ));
#4991 = CARTESIAN_POINT('',(2.89190249961,5.955448132297,4.290543034657)
  );
#4992 = CARTESIAN_POINT('',(2.603117249151,6.084449505647,4.300890309808
    ));
#4993 = CARTESIAN_POINT('',(2.309322670968,6.197070861508,4.311086295843
    ));
#4994 = CARTESIAN_POINT('',(2.010154492363,6.294283048959,4.321311466433
    ));
#4995 = CARTESIAN_POINT('',(1.403008303577,6.456800774301,4.34178859741)
  );
#4996 = CARTESIAN_POINT('',(1.095281789514,6.522040076071,4.352013763003
    ));
#4997 = CARTESIAN_POINT('',(0.78451253937,6.571248575937,4.3622097497));
#4998 = CARTESIAN_POINT('',(0.469900334421,6.603753121199,4.372557007963
    ));
#4999 = CARTESIAN_POINT('',(0.158611427767,6.620995762449,4.382416141789
    ));
#5000 = CARTESIAN_POINT('',(-0.161983579369,6.620892979628,
    4.393183938934));
#5001 = CARTESIAN_POINT('',(-0.473263036218,6.603520623293,
    4.403043034658));
#5002 = CARTESIAN_POINT('',(-0.78785908603,6.570846464511,4.413390309808
    ));
#5003 = CARTESIAN_POINT('',(-1.09860333216,6.521482130602,4.423586295843
    ));
#5004 = CARTESIAN_POINT('',(-1.406296668562,6.456086265189,
    4.433811466433));
#5005 = CARTESIAN_POINT('',(-2.013359554532,6.293257649508,4.45428859741
    ));
#5006 = CARTESIAN_POINT('',(-2.312478184015,6.195893285135,
    4.464513763003));
#5007 = CARTESIAN_POINT('',(-2.606216499285,6.08312447103,4.474709749699
    ));
#5008 = CARTESIAN_POINT('',(-2.894930933747,5.953968130488,
    4.485057007963));
#5009 = CARTESIAN_POINT('',(-3.173136355445,5.813256242515,
    4.494916141788));
#5010 = CARTESIAN_POINT('',(-3.450728384547,5.65286972641,4.505683938935
    ));
#5011 = CARTESIAN_POINT('',(-3.711618123681,5.482185096078,
    4.515543034657));
#5012 = CARTESIAN_POINT('',(-3.967729215361,5.296590419618,
    4.525890309808));
#5013 = CARTESIAN_POINT('',(-4.212159459633,5.098467529347,
    4.536086295843));
#5014 = CARTESIAN_POINT('',(-4.445931772827,4.887986380397,
    4.546311466433));
#5015 = CARTESIAN_POINT('',(-4.890249345931,4.443441219769,4.56678859741
    ));
#5016 = CARTESIAN_POINT('',(-5.100611495621,4.209561892057,
    4.577013763003));
#5017 = CARTESIAN_POINT('',(-5.298611931659,3.965032076651,
    4.587209749699));
#5018 = CARTESIAN_POINT('',(-5.484067796068,3.708822187455,
    4.597557007963));
#5019 = CARTESIAN_POINT('',(-5.654644814748,3.447859407001,
    4.607416141789));
#5020 = CARTESIAN_POINT('',(-5.814853305779,3.170164595085,
    4.618183938935));
#5021 = CARTESIAN_POINT('',(-5.955448132296,2.891902499609,
    4.628043034657));
#5022 = CARTESIAN_POINT('',(-6.084449505648,2.603117249151,
    4.638390309808));
#5023 = CARTESIAN_POINT('',(-6.197070861508,2.309322670967,
    4.648586295843));
#5024 = CARTESIAN_POINT('',(-6.294283048959,2.010154492363,
    4.658811466433));
#5025 = CARTESIAN_POINT('',(-6.416171342965,1.554794850773,
    4.674169314666));
#5026 = CARTESIAN_POINT('',(-6.452795884076,1.40196994866,4.679285247436
    ));
#5027 = CARTESIAN_POINT('',(-6.485403530563,1.248219541841,
    4.684398532193));
#5028 = CARTESIAN_POINT('',(-6.513981636034,1.093655930072,
    4.689509902865));
#5029 = CARTESIAN_POINT('',(-6.538516895295,0.938390994427,
    4.694620116166));
#5030 = CARTESIAN_POINT('',(-6.55899532764,0.782536329106,4.699729942471
    ));
#5031 = CARTESIAN_POINT('',(-6.575402259968,0.626203373197,
    4.704840156605));
#5032 = CARTESIAN_POINT('',(-6.587722310134,0.469503542494,
    4.709951528735));
#5033 = CARTESIAN_POINT('',(-6.595939370054,0.312548361259,
    4.715064815157));
#5034 = CARTESIAN_POINT('',(-6.600036589014,0.155449594026,
    4.720180749177));
#5035 = CARTESIAN_POINT('',(-6.599915892503,-0.315941055899,
    4.73553859741));
#5036 = CARTESIAN_POINT('',(-6.58328673645,-0.630067217054,
    4.745763763003));
#5037 = CARTESIAN_POINT('',(-6.550385496774,-0.94298335873,4.7559597497)
  );
#5038 = CARTESIAN_POINT('',(-6.500354846051,-1.255288208124,
    4.766307007962));
#5039 = CARTESIAN_POINT('',(-6.436442460978,-1.560432926439,
    4.77616614179));
#5040 = CARTESIAN_POINT('',(-6.353367086784,-1.870077321463,
    4.786933938934));
#5041 = CARTESIAN_POINT('',(-6.256021627355,-2.166253891345,
    4.796793034658));
#5042 = CARTESIAN_POINT('',(-6.14303736433,-2.461673646133,
    4.807140309808));
#5043 = CARTESIAN_POINT('',(-6.014928550254,-2.749053109076,
    4.817336295843));
#5044 = CARTESIAN_POINT('',(-5.872124099409,-3.029336353844,
    4.827561466433));
#5045 = CARTESIAN_POINT('',(-5.557724297799,-3.573570926758,
    4.84803859741));
#5046 = CARTESIAN_POINT('',(-5.386259945637,-3.837297584285,
    4.858263763003));
#5047 = CARTESIAN_POINT('',(-5.20130856542,-4.091840292392,
    4.868459749699));
#5048 = CARTESIAN_POINT('',(-5.001828326237,-4.337288900333,
    4.878807007963));
#5049 = CARTESIAN_POINT('',(-4.793906217977,-4.569595785684,
    4.888666141789));
#5050 = CARTESIAN_POINT('',(-4.567138635998,-4.796218010822,
    4.899433938935));
#5051 = CARTESIAN_POINT('',(-4.334746710237,-5.004041714628,
    4.909293034657));
#5052 = CARTESIAN_POINT('',(-4.089189590842,-5.203390595544,
    4.919640309808));
#5053 = CARTESIAN_POINT('',(-3.83455437193,-5.388214103939,
    4.929836295843));
#5054 = CARTESIAN_POINT('',(-3.570740467341,-5.559544288741,
    4.940061466433));
#5055 = CARTESIAN_POINT('',(-3.026344965745,-5.873665353698,
    4.96053859741));
#5056 = CARTESIAN_POINT('',(-2.745989152165,-6.01632716269,
    4.970763763003));
#5057 = CARTESIAN_POINT('',(-2.458545204381,-6.144291924152,4.9809597497
    ));
#5058 = CARTESIAN_POINT('',(-2.163065945719,-6.257116534356,
    4.991307007962));
#5059 = CARTESIAN_POINT('',(-1.866846675291,-6.354339144422,
    5.00116614179));
#5060 = CARTESIAN_POINT('',(-1.557149075964,-6.437215957454,
    5.011933938934));
#5061 = CARTESIAN_POINT('',(-1.251979912725,-6.501000601587,
    5.021793034658));
#5062 = CARTESIAN_POINT('',(-0.939646768787,-6.550863236973,
    5.032140309808));
#5063 = CARTESIAN_POINT('',(-0.626714446315,-6.583607481007,
    5.042336295843));
#5064 = CARTESIAN_POINT('',(-0.312579810668,-6.600076821185,
    5.052561466433));
#5065 = CARTESIAN_POINT('',(0.158810839257,-6.599956124674,
    5.067919314666));
#5066 = CARTESIAN_POINT('',(0.315907487867,-6.595778719575,
    5.073035247436));
#5067 = CARTESIAN_POINT('',(0.472858456542,-6.587481753978,
    5.078148532195));
#5068 = CARTESIAN_POINT('',(0.629551998923,-6.575082077704,
    5.083259902862));
#5069 = CARTESIAN_POINT('',(0.785876602553,-6.558595795912,
    5.088370116169));
#5070 = CARTESIAN_POINT('',(0.941720857238,-6.538038286925,
    5.093479942468));
#5071 = CARTESIAN_POINT('',(1.09697332341,-6.51342422024,5.098590156608)
  );
#5072 = CARTESIAN_POINT('',(1.25152240048,-6.484767574316,5.103701528733
    ));
#5073 = CARTESIAN_POINT('',(1.405256195208,-6.452081654583,
    5.108814815158));
#5074 = CARTESIAN_POINT('',(1.558062390054,-6.415379111269,
    5.113930749177));
#5075 = CARTESIAN_POINT('',(2.013359554532,-6.293257649508,5.12928859741
    ));
#5076 = CARTESIAN_POINT('',(2.312478184014,-6.195893285135,
    5.139513763003));
#5077 = CARTESIAN_POINT('',(2.606216499286,-6.083124471028,
    5.149709749699));
#5078 = CARTESIAN_POINT('',(2.894930933747,-5.953968130491,
    5.160057007964));
#5079 = CARTESIAN_POINT('',(3.173136355445,-5.813256242512,
    5.169916141787));
#5080 = CARTESIAN_POINT('',(3.450728384547,-5.652869726413,
    5.180683938936));
#5081 = CARTESIAN_POINT('',(3.711618123681,-5.482185096076,
    5.190543034656));
#5082 = CARTESIAN_POINT('',(3.967729215361,-5.296590419619,
    5.200890309809));
#5083 = CARTESIAN_POINT('',(4.212159459633,-5.098467529347,
    5.211086295842));
#5084 = CARTESIAN_POINT('',(4.445931772827,-4.887986380397,
    5.221311466433));
#5085 = CARTESIAN_POINT('',(4.890249345931,-4.443441219769,5.24178859741
    ));
#5086 = CARTESIAN_POINT('',(5.100611495621,-4.209561892057,
    5.252013763003));
#5087 = CARTESIAN_POINT('',(5.298611931658,-3.965032076651,
    5.262209749699));
#5088 = CARTESIAN_POINT('',(5.48406779607,-3.708822187454,5.272557007963
    ));
#5089 = CARTESIAN_POINT('',(5.654644814745,-3.447859407002,
    5.282416141788));
#5090 = CARTESIAN_POINT('',(5.814853305783,-3.170164595084,
    5.293183938935));
#5091 = CARTESIAN_POINT('',(5.955448132293,-2.89190249961,5.303043034657
    ));
#5092 = CARTESIAN_POINT('',(6.084449505649,-2.603117249151,
    5.313390309809));
#5093 = CARTESIAN_POINT('',(6.197070861507,-2.309322670968,
    5.323586295843));
#5094 = CARTESIAN_POINT('',(6.294283048959,-2.010154492363,
    5.333811466433));
#5095 = CARTESIAN_POINT('',(6.456800774301,-1.403008303577,5.35428859741
    ));
#5096 = CARTESIAN_POINT('',(6.522040076072,-1.095281789514,
    5.364513763003));
#5097 = CARTESIAN_POINT('',(6.571248575936,-0.784512539371,
    5.374709749699));
#5098 = CARTESIAN_POINT('',(6.603753121201,-0.46990033442,5.385057007964
    ));
#5099 = CARTESIAN_POINT('',(6.620995762447,-0.158611427769,
    5.394916141787));
#5100 = CARTESIAN_POINT('',(6.620892979631,0.161983579371,5.405683938936
    ));
#5101 = CARTESIAN_POINT('',(6.603520623291,0.473263036217,5.415543034656
    ));
#5102 = CARTESIAN_POINT('',(6.570846464512,0.787859086031,5.425890309809
    ));
#5103 = CARTESIAN_POINT('',(6.521482130601,1.09860333216,5.436086295842)
  );
#5104 = CARTESIAN_POINT('',(6.45608626519,1.406296668562,5.446311466433)
  );
#5105 = CARTESIAN_POINT('',(6.293257649508,2.013359554532,5.46678859741)
  );
#5106 = CARTESIAN_POINT('',(6.195893285135,2.312478184014,5.477013763003
    ));
#5107 = CARTESIAN_POINT('',(6.083124471028,2.606216499286,5.487209749699
    ));
#5108 = CARTESIAN_POINT('',(5.953968130491,2.894930933745,5.497557007963
    ));
#5109 = CARTESIAN_POINT('',(5.813256242512,3.173136355447,5.507416141789
    ));
#5110 = CARTESIAN_POINT('',(5.652869726412,3.450728384545,5.518183938935
    ));
#5111 = CARTESIAN_POINT('',(5.482185096076,3.711618123683,5.528043034657
    ));
#5112 = CARTESIAN_POINT('',(5.296590419619,3.96772921536,5.538390309808)
  );
#5113 = CARTESIAN_POINT('',(5.098467529347,4.212159459634,5.548586295843
    ));
#5114 = CARTESIAN_POINT('',(4.887986380397,4.445931772827,5.558811466433
    ));
#5115 = CARTESIAN_POINT('',(4.443441219769,4.890249345931,5.57928859741)
  );
#5116 = CARTESIAN_POINT('',(4.209561892057,5.100611495622,5.589513763003
    ));
#5117 = CARTESIAN_POINT('',(3.965032076651,5.298611931657,5.599709749699
    ));
#5118 = CARTESIAN_POINT('',(3.708822187453,5.484067796072,5.610057007963
    ));
#5119 = CARTESIAN_POINT('',(3.447859407003,5.654644814743,5.619916141788
    ));
#5120 = CARTESIAN_POINT('',(3.170164595082,5.814853305785,5.630683938936
    ));
#5121 = CARTESIAN_POINT('',(2.891902499611,5.955448132292,5.640543034657
    ));
#5122 = CARTESIAN_POINT('',(2.60311724915,6.08444950565,5.650890309808)
  );
#5123 = CARTESIAN_POINT('',(2.309322670968,6.197070861507,5.661086295843
    ));
#5124 = CARTESIAN_POINT('',(2.010154492363,6.294283048959,5.671311466433
    ));
#5125 = CARTESIAN_POINT('',(1.403008303577,6.456800774301,5.69178859741)
  );
#5126 = CARTESIAN_POINT('',(1.095281789514,6.522040076071,5.702013763003
    ));
#5127 = CARTESIAN_POINT('',(0.784512539371,6.571248575937,5.7122097497)
  );
#5128 = CARTESIAN_POINT('',(0.46990033442,6.603753121199,5.722557007963)
  );
#5129 = CARTESIAN_POINT('',(0.158611427767,6.620995762449,5.732416141789
    ));
#5130 = CARTESIAN_POINT('',(-0.161983579369,6.620892979628,
    5.743183938935));
#5131 = CARTESIAN_POINT('',(-0.473263036218,6.603520623294,
    5.753043034657));
#5132 = CARTESIAN_POINT('',(-0.78785908603,6.57084646451,5.763390309808)
  );
#5133 = CARTESIAN_POINT('',(-1.098603332161,6.521482130602,
    5.773586295843));
#5134 = CARTESIAN_POINT('',(-1.406296668562,6.456086265189,
    5.783811466433));
#5135 = CARTESIAN_POINT('',(-2.013359554532,6.293257649508,5.80428859741
    ));
#5136 = CARTESIAN_POINT('',(-2.312478184014,6.195893285134,
    5.814513763003));
#5137 = CARTESIAN_POINT('',(-2.606216499287,6.08312447103,5.8247097497)
  );
#5138 = CARTESIAN_POINT('',(-2.894930933741,5.953968130487,
    5.835057007962));
#5139 = CARTESIAN_POINT('',(-3.173136355452,5.813256242514,
    5.844916141791));
#5140 = CARTESIAN_POINT('',(-3.450728384535,5.65286972641,5.855683938936
    ));
#5141 = CARTESIAN_POINT('',(-3.711618123687,5.482185096081,
    5.865543034656));
#5142 = CARTESIAN_POINT('',(-3.967729215361,5.296590419619,
    5.875890309808));
#5143 = CARTESIAN_POINT('',(-4.212159459638,5.09846752935,5.886086295842
    ));
#5144 = CARTESIAN_POINT('',(-4.445931772831,4.887986380397,
    5.896311466432));
#5145 = CARTESIAN_POINT('',(-4.779169952657,4.554577509921,
    5.911669314665));
#5146 = CARTESIAN_POINT('',(-4.887300186715,4.440539532913,
    5.916785247437));
#5147 = CARTESIAN_POINT('',(-4.992414440341,4.32369159801,5.921898532194
    ));
#5148 = CARTESIAN_POINT('',(-5.094445611545,4.20412463645,5.927009902865
    ));
#5149 = CARTESIAN_POINT('',(-5.193326237185,4.081928887499,
    5.932120116168));
#5150 = CARTESIAN_POINT('',(-5.288988412468,3.9571940042,5.937229942471)
  );
#5151 = CARTESIAN_POINT('',(-5.381363710628,3.830009159105,
    5.942340156608));
#5152 = CARTESIAN_POINT('',(-5.470383102389,3.700463150031,
    5.947451528735));
#5153 = CARTESIAN_POINT('',(-5.555976875647,3.568644505791,
    5.952564815159));
#5154 = CARTESIAN_POINT('',(-5.638074554968,3.43464159195,5.957680749179
    ));
#5155 = CARTESIAN_POINT('',(-5.873665353697,3.026344965774,5.97303859741
    ));
#5156 = CARTESIAN_POINT('',(-6.016327162711,2.745989152202,
    5.983263762996));
#5157 = CARTESIAN_POINT('',(-6.144291924205,2.45854520446,5.993459749707
    ));
#5158 = CARTESIAN_POINT('',(-6.257116534419,2.163065945528,
    6.003807007953));
#5159 = CARTESIAN_POINT('',(-6.354339144441,1.866846675748,
    6.013666141784));
#5160 = CARTESIAN_POINT('',(-6.437215957665,1.557149075404,
    6.024433938953));
#5161 = CARTESIAN_POINT('',(-6.501000601396,1.251979912734,
    6.034293034684));
#5162 = CARTESIAN_POINT('',(-6.550863236812,0.939646768591,
    6.044640309772));
#5163 = CARTESIAN_POINT('',(-6.583607480776,0.626714446219,
    6.054836295863));
#5164 = CARTESIAN_POINT('',(-6.600076821003,0.312579810699,
    6.065061466389));
#5165 = CARTESIAN_POINT('',(-6.599915892687,-0.315941055469,
    6.085538597387));
#5166 = CARTESIAN_POINT('',(-6.583286736949,-0.63006721653,
    6.095763762962));
#5167 = CARTESIAN_POINT('',(-6.5503854979,-0.942983357763,6.10595975017)
  );
#5168 = CARTESIAN_POINT('',(-6.500354845604,-1.255288210289,
    6.116307007033));
#5169 = CARTESIAN_POINT('',(-6.436442464047,-1.56043292122,
    6.126166142914));
#5170 = CARTESIAN_POINT('',(-6.353367085688,-1.870077328057,
    6.136933939646));
#5171 = CARTESIAN_POINT('',(-6.256021625231,-2.166253891079,
    6.146793034518));
#5172 = CARTESIAN_POINT('',(-6.143037361272,-2.46167364835,
    6.157140308987));
#5173 = CARTESIAN_POINT('',(-6.014928546993,-2.749053110207,
    6.167336295967));
#5174 = CARTESIAN_POINT('',(-5.872124097395,-3.02933635379,
    6.177561465134));
#5175 = CARTESIAN_POINT('',(-5.557724302058,-3.573570922965,
    6.198038596652));
#5176 = CARTESIAN_POINT('',(-5.386259954065,-3.837297579407,
    6.208263764398));
#5177 = CARTESIAN_POINT('',(-5.201308582045,-4.091840284721,
    6.21845975651));
#5178 = CARTESIAN_POINT('',(-5.001828317139,-4.337288910713,
    6.228806993872));
#5179 = CARTESIAN_POINT('',(-4.793906266033,-4.569595755272,
    6.238666159427));
#5180 = CARTESIAN_POINT('',(-4.567138607788,-4.796218045051,
    6.249433966355));
#5181 = CARTESIAN_POINT('',(-4.334746685617,-5.004041716936,
    6.25929301099));
#5182 = CARTESIAN_POINT('',(-4.089189549081,-5.20339061257,
    6.269640310605));
#5183 = CARTESIAN_POINT('',(-3.834554328272,-5.388214117937,
    6.279836284574));
#5184 = CARTESIAN_POINT('',(-3.57074043846,-5.559544296787,
    6.290061450064));
#5185 = CARTESIAN_POINT('',(-3.298542724238,-5.716604816838,
    6.300300010459));
#5186 = CARTESIAN_POINT('',(-3.026345010694,-5.873665336481,
    6.31053859367));
#5187 = CARTESIAN_POINT('',(-2.745989249961,-6.016327129791,
    6.32076377802));
#5188 = CARTESIAN_POINT('',(-2.458545374321,-6.144291868327,
    6.330959880396));
#5189 = CARTESIAN_POINT('',(-2.163066034337,-6.257116507491,
    6.34130674528));
#5190 = CARTESIAN_POINT('',(-1.866846876448,-6.354339078114,
    6.35116650264));
#5191 = CARTESIAN_POINT('',(-1.557149281708,-6.437215877767,
    6.36193427036));
#5192 = CARTESIAN_POINT('',(-1.251979538554,-6.501000734848,
    6.371792692747));
#5193 = CARTESIAN_POINT('',(-0.93964635384,-6.55086338803,6.382140309246
    ));
#5194 = CARTESIAN_POINT('',(-0.626713876287,-6.583607684955,
    6.392336132647));
#5195 = CARTESIAN_POINT('',(-0.312579293692,-6.600076984578,
    6.402561242252));
#5196 = CARTESIAN_POINT('',(1.680839712089E-03,-6.59999635614,
    6.412799753795));
#5197 = CARTESIAN_POINT('',(0.315940962449,-6.599915727517,
    6.423038573145));
#5198 = CARTESIAN_POINT('',(0.630066409477,-6.583286285536,6.43326398611
    ));
#5199 = CARTESIAN_POINT('',(0.942982042384,-6.550384332201,
    6.443461405871));
#5200 = CARTESIAN_POINT('',(1.255283399615,-6.500355873729,
    6.453803599194));
#5201 = CARTESIAN_POINT('',(1.560437701007,-6.436438380485,
    6.463671245099));
#5202 = CARTESIAN_POINT('',(1.870063569785,-6.353369320864,6.4744367541)
  );
#5203 = CARTESIAN_POINT('',(2.166260543703,-6.256023811993,
    6.484289289628));
#5204 = CARTESIAN_POINT('',(2.461677224376,-6.143040878828,
    6.494640185605));
#5205 = CARTESIAN_POINT('',(2.749060892634,-6.014931912647,6.50483452877
    ));
#5206 = CARTESIAN_POINT('',(3.029344972226,-5.872125348837,
    6.515059237786));
#5207 = CARTESIAN_POINT('',(3.301459650038,-5.714920697262,
    6.525297486518));
#5208 = CARTESIAN_POINT('',(3.573574236856,-5.557716096152,
    6.535538737165));
#5209 = CARTESIAN_POINT('',(3.837290286521,-5.386247026699,6.54576623164
    ));
#5210 = CARTESIAN_POINT('',(4.091824605485,-5.201276981228,6.55597437265
    ));
#5211 = CARTESIAN_POINT('',(4.337213947022,-5.001895495296,
    6.566275642859));
#5212 = CARTESIAN_POINT('',(4.569676962352,-4.793736054117,
    6.576219406608));
#5213 = CARTESIAN_POINT('',(4.795991010484,-4.567324313314,
    6.586937474172));
#5214 = CARTESIAN_POINT('',(5.004148358054,-4.334762046596,
    6.596769012538));
#5215 = CARTESIAN_POINT('',(5.203442117052,-4.089274916012,
    6.607137429341));
#5216 = CARTESIAN_POINT('',(5.388327725284,-3.834606724958,
    6.617325342382));
#5217 = CARTESIAN_POINT('',(5.559661825975,-3.570733622198,
    6.627551220628));
#5218 = CARTESIAN_POINT('',(5.716667191475,-3.29843360348,6.63779261511)
  );
#5219 = CARTESIAN_POINT('',(5.873672331753,-3.026133960327,
    6.648046643303));
#5220 = CARTESIAN_POINT('',(6.016172903505,-2.745715298437,
    6.658280025237));
#5221 = CARTESIAN_POINT('',(6.143947202289,-2.458039498965,
    6.668507712689));
#5222 = CARTESIAN_POINT('',(6.25663557687,-2.163995175233,6.67870547431)
  );
#5223 = CARTESIAN_POINT('',(6.354039058004,-1.864482296177,
    6.688890986519));
#5224 = CARTESIAN_POINT('',(6.43598766262,-1.560331950125,6.699100169112
    ));
#5225 = CARTESIAN_POINT('',(6.502166205703,-1.252281420333,
    6.709348284769));
#5226 = CARTESIAN_POINT('',(6.552097424196,-0.941042488052,
    6.719622918924));
#5227 = CARTESIAN_POINT('',(6.585294190935,-0.627418623225,
    6.729913553016));
#5228 = CARTESIAN_POINT('',(6.601404568644,-0.31234446732,6.740240041532
    ));
#5229 = CARTESIAN_POINT('',(6.599985427442,3.361242916263E-03,
    6.750599899839));
#5230 = DEFINITIONAL_REPRESENTATION('',(#5231),#5234);
#5231 = B_SPLINE_CURVE_WITH_KNOTS('',1,(#5232,#5233),.UNSPECIFIED.,.F.,
  .F.,(2,2),(0.,194.34023293828),.PIECEWISE_BEZIER_KNOTS.);
#5232 = CARTESIAN_POINT('',(6.28318530718,0.));
#5233 = CARTESIAN_POINT('',(6.28318530718,194.34023293828));
#5234 = ( GEOMETRIC_REPRESENTATION_CONTEXT(2) 
PARAMETRIC_REPRESENTATION_CONTEXT() REPRESENTATION_CONTEXT('2D SPACE',''
  ) );
#5235 = PCURVE('',#679,#5236);
#5236 = DEFINITIONAL_REPRESENTATION('',(#5237),#5241);
#5237 = LINE('',#5238,#5239);
#5238 = CARTESIAN_POINT('',(0.,0.));
#5239 = VECTOR('',#5240,1.);
#5240 = DIRECTION('',(0.,1.));
#5241 = ( GEOMETRIC_REPRESENTATION_CONTEXT(2) 
PARAMETRIC_REPRESENTATION_CONTEXT() REPRESENTATION_CONTEXT('2D SPACE',''
  ) );
#5242 = ORIENTED_EDGE('',*,*,#5243,.F.);
#5243 = EDGE_CURVE('',#24,#24,#5244,.T.);
#5244 = SURFACE_CURVE('',#5245,(#5253,#5260),.PCURVE_S1.);
#5245 = ( BOUNDED_CURVE() B_SPLINE_CURVE(6,(#5246,#5247,#5248,#5249,
#5250,#5251,#5252),.UNSPECIFIED.,.T.,.F.) B_SPLINE_CURVE_WITH_KNOTS((1,6
    ,6,1),(-6.28318530718,0.,6.28318530718,12.566370614359),
.UNSPECIFIED.) CURVE() GEOMETRIC_REPRESENTATION_ITEM() 
RATIONAL_B_SPLINE_CURVE((1.669078461068,1.03672962321,1.038346699848,
    0.853534330196,1.038346699848,1.03672962321,1.669078461068)) 
REPRESENTATION_ITEM('') );
#5246 = CARTESIAN_POINT('',(6.599985427442,3.361242916263E-03,
    6.750599899839));
#5247 = CARTESIAN_POINT('',(6.598988668018,3.357054901782E-03,
    7.41521638261));
#5248 = CARTESIAN_POINT('',(5.777056214131,-3.549381977437E-03,
    7.509411475227));
#5249 = CARTESIAN_POINT('',(5.100393293261,-9.240449776745E-03,
    6.7483508052));
#5250 = CARTESIAN_POINT('',(5.779335968359,-3.539803293269E-03,
    5.989323278192));
#5251 = CARTESIAN_POINT('',(6.600982186867,3.365430930743E-03,
    6.085983417069));
#5252 = CARTESIAN_POINT('',(6.599985427442,3.361242916263E-03,
    6.750599899839));
#5253 = PCURVE('',#679,#5254);
#5254 = DEFINITIONAL_REPRESENTATION('',(#5255),#5259);
#5255 = LINE('',#5256,#5257);
#5256 = CARTESIAN_POINT('',(0.,194.34023293828));
#5257 = VECTOR('',#5258,1.);
#5258 = DIRECTION('',(1.,0.));
#5259 = ( GEOMETRIC_REPRESENTATION_CONTEXT(2) 
PARAMETRIC_REPRESENTATION_CONTEXT() REPRESENTATION_CONTEXT('2D SPACE',''
  ) );
#5260 = PCURVE('',#5261,#5266);
#5261 = PLANE('',#5262);
#5262 = AXIS2_PLACEMENT_3D('',#5263,#5264,#5265);
#5263 = CARTESIAN_POINT('',(6.200063366985,5.32498968611E-07,
    6.750000095038));
#5264 = DIRECTION('',(8.403107290675E-03,-0.999964693251,
    6.301393177115E-06));
#5265 = DIRECTION('',(-0.999964693271,-8.403107290842E-03,0.));
#5266 = DEFINITIONAL_REPRESENTATION('',(#5267),#5275);
#5267 = ( BOUNDED_CURVE() B_SPLINE_CURVE(6,(#5268,#5269,#5270,#5271,
#5272,#5273,#5274),.UNSPECIFIED.,.T.,.F.) B_SPLINE_CURVE_WITH_KNOTS((1,6
    ,6,1),(-6.28318530718,0.,6.28318530718,12.566370614359),
.UNSPECIFIED.) CURVE() GEOMETRIC_REPRESENTATION_ITEM() 
RATIONAL_B_SPLINE_CURVE((1.669078461068,1.03672962321,1.038346699848,
    0.853534330196,1.038346699848,1.03672962321,1.669078461068)) 
REPRESENTATION_ITEM('') );
#5268 = CARTESIAN_POINT('',(-0.399936180927,-5.998048014133E-04));
#5269 = CARTESIAN_POINT('',(-0.398939421503,-0.665216287585));
#5270 = CARTESIAN_POINT('',(0.423022048167,-0.759411380204));
#5271 = CARTESIAN_POINT('',(1.099708900936,1.649289837708E-03));
#5272 = CARTESIAN_POINT('',(0.42074229394,0.760676816861));
#5273 = CARTESIAN_POINT('',(-0.400932940352,0.664016677982));
#5274 = CARTESIAN_POINT('',(-0.399936180927,-5.998048014133E-04));
#5275 = ( GEOMETRIC_REPRESENTATION_CONTEXT(2) 
PARAMETRIC_REPRESENTATION_CONTEXT() REPRESENTATION_CONTEXT('2D SPACE',''
  ) );
#5276 = ORIENTED_EDGE('',*,*,#21,.F.);
#5277 = ORIENTED_EDGE('',*,*,#5278,.T.);
#5278 = EDGE_CURVE('',#22,#22,#5279,.T.);
#5279 = SURFACE_CURVE('',#5280,(#5288,#5295),.PCURVE_S1.);
#5280 = ( BOUNDED_CURVE() B_SPLINE_CURVE(6,(#5281,#5282,#5283,#5284,
#5285,#5286,#5287),.UNSPECIFIED.,.T.,.F.) B_SPLINE_CURVE_WITH_KNOTS((1,6
    ,6,1),(-6.28318530718,0.,6.28318530718,12.566370614359),
.UNSPECIFIED.) CURVE() GEOMETRIC_REPRESENTATION_ITEM() 
RATIONAL_B_SPLINE_CURVE((1.669078461068,1.03672962321,1.038346699848,
    0.853534330196,1.038346699848,1.03672962321,1.669078461068)) 
REPRESENTATION_ITEM('') );
#5281 = CARTESIAN_POINT('',(6.6,1.214306433184E-16,-8.881784197001E-16)
  );
#5282 = CARTESIAN_POINT('',(6.6,-2.428612866368E-17,0.664617230228));
#5283 = CARTESIAN_POINT('',(5.778180723781,-2.081668171172E-17,
    0.760044953298));
#5284 = CARTESIAN_POINT('',(5.100353231597,-3.816391647149E-17,
    4.440892098501E-16));
#5285 = CARTESIAN_POINT('',(5.778180723781,-2.428612866368E-17,
    -0.760044953298));
#5286 = CARTESIAN_POINT('',(6.6,1.977584762614E-16,-0.664617230228));
#5287 = CARTESIAN_POINT('',(6.6,1.214306433184E-16,-8.881784197001E-16)
  );
#5288 = PCURVE('',#679,#5289);
#5289 = DEFINITIONAL_REPRESENTATION('',(#5290),#5294);
#5290 = LINE('',#5291,#5292);
#5291 = CARTESIAN_POINT('',(0.,0.));
#5292 = VECTOR('',#5293,1.);
#5293 = DIRECTION('',(1.,0.));
#5294 = ( GEOMETRIC_REPRESENTATION_CONTEXT(2) 
PARAMETRIC_REPRESENTATION_CONTEXT() REPRESENTATION_CONTEXT('2D SPACE',''
  ) );
#5295 = PCURVE('',#5296,#5301);
#5296 = PLANE('',#5297);
#5297 = AXIS2_PLACEMENT_3D('',#5298,#5299,#5300);
#5298 = CARTESIAN_POINT('',(6.200063369294,5.512907161631E-17,
    -2.589185193058E-16));
#5299 = DIRECTION('',(-0.,-1.,-0.));
#5300 = DIRECTION('',(0.,0.,-1.));
#5301 = DEFINITIONAL_REPRESENTATION('',(#5302),#5310);
#5302 = ( BOUNDED_CURVE() B_SPLINE_CURVE(6,(#5303,#5304,#5305,#5306,
#5307,#5308,#5309),.UNSPECIFIED.,.T.,.F.) B_SPLINE_CURVE_WITH_KNOTS((1,6
    ,6,1),(-6.28318530718,0.,6.28318530718,12.566370614359),
.UNSPECIFIED.) CURVE() GEOMETRIC_REPRESENTATION_ITEM() 
RATIONAL_B_SPLINE_CURVE((1.669078461068,1.03672962321,1.038346699848,
    0.853534330196,1.038346699848,1.03672962321,1.669078461068)) 
REPRESENTATION_ITEM('') );
#5303 = CARTESIAN_POINT('',(6.292599003943E-16,0.399936630706));
#5304 = CARTESIAN_POINT('',(-0.664617230228,0.399936630706));
#5305 = CARTESIAN_POINT('',(-0.760044953298,-0.421882645513));
#5306 = CARTESIAN_POINT('',(-7.030077291559E-16,-1.099710137697));
#5307 = CARTESIAN_POINT('',(0.760044953298,-0.421882645513));
#5308 = CARTESIAN_POINT('',(0.664617230228,0.399936630706));
#5309 = CARTESIAN_POINT('',(6.292599003943E-16,0.399936630706));
#5310 = ( GEOMETRIC_REPRESENTATION_CONTEXT(2) 
PARAMETRIC_REPRESENTATION_CONTEXT() REPRESENTATION_CONTEXT('2D SPACE',''
  ) );
#5311 = ADVANCED_FACE('',(#5312),#5296,.T.);
#5312 = FACE_BOUND('',#5313,.T.);
#5313 = EDGE_LOOP('',(#5314));
#5314 = ORIENTED_EDGE('',*,*,#5278,.T.);
#5315 = ADVANCED_FACE('',(#5316),#5261,.F.);
#5316 = FACE_BOUND('',#5317,.F.);
#5317 = EDGE_LOOP('',(#5318));
#5318 = ORIENTED_EDGE('',*,*,#5243,.T.);
#5319 = ( GEOMETRIC_REPRESENTATION_CONTEXT(3) 
GLOBAL_UNCERTAINTY_ASSIGNED_CONTEXT((#5323)) 
GLOBAL_UNIT_ASSIGNED_CONTEXT((#5320,#5321,#5322)) REPRESENTATION_CONTEXT
('Context #1','3D Context with UNIT and UNCERTAINTY') );
#5320 = ( LENGTH_UNIT() NAMED_UNIT(*) SI_UNIT(.MILLI.,.METRE.) );
#5321 = ( NAMED_UNIT(*) PLANE_ANGLE_UNIT() SI_UNIT($,.RADIAN.) );
#5322 = ( NAMED_UNIT(*) SI_UNIT($,.STERADIAN.) SOLID_ANGLE_UNIT() );
#5323 = UNCERTAINTY_MEASURE_WITH_UNIT(LENGTH_MEASURE(2.E-05),#5320,
  'distance_accuracy_value','confusion accuracy');
#5324 = PRODUCT_RELATED_PRODUCT_CATEGORY('part',$,(#7));
ENDSEC;
END-ISO-10303-21;
