ISO-10303-21;
HEADER;
FILE_DESCRIPTION(('Open CASCADE Model'),'2;1');
FILE_NAME('Open CASCADE Shape Model','2026-08-15T08:52:41',('Author'),(
    'Open CASCADE'),'Open CASCADE STEP processor 7.9','Open CASCADE 7.9'
  ,'Unknown');
FILE_SCHEMA(('AUTOMOTIVE_DESIGN { 1 0 10303 214 1 1 1 1 }'));
ENDSEC;
DATA;
#1 = APPLICATION_PROTOCOL_DEFINITION('international standard',
  'automotive_design',2000,#2);
#2 = APPLICATION_CONTEXT(
  'core data for automotive mechanical design processes');
#3 = SHAPE_DEFINITION_REPRESENTATION(#4,#10);
#4 = PRODUCT_DEFINITION_SHAPE('','',#5);
#5 = PRODUCT_DEFINITION('design','',#6,#9);
#6 = PRODUCT_DEFINITION_FORMATION('','',#7);
#7 = PRODUCT('Open CASCADE STEP translator 7.9 14',
  'Open CASCADE STEP translator 7.9 14','',(#8));
#8 = PRODUCT_CONTEXT('',#2,'mechanical');
#9 = PRODUCT_DEFINITION_CONTEXT('part definition',#2,'design');
#10 = ADVANCED_BREP_SHAPE_REPRESENTATION('',(#11,#15),#7247);
#11 = AXIS2_PLACEMENT_3D('',#12,#13,#14);
#12 = CARTESIAN_POINT('',(0.,0.,0.));
#13 = DIRECTION('',(0.,0.,1.));
#14 = DIRECTION('',(1.,0.,-0.));
#15 = MANIFOLD_SOLID_BREP('',#16);
#16 = CLOSED_SHELL('',(#17,#7239,#7243));
#17 = ADVANCED_FACE('',(#18),#920,.F.);
#18 = FACE_BOUND('',#19,.F.);
#19 = EDGE_LOOP('',(#20,#7170,#7204,#7205));
#20 = ORIENTED_EDGE('',*,*,#21,.T.);
#21 = EDGE_CURVE('',#22,#24,#26,.T.);
#22 = VERTEX_POINT('',#23);
#23 = CARTESIAN_POINT('',(9.,1.249000902703E-16,0.));
#24 = VERTEX_POINT('',#25);
#25 = CARTESIAN_POINT('',(8.999978294219,5.053425815286E-03,
    8.700713690247));
#26 = SEAM_CURVE('',#27,(#919,#7163),.PCURVE_S1.);
#27 = ( BOUNDED_CURVE() B_SPLINE_CURVE(11,(#28,#29,#30,#31,#32,#33,#34,
    #35,#36,#37,#38,#39,#40,#41,#42,#43,#44,#45,#46,#47,#48,#49,#50,#51,
    #52,#53,#54,#55,#56,#57,#58,#59,#60,#61,#62,#63,#64,#65,#66,#67,#68,
    #69,#70,#71,#72,#73,#74,#75,#76,#77,#78,#79,#80,#81,#82,#83,#84,#85,
    #86,#87,#88,#89,#90,#91,#92,#93,#94,#95,#96,#97,#98,#99,#100,#101,
    #102,#103,#104,#105,#106,#107,#108,#109,#110,#111,#112,#113,#114,
    #115,#116,#117,#118,#119,#120,#121,#122,#123,#124,#125,#126,#127,
    #128,#129,#130,#131,#132,#133,#134,#135,#136,#137,#138,#139,#140,
    #141,#142,#143,#144,#145,#146,#147,#148,#149,#150,#151,#152,#153,
    #154,#155,#156,#157,#158,#159,#160,#161,#162,#163,#164,#165,#166,
    #167,#168,#169,#170,#171,#172,#173,#174,#175,#176,#177,#178,#179,
    #180,#181,#182,#183,#184,#185,#186,#187,#188,#189,#190,#191,#192,
    #193,#194,#195,#196,#197,#198,#199,#200,#201,#202,#203,#204,#205,
    #206,#207,#208,#209,#210,#211,#212,#213,#214,#215,#216,#217,#218,
    #219,#220,#221,#222,#223,#224,#225,#226,#227,#228,#229,#230,#231,
    #232,#233,#234,#235,#236,#237,#238,#239,#240,#241,#242,#243,#244,
    #245,#246,#247,#248,#249,#250,#251,#252,#253,#254,#255,#256,#257,
    #258,#259,#260,#261,#262,#263,#264,#265,#266,#267,#268,#269,#270,
    #271,#272,#273,#274,#275,#276,#277,#278,#279,#280,#281,#282,#283,
    #284,#285,#286,#287,#288,#289,#290,#291,#292,#293,#294,#295,#296,
    #297,#298,#299,#300,#301,#302,#303,#304,#305,#306,#307,#308,#309,
    #310,#311,#312,#313,#314,#315,#316,#317,#318,#319,#320,#321,#322,
    #323,#324,#325,#326,#327,#328,#329,#330,#331,#332,#333,#334,#335,
    #336,#337,#338,#339,#340,#341,#342,#343,#344,#345,#346,#347,#348,
    #349,#350,#351,#352,#353,#354,#355,#356,#357,#358,#359,#360,#361,
    #362,#363,#364,#365,#366,#367,#368,#369,#370,#371,#372,#373,#374,
    #375,#376,#377,#378,#379,#380,#381,#382,#383,#384,#385,#386,#387,
    #388,#389,#390,#391,#392,#393,#394,#395,#396,#397,#398,#399,#400,
    #401,#402,#403,#404,#405,#406,#407,#408,#409,#410,#411,#412,#413,
    #414,#415,#416,#417,#418,#419,#420,#421,#422,#423,#424,#425,#426,
    #427,#428,#429,#430,#431,#432,#433,#434,#435,#436,#437,#438,#439,
    #440,#441,#442,#443,#444,#445,#446,#447,#448,#449,#450,#451,#452,
    #453,#454,#455,#456,#457,#458,#459,#460,#461,#462,#463,#464,#465,
    #466,#467,#468,#469,#470,#471,#472,#473,#474,#475,#476,#477,#478,
    #479,#480,#481,#482,#483,#484,#485,#486,#487,#488,#489,#490,#491,
    #492,#493,#494,#495,#496,#497,#498,#499,#500,#501,#502,#503,#504,
    #505,#506,#507,#508,#509,#510,#511,#512,#513,#514,#515,#516,#517,
    #518,#519,#520,#521,#522,#523,#524,#525,#526,#527,#528,#529,#530,
    #531,#532,#533,#534,#535,#536,#537,#538,#539,#540,#541,#542,#543,
    #544,#545,#546,#547,#548,#549,#550,#551,#552,#553,#554,#555,#556,
    #557,#558,#559,#560,#561,#562,#563,#564,#565,#566,#567,#568,#569,
    #570,#571,#572,#573,#574,#575,#576,#577,#578,#579,#580,#581,#582,
    #583,#584,#585,#586,#587,#588,#589,#590,#591,#592,#593,#594,#595,
    #596,#597,#598,#599,#600,#601,#602,#603,#604,#605,#606,#607,#608,
    #609,#610,#611,#612,#613,#614,#615,#616,#617,#618,#619,#620,#621,
    #622,#623,#624,#625,#626,#627,#628,#629,#630,#631,#632,#633,#634,
    #635,#636,#637,#638,#639,#640,#641,#642,#643,#644,#645,#646,#647,
    #648,#649,#650,#651,#652,#653,#654,#655,#656,#657,#658,#659,#660,
    #661,#662,#663,#664,#665,#666,#667,#668,#669,#670,#671,#672,#673,
    #674,#675,#676,#677,#678,#679,#680,#681,#682,#683,#684,#685,#686,
    #687,#688,#689,#690,#691,#692,#693,#694,#695,#696,#697,#698,#699,
    #700,#701,#702,#703,#704,#705,#706,#707,#708,#709,#710,#711,#712,
    #713,#714,#715,#716,#717,#718,#719,#720,#721,#722,#723,#724,#725,
    #726,#727,#728,#729,#730,#731,#732,#733,#734,#735,#736,#737,#738,
    #739,#740,#741,#742,#743,#744,#745,#746,#747,#748,#749,#750,#751,
    #752,#753,#754,#755,#756,#757,#758,#759,#760,#761,#762,#763,#764,
    #765,#766,#767,#768,#769,#770,#771,#772,#773,#774,#775,#776,#777,
    #778,#779,#780,#781,#782,#783,#784,#785,#786,#787,#788,#789,#790,
    #791,#792,#793,#794,#795,#796,#797,#798,#799,#800,#801,#802,#803,
    #804,#805,#806,#807,#808,#809,#810,#811,#812,#813,#814,#815,#816,
    #817,#818,#819,#820,#821,#822,#823,#824,#825,#826,#827,#828,#829,
    #830,#831,#832,#833,#834,#835,#836,#837,#838,#839,#840,#841,#842,
    #843,#844,#845,#846,#847,#848,#849,#850,#851,#852,#853,#854,#855,
    #856,#857,#858,#859,#860,#861,#862,#863,#864,#865,#866,#867,#868,
    #869,#870,#871,#872,#873,#874,#875,#876,#877,#878,#879,#880,#881,
    #882,#883,#884,#885,#886,#887,#888,#889,#890,#891,#892,#893,#894,
    #895,#896,#897,#898,#899,#900,#901,#902,#903,#904,#905,#906,#907,
    #908,#909,#910,#911,#912,#913,#914,#915,#916,#917,#918),
.UNSPECIFIED.,.F.,.F.) B_SPLINE_CURVE_WITH_KNOTS((12,11,11,11,11,10,10,
    10,10,10,10,10,10,10,10,10,10,10,10,10,10,10,10,10,10,10,10,10,10,10
    ,10,10,10,10,10,10,10,10,10,10,10,10,10,10,10,10,10,10,10,10,10,10,
    10,10,10,10,10,10,10,10,10,10,10,10,10,10,10,10,10,10,10,10,10,10,10
    ,10,10,10,10,10,10,10,10,11,11,11,11,11,12),(0.,4.387344330092,
    8.774688660184,13.162032990276,17.549377320368,19.743049485414,
    24.130393815506,28.517738145599,32.905082475691,37.292426805783,
    39.486098970829,43.873443300921,46.067115465967,48.260787631013,
    50.454459796059,54.841804126151,59.229148456243,63.616492786335,
    68.003837116427,72.391181446519,74.584853611565,78.972197941658,
    83.35954227175,85.553214436796,87.746886601842,89.940558766888,
    94.32790309698,98.715247427072,103.10259175716,107.48993608725,
    111.87728041734,116.26462474744,118.45829691248,122.84564124257,
    125.03931340762,127.23298557267,129.42665773771,133.8140020678,
    138.2013463979,142.58869072799,146.97603505808,151.36337938817,
    153.55705155322,157.94439588331,162.3317402134,164.52541237845,
    166.71908454349,171.10642887359,173.30010103863,177.68744536872,
    182.07478969882,186.46213402891,190.849478359,193.04315052405,
    197.43049485414,201.81783918423,204.01151134928,206.20518351432,
    210.59252784442,214.97987217451,217.17354433955,221.56088866965,
    225.94823299974,230.33557732983,234.72292165992,236.91659382497,
    241.30393815506,243.49761032011,245.69128248515,250.07862681524,
    252.27229898029,256.65964331038,258.85331547543,263.24065980552,
    267.62800413561,269.82167630066,272.0153484657,276.4026927958,
    278.59636496084,282.98370929093,287.37105362103,291.75839795112,
    296.14574228121,300.5330866113,304.9204309414,307.11410310644,
    309.30777527149,311.50144743653,315.88879176663),.UNSPECIFIED.) 
CURVE() GEOMETRIC_REPRESENTATION_ITEM() RATIONAL_B_SPLINE_CURVE((
    1.669078461068,1.669078461068,1.669078461068,1.669078461069,
    1.669078461066,1.669078461071,1.669078461066,1.66907846107,
    1.669078461067,1.669078461069,1.669078461068,1.669078461068,
    1.669078461068,1.669078461068,1.669078461068,1.669078461069,
    1.669078461067,1.669078461069,1.669078461068,1.669078461069,
    1.669078461068,1.669078461068,1.669078461068,1.669078461068,
    1.669078461068,1.66907846107,1.669078461066,1.669078461071,
    1.669078461066,1.66907846107,1.669078461067,1.669078461069,
    1.669078461068,1.669078461068,1.669078461068,1.669078461068,
    1.66907846107,1.669078461065,1.669078461072,1.669078461065,
    1.669078461071,1.669078461067,1.669078461069,1.669078461068,
    1.669078461068,1.669078461068,1.669078461068,1.669078461068,
    1.669078461069,1.669078461067,1.669078461069,1.669078461067,
    1.669078461069,1.669078461068,1.669078461068,1.669078461068,
    1.669078461068,1.669078461068,1.669078461069,1.669078461068,
    1.669078461069,1.669078461068,1.669078461068,1.669078461068,
    1.669078461068,1.669078461068,1.669078461069,1.669078461067,
    1.66907846107,1.669078461066,1.669078461071,1.669078461066,
    1.669078461069,1.669078461068,1.669078461068,1.669078461068,
    1.669078461069,1.669078461066,1.669078461072,1.669078461063,
    1.669078461073,1.669078461065,1.66907846107,1.669078461068,
    1.669078461068,1.669078461068,1.669078461069,1.669078461068,
    1.669078461069,1.669078461067,1.669078461069,1.669078461068,
    1.669078461068,1.669078461068,1.669078461068,1.669078461068,
    1.669078461068,1.669078461068,1.669078461069,1.669078461067,
    1.669078461069,1.669078461067,1.669078461069,1.669078461068,
    1.669078461068,1.669078461068,1.669078461068,1.669078461069,
    1.669078461067,1.669078461069,1.669078461067,1.669078461069,
    1.669078461068,1.669078461068,1.669078461068,1.669078461068,
    1.669078461068,1.669078461068,1.669078461068,1.669078461069,
    1.669078461068,1.669078461069,1.669078461068,1.669078461068,
    1.669078461068,1.669078461068,1.669078461068,1.669078461069,
    1.669078461066,1.66907846107,1.669078461066,1.66907846107,
    1.669078461067,1.669078461069,1.669078461068,1.669078461068,
    1.669078461068,1.669078461068,1.669078461068,1.669078461069,
    1.669078461068,1.669078461068,1.669078461068,1.669078461068,
    1.669078461068,1.669078461068,1.669078461068,1.669078461069,
    1.669078461067,1.669078461069,1.669078461068,1.669078461069,
    1.669078461068,1.669078461068,1.669078461068,1.669078461068,
    1.669078461069,1.669078461066,1.669078461071,1.669078461065,
    1.669078461072,1.669078461066,1.66907846107,1.669078461068,
    1.669078461068,1.669078461068,1.669078461069,1.669078461067,
    1.66907846107,1.669078461066,1.66907846107,1.669078461067,
    1.669078461069,1.669078461068,1.669078461068,1.669078461068,
    1.669078461068,1.669078461069,1.669078461067,1.669078461069,
    1.669078461067,1.669078461069,1.669078461068,1.669078461068,
    1.669078461068,1.669078461068,1.669078461068,1.669078461068,
    1.669078461068,1.669078461068,1.669078461068,1.669078461068,
    1.669078461068,1.669078461068,1.669078461068,1.669078461068,
    1.669078461068,1.669078461069,1.669078461066,1.669078461071,
    1.669078461066,1.66907846107,1.669078461068,1.669078461068,
    1.669078461068,1.669078461068,1.669078461068,1.669078461068,
    1.669078461068,1.669078461069,1.669078461067,1.669078461069,
    1.669078461068,1.669078461068,1.669078461068,1.669078461068,
    1.669078461068,1.669078461068,1.669078461068,1.669078461069,
    1.669078461068,1.669078461069,1.669078461068,1.669078461068,
    1.669078461068,1.669078461068,1.669078461068,1.669078461069,
    1.669078461067,1.669078461069,1.669078461067,1.669078461069,
    1.669078461068,1.669078461068,1.669078461068,1.669078461068,
    1.669078461069,1.669078461067,1.66907846107,1.669078461066,
    1.66907846107,1.669078461067,1.669078461069,1.669078461068,
    1.669078461068,1.669078461068,1.669078461068,1.669078461069,
    1.669078461067,1.66907846107,1.669078461067,1.669078461069,
    1.669078461068,1.669078461069,1.669078461068,1.669078461068,
    1.669078461068,1.66907846107,1.669078461066,1.669078461072,
    1.669078461065,1.66907846107,1.669078461067,1.669078461069,
    1.669078461068,1.669078461068,1.669078461068,1.669078461069,
    1.669078461067,1.669078461069,1.669078461067,1.669078461069,
    1.669078461068,1.669078461068,1.669078461068,1.669078461068,
    1.669078461068,1.669078461068,1.669078461069,1.669078461068,
    1.669078461068,1.669078461068,1.669078461068,1.669078461068,
    1.669078461068,1.669078461068,1.669078461068,1.669078461069,
    1.669078461066,1.669078461071,1.669078461066,1.66907846107,
    1.669078461067,1.669078461069,1.669078461068,1.669078461068,
    1.669078461068,1.669078461068,1.669078461068,1.669078461069,
    1.669078461068,1.669078461069,1.669078461068,1.669078461068,
    1.669078461068,1.669078461068,1.669078461068,1.66907846107,
    1.669078461066,1.669078461071,1.669078461066,1.66907846107,
    1.669078461067,1.669078461069,1.669078461068,1.669078461068,
    1.669078461068,1.669078461069,1.669078461067,1.66907846107,
    1.669078461067,1.669078461069,1.669078461068,1.669078461068,
    1.669078461068,1.669078461068,1.669078461068,1.669078461068,
    1.669078461069,1.669078461068,1.669078461069,1.669078461068,
    1.669078461068,1.669078461068,1.669078461068,1.669078461068,
    1.669078461068,1.66907846107,1.669078461066,1.669078461071,
    1.669078461065,1.66907846107,1.669078461067,1.669078461069,
    1.669078461068,1.669078461068,1.669078461068,1.669078461069,
    1.669078461067,1.66907846107,1.669078461067,1.669078461069,
    1.669078461068,1.669078461068,1.669078461068,1.669078461068,
    1.669078461068,1.669078461069,1.669078461068,1.669078461069,
    1.669078461068,1.669078461069,1.669078461068,1.669078461068,
    1.669078461068,1.669078461068,1.669078461068,1.669078461069,
    1.669078461067,1.669078461069,1.669078461067,1.669078461069,
    1.669078461068,1.669078461068,1.669078461068,1.669078461068,
    1.669078461069,1.669078461067,1.66907846107,1.669078461066,
    1.66907846107,1.669078461067,1.669078461069,1.669078461068,
    1.669078461068,1.669078461068,1.669078461068,1.669078461069,
    1.669078461067,1.66907846107,1.669078461066,1.66907846107,
    1.669078461068,1.669078461068,1.669078461068,1.669078461068,
    1.669078461068,1.669078461068,1.669078461069,1.669078461067,
    1.669078461069,1.669078461068,1.669078461068,1.669078461068,
    1.669078461068,1.669078461068,1.669078461069,1.669078461067,
    1.66907846107,1.669078461066,1.669078461071,1.669078461066,
    1.669078461069,1.669078461068,1.669078461068,1.669078461068,
    1.669078461068,1.669078461068,1.669078461068,1.669078461068,
    1.669078461069,1.669078461068,1.669078461068,1.669078461068,
    1.669078461068,1.669078461068,1.669078461068,1.669078461069,
    1.669078461067,1.669078461069,1.669078461067,1.669078461069,
    1.669078461068,1.669078461068,1.669078461068,1.669078461068,
    1.669078461068,1.66907846107,1.669078461065,1.669078461072,
    1.669078461064,1.669078461071,1.669078461067,1.669078461069,
    1.669078461068,1.669078461068,1.669078461068,1.669078461069,
    1.669078461066,1.669078461071,1.669078461066,1.66907846107,
    1.669078461067,1.669078461069,1.669078461068,1.669078461068,
    1.669078461068,1.66907846107,1.669078461066,1.669078461071,
    1.669078461066,1.66907846107,1.669078461067,1.669078461069,
    1.669078461068,1.669078461068,1.669078461068,1.66907846107,
    1.669078461066,1.669078461071,1.669078461066,1.66907846107,
    1.669078461067,1.669078461069,1.669078461068,1.669078461068,
    1.669078461068,1.669078461068,1.669078461068,1.669078461068,
    1.669078461068,1.669078461068,1.669078461068,1.669078461068,
    1.669078461068,1.669078461068,1.669078461068,1.669078461069,
    1.669078461067,1.66907846107,1.669078461066,1.66907846107,
    1.669078461068,1.669078461068,1.669078461068,1.669078461068,
    1.669078461068,1.669078461068,1.669078461069,1.669078461067,
    1.669078461069,1.669078461067,1.669078461069,1.669078461068,
    1.669078461068,1.669078461068,1.669078461068,1.66907846107,
    1.669078461066,1.669078461071,1.669078461066,1.66907846107,
    1.669078461067,1.669078461069,1.669078461068,1.669078461068,
    1.669078461068,1.669078461068,1.669078461068,1.669078461068,
    1.669078461068,1.669078461068,1.669078461068,1.669078461068,
    1.669078461068,1.669078461068,1.669078461068,1.669078461069,
    1.669078461067,1.66907846107,1.669078461067,1.669078461069,
    1.669078461068,1.669078461068,1.669078461068,1.669078461068,
    1.669078461068,1.669078461068,1.669078461068,1.669078461069,
    1.669078461068,1.669078461069,1.669078461068,1.669078461068,
    1.669078461068,1.669078461068,1.669078461068,1.669078461069,
    1.669078461066,1.66907846107,1.669078461066,1.66907846107,
    1.669078461067,1.669078461069,1.669078461068,1.669078461068,
    1.669078461068,1.669078461069,1.669078461068,1.669078461069,
    1.669078461067,1.669078461069,1.669078461068,1.669078461068,
    1.669078461068,1.669078461068,1.669078461068,1.669078461069,
    1.669078461067,1.66907846107,1.669078461067,1.669078461069,
    1.669078461068,1.669078461068,1.669078461068,1.669078461068,
    1.669078461068,1.669078461068,1.669078461069,1.669078461067,
    1.669078461069,1.669078461068,1.669078461069,1.669078461068,
    1.669078461068,1.669078461068,1.669078461068,1.669078461068,
    1.669078461068,1.669078461068,1.669078461068,1.669078461068,
    1.669078461068,1.669078461068,1.669078461068,1.669078461068,
    1.669078461068,1.669078461069,1.669078461067,1.66907846107,
    1.669078461067,1.66907846107,1.669078461067,1.669078461069,
    1.669078461068,1.669078461068,1.669078461068,1.66907846107,
    1.669078461066,1.66907846107,1.669078461066,1.66907846107,
    1.669078461068,1.669078461068,1.669078461068,1.669078461068,
    1.669078461069,1.669078461067,1.66907846107,1.669078461066,
    1.66907846107,1.669078461067,1.669078461069,1.669078461068,
    1.669078461068,1.669078461068,1.669078461068,1.669078461069,
    1.669078461066,1.66907846107,1.669078461066,1.66907846107,
    1.669078461068,1.669078461068,1.669078461068,1.669078461068,
    1.669078461068,1.669078461068,1.669078461068,1.669078461068,
    1.669078461068,1.669078461068,1.669078461068,1.669078461068,
    1.669078461068,1.669078461068,1.669078461068,1.66907846107,
    1.669078461065,1.669078461073,1.669078461064,1.669078461071,
    1.669078461066,1.669078461069,1.669078461068,1.669078461068,
    1.669078461068,1.66907846107,1.669078461066,1.669078461071,
    1.669078461065,1.669078461071,1.669078461067,1.669078461069,
    1.669078461068,1.669078461068,1.669078461068,1.66907846107,
    1.669078461066,1.669078461071,1.669078461066,1.66907846107,
    1.669078461067,1.669078461069,1.669078461068,1.669078461068,
    1.669078461068,1.669078461068,1.669078461068,1.669078461068,
    1.669078461068,1.669078461068,1.669078461068,1.669078461068,
    1.669078461068,1.669078461068,1.669078461068,1.669078461069,
    1.669078461067,1.66907846107,1.669078461067,1.669078461069,
    1.669078461068,1.669078461068,1.669078461068,1.669078461068,
    1.669078461069,1.669078461067,1.66907846107,1.669078461066,
    1.66907846107,1.669078461067,1.669078461069,1.669078461068,
    1.669078461068,1.669078461068,1.669078461067,1.669078461071,
    1.669078461064,1.669078461073,1.669078461064,1.669078461072,
    1.669078461066,1.669078461069,1.669078461068,1.669078461068,
    1.669078461068,1.669078461069,1.669078461066,1.669078461071,
    1.669078461066,1.66907846107,1.669078461067,1.669078461069,
    1.669078461068,1.669078461068,1.669078461068,1.669078461069,
    1.669078461067,1.66907846107,1.669078461067,1.669078461069,
    1.669078461068,1.669078461068,1.669078461068,1.669078461068,
    1.669078461068,1.669078461069,1.669078461068,1.669078461069,
    1.669078461068,1.669078461069,1.669078461068,1.669078461068,
    1.669078461068,1.669078461068,1.669078461068,1.669078461069,
    1.669078461067,1.669078461069,1.669078461067,1.669078461069,
    1.669078461068,1.669078461068,1.669078461068,1.669078461068,
    1.669078461068,1.669078461069,1.669078461067,1.66907846107,
    1.669078461067,1.669078461069,1.669078461068,1.669078461068,
    1.669078461068,1.669078461068,1.669078461068,1.669078461068,
    1.669078461069,1.669078461068,1.669078461069,1.669078461068,
    1.669078461068,1.669078461068,1.669078461068,1.669078461068,
    1.669078461069,1.669078461067,1.669078461071,1.669078461065,
    1.669078461071,1.669078461067,1.669078461069,1.669078461068,
    1.669078461068,1.669078461068,1.669078461068,1.669078461069,
    1.669078461067,1.66907846107,1.669078461067,1.669078461069,
    1.669078461068,1.669078461068,1.669078461068,1.669078461068,
    1.669078461068,1.669078461069,1.669078461067,1.669078461069,
    1.669078461067,1.669078461069,1.669078461068,1.669078461068,
    1.669078461068,1.669078461068,1.669078461069,1.669078461067,
    1.66907846107,1.669078461066,1.66907846107,1.669078461067,
    1.669078461069,1.669078461068,1.669078461068,1.669078461068,
    1.669078461069,1.669078461067,1.66907846107,1.669078461066,
    1.669078461071,1.669078461066,1.669078461069,1.669078461068,
    1.669078461068,1.669078461068,1.669078461068,1.669078461069,
    1.669078461066,1.669078461071,1.669078461066,1.66907846107,
    1.669078461067,1.669078461069,1.669078461068,1.669078461068,
    1.669078461068,1.669078461068,1.669078461069,1.669078461067,
    1.669078461069,1.669078461067,1.669078461069,1.669078461068,
    1.669078461068,1.669078461068,1.669078461068,1.669078461068,
    1.669078461068,1.669078461068,1.669078461068,1.669078461069,
    1.669078461068,1.669078461068,1.669078461068,1.669078461068,
    1.669078461068,1.669078461068,1.669078461068,1.669078461068,
    1.669078461068,1.669078461069,1.669078461067,1.66907846107,
    1.669078461067,1.669078461069,1.669078461068,1.669078461068,
    1.669078461068,1.669078461068,1.669078461068,1.669078461069,
    1.669078461067,1.669078461069,1.669078461067,1.669078461069,
    1.669078461068,1.669078461068,1.669078461068,1.669078461068,
    1.669078461068,1.669078461069,1.669078461067,1.66907846107,
    1.669078461065,1.669078461071,1.669078461066,1.669078461069,
1.669078461068,1.669078461068,1.669078461068)) REPRESENTATION_ITEM('') 
  );
#28 = CARTESIAN_POINT('',(9.,1.249000902703E-16,0.));
#29 = CARTESIAN_POINT('',(9.00169267675,0.430663381516,
    1.114273451108E-02));
#30 = CARTESIAN_POINT('',(8.979476884725,0.860406235827,
    2.224569357105E-02));
#31 = CARTESIAN_POINT('',(8.933992257601,1.288007815214,
    3.32966510622E-02));
#32 = CARTESIAN_POINT('',(8.865608202732,1.712622670691,
    4.435576223466E-02));
#33 = CARTESIAN_POINT('',(8.775137497531,2.132636011332,
    5.536623082556E-02));
#34 = CARTESIAN_POINT('',(8.663240952885,2.547060482332,
    6.631055904239E-02));
#35 = CARTESIAN_POINT('',(8.530216042413,2.955380541282,
    7.724657156954E-02));
#36 = CARTESIAN_POINT('',(8.376295800785,3.356446764309,
    8.821424839548E-02));
#37 = CARTESIAN_POINT('',(8.201888863331,3.748513357259,
    9.919030624756E-02));
#38 = CARTESIAN_POINT('',(8.007367253026,4.130797881713,0.110182433389)
  );
#39 = CARTESIAN_POINT('',(7.793055419404,4.502022731281,0.121199108846)
  );
#40 = CARTESIAN_POINT('',(7.578743385845,4.87324794226,0.132200754182));
#41 = CARTESIAN_POINT('',(7.344909184324,5.232953311577,0.143183932657)
  );
#42 = CARTESIAN_POINT('',(7.092632043657,5.580069815264,0.154121947467)
  );
#43 = CARTESIAN_POINT('',(6.820569993407,5.914770485335,0.165274710188)
  );
#44 = CARTESIAN_POINT('',(6.536903578877,6.231461279935,0.175788745915)
  );
#45 = CARTESIAN_POINT('',(6.227623154169,6.540467345329,0.187357567729)
  );
#46 = CARTESIAN_POINT('',(5.910816128169,6.823850248494,0.198005037012)
  );
#47 = CARTESIAN_POINT('',(5.575943633754,7.095653658055,0.20907795925));
#48 = CARTESIAN_POINT('',(5.228747736694,7.347675606945,0.220040044863)
  );
#49 = CARTESIAN_POINT('',(4.869012548774,7.581304141278,0.231025163316)
  );
#50 = CARTESIAN_POINT('',(4.497818094808,7.795482139963,0.242026639883)
  );
#51 = CARTESIAN_POINT('',(4.126623556734,8.009660189207,0.253024545123)
  );
#52 = CARTESIAN_POINT('',(3.744315614467,8.204189959489,0.264006336602)
  );
#53 = CARTESIAN_POINT('',(3.352375952571,8.378665135202,0.27495200887));
#54 = CARTESIAN_POINT('',(2.949292328966,8.53253827954,0.286083912086));
#55 = CARTESIAN_POINT('',(2.545805887501,8.664988506919,0.296622979719)
  );
#56 = CARTESIAN_POINT('',(2.122813299279,8.778167742821,0.308248170317)
  );
#57 = CARTESIAN_POINT('',(1.70713234374,8.865006235397,0.318805124488));
#58 = CARTESIAN_POINT('',(1.281073213284,8.933035049948,0.329926715058)
  );
#59 = CARTESIAN_POINT('',(0.854387505333,8.977667108145,0.340876046882)
  );
#60 = CARTESIAN_POINT('',(0.426025301282,9.000115322957,0.351858688793)
  );
#61 = CARTESIAN_POINT('',(-2.526402093068E-03,8.999994574682,
    0.362857273973));
#62 = CARTESIAN_POINT('',(-0.431078115529,8.999873826583,0.373855492961)
  );
#63 = CARTESIAN_POINT('',(-0.85942847115,8.977185779133,0.384837761958)
  );
#64 = CARTESIAN_POINT('',(-1.286090610163,8.932318596989,0.395785196368)
  );
#65 = CARTESIAN_POINT('',(-1.712112902904,8.864034092465,0.406913195968)
  );
#66 = CARTESIAN_POINT('',(-2.127742716317,8.777010348647,0.417459273951)
  );
#67 = CARTESIAN_POINT('',(-2.550683625216,8.66352390977,0.42908714151));
#68 = CARTESIAN_POINT('',(-2.954076275304,8.530889011655,0.439634716954)
  );
#69 = CARTESIAN_POINT('',(-3.357075246686,8.376774005579,0.450761862649)
  );
#70 = CARTESIAN_POINT('',(-3.748911820158,8.202082531733,0.461709627456)
  );
#71 = CARTESIAN_POINT('',(-4.131109037177,8.007341360458,0.472691997384)
  );
#72 = CARTESIAN_POINT('',(-4.502185504382,7.792960566485,0.483690301757)
  );
#73 = CARTESIAN_POINT('',(-4.68772373831,7.685770169319,0.489189440449)
  );
#74 = CARTESIAN_POINT('',(-4.87039742302,7.573719053074,0.494684593263)
  );
#75 = CARTESIAN_POINT('',(-5.050087122161,7.456904221191,0.500176597223)
  );
#76 = CARTESIAN_POINT('',(-5.226673302234,7.335421409911,0.505666320526)
  );
#77 = CARTESIAN_POINT('',(-5.400036174363,7.20936521091,0.511154673513)
  );
#78 = CARTESIAN_POINT('',(-5.570055537162,7.078829192686,0.51664255613)
  );
#79 = CARTESIAN_POINT('',(-5.736610617697,6.943906024044,0.522130912944)
  );
#80 = CARTESIAN_POINT('',(-5.89957991524,6.80468759459,0.527620633839));
#81 = CARTESIAN_POINT('',(-6.058841041523,6.661265138886,0.533112644629)
  );
#82 = CARTESIAN_POINT('',(-6.214270564775,6.513729356733,0.53860779585)
  );
#83 = CARTESIAN_POINT('',(-6.668690421119,6.059052897541,0.555105219965)
  );
#84 = CARTESIAN_POINT('',(-6.955537001941,5.740120499898,0.566087567095)
  );
#85 = CARTESIAN_POINT('',(-7.225506707141,5.406699116929,0.577035192953)
  );
#86 = CARTESIAN_POINT('',(-7.478465492904,5.057171497111,0.588162786159)
  );
#87 = CARTESIAN_POINT('',(-7.710824732215,4.701742486101,0.598709673822)
  );
#88 = CARTESIAN_POINT('',(-7.929642051783,4.322431073358,0.610337576776)
  );
#89 = CARTESIAN_POINT('',(-8.121096777033,3.943402215928,0.620884399628)
  );
#90 = CARTESIAN_POINT('',(-8.297084261348,3.549463248624,0.632012020551)
  );
#91 = CARTESIAN_POINT('',(-8.450629082646,3.148867336541,0.642959645339)
  );
#92 = CARTESIAN_POINT('',(-8.583180560878,2.740910224795,0.653941992745)
  );
#93 = CARTESIAN_POINT('',(-8.804781756374,1.91294852744,0.675938559182)
  );
#94 = CARTESIAN_POINT('',(-8.893731980329,1.493321684987,0.686920901239)
  );
#95 = CARTESIAN_POINT('',(-8.960821913504,1.069585447401,0.697868528929)
  );
#96 = CARTESIAN_POINT('',(-9.005126838976,0.640406245281,0.708996122528)
  );
#97 = CARTESIAN_POINT('',(-9.028641347714,0.216416094676,0.719543002282)
  );
#98 = CARTESIAN_POINT('',(-9.028487002337,-0.221485935539,0.731170903923
    ));
#99 = CARTESIAN_POINT('',(-9.004777223938,-0.645461883914,0.741717737786
    ));
#100 = CARTESIAN_POINT('',(-8.960217375016,-1.074616793847,
    0.752845351512));
#101 = CARTESIAN_POINT('',(-8.892893132997,-1.49831543811,0.763792978605
    ));
#102 = CARTESIAN_POINT('',(-8.803707523541,-1.917892398552,
    0.774775326238));
#103 = CARTESIAN_POINT('',(-8.581638938817,-2.745728857018,
    0.796771892835));
#104 = CARTESIAN_POINT('',(-8.448858671187,-3.153611473988,0.8077542345)
  );
#105 = CARTESIAN_POINT('',(-8.295092139274,-3.554122786496,0.81870186249
    ));
#106 = CARTESIAN_POINT('',(-8.118871728728,-3.947955342002,
    0.829829455821));
#107 = CARTESIAN_POINT('',(-7.927240817807,-4.326898835727,
    0.840376335468));
#108 = CARTESIAN_POINT('',(-7.708156133366,-4.706055950213,
    0.852004237059));
#109 = CARTESIAN_POINT('',(-7.475634889922,-5.06137499981,0.862551071306
    ));
#110 = CARTESIAN_POINT('',(-7.222467473343,-5.410754130821,
    0.873678684747));
#111 = CARTESIAN_POINT('',(-6.952313647269,-5.744025799029,
    0.884626311958));
#112 = CARTESIAN_POINT('',(-6.665288163536,-6.062797300797,
    0.895608659575));
#113 = CARTESIAN_POINT('',(-6.059052898545,-6.668690411464,
    0.917605226173));
#114 = CARTESIAN_POINT('',(-5.740120505192,-6.955536985663,
    0.928587567827));
#115 = CARTESIAN_POINT('',(-5.406699126097,-7.22550669083,0.939535195828
    ));
#116 = CARTESIAN_POINT('',(-5.057171496085,-7.478465483508,
    0.950662789142));
#117 = CARTESIAN_POINT('',(-4.701742512483,-7.710824720151,0.9612096688)
  );
#118 = CARTESIAN_POINT('',(-4.32243105261,-7.929642071319,0.972837570405
    ));
#119 = CARTESIAN_POINT('',(-3.943402224255,-8.121096772837,
    0.983384404635));
#120 = CARTESIAN_POINT('',(-3.549463244507,-8.297084267627,
    0.994512018081));
#121 = CARTESIAN_POINT('',(-3.148867334096,-8.450629085599,
    1.005459645294));
#122 = CARTESIAN_POINT('',(-2.74091022276,-8.58318056226,1.016441992908)
  );
#123 = CARTESIAN_POINT('',(-2.119938951148,-8.749381457243,
    1.032939417856));
#124 = CARTESIAN_POINT('',(-1.911537028755,-8.799319162299,
    1.038434574095));
#125 = CARTESIAN_POINT('',(-1.701876653048,-8.843778412014,
    1.043926580036));
#126 = CARTESIAN_POINT('',(-1.491110042069,-8.882742379638,
    1.049416308816));
#127 = CARTESIAN_POINT('',(-1.279388784717,-8.916193248504,1.0549046607)
  );
#128 = CARTESIAN_POINT('',(-1.066864038788,-8.944112186848,
    1.060392552173));
#129 = CARTESIAN_POINT('',(-0.853686728995,-8.966479322557,1.06588090505
    ));
#130 = CARTESIAN_POINT('',(-0.640007745013,-8.983273717992,
    1.071370635569));
#131 = CARTESIAN_POINT('',(-0.425978139494,-8.994473344744,
    1.076862643496));
#132 = CARTESIAN_POINT('',(-0.211749326114,-9.000055058443,
    1.082357801224));
#133 = CARTESIAN_POINT('',(0.431078819455,-8.999873603704,1.098855226172
    ));
#134 = CARTESIAN_POINT('',(0.859429235309,-8.9771855034,1.109837567827)
  );
#135 = CARTESIAN_POINT('',(1.286091162695,-8.93231839449,1.120785195828)
  );
#136 = CARTESIAN_POINT('',(1.712113397756,-8.864033914758,1.131912789141
    ));
#137 = CARTESIAN_POINT('',(2.127742434177,-8.777010462135,1.142459668801
    ));
#138 = CARTESIAN_POINT('',(2.550683372509,-8.663523989524,1.154087570408
    ));
#139 = CARTESIAN_POINT('',(2.954076145023,-8.530889052465,1.164634404633
    ));
#140 = CARTESIAN_POINT('',(3.357075019953,-8.376774079479,1.175762018082
    ));
#141 = CARTESIAN_POINT('',(3.748911686723,-8.202082576716,1.186709645294
    ));
#142 = CARTESIAN_POINT('',(4.131108974585,-8.00734138486,1.197691992908)
  );
#143 = CARTESIAN_POINT('',(4.687723751546,-7.685770167662,1.214189417856
    ));
#144 = CARTESIAN_POINT('',(4.870397453964,-7.573719045008,1.219684574095
    ));
#145 = CARTESIAN_POINT('',(5.050087164335,-7.456904208559,1.225176580035
    ));
#146 = CARTESIAN_POINT('',(5.22667334993,-7.335421394418,1.230666308817)
  );
#147 = CARTESIAN_POINT('',(5.400036222943,-7.209365193833,1.236154660698
    ));
#148 = CARTESIAN_POINT('',(5.57005558258,-7.078829175446,1.241642552175)
  );
#149 = CARTESIAN_POINT('',(5.736610657271,-6.943906007429,1.247130905049
    ));
#150 = CARTESIAN_POINT('',(5.899579946735,-6.804687579758,1.252620635569
    ));
#151 = CARTESIAN_POINT('',(6.058841064197,-6.661265126344,1.258112643496
    ));
#152 = CARTESIAN_POINT('',(6.21427057847,-6.513729347284,1.263607801224)
  );
#153 = CARTESIAN_POINT('',(6.517217133799,-6.210611714788,1.274606084523
    ));
#154 = CARTESIAN_POINT('',(6.66466541618,-6.055099208325,1.280101240761)
  );
#155 = CARTESIAN_POINT('',(6.807998443723,-5.895757621655,1.285593246702
    ));
#156 = CARTESIAN_POINT('',(6.947125535001,-5.732710366087,1.291082975483
    ));
#157 = CARTESIAN_POINT('',(7.081955465902,-5.566079813136,1.296571327367
    ));
#158 = CARTESIAN_POINT('',(7.212396348711,-5.395987453395,1.302059218839
    ));
#159 = CARTESIAN_POINT('',(7.338355511348,-5.222554055464,1.307547571717
    ));
#160 = CARTESIAN_POINT('',(7.459739376422,-5.045899824794,1.313037302235
    ));
#161 = CARTESIAN_POINT('',(7.576453340464,-4.866144562632,1.318529310163
    ));
#162 = CARTESIAN_POINT('',(7.688401653013,-4.683407824871,1.324024467891
    ));
#163 = CARTESIAN_POINT('',(7.902572938594,-4.312210337071,1.335022751189
    ));
#164 = CARTESIAN_POINT('',(8.004747444164,-4.12383436712,1.340517907428)
  );
#165 = CARTESIAN_POINT('',(8.10195587992,-3.932824896035,1.346009913368)
  );
#166 = CARTESIAN_POINT('',(8.194142595531,-3.739324600061,1.351499642152
    ));
#167 = CARTESIAN_POINT('',(8.281251147342,-3.543475291553,1.35698799403)
  );
#168 = CARTESIAN_POINT('',(8.363224222727,-3.345418103691,1.362475885509
    ));
#169 = CARTESIAN_POINT('',(8.440003564532,-3.145293675294,1.367964238381
    ));
#170 = CARTESIAN_POINT('',(8.511529895409,-2.943242335516,1.373453968903
    ));
#171 = CARTESIAN_POINT('',(8.577742842259,-2.739404288659,1.378945976829
    ));
#172 = CARTESIAN_POINT('',(8.638580860588,-2.533919798889,1.384441134557
    ));
#173 = CARTESIAN_POINT('',(8.804781755571,-1.912948527277,1.400938559506
    ));
#174 = CARTESIAN_POINT('',(8.893731979137,-1.493321685445,1.41192090116)
  );
#175 = CARTESIAN_POINT('',(8.960821912519,-1.069585448404,1.422868529162
    ));
#176 = CARTESIAN_POINT('',(9.005126838079,-0.640406245145,1.433996122473
    ));
#177 = CARTESIAN_POINT('',(9.028641348026,-0.216416097803,1.444543002136
    ));
#178 = CARTESIAN_POINT('',(9.028487002985,0.221485938001,1.456170903739)
  );
#179 = CARTESIAN_POINT('',(9.004777223999,0.645461882867,1.466717737967)
  );
#180 = CARTESIAN_POINT('',(8.960217375358,1.074616794273,1.477845351415)
  );
#181 = CARTESIAN_POINT('',(8.892893133137,1.498315438325,1.488792978628)
  );
#182 = CARTESIAN_POINT('',(8.803707523566,1.917892398727,1.499775326241)
  );
#183 = CARTESIAN_POINT('',(8.58163893874,2.745728857031,1.521771892839)
  );
#184 = CARTESIAN_POINT('',(8.448858671105,3.153611473951,1.532754234493)
  );
#185 = CARTESIAN_POINT('',(8.295092139232,3.554122786423,1.543701862495)
  );
#186 = CARTESIAN_POINT('',(8.118871728651,3.947955342001,1.554829455808)
  );
#187 = CARTESIAN_POINT('',(7.927240817948,4.32689883553,1.565376335468)
  );
#188 = CARTESIAN_POINT('',(7.708156133324,4.706055950379,1.577004237074)
  );
#189 = CARTESIAN_POINT('',(7.475634889968,5.06137499974,1.5875510713));
#190 = CARTESIAN_POINT('',(7.222467473355,5.41075413085,1.598678684749)
  );
#191 = CARTESIAN_POINT('',(6.952313647274,5.744025799041,1.609626311961)
  );
#192 = CARTESIAN_POINT('',(6.665288163533,6.062797300806,1.620608659575)
  );
#193 = CARTESIAN_POINT('',(6.059052898539,6.668690411463,1.642605226172)
  );
#194 = CARTESIAN_POINT('',(5.740120505186,6.95553698566,1.653587567827)
  );
#195 = CARTESIAN_POINT('',(5.406699126097,7.225506690828,1.664535195828)
  );
#196 = CARTESIAN_POINT('',(5.057171496077,7.478465483504,1.675662789141)
  );
#197 = CARTESIAN_POINT('',(4.701742512498,7.710824720149,1.686209668801)
  );
#198 = CARTESIAN_POINT('',(4.322431052603,7.929642071321,1.697837570407)
  );
#199 = CARTESIAN_POINT('',(3.943402224261,8.121096772839,1.708384404633)
  );
#200 = CARTESIAN_POINT('',(3.549463244506,8.297084267625,1.719512018082)
  );
#201 = CARTESIAN_POINT('',(3.148867334097,8.4506290856,1.730459645294));
#202 = CARTESIAN_POINT('',(2.74091022276,8.58318056226,1.741441992908));
#203 = CARTESIAN_POINT('',(1.912948527277,8.80478175557,1.763438559506)
  );
#204 = CARTESIAN_POINT('',(1.493321685445,8.893731979138,1.77442090116)
  );
#205 = CARTESIAN_POINT('',(1.069585448404,8.960821912516,1.785368529162)
  );
#206 = CARTESIAN_POINT('',(0.640406245146,9.005126838085,1.796496122474)
  );
#207 = CARTESIAN_POINT('',(0.216416097802,9.028641348019,1.807043002135)
  );
#208 = CARTESIAN_POINT('',(-0.221485938001,9.028487002991,1.818670903741
    ));
#209 = CARTESIAN_POINT('',(-0.645461882867,9.004777223994,1.829217737967
    ));
#210 = CARTESIAN_POINT('',(-1.074616794273,8.960217375361,1.840345351415
    ));
#211 = CARTESIAN_POINT('',(-1.498315438325,8.892893133136,1.851292978628
    ));
#212 = CARTESIAN_POINT('',(-1.917892398727,8.803707523566,1.862275326241
    ));
#213 = CARTESIAN_POINT('',(-2.745728857031,8.58163893874,1.884271892839)
  );
#214 = CARTESIAN_POINT('',(-3.153611473951,8.448858671106,1.895254234493
    ));
#215 = CARTESIAN_POINT('',(-3.554122786423,8.295092139231,1.906201862495
    ));
#216 = CARTESIAN_POINT('',(-3.947955342002,8.118871728652,1.917329455807
    ));
#217 = CARTESIAN_POINT('',(-4.326898835529,7.927240817948,1.927876335468
    ));
#218 = CARTESIAN_POINT('',(-4.706055950381,7.708156133324,1.939504237074
    ));
#219 = CARTESIAN_POINT('',(-5.061374999738,7.475634889968,1.9500510713)
  );
#220 = CARTESIAN_POINT('',(-5.410754130852,7.222467473355,1.961178684749
    ));
#221 = CARTESIAN_POINT('',(-5.74402579904,6.952313647275,1.972126311961)
  );
#222 = CARTESIAN_POINT('',(-6.062797300806,6.665288163533,1.983108659575
    ));
#223 = CARTESIAN_POINT('',(-6.517217133799,6.210611714788,1.999606084523
    ));
#224 = CARTESIAN_POINT('',(-6.664665416181,6.055099208325,2.005101240761
    ));
#225 = CARTESIAN_POINT('',(-6.807998443721,5.895757621655,2.010593246702
    ));
#226 = CARTESIAN_POINT('',(-6.947125535005,5.732710366088,2.016082975482
    ));
#227 = CARTESIAN_POINT('',(-7.081955465896,5.566079813135,2.021571327367
    ));
#228 = CARTESIAN_POINT('',(-7.212396348716,5.395987453397,2.027059218839
    ));
#229 = CARTESIAN_POINT('',(-7.338355511344,5.222554055463,2.032547571717
    ));
#230 = CARTESIAN_POINT('',(-7.459739376425,5.045899824795,2.038037302235
    ));
#231 = CARTESIAN_POINT('',(-7.576453340463,4.866144562631,2.043529310163
    ));
#232 = CARTESIAN_POINT('',(-7.688401653013,4.683407824871,2.049024467891
    ));
#233 = CARTESIAN_POINT('',(-8.009658581384,4.126611593171,2.065521892839
    ));
#234 = CARTESIAN_POINT('',(-8.204185318085,3.744305201168,2.076504234493
    ));
#235 = CARTESIAN_POINT('',(-8.378660225665,3.352371578767,2.087451862495
    ));
#236 = CARTESIAN_POINT('',(-8.532535249068,2.949283260764,2.098579455807
    ));
#237 = CARTESIAN_POINT('',(-8.664985246576,2.545826230357,2.109126335469
    ));
#238 = CARTESIAN_POINT('',(-8.77817354748,2.122805397162,2.120754237073)
  );
#239 = CARTESIAN_POINT('',(-8.865004708811,1.707139539927,2.131301071301
    ));
#240 = CARTESIAN_POINT('',(-8.933036664569,1.28107479005,2.142428684748)
  );
#241 = CARTESIAN_POINT('',(-8.977667718735,0.854388531112,2.153376311961
    ));
#242 = CARTESIAN_POINT('',(-9.000115543356,0.426025374637,2.164358659575
    ));
#243 = CARTESIAN_POINT('',(-8.999873603704,-0.431078819454,
    2.186355226172));
#244 = CARTESIAN_POINT('',(-8.977185503401,-0.859429235309,
    2.197337567827));
#245 = CARTESIAN_POINT('',(-8.932318394488,-1.286091162695,
    2.208285195828));
#246 = CARTESIAN_POINT('',(-8.864033914761,-1.712113397756,2.21941278914
    ));
#247 = CARTESIAN_POINT('',(-8.777010462131,-2.127742434177,
    2.229959668802));
#248 = CARTESIAN_POINT('',(-8.663523989527,-2.550683372508,
    2.241587570407));
#249 = CARTESIAN_POINT('',(-8.530889052463,-2.954076145023,
    2.252134404634));
#250 = CARTESIAN_POINT('',(-8.376774079479,-3.357075019953,
    2.263262018082));
#251 = CARTESIAN_POINT('',(-8.202082576716,-3.748911686723,
    2.274209645295));
#252 = CARTESIAN_POINT('',(-8.00734138486,-4.131108974585,2.285191992908
    ));
#253 = CARTESIAN_POINT('',(-7.685770167662,-4.687723751546,
    2.301689417856));
#254 = CARTESIAN_POINT('',(-7.573719045007,-4.870397453965,
    2.307184574095));
#255 = CARTESIAN_POINT('',(-7.456904208562,-5.050087164333,
    2.312676580035));
#256 = CARTESIAN_POINT('',(-7.335421394414,-5.226673349932,
    2.318166308817));
#257 = CARTESIAN_POINT('',(-7.209365193839,-5.40003622294,2.323654660699
    ));
#258 = CARTESIAN_POINT('',(-7.07882917544,-5.570055582583,2.329142552174
    ));
#259 = CARTESIAN_POINT('',(-6.943906007433,-5.736610657268,
    2.334630905049));
#260 = CARTESIAN_POINT('',(-6.804687579755,-5.899579946737,
    2.340120635569));
#261 = CARTESIAN_POINT('',(-6.661265126344,-6.058841064197,
    2.345612643496));
#262 = CARTESIAN_POINT('',(-6.513729347284,-6.21427057847,2.351107801224
    ));
#263 = CARTESIAN_POINT('',(-6.210611714788,-6.517217133799,
    2.362106084523));
#264 = CARTESIAN_POINT('',(-6.055099208325,-6.664665416181,
    2.367601240761));
#265 = CARTESIAN_POINT('',(-5.895757621655,-6.807998443721,
    2.373093246702));
#266 = CARTESIAN_POINT('',(-5.732710366087,-6.947125535005,
    2.378582975483));
#267 = CARTESIAN_POINT('',(-5.566079813135,-7.081955465897,
    2.384071327366));
#268 = CARTESIAN_POINT('',(-5.395987453397,-7.212396348715,2.38955921884
    ));
#269 = CARTESIAN_POINT('',(-5.222554055462,-7.338355511345,
    2.395047571717));
#270 = CARTESIAN_POINT('',(-5.045899824795,-7.459739376424,
    2.400537302235));
#271 = CARTESIAN_POINT('',(-4.866144562631,-7.576453340463,
    2.406029310163));
#272 = CARTESIAN_POINT('',(-4.683407824871,-7.688401653013,
    2.411524467891));
#273 = CARTESIAN_POINT('',(-4.312210337071,-7.902572938594,2.42252275119
    ));
#274 = CARTESIAN_POINT('',(-4.12383436712,-8.004747444163,2.428017907428
    ));
#275 = CARTESIAN_POINT('',(-3.932824896033,-8.101955879921,
    2.433509913369));
#276 = CARTESIAN_POINT('',(-3.739324600063,-8.194142595529,
    2.438999642149));
#277 = CARTESIAN_POINT('',(-3.54347529155,-8.281251147344,2.444487994034
    ));
#278 = CARTESIAN_POINT('',(-3.345418103693,-8.363224222725,
    2.449975885506));
#279 = CARTESIAN_POINT('',(-3.145293675292,-8.440003564534,
    2.455464238384));
#280 = CARTESIAN_POINT('',(-2.943242335517,-8.511529895407,
    2.460953968902));
#281 = CARTESIAN_POINT('',(-2.739404288659,-8.577742842259,
    2.466445976829));
#282 = CARTESIAN_POINT('',(-2.533919798889,-8.638580860588,
    2.471941134557));
#283 = CARTESIAN_POINT('',(-1.912948527277,-8.804781755571,
    2.488438559506));
#284 = CARTESIAN_POINT('',(-1.493321685445,-8.893731979138,2.49942090116
    ));
#285 = CARTESIAN_POINT('',(-1.069585448404,-8.960821912518,
    2.510368529161));
#286 = CARTESIAN_POINT('',(-0.640406245146,-9.005126838083,
    2.521496122475));
#287 = CARTESIAN_POINT('',(-0.216416097802,-9.028641348021,
    2.532043002134));
#288 = CARTESIAN_POINT('',(0.221485938001,-9.028487002989,2.543670903742
    ));
#289 = CARTESIAN_POINT('',(0.645461882867,-9.004777223996,2.554217737966
    ));
#290 = CARTESIAN_POINT('',(1.074616794273,-8.960217375359,2.565345351416
    ));
#291 = CARTESIAN_POINT('',(1.498315438324,-8.892893133137,2.576292978628
    ));
#292 = CARTESIAN_POINT('',(1.917892398727,-8.803707523566,2.587275326241
    ));
#293 = CARTESIAN_POINT('',(2.745728857031,-8.58163893874,2.609271892839)
  );
#294 = CARTESIAN_POINT('',(3.153611473951,-8.448858671105,2.620254234494
    ));
#295 = CARTESIAN_POINT('',(3.554122786422,-8.295092139233,2.631201862494
    ));
#296 = CARTESIAN_POINT('',(3.947955342003,-8.118871728649,2.642329455808
    ));
#297 = CARTESIAN_POINT('',(4.326898835527,-7.927240817951,2.652876335467
    ));
#298 = CARTESIAN_POINT('',(4.706055950383,-7.70815613332,2.664504237076)
  );
#299 = CARTESIAN_POINT('',(5.061374999736,-7.475634889971,2.675051071299
    ));
#300 = CARTESIAN_POINT('',(5.410754130853,-7.222467473354,2.686178684749
    ));
#301 = CARTESIAN_POINT('',(5.74402579904,-6.952313647275,2.697126311961)
  );
#302 = CARTESIAN_POINT('',(6.062797300806,-6.665288163533,2.708108659575
    ));
#303 = CARTESIAN_POINT('',(6.668690411463,-6.059052898539,2.730105226172
    ));
#304 = CARTESIAN_POINT('',(6.955536985661,-5.740120505187,2.741087567827
    ));
#305 = CARTESIAN_POINT('',(7.225506690826,-5.406699126094,2.752035195828
    ));
#306 = CARTESIAN_POINT('',(7.478465483509,-5.057171496081,2.763162789141
    ));
#307 = CARTESIAN_POINT('',(7.710824720143,-4.701742512493,2.773709668802
    ));
#308 = CARTESIAN_POINT('',(7.929642071327,-4.322431052608,2.785337570407
    ));
#309 = CARTESIAN_POINT('',(8.121096772833,-3.943402224258,2.795884404634
    ));
#310 = CARTESIAN_POINT('',(8.297084267629,-3.549463244508,2.807012018082
    ));
#311 = CARTESIAN_POINT('',(8.450629085599,-3.148867334096,2.817959645295
    ));
#312 = CARTESIAN_POINT('',(8.58318056226,-2.74091022276,2.828941992908)
  );
#313 = CARTESIAN_POINT('',(8.80478175557,-1.912948527277,2.850938559506)
  );
#314 = CARTESIAN_POINT('',(8.893731979138,-1.493321685446,2.86192090116)
  );
#315 = CARTESIAN_POINT('',(8.960821912516,-1.069585448404,2.872868529161
    ));
#316 = CARTESIAN_POINT('',(9.005126838085,-0.640406245146,2.883996122474
    ));
#317 = CARTESIAN_POINT('',(9.028641348018,-0.216416097801,2.894543002134
    ));
#318 = CARTESIAN_POINT('',(9.028487002992,0.221485938,2.906170903741));
#319 = CARTESIAN_POINT('',(9.004777223994,0.645461882867,2.916717737966)
  );
#320 = CARTESIAN_POINT('',(8.960217375361,1.074616794273,2.927845351416)
  );
#321 = CARTESIAN_POINT('',(8.892893133136,1.498315438324,2.938792978628)
  );
#322 = CARTESIAN_POINT('',(8.803707523566,1.917892398727,2.949775326241)
  );
#323 = CARTESIAN_POINT('',(8.58163893874,2.745728857031,2.971771892839)
  );
#324 = CARTESIAN_POINT('',(8.448858671106,3.153611473952,2.982754234493)
  );
#325 = CARTESIAN_POINT('',(8.295092139231,3.554122786421,2.993701862495)
  );
#326 = CARTESIAN_POINT('',(8.118871728652,3.947955342005,3.004829455807)
  );
#327 = CARTESIAN_POINT('',(7.927240817947,4.326898835524,3.015376335468)
  );
#328 = CARTESIAN_POINT('',(7.708156133324,4.706055950387,3.027004237074)
  );
#329 = CARTESIAN_POINT('',(7.475634889968,5.061374999734,3.0375510713));
#330 = CARTESIAN_POINT('',(7.222467473355,5.410754130854,3.048678684749)
  );
#331 = CARTESIAN_POINT('',(6.952313647274,5.74402579904,3.059626311961)
  );
#332 = CARTESIAN_POINT('',(6.665288163533,6.062797300806,3.070608659575)
  );
#333 = CARTESIAN_POINT('',(6.059052898539,6.668690411463,3.092605226172)
  );
#334 = CARTESIAN_POINT('',(5.740120505187,6.955536985661,3.103587567827)
  );
#335 = CARTESIAN_POINT('',(5.406699126096,7.225506690827,3.114535195828)
  );
#336 = CARTESIAN_POINT('',(5.057171496078,7.478465483506,3.125662789141)
  );
#337 = CARTESIAN_POINT('',(4.701742512497,7.710824720146,3.136209668801)
  );
#338 = CARTESIAN_POINT('',(4.322431052603,7.929642071324,3.147837570408)
  );
#339 = CARTESIAN_POINT('',(3.943402224262,8.121096772836,3.158384404633)
  );
#340 = CARTESIAN_POINT('',(3.549463244505,8.297084267627,3.169512018082)
  );
#341 = CARTESIAN_POINT('',(3.148867334097,8.450629085599,3.180459645294)
  );
#342 = CARTESIAN_POINT('',(2.74091022276,8.58318056226,3.191441992908));
#343 = CARTESIAN_POINT('',(2.119938951148,8.749381457243,3.207939417856)
  );
#344 = CARTESIAN_POINT('',(1.911537028754,8.799319162299,3.213434574095)
  );
#345 = CARTESIAN_POINT('',(1.701876653048,8.843778412014,3.218926580035)
  );
#346 = CARTESIAN_POINT('',(1.491110042069,8.882742379638,3.224416308816)
  );
#347 = CARTESIAN_POINT('',(1.279388784717,8.916193248504,3.229904660699)
  );
#348 = CARTESIAN_POINT('',(1.066864038787,8.944112186848,3.235392552173)
  );
#349 = CARTESIAN_POINT('',(0.853686728995,8.966479322557,3.24088090505)
  );
#350 = CARTESIAN_POINT('',(0.640007745012,8.983273717992,3.246370635569)
  );
#351 = CARTESIAN_POINT('',(0.425978139494,8.994473344744,3.251862643496)
  );
#352 = CARTESIAN_POINT('',(0.211749326114,9.000055058443,3.257357801224)
  );
#353 = CARTESIAN_POINT('',(-0.431078819454,8.999873603704,3.273855226172
    ));
#354 = CARTESIAN_POINT('',(-0.859429235309,8.9771855034,3.284837567827)
  );
#355 = CARTESIAN_POINT('',(-1.286091162696,8.93231839449,3.295785195828)
  );
#356 = CARTESIAN_POINT('',(-1.712113397755,8.864033914758,3.306912789141
    ));
#357 = CARTESIAN_POINT('',(-2.127742434179,8.777010462135,3.317459668801
    ));
#358 = CARTESIAN_POINT('',(-2.550683372506,8.663523989524,3.329087570408
    ));
#359 = CARTESIAN_POINT('',(-2.954076145025,8.530889052464,3.339634404633
    ));
#360 = CARTESIAN_POINT('',(-3.357075019952,8.376774079479,3.350762018082
    ));
#361 = CARTESIAN_POINT('',(-3.748911686723,8.202082576716,3.361709645294
    ));
#362 = CARTESIAN_POINT('',(-4.131108974585,8.00734138486,3.372691992908)
  );
#363 = CARTESIAN_POINT('',(-4.687723751546,7.685770167662,3.389189417856
    ));
#364 = CARTESIAN_POINT('',(-4.870397453965,7.573719045008,3.394684574095
    ));
#365 = CARTESIAN_POINT('',(-5.050087164333,7.456904208559,3.400176580035
    ));
#366 = CARTESIAN_POINT('',(-5.226673349933,7.335421394418,3.405666308816
    ));
#367 = CARTESIAN_POINT('',(-5.400036222939,7.209365193834,3.411154660699
    ));
#368 = CARTESIAN_POINT('',(-5.570055582585,7.078829175445,3.416642552173
    ));
#369 = CARTESIAN_POINT('',(-5.736610657266,6.94390600743,3.42213090505)
  );
#370 = CARTESIAN_POINT('',(-5.899579946738,6.804687579758,3.427620635569
    ));
#371 = CARTESIAN_POINT('',(-6.058841064196,6.661265126344,3.433112643496
    ));
#372 = CARTESIAN_POINT('',(-6.21427057847,6.513729347284,3.438607801224)
  );
#373 = CARTESIAN_POINT('',(-6.517217133799,6.210611714788,3.449606084523
    ));
#374 = CARTESIAN_POINT('',(-6.66466541618,6.055099208325,3.455101240761)
  );
#375 = CARTESIAN_POINT('',(-6.807998443722,5.895757621655,3.460593246702
    ));
#376 = CARTESIAN_POINT('',(-6.947125535003,5.732710366088,3.466082975483
    ));
#377 = CARTESIAN_POINT('',(-7.081955465899,5.566079813134,3.471571327367
    ));
#378 = CARTESIAN_POINT('',(-7.212396348714,5.395987453398,3.47705921884)
  );
#379 = CARTESIAN_POINT('',(-7.338355511345,5.222554055461,3.482547571717
    ));
#380 = CARTESIAN_POINT('',(-7.459739376424,5.045899824796,3.488037302235
    ));
#381 = CARTESIAN_POINT('',(-7.576453340463,4.866144562631,3.493529310163
    ));
#382 = CARTESIAN_POINT('',(-7.688401653013,4.683407824871,3.499024467891
    ));
#383 = CARTESIAN_POINT('',(-7.902572938594,4.312210337071,3.51002275119)
  );
#384 = CARTESIAN_POINT('',(-8.004747444165,4.12383436712,3.515517907428)
  );
#385 = CARTESIAN_POINT('',(-8.101955879917,3.932824896033,3.521009913369
    ));
#386 = CARTESIAN_POINT('',(-8.194142595536,3.739324600063,3.52649964215)
  );
#387 = CARTESIAN_POINT('',(-8.281251147336,3.543475291549,3.531987994033
    ));
#388 = CARTESIAN_POINT('',(-8.363224222733,3.345418103694,3.537475885507
    ));
#389 = CARTESIAN_POINT('',(-8.440003564527,3.145293675292,3.542964238383
    ));
#390 = CARTESIAN_POINT('',(-8.511529895411,2.943242335518,3.548453968902
    ));
#391 = CARTESIAN_POINT('',(-8.577742842258,2.739404288659,3.553945976829
    ));
#392 = CARTESIAN_POINT('',(-8.638580860588,2.533919798889,3.559441134557
    ));
#393 = CARTESIAN_POINT('',(-8.80478175557,1.912948527277,3.575938559506)
  );
#394 = CARTESIAN_POINT('',(-8.893731979138,1.493321685445,3.58692090116)
  );
#395 = CARTESIAN_POINT('',(-8.960821912518,1.069585448404,3.597868529161
    ));
#396 = CARTESIAN_POINT('',(-9.005126838082,0.640406245146,3.608996122474
    ));
#397 = CARTESIAN_POINT('',(-9.028641348023,0.216416097802,3.619543002134
    ));
#398 = CARTESIAN_POINT('',(-9.028487002988,-0.221485938001,
    3.631170903741));
#399 = CARTESIAN_POINT('',(-9.004777223997,-0.645461882867,
    3.641717737966));
#400 = CARTESIAN_POINT('',(-8.960217375359,-1.074616794273,
    3.652845351416));
#401 = CARTESIAN_POINT('',(-8.892893133137,-1.498315438324,
    3.663792978628));
#402 = CARTESIAN_POINT('',(-8.803707523566,-1.917892398727,
    3.674775326241));
#403 = CARTESIAN_POINT('',(-8.58163893874,-2.745728857031,3.696771892839
    ));
#404 = CARTESIAN_POINT('',(-8.448858671106,-3.153611473951,
    3.707754234493));
#405 = CARTESIAN_POINT('',(-8.29509213923,-3.554122786422,3.718701862495
    ));
#406 = CARTESIAN_POINT('',(-8.118871728655,-3.947955342003,
    3.729829455808));
#407 = CARTESIAN_POINT('',(-7.927240817943,-4.326898835528,
    3.740376335468));
#408 = CARTESIAN_POINT('',(-7.708156133329,-4.706055950382,
    3.752004237074));
#409 = CARTESIAN_POINT('',(-7.475634889963,-5.061374999737,3.7625510713)
  );
#410 = CARTESIAN_POINT('',(-7.222467473358,-5.410754130852,
    3.773678684749));
#411 = CARTESIAN_POINT('',(-6.952313647274,-5.74402579904,3.784626311961
    ));
#412 = CARTESIAN_POINT('',(-6.665288163533,-6.062797300806,
    3.795608659575));
#413 = CARTESIAN_POINT('',(-6.059052898539,-6.668690411463,
    3.817605226172));
#414 = CARTESIAN_POINT('',(-5.740120505187,-6.95553698566,3.828587567827
    ));
#415 = CARTESIAN_POINT('',(-5.406699126096,-7.225506690828,
    3.839535195828));
#416 = CARTESIAN_POINT('',(-5.057171496078,-7.478465483504,
    3.850662789141));
#417 = CARTESIAN_POINT('',(-4.701742512497,-7.71082472015,3.861209668801
    ));
#418 = CARTESIAN_POINT('',(-4.322431052602,-7.92964207132,3.872837570408
    ));
#419 = CARTESIAN_POINT('',(-3.943402224263,-8.121096772839,
    3.883384404633));
#420 = CARTESIAN_POINT('',(-3.549463244505,-8.297084267626,
    3.894512018082));
#421 = CARTESIAN_POINT('',(-3.148867334098,-8.4506290856,3.905459645294)
  );
#422 = CARTESIAN_POINT('',(-2.74091022276,-8.58318056226,3.916441992908)
  );
#423 = CARTESIAN_POINT('',(-1.912948527277,-8.804781755571,
    3.938438559506));
#424 = CARTESIAN_POINT('',(-1.493321685445,-8.893731979137,3.94942090116
    ));
#425 = CARTESIAN_POINT('',(-1.069585448405,-8.960821912519,
    3.960368529161));
#426 = CARTESIAN_POINT('',(-0.640406245146,-9.005126838079,
    3.971496122474));
#427 = CARTESIAN_POINT('',(-0.216416097801,-9.028641348026,
    3.982043002134));
#428 = CARTESIAN_POINT('',(0.221485937999,-9.028487002984,3.993670903741
    ));
#429 = CARTESIAN_POINT('',(0.645461882868,-9.004777224,4.004217737966));
#430 = CARTESIAN_POINT('',(1.074616794272,-8.960217375357,4.015345351416
    ));
#431 = CARTESIAN_POINT('',(1.498315438325,-8.892893133138,4.026292978628
    ));
#432 = CARTESIAN_POINT('',(1.917892398727,-8.803707523566,4.037275326241
    ));
#433 = CARTESIAN_POINT('',(2.745728857031,-8.581638938741,4.059271892839
    ));
#434 = CARTESIAN_POINT('',(3.153611473951,-8.448858671105,4.070254234493
    ));
#435 = CARTESIAN_POINT('',(3.554122786424,-8.295092139234,4.081201862495
    ));
#436 = CARTESIAN_POINT('',(3.947955342,-8.118871728647,4.092329455808));
#437 = CARTESIAN_POINT('',(4.326898835532,-7.927240817953,4.102876335467
    ));
#438 = CARTESIAN_POINT('',(4.706055950377,-7.708156133319,4.114504237075
    ));
#439 = CARTESIAN_POINT('',(5.061374999742,-7.475634889971,4.1250510713)
  );
#440 = CARTESIAN_POINT('',(5.41075413085,-7.222467473353,4.136178684749)
  );
#441 = CARTESIAN_POINT('',(5.744025799041,-6.952313647275,4.147126311961
    ));
#442 = CARTESIAN_POINT('',(6.062797300806,-6.665288163533,4.158108659575
    ));
#443 = CARTESIAN_POINT('',(6.517217133799,-6.210611714788,4.174606084523
    ));
#444 = CARTESIAN_POINT('',(6.66466541618,-6.055099208325,4.180101240761)
  );
#445 = CARTESIAN_POINT('',(6.807998443722,-5.895757621654,4.185593246702
    ));
#446 = CARTESIAN_POINT('',(6.947125535003,-5.732710366089,4.191082975483
    ));
#447 = CARTESIAN_POINT('',(7.0819554659,-5.566079813133,4.196571327366)
  );
#448 = CARTESIAN_POINT('',(7.212396348712,-5.395987453398,4.20205921884)
  );
#449 = CARTESIAN_POINT('',(7.338355511347,-5.222554055461,4.207547571717
    ));
#450 = CARTESIAN_POINT('',(7.459739376422,-5.045899824795,4.213037302235
    ));
#451 = CARTESIAN_POINT('',(7.576453340464,-4.866144562631,4.218529310163
    ));
#452 = CARTESIAN_POINT('',(7.688401653013,-4.683407824871,4.224024467891
    ));
#453 = CARTESIAN_POINT('',(8.009658581384,-4.126611593171,4.240521892839
    ));
#454 = CARTESIAN_POINT('',(8.204185318083,-3.744305201167,4.251504234493
    ));
#455 = CARTESIAN_POINT('',(8.378660225669,-3.352371578768,4.262451862495
    ));
#456 = CARTESIAN_POINT('',(8.532535249062,-2.949283260763,4.273579455808
    ));
#457 = CARTESIAN_POINT('',(8.664985246584,-2.545826230359,4.284126335468
    ));
#458 = CARTESIAN_POINT('',(8.778173547473,-2.122805397159,4.295754237074
    ));
#459 = CARTESIAN_POINT('',(8.865004708816,-1.707139539929,4.3063010713)
  );
#460 = CARTESIAN_POINT('',(8.933036664566,-1.28107479005,4.317428684749)
  );
#461 = CARTESIAN_POINT('',(8.977667718736,-0.854388531112,4.328376311961
    ));
#462 = CARTESIAN_POINT('',(9.000115543356,-0.426025374637,4.339358659575
    ));
#463 = CARTESIAN_POINT('',(8.999873603704,0.431078819454,4.361355226172)
  );
#464 = CARTESIAN_POINT('',(8.9771855034,0.859429235308,4.372337567827));
#465 = CARTESIAN_POINT('',(8.932318394488,1.286091162696,4.383285195828)
  );
#466 = CARTESIAN_POINT('',(8.86403391476,1.712113397755,4.394412789141)
  );
#467 = CARTESIAN_POINT('',(8.777010462131,2.127742434179,4.404959668801)
  );
#468 = CARTESIAN_POINT('',(8.663523989527,2.550683372507,4.416587570408)
  );
#469 = CARTESIAN_POINT('',(8.530889052463,2.954076145024,4.427134404633)
  );
#470 = CARTESIAN_POINT('',(8.37677407948,3.357075019953,4.438262018082)
  );
#471 = CARTESIAN_POINT('',(8.202082576716,3.748911686722,4.449209645294)
  );
#472 = CARTESIAN_POINT('',(8.00734138486,4.131108974585,4.460191992908)
  );
#473 = CARTESIAN_POINT('',(7.685770167662,4.687723751546,4.476689417856)
  );
#474 = CARTESIAN_POINT('',(7.573719045007,4.870397453964,4.482184574094)
  );
#475 = CARTESIAN_POINT('',(7.456904208561,5.050087164334,4.487676580035)
  );
#476 = CARTESIAN_POINT('',(7.335421394415,5.226673349931,4.493166308816)
  );
#477 = CARTESIAN_POINT('',(7.209365193837,5.400036222942,4.4986546607));
#478 = CARTESIAN_POINT('',(7.078829175441,5.570055582581,4.504142552173)
  );
#479 = CARTESIAN_POINT('',(6.943906007432,5.73661065727,4.50963090505));
#480 = CARTESIAN_POINT('',(6.804687579756,5.899579946736,4.515120635569)
  );
#481 = CARTESIAN_POINT('',(6.661265126344,6.058841064197,4.520612643496)
  );
#482 = CARTESIAN_POINT('',(6.513729347284,6.21427057847,4.526107801224)
  );
#483 = CARTESIAN_POINT('',(6.210611714788,6.517217133799,4.537106084523)
  );
#484 = CARTESIAN_POINT('',(6.055099208326,6.66466541618,4.542601240761)
  );
#485 = CARTESIAN_POINT('',(5.895757621654,6.807998443721,4.548093246702)
  );
#486 = CARTESIAN_POINT('',(5.73271036609,6.947125535004,4.553582975483)
  );
#487 = CARTESIAN_POINT('',(5.566079813132,7.081955465898,4.559071327366)
  );
#488 = CARTESIAN_POINT('',(5.395987453399,7.212396348714,4.56455921884)
  );
#489 = CARTESIAN_POINT('',(5.222554055461,7.338355511345,4.570047571716)
  );
#490 = CARTESIAN_POINT('',(5.045899824796,7.459739376424,4.575537302236)
  );
#491 = CARTESIAN_POINT('',(4.866144562631,7.576453340463,4.581029310163)
  );
#492 = CARTESIAN_POINT('',(4.683407824871,7.688401653013,4.586524467891)
  );
#493 = CARTESIAN_POINT('',(4.126611593171,8.009658581384,4.603021892839)
  );
#494 = CARTESIAN_POINT('',(3.744305201167,8.204185318084,4.614004234493)
  );
#495 = CARTESIAN_POINT('',(3.352371578769,8.378660225666,4.624951862495)
  );
#496 = CARTESIAN_POINT('',(2.949283260762,8.532535249067,4.636079455808)
  );
#497 = CARTESIAN_POINT('',(2.545826230361,8.664985246576,4.646626335467)
  );
#498 = CARTESIAN_POINT('',(2.122805397158,8.778173547481,4.658254237075)
  );
#499 = CARTESIAN_POINT('',(1.70713953993,8.86500470881,4.6688010713));
#500 = CARTESIAN_POINT('',(1.281074790049,8.93303666457,4.679928684749)
  );
#501 = CARTESIAN_POINT('',(0.854388531112,8.977667718735,4.690876311961)
  );
#502 = CARTESIAN_POINT('',(0.426025374637,9.000115543356,4.701858659575)
  );
#503 = CARTESIAN_POINT('',(-0.216802770931,8.999934088617,4.718356084523
    ));
#504 = CARTESIAN_POINT('',(-0.431028399157,8.994231821085,4.723851240761
    ));
#505 = CARTESIAN_POINT('',(-0.645051671358,8.982912060368,4.729343246702
    ));
#506 = CARTESIAN_POINT('',(-0.858721201117,8.965997949993,4.734832975483
    ));
#507 = CARTESIAN_POINT('',(-1.071885953504,8.943511514492,4.740321327366
    ));
#508 = CARTESIAN_POINT('',(-1.284395047287,8.915473686274,4.74580921884)
  );
#509 = CARTESIAN_POINT('',(-1.496097557099,8.881904332562,4.751297571716
    ));
#510 = CARTESIAN_POINT('',(-1.706842315653,8.842822282254,4.756787302235
    ));
#511 = CARTESIAN_POINT('',(-1.916477715915,8.798245352856,4.762279310163
    ));
#512 = CARTESIAN_POINT('',(-2.124851513303,8.74819037736,4.767774467891)
  );
#513 = CARTESIAN_POINT('',(-2.745728857031,8.58163893874,4.784271892839)
  );
#514 = CARTESIAN_POINT('',(-3.153611473951,8.448858671106,4.795254234494
    ));
#515 = CARTESIAN_POINT('',(-3.554122786424,8.295092139229,4.806201862494
    ));
#516 = CARTESIAN_POINT('',(-3.947955342,8.118871728656,4.817329455808));
#517 = CARTESIAN_POINT('',(-4.32689883553,7.927240817943,4.827876335467)
  );
#518 = CARTESIAN_POINT('',(-4.706055950381,7.708156133329,4.839504237075
    ));
#519 = CARTESIAN_POINT('',(-5.061374999737,7.475634889964,4.850051071299
    ));
#520 = CARTESIAN_POINT('',(-5.410754130853,7.222467473358,4.861178684749
    ));
#521 = CARTESIAN_POINT('',(-5.74402579904,6.952313647274,4.872126311961)
  );
#522 = CARTESIAN_POINT('',(-6.062797300806,6.665288163533,4.883108659575
    ));
#523 = CARTESIAN_POINT('',(-6.668690411463,6.059052898539,4.905105226172
    ));
#524 = CARTESIAN_POINT('',(-6.95553698566,5.740120505186,4.916087567827)
  );
#525 = CARTESIAN_POINT('',(-7.225506690828,5.406699126097,4.927035195828
    ));
#526 = CARTESIAN_POINT('',(-7.478465483505,5.057171496077,4.938162789141
    ));
#527 = CARTESIAN_POINT('',(-7.710824720148,4.701742512498,4.948709668801
    ));
#528 = CARTESIAN_POINT('',(-7.929642071322,4.322431052602,4.960337570408
    ));
#529 = CARTESIAN_POINT('',(-8.121096772837,3.943402224262,4.970884404633
    ));
#530 = CARTESIAN_POINT('',(-8.297084267627,3.549463244506,4.982012018082
    ));
#531 = CARTESIAN_POINT('',(-8.4506290856,3.148867334097,4.992959645294)
  );
#532 = CARTESIAN_POINT('',(-8.58318056226,2.74091022276,5.003941992908)
  );
#533 = CARTESIAN_POINT('',(-8.804781755571,1.912948527277,5.025938559506
    ));
#534 = CARTESIAN_POINT('',(-8.893731979137,1.493321685445,5.03692090116)
  );
#535 = CARTESIAN_POINT('',(-8.960821912518,1.069585448404,5.047868529161
    ));
#536 = CARTESIAN_POINT('',(-9.005126838081,0.640406245146,5.058996122474
    ));
#537 = CARTESIAN_POINT('',(-9.028641348023,0.216416097803,5.069543002134
    ));
#538 = CARTESIAN_POINT('',(-9.028487002987,-0.221485938002,
    5.081170903741));
#539 = CARTESIAN_POINT('',(-9.004777223997,-0.645461882866,
    5.091717737966));
#540 = CARTESIAN_POINT('',(-8.960217375359,-1.074616794273,
    5.102845351416));
#541 = CARTESIAN_POINT('',(-8.892893133137,-1.498315438324,
    5.113792978628));
#542 = CARTESIAN_POINT('',(-8.803707523566,-1.917892398727,
    5.124775326241));
#543 = CARTESIAN_POINT('',(-8.58163893874,-2.745728857031,5.146771892839
    ));
#544 = CARTESIAN_POINT('',(-8.448858671106,-3.153611473951,
    5.157754234494));
#545 = CARTESIAN_POINT('',(-8.295092139231,-3.554122786423,
    5.168701862494));
#546 = CARTESIAN_POINT('',(-8.118871728653,-3.947955342001,
    5.179829455808));
#547 = CARTESIAN_POINT('',(-7.927240817946,-4.32689883553,5.190376335467
    ));
#548 = CARTESIAN_POINT('',(-7.708156133326,-4.706055950381,
    5.202004237075));
#549 = CARTESIAN_POINT('',(-7.475634889966,-5.061374999739,
    5.212551071299));
#550 = CARTESIAN_POINT('',(-7.222467473356,-5.410754130852,
    5.223678684749));
#551 = CARTESIAN_POINT('',(-6.952313647274,-5.74402579904,5.234626311961
    ));
#552 = CARTESIAN_POINT('',(-6.665288163533,-6.062797300806,
    5.245608659575));
#553 = CARTESIAN_POINT('',(-6.210611714787,-6.517217133799,
    5.262106084523));
#554 = CARTESIAN_POINT('',(-6.055099208326,-6.664665416181,
    5.267601240761));
#555 = CARTESIAN_POINT('',(-5.895757621653,-6.80799844372,5.273093246702
    ));
#556 = CARTESIAN_POINT('',(-5.732710366091,-6.947125535006,
    5.278582975483));
#557 = CARTESIAN_POINT('',(-5.56607981313,-7.081955465896,5.284071327366
    ));
#558 = CARTESIAN_POINT('',(-5.395987453401,-7.212396348717,5.28955921884
    ));
#559 = CARTESIAN_POINT('',(-5.222554055459,-7.338355511343,
    5.295047571716));
#560 = CARTESIAN_POINT('',(-5.045899824797,-7.459739376425,
    5.300537302236));
#561 = CARTESIAN_POINT('',(-4.86614456263,-7.576453340463,5.306029310163
    ));
#562 = CARTESIAN_POINT('',(-4.683407824871,-7.688401653013,
    5.311524467891));
#563 = CARTESIAN_POINT('',(-4.126611593171,-8.009658581384,
    5.328021892839));
#564 = CARTESIAN_POINT('',(-3.744305201167,-8.204185318084,
    5.339004234494));
#565 = CARTESIAN_POINT('',(-3.352371578768,-8.378660225667,
    5.349951862494));
#566 = CARTESIAN_POINT('',(-2.949283260763,-8.532535249064,
    5.361079455808));
#567 = CARTESIAN_POINT('',(-2.545826230358,-8.66498524658,5.371626335467
    ));
#568 = CARTESIAN_POINT('',(-2.12280539716,-8.778173547477,5.383254237075
    ));
#569 = CARTESIAN_POINT('',(-1.707139539928,-8.865004708813,
    5.393801071299));
#570 = CARTESIAN_POINT('',(-1.28107479005,-8.933036664568,5.404928684749
    ));
#571 = CARTESIAN_POINT('',(-0.854388531112,-8.977667718735,
    5.415876311961));
#572 = CARTESIAN_POINT('',(-0.426025374637,-9.000115543356,
    5.426858659575));
#573 = CARTESIAN_POINT('',(0.431078819454,-8.999873603704,5.448855226172
    ));
#574 = CARTESIAN_POINT('',(0.859429235309,-8.9771855034,5.459837567827)
  );
#575 = CARTESIAN_POINT('',(1.286091162695,-8.932318394488,5.470785195828
    ));
#576 = CARTESIAN_POINT('',(1.712113397756,-8.86403391476,5.481912789141)
  );
#577 = CARTESIAN_POINT('',(2.127742434178,-8.777010462132,5.492459668801
    ));
#578 = CARTESIAN_POINT('',(2.550683372508,-8.663523989527,5.504087570408
    ));
#579 = CARTESIAN_POINT('',(2.954076145023,-8.530889052463,5.514634404633
    ));
#580 = CARTESIAN_POINT('',(3.357075019953,-8.37677407948,5.525762018082)
  );
#581 = CARTESIAN_POINT('',(3.748911686723,-8.202082576716,5.536709645294
    ));
#582 = CARTESIAN_POINT('',(4.131108974585,-8.00734138486,5.547691992908)
  );
#583 = CARTESIAN_POINT('',(4.687723751546,-7.685770167662,5.564189417856
    ));
#584 = CARTESIAN_POINT('',(4.870397453964,-7.573719045008,5.569684574095
    ));
#585 = CARTESIAN_POINT('',(5.050087164334,-7.456904208559,5.575176580035
    ));
#586 = CARTESIAN_POINT('',(5.226673349932,-7.335421394417,5.580666308816
    ));
#587 = CARTESIAN_POINT('',(5.400036222941,-7.209365193834,5.5861546607)
  );
#588 = CARTESIAN_POINT('',(5.570055582582,-7.078829175444,5.591642552173
    ));
#589 = CARTESIAN_POINT('',(5.736610657269,-6.943906007431,5.59713090505)
  );
#590 = CARTESIAN_POINT('',(5.899579946737,-6.804687579757,5.602620635569
    ));
#591 = CARTESIAN_POINT('',(6.058841064197,-6.661265126344,5.608112643496
    ));
#592 = CARTESIAN_POINT('',(6.21427057847,-6.513729347284,5.613607801224)
  );
#593 = CARTESIAN_POINT('',(6.517217133799,-6.210611714788,5.624606084523
    ));
#594 = CARTESIAN_POINT('',(6.664665416181,-6.055099208325,5.630101240761
    ));
#595 = CARTESIAN_POINT('',(6.80799844372,-5.895757621655,5.635593246702)
  );
#596 = CARTESIAN_POINT('',(6.947125535006,-5.732710366087,5.641082975483
    ));
#597 = CARTESIAN_POINT('',(7.081955465895,-5.566079813135,5.646571327366
    ));
#598 = CARTESIAN_POINT('',(7.212396348718,-5.395987453396,5.652059218841
    ));
#599 = CARTESIAN_POINT('',(7.338355511342,-5.222554055463,5.657547571716
    ));
#600 = CARTESIAN_POINT('',(7.459739376425,-5.045899824795,5.663037302236
    ));
#601 = CARTESIAN_POINT('',(7.576453340463,-4.866144562631,5.668529310163
    ));
#602 = CARTESIAN_POINT('',(7.688401653013,-4.683407824871,5.674024467891
    ));
#603 = CARTESIAN_POINT('',(8.009658581384,-4.126611593171,5.690521892839
    ));
#604 = CARTESIAN_POINT('',(8.204185318084,-3.744305201167,5.701504234493
    ));
#605 = CARTESIAN_POINT('',(8.378660225667,-3.352371578768,5.712451862495
    ));
#606 = CARTESIAN_POINT('',(8.532535249065,-2.949283260763,5.723579455807
    ));
#607 = CARTESIAN_POINT('',(8.66498524658,-2.545826230359,5.734126335469)
  );
#608 = CARTESIAN_POINT('',(8.778173547477,-2.12280539716,5.745754237073)
  );
#609 = CARTESIAN_POINT('',(8.865004708813,-1.707139539928,5.756301071301
    ));
#610 = CARTESIAN_POINT('',(8.933036664568,-1.28107479005,5.767428684748)
  );
#611 = CARTESIAN_POINT('',(8.977667718735,-0.854388531112,5.778376311961
    ));
#612 = CARTESIAN_POINT('',(9.000115543356,-0.426025374637,5.789358659575
    ));
#613 = CARTESIAN_POINT('',(8.999873603705,0.431078819454,5.811355226172)
  );
#614 = CARTESIAN_POINT('',(8.9771855034,0.859429235308,5.822337567827));
#615 = CARTESIAN_POINT('',(8.932318394491,1.286091162696,5.833285195828)
  );
#616 = CARTESIAN_POINT('',(8.864033914756,1.712113397753,5.844412789141)
  );
#617 = CARTESIAN_POINT('',(8.777010462136,2.127742434181,5.854959668801)
  );
#618 = CARTESIAN_POINT('',(8.663523989522,2.550683372503,5.866587570407)
  );
#619 = CARTESIAN_POINT('',(8.530889052466,2.954076145027,5.877134404634)
  );
#620 = CARTESIAN_POINT('',(8.376774079478,3.35707501995,5.888262018082)
  );
#621 = CARTESIAN_POINT('',(8.202082576716,3.748911686724,5.899209645294)
  );
#622 = CARTESIAN_POINT('',(8.00734138486,4.131108974585,5.910191992908)
  );
#623 = CARTESIAN_POINT('',(7.685770167662,4.687723751546,5.926689417856)
  );
#624 = CARTESIAN_POINT('',(7.573719045008,4.870397453964,5.932184574094)
  );
#625 = CARTESIAN_POINT('',(7.456904208558,5.050087164336,5.937676580035)
  );
#626 = CARTESIAN_POINT('',(7.33542139442,5.226673349928,5.943166308816)
  );
#627 = CARTESIAN_POINT('',(7.209365193831,5.400036222946,5.9486546607));
#628 = CARTESIAN_POINT('',(7.078829175447,5.570055582577,5.954142552173)
  );
#629 = CARTESIAN_POINT('',(6.943906007428,5.736610657272,5.95963090505)
  );
#630 = CARTESIAN_POINT('',(6.804687579758,5.899579946735,5.965120635569)
  );
#631 = CARTESIAN_POINT('',(6.661265126343,6.058841064197,5.970612643496)
  );
#632 = CARTESIAN_POINT('',(6.513729347285,6.21427057847,5.976107801224)
  );
#633 = CARTESIAN_POINT('',(6.059052898539,6.668690411464,5.992605226172)
  );
#634 = CARTESIAN_POINT('',(5.740120505187,6.95553698566,6.003587567827)
  );
#635 = CARTESIAN_POINT('',(5.406699126095,7.225506690828,6.014535195828)
  );
#636 = CARTESIAN_POINT('',(5.057171496078,7.478465483504,6.025662789141)
  );
#637 = CARTESIAN_POINT('',(4.701742512497,7.710824720148,6.036209668801)
  );
#638 = CARTESIAN_POINT('',(4.322431052603,7.929642071322,6.047837570408)
  );
#639 = CARTESIAN_POINT('',(3.943402224262,8.121096772837,6.058384404633)
  );
#640 = CARTESIAN_POINT('',(3.549463244506,8.297084267626,6.069512018082)
  );
#641 = CARTESIAN_POINT('',(3.148867334097,8.4506290856,6.080459645294));
#642 = CARTESIAN_POINT('',(2.74091022276,8.58318056226,6.091441992908));
#643 = CARTESIAN_POINT('',(1.912948527277,8.804781755571,6.113438559506)
  );
#644 = CARTESIAN_POINT('',(1.493321685445,8.893731979138,6.12442090116)
  );
#645 = CARTESIAN_POINT('',(1.069585448405,8.960821912518,6.135368529161)
  );
#646 = CARTESIAN_POINT('',(0.640406245145,9.005126838081,6.146496122474)
  );
#647 = CARTESIAN_POINT('',(0.216416097801,9.028641348023,6.157043002135)
  );
#648 = CARTESIAN_POINT('',(-0.221485937999,9.028487002987,6.16867090374)
  );
#649 = CARTESIAN_POINT('',(-0.64546188287,9.004777223998,6.179217737967)
  );
#650 = CARTESIAN_POINT('',(-1.074616794271,8.960217375359,6.190345351415
    ));
#651 = CARTESIAN_POINT('',(-1.498315438325,8.892893133137,6.201292978628
    ));
#652 = CARTESIAN_POINT('',(-1.917892398727,8.803707523566,6.212275326241
    ));
#653 = CARTESIAN_POINT('',(-2.745728857031,8.58163893874,6.234271892839)
  );
#654 = CARTESIAN_POINT('',(-3.153611473951,8.448858671106,6.245254234493
    ));
#655 = CARTESIAN_POINT('',(-3.554122786423,8.29509213923,6.256201862495)
  );
#656 = CARTESIAN_POINT('',(-3.947955342002,8.118871728653,6.267329455808
    ));
#657 = CARTESIAN_POINT('',(-4.326898835527,7.927240817946,6.277876335468
    ));
#658 = CARTESIAN_POINT('',(-4.706055950384,7.708156133326,6.289504237075
    ));
#659 = CARTESIAN_POINT('',(-5.061374999736,7.475634889967,6.3000510713)
  );
#660 = CARTESIAN_POINT('',(-5.410754130853,7.222467473356,6.311178684749
    ));
#661 = CARTESIAN_POINT('',(-5.74402579904,6.952313647274,6.322126311961)
  );
#662 = CARTESIAN_POINT('',(-6.062797300806,6.665288163533,6.333108659575
    ));
#663 = CARTESIAN_POINT('',(-6.668690411463,6.059052898539,6.355105226172
    ));
#664 = CARTESIAN_POINT('',(-6.955536985661,5.740120505187,6.366087567827
    ));
#665 = CARTESIAN_POINT('',(-7.225506690826,5.406699126095,6.377035195828
    ));
#666 = CARTESIAN_POINT('',(-7.478465483507,5.057171496081,6.388162789141
    ));
#667 = CARTESIAN_POINT('',(-7.710824720146,4.701742512493,6.398709668801
    ));
#668 = CARTESIAN_POINT('',(-7.929642071324,4.322431052607,6.410337570407
    ));
#669 = CARTESIAN_POINT('',(-8.121096772836,3.943402224258,6.420884404633
    ));
#670 = CARTESIAN_POINT('',(-8.297084267627,3.549463244508,6.432012018082
    ));
#671 = CARTESIAN_POINT('',(-8.450629085599,3.148867334096,6.442959645294
    ));
#672 = CARTESIAN_POINT('',(-8.58318056226,2.74091022276,6.453941992908)
  );
#673 = CARTESIAN_POINT('',(-8.749381457243,2.119938951148,6.470439417856
    ));
#674 = CARTESIAN_POINT('',(-8.799319162298,1.911537028755,6.475934574095
    ));
#675 = CARTESIAN_POINT('',(-8.843778412017,1.701876653047,6.481426580035
    ));
#676 = CARTESIAN_POINT('',(-8.882742379634,1.49111004207,6.486916308817)
  );
#677 = CARTESIAN_POINT('',(-8.916193248509,1.279388784716,6.492404660698
    ));
#678 = CARTESIAN_POINT('',(-8.944112186843,1.066864038787,6.497892552175
    ));
#679 = CARTESIAN_POINT('',(-8.96647932256,0.853686728995,6.503380905049)
  );
#680 = CARTESIAN_POINT('',(-8.98327371799,0.640007745012,6.508870635569)
  );
#681 = CARTESIAN_POINT('',(-8.994473344745,0.425978139494,6.514362643496
    ));
#682 = CARTESIAN_POINT('',(-9.000055058443,0.211749326114,6.519857801224
    ));
#683 = CARTESIAN_POINT('',(-8.999873603704,-0.431078819454,
    6.536355226172));
#684 = CARTESIAN_POINT('',(-8.9771855034,-0.859429235309,6.547337567827)
  );
#685 = CARTESIAN_POINT('',(-8.932318394489,-1.286091162696,
    6.558285195828));
#686 = CARTESIAN_POINT('',(-8.86403391476,-1.712113397755,6.569412789141
    ));
#687 = CARTESIAN_POINT('',(-8.777010462131,-2.127742434178,
    6.579959668801));
#688 = CARTESIAN_POINT('',(-8.663523989527,-2.550683372508,
    6.591587570408));
#689 = CARTESIAN_POINT('',(-8.530889052462,-2.954076145022,
    6.602134404633));
#690 = CARTESIAN_POINT('',(-8.37677407948,-3.357075019954,6.613262018082
    ));
#691 = CARTESIAN_POINT('',(-8.202082576716,-3.748911686722,
    6.624209645294));
#692 = CARTESIAN_POINT('',(-8.00734138486,-4.131108974585,6.635191992908
    ));
#693 = CARTESIAN_POINT('',(-7.685770167662,-4.687723751546,
    6.651689417856));
#694 = CARTESIAN_POINT('',(-7.573719045007,-4.870397453964,
    6.657184574094));
#695 = CARTESIAN_POINT('',(-7.456904208562,-5.050087164336,
    6.662676580035));
#696 = CARTESIAN_POINT('',(-7.335421394413,-5.226673349929,
    6.668166308816));
#697 = CARTESIAN_POINT('',(-7.209365193839,-5.400036222944,6.6736546607)
  );
#698 = CARTESIAN_POINT('',(-7.078829175439,-5.570055582579,
    6.679142552173));
#699 = CARTESIAN_POINT('',(-6.943906007434,-5.736610657271,6.68463090505
    ));
#700 = CARTESIAN_POINT('',(-6.804687579755,-5.899579946735,
    6.690120635569));
#701 = CARTESIAN_POINT('',(-6.661265126345,-6.058841064197,
    6.695612643496));
#702 = CARTESIAN_POINT('',(-6.513729347284,-6.21427057847,6.701107801224
    ));
#703 = CARTESIAN_POINT('',(-6.210611714788,-6.517217133799,
    6.712106084523));
#704 = CARTESIAN_POINT('',(-6.055099208324,-6.664665416179,
    6.717601240761));
#705 = CARTESIAN_POINT('',(-5.895757621658,-6.807998443725,
    6.723093246703));
#706 = CARTESIAN_POINT('',(-5.732710366082,-6.947125534998,
    6.728582975482));
#707 = CARTESIAN_POINT('',(-5.566079813142,-7.081955465906,
    6.734071327368));
#708 = CARTESIAN_POINT('',(-5.395987453389,-7.212396348707,
    6.739559218838));
#709 = CARTESIAN_POINT('',(-5.222554055468,-7.338355511351,
    6.745047571718));
#710 = CARTESIAN_POINT('',(-5.045899824792,-7.459739376421,
    6.750537302235));
#711 = CARTESIAN_POINT('',(-4.866144562632,-7.576453340464,
    6.756029310163));
#712 = CARTESIAN_POINT('',(-4.68340782487,-7.688401653013,6.761524467891
    ));
#713 = CARTESIAN_POINT('',(-4.126611593171,-8.009658581384,
    6.778021892839));
#714 = CARTESIAN_POINT('',(-3.744305201167,-8.204185318084,
    6.789004234493));
#715 = CARTESIAN_POINT('',(-3.352371578769,-8.378660225667,
    6.799951862495));
#716 = CARTESIAN_POINT('',(-2.949283260761,-8.532535249065,
    6.811079455807));
#717 = CARTESIAN_POINT('',(-2.545826230362,-8.664985246579,
    6.821626335468));
#718 = CARTESIAN_POINT('',(-2.122805397157,-8.778173547477,
    6.833254237074));
#719 = CARTESIAN_POINT('',(-1.707139539931,-8.865004708813,6.8438010713)
  );
#720 = CARTESIAN_POINT('',(-1.281074790049,-8.933036664568,
    6.854928684749));
#721 = CARTESIAN_POINT('',(-0.854388531112,-8.977667718735,
    6.865876311961));
#722 = CARTESIAN_POINT('',(-0.426025374637,-9.000115543356,
    6.876858659575));
#723 = CARTESIAN_POINT('',(0.216802770931,-8.999934088617,6.893356084523
    ));
#724 = CARTESIAN_POINT('',(0.431028399157,-8.994231821084,6.898851240761
    ));
#725 = CARTESIAN_POINT('',(0.645051671358,-8.982912060369,6.904343246703
    ));
#726 = CARTESIAN_POINT('',(0.858721201116,-8.965997949991,6.909832975482
    ));
#727 = CARTESIAN_POINT('',(1.071885953505,-8.943511514495,6.915321327368
    ));
#728 = CARTESIAN_POINT('',(1.284395047285,-8.915473686272,6.920809218838
    ));
#729 = CARTESIAN_POINT('',(1.4960975571,-8.881904332563,6.926297571718)
  );
#730 = CARTESIAN_POINT('',(1.706842315652,-8.842822282253,6.931787302235
    ));
#731 = CARTESIAN_POINT('',(1.916477715915,-8.798245352856,6.937279310163
    ));
#732 = CARTESIAN_POINT('',(2.124851513303,-8.74819037736,6.942774467891)
  );
#733 = CARTESIAN_POINT('',(2.745728857032,-8.58163893874,6.959271892839)
  );
#734 = CARTESIAN_POINT('',(3.15361147395,-8.448858671106,6.970254234493)
  );
#735 = CARTESIAN_POINT('',(3.554122786424,-8.295092139231,6.981201862495
    ));
#736 = CARTESIAN_POINT('',(3.947955342001,-8.118871728651,6.992329455807
    ));
#737 = CARTESIAN_POINT('',(4.326898835529,-7.927240817949,7.002876335468
    ));
#738 = CARTESIAN_POINT('',(4.706055950382,-7.708156133323,7.014504237074
    ));
#739 = CARTESIAN_POINT('',(5.061374999737,-7.475634889969,7.0250510713)
  );
#740 = CARTESIAN_POINT('',(5.410754130853,-7.222467473354,7.036178684749
    ));
#741 = CARTESIAN_POINT('',(5.74402579904,-6.952313647275,7.047126311961)
  );
#742 = CARTESIAN_POINT('',(6.062797300806,-6.665288163533,7.058108659575
    ));
#743 = CARTESIAN_POINT('',(6.517217133799,-6.210611714788,7.074606084523
    ));
#744 = CARTESIAN_POINT('',(6.66466541618,-6.055099208325,7.080101240761)
  );
#745 = CARTESIAN_POINT('',(6.807998443723,-5.895757621656,7.085593246702
    ));
#746 = CARTESIAN_POINT('',(6.947125535,-5.732710366086,7.091082975483));
#747 = CARTESIAN_POINT('',(7.081955465903,-5.566079813137,7.096571327366
    ));
#748 = CARTESIAN_POINT('',(7.212396348709,-5.395987453394,7.10205921884)
  );
#749 = CARTESIAN_POINT('',(7.338355511349,-5.222554055465,7.107547571716
    ));
#750 = CARTESIAN_POINT('',(7.459739376422,-5.045899824794,7.113037302236
    ));
#751 = CARTESIAN_POINT('',(7.576453340464,-4.866144562632,7.118529310163
    ));
#752 = CARTESIAN_POINT('',(7.688401653013,-4.683407824871,7.124024467891
    ));
#753 = CARTESIAN_POINT('',(8.009658581384,-4.126611593171,7.140521892839
    ));
#754 = CARTESIAN_POINT('',(8.204185318085,-3.744305201167,7.151504234494
    ));
#755 = CARTESIAN_POINT('',(8.378660225665,-3.352371578769,7.162451862494
    ));
#756 = CARTESIAN_POINT('',(8.532535249068,-2.949283260762,7.173579455809
    ));
#757 = CARTESIAN_POINT('',(8.664985246575,-2.545826230361,7.184126335466
    ));
#758 = CARTESIAN_POINT('',(8.778173547481,-2.122805397158,7.195754237076
    ));
#759 = CARTESIAN_POINT('',(8.86500470881,-1.707139539929,7.206301071298)
  );
#760 = CARTESIAN_POINT('',(8.93303666457,-1.28107479005,7.21742868475));
#761 = CARTESIAN_POINT('',(8.977667718735,-0.854388531112,7.228376311961
    ));
#762 = CARTESIAN_POINT('',(9.000115543356,-0.426025374637,7.239358659575
    ));
#763 = CARTESIAN_POINT('',(8.999873603704,0.431078819454,7.261355226172)
  );
#764 = CARTESIAN_POINT('',(8.9771855034,0.859429235309,7.272337567827));
#765 = CARTESIAN_POINT('',(8.932318394489,1.286091162695,7.283285195828)
  );
#766 = CARTESIAN_POINT('',(8.86403391476,1.712113397756,7.294412789141)
  );
#767 = CARTESIAN_POINT('',(8.777010462133,2.127742434177,7.304959668801)
  );
#768 = CARTESIAN_POINT('',(8.663523989526,2.550683372508,7.316587570407)
  );
#769 = CARTESIAN_POINT('',(8.530889052464,2.954076145024,7.327134404634)
  );
#770 = CARTESIAN_POINT('',(8.376774079479,3.357075019952,7.338262018082)
  );
#771 = CARTESIAN_POINT('',(8.202082576716,3.748911686723,7.349209645295)
  );
#772 = CARTESIAN_POINT('',(8.00734138486,4.131108974585,7.360191992908)
  );
#773 = CARTESIAN_POINT('',(7.685770167662,4.687723751546,7.376689417856)
  );
#774 = CARTESIAN_POINT('',(7.573719045007,4.870397453964,7.382184574094)
  );
#775 = CARTESIAN_POINT('',(7.456904208562,5.050087164336,7.387676580035)
  );
#776 = CARTESIAN_POINT('',(7.335421394414,5.226673349928,7.393166308816)
  );
#777 = CARTESIAN_POINT('',(7.209365193839,5.400036222946,7.398654660699)
  );
#778 = CARTESIAN_POINT('',(7.07882917544,5.570055582577,7.404142552174)
  );
#779 = CARTESIAN_POINT('',(6.943906007433,5.736610657272,7.409630905049)
  );
#780 = CARTESIAN_POINT('',(6.804687579755,5.899579946734,7.415120635569)
  );
#781 = CARTESIAN_POINT('',(6.661265126344,6.058841064198,7.420612643496)
  );
#782 = CARTESIAN_POINT('',(6.513729347284,6.21427057847,7.426107801224)
  );
#783 = CARTESIAN_POINT('',(6.210611714788,6.517217133799,7.437106084523)
  );
#784 = CARTESIAN_POINT('',(6.055099208325,6.66466541618,7.442601240761)
  );
#785 = CARTESIAN_POINT('',(5.895757621655,6.807998443723,7.448093246702)
  );
#786 = CARTESIAN_POINT('',(5.732710366088,6.947125535001,7.453582975482)
  );
#787 = CARTESIAN_POINT('',(5.566079813135,7.081955465902,7.459071327367)
  );
#788 = CARTESIAN_POINT('',(5.395987453397,7.21239634871,7.464559218839)
  );
#789 = CARTESIAN_POINT('',(5.222554055462,7.338355511349,7.470047571717)
  );
#790 = CARTESIAN_POINT('',(5.045899824795,7.459739376421,7.475537302235)
  );
#791 = CARTESIAN_POINT('',(4.866144562631,7.576453340464,7.481029310163)
  );
#792 = CARTESIAN_POINT('',(4.683407824871,7.688401653013,7.486524467891)
  );
#793 = CARTESIAN_POINT('',(4.126611593171,8.009658581384,7.503021892839)
  );
#794 = CARTESIAN_POINT('',(3.744305201167,8.204185318083,7.514004234493)
  );
#795 = CARTESIAN_POINT('',(3.352371578768,8.378660225668,7.524951862495)
  );
#796 = CARTESIAN_POINT('',(2.949283260762,8.532535249062,7.536079455808)
  );
#797 = CARTESIAN_POINT('',(2.54582623036,8.664985246584,7.546626335468)
  );
#798 = CARTESIAN_POINT('',(2.122805397159,8.778173547473,7.558254237074)
  );
#799 = CARTESIAN_POINT('',(1.707139539929,8.865004708817,7.5688010713));
#800 = CARTESIAN_POINT('',(1.28107479005,8.933036664565,7.579928684749)
  );
#801 = CARTESIAN_POINT('',(0.854388531112,8.977667718736,7.590876311961)
  );
#802 = CARTESIAN_POINT('',(0.426025374637,9.000115543356,7.601858659575)
  );
#803 = CARTESIAN_POINT('',(-0.216802770931,8.999934088617,7.618356084523
    ));
#804 = CARTESIAN_POINT('',(-0.431028399157,8.994231821085,7.623851240761
    ));
#805 = CARTESIAN_POINT('',(-0.645051671358,8.982912060367,7.629343246702
    ));
#806 = CARTESIAN_POINT('',(-0.858721201117,8.965997949995,7.634832975484
    ));
#807 = CARTESIAN_POINT('',(-1.071885953504,8.943511514489,7.640321327365
    ));
#808 = CARTESIAN_POINT('',(-1.284395047287,8.915473686278,7.645809218841
    ));
#809 = CARTESIAN_POINT('',(-1.496097557099,8.881904332558,7.651297571715
    ));
#810 = CARTESIAN_POINT('',(-1.706842315653,8.842822282256,7.656787302236
    ));
#811 = CARTESIAN_POINT('',(-1.916477715915,8.798245352855,7.662279310162
    ));
#812 = CARTESIAN_POINT('',(-2.124851513304,8.74819037736,7.667774467891)
  );
#813 = CARTESIAN_POINT('',(-2.745728857032,8.58163893874,7.684271892839)
  );
#814 = CARTESIAN_POINT('',(-3.15361147395,8.448858671106,7.695254234494)
  );
#815 = CARTESIAN_POINT('',(-3.554122786423,8.295092139229,7.706201862496
    ));
#816 = CARTESIAN_POINT('',(-3.947955341995,8.118871728657,7.717329455805
    ));
#817 = CARTESIAN_POINT('',(-4.326898835538,7.927240817937,7.727876335471
    ));
#818 = CARTESIAN_POINT('',(-4.706055950364,7.708156133335,7.739504237074
    ));
#819 = CARTESIAN_POINT('',(-5.061374999746,7.475634889966,7.750051071299
    ));
#820 = CARTESIAN_POINT('',(-5.410754130853,7.22246747336,7.761178684748)
  );
#821 = CARTESIAN_POINT('',(-5.744025799046,6.952313647277,7.772126311961
    ));
#822 = CARTESIAN_POINT('',(-6.062797300812,6.665288163533,7.783108659573
    ));
#823 = CARTESIAN_POINT('',(-6.668690411466,6.05905289853,7.805105226172)
  );
#824 = CARTESIAN_POINT('',(-6.955536985655,5.740120505174,7.816087567829
    ));
#825 = CARTESIAN_POINT('',(-7.225506690815,5.406699126066,7.82703519583)
  );
#826 = CARTESIAN_POINT('',(-7.478465483459,5.05717149615,7.838162789134)
  );
#827 = CARTESIAN_POINT('',(-7.71082472019,4.701742512327,7.848709668818)
  );
#828 = CARTESIAN_POINT('',(-7.929642071181,4.322431052804,7.860337570406
    ));
#829 = CARTESIAN_POINT('',(-8.121096772914,3.943402224261,7.870884404621
    ));
#830 = CARTESIAN_POINT('',(-8.29708426767,3.549463244579,7.882012018087)
  );
#831 = CARTESIAN_POINT('',(-8.450629085681,3.148867334134,7.892959645288
    ));
#832 = CARTESIAN_POINT('',(-8.583180562336,2.740910222747,7.903941992912
    ));
#833 = CARTESIAN_POINT('',(-8.804781755544,1.912948527101,7.925938559509
    ));
#834 = CARTESIAN_POINT('',(-8.893731978996,1.49332168523,7.936920901185)
  );
#835 = CARTESIAN_POINT('',(-8.960821912173,1.069585447979,7.94786852906)
  );
#836 = CARTESIAN_POINT('',(-9.00512683803,0.640406246192,7.958996122666)
  );
#837 = CARTESIAN_POINT('',(-9.028641347353,0.216416095341,7.969543001934
    ));
#838 = CARTESIAN_POINT('',(-9.028487002707,-0.221485934873,
    7.981170903618));
#839 = CARTESIAN_POINT('',(-9.004777224887,-0.645461883006,
    7.991717737886));
#840 = CARTESIAN_POINT('',(-8.960217376352,-1.074616793268,
    8.002845351672));
#841 = CARTESIAN_POINT('',(-8.892893134328,-1.498315437868,
    8.013792978531));
#842 = CARTESIAN_POINT('',(-8.803707524366,-1.917892398889,
    8.024775326576));
#843 = CARTESIAN_POINT('',(-8.581638937342,-2.745728859062,
    8.046771892979));
#844 = CARTESIAN_POINT('',(-8.44885866814,-3.153611476387,8.057754234579
    ));
#845 = CARTESIAN_POINT('',(-8.295092132925,-3.554122790536,
    8.068701859648));
#846 = CARTESIAN_POINT('',(-8.118871732933,-3.947955333695,
    8.079829461592));
#847 = CARTESIAN_POINT('',(-7.927240798234,-4.326898856215,
    8.090376327843));
#848 = CARTESIAN_POINT('',(-7.708156145663,-4.706055924086,
    8.102004233698));
#849 = CARTESIAN_POINT('',(-7.475634899288,-5.061375000793,
    8.112551072509));
#850 = CARTESIAN_POINT('',(-7.22246748974,-5.410754121683,8.123678689225
    ));
#851 = CARTESIAN_POINT('',(-6.952313663532,-5.74402579378,8.134626311494
    ));
#852 = CARTESIAN_POINT('',(-6.665288173172,-6.062797299768,
    8.145608666521));
#853 = CARTESIAN_POINT('',(-6.059052876952,-6.66869042434,8.16760522979)
  );
#854 = CARTESIAN_POINT('',(-5.740120463555,-6.95553700369,8.178587560098
    ));
#855 = CARTESIAN_POINT('',(-5.406699050158,-7.225506717487,
    8.189535161336));
#856 = CARTESIAN_POINT('',(-5.057171513821,-7.478465471631,8.20066286184
    ));
#857 = CARTESIAN_POINT('',(-4.701742331191,-7.710824788271,8.21120957153
    ));
#858 = CARTESIAN_POINT('',(-4.322431127221,-7.929642021492,
    8.222837450536));
#859 = CARTESIAN_POINT('',(-3.943402345251,-8.121096744035,
    8.233384516809));
#860 = CARTESIAN_POINT('',(-3.549463430684,-8.297084204808,
    8.244512015664));
#861 = CARTESIAN_POINT('',(-3.148867546074,-8.450629015606,
    8.255459698373));
#862 = CARTESIAN_POINT('',(-2.740910385598,-8.583180507083,
    8.266442067466));
#863 = CARTESIAN_POINT('',(-2.326929392376,-8.693981154284,
    8.277440371428));
#864 = CARTESIAN_POINT('',(-1.912948396426,-8.804781802269,
    8.288438572105));
#865 = CARTESIAN_POINT('',(-1.49332129857,-8.893732115619,8.29942082983)
  );
#866 = CARTESIAN_POINT('',(-1.069584835133,-8.960822213097,8.31036795553
    ));
#867 = CARTESIAN_POINT('',(-0.64040496282,-9.005126892796,8.321497288555
    ));
#868 = CARTESIAN_POINT('',(-0.216416853514,-9.028641885584,
    8.332041330891));
#869 = CARTESIAN_POINT('',(0.221489365036,-9.02848734547,8.343669677415)
  );
#870 = CARTESIAN_POINT('',(0.645459763321,-9.004776406835,8.354219141711
    ));
#871 = CARTESIAN_POINT('',(1.074615251251,-8.960216451428,8.365345373208
    ));
#872 = CARTESIAN_POINT('',(1.498312644897,-8.892892002046,8.376293645317
    ));
#873 = CARTESIAN_POINT('',(1.917889429035,-8.803706819046,8.387276209307
    ));
#874 = CARTESIAN_POINT('',(2.331808641158,-8.692673771813,8.398274668918
    ));
#875 = CARTESIAN_POINT('',(2.538768263259,-8.637157244198,8.403773297174
    ));
#876 = CARTESIAN_POINT('',(2.744219641598,-8.576204325522,8.40926795851)
  );
#877 = CARTESIAN_POINT('',(2.948022127361,-8.509877697917,8.414759491774
    ));
#878 = CARTESIAN_POINT('',(3.150035300904,-8.438238790294,8.420248773662
    ));
#879 = CARTESIAN_POINT('',(3.35011878737,-8.361347855979,8.425736707771)
  );
#880 = CARTESIAN_POINT('',(3.548132072308,-8.27926405056,8.431224213702)
  );
#881 = CARTESIAN_POINT('',(3.743934317283,-8.192045509424,8.436712216087
    ));
#882 = CARTESIAN_POINT('',(3.937384175503,-8.099749425661,8.442201633706
    ));
#883 = CARTESIAN_POINT('',(4.128339607428,-8.002432127612,8.447693368517
    ));
#884 = CARTESIAN_POINT('',(4.31665769639,-7.900149156702,8.453188294754)
  );
#885 = CARTESIAN_POINT('',(4.502194464209,-7.792955345084,8.458687247984
    ));
#886 = CARTESIAN_POINT('',(4.687731189119,-7.685761557264,8.464187986879
    ));
#887 = CARTESIAN_POINT('',(4.870400551671,-7.573707099428,8.469684634398
    ));
#888 = CARTESIAN_POINT('',(5.050083855751,-7.456889412131,8.475178013518
    ));
#889 = CARTESIAN_POINT('',(5.226662331487,-7.335404673448,8.480668986275
    ));
#890 = CARTESIAN_POINT('',(5.400016977279,-7.209347918919,8.486158442951
    ));
#891 = CARTESIAN_POINT('',(5.570028401864,-7.078813161534,8.491647291256
    ));
#892 = CARTESIAN_POINT('',(5.736576666323,-6.943893511666,8.497136445514
    ));
#893 = CARTESIAN_POINT('',(5.899541126162,-6.804681297065,8.502626815846
    ));
#894 = CARTESIAN_POINT('',(6.058800273317,-6.661268182788,8.508119297356
    ));
#895 = CARTESIAN_POINT('',(6.214231578223,-6.513745291187,8.513614759314
    ));
#896 = CARTESIAN_POINT('',(6.365711331837,-6.362203321852,8.519114034337
    ));
#897 = CARTESIAN_POINT('',(6.517191174655,-6.21066126646,8.524608798402)
  );
#898 = CARTESIAN_POINT('',(6.664656805897,-6.055163311007,8.530100090057
    ));
#899 = CARTESIAN_POINT('',(6.808014853497,-5.895832418339,8.535588779459
    ));
#900 = CARTESIAN_POINT('',(6.947171439598,-5.732790380667,8.541075769686
    ));
#901 = CARTESIAN_POINT('',(7.082032063926,-5.566157985732,8.546561985695
    ));
#902 = CARTESIAN_POINT('',(7.21250148711,-5.396055182931,8.55204836321)
  );
#903 = CARTESIAN_POINT('',(7.338483614091,-5.222601249517,8.557535837721
    ));
#904 = CARTESIAN_POINT('',(7.459881377413,-5.045914956693,8.563025333346
    ));
#905 = CARTESIAN_POINT('',(7.576596620641,-4.866114735826,8.568517751831
    ));
#906 = CARTESIAN_POINT('',(7.68852998167,-4.68331884455,8.574013961434)
  );
#907 = CARTESIAN_POINT('',(7.79558077611,-4.497645532954,8.57951478589)
  );
#908 = CARTESIAN_POINT('',(8.009682152572,-4.126299263974,8.590531464922
    ));
#909 = CARTESIAN_POINT('',(8.203989136482,-3.743905748016,8.601523581422
    ));
#910 = CARTESIAN_POINT('',(8.378178167782,-3.351742341387,8.612499631759
    ));
#911 = CARTESIAN_POINT('',(8.531874464772,-2.950590614764,8.623467290704
    ));
#912 = CARTESIAN_POINT('',(8.664674046578,-2.542197246334,8.634403310711
    ));
#913 = CARTESIAN_POINT('',(8.776343328803,-2.127711272892,8.645347675396
    ));
#914 = CARTESIAN_POINT('',(8.866579591798,-1.707647094107,8.656358173682
    ));
#915 = CARTESIAN_POINT('',(8.934721515281,-1.282992664861,8.667417286655
    ));
#916 = CARTESIAN_POINT('',(8.979961048785,-0.855364842725,8.678468223681
    ));
#917 = CARTESIAN_POINT('',(9.001926141889,-0.425608881108,8.6895711075)
  );
#918 = CARTESIAN_POINT('',(8.999978294219,5.053425815286E-03,
    8.700713690247));
#919 = PCURVE('',#920,#7158);
#920 = ( BOUNDED_SURFACE() B_SPLINE_SURFACE(6,11,(
    (#921,#922,#923,#924,#925,#926,#927,#928,#929,#930,#931,#932,#933
      ,#934,#935,#936,#937,#938,#939,#940,#941,#942,#943,#944,#945,#946
      ,#947,#948,#949,#950,#951,#952,#953,#954,#955,#956,#957,#958,#959
      ,#960,#961,#962,#963,#964,#965,#966,#967,#968,#969,#970,#971,#972
      ,#973,#974,#975,#976,#977,#978,#979,#980,#981,#982,#983,#984,#985
      ,#986,#987,#988,#989,#990,#991,#992,#993,#994,#995,#996,#997,#998
      ,#999,#1000,#1001,#1002,#1003,#1004,#1005,#1006,#1007,#1008,#1009
      ,#1010,#1011,#1012,#1013,#1014,#1015,#1016,#1017,#1018,#1019,#1020
      ,#1021,#1022,#1023,#1024,#1025,#1026,#1027,#1028,#1029,#1030,#1031
      ,#1032,#1033,#1034,#1035,#1036,#1037,#1038,#1039,#1040,#1041,#1042
      ,#1043,#1044,#1045,#1046,#1047,#1048,#1049,#1050,#1051,#1052,#1053
      ,#1054,#1055,#1056,#1057,#1058,#1059,#1060,#1061,#1062,#1063,#1064
      ,#1065,#1066,#1067,#1068,#1069,#1070,#1071,#1072,#1073,#1074,#1075
      ,#1076,#1077,#1078,#1079,#1080,#1081,#1082,#1083,#1084,#1085,#1086
      ,#1087,#1088,#1089,#1090,#1091,#1092,#1093,#1094,#1095,#1096,#1097
      ,#1098,#1099,#1100,#1101,#1102,#1103,#1104,#1105,#1106,#1107,#1108
      ,#1109,#1110,#1111,#1112,#1113,#1114,#1115,#1116,#1117,#1118,#1119
      ,#1120,#1121,#1122,#1123,#1124,#1125,#1126,#1127,#1128,#1129,#1130
      ,#1131,#1132,#1133,#1134,#1135,#1136,#1137,#1138,#1139,#1140,#1141
      ,#1142,#1143,#1144,#1145,#1146,#1147,#1148,#1149,#1150,#1151,#1152
      ,#1153,#1154,#1155,#1156,#1157,#1158,#1159,#1160,#1161,#1162,#1163
      ,#1164,#1165,#1166,#1167,#1168,#1169,#1170,#1171,#1172,#1173,#1174
      ,#1175,#1176,#1177,#1178,#1179,#1180,#1181,#1182,#1183,#1184,#1185
      ,#1186,#1187,#1188,#1189,#1190,#1191,#1192,#1193,#1194,#1195,#1196
      ,#1197,#1198,#1199,#1200,#1201,#1202,#1203,#1204,#1205,#1206,#1207
      ,#1208,#1209,#1210,#1211,#1212,#1213,#1214,#1215,#1216,#1217,#1218
      ,#1219,#1220,#1221,#1222,#1223,#1224,#1225,#1226,#1227,#1228,#1229
      ,#1230,#1231,#1232,#1233,#1234,#1235,#1236,#1237,#1238,#1239,#1240
      ,#1241,#1242,#1243,#1244,#1245,#1246,#1247,#1248,#1249,#1250,#1251
      ,#1252,#1253,#1254,#1255,#1256,#1257,#1258,#1259,#1260,#1261,#1262
      ,#1263,#1264,#1265,#1266,#1267,#1268,#1269,#1270,#1271,#1272,#1273
      ,#1274,#1275,#1276,#1277,#1278,#1279,#1280,#1281,#1282,#1283,#1284
      ,#1285,#1286,#1287,#1288,#1289,#1290,#1291,#1292,#1293,#1294,#1295
      ,#1296,#1297,#1298,#1299,#1300,#1301,#1302,#1303,#1304,#1305,#1306
      ,#1307,#1308,#1309,#1310,#1311,#1312,#1313,#1314,#1315,#1316,#1317
      ,#1318,#1319,#1320,#1321,#1322,#1323,#1324,#1325,#1326,#1327,#1328
      ,#1329,#1330,#1331,#1332,#1333,#1334,#1335,#1336,#1337,#1338,#1339
      ,#1340,#1341,#1342,#1343,#1344,#1345,#1346,#1347,#1348,#1349,#1350
      ,#1351,#1352,#1353,#1354,#1355,#1356,#1357,#1358,#1359,#1360,#1361
      ,#1362,#1363,#1364,#1365,#1366,#1367,#1368,#1369,#1370,#1371,#1372
      ,#1373,#1374,#1375,#1376,#1377,#1378,#1379,#1380,#1381,#1382,#1383
      ,#1384,#1385,#1386,#1387,#1388,#1389,#1390,#1391,#1392,#1393,#1394
      ,#1395,#1396,#1397,#1398,#1399,#1400,#1401,#1402,#1403,#1404,#1405
      ,#1406,#1407,#1408,#1409,#1410,#1411,#1412,#1413,#1414,#1415,#1416
      ,#1417,#1418,#1419,#1420,#1421,#1422,#1423,#1424,#1425,#1426,#1427
      ,#1428,#1429,#1430,#1431,#1432,#1433,#1434,#1435,#1436,#1437,#1438
      ,#1439,#1440,#1441,#1442,#1443,#1444,#1445,#1446,#1447,#1448,#1449
      ,#1450,#1451,#1452,#1453,#1454,#1455,#1456,#1457,#1458,#1459,#1460
      ,#1461,#1462,#1463,#1464,#1465,#1466,#1467,#1468,#1469,#1470,#1471
      ,#1472,#1473,#1474,#1475,#1476,#1477,#1478,#1479,#1480,#1481,#1482
      ,#1483,#1484,#1485,#1486,#1487,#1488,#1489,#1490,#1491,#1492,#1493
      ,#1494,#1495,#1496,#1497,#1498,#1499,#1500,#1501,#1502,#1503,#1504
      ,#1505,#1506,#1507,#1508,#1509,#1510,#1511,#1512,#1513,#1514,#1515
      ,#1516,#1517,#1518,#1519,#1520,#1521,#1522,#1523,#1524,#1525,#1526
      ,#1527,#1528,#1529,#1530,#1531,#1532,#1533,#1534,#1535,#1536,#1537
      ,#1538,#1539,#1540,#1541,#1542,#1543,#1544,#1545,#1546,#1547,#1548
      ,#1549,#1550,#1551,#1552,#1553,#1554,#1555,#1556,#1557,#1558,#1559
      ,#1560,#1561,#1562,#1563,#1564,#1565,#1566,#1567,#1568,#1569,#1570
      ,#1571,#1572,#1573,#1574,#1575,#1576,#1577,#1578,#1579,#1580,#1581
      ,#1582,#1583,#1584,#1585,#1586,#1587,#1588,#1589,#1590,#1591,#1592
      ,#1593,#1594,#1595,#1596,#1597,#1598,#1599,#1600,#1601,#1602,#1603
      ,#1604,#1605,#1606,#1607,#1608,#1609,#1610,#1611,#1612,#1613,#1614
      ,#1615,#1616,#1617,#1618,#1619,#1620,#1621,#1622,#1623,#1624,#1625
      ,#1626,#1627,#1628,#1629,#1630,#1631,#1632,#1633,#1634,#1635,#1636
      ,#1637,#1638,#1639,#1640,#1641,#1642,#1643,#1644,#1645,#1646,#1647
      ,#1648,#1649,#1650,#1651,#1652,#1653,#1654,#1655,#1656,#1657,#1658
      ,#1659,#1660,#1661,#1662,#1663,#1664,#1665,#1666,#1667,#1668,#1669
      ,#1670,#1671,#1672,#1673,#1674,#1675,#1676,#1677,#1678,#1679,#1680
      ,#1681,#1682,#1683,#1684,#1685,#1686,#1687,#1688,#1689,#1690,#1691
      ,#1692,#1693,#1694,#1695,#1696,#1697,#1698,#1699,#1700,#1701,#1702
      ,#1703,#1704,#1705,#1706,#1707,#1708,#1709,#1710,#1711,#1712,#1713
      ,#1714,#1715,#1716,#1717,#1718,#1719,#1720,#1721,#1722,#1723,#1724
      ,#1725,#1726,#1727,#1728,#1729,#1730,#1731,#1732,#1733,#1734,#1735
      ,#1736,#1737,#1738,#1739,#1740,#1741,#1742,#1743,#1744,#1745,#1746
      ,#1747,#1748,#1749,#1750,#1751,#1752,#1753,#1754,#1755,#1756,#1757
      ,#1758,#1759,#1760,#1761,#1762,#1763,#1764,#1765,#1766,#1767,#1768
      ,#1769,#1770,#1771,#1772,#1773,#1774,#1775,#1776,#1777,#1778,#1779
      ,#1780,#1781,#1782,#1783,#1784,#1785,#1786,#1787,#1788,#1789,#1790
      ,#1791,#1792,#1793,#1794,#1795,#1796,#1797,#1798,#1799,#1800,#1801
      ,#1802,#1803,#1804,#1805,#1806,#1807,#1808,#1809,#1810,#1811)
    ,(#1812,#1813,#1814,#1815,#1816,#1817,#1818,#1819,#1820,#1821,#1822
      ,#1823,#1824,#1825,#1826,#1827,#1828,#1829,#1830,#1831,#1832,#1833
      ,#1834,#1835,#1836,#1837,#1838,#1839,#1840,#1841,#1842,#1843,#1844
      ,#1845,#1846,#1847,#1848,#1849,#1850,#1851,#1852,#1853,#1854,#1855
      ,#1856,#1857,#1858,#1859,#1860,#1861,#1862,#1863,#1864,#1865,#1866
      ,#1867,#1868,#1869,#1870,#1871,#1872,#1873,#1874,#1875,#1876,#1877
      ,#1878,#1879,#1880,#1881,#1882,#1883,#1884,#1885,#1886,#1887,#1888
      ,#1889,#1890,#1891,#1892,#1893,#1894,#1895,#1896,#1897,#1898,#1899
      ,#1900,#1901,#1902,#1903,#1904,#1905,#1906,#1907,#1908,#1909,#1910
      ,#1911,#1912,#1913,#1914,#1915,#1916,#1917,#1918,#1919,#1920,#1921
      ,#1922,#1923,#1924,#1925,#1926,#1927,#1928,#1929,#1930,#1931,#1932
      ,#1933,#1934,#1935,#1936,#1937,#1938,#1939,#1940,#1941,#1942,#1943
      ,#1944,#1945,#1946,#1947,#1948,#1949,#1950,#1951,#1952,#1953,#1954
      ,#1955,#1956,#1957,#1958,#1959,#1960,#1961,#1962,#1963,#1964,#1965
      ,#1966,#1967,#1968,#1969,#1970,#1971,#1972,#1973,#1974,#1975,#1976
      ,#1977,#1978,#1979,#1980,#1981,#1982,#1983,#1984,#1985,#1986,#1987
      ,#1988,#1989,#1990,#1991,#1992,#1993,#1994,#1995,#1996,#1997,#1998
      ,#1999,#2000,#2001,#2002,#2003,#2004,#2005,#2006,#2007,#2008,#2009
      ,#2010,#2011,#2012,#2013,#2014,#2015,#2016,#2017,#2018,#2019,#2020
      ,#2021,#2022,#2023,#2024,#2025,#2026,#2027,#2028,#2029,#2030,#2031
      ,#2032,#2033,#2034,#2035,#2036,#2037,#2038,#2039,#2040,#2041,#2042
      ,#2043,#2044,#2045,#2046,#2047,#2048,#2049,#2050,#2051,#2052,#2053
      ,#2054,#2055,#2056,#2057,#2058,#2059,#2060,#2061,#2062,#2063,#2064
      ,#2065,#2066,#2067,#2068,#2069,#2070,#2071,#2072,#2073,#2074,#2075
      ,#2076,#2077,#2078,#2079,#2080,#2081,#2082,#2083,#2084,#2085,#2086
      ,#2087,#2088,#2089,#2090,#2091,#2092,#2093,#2094,#2095,#2096,#2097
      ,#2098,#2099,#2100,#2101,#2102,#2103,#2104,#2105,#2106,#2107,#2108
      ,#2109,#2110,#2111,#2112,#2113,#2114,#2115,#2116,#2117,#2118,#2119
      ,#2120,#2121,#2122,#2123,#2124,#2125,#2126,#2127,#2128,#2129,#2130
      ,#2131,#2132,#2133,#2134,#2135,#2136,#2137,#2138,#2139,#2140,#2141
      ,#2142,#2143,#2144,#2145,#2146,#2147,#2148,#2149,#2150,#2151,#2152
      ,#2153,#2154,#2155,#2156,#2157,#2158,#2159,#2160,#2161,#2162,#2163
      ,#2164,#2165,#2166,#2167,#2168,#2169,#2170,#2171,#2172,#2173,#2174
      ,#2175,#2176,#2177,#2178,#2179,#2180,#2181,#2182,#2183,#2184,#2185
      ,#2186,#2187,#2188,#2189,#2190,#2191,#2192,#2193,#2194,#2195,#2196
      ,#2197,#2198,#2199,#2200,#2201,#2202,#2203,#2204,#2205,#2206,#2207
      ,#2208,#2209,#2210,#2211,#2212,#2213,#2214,#2215,#2216,#2217,#2218
      ,#2219,#2220,#2221,#2222,#2223,#2224,#2225,#2226,#2227,#2228,#2229
      ,#2230,#2231,#2232,#2233,#2234,#2235,#2236,#2237,#2238,#2239,#2240
      ,#2241,#2242,#2243,#2244,#2245,#2246,#2247,#2248,#2249,#2250,#2251
      ,#2252,#2253,#2254,#2255,#2256,#2257,#2258,#2259,#2260,#2261,#2262
      ,#2263,#2264,#2265,#2266,#2267,#2268,#2269,#2270,#2271,#2272,#2273
      ,#2274,#2275,#2276,#2277,#2278,#2279,#2280,#2281,#2282,#2283,#2284
      ,#2285,#2286,#2287,#2288,#2289,#2290,#2291,#2292,#2293,#2294,#2295
      ,#2296,#2297,#2298,#2299,#2300,#2301,#2302,#2303,#2304,#2305,#2306
      ,#2307,#2308,#2309,#2310,#2311,#2312,#2313,#2314,#2315,#2316,#2317
      ,#2318,#2319,#2320,#2321,#2322,#2323,#2324,#2325,#2326,#2327,#2328
      ,#2329,#2330,#2331,#2332,#2333,#2334,#2335,#2336,#2337,#2338,#2339
      ,#2340,#2341,#2342,#2343,#2344,#2345,#2346,#2347,#2348,#2349,#2350
      ,#2351,#2352,#2353,#2354,#2355,#2356,#2357,#2358,#2359,#2360,#2361
      ,#2362,#2363,#2364,#2365,#2366,#2367,#2368,#2369,#2370,#2371,#2372
      ,#2373,#2374,#2375,#2376,#2377,#2378,#2379,#2380,#2381,#2382,#2383
      ,#2384,#2385,#2386,#2387,#2388,#2389,#2390,#2391,#2392,#2393,#2394
      ,#2395,#2396,#2397,#2398,#2399,#2400,#2401,#2402,#2403,#2404,#2405
      ,#2406,#2407,#2408,#2409,#2410,#2411,#2412,#2413,#2414,#2415,#2416
      ,#2417,#2418,#2419,#2420,#2421,#2422,#2423,#2424,#2425,#2426,#2427
      ,#2428,#2429,#2430,#2431,#2432,#2433,#2434,#2435,#2436,#2437,#2438
      ,#2439,#2440,#2441,#2442,#2443,#2444,#2445,#2446,#2447,#2448,#2449
      ,#2450,#2451,#2452,#2453,#2454,#2455,#2456,#2457,#2458,#2459,#2460
      ,#2461,#2462,#2463,#2464,#2465,#2466,#2467,#2468,#2469,#2470,#2471
      ,#2472,#2473,#2474,#2475,#2476,#2477,#2478,#2479,#2480,#2481,#2482
      ,#2483,#2484,#2485,#2486,#2487,#2488,#2489,#2490,#2491,#2492,#2493
      ,#2494,#2495,#2496,#2497,#2498,#2499,#2500,#2501,#2502,#2503,#2504
      ,#2505,#2506,#2507,#2508,#2509,#2510,#2511,#2512,#2513,#2514,#2515
      ,#2516,#2517,#2518,#2519,#2520,#2521,#2522,#2523,#2524,#2525,#2526
      ,#2527,#2528,#2529,#2530,#2531,#2532,#2533,#2534,#2535,#2536,#2537
      ,#2538,#2539,#2540,#2541,#2542,#2543,#2544,#2545,#2546,#2547,#2548
      ,#2549,#2550,#2551,#2552,#2553,#2554,#2555,#2556,#2557,#2558,#2559
      ,#2560,#2561,#2562,#2563,#2564,#2565,#2566,#2567,#2568,#2569,#2570
      ,#2571,#2572,#2573,#2574,#2575,#2576,#2577,#2578,#2579,#2580,#2581
      ,#2582,#2583,#2584,#2585,#2586,#2587,#2588,#2589,#2590,#2591,#2592
      ,#2593,#2594,#2595,#2596,#2597,#2598,#2599,#2600,#2601,#2602,#2603
      ,#2604,#2605,#2606,#2607,#2608,#2609,#2610,#2611,#2612,#2613,#2614
      ,#2615,#2616,#2617,#2618,#2619,#2620,#2621,#2622,#2623,#2624,#2625
      ,#2626,#2627,#2628,#2629,#2630,#2631,#2632,#2633,#2634,#2635,#2636
      ,#2637,#2638,#2639,#2640,#2641,#2642,#2643,#2644,#2645,#2646,#2647
      ,#2648,#2649,#2650,#2651,#2652,#2653,#2654,#2655,#2656,#2657,#2658
      ,#2659,#2660,#2661,#2662,#2663,#2664,#2665,#2666,#2667,#2668,#2669
      ,#2670,#2671,#2672,#2673,#2674,#2675,#2676,#2677,#2678,#2679,#2680
      ,#2681,#2682,#2683,#2684,#2685,#2686,#2687,#2688,#2689,#2690,#2691
      ,#2692,#2693,#2694,#2695,#2696,#2697,#2698,#2699,#2700,#2701,#2702
      )
    ,(#2703,#2704,#2705,#2706,#2707,#2708,#2709,#2710,#2711,#2712,#2713
      ,#2714,#2715,#2716,#2717,#2718,#2719,#2720,#2721,#2722,#2723,#2724
      ,#2725,#2726,#2727,#2728,#2729,#2730,#2731,#2732,#2733,#2734,#2735
      ,#2736,#2737,#2738,#2739,#2740,#2741,#2742,#2743,#2744,#2745,#2746
      ,#2747,#2748,#2749,#2750,#2751,#2752,#2753,#2754,#2755,#2756,#2757
      ,#2758,#2759,#2760,#2761,#2762,#2763,#2764,#2765,#2766,#2767,#2768
      ,#2769,#2770,#2771,#2772,#2773,#2774,#2775,#2776,#2777,#2778,#2779
      ,#2780,#2781,#2782,#2783,#2784,#2785,#2786,#2787,#2788,#2789,#2790
      ,#2791,#2792,#2793,#2794,#2795,#2796,#2797,#2798,#2799,#2800,#2801
      ,#2802,#2803,#2804,#2805,#2806,#2807,#2808,#2809,#2810,#2811,#2812
      ,#2813,#2814,#2815,#2816,#2817,#2818,#2819,#2820,#2821,#2822,#2823
      ,#2824,#2825,#2826,#2827,#2828,#2829,#2830,#2831,#2832,#2833,#2834
      ,#2835,#2836,#2837,#2838,#2839,#2840,#2841,#2842,#2843,#2844,#2845
      ,#2846,#2847,#2848,#2849,#2850,#2851,#2852,#2853,#2854,#2855,#2856
      ,#2857,#2858,#2859,#2860,#2861,#2862,#2863,#2864,#2865,#2866,#2867
      ,#2868,#2869,#2870,#2871,#2872,#2873,#2874,#2875,#2876,#2877,#2878
      ,#2879,#2880,#2881,#2882,#2883,#2884,#2885,#2886,#2887,#2888,#2889
      ,#2890,#2891,#2892,#2893,#2894,#2895,#2896,#2897,#2898,#2899,#2900
      ,#2901,#2902,#2903,#2904,#2905,#2906,#2907,#2908,#2909,#2910,#2911
      ,#2912,#2913,#2914,#2915,#2916,#2917,#2918,#2919,#2920,#2921,#2922
      ,#2923,#2924,#2925,#2926,#2927,#2928,#2929,#2930,#2931,#2932,#2933
      ,#2934,#2935,#2936,#2937,#2938,#2939,#2940,#2941,#2942,#2943,#2944
      ,#2945,#2946,#2947,#2948,#2949,#2950,#2951,#2952,#2953,#2954,#2955
      ,#2956,#2957,#2958,#2959,#2960,#2961,#2962,#2963,#2964,#2965,#2966
      ,#2967,#2968,#2969,#2970,#2971,#2972,#2973,#2974,#2975,#2976,#2977
      ,#2978,#2979,#2980,#2981,#2982,#2983,#2984,#2985,#2986,#2987,#2988
      ,#2989,#2990,#2991,#2992,#2993,#2994,#2995,#2996,#2997,#2998,#2999
      ,#3000,#3001,#3002,#3003,#3004,#3005,#3006,#3007,#3008,#3009,#3010
      ,#3011,#3012,#3013,#3014,#3015,#3016,#3017,#3018,#3019,#3020,#3021
      ,#3022,#3023,#3024,#3025,#3026,#3027,#3028,#3029,#3030,#3031,#3032
      ,#3033,#3034,#3035,#3036,#3037,#3038,#3039,#3040,#3041,#3042,#3043
      ,#3044,#3045,#3046,#3047,#3048,#3049,#3050,#3051,#3052,#3053,#3054
      ,#3055,#3056,#3057,#3058,#3059,#3060,#3061,#3062,#3063,#3064,#3065
      ,#3066,#3067,#3068,#3069,#3070,#3071,#3072,#3073,#3074,#3075,#3076
      ,#3077,#3078,#3079,#3080,#3081,#3082,#3083,#3084,#3085,#3086,#3087
      ,#3088,#3089,#3090,#3091,#3092,#3093,#3094,#3095,#3096,#3097,#3098
      ,#3099,#3100,#3101,#3102,#3103,#3104,#3105,#3106,#3107,#3108,#3109
      ,#3110,#3111,#3112,#3113,#3114,#3115,#3116,#3117,#3118,#3119,#3120
      ,#3121,#3122,#3123,#3124,#3125,#3126,#3127,#3128,#3129,#3130,#3131
      ,#3132,#3133,#3134,#3135,#3136,#3137,#3138,#3139,#3140,#3141,#3142
      ,#3143,#3144,#3145,#3146,#3147,#3148,#3149,#3150,#3151,#3152,#3153
      ,#3154,#3155,#3156,#3157,#3158,#3159,#3160,#3161,#3162,#3163,#3164
      ,#3165,#3166,#3167,#3168,#3169,#3170,#3171,#3172,#3173,#3174,#3175
      ,#3176,#3177,#3178,#3179,#3180,#3181,#3182,#3183,#3184,#3185,#3186
      ,#3187,#3188,#3189,#3190,#3191,#3192,#3193,#3194,#3195,#3196,#3197
      ,#3198,#3199,#3200,#3201,#3202,#3203,#3204,#3205,#3206,#3207,#3208
      ,#3209,#3210,#3211,#3212,#3213,#3214,#3215,#3216,#3217,#3218,#3219
      ,#3220,#3221,#3222,#3223,#3224,#3225,#3226,#3227,#3228,#3229,#3230
      ,#3231,#3232,#3233,#3234,#3235,#3236,#3237,#3238,#3239,#3240,#3241
      ,#3242,#3243,#3244,#3245,#3246,#3247,#3248,#3249,#3250,#3251,#3252
      ,#3253,#3254,#3255,#3256,#3257,#3258,#3259,#3260,#3261,#3262,#3263
      ,#3264,#3265,#3266,#3267,#3268,#3269,#3270,#3271,#3272,#3273,#3274
      ,#3275,#3276,#3277,#3278,#3279,#3280,#3281,#3282,#3283,#3284,#3285
      ,#3286,#3287,#3288,#3289,#3290,#3291,#3292,#3293,#3294,#3295,#3296
      ,#3297,#3298,#3299,#3300,#3301,#3302,#3303,#3304,#3305,#3306,#3307
      ,#3308,#3309,#3310,#3311,#3312,#3313,#3314,#3315,#3316,#3317,#3318
      ,#3319,#3320,#3321,#3322,#3323,#3324,#3325,#3326,#3327,#3328,#3329
      ,#3330,#3331,#3332,#3333,#3334,#3335,#3336,#3337,#3338,#3339,#3340
      ,#3341,#3342,#3343,#3344,#3345,#3346,#3347,#3348,#3349,#3350,#3351
      ,#3352,#3353,#3354,#3355,#3356,#3357,#3358,#3359,#3360,#3361,#3362
      ,#3363,#3364,#3365,#3366,#3367,#3368,#3369,#3370,#3371,#3372,#3373
      ,#3374,#3375,#3376,#3377,#3378,#3379,#3380,#3381,#3382,#3383,#3384
      ,#3385,#3386,#3387,#3388,#3389,#3390,#3391,#3392,#3393,#3394,#3395
      ,#3396,#3397,#3398,#3399,#3400,#3401,#3402,#3403,#3404,#3405,#3406
      ,#3407,#3408,#3409,#3410,#3411,#3412,#3413,#3414,#3415,#3416,#3417
      ,#3418,#3419,#3420,#3421,#3422,#3423,#3424,#3425,#3426,#3427,#3428
      ,#3429,#3430,#3431,#3432,#3433,#3434,#3435,#3436,#3437,#3438,#3439
      ,#3440,#3441,#3442,#3443,#3444,#3445,#3446,#3447,#3448,#3449,#3450
      ,#3451,#3452,#3453,#3454,#3455,#3456,#3457,#3458,#3459,#3460,#3461
      ,#3462,#3463,#3464,#3465,#3466,#3467,#3468,#3469,#3470,#3471,#3472
      ,#3473,#3474,#3475,#3476,#3477,#3478,#3479,#3480,#3481,#3482,#3483
      ,#3484,#3485,#3486,#3487,#3488,#3489,#3490,#3491,#3492,#3493,#3494
      ,#3495,#3496,#3497,#3498,#3499,#3500,#3501,#3502,#3503,#3504,#3505
      ,#3506,#3507,#3508,#3509,#3510,#3511,#3512,#3513,#3514,#3515,#3516
      ,#3517,#3518,#3519,#3520,#3521,#3522,#3523,#3524,#3525,#3526,#3527
      ,#3528,#3529,#3530,#3531,#3532,#3533,#3534,#3535,#3536,#3537,#3538
      ,#3539,#3540,#3541,#3542,#3543,#3544,#3545,#3546,#3547,#3548,#3549
      ,#3550,#3551,#3552,#3553,#3554,#3555,#3556,#3557,#3558,#3559,#3560
      ,#3561,#3562,#3563,#3564,#3565,#3566,#3567,#3568,#3569,#3570,#3571
      ,#3572,#3573,#3574,#3575,#3576,#3577,#3578,#3579,#3580,#3581,#3582
      ,#3583,#3584,#3585,#3586,#3587,#3588,#3589,#3590,#3591,#3592,#3593
      )
    ,(#3594,#3595,#3596,#3597,#3598,#3599,#3600,#3601,#3602,#3603,#3604
      ,#3605,#3606,#3607,#3608,#3609,#3610,#3611,#3612,#3613,#3614,#3615
      ,#3616,#3617,#3618,#3619,#3620,#3621,#3622,#3623,#3624,#3625,#3626
      ,#3627,#3628,#3629,#3630,#3631,#3632,#3633,#3634,#3635,#3636,#3637
      ,#3638,#3639,#3640,#3641,#3642,#3643,#3644,#3645,#3646,#3647,#3648
      ,#3649,#3650,#3651,#3652,#3653,#3654,#3655,#3656,#3657,#3658,#3659
      ,#3660,#3661,#3662,#3663,#3664,#3665,#3666,#3667,#3668,#3669,#3670
      ,#3671,#3672,#3673,#3674,#3675,#3676,#3677,#3678,#3679,#3680,#3681
      ,#3682,#3683,#3684,#3685,#3686,#3687,#3688,#3689,#3690,#3691,#3692
      ,#3693,#3694,#3695,#3696,#3697,#3698,#3699,#3700,#3701,#3702,#3703
      ,#3704,#3705,#3706,#3707,#3708,#3709,#3710,#3711,#3712,#3713,#3714
      ,#3715,#3716,#3717,#3718,#3719,#3720,#3721,#3722,#3723,#3724,#3725
      ,#3726,#3727,#3728,#3729,#3730,#3731,#3732,#3733,#3734,#3735,#3736
      ,#3737,#3738,#3739,#3740,#3741,#3742,#3743,#3744,#3745,#3746,#3747
      ,#3748,#3749,#3750,#3751,#3752,#3753,#3754,#3755,#3756,#3757,#3758
      ,#3759,#3760,#3761,#3762,#3763,#3764,#3765,#3766,#3767,#3768,#3769
      ,#3770,#3771,#3772,#3773,#3774,#3775,#3776,#3777,#3778,#3779,#3780
      ,#3781,#3782,#3783,#3784,#3785,#3786,#3787,#3788,#3789,#3790,#3791
      ,#3792,#3793,#3794,#3795,#3796,#3797,#3798,#3799,#3800,#3801,#3802
      ,#3803,#3804,#3805,#3806,#3807,#3808,#3809,#3810,#3811,#3812,#3813
      ,#3814,#3815,#3816,#3817,#3818,#3819,#3820,#3821,#3822,#3823,#3824
      ,#3825,#3826,#3827,#3828,#3829,#3830,#3831,#3832,#3833,#3834,#3835
      ,#3836,#3837,#3838,#3839,#3840,#3841,#3842,#3843,#3844,#3845,#3846
      ,#3847,#3848,#3849,#3850,#3851,#3852,#3853,#3854,#3855,#3856,#3857
      ,#3858,#3859,#3860,#3861,#3862,#3863,#3864,#3865,#3866,#3867,#3868
      ,#3869,#3870,#3871,#3872,#3873,#3874,#3875,#3876,#3877,#3878,#3879
      ,#3880,#3881,#3882,#3883,#3884,#3885,#3886,#3887,#3888,#3889,#3890
      ,#3891,#3892,#3893,#3894,#3895,#3896,#3897,#3898,#3899,#3900,#3901
      ,#3902,#3903,#3904,#3905,#3906,#3907,#3908,#3909,#3910,#3911,#3912
      ,#3913,#3914,#3915,#3916,#3917,#3918,#3919,#3920,#3921,#3922,#3923
      ,#3924,#3925,#3926,#3927,#3928,#3929,#3930,#3931,#3932,#3933,#3934
      ,#3935,#3936,#3937,#3938,#3939,#3940,#3941,#3942,#3943,#3944,#3945
      ,#3946,#3947,#3948,#3949,#3950,#3951,#3952,#3953,#3954,#3955,#3956
      ,#3957,#3958,#3959,#3960,#3961,#3962,#3963,#3964,#3965,#3966,#3967
      ,#3968,#3969,#3970,#3971,#3972,#3973,#3974,#3975,#3976,#3977,#3978
      ,#3979,#3980,#3981,#3982,#3983,#3984,#3985,#3986,#3987,#3988,#3989
      ,#3990,#3991,#3992,#3993,#3994,#3995,#3996,#3997,#3998,#3999,#4000
      ,#4001,#4002,#4003,#4004,#4005,#4006,#4007,#4008,#4009,#4010,#4011
      ,#4012,#4013,#4014,#4015,#4016,#4017,#4018,#4019,#4020,#4021,#4022
      ,#4023,#4024,#4025,#4026,#4027,#4028,#4029,#4030,#4031,#4032,#4033
      ,#4034,#4035,#4036,#4037,#4038,#4039,#4040,#4041,#4042,#4043,#4044
      ,#4045,#4046,#4047,#4048,#4049,#4050,#4051,#4052,#4053,#4054,#4055
      ,#4056,#4057,#4058,#4059,#4060,#4061,#4062,#4063,#4064,#4065,#4066
      ,#4067,#4068,#4069,#4070,#4071,#4072,#4073,#4074,#4075,#4076,#4077
      ,#4078,#4079,#4080,#4081,#4082,#4083,#4084,#4085,#4086,#4087,#4088
      ,#4089,#4090,#4091,#4092,#4093,#4094,#4095,#4096,#4097,#4098,#4099
      ,#4100,#4101,#4102,#4103,#4104,#4105,#4106,#4107,#4108,#4109,#4110
      ,#4111,#4112,#4113,#4114,#4115,#4116,#4117,#4118,#4119,#4120,#4121
      ,#4122,#4123,#4124,#4125,#4126,#4127,#4128,#4129,#4130,#4131,#4132
      ,#4133,#4134,#4135,#4136,#4137,#4138,#4139,#4140,#4141,#4142,#4143
      ,#4144,#4145,#4146,#4147,#4148,#4149,#4150,#4151,#4152,#4153,#4154
      ,#4155,#4156,#4157,#4158,#4159,#4160,#4161,#4162,#4163,#4164,#4165
      ,#4166,#4167,#4168,#4169,#4170,#4171,#4172,#4173,#4174,#4175,#4176
      ,#4177,#4178,#4179,#4180,#4181,#4182,#4183,#4184,#4185,#4186,#4187
      ,#4188,#4189,#4190,#4191,#4192,#4193,#4194,#4195,#4196,#4197,#4198
      ,#4199,#4200,#4201,#4202,#4203,#4204,#4205,#4206,#4207,#4208,#4209
      ,#4210,#4211,#4212,#4213,#4214,#4215,#4216,#4217,#4218,#4219,#4220
      ,#4221,#4222,#4223,#4224,#4225,#4226,#4227,#4228,#4229,#4230,#4231
      ,#4232,#4233,#4234,#4235,#4236,#4237,#4238,#4239,#4240,#4241,#4242
      ,#4243,#4244,#4245,#4246,#4247,#4248,#4249,#4250,#4251,#4252,#4253
      ,#4254,#4255,#4256,#4257,#4258,#4259,#4260,#4261,#4262,#4263,#4264
      ,#4265,#4266,#4267,#4268,#4269,#4270,#4271,#4272,#4273,#4274,#4275
      ,#4276,#4277,#4278,#4279,#4280,#4281,#4282,#4283,#4284,#4285,#4286
      ,#4287,#4288,#4289,#4290,#4291,#4292,#4293,#4294,#4295,#4296,#4297
      ,#4298,#4299,#4300,#4301,#4302,#4303,#4304,#4305,#4306,#4307,#4308
      ,#4309,#4310,#4311,#4312,#4313,#4314,#4315,#4316,#4317,#4318,#4319
      ,#4320,#4321,#4322,#4323,#4324,#4325,#4326,#4327,#4328,#4329,#4330
      ,#4331,#4332,#4333,#4334,#4335,#4336,#4337,#4338,#4339,#4340,#4341
      ,#4342,#4343,#4344,#4345,#4346,#4347,#4348,#4349,#4350,#4351,#4352
      ,#4353,#4354,#4355,#4356,#4357,#4358,#4359,#4360,#4361,#4362,#4363
      ,#4364,#4365,#4366,#4367,#4368,#4369,#4370,#4371,#4372,#4373,#4374
      ,#4375,#4376,#4377,#4378,#4379,#4380,#4381,#4382,#4383,#4384,#4385
      ,#4386,#4387,#4388,#4389,#4390,#4391,#4392,#4393,#4394,#4395,#4396
      ,#4397,#4398,#4399,#4400,#4401,#4402,#4403,#4404,#4405,#4406,#4407
      ,#4408,#4409,#4410,#4411,#4412,#4413,#4414,#4415,#4416,#4417,#4418
      ,#4419,#4420,#4421,#4422,#4423,#4424,#4425,#4426,#4427,#4428,#4429
      ,#4430,#4431,#4432,#4433,#4434,#4435,#4436,#4437,#4438,#4439,#4440
      ,#4441,#4442,#4443,#4444,#4445,#4446,#4447,#4448,#4449,#4450,#4451
      ,#4452,#4453,#4454,#4455,#4456,#4457,#4458,#4459,#4460,#4461,#4462
      ,#4463,#4464,#4465,#4466,#4467,#4468,#4469,#4470,#4471,#4472,#4473
      ,#4474,#4475,#4476,#4477,#4478,#4479,#4480,#4481,#4482,#4483,#4484
      )
    ,(#4485,#4486,#4487,#4488,#4489,#4490,#4491,#4492,#4493,#4494,#4495
      ,#4496,#4497,#4498,#4499,#4500,#4501,#4502,#4503,#4504,#4505,#4506
      ,#4507,#4508,#4509,#4510,#4511,#4512,#4513,#4514,#4515,#4516,#4517
      ,#4518,#4519,#4520,#4521,#4522,#4523,#4524,#4525,#4526,#4527,#4528
      ,#4529,#4530,#4531,#4532,#4533,#4534,#4535,#4536,#4537,#4538,#4539
      ,#4540,#4541,#4542,#4543,#4544,#4545,#4546,#4547,#4548,#4549,#4550
      ,#4551,#4552,#4553,#4554,#4555,#4556,#4557,#4558,#4559,#4560,#4561
      ,#4562,#4563,#4564,#4565,#4566,#4567,#4568,#4569,#4570,#4571,#4572
      ,#4573,#4574,#4575,#4576,#4577,#4578,#4579,#4580,#4581,#4582,#4583
      ,#4584,#4585,#4586,#4587,#4588,#4589,#4590,#4591,#4592,#4593,#4594
      ,#4595,#4596,#4597,#4598,#4599,#4600,#4601,#4602,#4603,#4604,#4605
      ,#4606,#4607,#4608,#4609,#4610,#4611,#4612,#4613,#4614,#4615,#4616
      ,#4617,#4618,#4619,#4620,#4621,#4622,#4623,#4624,#4625,#4626,#4627
      ,#4628,#4629,#4630,#4631,#4632,#4633,#4634,#4635,#4636,#4637,#4638
      ,#4639,#4640,#4641,#4642,#4643,#4644,#4645,#4646,#4647,#4648,#4649
      ,#4650,#4651,#4652,#4653,#4654,#4655,#4656,#4657,#4658,#4659,#4660
      ,#4661,#4662,#4663,#4664,#4665,#4666,#4667,#4668,#4669,#4670,#4671
      ,#4672,#4673,#4674,#4675,#4676,#4677,#4678,#4679,#4680,#4681,#4682
      ,#4683,#4684,#4685,#4686,#4687,#4688,#4689,#4690,#4691,#4692,#4693
      ,#4694,#4695,#4696,#4697,#4698,#4699,#4700,#4701,#4702,#4703,#4704
      ,#4705,#4706,#4707,#4708,#4709,#4710,#4711,#4712,#4713,#4714,#4715
      ,#4716,#4717,#4718,#4719,#4720,#4721,#4722,#4723,#4724,#4725,#4726
      ,#4727,#4728,#4729,#4730,#4731,#4732,#4733,#4734,#4735,#4736,#4737
      ,#4738,#4739,#4740,#4741,#4742,#4743,#4744,#4745,#4746,#4747,#4748
      ,#4749,#4750,#4751,#4752,#4753,#4754,#4755,#4756,#4757,#4758,#4759
      ,#4760,#4761,#4762,#4763,#4764,#4765,#4766,#4767,#4768,#4769,#4770
      ,#4771,#4772,#4773,#4774,#4775,#4776,#4777,#4778,#4779,#4780,#4781
      ,#4782,#4783,#4784,#4785,#4786,#4787,#4788,#4789,#4790,#4791,#4792
      ,#4793,#4794,#4795,#4796,#4797,#4798,#4799,#4800,#4801,#4802,#4803
      ,#4804,#4805,#4806,#4807,#4808,#4809,#4810,#4811,#4812,#4813,#4814
      ,#4815,#4816,#4817,#4818,#4819,#4820,#4821,#4822,#4823,#4824,#4825
      ,#4826,#4827,#4828,#4829,#4830,#4831,#4832,#4833,#4834,#4835,#4836
      ,#4837,#4838,#4839,#4840,#4841,#4842,#4843,#4844,#4845,#4846,#4847
      ,#4848,#4849,#4850,#4851,#4852,#4853,#4854,#4855,#4856,#4857,#4858
      ,#4859,#4860,#4861,#4862,#4863,#4864,#4865,#4866,#4867,#4868,#4869
      ,#4870,#4871,#4872,#4873,#4874,#4875,#4876,#4877,#4878,#4879,#4880
      ,#4881,#4882,#4883,#4884,#4885,#4886,#4887,#4888,#4889,#4890,#4891
      ,#4892,#4893,#4894,#4895,#4896,#4897,#4898,#4899,#4900,#4901,#4902
      ,#4903,#4904,#4905,#4906,#4907,#4908,#4909,#4910,#4911,#4912,#4913
      ,#4914,#4915,#4916,#4917,#4918,#4919,#4920,#4921,#4922,#4923,#4924
      ,#4925,#4926,#4927,#4928,#4929,#4930,#4931,#4932,#4933,#4934,#4935
      ,#4936,#4937,#4938,#4939,#4940,#4941,#4942,#4943,#4944,#4945,#4946
      ,#4947,#4948,#4949,#4950,#4951,#4952,#4953,#4954,#4955,#4956,#4957
      ,#4958,#4959,#4960,#4961,#4962,#4963,#4964,#4965,#4966,#4967,#4968
      ,#4969,#4970,#4971,#4972,#4973,#4974,#4975,#4976,#4977,#4978,#4979
      ,#4980,#4981,#4982,#4983,#4984,#4985,#4986,#4987,#4988,#4989,#4990
      ,#4991,#4992,#4993,#4994,#4995,#4996,#4997,#4998,#4999,#5000,#5001
      ,#5002,#5003,#5004,#5005,#5006,#5007,#5008,#5009,#5010,#5011,#5012
      ,#5013,#5014,#5015,#5016,#5017,#5018,#5019,#5020,#5021,#5022,#5023
      ,#5024,#5025,#5026,#5027,#5028,#5029,#5030,#5031,#5032,#5033,#5034
      ,#5035,#5036,#5037,#5038,#5039,#5040,#5041,#5042,#5043,#5044,#5045
      ,#5046,#5047,#5048,#5049,#5050,#5051,#5052,#5053,#5054,#5055,#5056
      ,#5057,#5058,#5059,#5060,#5061,#5062,#5063,#5064,#5065,#5066,#5067
      ,#5068,#5069,#5070,#5071,#5072,#5073,#5074,#5075,#5076,#5077,#5078
      ,#5079,#5080,#5081,#5082,#5083,#5084,#5085,#5086,#5087,#5088,#5089
      ,#5090,#5091,#5092,#5093,#5094,#5095,#5096,#5097,#5098,#5099,#5100
      ,#5101,#5102,#5103,#5104,#5105,#5106,#5107,#5108,#5109,#5110,#5111
      ,#5112,#5113,#5114,#5115,#5116,#5117,#5118,#5119,#5120,#5121,#5122
      ,#5123,#5124,#5125,#5126,#5127,#5128,#5129,#5130,#5131,#5132,#5133
      ,#5134,#5135,#5136,#5137,#5138,#5139,#5140,#5141,#5142,#5143,#5144
      ,#5145,#5146,#5147,#5148,#5149,#5150,#5151,#5152,#5153,#5154,#5155
      ,#5156,#5157,#5158,#5159,#5160,#5161,#5162,#5163,#5164,#5165,#5166
      ,#5167,#5168,#5169,#5170,#5171,#5172,#5173,#5174,#5175,#5176,#5177
      ,#5178,#5179,#5180,#5181,#5182,#5183,#5184,#5185,#5186,#5187,#5188
      ,#5189,#5190,#5191,#5192,#5193,#5194,#5195,#5196,#5197,#5198,#5199
      ,#5200,#5201,#5202,#5203,#5204,#5205,#5206,#5207,#5208,#5209,#5210
      ,#5211,#5212,#5213,#5214,#5215,#5216,#5217,#5218,#5219,#5220,#5221
      ,#5222,#5223,#5224,#5225,#5226,#5227,#5228,#5229,#5230,#5231,#5232
      ,#5233,#5234,#5235,#5236,#5237,#5238,#5239,#5240,#5241,#5242,#5243
      ,#5244,#5245,#5246,#5247,#5248,#5249,#5250,#5251,#5252,#5253,#5254
      ,#5255,#5256,#5257,#5258,#5259,#5260,#5261,#5262,#5263,#5264,#5265
      ,#5266,#5267,#5268,#5269,#5270,#5271,#5272,#5273,#5274,#5275,#5276
      ,#5277,#5278,#5279,#5280,#5281,#5282,#5283,#5284,#5285,#5286,#5287
      ,#5288,#5289,#5290,#5291,#5292,#5293,#5294,#5295,#5296,#5297,#5298
      ,#5299,#5300,#5301,#5302,#5303,#5304,#5305,#5306,#5307,#5308,#5309
      ,#5310,#5311,#5312,#5313,#5314,#5315,#5316,#5317,#5318,#5319,#5320
      ,#5321,#5322,#5323,#5324,#5325,#5326,#5327,#5328,#5329,#5330,#5331
      ,#5332,#5333,#5334,#5335,#5336,#5337,#5338,#5339,#5340,#5341,#5342
      ,#5343,#5344,#5345,#5346,#5347,#5348,#5349,#5350,#5351,#5352,#5353
      ,#5354,#5355,#5356,#5357,#5358,#5359,#5360,#5361,#5362,#5363,#5364
      ,#5365,#5366,#5367,#5368,#5369,#5370,#5371,#5372,#5373,#5374,#5375
      )
    ,(#5376,#5377,#5378,#5379,#5380,#5381,#5382,#5383,#5384,#5385,#5386
      ,#5387,#5388,#5389,#5390,#5391,#5392,#5393,#5394,#5395,#5396,#5397
      ,#5398,#5399,#5400,#5401,#5402,#5403,#5404,#5405,#5406,#5407,#5408
      ,#5409,#5410,#5411,#5412,#5413,#5414,#5415,#5416,#5417,#5418,#5419
      ,#5420,#5421,#5422,#5423,#5424,#5425,#5426,#5427,#5428,#5429,#5430
      ,#5431,#5432,#5433,#5434,#5435,#5436,#5437,#5438,#5439,#5440,#5441
      ,#5442,#5443,#5444,#5445,#5446,#5447,#5448,#5449,#5450,#5451,#5452
      ,#5453,#5454,#5455,#5456,#5457,#5458,#5459,#5460,#5461,#5462,#5463
      ,#5464,#5465,#5466,#5467,#5468,#5469,#5470,#5471,#5472,#5473,#5474
      ,#5475,#5476,#5477,#5478,#5479,#5480,#5481,#5482,#5483,#5484,#5485
      ,#5486,#5487,#5488,#5489,#5490,#5491,#5492,#5493,#5494,#5495,#5496
      ,#5497,#5498,#5499,#5500,#5501,#5502,#5503,#5504,#5505,#5506,#5507
      ,#5508,#5509,#5510,#5511,#5512,#5513,#5514,#5515,#5516,#5517,#5518
      ,#5519,#5520,#5521,#5522,#5523,#5524,#5525,#5526,#5527,#5528,#5529
      ,#5530,#5531,#5532,#5533,#5534,#5535,#5536,#5537,#5538,#5539,#5540
      ,#5541,#5542,#5543,#5544,#5545,#5546,#5547,#5548,#5549,#5550,#5551
      ,#5552,#5553,#5554,#5555,#5556,#5557,#5558,#5559,#5560,#5561,#5562
      ,#5563,#5564,#5565,#5566,#5567,#5568,#5569,#5570,#5571,#5572,#5573
      ,#5574,#5575,#5576,#5577,#5578,#5579,#5580,#5581,#5582,#5583,#5584
      ,#5585,#5586,#5587,#5588,#5589,#5590,#5591,#5592,#5593,#5594,#5595
      ,#5596,#5597,#5598,#5599,#5600,#5601,#5602,#5603,#5604,#5605,#5606
      ,#5607,#5608,#5609,#5610,#5611,#5612,#5613,#5614,#5615,#5616,#5617
      ,#5618,#5619,#5620,#5621,#5622,#5623,#5624,#5625,#5626,#5627,#5628
      ,#5629,#5630,#5631,#5632,#5633,#5634,#5635,#5636,#5637,#5638,#5639
      ,#5640,#5641,#5642,#5643,#5644,#5645,#5646,#5647,#5648,#5649,#5650
      ,#5651,#5652,#5653,#5654,#5655,#5656,#5657,#5658,#5659,#5660,#5661
      ,#5662,#5663,#5664,#5665,#5666,#5667,#5668,#5669,#5670,#5671,#5672
      ,#5673,#5674,#5675,#5676,#5677,#5678,#5679,#5680,#5681,#5682,#5683
      ,#5684,#5685,#5686,#5687,#5688,#5689,#5690,#5691,#5692,#5693,#5694
      ,#5695,#5696,#5697,#5698,#5699,#5700,#5701,#5702,#5703,#5704,#5705
      ,#5706,#5707,#5708,#5709,#5710,#5711,#5712,#5713,#5714,#5715,#5716
      ,#5717,#5718,#5719,#5720,#5721,#5722,#5723,#5724,#5725,#5726,#5727
      ,#5728,#5729,#5730,#5731,#5732,#5733,#5734,#5735,#5736,#5737,#5738
      ,#5739,#5740,#5741,#5742,#5743,#5744,#5745,#5746,#5747,#5748,#5749
      ,#5750,#5751,#5752,#5753,#5754,#5755,#5756,#5757,#5758,#5759,#5760
      ,#5761,#5762,#5763,#5764,#5765,#5766,#5767,#5768,#5769,#5770,#5771
      ,#5772,#5773,#5774,#5775,#5776,#5777,#5778,#5779,#5780,#5781,#5782
      ,#5783,#5784,#5785,#5786,#5787,#5788,#5789,#5790,#5791,#5792,#5793
      ,#5794,#5795,#5796,#5797,#5798,#5799,#5800,#5801,#5802,#5803,#5804
      ,#5805,#5806,#5807,#5808,#5809,#5810,#5811,#5812,#5813,#5814,#5815
      ,#5816,#5817,#5818,#5819,#5820,#5821,#5822,#5823,#5824,#5825,#5826
      ,#5827,#5828,#5829,#5830,#5831,#5832,#5833,#5834,#5835,#5836,#5837
      ,#5838,#5839,#5840,#5841,#5842,#5843,#5844,#5845,#5846,#5847,#5848
      ,#5849,#5850,#5851,#5852,#5853,#5854,#5855,#5856,#5857,#5858,#5859
      ,#5860,#5861,#5862,#5863,#5864,#5865,#5866,#5867,#5868,#5869,#5870
      ,#5871,#5872,#5873,#5874,#5875,#5876,#5877,#5878,#5879,#5880,#5881
      ,#5882,#5883,#5884,#5885,#5886,#5887,#5888,#5889,#5890,#5891,#5892
      ,#5893,#5894,#5895,#5896,#5897,#5898,#5899,#5900,#5901,#5902,#5903
      ,#5904,#5905,#5906,#5907,#5908,#5909,#5910,#5911,#5912,#5913,#5914
      ,#5915,#5916,#5917,#5918,#5919,#5920,#5921,#5922,#5923,#5924,#5925
      ,#5926,#5927,#5928,#5929,#5930,#5931,#5932,#5933,#5934,#5935,#5936
      ,#5937,#5938,#5939,#5940,#5941,#5942,#5943,#5944,#5945,#5946,#5947
      ,#5948,#5949,#5950,#5951,#5952,#5953,#5954,#5955,#5956,#5957,#5958
      ,#5959,#5960,#5961,#5962,#5963,#5964,#5965,#5966,#5967,#5968,#5969
      ,#5970,#5971,#5972,#5973,#5974,#5975,#5976,#5977,#5978,#5979,#5980
      ,#5981,#5982,#5983,#5984,#5985,#5986,#5987,#5988,#5989,#5990,#5991
      ,#5992,#5993,#5994,#5995,#5996,#5997,#5998,#5999,#6000,#6001,#6002
      ,#6003,#6004,#6005,#6006,#6007,#6008,#6009,#6010,#6011,#6012,#6013
      ,#6014,#6015,#6016,#6017,#6018,#6019,#6020,#6021,#6022,#6023,#6024
      ,#6025,#6026,#6027,#6028,#6029,#6030,#6031,#6032,#6033,#6034,#6035
      ,#6036,#6037,#6038,#6039,#6040,#6041,#6042,#6043,#6044,#6045,#6046
      ,#6047,#6048,#6049,#6050,#6051,#6052,#6053,#6054,#6055,#6056,#6057
      ,#6058,#6059,#6060,#6061,#6062,#6063,#6064,#6065,#6066,#6067,#6068
      ,#6069,#6070,#6071,#6072,#6073,#6074,#6075,#6076,#6077,#6078,#6079
      ,#6080,#6081,#6082,#6083,#6084,#6085,#6086,#6087,#6088,#6089,#6090
      ,#6091,#6092,#6093,#6094,#6095,#6096,#6097,#6098,#6099,#6100,#6101
      ,#6102,#6103,#6104,#6105,#6106,#6107,#6108,#6109,#6110,#6111,#6112
      ,#6113,#6114,#6115,#6116,#6117,#6118,#6119,#6120,#6121,#6122,#6123
      ,#6124,#6125,#6126,#6127,#6128,#6129,#6130,#6131,#6132,#6133,#6134
      ,#6135,#6136,#6137,#6138,#6139,#6140,#6141,#6142,#6143,#6144,#6145
      ,#6146,#6147,#6148,#6149,#6150,#6151,#6152,#6153,#6154,#6155,#6156
      ,#6157,#6158,#6159,#6160,#6161,#6162,#6163,#6164,#6165,#6166,#6167
      ,#6168,#6169,#6170,#6171,#6172,#6173,#6174,#6175,#6176,#6177,#6178
      ,#6179,#6180,#6181,#6182,#6183,#6184,#6185,#6186,#6187,#6188,#6189
      ,#6190,#6191,#6192,#6193,#6194,#6195,#6196,#6197,#6198,#6199,#6200
      ,#6201,#6202,#6203,#6204,#6205,#6206,#6207,#6208,#6209,#6210,#6211
      ,#6212,#6213,#6214,#6215,#6216,#6217,#6218,#6219,#6220,#6221,#6222
      ,#6223,#6224,#6225,#6226,#6227,#6228,#6229,#6230,#6231,#6232,#6233
      ,#6234,#6235,#6236,#6237,#6238,#6239,#6240,#6241,#6242,#6243,#6244
      ,#6245,#6246,#6247,#6248,#6249,#6250,#6251,#6252,#6253,#6254,#6255
      ,#6256,#6257,#6258,#6259,#6260,#6261,#6262,#6263,#6264,#6265,#6266
      )
    ,(#6267,#6268,#6269,#6270,#6271,#6272,#6273,#6274,#6275,#6276,#6277
      ,#6278,#6279,#6280,#6281,#6282,#6283,#6284,#6285,#6286,#6287,#6288
      ,#6289,#6290,#6291,#6292,#6293,#6294,#6295,#6296,#6297,#6298,#6299
      ,#6300,#6301,#6302,#6303,#6304,#6305,#6306,#6307,#6308,#6309,#6310
      ,#6311,#6312,#6313,#6314,#6315,#6316,#6317,#6318,#6319,#6320,#6321
      ,#6322,#6323,#6324,#6325,#6326,#6327,#6328,#6329,#6330,#6331,#6332
      ,#6333,#6334,#6335,#6336,#6337,#6338,#6339,#6340,#6341,#6342,#6343
      ,#6344,#6345,#6346,#6347,#6348,#6349,#6350,#6351,#6352,#6353,#6354
      ,#6355,#6356,#6357,#6358,#6359,#6360,#6361,#6362,#6363,#6364,#6365
      ,#6366,#6367,#6368,#6369,#6370,#6371,#6372,#6373,#6374,#6375,#6376
      ,#6377,#6378,#6379,#6380,#6381,#6382,#6383,#6384,#6385,#6386,#6387
      ,#6388,#6389,#6390,#6391,#6392,#6393,#6394,#6395,#6396,#6397,#6398
      ,#6399,#6400,#6401,#6402,#6403,#6404,#6405,#6406,#6407,#6408,#6409
      ,#6410,#6411,#6412,#6413,#6414,#6415,#6416,#6417,#6418,#6419,#6420
      ,#6421,#6422,#6423,#6424,#6425,#6426,#6427,#6428,#6429,#6430,#6431
      ,#6432,#6433,#6434,#6435,#6436,#6437,#6438,#6439,#6440,#6441,#6442
      ,#6443,#6444,#6445,#6446,#6447,#6448,#6449,#6450,#6451,#6452,#6453
      ,#6454,#6455,#6456,#6457,#6458,#6459,#6460,#6461,#6462,#6463,#6464
      ,#6465,#6466,#6467,#6468,#6469,#6470,#6471,#6472,#6473,#6474,#6475
      ,#6476,#6477,#6478,#6479,#6480,#6481,#6482,#6483,#6484,#6485,#6486
      ,#6487,#6488,#6489,#6490,#6491,#6492,#6493,#6494,#6495,#6496,#6497
      ,#6498,#6499,#6500,#6501,#6502,#6503,#6504,#6505,#6506,#6507,#6508
      ,#6509,#6510,#6511,#6512,#6513,#6514,#6515,#6516,#6517,#6518,#6519
      ,#6520,#6521,#6522,#6523,#6524,#6525,#6526,#6527,#6528,#6529,#6530
      ,#6531,#6532,#6533,#6534,#6535,#6536,#6537,#6538,#6539,#6540,#6541
      ,#6542,#6543,#6544,#6545,#6546,#6547,#6548,#6549,#6550,#6551,#6552
      ,#6553,#6554,#6555,#6556,#6557,#6558,#6559,#6560,#6561,#6562,#6563
      ,#6564,#6565,#6566,#6567,#6568,#6569,#6570,#6571,#6572,#6573,#6574
      ,#6575,#6576,#6577,#6578,#6579,#6580,#6581,#6582,#6583,#6584,#6585
      ,#6586,#6587,#6588,#6589,#6590,#6591,#6592,#6593,#6594,#6595,#6596
      ,#6597,#6598,#6599,#6600,#6601,#6602,#6603,#6604,#6605,#6606,#6607
      ,#6608,#6609,#6610,#6611,#6612,#6613,#6614,#6615,#6616,#6617,#6618
      ,#6619,#6620,#6621,#6622,#6623,#6624,#6625,#6626,#6627,#6628,#6629
      ,#6630,#6631,#6632,#6633,#6634,#6635,#6636,#6637,#6638,#6639,#6640
      ,#6641,#6642,#6643,#6644,#6645,#6646,#6647,#6648,#6649,#6650,#6651
      ,#6652,#6653,#6654,#6655,#6656,#6657,#6658,#6659,#6660,#6661,#6662
      ,#6663,#6664,#6665,#6666,#6667,#6668,#6669,#6670,#6671,#6672,#6673
      ,#6674,#6675,#6676,#6677,#6678,#6679,#6680,#6681,#6682,#6683,#6684
      ,#6685,#6686,#6687,#6688,#6689,#6690,#6691,#6692,#6693,#6694,#6695
      ,#6696,#6697,#6698,#6699,#6700,#6701,#6702,#6703,#6704,#6705,#6706
      ,#6707,#6708,#6709,#6710,#6711,#6712,#6713,#6714,#6715,#6716,#6717
      ,#6718,#6719,#6720,#6721,#6722,#6723,#6724,#6725,#6726,#6727,#6728
      ,#6729,#6730,#6731,#6732,#6733,#6734,#6735,#6736,#6737,#6738,#6739
      ,#6740,#6741,#6742,#6743,#6744,#6745,#6746,#6747,#6748,#6749,#6750
      ,#6751,#6752,#6753,#6754,#6755,#6756,#6757,#6758,#6759,#6760,#6761
      ,#6762,#6763,#6764,#6765,#6766,#6767,#6768,#6769,#6770,#6771,#6772
      ,#6773,#6774,#6775,#6776,#6777,#6778,#6779,#6780,#6781,#6782,#6783
      ,#6784,#6785,#6786,#6787,#6788,#6789,#6790,#6791,#6792,#6793,#6794
      ,#6795,#6796,#6797,#6798,#6799,#6800,#6801,#6802,#6803,#6804,#6805
      ,#6806,#6807,#6808,#6809,#6810,#6811,#6812,#6813,#6814,#6815,#6816
      ,#6817,#6818,#6819,#6820,#6821,#6822,#6823,#6824,#6825,#6826,#6827
      ,#6828,#6829,#6830,#6831,#6832,#6833,#6834,#6835,#6836,#6837,#6838
      ,#6839,#6840,#6841,#6842,#6843,#6844,#6845,#6846,#6847,#6848,#6849
      ,#6850,#6851,#6852,#6853,#6854,#6855,#6856,#6857,#6858,#6859,#6860
      ,#6861,#6862,#6863,#6864,#6865,#6866,#6867,#6868,#6869,#6870,#6871
      ,#6872,#6873,#6874,#6875,#6876,#6877,#6878,#6879,#6880,#6881,#6882
      ,#6883,#6884,#6885,#6886,#6887,#6888,#6889,#6890,#6891,#6892,#6893
      ,#6894,#6895,#6896,#6897,#6898,#6899,#6900,#6901,#6902,#6903,#6904
      ,#6905,#6906,#6907,#6908,#6909,#6910,#6911,#6912,#6913,#6914,#6915
      ,#6916,#6917,#6918,#6919,#6920,#6921,#6922,#6923,#6924,#6925,#6926
      ,#6927,#6928,#6929,#6930,#6931,#6932,#6933,#6934,#6935,#6936,#6937
      ,#6938,#6939,#6940,#6941,#6942,#6943,#6944,#6945,#6946,#6947,#6948
      ,#6949,#6950,#6951,#6952,#6953,#6954,#6955,#6956,#6957,#6958,#6959
      ,#6960,#6961,#6962,#6963,#6964,#6965,#6966,#6967,#6968,#6969,#6970
      ,#6971,#6972,#6973,#6974,#6975,#6976,#6977,#6978,#6979,#6980,#6981
      ,#6982,#6983,#6984,#6985,#6986,#6987,#6988,#6989,#6990,#6991,#6992
      ,#6993,#6994,#6995,#6996,#6997,#6998,#6999,#7000,#7001,#7002,#7003
      ,#7004,#7005,#7006,#7007,#7008,#7009,#7010,#7011,#7012,#7013,#7014
      ,#7015,#7016,#7017,#7018,#7019,#7020,#7021,#7022,#7023,#7024,#7025
      ,#7026,#7027,#7028,#7029,#7030,#7031,#7032,#7033,#7034,#7035,#7036
      ,#7037,#7038,#7039,#7040,#7041,#7042,#7043,#7044,#7045,#7046,#7047
      ,#7048,#7049,#7050,#7051,#7052,#7053,#7054,#7055,#7056,#7057,#7058
      ,#7059,#7060,#7061,#7062,#7063,#7064,#7065,#7066,#7067,#7068,#7069
      ,#7070,#7071,#7072,#7073,#7074,#7075,#7076,#7077,#7078,#7079,#7080
      ,#7081,#7082,#7083,#7084,#7085,#7086,#7087,#7088,#7089,#7090,#7091
      ,#7092,#7093,#7094,#7095,#7096,#7097,#7098,#7099,#7100,#7101,#7102
      ,#7103,#7104,#7105,#7106,#7107,#7108,#7109,#7110,#7111,#7112,#7113
      ,#7114,#7115,#7116,#7117,#7118,#7119,#7120,#7121,#7122,#7123,#7124
      ,#7125,#7126,#7127,#7128,#7129,#7130,#7131,#7132,#7133,#7134,#7135
      ,#7136,#7137,#7138,#7139,#7140,#7141,#7142,#7143,#7144,#7145,#7146
      ,#7147,#7148,#7149,#7150,#7151,#7152,#7153,#7154,#7155,#7156,#7157
)),.UNSPECIFIED.,.T.,.F.,.F.) B_SPLINE_SURFACE_WITH_KNOTS((1,6,6,1),(12,
    11,11,11,11,10,10,10,10,10,10,10,10,10,10,10,10,10,10,10,10,10,10,10
    ,10,10,10,10,10,10,10,10,10,10,10,10,10,10,10,10,10,10,10,10,10,10,
    10,10,10,10,10,10,10,10,10,10,10,10,10,10,10,10,10,10,10,10,10,10,10
    ,10,10,10,10,10,10,10,10,10,10,10,10,10,10,11,11,11,11,11,12),(
    -6.28318530718,0.,6.28318530718,12.566370614359),(0.,4.387344330092,
    8.774688660184,13.162032990276,17.549377320368,19.743049485414,
    24.130393815506,28.517738145599,32.905082475691,37.292426805783,
    39.486098970829,43.873443300921,46.067115465967,48.260787631013,
    50.454459796059,54.841804126151,59.229148456243,63.616492786335,
    68.003837116427,72.391181446519,74.584853611565,78.972197941658,
    83.35954227175,85.553214436796,87.746886601842,89.940558766888,
    94.32790309698,98.715247427072,103.10259175716,107.48993608725,
    111.87728041734,116.26462474744,118.45829691248,122.84564124257,
    125.03931340762,127.23298557267,129.42665773771,133.8140020678,
    138.2013463979,142.58869072799,146.97603505808,151.36337938817,
    153.55705155322,157.94439588331,162.3317402134,164.52541237845,
    166.71908454349,171.10642887359,173.30010103863,177.68744536872,
    182.07478969882,186.46213402891,190.849478359,193.04315052405,
    197.43049485414,201.81783918423,204.01151134928,206.20518351432,
    210.59252784442,214.97987217451,217.17354433955,221.56088866965,
    225.94823299974,230.33557732983,234.72292165992,236.91659382497,
    241.30393815506,243.49761032011,245.69128248515,250.07862681524,
    252.27229898029,256.65964331038,258.85331547543,263.24065980552,
    267.62800413561,269.82167630066,272.0153484657,276.4026927958,
    278.59636496084,282.98370929093,287.37105362103,291.75839795112,
    296.14574228121,300.5330866113,304.9204309414,307.11410310644,
    309.30777527149,311.50144743653,315.88879176663),.UNSPECIFIED.) 
GEOMETRIC_REPRESENTATION_ITEM() RATIONAL_B_SPLINE_SURFACE((
    (1.669078461068,1.669078461068,1.669078461068,1.669078461069
      ,1.669078461066,1.669078461071,1.669078461066,1.66907846107
      ,1.669078461067,1.669078461069,1.669078461068,1.669078461068
      ,1.669078461068,1.669078461068,1.669078461068,1.669078461069
      ,1.669078461067,1.669078461069,1.669078461068,1.669078461069
      ,1.669078461068,1.669078461068,1.669078461068,1.669078461068
      ,1.669078461068,1.66907846107,1.669078461066,1.669078461071
      ,1.669078461066,1.66907846107,1.669078461067,1.669078461069
      ,1.669078461068,1.669078461068,1.669078461068,1.669078461068
      ,1.66907846107,1.669078461065,1.669078461072,1.669078461065
      ,1.669078461071,1.669078461067,1.669078461069,1.669078461068
      ,1.669078461068,1.669078461068,1.669078461068,1.669078461068
      ,1.669078461069,1.669078461067,1.669078461069,1.669078461067
      ,1.669078461069,1.669078461068,1.669078461068,1.669078461068
      ,1.669078461068,1.669078461068,1.669078461069,1.669078461068
      ,1.669078461069,1.669078461068,1.669078461068,1.669078461068
      ,1.669078461068,1.669078461068,1.669078461069,1.669078461067
      ,1.66907846107,1.669078461066,1.669078461071,1.669078461066
      ,1.669078461069,1.669078461068,1.669078461068,1.669078461068
      ,1.669078461069,1.669078461066,1.669078461072,1.669078461063
      ,1.669078461073,1.669078461065,1.66907846107,1.669078461068
      ,1.669078461068,1.669078461068,1.669078461069,1.669078461068
      ,1.669078461069,1.669078461067,1.669078461069,1.669078461068
      ,1.669078461068,1.669078461068,1.669078461068,1.669078461068
      ,1.669078461068,1.669078461068,1.669078461069,1.669078461067
      ,1.669078461069,1.669078461067,1.669078461069,1.669078461068
      ,1.669078461068,1.669078461068,1.669078461068,1.669078461069
      ,1.669078461067,1.669078461069,1.669078461067,1.669078461069
      ,1.669078461068,1.669078461068,1.669078461068,1.669078461068
      ,1.669078461068,1.669078461068,1.669078461068,1.669078461069
      ,1.669078461068,1.669078461069,1.669078461068,1.669078461068
      ,1.669078461068,1.669078461068,1.669078461068,1.669078461069
      ,1.669078461066,1.66907846107,1.669078461066,1.66907846107
      ,1.669078461067,1.669078461069,1.669078461068,1.669078461068
      ,1.669078461068,1.669078461068,1.669078461068,1.669078461069
      ,1.669078461068,1.669078461068,1.669078461068,1.669078461068
      ,1.669078461068,1.669078461068,1.669078461068,1.669078461069
      ,1.669078461067,1.669078461069,1.669078461068,1.669078461069
      ,1.669078461068,1.669078461068,1.669078461068,1.669078461068
      ,1.669078461069,1.669078461066,1.669078461071,1.669078461065
      ,1.669078461072,1.669078461066,1.66907846107,1.669078461068
      ,1.669078461068,1.669078461068,1.669078461069,1.669078461067
      ,1.66907846107,1.669078461066,1.66907846107,1.669078461067
      ,1.669078461069,1.669078461068,1.669078461068,1.669078461068
      ,1.669078461068,1.669078461069,1.669078461067,1.669078461069
      ,1.669078461067,1.669078461069,1.669078461068,1.669078461068
      ,1.669078461068,1.669078461068,1.669078461068,1.669078461068
      ,1.669078461068,1.669078461068,1.669078461068,1.669078461068
      ,1.669078461068,1.669078461068,1.669078461068,1.669078461068
      ,1.669078461068,1.669078461069,1.669078461066,1.669078461071
      ,1.669078461066,1.66907846107,1.669078461068,1.669078461068
      ,1.669078461068,1.669078461068,1.669078461068,1.669078461068
      ,1.669078461068,1.669078461069,1.669078461067,1.669078461069
      ,1.669078461068,1.669078461068,1.669078461068,1.669078461068
      ,1.669078461068,1.669078461068,1.669078461068,1.669078461069
      ,1.669078461068,1.669078461069,1.669078461068,1.669078461068
      ,1.669078461068,1.669078461068,1.669078461068,1.669078461069
      ,1.669078461067,1.669078461069,1.669078461067,1.669078461069
      ,1.669078461068,1.669078461068,1.669078461068,1.669078461068
      ,1.669078461069,1.669078461067,1.66907846107,1.669078461066
      ,1.66907846107,1.669078461067,1.669078461069,1.669078461068
      ,1.669078461068,1.669078461068,1.669078461068,1.669078461069
      ,1.669078461067,1.66907846107,1.669078461067,1.669078461069
      ,1.669078461068,1.669078461069,1.669078461068,1.669078461068
      ,1.669078461068,1.66907846107,1.669078461066,1.669078461072
      ,1.669078461065,1.66907846107,1.669078461067,1.669078461069
      ,1.669078461068,1.669078461068,1.669078461068,1.669078461069
      ,1.669078461067,1.669078461069,1.669078461067,1.669078461069
      ,1.669078461068,1.669078461068,1.669078461068,1.669078461068
      ,1.669078461068,1.669078461068,1.669078461069,1.669078461068
      ,1.669078461068,1.669078461068,1.669078461068,1.669078461068
      ,1.669078461068,1.669078461068,1.669078461068,1.669078461069
      ,1.669078461066,1.669078461071,1.669078461066,1.66907846107
      ,1.669078461067,1.669078461069,1.669078461068,1.669078461068
      ,1.669078461068,1.669078461068,1.669078461068,1.669078461069
      ,1.669078461068,1.669078461069,1.669078461068,1.669078461068
      ,1.669078461068,1.669078461068,1.669078461068,1.66907846107
      ,1.669078461066,1.669078461071,1.669078461066,1.66907846107
      ,1.669078461067,1.669078461069,1.669078461068,1.669078461068
      ,1.669078461068,1.669078461069,1.669078461067,1.66907846107
      ,1.669078461067,1.669078461069,1.669078461068,1.669078461068
      ,1.669078461068,1.669078461068,1.669078461068,1.669078461068
      ,1.669078461069,1.669078461068,1.669078461069,1.669078461068
      ,1.669078461068,1.669078461068,1.669078461068,1.669078461068
      ,1.669078461068,1.66907846107,1.669078461066,1.669078461071
      ,1.669078461065,1.66907846107,1.669078461067,1.669078461069
      ,1.669078461068,1.669078461068,1.669078461068,1.669078461069
      ,1.669078461067,1.66907846107,1.669078461067,1.669078461069
      ,1.669078461068,1.669078461068,1.669078461068,1.669078461068
      ,1.669078461068,1.669078461069,1.669078461068,1.669078461069
      ,1.669078461068,1.669078461069,1.669078461068,1.669078461068
      ,1.669078461068,1.669078461068,1.669078461068,1.669078461069
      ,1.669078461067,1.669078461069,1.669078461067,1.669078461069
      ,1.669078461068,1.669078461068,1.669078461068,1.669078461068
      ,1.669078461069,1.669078461067,1.66907846107,1.669078461066
      ,1.66907846107,1.669078461067,1.669078461069,1.669078461068
      ,1.669078461068,1.669078461068,1.669078461068,1.669078461069
      ,1.669078461067,1.66907846107,1.669078461066,1.66907846107
      ,1.669078461068,1.669078461068,1.669078461068,1.669078461068
      ,1.669078461068,1.669078461068,1.669078461069,1.669078461067
      ,1.669078461069,1.669078461068,1.669078461068,1.669078461068
      ,1.669078461068,1.669078461068,1.669078461069,1.669078461067
      ,1.66907846107,1.669078461066,1.669078461071,1.669078461066
      ,1.669078461069,1.669078461068,1.669078461068,1.669078461068
      ,1.669078461068,1.669078461068,1.669078461068,1.669078461068
      ,1.669078461069,1.669078461068,1.669078461068,1.669078461068
      ,1.669078461068,1.669078461068,1.669078461068,1.669078461069
      ,1.669078461067,1.669078461069,1.669078461067,1.669078461069
      ,1.669078461068,1.669078461068,1.669078461068,1.669078461068
      ,1.669078461068,1.66907846107,1.669078461065,1.669078461072
      ,1.669078461064,1.669078461071,1.669078461067,1.669078461069
      ,1.669078461068,1.669078461068,1.669078461068,1.669078461069
      ,1.669078461066,1.669078461071,1.669078461066,1.66907846107
      ,1.669078461067,1.669078461069,1.669078461068,1.669078461068
      ,1.669078461068,1.66907846107,1.669078461066,1.669078461071
      ,1.669078461066,1.66907846107,1.669078461067,1.669078461069
      ,1.669078461068,1.669078461068,1.669078461068,1.66907846107
      ,1.669078461066,1.669078461071,1.669078461066,1.66907846107
      ,1.669078461067,1.669078461069,1.669078461068,1.669078461068
      ,1.669078461068,1.669078461068,1.669078461068,1.669078461068
      ,1.669078461068,1.669078461068,1.669078461068,1.669078461068
      ,1.669078461068,1.669078461068,1.669078461068,1.669078461069
      ,1.669078461067,1.66907846107,1.669078461066,1.66907846107
      ,1.669078461068,1.669078461068,1.669078461068,1.669078461068
      ,1.669078461068,1.669078461068,1.669078461069,1.669078461067
      ,1.669078461069,1.669078461067,1.669078461069,1.669078461068
      ,1.669078461068,1.669078461068,1.669078461068,1.66907846107
      ,1.669078461066,1.669078461071,1.669078461066,1.66907846107
      ,1.669078461067,1.669078461069,1.669078461068,1.669078461068
      ,1.669078461068,1.669078461068,1.669078461068,1.669078461068
      ,1.669078461068,1.669078461068,1.669078461068,1.669078461068
      ,1.669078461068,1.669078461068,1.669078461068,1.669078461069
      ,1.669078461067,1.66907846107,1.669078461067,1.669078461069
      ,1.669078461068,1.669078461068,1.669078461068,1.669078461068
      ,1.669078461068,1.669078461068,1.669078461068,1.669078461069
      ,1.669078461068,1.669078461069,1.669078461068,1.669078461068
      ,1.669078461068,1.669078461068,1.669078461068,1.669078461069
      ,1.669078461066,1.66907846107,1.669078461066,1.66907846107
      ,1.669078461067,1.669078461069,1.669078461068,1.669078461068
      ,1.669078461068,1.669078461069,1.669078461068,1.669078461069
      ,1.669078461067,1.669078461069,1.669078461068,1.669078461068
      ,1.669078461068,1.669078461068,1.669078461068,1.669078461069
      ,1.669078461067,1.66907846107,1.669078461067,1.669078461069
      ,1.669078461068,1.669078461068,1.669078461068,1.669078461068
      ,1.669078461068,1.669078461068,1.669078461069,1.669078461067
      ,1.669078461069,1.669078461068,1.669078461069,1.669078461068
      ,1.669078461068,1.669078461068,1.669078461068,1.669078461068
      ,1.669078461068,1.669078461068,1.669078461068,1.669078461068
      ,1.669078461068,1.669078461068,1.669078461068,1.669078461068
      ,1.669078461068,1.669078461069,1.669078461067,1.66907846107
      ,1.669078461067,1.66907846107,1.669078461067,1.669078461069
      ,1.669078461068,1.669078461068,1.669078461068,1.66907846107
      ,1.669078461066,1.66907846107,1.669078461066,1.66907846107
      ,1.669078461068,1.669078461068,1.669078461068,1.669078461068
      ,1.669078461069,1.669078461067,1.66907846107,1.669078461066
      ,1.66907846107,1.669078461067,1.669078461069,1.669078461068
      ,1.669078461068,1.669078461068,1.669078461068,1.669078461069
      ,1.669078461066,1.66907846107,1.669078461066,1.66907846107
      ,1.669078461068,1.669078461068,1.669078461068,1.669078461068
      ,1.669078461068,1.669078461068,1.669078461068,1.669078461068
      ,1.669078461068,1.669078461068,1.669078461068,1.669078461068
      ,1.669078461068,1.669078461068,1.669078461068,1.66907846107
      ,1.669078461065,1.669078461073,1.669078461064,1.669078461071
      ,1.669078461066,1.669078461069,1.669078461068,1.669078461068
      ,1.669078461068,1.66907846107,1.669078461066,1.669078461071
      ,1.669078461065,1.669078461071,1.669078461067,1.669078461069
      ,1.669078461068,1.669078461068,1.669078461068,1.66907846107
      ,1.669078461066,1.669078461071,1.669078461066,1.66907846107
      ,1.669078461067,1.669078461069,1.669078461068,1.669078461068
      ,1.669078461068,1.669078461068,1.669078461068,1.669078461068
      ,1.669078461068,1.669078461068,1.669078461068,1.669078461068
      ,1.669078461068,1.669078461068,1.669078461068,1.669078461069
      ,1.669078461067,1.66907846107,1.669078461067,1.669078461069
      ,1.669078461068,1.669078461068,1.669078461068,1.669078461068
      ,1.669078461069,1.669078461067,1.66907846107,1.669078461066
      ,1.66907846107,1.669078461067,1.669078461069,1.669078461068
      ,1.669078461068,1.669078461068,1.669078461067,1.669078461071
      ,1.669078461064,1.669078461073,1.669078461064,1.669078461072
      ,1.669078461066,1.669078461069,1.669078461068,1.669078461068
      ,1.669078461068,1.669078461069,1.669078461066,1.669078461071
      ,1.669078461066,1.66907846107,1.669078461067,1.669078461069
      ,1.669078461068,1.669078461068,1.669078461068,1.669078461069
      ,1.669078461067,1.66907846107,1.669078461067,1.669078461069
      ,1.669078461068,1.669078461068,1.669078461068,1.669078461068
      ,1.669078461068,1.669078461069,1.669078461068,1.669078461069
      ,1.669078461068,1.669078461069,1.669078461068,1.669078461068
      ,1.669078461068,1.669078461068,1.669078461068,1.669078461069
      ,1.669078461067,1.669078461069,1.669078461067,1.669078461069
      ,1.669078461068,1.669078461068,1.669078461068,1.669078461068
      ,1.669078461068,1.669078461069,1.669078461067,1.66907846107
      ,1.669078461067,1.669078461069,1.669078461068,1.669078461068
      ,1.669078461068,1.669078461068,1.669078461068,1.669078461068
      ,1.669078461069,1.669078461068,1.669078461069,1.669078461068
      ,1.669078461068,1.669078461068,1.669078461068,1.669078461068
      ,1.669078461069,1.669078461067,1.669078461071,1.669078461065
      ,1.669078461071,1.669078461067,1.669078461069,1.669078461068
      ,1.669078461068,1.669078461068,1.669078461068,1.669078461069
      ,1.669078461067,1.66907846107,1.669078461067,1.669078461069
      ,1.669078461068,1.669078461068,1.669078461068,1.669078461068
      ,1.669078461068,1.669078461069,1.669078461067,1.669078461069
      ,1.669078461067,1.669078461069,1.669078461068,1.669078461068
      ,1.669078461068,1.669078461068,1.669078461069,1.669078461067
      ,1.66907846107,1.669078461066,1.66907846107,1.669078461067
      ,1.669078461069,1.669078461068,1.669078461068,1.669078461068
      ,1.669078461069,1.669078461067,1.66907846107,1.669078461066
      ,1.669078461071,1.669078461066,1.669078461069,1.669078461068
      ,1.669078461068,1.669078461068,1.669078461068,1.669078461069
      ,1.669078461066,1.669078461071,1.669078461066,1.66907846107
      ,1.669078461067,1.669078461069,1.669078461068,1.669078461068
      ,1.669078461068,1.669078461068,1.669078461069,1.669078461067
      ,1.669078461069,1.669078461067,1.669078461069,1.669078461068
      ,1.669078461068,1.669078461068,1.669078461068,1.669078461068
      ,1.669078461068,1.669078461068,1.669078461068,1.669078461069
      ,1.669078461068,1.669078461068,1.669078461068,1.669078461068
      ,1.669078461068,1.669078461068,1.669078461068,1.669078461068
      ,1.669078461068,1.669078461069,1.669078461067,1.66907846107
      ,1.669078461067,1.669078461069,1.669078461068,1.669078461068
      ,1.669078461068,1.669078461068,1.669078461068,1.669078461069
      ,1.669078461067,1.669078461069,1.669078461067,1.669078461069
      ,1.669078461068,1.669078461068,1.669078461068,1.669078461068
      ,1.669078461068,1.669078461069,1.669078461067,1.66907846107
      ,1.669078461065,1.669078461071,1.669078461066,1.669078461069
      ,1.669078461068,1.669078461068,1.669078461068)
    ,(1.03672962321,1.03672962321,1.036729623209,1.03672962321
      ,1.036729623208,1.036729623212,1.036729623208,1.036729623211
      ,1.036729623209,1.03672962321,1.03672962321,1.03672962321
      ,1.03672962321,1.03672962321,1.03672962321,1.03672962321
      ,1.036729623209,1.03672962321,1.036729623209,1.03672962321
      ,1.03672962321,1.03672962321,1.03672962321,1.03672962321
      ,1.036729623209,1.036729623211,1.036729623208,1.036729623212
      ,1.036729623208,1.036729623211,1.036729623209,1.03672962321
      ,1.03672962321,1.03672962321,1.03672962321,1.036729623209
      ,1.036729623211,1.036729623208,1.036729623212,1.036729623207
      ,1.036729623211,1.036729623209,1.03672962321,1.03672962321
      ,1.03672962321,1.03672962321,1.03672962321,1.036729623209
      ,1.036729623211,1.036729623208,1.036729623211,1.036729623209
      ,1.03672962321,1.036729623209,1.03672962321,1.03672962321
      ,1.03672962321,1.036729623209,1.03672962321,1.036729623209
      ,1.03672962321,1.036729623209,1.03672962321,1.03672962321
      ,1.03672962321,1.03672962321,1.03672962321,1.036729623209
      ,1.036729623211,1.036729623208,1.036729623211,1.036729623208
      ,1.03672962321,1.036729623209,1.03672962321,1.03672962321
      ,1.03672962321,1.036729623208,1.036729623212,1.036729623207
      ,1.036729623212,1.036729623208,1.03672962321,1.036729623209
      ,1.03672962321,1.03672962321,1.03672962321,1.036729623209
      ,1.03672962321,1.036729623209,1.03672962321,1.036729623209
      ,1.03672962321,1.03672962321,1.03672962321,1.03672962321
      ,1.03672962321,1.036729623209,1.03672962321,1.036729623209
      ,1.03672962321,1.036729623209,1.03672962321,1.03672962321
      ,1.03672962321,1.03672962321,1.036729623209,1.03672962321
      ,1.036729623209,1.03672962321,1.036729623209,1.03672962321
      ,1.03672962321,1.03672962321,1.03672962321,1.03672962321
      ,1.03672962321,1.03672962321,1.036729623209,1.03672962321
      ,1.036729623209,1.03672962321,1.036729623209,1.03672962321
      ,1.03672962321,1.03672962321,1.036729623209,1.03672962321
      ,1.036729623209,1.03672962321,1.036729623209,1.03672962321
      ,1.036729623209,1.03672962321,1.03672962321,1.03672962321
      ,1.036729623209,1.03672962321,1.036729623209,1.03672962321
      ,1.036729623209,1.03672962321,1.036729623209,1.03672962321
      ,1.03672962321,1.03672962321,1.036729623209,1.03672962321
      ,1.036729623209,1.036729623211,1.036729623209,1.03672962321
      ,1.036729623209,1.03672962321,1.03672962321,1.03672962321
      ,1.03672962321,1.036729623209,1.036729623211,1.036729623208
      ,1.036729623211,1.036729623208,1.03672962321,1.036729623209
      ,1.03672962321,1.03672962321,1.03672962321,1.036729623209
      ,1.036729623211,1.036729623208,1.036729623211,1.036729623209
      ,1.03672962321,1.036729623209,1.03672962321,1.03672962321
      ,1.03672962321,1.03672962321,1.036729623209,1.03672962321
      ,1.036729623209,1.03672962321,1.036729623209,1.03672962321
      ,1.03672962321,1.03672962321,1.03672962321,1.03672962321
      ,1.03672962321,1.03672962321,1.036729623209,1.03672962321
      ,1.036729623209,1.03672962321,1.03672962321,1.03672962321
      ,1.036729623209,1.03672962321,1.036729623209,1.03672962321
      ,1.036729623209,1.03672962321,1.03672962321,1.03672962321
      ,1.03672962321,1.03672962321,1.03672962321,1.036729623209
      ,1.03672962321,1.036729623209,1.03672962321,1.03672962321
      ,1.03672962321,1.03672962321,1.03672962321,1.03672962321
      ,1.036729623209,1.03672962321,1.036729623209,1.036729623211
      ,1.036729623208,1.036729623211,1.036729623209,1.03672962321
      ,1.03672962321,1.03672962321,1.036729623209,1.03672962321
      ,1.036729623208,1.036729623211,1.036729623208,1.03672962321
      ,1.036729623209,1.03672962321,1.03672962321,1.03672962321
      ,1.03672962321,1.036729623209,1.03672962321,1.036729623209
      ,1.03672962321,1.036729623209,1.03672962321,1.03672962321
      ,1.03672962321,1.03672962321,1.036729623209,1.03672962321
      ,1.036729623209,1.036729623211,1.036729623208,1.036729623211
      ,1.036729623209,1.03672962321,1.03672962321,1.03672962321
      ,1.036729623209,1.036729623211,1.036729623208,1.036729623212
      ,1.036729623208,1.036729623211,1.036729623209,1.03672962321
      ,1.03672962321,1.03672962321,1.036729623209,1.03672962321
      ,1.036729623209,1.036729623211,1.036729623209,1.03672962321
      ,1.036729623209,1.03672962321,1.03672962321,1.03672962321
      ,1.03672962321,1.036729623209,1.03672962321,1.03672962321
      ,1.036729623209,1.03672962321,1.036729623209,1.03672962321
      ,1.03672962321,1.03672962321,1.036729623209,1.03672962321
      ,1.036729623209,1.036729623211,1.036729623208,1.03672962321
      ,1.036729623209,1.03672962321,1.03672962321,1.03672962321
      ,1.03672962321,1.036729623209,1.03672962321,1.036729623209
      ,1.03672962321,1.036729623209,1.03672962321,1.03672962321
      ,1.03672962321,1.03672962321,1.036729623209,1.03672962321
      ,1.036729623209,1.036729623211,1.036729623208,1.03672962321
      ,1.036729623209,1.03672962321,1.03672962321,1.03672962321
      ,1.03672962321,1.03672962321,1.036729623209,1.03672962321
      ,1.036729623209,1.03672962321,1.036729623209,1.03672962321
      ,1.03672962321,1.03672962321,1.03672962321,1.03672962321
      ,1.03672962321,1.036729623209,1.03672962321,1.036729623209
      ,1.03672962321,1.03672962321,1.03672962321,1.03672962321
      ,1.036729623209,1.036729623211,1.036729623208,1.036729623212
      ,1.036729623208,1.036729623211,1.036729623209,1.03672962321
      ,1.03672962321,1.03672962321,1.036729623209,1.03672962321
      ,1.036729623209,1.036729623211,1.036729623209,1.03672962321
      ,1.036729623209,1.03672962321,1.03672962321,1.03672962321
      ,1.03672962321,1.03672962321,1.036729623209,1.03672962321
      ,1.036729623209,1.03672962321,1.036729623209,1.03672962321
      ,1.03672962321,1.03672962321,1.036729623209,1.03672962321
      ,1.036729623209,1.036729623211,1.036729623208,1.03672962321
      ,1.036729623209,1.03672962321,1.03672962321,1.03672962321
      ,1.03672962321,1.036729623209,1.036729623211,1.036729623208
      ,1.036729623211,1.036729623209,1.03672962321,1.036729623209
      ,1.03672962321,1.03672962321,1.036729623209,1.03672962321
      ,1.036729623209,1.036729623211,1.036729623208,1.036729623211
      ,1.036729623209,1.03672962321,1.03672962321,1.03672962321
      ,1.03672962321,1.036729623209,1.03672962321,1.036729623209
      ,1.03672962321,1.03672962321,1.03672962321,1.03672962321
      ,1.03672962321,1.03672962321,1.03672962321,1.036729623209
      ,1.03672962321,1.036729623209,1.03672962321,1.036729623209
      ,1.03672962321,1.036729623209,1.03672962321,1.03672962321
      ,1.03672962321,1.03672962321,1.03672962321,1.036729623209
      ,1.03672962321,1.036729623209,1.03672962321,1.03672962321
      ,1.03672962321,1.03672962321,1.036729623209,1.03672962321
      ,1.036729623209,1.036729623211,1.036729623209,1.03672962321
      ,1.036729623209,1.03672962321,1.03672962321,1.03672962321
      ,1.036729623209,1.036729623211,1.036729623208,1.036729623212
      ,1.036729623207,1.036729623212,1.036729623208,1.03672962321
      ,1.036729623209,1.03672962321,1.036729623209,1.036729623211
      ,1.036729623207,1.036729623212,1.036729623207,1.036729623212
      ,1.036729623208,1.03672962321,1.03672962321,1.03672962321
      ,1.036729623209,1.03672962321,1.036729623209,1.036729623211
      ,1.036729623209,1.03672962321,1.036729623209,1.03672962321
      ,1.03672962321,1.03672962321,1.036729623209,1.03672962321
      ,1.036729623208,1.036729623211,1.036729623208,1.036729623211
      ,1.036729623209,1.03672962321,1.03672962321,1.03672962321
      ,1.036729623209,1.03672962321,1.036729623209,1.03672962321
      ,1.036729623209,1.03672962321,1.036729623209,1.03672962321
      ,1.03672962321,1.03672962321,1.036729623209,1.03672962321
      ,1.036729623209,1.036729623211,1.036729623209,1.03672962321
      ,1.036729623209,1.03672962321,1.03672962321,1.03672962321
      ,1.036729623209,1.03672962321,1.036729623209,1.03672962321
      ,1.036729623209,1.03672962321,1.036729623209,1.03672962321
      ,1.03672962321,1.03672962321,1.036729623209,1.036729623211
      ,1.036729623208,1.036729623211,1.036729623208,1.036729623211
      ,1.036729623209,1.03672962321,1.03672962321,1.03672962321
      ,1.03672962321,1.036729623209,1.03672962321,1.036729623209
      ,1.036729623211,1.036729623209,1.03672962321,1.036729623209
      ,1.03672962321,1.03672962321,1.036729623209,1.03672962321
      ,1.036729623209,1.03672962321,1.036729623209,1.03672962321
      ,1.036729623209,1.03672962321,1.03672962321,1.03672962321
      ,1.03672962321,1.03672962321,1.03672962321,1.03672962321
      ,1.03672962321,1.03672962321,1.03672962321,1.03672962321
      ,1.03672962321,1.03672962321,1.036729623209,1.036729623211
      ,1.036729623208,1.036729623211,1.036729623208,1.036729623211
      ,1.036729623209,1.03672962321,1.03672962321,1.03672962321
      ,1.03672962321,1.03672962321,1.03672962321,1.03672962321
      ,1.03672962321,1.03672962321,1.03672962321,1.03672962321
      ,1.03672962321,1.03672962321,1.036729623209,1.03672962321
      ,1.036729623209,1.036729623211,1.036729623209,1.03672962321
      ,1.036729623209,1.03672962321,1.03672962321,1.03672962321
      ,1.03672962321,1.036729623209,1.03672962321,1.036729623209
      ,1.03672962321,1.036729623209,1.03672962321,1.03672962321
      ,1.03672962321,1.03672962321,1.03672962321,1.03672962321
      ,1.03672962321,1.03672962321,1.03672962321,1.03672962321
      ,1.03672962321,1.03672962321,1.03672962321,1.03672962321
      ,1.036729623209,1.03672962321,1.036729623209,1.036729623211
      ,1.036729623208,1.036729623211,1.036729623209,1.03672962321
      ,1.03672962321,1.03672962321,1.036729623209,1.03672962321
      ,1.036729623208,1.036729623211,1.036729623209,1.03672962321
      ,1.036729623209,1.03672962321,1.03672962321,1.03672962321
      ,1.03672962321,1.036729623209,1.036729623211,1.036729623208
      ,1.036729623211,1.036729623209,1.03672962321,1.03672962321
      ,1.03672962321,1.03672962321,1.036729623209,1.03672962321
      ,1.036729623208,1.036729623211,1.036729623208,1.036729623211
      ,1.036729623209,1.03672962321,1.03672962321,1.03672962321
      ,1.03672962321,1.03672962321,1.03672962321,1.036729623209
      ,1.03672962321,1.036729623209,1.03672962321,1.03672962321
      ,1.03672962321,1.03672962321,1.036729623209,1.036729623211
      ,1.036729623208,1.036729623212,1.036729623208,1.036729623211
      ,1.036729623209,1.03672962321,1.03672962321,1.03672962321
      ,1.036729623209,1.03672962321,1.036729623209,1.036729623211
      ,1.036729623208,1.036729623211,1.036729623209,1.03672962321
      ,1.03672962321,1.03672962321,1.036729623209,1.036729623211
      ,1.036729623207,1.036729623212,1.036729623207,1.036729623212
      ,1.036729623209,1.03672962321,1.03672962321,1.03672962321
      ,1.03672962321,1.03672962321,1.036729623209,1.03672962321
      ,1.03672962321,1.03672962321,1.03672962321,1.03672962321
      ,1.03672962321,1.03672962321,1.036729623209,1.03672962321
      ,1.036729623208,1.036729623211,1.036729623208,1.036729623211
      ,1.036729623209,1.03672962321,1.03672962321,1.03672962321
      ,1.03672962321,1.036729623209,1.03672962321,1.036729623209
      ,1.03672962321,1.036729623209,1.03672962321,1.03672962321
      ,1.03672962321,1.03672962321,1.036729623209,1.036729623211
      ,1.036729623207,1.036729623213,1.036729623207,1.036729623212
      ,1.036729623209,1.03672962321,1.03672962321,1.03672962321
      ,1.036729623209,1.03672962321,1.036729623208,1.036729623211
      ,1.036729623208,1.036729623211,1.036729623209,1.03672962321
      ,1.03672962321,1.03672962321,1.036729623209,1.03672962321
      ,1.036729623209,1.036729623211,1.036729623209,1.03672962321
      ,1.036729623209,1.03672962321,1.03672962321,1.03672962321
      ,1.036729623209,1.03672962321,1.036729623209,1.036729623211
      ,1.036729623209,1.03672962321,1.036729623209,1.03672962321
      ,1.03672962321,1.03672962321,1.036729623209,1.03672962321
      ,1.036729623209,1.036729623211,1.036729623208,1.036729623211
      ,1.036729623209,1.03672962321,1.03672962321,1.03672962321
      ,1.036729623209,1.03672962321,1.036729623209,1.036729623211
      ,1.036729623208,1.036729623211,1.036729623209,1.03672962321
      ,1.03672962321,1.03672962321,1.03672962321,1.036729623209
      ,1.03672962321,1.036729623209,1.03672962321,1.036729623209
      ,1.03672962321,1.03672962321,1.03672962321,1.03672962321
      ,1.03672962321,1.036729623209,1.036729623211,1.036729623208
      ,1.036729623211,1.036729623208,1.03672962321,1.036729623209
      ,1.03672962321,1.03672962321,1.036729623209,1.03672962321
      ,1.036729623208,1.036729623211,1.036729623208,1.036729623211
      ,1.036729623209,1.03672962321,1.03672962321,1.03672962321
      ,1.036729623209,1.03672962321,1.036729623209,1.03672962321
      ,1.036729623209,1.03672962321,1.036729623209,1.03672962321
      ,1.03672962321,1.03672962321,1.03672962321,1.036729623209
      ,1.036729623211,1.036729623208,1.036729623212,1.036729623208
      ,1.03672962321,1.036729623209,1.03672962321,1.03672962321
      ,1.03672962321,1.036729623209,1.036729623211,1.036729623207
      ,1.036729623212,1.036729623208,1.03672962321,1.036729623209
      ,1.03672962321,1.03672962321,1.036729623209,1.03672962321
      ,1.036729623209,1.036729623211,1.036729623209,1.03672962321
      ,1.036729623209,1.03672962321,1.03672962321,1.03672962321
      ,1.03672962321,1.036729623209,1.03672962321,1.036729623209
      ,1.03672962321,1.036729623209,1.03672962321,1.036729623209
      ,1.03672962321,1.03672962321,1.03672962321,1.03672962321
      ,1.03672962321,1.036729623209,1.03672962321,1.036729623209
      ,1.03672962321,1.036729623209,1.03672962321,1.03672962321
      ,1.03672962321,1.03672962321,1.03672962321,1.03672962321
      ,1.036729623209,1.036729623211,1.036729623208,1.036729623211
      ,1.036729623208,1.03672962321,1.036729623209,1.03672962321
      ,1.03672962321,1.03672962321,1.03672962321,1.03672962321
      ,1.036729623209,1.03672962321,1.036729623209,1.03672962321
      ,1.036729623209,1.03672962321,1.03672962321,1.03672962321
      ,1.03672962321,1.03672962321,1.036729623209,1.036729623211
      ,1.036729623208,1.036729623211,1.036729623209,1.03672962321
      ,1.036729623209,1.03672962321,1.03672962321)
    ,(1.038346699848,1.038346699848,1.038346699847,1.038346699848
      ,1.038346699846,1.038346699849,1.038346699846,1.038346699849
      ,1.038346699847,1.038346699848,1.038346699847,1.038346699848
      ,1.038346699847,1.038346699848,1.038346699847,1.038346699848
      ,1.038346699847,1.038346699847,1.038346699848,1.038346699847
      ,1.038346699848,1.038346699848,1.038346699848,1.038346699848
      ,1.038346699847,1.038346699849,1.038346699846,1.03834669985
      ,1.038346699845,1.038346699849,1.038346699847,1.038346699848
      ,1.038346699847,1.038346699848,1.038346699848,1.038346699847
      ,1.038346699849,1.038346699846,1.03834669985,1.038346699845
      ,1.038346699849,1.038346699847,1.038346699848,1.038346699847
      ,1.038346699848,1.038346699847,1.038346699848,1.038346699847
      ,1.038346699848,1.038346699847,1.038346699848,1.038346699847
      ,1.038346699848,1.038346699847,1.038346699848,1.038346699847
      ,1.038346699848,1.038346699847,1.038346699847,1.038346699848
      ,1.038346699847,1.038346699848,1.038346699847,1.038346699848
      ,1.038346699848,1.038346699847,1.038346699848,1.038346699847
      ,1.038346699849,1.038346699846,1.038346699849,1.038346699846
      ,1.038346699848,1.038346699847,1.038346699848,1.038346699847
      ,1.038346699848,1.038346699846,1.03834669985,1.038346699845
      ,1.03834669985,1.038346699846,1.038346699848,1.038346699847
      ,1.038346699848,1.038346699847,1.038346699848,1.038346699847
      ,1.038346699848,1.038346699846,1.038346699849,1.038346699847
      ,1.038346699848,1.038346699847,1.038346699848,1.038346699847
      ,1.038346699848,1.038346699847,1.038346699848,1.038346699848
      ,1.038346699847,1.038346699848,1.038346699847,1.038346699848
      ,1.038346699847,1.038346699848,1.038346699847,1.038346699848
      ,1.038346699846,1.038346699849,1.038346699846,1.038346699848
      ,1.038346699847,1.038346699848,1.038346699847,1.038346699848
      ,1.038346699847,1.038346699848,1.038346699847,1.038346699848
      ,1.038346699847,1.038346699848,1.038346699847,1.038346699848
      ,1.038346699847,1.038346699848,1.038346699847,1.038346699848
      ,1.038346699846,1.038346699849,1.038346699846,1.038346699848
      ,1.038346699847,1.038346699848,1.038346699847,1.038346699848
      ,1.038346699847,1.038346699847,1.038346699848,1.038346699847
      ,1.038346699848,1.038346699847,1.038346699848,1.038346699847
      ,1.038346699848,1.038346699848,1.038346699847,1.038346699848
      ,1.038346699847,1.038346699848,1.038346699848,1.038346699847
      ,1.038346699848,1.038346699847,1.038346699848,1.038346699847
      ,1.038346699848,1.038346699847,1.038346699849,1.038346699846
      ,1.038346699849,1.038346699846,1.038346699848,1.038346699847
      ,1.038346699848,1.038346699847,1.038346699848,1.038346699847
      ,1.038346699849,1.038346699846,1.038346699849,1.038346699847
      ,1.038346699848,1.038346699847,1.038346699848,1.038346699847
      ,1.038346699848,1.038346699848,1.038346699847,1.038346699848
      ,1.038346699847,1.038346699848,1.038346699847,1.038346699848
      ,1.038346699848,1.038346699847,1.038346699848,1.038346699847
      ,1.038346699848,1.038346699847,1.038346699848,1.038346699848
      ,1.038346699847,1.038346699848,1.038346699847,1.038346699848
      ,1.038346699847,1.038346699848,1.038346699847,1.038346699848
      ,1.038346699847,1.038346699848,1.038346699847,1.038346699848
      ,1.038346699848,1.038346699847,1.038346699848,1.038346699847
      ,1.038346699848,1.038346699848,1.038346699847,1.038346699848
      ,1.038346699847,1.038346699848,1.038346699847,1.038346699847
      ,1.038346699848,1.038346699847,1.038346699848,1.038346699847
      ,1.038346699847,1.038346699848,1.038346699847,1.038346699848
      ,1.038346699847,1.038346699848,1.038346699847,1.038346699848
      ,1.038346699846,1.038346699849,1.038346699846,1.038346699848
      ,1.038346699847,1.038346699848,1.038346699848,1.038346699847
      ,1.038346699848,1.038346699847,1.038346699848,1.038346699846
      ,1.038346699849,1.038346699847,1.038346699848,1.038346699847
      ,1.038346699848,1.038346699848,1.038346699847,1.038346699848
      ,1.038346699847,1.038346699849,1.038346699846,1.038346699848
      ,1.038346699847,1.038346699848,1.038346699847,1.038346699848
      ,1.038346699847,1.038346699848,1.038346699846,1.038346699849
      ,1.038346699846,1.038346699849,1.038346699847,1.038346699848
      ,1.038346699847,1.038346699848,1.038346699847,1.038346699848
      ,1.038346699847,1.038346699848,1.038346699847,1.038346699848
      ,1.038346699847,1.038346699848,1.038346699848,1.038346699847
      ,1.038346699848,1.038346699847,1.038346699848,1.038346699847
      ,1.038346699848,1.038346699847,1.038346699848,1.038346699848
      ,1.038346699847,1.038346699848,1.038346699847,1.038346699848
      ,1.038346699847,1.038346699849,1.038346699847,1.038346699848
      ,1.038346699847,1.038346699848,1.038346699847,1.038346699847
      ,1.038346699848,1.038346699847,1.038346699848,1.038346699847
      ,1.038346699848,1.038346699847,1.038346699848,1.038346699847
      ,1.038346699848,1.038346699848,1.038346699847,1.038346699848
      ,1.038346699847,1.038346699849,1.038346699846,1.038346699848
      ,1.038346699847,1.038346699848,1.038346699847,1.038346699848
      ,1.038346699847,1.038346699848,1.038346699846,1.038346699849
      ,1.038346699846,1.038346699848,1.038346699847,1.038346699848
      ,1.038346699847,1.038346699847,1.038346699848,1.038346699847
      ,1.038346699848,1.038346699846,1.038346699849,1.038346699847
      ,1.038346699848,1.038346699847,1.038346699848,1.038346699848
      ,1.038346699847,1.038346699848,1.038346699846,1.038346699849
      ,1.038346699846,1.038346699848,1.038346699847,1.038346699848
      ,1.038346699847,1.038346699848,1.038346699847,1.038346699848
      ,1.038346699847,1.038346699848,1.038346699847,1.038346699848
      ,1.038346699847,1.038346699848,1.038346699847,1.038346699848
      ,1.038346699847,1.038346699848,1.038346699847,1.038346699847
      ,1.038346699848,1.038346699847,1.038346699848,1.038346699847
      ,1.038346699848,1.038346699848,1.038346699847,1.038346699848
      ,1.038346699847,1.038346699848,1.038346699847,1.038346699848
      ,1.038346699847,1.038346699848,1.038346699848,1.038346699847
      ,1.038346699848,1.038346699847,1.038346699848,1.038346699846
      ,1.038346699849,1.038346699847,1.038346699848,1.038346699847
      ,1.038346699848,1.038346699848,1.038346699847,1.038346699848
      ,1.038346699846,1.038346699849,1.038346699846,1.038346699849
      ,1.038346699847,1.038346699848,1.038346699847,1.038346699847
      ,1.038346699848,1.038346699847,1.038346699849,1.038346699846
      ,1.038346699849,1.038346699847,1.038346699848,1.038346699847
      ,1.038346699848,1.038346699847,1.038346699848,1.038346699847
      ,1.038346699848,1.038346699847,1.038346699848,1.038346699847
      ,1.038346699848,1.038346699847,1.038346699848,1.038346699848
      ,1.038346699847,1.038346699848,1.038346699847,1.038346699848
      ,1.038346699847,1.038346699848,1.038346699847,1.038346699848
      ,1.038346699847,1.038346699848,1.038346699847,1.038346699848
      ,1.038346699846,1.038346699849,1.038346699846,1.038346699849
      ,1.038346699847,1.038346699848,1.038346699847,1.038346699848
      ,1.038346699847,1.038346699848,1.038346699846,1.038346699849
      ,1.038346699846,1.038346699848,1.038346699847,1.038346699848
      ,1.038346699847,1.038346699848,1.038346699847,1.038346699848
      ,1.038346699846,1.038346699849,1.038346699846,1.038346699849
      ,1.038346699847,1.038346699848,1.038346699847,1.038346699848
      ,1.038346699847,1.038346699848,1.038346699847,1.038346699848
      ,1.038346699847,1.038346699848,1.038346699847,1.038346699848
      ,1.038346699847,1.038346699848,1.038346699847,1.038346699848
      ,1.038346699847,1.038346699848,1.038346699847,1.038346699848
      ,1.038346699847,1.038346699848,1.038346699847,1.038346699848
      ,1.038346699848,1.038346699847,1.038346699848,1.038346699847
      ,1.038346699848,1.038346699847,1.038346699848,1.038346699847
      ,1.038346699848,1.038346699848,1.038346699847,1.038346699848
      ,1.038346699847,1.038346699849,1.038346699847,1.038346699848
      ,1.038346699847,1.038346699848,1.038346699847,1.038346699848
      ,1.038346699848,1.038346699847,1.038346699848,1.038346699847
      ,1.038346699848,1.038346699847,1.038346699848,1.038346699847
      ,1.038346699847,1.038346699848,1.038346699847,1.038346699849
      ,1.038346699845,1.03834669985,1.038346699845,1.038346699849
      ,1.038346699846,1.038346699848,1.038346699847,1.038346699848
      ,1.038346699848,1.038346699847,1.038346699848,1.038346699847
      ,1.038346699848,1.038346699847,1.038346699848,1.038346699847
      ,1.038346699847,1.038346699848,1.038346699847,1.038346699848
      ,1.038346699846,1.038346699849,1.038346699846,1.038346699849
      ,1.038346699847,1.038346699848,1.038346699847,1.038346699848
      ,1.038346699847,1.038346699848,1.038346699847,1.038346699848
      ,1.038346699846,1.038346699848,1.038346699847,1.038346699848
      ,1.038346699847,1.038346699848,1.038346699847,1.038346699848
      ,1.038346699846,1.038346699849,1.038346699846,1.038346699848
      ,1.038346699847,1.038346699848,1.038346699847,1.038346699848
      ,1.038346699847,1.038346699848,1.038346699847,1.038346699848
      ,1.038346699847,1.038346699848,1.038346699847,1.038346699848
      ,1.038346699847,1.038346699848,1.038346699847,1.038346699848
      ,1.038346699847,1.038346699848,1.038346699847,1.038346699848
      ,1.038346699847,1.038346699848,1.038346699848,1.038346699847
      ,1.038346699848,1.038346699847,1.038346699848,1.038346699847
      ,1.038346699848,1.038346699847,1.038346699848,1.038346699847
      ,1.038346699848,1.038346699848,1.038346699847,1.038346699848
      ,1.038346699847,1.038346699848,1.038346699847,1.038346699848
      ,1.038346699847,1.038346699848,1.038346699847,1.038346699848
      ,1.038346699847,1.038346699848,1.038346699847,1.038346699848
      ,1.038346699847,1.038346699848,1.038346699847,1.038346699848
      ,1.038346699847,1.038346699848,1.038346699847,1.038346699848
      ,1.038346699846,1.038346699849,1.038346699846,1.038346699849
      ,1.038346699847,1.038346699848,1.038346699847,1.038346699847
      ,1.038346699848,1.038346699847,1.038346699849,1.038346699846
      ,1.038346699849,1.038346699847,1.038346699848,1.038346699847
      ,1.038346699848,1.038346699848,1.038346699847,1.038346699848
      ,1.038346699846,1.038346699849,1.038346699846,1.038346699849
      ,1.038346699847,1.038346699848,1.038346699847,1.038346699848
      ,1.038346699847,1.038346699847,1.038346699848,1.038346699847
      ,1.038346699848,1.038346699847,1.038346699848,1.038346699848
      ,1.038346699847,1.038346699848,1.038346699847,1.038346699849
      ,1.038346699845,1.03834669985,1.038346699845,1.03834669985
      ,1.038346699846,1.038346699848,1.038346699847,1.038346699848
      ,1.038346699847,1.038346699848,1.038346699846,1.038346699849
      ,1.038346699846,1.038346699848,1.038346699847,1.038346699848
      ,1.038346699847,1.038346699848,1.038346699847,1.038346699849
      ,1.038346699846,1.038346699849,1.038346699846,1.038346699849
      ,1.038346699847,1.038346699848,1.038346699847,1.038346699848
      ,1.038346699847,1.038346699848,1.038346699847,1.038346699848
      ,1.038346699847,1.038346699848,1.038346699847,1.038346699848
      ,1.038346699847,1.038346699848,1.038346699847,1.038346699848
      ,1.038346699847,1.038346699848,1.038346699847,1.038346699848
      ,1.038346699847,1.038346699848,1.038346699848,1.038346699847
      ,1.038346699848,1.038346699847,1.038346699848,1.038346699847
      ,1.038346699848,1.038346699847,1.038346699848,1.038346699847
      ,1.038346699847,1.038346699848,1.038346699847,1.038346699849
      ,1.038346699845,1.03834669985,1.038346699845,1.038346699849
      ,1.038346699846,1.038346699848,1.038346699847,1.038346699848
      ,1.038346699847,1.038346699848,1.038346699847,1.038346699849
      ,1.038346699847,1.038346699848,1.038346699847,1.038346699848
      ,1.038346699847,1.038346699848,1.038346699847,1.038346699848
      ,1.038346699847,1.038346699848,1.038346699847,1.038346699848
      ,1.038346699847,1.038346699848,1.038346699847,1.038346699848
      ,1.038346699847,1.038346699848,1.038346699847,1.038346699848
      ,1.038346699847,1.038346699848,1.038346699847,1.038346699848
      ,1.038346699847,1.038346699848,1.038346699847,1.038346699848
      ,1.038346699846,1.038346699849,1.038346699846,1.038346699849
      ,1.038346699847,1.038346699848,1.038346699847,1.038346699848
      ,1.038346699847,1.038346699848,1.038346699847,1.038346699848
      ,1.038346699847,1.038346699848,1.038346699847,1.038346699848
      ,1.038346699847,1.038346699848,1.038346699848,1.038346699847
      ,1.038346699848,1.038346699847,1.038346699848,1.038346699847
      ,1.038346699848,1.038346699847,1.038346699848,1.038346699847
      ,1.038346699848,1.038346699847,1.038346699849,1.038346699846
      ,1.038346699849,1.038346699846,1.038346699848,1.038346699847
      ,1.038346699848,1.038346699848,1.038346699847,1.038346699848
      ,1.038346699846,1.038346699849,1.038346699846,1.038346699849
      ,1.038346699847,1.038346699848,1.038346699847,1.038346699848
      ,1.038346699847,1.038346699848,1.038346699848,1.038346699847
      ,1.038346699848,1.038346699847,1.038346699848,1.038346699847
      ,1.038346699848,1.038346699847,1.038346699848,1.038346699847
      ,1.038346699848,1.038346699846,1.038346699849,1.038346699847
      ,1.038346699848,1.038346699847,1.038346699848,1.038346699847
      ,1.038346699848,1.038346699847,1.038346699849,1.038346699845
      ,1.03834669985,1.038346699846,1.038346699848,1.038346699847
      ,1.038346699848,1.038346699848,1.038346699847,1.038346699848
      ,1.038346699847,1.038346699848,1.038346699847,1.038346699848
      ,1.038346699847,1.038346699848,1.038346699848,1.038346699848
      ,1.038346699848,1.038346699847,1.038346699848,1.038346699846
      ,1.038346699849,1.038346699846,1.038346699849,1.038346699847
      ,1.038346699848,1.038346699847,1.038346699848,1.038346699848
      ,1.038346699847,1.038346699848,1.038346699847,1.038346699848
      ,1.038346699847,1.038346699848,1.038346699847,1.038346699848
      ,1.038346699847,1.038346699848,1.038346699847,1.038346699848
      ,1.038346699847,1.038346699849,1.038346699846,1.038346699849
      ,1.038346699846,1.038346699848,1.038346699847,1.038346699848
      ,1.038346699848,1.038346699848,1.038346699847,1.038346699848
      ,1.038346699846,1.038346699849,1.038346699846,1.038346699848
      ,1.038346699847,1.038346699848,1.038346699847,1.038346699848
      ,1.038346699847,1.038346699848,1.038346699847,1.038346699849
      ,1.038346699846,1.038346699849,1.038346699846,1.038346699848
      ,1.038346699847,1.038346699848,1.038346699848)
    ,(0.853534330196,0.853534330196,0.853534330196,0.853534330197
      ,0.853534330195,0.853534330198,0.853534330195,0.853534330197
      ,0.853534330196,0.853534330196,0.853534330196,0.853534330196
      ,0.853534330196,0.853534330196,0.853534330196,0.853534330196
      ,0.853534330196,0.853534330196,0.853534330196,0.853534330196
      ,0.853534330196,0.853534330196,0.853534330196,0.853534330196
      ,0.853534330196,0.853534330197,0.853534330195,0.853534330198
      ,0.853534330194,0.853534330197,0.853534330195,0.853534330196
      ,0.853534330196,0.853534330196,0.853534330196,0.853534330196
      ,0.853534330197,0.853534330194,0.853534330198,0.853534330194
      ,0.853534330198,0.853534330195,0.853534330196,0.853534330196
      ,0.853534330196,0.853534330196,0.853534330196,0.853534330196
      ,0.853534330197,0.853534330196,0.853534330197,0.853534330196
      ,0.853534330196,0.853534330196,0.853534330196,0.853534330196
      ,0.853534330196,0.853534330196,0.853534330197,0.853534330196
      ,0.853534330197,0.853534330196,0.853534330196,0.853534330196
      ,0.853534330196,0.853534330196,0.853534330196,0.853534330196
      ,0.853534330197,0.853534330195,0.853534330198,0.853534330195
      ,0.853534330197,0.853534330196,0.853534330196,0.853534330196
      ,0.853534330197,0.853534330195,0.853534330198,0.853534330194
      ,0.853534330198,0.853534330195,0.853534330197,0.853534330196
      ,0.853534330196,0.853534330196,0.853534330196,0.853534330196
      ,0.853534330197,0.853534330195,0.853534330197,0.853534330195
      ,0.853534330197,0.853534330196,0.853534330196,0.853534330196
      ,0.853534330196,0.853534330196,0.853534330197,0.853534330196
      ,0.853534330197,0.853534330196,0.853534330196,0.853534330196
      ,0.853534330196,0.853534330196,0.853534330196,0.853534330196
      ,0.853534330196,0.853534330197,0.853534330196,0.853534330196
      ,0.853534330196,0.853534330196,0.853534330196,0.853534330196
      ,0.853534330196,0.853534330196,0.853534330196,0.853534330197
      ,0.853534330196,0.853534330197,0.853534330196,0.853534330196
      ,0.853534330196,0.853534330196,0.853534330196,0.853534330197
      ,0.853534330195,0.853534330197,0.853534330195,0.853534330197
      ,0.853534330196,0.853534330196,0.853534330196,0.853534330196
      ,0.853534330196,0.853534330196,0.853534330196,0.853534330197
      ,0.853534330196,0.853534330197,0.853534330196,0.853534330196
      ,0.853534330196,0.853534330196,0.853534330196,0.853534330196
      ,0.853534330196,0.853534330196,0.853534330196,0.853534330196
      ,0.853534330196,0.853534330196,0.853534330196,0.853534330196
      ,0.853534330196,0.853534330195,0.853534330197,0.853534330194
      ,0.853534330198,0.853534330195,0.853534330197,0.853534330196
      ,0.853534330196,0.853534330196,0.853534330196,0.853534330196
      ,0.853534330197,0.853534330195,0.853534330197,0.853534330196
      ,0.853534330196,0.853534330196,0.853534330196,0.853534330196
      ,0.853534330196,0.853534330196,0.853534330196,0.853534330196
      ,0.853534330196,0.853534330196,0.853534330196,0.853534330196
      ,0.853534330196,0.853534330196,0.853534330196,0.853534330196
      ,0.853534330197,0.853534330196,0.853534330197,0.853534330196
      ,0.853534330196,0.853534330196,0.853534330196,0.853534330196
      ,0.853534330196,0.853534330197,0.853534330195,0.853534330197
      ,0.853534330195,0.853534330197,0.853534330196,0.853534330196
      ,0.853534330196,0.853534330196,0.853534330196,0.853534330196
      ,0.853534330196,0.853534330196,0.853534330196,0.853534330196
      ,0.853534330196,0.853534330196,0.853534330196,0.853534330196
      ,0.853534330196,0.853534330196,0.853534330196,0.853534330197
      ,0.853534330196,0.853534330197,0.853534330196,0.853534330196
      ,0.853534330196,0.853534330196,0.853534330196,0.853534330197
      ,0.853534330195,0.853534330197,0.853534330195,0.853534330197
      ,0.853534330196,0.853534330196,0.853534330196,0.853534330196
      ,0.853534330196,0.853534330196,0.853534330197,0.853534330195
      ,0.853534330197,0.853534330195,0.853534330197,0.853534330196
      ,0.853534330196,0.853534330196,0.853534330196,0.853534330196
      ,0.853534330196,0.853534330197,0.853534330195,0.853534330197
      ,0.853534330196,0.853534330196,0.853534330196,0.853534330196
      ,0.853534330196,0.853534330197,0.853534330195,0.853534330198
      ,0.853534330195,0.853534330197,0.853534330196,0.853534330196
      ,0.853534330196,0.853534330196,0.853534330196,0.853534330196
      ,0.853534330196,0.853534330197,0.853534330195,0.853534330197
      ,0.853534330196,0.853534330196,0.853534330196,0.853534330196
      ,0.853534330196,0.853534330196,0.853534330196,0.853534330196
      ,0.853534330196,0.853534330196,0.853534330196,0.853534330196
      ,0.853534330196,0.853534330196,0.853534330196,0.853534330197
      ,0.853534330195,0.853534330197,0.853534330195,0.853534330197
      ,0.853534330196,0.853534330196,0.853534330196,0.853534330196
      ,0.853534330196,0.853534330196,0.853534330196,0.853534330196
      ,0.853534330196,0.853534330196,0.853534330196,0.853534330196
      ,0.853534330196,0.853534330196,0.853534330196,0.853534330197
      ,0.853534330195,0.853534330197,0.853534330195,0.853534330197
      ,0.853534330196,0.853534330196,0.853534330196,0.853534330196
      ,0.853534330196,0.853534330196,0.853534330196,0.853534330197
      ,0.853534330196,0.853534330196,0.853534330196,0.853534330196
      ,0.853534330196,0.853534330196,0.853534330196,0.853534330196
      ,0.853534330197,0.853534330196,0.853534330197,0.853534330196
      ,0.853534330196,0.853534330196,0.853534330196,0.853534330196
      ,0.853534330196,0.853534330197,0.853534330195,0.853534330198
      ,0.853534330195,0.853534330197,0.853534330196,0.853534330196
      ,0.853534330196,0.853534330196,0.853534330196,0.853534330197
      ,0.853534330195,0.853534330197,0.853534330195,0.853534330197
      ,0.853534330196,0.853534330196,0.853534330196,0.853534330196
      ,0.853534330196,0.853534330196,0.853534330196,0.853534330196
      ,0.853534330196,0.853534330196,0.853534330196,0.853534330196
      ,0.853534330196,0.853534330196,0.853534330196,0.853534330197
      ,0.853534330195,0.853534330197,0.853534330195,0.853534330197
      ,0.853534330196,0.853534330196,0.853534330196,0.853534330196
      ,0.853534330196,0.853534330196,0.853534330197,0.853534330195
      ,0.853534330197,0.853534330195,0.853534330197,0.853534330196
      ,0.853534330196,0.853534330196,0.853534330196,0.853534330197
      ,0.853534330195,0.853534330197,0.853534330195,0.853534330197
      ,0.853534330196,0.853534330196,0.853534330196,0.853534330196
      ,0.853534330196,0.853534330196,0.853534330197,0.853534330195
      ,0.853534330197,0.853534330196,0.853534330196,0.853534330196
      ,0.853534330196,0.853534330196,0.853534330196,0.853534330196
      ,0.853534330196,0.853534330196,0.853534330197,0.853534330196
      ,0.853534330196,0.853534330196,0.853534330196,0.853534330196
      ,0.853534330196,0.853534330196,0.853534330196,0.853534330196
      ,0.853534330196,0.853534330196,0.853534330196,0.853534330196
      ,0.853534330196,0.853534330196,0.853534330196,0.853534330196
      ,0.853534330196,0.853534330196,0.853534330196,0.853534330196
      ,0.853534330196,0.853534330196,0.853534330196,0.853534330196
      ,0.853534330196,0.853534330197,0.853534330195,0.853534330198
      ,0.853534330195,0.853534330197,0.853534330195,0.853534330196
      ,0.853534330196,0.853534330196,0.853534330196,0.853534330197
      ,0.853534330195,0.853534330198,0.853534330194,0.853534330198
      ,0.853534330195,0.853534330196,0.853534330196,0.853534330196
      ,0.853534330196,0.853534330197,0.853534330195,0.853534330197
      ,0.853534330196,0.853534330197,0.853534330196,0.853534330196
      ,0.853534330196,0.853534330196,0.853534330196,0.853534330197
      ,0.853534330195,0.853534330198,0.853534330195,0.853534330197
      ,0.853534330196,0.853534330196,0.853534330196,0.853534330196
      ,0.853534330196,0.853534330196,0.853534330196,0.853534330196
      ,0.853534330196,0.853534330196,0.853534330196,0.853534330196
      ,0.853534330196,0.853534330196,0.853534330196,0.853534330197
      ,0.853534330195,0.853534330197,0.853534330195,0.853534330197
      ,0.853534330196,0.853534330196,0.853534330196,0.853534330196
      ,0.853534330196,0.853534330196,0.853534330196,0.853534330196
      ,0.853534330197,0.853534330196,0.853534330196,0.853534330196
      ,0.853534330196,0.853534330196,0.853534330196,0.853534330197
      ,0.853534330195,0.853534330198,0.853534330195,0.853534330197
      ,0.853534330196,0.853534330196,0.853534330196,0.853534330196
      ,0.853534330196,0.853534330196,0.853534330197,0.853534330195
      ,0.853534330197,0.853534330196,0.853534330196,0.853534330196
      ,0.853534330196,0.853534330196,0.853534330196,0.853534330197
      ,0.853534330196,0.853534330197,0.853534330196,0.853534330197
      ,0.853534330196,0.853534330196,0.853534330196,0.853534330196
      ,0.853534330196,0.853534330196,0.853534330196,0.853534330197
      ,0.853534330195,0.853534330197,0.853534330196,0.853534330196
      ,0.853534330196,0.853534330196,0.853534330196,0.853534330197
      ,0.853534330195,0.853534330197,0.853534330195,0.853534330197
      ,0.853534330196,0.853534330196,0.853534330196,0.853534330196
      ,0.853534330196,0.853534330196,0.853534330196,0.853534330196
      ,0.853534330196,0.853534330196,0.853534330196,0.853534330196
      ,0.853534330196,0.853534330196,0.853534330196,0.853534330197
      ,0.853534330195,0.853534330197,0.853534330195,0.853534330197
      ,0.853534330196,0.853534330196,0.853534330196,0.853534330196
      ,0.853534330196,0.853534330196,0.853534330196,0.853534330196
      ,0.853534330196,0.853534330196,0.853534330196,0.853534330196
      ,0.853534330196,0.853534330196,0.853534330196,0.853534330196
      ,0.853534330196,0.853534330197,0.853534330196,0.853534330196
      ,0.853534330196,0.853534330196,0.853534330196,0.853534330196
      ,0.853534330196,0.853534330196,0.853534330196,0.853534330196
      ,0.853534330196,0.853534330196,0.853534330196,0.853534330196
      ,0.853534330196,0.853534330196,0.853534330196,0.853534330197
      ,0.853534330195,0.853534330197,0.853534330195,0.853534330197
      ,0.853534330196,0.853534330196,0.853534330196,0.853534330196
      ,0.853534330196,0.853534330196,0.853534330197,0.853534330195
      ,0.853534330197,0.853534330196,0.853534330196,0.853534330196
      ,0.853534330196,0.853534330196,0.853534330196,0.853534330197
      ,0.853534330195,0.853534330197,0.853534330195,0.853534330197
      ,0.853534330196,0.853534330196,0.853534330196,0.853534330196
      ,0.853534330196,0.853534330196,0.853534330196,0.853534330196
      ,0.853534330197,0.853534330196,0.853534330196,0.853534330196
      ,0.853534330196,0.853534330196,0.853534330196,0.853534330197
      ,0.853534330195,0.853534330198,0.853534330194,0.853534330198
      ,0.853534330195,0.853534330196,0.853534330196,0.853534330196
      ,0.853534330196,0.853534330197,0.853534330195,0.853534330198
      ,0.853534330195,0.853534330197,0.853534330195,0.853534330196
      ,0.853534330196,0.853534330196,0.853534330196,0.853534330197
      ,0.853534330195,0.853534330198,0.853534330195,0.853534330197
      ,0.853534330196,0.853534330196,0.853534330196,0.853534330196
      ,0.853534330196,0.853534330196,0.853534330196,0.853534330196
      ,0.853534330196,0.853534330196,0.853534330196,0.853534330196
      ,0.853534330196,0.853534330196,0.853534330196,0.853534330197
      ,0.853534330195,0.853534330197,0.853534330195,0.853534330197
      ,0.853534330196,0.853534330196,0.853534330196,0.853534330196
      ,0.853534330196,0.853534330196,0.853534330197,0.853534330196
      ,0.853534330197,0.853534330196,0.853534330196,0.853534330196
      ,0.853534330196,0.853534330196,0.853534330196,0.853534330197
      ,0.853534330195,0.853534330198,0.853534330194,0.853534330197
      ,0.853534330195,0.853534330196,0.853534330196,0.853534330196
      ,0.853534330196,0.853534330197,0.853534330195,0.853534330197
      ,0.853534330195,0.853534330197,0.853534330196,0.853534330196
      ,0.853534330196,0.853534330196,0.853534330196,0.853534330197
      ,0.853534330196,0.853534330197,0.853534330196,0.853534330197
      ,0.853534330196,0.853534330196,0.853534330196,0.853534330196
      ,0.853534330196,0.853534330197,0.853534330196,0.853534330197
      ,0.853534330196,0.853534330197,0.853534330196,0.853534330196
      ,0.853534330196,0.853534330196,0.853534330196,0.853534330197
      ,0.853534330195,0.853534330197,0.853534330195,0.853534330197
      ,0.853534330196,0.853534330196,0.853534330196,0.853534330196
      ,0.853534330196,0.853534330197,0.853534330196,0.853534330197
      ,0.853534330195,0.853534330197,0.853534330196,0.853534330196
      ,0.853534330196,0.853534330196,0.853534330196,0.853534330196
      ,0.853534330196,0.853534330196,0.853534330196,0.853534330196
      ,0.853534330196,0.853534330196,0.853534330196,0.853534330196
      ,0.853534330197,0.853534330195,0.853534330198,0.853534330194
      ,0.853534330198,0.853534330195,0.853534330197,0.853534330196
      ,0.853534330196,0.853534330196,0.853534330196,0.853534330197
      ,0.853534330195,0.853534330198,0.853534330195,0.853534330197
      ,0.853534330196,0.853534330196,0.853534330196,0.853534330196
      ,0.853534330196,0.853534330196,0.853534330196,0.853534330197
      ,0.853534330196,0.853534330196,0.853534330196,0.853534330196
      ,0.853534330196,0.853534330196,0.853534330196,0.853534330196
      ,0.853534330197,0.853534330195,0.853534330197,0.853534330195
      ,0.853534330197,0.853534330196,0.853534330196,0.853534330196
      ,0.853534330196,0.853534330195,0.853534330197,0.853534330195
      ,0.853534330198,0.853534330195,0.853534330197,0.853534330196
      ,0.853534330196,0.853534330196,0.853534330196,0.853534330197
      ,0.853534330195,0.853534330197,0.853534330195,0.853534330197
      ,0.853534330196,0.853534330196,0.853534330196,0.853534330196
      ,0.853534330196,0.853534330196,0.853534330197,0.853534330195
      ,0.853534330197,0.853534330195,0.853534330197,0.853534330196
      ,0.853534330196,0.853534330196,0.853534330196,0.853534330196
      ,0.853534330196,0.853534330196,0.853534330196,0.853534330196
      ,0.853534330196,0.853534330196,0.853534330196,0.853534330196
      ,0.853534330196,0.853534330196,0.853534330196,0.853534330196
      ,0.853534330196,0.853534330196,0.853534330196,0.853534330197
      ,0.853534330196,0.853534330196,0.853534330196,0.853534330196
      ,0.853534330196,0.853534330196,0.853534330196,0.853534330196
      ,0.853534330196,0.853534330197,0.853534330195,0.853534330197
      ,0.853534330196,0.853534330196,0.853534330196,0.853534330196
      ,0.853534330196,0.853534330196,0.853534330196,0.853534330197
      ,0.853534330195,0.853534330197,0.853534330195,0.853534330197
      ,0.853534330196,0.853534330196,0.853534330196)
    ,(1.038346699848,1.038346699848,1.038346699847,1.038346699848
      ,1.038346699846,1.038346699849,1.038346699846,1.038346699849
      ,1.038346699847,1.038346699848,1.038346699847,1.038346699848
      ,1.038346699847,1.038346699848,1.038346699847,1.038346699848
      ,1.038346699847,1.038346699848,1.038346699847,1.038346699848
      ,1.038346699847,1.038346699848,1.038346699848,1.038346699848
      ,1.038346699847,1.038346699848,1.038346699846,1.03834669985
      ,1.038346699846,1.038346699849,1.038346699847,1.038346699848
      ,1.038346699847,1.038346699848,1.038346699848,1.038346699847
      ,1.038346699849,1.038346699846,1.03834669985,1.038346699845
      ,1.038346699849,1.038346699847,1.038346699848,1.038346699847
      ,1.038346699848,1.038346699847,1.038346699848,1.038346699847
      ,1.038346699848,1.038346699847,1.038346699848,1.038346699847
      ,1.038346699848,1.038346699847,1.038346699848,1.038346699847
      ,1.038346699847,1.038346699848,1.038346699847,1.038346699848
      ,1.038346699847,1.038346699848,1.038346699847,1.038346699848
      ,1.038346699848,1.038346699847,1.038346699848,1.038346699847
      ,1.038346699849,1.038346699845,1.03834669985,1.038346699846
      ,1.038346699848,1.038346699847,1.038346699848,1.038346699847
      ,1.038346699848,1.038346699846,1.03834669985,1.038346699845
      ,1.03834669985,1.038346699846,1.038346699848,1.038346699847
      ,1.038346699848,1.038346699847,1.038346699848,1.038346699847
      ,1.038346699849,1.038346699846,1.038346699849,1.038346699846
      ,1.038346699848,1.038346699847,1.038346699848,1.038346699848
      ,1.038346699847,1.038346699848,1.038346699847,1.038346699848
      ,1.038346699847,1.038346699848,1.038346699847,1.038346699848
      ,1.038346699847,1.038346699848,1.038346699847,1.038346699848
      ,1.038346699847,1.038346699849,1.038346699847,1.038346699848
      ,1.038346699847,1.038346699848,1.038346699847,1.038346699848
      ,1.038346699847,1.038346699848,1.038346699847,1.038346699849
      ,1.038346699846,1.038346699848,1.038346699847,1.038346699848
      ,1.038346699847,1.038346699848,1.038346699847,1.038346699848
      ,1.038346699846,1.038346699849,1.038346699846,1.038346699848
      ,1.038346699847,1.038346699848,1.038346699847,1.038346699848
      ,1.038346699847,1.038346699848,1.038346699847,1.038346699848
      ,1.038346699848,1.038346699848,1.038346699847,1.038346699848
      ,1.038346699848,1.038346699848,1.038346699847,1.038346699848
      ,1.038346699847,1.038346699848,1.038346699847,1.038346699847
      ,1.038346699848,1.038346699847,1.038346699848,1.038346699847
      ,1.038346699848,1.038346699847,1.038346699849,1.038346699846
      ,1.038346699849,1.038346699846,1.038346699848,1.038346699847
      ,1.038346699848,1.038346699847,1.038346699848,1.038346699847
      ,1.038346699848,1.038346699846,1.038346699848,1.038346699847
      ,1.038346699848,1.038346699847,1.038346699848,1.038346699847
      ,1.038346699848,1.038346699848,1.038346699847,1.038346699848
      ,1.038346699847,1.038346699848,1.038346699847,1.038346699848
      ,1.038346699848,1.038346699847,1.038346699848,1.038346699847
      ,1.038346699848,1.038346699847,1.038346699848,1.038346699847
      ,1.038346699848,1.038346699847,1.038346699848,1.038346699848
      ,1.038346699847,1.038346699848,1.038346699847,1.038346699848
      ,1.038346699847,1.038346699848,1.038346699847,1.038346699848
      ,1.038346699848,1.038346699848,1.038346699847,1.038346699848
      ,1.038346699847,1.038346699848,1.038346699847,1.038346699848
      ,1.038346699847,1.038346699848,1.038346699847,1.038346699847
      ,1.038346699848,1.038346699847,1.038346699848,1.038346699847
      ,1.038346699848,1.038346699847,1.038346699848,1.038346699848
      ,1.038346699847,1.038346699848,1.038346699847,1.038346699848
      ,1.038346699847,1.038346699849,1.038346699847,1.038346699848
      ,1.038346699847,1.038346699848,1.038346699848,1.038346699847
      ,1.038346699848,1.038346699847,1.038346699848,1.038346699847
      ,1.038346699848,1.038346699847,1.038346699848,1.038346699847
      ,1.038346699848,1.038346699848,1.038346699847,1.038346699848
      ,1.038346699847,1.038346699848,1.038346699847,1.038346699848
      ,1.038346699847,1.038346699848,1.038346699847,1.038346699848
      ,1.038346699847,1.038346699848,1.038346699847,1.038346699848
      ,1.038346699847,1.038346699848,1.038346699847,1.038346699848
      ,1.038346699848,1.038346699847,1.038346699848,1.038346699847
      ,1.038346699848,1.038346699847,1.038346699848,1.038346699847
      ,1.038346699848,1.038346699847,1.038346699848,1.038346699847
      ,1.038346699848,1.038346699847,1.038346699848,1.038346699847
      ,1.038346699848,1.038346699848,1.038346699847,1.038346699848
      ,1.038346699847,1.038346699848,1.038346699847,1.038346699848
      ,1.038346699847,1.038346699848,1.038346699847,1.038346699848
      ,1.038346699847,1.038346699848,1.038346699848,1.038346699847
      ,1.038346699848,1.038346699847,1.038346699848,1.038346699847
      ,1.038346699848,1.038346699848,1.038346699847,1.038346699848
      ,1.038346699847,1.038346699848,1.038346699847,1.038346699848
      ,1.038346699847,1.038346699848,1.038346699847,1.038346699848
      ,1.038346699847,1.038346699848,1.038346699847,1.038346699848
      ,1.038346699847,1.038346699848,1.038346699847,1.038346699848
      ,1.038346699847,1.038346699848,1.038346699847,1.038346699848
      ,1.038346699847,1.038346699848,1.038346699847,1.038346699848
      ,1.038346699848,1.038346699847,1.038346699848,1.038346699847
      ,1.038346699847,1.038346699848,1.038346699847,1.038346699848
      ,1.038346699847,1.038346699848,1.038346699846,1.038346699849
      ,1.038346699846,1.038346699849,1.038346699847,1.038346699848
      ,1.038346699847,1.038346699848,1.038346699847,1.038346699848
      ,1.038346699847,1.038346699848,1.038346699847,1.038346699847
      ,1.038346699848,1.038346699847,1.038346699848,1.038346699848
      ,1.038346699847,1.038346699847,1.038346699848,1.038346699847
      ,1.038346699848,1.038346699847,1.038346699848,1.038346699848
      ,1.038346699847,1.038346699848,1.038346699847,1.038346699848
      ,1.038346699847,1.038346699848,1.038346699847,1.038346699848
      ,1.038346699847,1.038346699847,1.038346699848,1.038346699847
      ,1.038346699848,1.038346699847,1.038346699849,1.038346699846
      ,1.038346699849,1.038346699846,1.038346699848,1.038346699847
      ,1.038346699848,1.038346699848,1.038346699847,1.038346699848
      ,1.038346699846,1.038346699849,1.038346699846,1.038346699849
      ,1.038346699847,1.038346699848,1.038346699847,1.038346699848
      ,1.038346699848,1.038346699847,1.038346699848,1.038346699847
      ,1.038346699847,1.038346699848,1.038346699847,1.038346699848
      ,1.038346699847,1.038346699848,1.038346699848,1.038346699847
      ,1.038346699848,1.038346699847,1.038346699848,1.038346699847
      ,1.038346699848,1.038346699847,1.038346699848,1.038346699847
      ,1.038346699848,1.038346699847,1.038346699848,1.038346699847
      ,1.038346699848,1.038346699847,1.038346699848,1.038346699847
      ,1.038346699848,1.038346699848,1.038346699847,1.038346699848
      ,1.038346699847,1.038346699849,1.038346699846,1.038346699848
      ,1.038346699847,1.038346699848,1.038346699847,1.038346699848
      ,1.038346699847,1.038346699848,1.038346699847,1.038346699849
      ,1.038346699847,1.038346699848,1.038346699847,1.038346699848
      ,1.038346699847,1.038346699848,1.038346699847,1.038346699849
      ,1.038346699845,1.03834669985,1.038346699845,1.038346699849
      ,1.038346699846,1.038346699848,1.038346699847,1.038346699848
      ,1.038346699847,1.038346699848,1.038346699846,1.038346699849
      ,1.038346699846,1.038346699848,1.038346699847,1.038346699848
      ,1.038346699847,1.038346699848,1.038346699847,1.038346699848
      ,1.038346699847,1.038346699848,1.038346699847,1.038346699848
      ,1.038346699847,1.038346699848,1.038346699848,1.038346699847
      ,1.038346699848,1.038346699847,1.038346699848,1.038346699847
      ,1.038346699848,1.038346699847,1.038346699848,1.038346699847
      ,1.038346699848,1.038346699848,1.038346699847,1.038346699848
      ,1.038346699847,1.038346699848,1.038346699847,1.038346699848
      ,1.038346699847,1.038346699848,1.038346699847,1.038346699848
      ,1.038346699847,1.038346699848,1.038346699848,1.038346699847
      ,1.038346699848,1.038346699847,1.038346699848,1.038346699848
      ,1.038346699847,1.038346699848,1.038346699847,1.038346699849
      ,1.038346699845,1.03834669985,1.038346699845,1.038346699849
      ,1.038346699846,1.038346699848,1.038346699847,1.038346699848
      ,1.038346699848,1.038346699847,1.038346699848,1.038346699847
      ,1.038346699848,1.038346699847,1.038346699848,1.038346699847
      ,1.038346699847,1.038346699848,1.038346699847,1.038346699848
      ,1.038346699846,1.038346699849,1.038346699846,1.038346699849
      ,1.038346699847,1.038346699848,1.038346699847,1.038346699848
      ,1.038346699847,1.038346699848,1.038346699847,1.038346699848
      ,1.038346699847,1.038346699848,1.038346699847,1.038346699848
      ,1.038346699847,1.038346699848,1.038346699847,1.038346699848
      ,1.038346699846,1.038346699849,1.038346699846,1.038346699848
      ,1.038346699847,1.038346699848,1.038346699847,1.038346699848
      ,1.038346699847,1.038346699848,1.038346699847,1.038346699848
      ,1.038346699847,1.038346699848,1.038346699847,1.038346699848
      ,1.038346699847,1.038346699848,1.038346699847,1.038346699848
      ,1.038346699847,1.038346699848,1.038346699847,1.038346699848
      ,1.038346699847,1.038346699848,1.038346699848,1.038346699848
      ,1.038346699848,1.038346699847,1.038346699848,1.038346699847
      ,1.038346699848,1.038346699847,1.038346699848,1.038346699847
      ,1.038346699848,1.038346699848,1.038346699848,1.038346699847
      ,1.038346699848,1.038346699847,1.038346699848,1.038346699847
      ,1.038346699848,1.038346699847,1.038346699848,1.038346699847
      ,1.038346699848,1.038346699847,1.038346699848,1.038346699847
      ,1.038346699848,1.038346699847,1.038346699848,1.038346699847
      ,1.038346699847,1.038346699848,1.038346699847,1.038346699848
      ,1.038346699846,1.038346699849,1.038346699846,1.038346699849
      ,1.038346699847,1.038346699848,1.038346699847,1.038346699847
      ,1.038346699848,1.038346699847,1.038346699848,1.038346699846
      ,1.038346699849,1.038346699847,1.038346699848,1.038346699847
      ,1.038346699847,1.038346699848,1.038346699847,1.038346699849
      ,1.038346699846,1.03834669985,1.038346699845,1.038346699849
      ,1.038346699847,1.038346699848,1.038346699847,1.038346699848
      ,1.038346699848,1.038346699847,1.038346699848,1.038346699847
      ,1.038346699848,1.038346699847,1.038346699848,1.038346699847
      ,1.038346699847,1.038346699848,1.038346699847,1.038346699849
      ,1.038346699845,1.03834669985,1.038346699845,1.03834669985
      ,1.038346699846,1.038346699848,1.038346699847,1.038346699848
      ,1.038346699847,1.038346699848,1.038346699846,1.038346699849
      ,1.038346699846,1.038346699849,1.038346699847,1.038346699848
      ,1.038346699847,1.038346699848,1.038346699847,1.038346699849
      ,1.038346699846,1.038346699849,1.038346699846,1.038346699849
      ,1.038346699847,1.038346699848,1.038346699847,1.038346699848
      ,1.038346699847,1.038346699848,1.038346699847,1.038346699848
      ,1.038346699847,1.038346699848,1.038346699847,1.038346699848
      ,1.038346699847,1.038346699848,1.038346699847,1.038346699848
      ,1.038346699846,1.038346699849,1.038346699846,1.038346699848
      ,1.038346699847,1.038346699848,1.038346699847,1.038346699847
      ,1.038346699848,1.038346699847,1.038346699848,1.038346699847
      ,1.038346699848,1.038346699847,1.038346699848,1.038346699847
      ,1.038346699847,1.038346699848,1.038346699847,1.038346699849
      ,1.038346699845,1.03834669985,1.038346699845,1.038346699849
      ,1.038346699846,1.038346699848,1.038346699847,1.038346699848
      ,1.038346699847,1.038346699848,1.038346699846,1.038346699849
      ,1.038346699846,1.038346699848,1.038346699847,1.038346699848
      ,1.038346699847,1.038346699848,1.038346699847,1.038346699848
      ,1.038346699847,1.038346699848,1.038346699847,1.038346699848
      ,1.038346699847,1.038346699848,1.038346699847,1.038346699848
      ,1.038346699847,1.038346699848,1.038346699847,1.038346699848
      ,1.038346699847,1.038346699848,1.038346699847,1.038346699848
      ,1.038346699847,1.038346699848,1.038346699847,1.038346699848
      ,1.038346699846,1.038346699849,1.038346699846,1.038346699849
      ,1.038346699847,1.038346699848,1.038346699847,1.038346699848
      ,1.038346699847,1.038346699848,1.038346699847,1.038346699848
      ,1.038346699847,1.038346699848,1.038346699847,1.038346699848
      ,1.038346699848,1.038346699847,1.038346699848,1.038346699847
      ,1.038346699848,1.038346699847,1.038346699848,1.038346699847
      ,1.038346699848,1.038346699847,1.038346699848,1.038346699847
      ,1.038346699848,1.038346699847,1.038346699849,1.038346699845
      ,1.038346699849,1.038346699846,1.038346699848,1.038346699847
      ,1.038346699848,1.038346699848,1.038346699847,1.038346699849
      ,1.038346699846,1.03834669985,1.038346699845,1.038346699849
      ,1.038346699847,1.038346699848,1.038346699847,1.038346699848
      ,1.038346699847,1.038346699848,1.038346699846,1.038346699849
      ,1.038346699846,1.038346699848,1.038346699847,1.038346699848
      ,1.038346699847,1.038346699847,1.038346699848,1.038346699847
      ,1.038346699848,1.038346699847,1.038346699848,1.038346699847
      ,1.038346699848,1.038346699847,1.038346699848,1.038346699847
      ,1.038346699848,1.038346699847,1.038346699849,1.038346699846
      ,1.038346699849,1.038346699846,1.038346699848,1.038346699847
      ,1.038346699848,1.038346699848,1.038346699847,1.038346699848
      ,1.038346699847,1.038346699848,1.038346699847,1.038346699848
      ,1.038346699847,1.038346699848,1.038346699847,1.038346699848
      ,1.038346699848,1.038346699847,1.038346699848,1.038346699847
      ,1.038346699849,1.038346699846,1.038346699848,1.038346699847
      ,1.038346699848,1.038346699847,1.038346699848,1.038346699848
      ,1.038346699848,1.038346699847,1.038346699848,1.038346699847
      ,1.038346699848,1.038346699847,1.038346699848,1.038346699847
      ,1.038346699848,1.038346699848,1.038346699847,1.038346699848
      ,1.038346699847,1.038346699848,1.038346699846,1.038346699849
      ,1.038346699846,1.038346699848,1.038346699847,1.038346699848
      ,1.038346699848,1.038346699848,1.038346699847,1.038346699848
      ,1.038346699847,1.038346699849,1.038346699847,1.038346699848
      ,1.038346699847,1.038346699848,1.038346699847,1.038346699848
      ,1.038346699847,1.038346699848,1.038346699847,1.038346699849
      ,1.038346699846,1.038346699849,1.038346699846,1.038346699848
      ,1.038346699847,1.038346699848,1.038346699848)
    ,(1.03672962321,1.03672962321,1.036729623209,1.03672962321
      ,1.036729623208,1.036729623211,1.036729623208,1.036729623211
      ,1.036729623209,1.03672962321,1.03672962321,1.03672962321
      ,1.03672962321,1.03672962321,1.036729623209,1.03672962321
      ,1.036729623209,1.03672962321,1.036729623209,1.03672962321
      ,1.03672962321,1.03672962321,1.03672962321,1.03672962321
      ,1.036729623209,1.036729623211,1.036729623208,1.036729623212
      ,1.036729623208,1.036729623211,1.036729623209,1.03672962321
      ,1.03672962321,1.03672962321,1.03672962321,1.036729623209
      ,1.036729623211,1.036729623208,1.036729623212,1.036729623208
      ,1.036729623211,1.036729623209,1.03672962321,1.03672962321
      ,1.03672962321,1.03672962321,1.03672962321,1.036729623209
      ,1.03672962321,1.036729623209,1.03672962321,1.036729623209
      ,1.03672962321,1.03672962321,1.03672962321,1.03672962321
      ,1.03672962321,1.03672962321,1.03672962321,1.03672962321
      ,1.036729623209,1.03672962321,1.03672962321,1.03672962321
      ,1.03672962321,1.03672962321,1.03672962321,1.036729623209
      ,1.03672962321,1.036729623209,1.03672962321,1.036729623209
      ,1.03672962321,1.036729623209,1.03672962321,1.03672962321
      ,1.03672962321,1.036729623208,1.036729623212,1.036729623207
      ,1.036729623212,1.036729623208,1.036729623211,1.036729623209
      ,1.03672962321,1.03672962321,1.03672962321,1.036729623209
      ,1.03672962321,1.036729623209,1.03672962321,1.036729623209
      ,1.03672962321,1.03672962321,1.03672962321,1.03672962321
      ,1.03672962321,1.03672962321,1.03672962321,1.03672962321
      ,1.03672962321,1.03672962321,1.03672962321,1.03672962321
      ,1.03672962321,1.03672962321,1.036729623209,1.03672962321
      ,1.036729623209,1.03672962321,1.036729623209,1.03672962321
      ,1.03672962321,1.03672962321,1.03672962321,1.03672962321
      ,1.03672962321,1.03672962321,1.036729623209,1.03672962321
      ,1.036729623209,1.03672962321,1.036729623209,1.03672962321
      ,1.03672962321,1.03672962321,1.036729623209,1.03672962321
      ,1.036729623209,1.03672962321,1.03672962321,1.036729623209
      ,1.03672962321,1.03672962321,1.03672962321,1.03672962321
      ,1.03672962321,1.03672962321,1.03672962321,1.03672962321
      ,1.03672962321,1.03672962321,1.03672962321,1.03672962321
      ,1.03672962321,1.03672962321,1.03672962321,1.03672962321
      ,1.036729623209,1.03672962321,1.036729623209,1.03672962321
      ,1.03672962321,1.03672962321,1.03672962321,1.03672962321
      ,1.03672962321,1.036729623209,1.036729623211,1.036729623208
      ,1.036729623211,1.036729623208,1.03672962321,1.036729623209
      ,1.03672962321,1.03672962321,1.03672962321,1.036729623209
      ,1.036729623211,1.036729623208,1.036729623211,1.036729623209
      ,1.03672962321,1.036729623209,1.03672962321,1.03672962321
      ,1.036729623209,1.03672962321,1.036729623209,1.036729623211
      ,1.036729623209,1.03672962321,1.036729623209,1.03672962321
      ,1.03672962321,1.03672962321,1.03672962321,1.03672962321
      ,1.03672962321,1.03672962321,1.036729623209,1.03672962321
      ,1.036729623209,1.03672962321,1.03672962321,1.03672962321
      ,1.036729623209,1.03672962321,1.036729623209,1.03672962321
      ,1.036729623209,1.03672962321,1.03672962321,1.03672962321
      ,1.03672962321,1.03672962321,1.03672962321,1.036729623209
      ,1.03672962321,1.036729623209,1.03672962321,1.03672962321
      ,1.03672962321,1.03672962321,1.03672962321,1.03672962321
      ,1.036729623209,1.03672962321,1.036729623209,1.036729623211
      ,1.036729623208,1.036729623211,1.036729623209,1.03672962321
      ,1.03672962321,1.03672962321,1.036729623209,1.03672962321
      ,1.036729623209,1.036729623211,1.036729623209,1.03672962321
      ,1.036729623209,1.03672962321,1.03672962321,1.03672962321
      ,1.03672962321,1.036729623209,1.036729623211,1.036729623208
      ,1.036729623211,1.036729623208,1.03672962321,1.036729623209
      ,1.03672962321,1.03672962321,1.036729623209,1.03672962321
      ,1.036729623209,1.036729623211,1.036729623208,1.036729623211
      ,1.036729623209,1.03672962321,1.03672962321,1.03672962321
      ,1.036729623209,1.036729623211,1.036729623208,1.036729623211
      ,1.036729623208,1.036729623211,1.036729623209,1.03672962321
      ,1.03672962321,1.03672962321,1.036729623209,1.03672962321
      ,1.036729623209,1.036729623211,1.036729623209,1.03672962321
      ,1.036729623209,1.03672962321,1.03672962321,1.03672962321
      ,1.03672962321,1.03672962321,1.03672962321,1.03672962321
      ,1.036729623209,1.03672962321,1.036729623209,1.03672962321
      ,1.03672962321,1.03672962321,1.036729623209,1.03672962321
      ,1.036729623208,1.036729623211,1.036729623208,1.036729623211
      ,1.036729623209,1.03672962321,1.03672962321,1.03672962321
      ,1.03672962321,1.036729623209,1.03672962321,1.036729623209
      ,1.03672962321,1.036729623209,1.03672962321,1.03672962321
      ,1.03672962321,1.03672962321,1.036729623209,1.03672962321
      ,1.036729623208,1.036729623211,1.036729623208,1.036729623211
      ,1.036729623209,1.03672962321,1.03672962321,1.03672962321
      ,1.036729623209,1.03672962321,1.036729623209,1.03672962321
      ,1.036729623209,1.03672962321,1.036729623209,1.03672962321
      ,1.03672962321,1.03672962321,1.03672962321,1.036729623209
      ,1.03672962321,1.036729623209,1.03672962321,1.036729623209
      ,1.03672962321,1.03672962321,1.03672962321,1.03672962321
      ,1.036729623209,1.03672962321,1.036729623208,1.036729623211
      ,1.036729623208,1.036729623211,1.036729623209,1.03672962321
      ,1.03672962321,1.03672962321,1.036729623209,1.03672962321
      ,1.036729623209,1.03672962321,1.036729623209,1.03672962321
      ,1.036729623209,1.03672962321,1.03672962321,1.03672962321
      ,1.03672962321,1.03672962321,1.03672962321,1.03672962321
      ,1.03672962321,1.03672962321,1.03672962321,1.03672962321
      ,1.03672962321,1.03672962321,1.036729623209,1.03672962321
      ,1.036729623209,1.036729623211,1.036729623209,1.03672962321
      ,1.036729623209,1.03672962321,1.03672962321,1.03672962321
      ,1.03672962321,1.036729623209,1.03672962321,1.036729623209
      ,1.036729623211,1.036729623209,1.03672962321,1.036729623209
      ,1.03672962321,1.03672962321,1.036729623209,1.03672962321
      ,1.036729623209,1.036729623211,1.036729623208,1.036729623211
      ,1.036729623209,1.03672962321,1.03672962321,1.03672962321
      ,1.03672962321,1.036729623209,1.03672962321,1.036729623209
      ,1.03672962321,1.036729623209,1.03672962321,1.03672962321
      ,1.03672962321,1.03672962321,1.03672962321,1.03672962321
      ,1.03672962321,1.036729623209,1.03672962321,1.036729623209
      ,1.03672962321,1.03672962321,1.03672962321,1.03672962321
      ,1.03672962321,1.036729623209,1.03672962321,1.036729623209
      ,1.03672962321,1.036729623209,1.03672962321,1.03672962321
      ,1.03672962321,1.03672962321,1.036729623209,1.03672962321
      ,1.036729623209,1.036729623211,1.036729623209,1.03672962321
      ,1.036729623209,1.03672962321,1.03672962321,1.03672962321
      ,1.036729623209,1.036729623211,1.036729623208,1.036729623212
      ,1.036729623207,1.036729623211,1.036729623209,1.03672962321
      ,1.036729623209,1.03672962321,1.036729623209,1.036729623211
      ,1.036729623208,1.036729623212,1.036729623207,1.036729623211
      ,1.036729623209,1.03672962321,1.03672962321,1.03672962321
      ,1.036729623209,1.03672962321,1.036729623209,1.036729623211
      ,1.036729623209,1.03672962321,1.036729623209,1.03672962321
      ,1.03672962321,1.03672962321,1.036729623209,1.03672962321
      ,1.036729623208,1.036729623211,1.036729623208,1.036729623211
      ,1.036729623209,1.03672962321,1.03672962321,1.03672962321
      ,1.036729623209,1.03672962321,1.036729623209,1.03672962321
      ,1.036729623209,1.03672962321,1.036729623209,1.03672962321
      ,1.03672962321,1.03672962321,1.036729623209,1.03672962321
      ,1.036729623209,1.036729623211,1.036729623208,1.036729623211
      ,1.036729623209,1.03672962321,1.03672962321,1.03672962321
      ,1.03672962321,1.03672962321,1.03672962321,1.03672962321
      ,1.03672962321,1.03672962321,1.03672962321,1.03672962321
      ,1.03672962321,1.03672962321,1.036729623209,1.03672962321
      ,1.036729623208,1.036729623211,1.036729623208,1.036729623211
      ,1.036729623209,1.03672962321,1.03672962321,1.03672962321
      ,1.03672962321,1.036729623209,1.03672962321,1.036729623209
      ,1.036729623211,1.036729623209,1.03672962321,1.036729623209
      ,1.03672962321,1.03672962321,1.036729623209,1.03672962321
      ,1.036729623209,1.03672962321,1.036729623209,1.03672962321
      ,1.036729623209,1.03672962321,1.03672962321,1.03672962321
      ,1.03672962321,1.036729623209,1.03672962321,1.036729623209
      ,1.03672962321,1.036729623209,1.03672962321,1.03672962321
      ,1.03672962321,1.03672962321,1.036729623209,1.036729623211
      ,1.036729623208,1.036729623212,1.036729623208,1.036729623211
      ,1.036729623209,1.03672962321,1.03672962321,1.03672962321
      ,1.03672962321,1.03672962321,1.03672962321,1.03672962321
      ,1.03672962321,1.03672962321,1.03672962321,1.03672962321
      ,1.03672962321,1.03672962321,1.036729623209,1.03672962321
      ,1.036729623209,1.03672962321,1.036729623209,1.03672962321
      ,1.036729623209,1.03672962321,1.03672962321,1.03672962321
      ,1.03672962321,1.036729623209,1.03672962321,1.036729623209
      ,1.036729623211,1.036729623209,1.03672962321,1.036729623209
      ,1.03672962321,1.03672962321,1.03672962321,1.03672962321
      ,1.036729623209,1.03672962321,1.036729623209,1.03672962321
      ,1.03672962321,1.03672962321,1.03672962321,1.03672962321
      ,1.03672962321,1.03672962321,1.036729623209,1.03672962321
      ,1.036729623209,1.03672962321,1.036729623209,1.03672962321
      ,1.03672962321,1.03672962321,1.036729623209,1.03672962321
      ,1.036729623208,1.036729623211,1.036729623209,1.03672962321
      ,1.036729623209,1.03672962321,1.03672962321,1.03672962321
      ,1.03672962321,1.036729623209,1.036729623211,1.036729623208
      ,1.036729623211,1.036729623209,1.03672962321,1.03672962321
      ,1.03672962321,1.03672962321,1.036729623209,1.03672962321
      ,1.036729623208,1.036729623211,1.036729623208,1.03672962321
      ,1.036729623209,1.03672962321,1.03672962321,1.03672962321
      ,1.03672962321,1.03672962321,1.03672962321,1.036729623209
      ,1.03672962321,1.036729623209,1.03672962321,1.03672962321
      ,1.03672962321,1.03672962321,1.036729623209,1.03672962321
      ,1.036729623208,1.036729623212,1.036729623208,1.036729623211
      ,1.036729623209,1.03672962321,1.03672962321,1.03672962321
      ,1.036729623209,1.03672962321,1.036729623209,1.036729623211
      ,1.036729623208,1.036729623211,1.036729623209,1.03672962321
      ,1.03672962321,1.03672962321,1.036729623209,1.036729623211
      ,1.036729623208,1.036729623212,1.036729623208,1.036729623211
      ,1.036729623209,1.03672962321,1.03672962321,1.03672962321
      ,1.036729623209,1.03672962321,1.036729623209,1.03672962321
      ,1.036729623209,1.03672962321,1.036729623209,1.03672962321
      ,1.03672962321,1.03672962321,1.036729623209,1.036729623211
      ,1.036729623208,1.036729623211,1.036729623208,1.036729623211
      ,1.036729623209,1.03672962321,1.03672962321,1.03672962321
      ,1.03672962321,1.036729623209,1.03672962321,1.036729623209
      ,1.036729623211,1.036729623209,1.03672962321,1.036729623209
      ,1.03672962321,1.03672962321,1.036729623209,1.036729623211
      ,1.036729623207,1.036729623213,1.036729623206,1.036729623212
      ,1.036729623208,1.03672962321,1.036729623209,1.03672962321
      ,1.036729623209,1.03672962321,1.036729623209,1.036729623211
      ,1.036729623209,1.03672962321,1.036729623209,1.03672962321
      ,1.03672962321,1.03672962321,1.036729623209,1.03672962321
      ,1.036729623209,1.03672962321,1.036729623209,1.03672962321
      ,1.036729623209,1.03672962321,1.03672962321,1.03672962321
      ,1.036729623209,1.03672962321,1.036729623209,1.03672962321
      ,1.036729623209,1.03672962321,1.036729623209,1.03672962321
      ,1.03672962321,1.03672962321,1.036729623209,1.03672962321
      ,1.036729623208,1.036729623211,1.036729623208,1.036729623211
      ,1.036729623209,1.03672962321,1.03672962321,1.03672962321
      ,1.036729623209,1.03672962321,1.036729623209,1.036729623211
      ,1.036729623208,1.036729623211,1.036729623209,1.03672962321
      ,1.03672962321,1.03672962321,1.03672962321,1.03672962321
      ,1.03672962321,1.03672962321,1.036729623209,1.03672962321
      ,1.03672962321,1.03672962321,1.03672962321,1.03672962321
      ,1.03672962321,1.036729623209,1.036729623211,1.036729623208
      ,1.036729623211,1.036729623209,1.03672962321,1.036729623209
      ,1.03672962321,1.03672962321,1.036729623209,1.03672962321
      ,1.036729623209,1.036729623211,1.036729623209,1.03672962321
      ,1.036729623209,1.03672962321,1.03672962321,1.03672962321
      ,1.036729623209,1.03672962321,1.036729623209,1.03672962321
      ,1.036729623209,1.03672962321,1.03672962321,1.03672962321
      ,1.03672962321,1.03672962321,1.03672962321,1.036729623209
      ,1.036729623211,1.036729623207,1.036729623212,1.036729623208
      ,1.036729623211,1.036729623209,1.03672962321,1.03672962321
      ,1.03672962321,1.036729623209,1.036729623212,1.036729623207
      ,1.036729623212,1.036729623208,1.03672962321,1.036729623209
      ,1.03672962321,1.03672962321,1.036729623209,1.03672962321
      ,1.036729623209,1.036729623211,1.036729623209,1.03672962321
      ,1.036729623209,1.03672962321,1.03672962321,1.03672962321
      ,1.03672962321,1.036729623209,1.03672962321,1.036729623209
      ,1.03672962321,1.036729623209,1.03672962321,1.036729623209
      ,1.03672962321,1.03672962321,1.03672962321,1.03672962321
      ,1.03672962321,1.036729623209,1.03672962321,1.036729623209
      ,1.03672962321,1.036729623209,1.03672962321,1.03672962321
      ,1.03672962321,1.03672962321,1.03672962321,1.03672962321
      ,1.036729623209,1.036729623211,1.036729623208,1.036729623211
      ,1.036729623208,1.03672962321,1.036729623209,1.03672962321
      ,1.03672962321,1.03672962321,1.036729623209,1.03672962321
      ,1.036729623209,1.03672962321,1.036729623209,1.03672962321
      ,1.036729623209,1.03672962321,1.03672962321,1.03672962321
      ,1.03672962321,1.03672962321,1.036729623209,1.03672962321
      ,1.036729623209,1.03672962321,1.036729623209,1.03672962321
      ,1.036729623209,1.03672962321,1.03672962321)
    ,(1.669078461068,1.669078461068,1.669078461068,1.669078461069
      ,1.669078461066,1.669078461071,1.669078461066,1.66907846107
      ,1.669078461067,1.669078461069,1.669078461068,1.669078461068
      ,1.669078461068,1.669078461068,1.669078461068,1.669078461069
      ,1.669078461067,1.669078461069,1.669078461068,1.669078461069
      ,1.669078461068,1.669078461068,1.669078461068,1.669078461068
      ,1.669078461068,1.66907846107,1.669078461066,1.669078461071
      ,1.669078461066,1.66907846107,1.669078461067,1.669078461069
      ,1.669078461068,1.669078461068,1.669078461068,1.669078461068
      ,1.66907846107,1.669078461065,1.669078461072,1.669078461065
      ,1.669078461071,1.669078461067,1.669078461069,1.669078461068
      ,1.669078461068,1.669078461068,1.669078461068,1.669078461068
      ,1.669078461069,1.669078461067,1.669078461069,1.669078461067
      ,1.669078461069,1.669078461068,1.669078461068,1.669078461068
      ,1.669078461068,1.669078461068,1.669078461069,1.669078461068
      ,1.669078461069,1.669078461068,1.669078461068,1.669078461068
      ,1.669078461068,1.669078461068,1.669078461069,1.669078461067
      ,1.66907846107,1.669078461066,1.669078461071,1.669078461066
      ,1.669078461069,1.669078461068,1.669078461068,1.669078461068
      ,1.669078461069,1.669078461066,1.669078461072,1.669078461063
      ,1.669078461073,1.669078461065,1.66907846107,1.669078461068
      ,1.669078461068,1.669078461068,1.669078461069,1.669078461068
      ,1.669078461069,1.669078461067,1.669078461069,1.669078461068
      ,1.669078461068,1.669078461068,1.669078461068,1.669078461068
      ,1.669078461068,1.669078461068,1.669078461069,1.669078461067
      ,1.669078461069,1.669078461067,1.669078461069,1.669078461068
      ,1.669078461068,1.669078461068,1.669078461068,1.669078461069
      ,1.669078461067,1.669078461069,1.669078461067,1.669078461069
      ,1.669078461068,1.669078461068,1.669078461068,1.669078461068
      ,1.669078461068,1.669078461068,1.669078461068,1.669078461069
      ,1.669078461068,1.669078461069,1.669078461068,1.669078461068
      ,1.669078461068,1.669078461068,1.669078461068,1.669078461069
      ,1.669078461066,1.66907846107,1.669078461066,1.66907846107
      ,1.669078461067,1.669078461069,1.669078461068,1.669078461068
      ,1.669078461068,1.669078461068,1.669078461068,1.669078461069
      ,1.669078461068,1.669078461068,1.669078461068,1.669078461068
      ,1.669078461068,1.669078461068,1.669078461068,1.669078461069
      ,1.669078461067,1.669078461069,1.669078461068,1.669078461069
      ,1.669078461068,1.669078461068,1.669078461068,1.669078461068
      ,1.669078461069,1.669078461066,1.669078461071,1.669078461065
      ,1.669078461072,1.669078461066,1.66907846107,1.669078461068
      ,1.669078461068,1.669078461068,1.669078461069,1.669078461067
      ,1.66907846107,1.669078461066,1.66907846107,1.669078461067
      ,1.669078461069,1.669078461068,1.669078461068,1.669078461068
      ,1.669078461068,1.669078461069,1.669078461067,1.669078461069
      ,1.669078461067,1.669078461069,1.669078461068,1.669078461068
      ,1.669078461068,1.669078461068,1.669078461068,1.669078461068
      ,1.669078461068,1.669078461068,1.669078461068,1.669078461068
      ,1.669078461068,1.669078461068,1.669078461068,1.669078461068
      ,1.669078461068,1.669078461069,1.669078461066,1.669078461071
      ,1.669078461066,1.66907846107,1.669078461068,1.669078461068
      ,1.669078461068,1.669078461068,1.669078461068,1.669078461068
      ,1.669078461068,1.669078461069,1.669078461067,1.669078461069
      ,1.669078461068,1.669078461068,1.669078461068,1.669078461068
      ,1.669078461068,1.669078461068,1.669078461068,1.669078461069
      ,1.669078461068,1.669078461069,1.669078461068,1.669078461068
      ,1.669078461068,1.669078461068,1.669078461068,1.669078461069
      ,1.669078461067,1.669078461069,1.669078461067,1.669078461069
      ,1.669078461068,1.669078461068,1.669078461068,1.669078461068
      ,1.669078461069,1.669078461067,1.66907846107,1.669078461066
      ,1.66907846107,1.669078461067,1.669078461069,1.669078461068
      ,1.669078461068,1.669078461068,1.669078461068,1.669078461069
      ,1.669078461067,1.66907846107,1.669078461067,1.669078461069
      ,1.669078461068,1.669078461069,1.669078461068,1.669078461068
      ,1.669078461068,1.66907846107,1.669078461066,1.669078461072
      ,1.669078461065,1.66907846107,1.669078461067,1.669078461069
      ,1.669078461068,1.669078461068,1.669078461068,1.669078461069
      ,1.669078461067,1.669078461069,1.669078461067,1.669078461069
      ,1.669078461068,1.669078461068,1.669078461068,1.669078461068
      ,1.669078461068,1.669078461068,1.669078461069,1.669078461068
      ,1.669078461068,1.669078461068,1.669078461068,1.669078461068
      ,1.669078461068,1.669078461068,1.669078461068,1.669078461069
      ,1.669078461066,1.669078461071,1.669078461066,1.66907846107
      ,1.669078461067,1.669078461069,1.669078461068,1.669078461068
      ,1.669078461068,1.669078461068,1.669078461068,1.669078461069
      ,1.669078461068,1.669078461069,1.669078461068,1.669078461068
      ,1.669078461068,1.669078461068,1.669078461068,1.66907846107
      ,1.669078461066,1.669078461071,1.669078461066,1.66907846107
      ,1.669078461067,1.669078461069,1.669078461068,1.669078461068
      ,1.669078461068,1.669078461069,1.669078461067,1.66907846107
      ,1.669078461067,1.669078461069,1.669078461068,1.669078461068
      ,1.669078461068,1.669078461068,1.669078461068,1.669078461068
      ,1.669078461069,1.669078461068,1.669078461069,1.669078461068
      ,1.669078461068,1.669078461068,1.669078461068,1.669078461068
      ,1.669078461068,1.66907846107,1.669078461066,1.669078461071
      ,1.669078461065,1.66907846107,1.669078461067,1.669078461069
      ,1.669078461068,1.669078461068,1.669078461068,1.669078461069
      ,1.669078461067,1.66907846107,1.669078461067,1.669078461069
      ,1.669078461068,1.669078461068,1.669078461068,1.669078461068
      ,1.669078461068,1.669078461069,1.669078461068,1.669078461069
      ,1.669078461068,1.669078461069,1.669078461068,1.669078461068
      ,1.669078461068,1.669078461068,1.669078461068,1.669078461069
      ,1.669078461067,1.669078461069,1.669078461067,1.669078461069
      ,1.669078461068,1.669078461068,1.669078461068,1.669078461068
      ,1.669078461069,1.669078461067,1.66907846107,1.669078461066
      ,1.66907846107,1.669078461067,1.669078461069,1.669078461068
      ,1.669078461068,1.669078461068,1.669078461068,1.669078461069
      ,1.669078461067,1.66907846107,1.669078461066,1.66907846107
      ,1.669078461068,1.669078461068,1.669078461068,1.669078461068
      ,1.669078461068,1.669078461068,1.669078461069,1.669078461067
      ,1.669078461069,1.669078461068,1.669078461068,1.669078461068
      ,1.669078461068,1.669078461068,1.669078461069,1.669078461067
      ,1.66907846107,1.669078461066,1.669078461071,1.669078461066
      ,1.669078461069,1.669078461068,1.669078461068,1.669078461068
      ,1.669078461068,1.669078461068,1.669078461068,1.669078461068
      ,1.669078461069,1.669078461068,1.669078461068,1.669078461068
      ,1.669078461068,1.669078461068,1.669078461068,1.669078461069
      ,1.669078461067,1.669078461069,1.669078461067,1.669078461069
      ,1.669078461068,1.669078461068,1.669078461068,1.669078461068
      ,1.669078461068,1.66907846107,1.669078461065,1.669078461072
      ,1.669078461064,1.669078461071,1.669078461067,1.669078461069
      ,1.669078461068,1.669078461068,1.669078461068,1.669078461069
      ,1.669078461066,1.669078461071,1.669078461066,1.66907846107
      ,1.669078461067,1.669078461069,1.669078461068,1.669078461068
      ,1.669078461068,1.66907846107,1.669078461066,1.669078461071
      ,1.669078461066,1.66907846107,1.669078461067,1.669078461069
      ,1.669078461068,1.669078461068,1.669078461068,1.66907846107
      ,1.669078461066,1.669078461071,1.669078461066,1.66907846107
      ,1.669078461067,1.669078461069,1.669078461068,1.669078461068
      ,1.669078461068,1.669078461068,1.669078461068,1.669078461068
      ,1.669078461068,1.669078461068,1.669078461068,1.669078461068
      ,1.669078461068,1.669078461068,1.669078461068,1.669078461069
      ,1.669078461067,1.66907846107,1.669078461066,1.66907846107
      ,1.669078461068,1.669078461068,1.669078461068,1.669078461068
      ,1.669078461068,1.669078461068,1.669078461069,1.669078461067
      ,1.669078461069,1.669078461067,1.669078461069,1.669078461068
      ,1.669078461068,1.669078461068,1.669078461068,1.66907846107
      ,1.669078461066,1.669078461071,1.669078461066,1.66907846107
      ,1.669078461067,1.669078461069,1.669078461068,1.669078461068
      ,1.669078461068,1.669078461068,1.669078461068,1.669078461068
      ,1.669078461068,1.669078461068,1.669078461068,1.669078461068
      ,1.669078461068,1.669078461068,1.669078461068,1.669078461069
      ,1.669078461067,1.66907846107,1.669078461067,1.669078461069
      ,1.669078461068,1.669078461068,1.669078461068,1.669078461068
      ,1.669078461068,1.669078461068,1.669078461068,1.669078461069
      ,1.669078461068,1.669078461069,1.669078461068,1.669078461068
      ,1.669078461068,1.669078461068,1.669078461068,1.669078461069
      ,1.669078461066,1.66907846107,1.669078461066,1.66907846107
      ,1.669078461067,1.669078461069,1.669078461068,1.669078461068
      ,1.669078461068,1.669078461069,1.669078461068,1.669078461069
      ,1.669078461067,1.669078461069,1.669078461068,1.669078461068
      ,1.669078461068,1.669078461068,1.669078461068,1.669078461069
      ,1.669078461067,1.66907846107,1.669078461067,1.669078461069
      ,1.669078461068,1.669078461068,1.669078461068,1.669078461068
      ,1.669078461068,1.669078461068,1.669078461069,1.669078461067
      ,1.669078461069,1.669078461068,1.669078461069,1.669078461068
      ,1.669078461068,1.669078461068,1.669078461068,1.669078461068
      ,1.669078461068,1.669078461068,1.669078461068,1.669078461068
      ,1.669078461068,1.669078461068,1.669078461068,1.669078461068
      ,1.669078461068,1.669078461069,1.669078461067,1.66907846107
      ,1.669078461067,1.66907846107,1.669078461067,1.669078461069
      ,1.669078461068,1.669078461068,1.669078461068,1.66907846107
      ,1.669078461066,1.66907846107,1.669078461066,1.66907846107
      ,1.669078461068,1.669078461068,1.669078461068,1.669078461068
      ,1.669078461069,1.669078461067,1.66907846107,1.669078461066
      ,1.66907846107,1.669078461067,1.669078461069,1.669078461068
      ,1.669078461068,1.669078461068,1.669078461068,1.669078461069
      ,1.669078461066,1.66907846107,1.669078461066,1.66907846107
      ,1.669078461068,1.669078461068,1.669078461068,1.669078461068
      ,1.669078461068,1.669078461068,1.669078461068,1.669078461068
      ,1.669078461068,1.669078461068,1.669078461068,1.669078461068
      ,1.669078461068,1.669078461068,1.669078461068,1.66907846107
      ,1.669078461065,1.669078461073,1.669078461064,1.669078461071
      ,1.669078461066,1.669078461069,1.669078461068,1.669078461068
      ,1.669078461068,1.66907846107,1.669078461066,1.669078461071
      ,1.669078461065,1.669078461071,1.669078461067,1.669078461069
      ,1.669078461068,1.669078461068,1.669078461068,1.66907846107
      ,1.669078461066,1.669078461071,1.669078461066,1.66907846107
      ,1.669078461067,1.669078461069,1.669078461068,1.669078461068
      ,1.669078461068,1.669078461068,1.669078461068,1.669078461068
      ,1.669078461068,1.669078461068,1.669078461068,1.669078461068
      ,1.669078461068,1.669078461068,1.669078461068,1.669078461069
      ,1.669078461067,1.66907846107,1.669078461067,1.669078461069
      ,1.669078461068,1.669078461068,1.669078461068,1.669078461068
      ,1.669078461069,1.669078461067,1.66907846107,1.669078461066
      ,1.66907846107,1.669078461067,1.669078461069,1.669078461068
      ,1.669078461068,1.669078461068,1.669078461067,1.669078461071
      ,1.669078461064,1.669078461073,1.669078461064,1.669078461072
      ,1.669078461066,1.669078461069,1.669078461068,1.669078461068
      ,1.669078461068,1.669078461069,1.669078461066,1.669078461071
      ,1.669078461066,1.66907846107,1.669078461067,1.669078461069
      ,1.669078461068,1.669078461068,1.669078461068,1.669078461069
      ,1.669078461067,1.66907846107,1.669078461067,1.669078461069
      ,1.669078461068,1.669078461068,1.669078461068,1.669078461068
      ,1.669078461068,1.669078461069,1.669078461068,1.669078461069
      ,1.669078461068,1.669078461069,1.669078461068,1.669078461068
      ,1.669078461068,1.669078461068,1.669078461068,1.669078461069
      ,1.669078461067,1.669078461069,1.669078461067,1.669078461069
      ,1.669078461068,1.669078461068,1.669078461068,1.669078461068
      ,1.669078461068,1.669078461069,1.669078461067,1.66907846107
      ,1.669078461067,1.669078461069,1.669078461068,1.669078461068
      ,1.669078461068,1.669078461068,1.669078461068,1.669078461068
      ,1.669078461069,1.669078461068,1.669078461069,1.669078461068
      ,1.669078461068,1.669078461068,1.669078461068,1.669078461068
      ,1.669078461069,1.669078461067,1.669078461071,1.669078461065
      ,1.669078461071,1.669078461067,1.669078461069,1.669078461068
      ,1.669078461068,1.669078461068,1.669078461068,1.669078461069
      ,1.669078461067,1.66907846107,1.669078461067,1.669078461069
      ,1.669078461068,1.669078461068,1.669078461068,1.669078461068
      ,1.669078461068,1.669078461069,1.669078461067,1.669078461069
      ,1.669078461067,1.669078461069,1.669078461068,1.669078461068
      ,1.669078461068,1.669078461068,1.669078461069,1.669078461067
      ,1.66907846107,1.669078461066,1.66907846107,1.669078461067
      ,1.669078461069,1.669078461068,1.669078461068,1.669078461068
      ,1.669078461069,1.669078461067,1.66907846107,1.669078461066
      ,1.669078461071,1.669078461066,1.669078461069,1.669078461068
      ,1.669078461068,1.669078461068,1.669078461068,1.669078461069
      ,1.669078461066,1.669078461071,1.669078461066,1.66907846107
      ,1.669078461067,1.669078461069,1.669078461068,1.669078461068
      ,1.669078461068,1.669078461068,1.669078461069,1.669078461067
      ,1.669078461069,1.669078461067,1.669078461069,1.669078461068
      ,1.669078461068,1.669078461068,1.669078461068,1.669078461068
      ,1.669078461068,1.669078461068,1.669078461068,1.669078461069
      ,1.669078461068,1.669078461068,1.669078461068,1.669078461068
      ,1.669078461068,1.669078461068,1.669078461068,1.669078461068
      ,1.669078461068,1.669078461069,1.669078461067,1.66907846107
      ,1.669078461067,1.669078461069,1.669078461068,1.669078461068
      ,1.669078461068,1.669078461068,1.669078461068,1.669078461069
      ,1.669078461067,1.669078461069,1.669078461067,1.669078461069
      ,1.669078461068,1.669078461068,1.669078461068,1.669078461068
      ,1.669078461068,1.669078461069,1.669078461067,1.66907846107
      ,1.669078461065,1.669078461071,1.669078461066,1.669078461069
      ,1.669078461068,1.669078461068,1.669078461068
))) REPRESENTATION_ITEM('') SURFACE() );
#921 = CARTESIAN_POINT('',(9.,1.249000902703E-16,0.));
#922 = CARTESIAN_POINT('',(9.00169267675,0.430663381516,
    1.114273451108E-02));
#923 = CARTESIAN_POINT('',(8.979476884725,0.860406235827,
    2.224569357105E-02));
#924 = CARTESIAN_POINT('',(8.933992257601,1.288007815214,
    3.32966510622E-02));
#925 = CARTESIAN_POINT('',(8.865608202732,1.712622670691,
    4.435576223466E-02));
#926 = CARTESIAN_POINT('',(8.775137497531,2.132636011332,
    5.536623082556E-02));
#927 = CARTESIAN_POINT('',(8.663240952885,2.547060482332,
    6.631055904239E-02));
#928 = CARTESIAN_POINT('',(8.530216042413,2.955380541282,
    7.724657156954E-02));
#929 = CARTESIAN_POINT('',(8.376295800785,3.356446764309,
    8.821424839548E-02));
#930 = CARTESIAN_POINT('',(8.201888863331,3.748513357259,
    9.919030624756E-02));
#931 = CARTESIAN_POINT('',(8.007367253026,4.130797881713,0.110182433389)
  );
#932 = CARTESIAN_POINT('',(7.793055419404,4.502022731281,0.121199108846)
  );
#933 = CARTESIAN_POINT('',(7.578743385845,4.87324794226,0.132200754182)
  );
#934 = CARTESIAN_POINT('',(7.344909184324,5.232953311577,0.143183932657)
  );
#935 = CARTESIAN_POINT('',(7.092632043657,5.580069815264,0.154121947467)
  );
#936 = CARTESIAN_POINT('',(6.820569993407,5.914770485335,0.165274710188)
  );
#937 = CARTESIAN_POINT('',(6.536903578877,6.231461279935,0.175788745915)
  );
#938 = CARTESIAN_POINT('',(6.227623154169,6.540467345329,0.187357567729)
  );
#939 = CARTESIAN_POINT('',(5.910816128169,6.823850248494,0.198005037012)
  );
#940 = CARTESIAN_POINT('',(5.575943633754,7.095653658055,0.20907795925)
  );
#941 = CARTESIAN_POINT('',(5.228747736694,7.347675606945,0.220040044863)
  );
#942 = CARTESIAN_POINT('',(4.869012548774,7.581304141278,0.231025163316)
  );
#943 = CARTESIAN_POINT('',(4.497818094808,7.795482139963,0.242026639883)
  );
#944 = CARTESIAN_POINT('',(4.126623556734,8.009660189207,0.253024545123)
  );
#945 = CARTESIAN_POINT('',(3.744315614467,8.204189959489,0.264006336602)
  );
#946 = CARTESIAN_POINT('',(3.352375952571,8.378665135202,0.27495200887)
  );
#947 = CARTESIAN_POINT('',(2.949292328966,8.53253827954,0.286083912086)
  );
#948 = CARTESIAN_POINT('',(2.545805887501,8.664988506919,0.296622979719)
  );
#949 = CARTESIAN_POINT('',(2.122813299279,8.778167742821,0.308248170317)
  );
#950 = CARTESIAN_POINT('',(1.70713234374,8.865006235397,0.318805124488)
  );
#951 = CARTESIAN_POINT('',(1.281073213284,8.933035049948,0.329926715058)
  );
#952 = CARTESIAN_POINT('',(0.854387505333,8.977667108145,0.340876046882)
  );
#953 = CARTESIAN_POINT('',(0.426025301282,9.000115322957,0.351858688793)
  );
#954 = CARTESIAN_POINT('',(-2.526402093068E-03,8.999994574682,
    0.362857273973));
#955 = CARTESIAN_POINT('',(-0.431078115529,8.999873826583,0.373855492961
    ));
#956 = CARTESIAN_POINT('',(-0.85942847115,8.977185779133,0.384837761958)
  );
#957 = CARTESIAN_POINT('',(-1.286090610163,8.932318596989,0.395785196368
    ));
#958 = CARTESIAN_POINT('',(-1.712112902904,8.864034092465,0.406913195968
    ));
#959 = CARTESIAN_POINT('',(-2.127742716317,8.777010348647,0.417459273951
    ));
#960 = CARTESIAN_POINT('',(-2.550683625216,8.66352390977,0.42908714151)
  );
#961 = CARTESIAN_POINT('',(-2.954076275304,8.530889011655,0.439634716954
    ));
#962 = CARTESIAN_POINT('',(-3.357075246686,8.376774005579,0.450761862649
    ));
#963 = CARTESIAN_POINT('',(-3.748911820158,8.202082531733,0.461709627456
    ));
#964 = CARTESIAN_POINT('',(-4.131109037177,8.007341360458,0.472691997384
    ));
#965 = CARTESIAN_POINT('',(-4.502185504382,7.792960566485,0.483690301757
    ));
#966 = CARTESIAN_POINT('',(-4.68772373831,7.685770169319,0.489189440449)
  );
#967 = CARTESIAN_POINT('',(-4.87039742302,7.573719053074,0.494684593263)
  );
#968 = CARTESIAN_POINT('',(-5.050087122161,7.456904221191,0.500176597223
    ));
#969 = CARTESIAN_POINT('',(-5.226673302234,7.335421409911,0.505666320526
    ));
#970 = CARTESIAN_POINT('',(-5.400036174363,7.20936521091,0.511154673513)
  );
#971 = CARTESIAN_POINT('',(-5.570055537162,7.078829192686,0.51664255613)
  );
#972 = CARTESIAN_POINT('',(-5.736610617697,6.943906024044,0.522130912944
    ));
#973 = CARTESIAN_POINT('',(-5.89957991524,6.80468759459,0.527620633839)
  );
#974 = CARTESIAN_POINT('',(-6.058841041523,6.661265138886,0.533112644629
    ));
#975 = CARTESIAN_POINT('',(-6.214270564775,6.513729356733,0.53860779585)
  );
#976 = CARTESIAN_POINT('',(-6.668690421119,6.059052897541,0.555105219965
    ));
#977 = CARTESIAN_POINT('',(-6.955537001941,5.740120499898,0.566087567095
    ));
#978 = CARTESIAN_POINT('',(-7.225506707141,5.406699116929,0.577035192953
    ));
#979 = CARTESIAN_POINT('',(-7.478465492904,5.057171497111,0.588162786159
    ));
#980 = CARTESIAN_POINT('',(-7.710824732215,4.701742486101,0.598709673822
    ));
#981 = CARTESIAN_POINT('',(-7.929642051783,4.322431073358,0.610337576776
    ));
#982 = CARTESIAN_POINT('',(-8.121096777033,3.943402215928,0.620884399628
    ));
#983 = CARTESIAN_POINT('',(-8.297084261348,3.549463248624,0.632012020551
    ));
#984 = CARTESIAN_POINT('',(-8.450629082646,3.148867336541,0.642959645339
    ));
#985 = CARTESIAN_POINT('',(-8.583180560878,2.740910224795,0.653941992745
    ));
#986 = CARTESIAN_POINT('',(-8.804781756374,1.91294852744,0.675938559182)
  );
#987 = CARTESIAN_POINT('',(-8.893731980329,1.493321684987,0.686920901239
    ));
#988 = CARTESIAN_POINT('',(-8.960821913504,1.069585447401,0.697868528929
    ));
#989 = CARTESIAN_POINT('',(-9.005126838976,0.640406245281,0.708996122528
    ));
#990 = CARTESIAN_POINT('',(-9.028641347714,0.216416094676,0.719543002282
    ));
#991 = CARTESIAN_POINT('',(-9.028487002337,-0.221485935539,
    0.731170903923));
#992 = CARTESIAN_POINT('',(-9.004777223938,-0.645461883914,
    0.741717737786));
#993 = CARTESIAN_POINT('',(-8.960217375016,-1.074616793847,
    0.752845351512));
#994 = CARTESIAN_POINT('',(-8.892893132997,-1.49831543811,0.763792978605
    ));
#995 = CARTESIAN_POINT('',(-8.803707523541,-1.917892398552,
    0.774775326238));
#996 = CARTESIAN_POINT('',(-8.581638938817,-2.745728857018,
    0.796771892835));
#997 = CARTESIAN_POINT('',(-8.448858671187,-3.153611473988,0.8077542345)
  );
#998 = CARTESIAN_POINT('',(-8.295092139274,-3.554122786496,0.81870186249
    ));
#999 = CARTESIAN_POINT('',(-8.118871728728,-3.947955342002,
    0.829829455821));
#1000 = CARTESIAN_POINT('',(-7.927240817807,-4.326898835727,
    0.840376335468));
#1001 = CARTESIAN_POINT('',(-7.708156133366,-4.706055950213,
    0.852004237059));
#1002 = CARTESIAN_POINT('',(-7.475634889922,-5.06137499981,
    0.862551071306));
#1003 = CARTESIAN_POINT('',(-7.222467473343,-5.410754130821,
    0.873678684747));
#1004 = CARTESIAN_POINT('',(-6.952313647269,-5.744025799029,
    0.884626311958));
#1005 = CARTESIAN_POINT('',(-6.665288163536,-6.062797300797,
    0.895608659575));
#1006 = CARTESIAN_POINT('',(-6.059052898545,-6.668690411464,
    0.917605226173));
#1007 = CARTESIAN_POINT('',(-5.740120505192,-6.955536985663,
    0.928587567827));
#1008 = CARTESIAN_POINT('',(-5.406699126097,-7.22550669083,
    0.939535195828));
#1009 = CARTESIAN_POINT('',(-5.057171496085,-7.478465483508,
    0.950662789142));
#1010 = CARTESIAN_POINT('',(-4.701742512483,-7.710824720151,0.9612096688
    ));
#1011 = CARTESIAN_POINT('',(-4.32243105261,-7.929642071319,
    0.972837570405));
#1012 = CARTESIAN_POINT('',(-3.943402224255,-8.121096772837,
    0.983384404635));
#1013 = CARTESIAN_POINT('',(-3.549463244507,-8.297084267627,
    0.994512018081));
#1014 = CARTESIAN_POINT('',(-3.148867334096,-8.450629085599,
    1.005459645294));
#1015 = CARTESIAN_POINT('',(-2.74091022276,-8.58318056226,1.016441992908
    ));
#1016 = CARTESIAN_POINT('',(-2.119938951148,-8.749381457243,
    1.032939417856));
#1017 = CARTESIAN_POINT('',(-1.911537028755,-8.799319162299,
    1.038434574095));
#1018 = CARTESIAN_POINT('',(-1.701876653048,-8.843778412014,
    1.043926580036));
#1019 = CARTESIAN_POINT('',(-1.491110042069,-8.882742379638,
    1.049416308816));
#1020 = CARTESIAN_POINT('',(-1.279388784717,-8.916193248504,1.0549046607
    ));
#1021 = CARTESIAN_POINT('',(-1.066864038788,-8.944112186848,
    1.060392552173));
#1022 = CARTESIAN_POINT('',(-0.853686728995,-8.966479322557,
    1.06588090505));
#1023 = CARTESIAN_POINT('',(-0.640007745013,-8.983273717992,
    1.071370635569));
#1024 = CARTESIAN_POINT('',(-0.425978139494,-8.994473344744,
    1.076862643496));
#1025 = CARTESIAN_POINT('',(-0.211749326114,-9.000055058443,
    1.082357801224));
#1026 = CARTESIAN_POINT('',(0.431078819455,-8.999873603704,
    1.098855226172));
#1027 = CARTESIAN_POINT('',(0.859429235309,-8.9771855034,1.109837567827)
  );
#1028 = CARTESIAN_POINT('',(1.286091162695,-8.93231839449,1.120785195828
    ));
#1029 = CARTESIAN_POINT('',(1.712113397756,-8.864033914758,
    1.131912789141));
#1030 = CARTESIAN_POINT('',(2.127742434177,-8.777010462135,
    1.142459668801));
#1031 = CARTESIAN_POINT('',(2.550683372509,-8.663523989524,
    1.154087570408));
#1032 = CARTESIAN_POINT('',(2.954076145023,-8.530889052465,
    1.164634404633));
#1033 = CARTESIAN_POINT('',(3.357075019953,-8.376774079479,
    1.175762018082));
#1034 = CARTESIAN_POINT('',(3.748911686723,-8.202082576716,
    1.186709645294));
#1035 = CARTESIAN_POINT('',(4.131108974585,-8.00734138486,1.197691992908
    ));
#1036 = CARTESIAN_POINT('',(4.687723751546,-7.685770167662,
    1.214189417856));
#1037 = CARTESIAN_POINT('',(4.870397453964,-7.573719045008,
    1.219684574095));
#1038 = CARTESIAN_POINT('',(5.050087164335,-7.456904208559,
    1.225176580035));
#1039 = CARTESIAN_POINT('',(5.22667334993,-7.335421394418,1.230666308817
    ));
#1040 = CARTESIAN_POINT('',(5.400036222943,-7.209365193833,
    1.236154660698));
#1041 = CARTESIAN_POINT('',(5.57005558258,-7.078829175446,1.241642552175
    ));
#1042 = CARTESIAN_POINT('',(5.736610657271,-6.943906007429,
    1.247130905049));
#1043 = CARTESIAN_POINT('',(5.899579946735,-6.804687579758,
    1.252620635569));
#1044 = CARTESIAN_POINT('',(6.058841064197,-6.661265126344,
    1.258112643496));
#1045 = CARTESIAN_POINT('',(6.21427057847,-6.513729347284,1.263607801224
    ));
#1046 = CARTESIAN_POINT('',(6.517217133799,-6.210611714788,
    1.274606084523));
#1047 = CARTESIAN_POINT('',(6.66466541618,-6.055099208325,1.280101240761
    ));
#1048 = CARTESIAN_POINT('',(6.807998443723,-5.895757621655,
    1.285593246702));
#1049 = CARTESIAN_POINT('',(6.947125535001,-5.732710366087,
    1.291082975483));
#1050 = CARTESIAN_POINT('',(7.081955465902,-5.566079813136,
    1.296571327367));
#1051 = CARTESIAN_POINT('',(7.212396348711,-5.395987453395,
    1.302059218839));
#1052 = CARTESIAN_POINT('',(7.338355511348,-5.222554055464,
    1.307547571717));
#1053 = CARTESIAN_POINT('',(7.459739376422,-5.045899824794,
    1.313037302235));
#1054 = CARTESIAN_POINT('',(7.576453340464,-4.866144562632,
    1.318529310163));
#1055 = CARTESIAN_POINT('',(7.688401653013,-4.683407824871,
    1.324024467891));
#1056 = CARTESIAN_POINT('',(7.902572938594,-4.312210337071,
    1.335022751189));
#1057 = CARTESIAN_POINT('',(8.004747444164,-4.12383436712,1.340517907428
    ));
#1058 = CARTESIAN_POINT('',(8.10195587992,-3.932824896035,1.346009913368
    ));
#1059 = CARTESIAN_POINT('',(8.194142595531,-3.739324600061,
    1.351499642152));
#1060 = CARTESIAN_POINT('',(8.281251147342,-3.543475291553,1.35698799403
    ));
#1061 = CARTESIAN_POINT('',(8.363224222727,-3.345418103691,
    1.362475885509));
#1062 = CARTESIAN_POINT('',(8.440003564532,-3.145293675294,
    1.367964238381));
#1063 = CARTESIAN_POINT('',(8.511529895409,-2.943242335516,
    1.373453968903));
#1064 = CARTESIAN_POINT('',(8.577742842259,-2.739404288659,
    1.378945976829));
#1065 = CARTESIAN_POINT('',(8.638580860588,-2.533919798889,
    1.384441134557));
#1066 = CARTESIAN_POINT('',(8.804781755571,-1.912948527277,
    1.400938559506));
#1067 = CARTESIAN_POINT('',(8.893731979137,-1.493321685445,1.41192090116
    ));
#1068 = CARTESIAN_POINT('',(8.960821912519,-1.069585448404,
    1.422868529162));
#1069 = CARTESIAN_POINT('',(9.005126838079,-0.640406245145,
    1.433996122473));
#1070 = CARTESIAN_POINT('',(9.028641348026,-0.216416097803,
    1.444543002136));
#1071 = CARTESIAN_POINT('',(9.028487002985,0.221485938001,1.456170903739
    ));
#1072 = CARTESIAN_POINT('',(9.004777223999,0.645461882867,1.466717737967
    ));
#1073 = CARTESIAN_POINT('',(8.960217375358,1.074616794273,1.477845351415
    ));
#1074 = CARTESIAN_POINT('',(8.892893133137,1.498315438325,1.488792978628
    ));
#1075 = CARTESIAN_POINT('',(8.803707523566,1.917892398727,1.499775326241
    ));
#1076 = CARTESIAN_POINT('',(8.58163893874,2.745728857031,1.521771892839)
  );
#1077 = CARTESIAN_POINT('',(8.448858671105,3.153611473951,1.532754234493
    ));
#1078 = CARTESIAN_POINT('',(8.295092139232,3.554122786423,1.543701862495
    ));
#1079 = CARTESIAN_POINT('',(8.118871728651,3.947955342001,1.554829455808
    ));
#1080 = CARTESIAN_POINT('',(7.927240817948,4.32689883553,1.565376335468)
  );
#1081 = CARTESIAN_POINT('',(7.708156133324,4.706055950379,1.577004237074
    ));
#1082 = CARTESIAN_POINT('',(7.475634889968,5.06137499974,1.5875510713));
#1083 = CARTESIAN_POINT('',(7.222467473355,5.41075413085,1.598678684749)
  );
#1084 = CARTESIAN_POINT('',(6.952313647274,5.744025799041,1.609626311961
    ));
#1085 = CARTESIAN_POINT('',(6.665288163533,6.062797300806,1.620608659575
    ));
#1086 = CARTESIAN_POINT('',(6.059052898539,6.668690411463,1.642605226172
    ));
#1087 = CARTESIAN_POINT('',(5.740120505186,6.95553698566,1.653587567827)
  );
#1088 = CARTESIAN_POINT('',(5.406699126097,7.225506690828,1.664535195828
    ));
#1089 = CARTESIAN_POINT('',(5.057171496077,7.478465483504,1.675662789141
    ));
#1090 = CARTESIAN_POINT('',(4.701742512498,7.710824720149,1.686209668801
    ));
#1091 = CARTESIAN_POINT('',(4.322431052603,7.929642071321,1.697837570407
    ));
#1092 = CARTESIAN_POINT('',(3.943402224261,8.121096772839,1.708384404633
    ));
#1093 = CARTESIAN_POINT('',(3.549463244506,8.297084267625,1.719512018082
    ));
#1094 = CARTESIAN_POINT('',(3.148867334097,8.4506290856,1.730459645294)
  );
#1095 = CARTESIAN_POINT('',(2.74091022276,8.58318056226,1.741441992908)
  );
#1096 = CARTESIAN_POINT('',(1.912948527277,8.80478175557,1.763438559506)
  );
#1097 = CARTESIAN_POINT('',(1.493321685445,8.893731979138,1.77442090116)
  );
#1098 = CARTESIAN_POINT('',(1.069585448404,8.960821912516,1.785368529162
    ));
#1099 = CARTESIAN_POINT('',(0.640406245146,9.005126838085,1.796496122474
    ));
#1100 = CARTESIAN_POINT('',(0.216416097802,9.028641348019,1.807043002135
    ));
#1101 = CARTESIAN_POINT('',(-0.221485938001,9.028487002991,
    1.818670903741));
#1102 = CARTESIAN_POINT('',(-0.645461882867,9.004777223994,
    1.829217737967));
#1103 = CARTESIAN_POINT('',(-1.074616794273,8.960217375361,
    1.840345351415));
#1104 = CARTESIAN_POINT('',(-1.498315438325,8.892893133136,
    1.851292978628));
#1105 = CARTESIAN_POINT('',(-1.917892398727,8.803707523566,
    1.862275326241));
#1106 = CARTESIAN_POINT('',(-2.745728857031,8.58163893874,1.884271892839
    ));
#1107 = CARTESIAN_POINT('',(-3.153611473951,8.448858671106,
    1.895254234493));
#1108 = CARTESIAN_POINT('',(-3.554122786423,8.295092139231,
    1.906201862495));
#1109 = CARTESIAN_POINT('',(-3.947955342002,8.118871728652,
    1.917329455807));
#1110 = CARTESIAN_POINT('',(-4.326898835529,7.927240817948,
    1.927876335468));
#1111 = CARTESIAN_POINT('',(-4.706055950381,7.708156133324,
    1.939504237074));
#1112 = CARTESIAN_POINT('',(-5.061374999738,7.475634889968,1.9500510713)
  );
#1113 = CARTESIAN_POINT('',(-5.410754130852,7.222467473355,
    1.961178684749));
#1114 = CARTESIAN_POINT('',(-5.74402579904,6.952313647275,1.972126311961
    ));
#1115 = CARTESIAN_POINT('',(-6.062797300806,6.665288163533,
    1.983108659575));
#1116 = CARTESIAN_POINT('',(-6.517217133799,6.210611714788,
    1.999606084523));
#1117 = CARTESIAN_POINT('',(-6.664665416181,6.055099208325,
    2.005101240761));
#1118 = CARTESIAN_POINT('',(-6.807998443721,5.895757621655,
    2.010593246702));
#1119 = CARTESIAN_POINT('',(-6.947125535005,5.732710366088,
    2.016082975482));
#1120 = CARTESIAN_POINT('',(-7.081955465896,5.566079813135,
    2.021571327367));
#1121 = CARTESIAN_POINT('',(-7.212396348716,5.395987453397,
    2.027059218839));
#1122 = CARTESIAN_POINT('',(-7.338355511344,5.222554055463,
    2.032547571717));
#1123 = CARTESIAN_POINT('',(-7.459739376425,5.045899824795,
    2.038037302235));
#1124 = CARTESIAN_POINT('',(-7.576453340463,4.866144562631,
    2.043529310163));
#1125 = CARTESIAN_POINT('',(-7.688401653013,4.683407824871,
    2.049024467891));
#1126 = CARTESIAN_POINT('',(-8.009658581384,4.126611593171,
    2.065521892839));
#1127 = CARTESIAN_POINT('',(-8.204185318085,3.744305201168,
    2.076504234493));
#1128 = CARTESIAN_POINT('',(-8.378660225665,3.352371578767,
    2.087451862495));
#1129 = CARTESIAN_POINT('',(-8.532535249068,2.949283260764,
    2.098579455807));
#1130 = CARTESIAN_POINT('',(-8.664985246576,2.545826230357,
    2.109126335469));
#1131 = CARTESIAN_POINT('',(-8.77817354748,2.122805397162,2.120754237073
    ));
#1132 = CARTESIAN_POINT('',(-8.865004708811,1.707139539927,
    2.131301071301));
#1133 = CARTESIAN_POINT('',(-8.933036664569,1.28107479005,2.142428684748
    ));
#1134 = CARTESIAN_POINT('',(-8.977667718735,0.854388531112,
    2.153376311961));
#1135 = CARTESIAN_POINT('',(-9.000115543356,0.426025374637,
    2.164358659575));
#1136 = CARTESIAN_POINT('',(-8.999873603704,-0.431078819454,
    2.186355226172));
#1137 = CARTESIAN_POINT('',(-8.977185503401,-0.859429235309,
    2.197337567827));
#1138 = CARTESIAN_POINT('',(-8.932318394488,-1.286091162695,
    2.208285195828));
#1139 = CARTESIAN_POINT('',(-8.864033914761,-1.712113397756,
    2.21941278914));
#1140 = CARTESIAN_POINT('',(-8.777010462131,-2.127742434177,
    2.229959668802));
#1141 = CARTESIAN_POINT('',(-8.663523989527,-2.550683372508,
    2.241587570407));
#1142 = CARTESIAN_POINT('',(-8.530889052463,-2.954076145023,
    2.252134404634));
#1143 = CARTESIAN_POINT('',(-8.376774079479,-3.357075019953,
    2.263262018082));
#1144 = CARTESIAN_POINT('',(-8.202082576716,-3.748911686723,
    2.274209645295));
#1145 = CARTESIAN_POINT('',(-8.00734138486,-4.131108974585,
    2.285191992908));
#1146 = CARTESIAN_POINT('',(-7.685770167662,-4.687723751546,
    2.301689417856));
#1147 = CARTESIAN_POINT('',(-7.573719045007,-4.870397453965,
    2.307184574095));
#1148 = CARTESIAN_POINT('',(-7.456904208562,-5.050087164333,
    2.312676580035));
#1149 = CARTESIAN_POINT('',(-7.335421394414,-5.226673349932,
    2.318166308817));
#1150 = CARTESIAN_POINT('',(-7.209365193839,-5.40003622294,
    2.323654660699));
#1151 = CARTESIAN_POINT('',(-7.07882917544,-5.570055582583,
    2.329142552174));
#1152 = CARTESIAN_POINT('',(-6.943906007433,-5.736610657268,
    2.334630905049));
#1153 = CARTESIAN_POINT('',(-6.804687579755,-5.899579946737,
    2.340120635569));
#1154 = CARTESIAN_POINT('',(-6.661265126344,-6.058841064197,
    2.345612643496));
#1155 = CARTESIAN_POINT('',(-6.513729347284,-6.21427057847,
    2.351107801224));
#1156 = CARTESIAN_POINT('',(-6.210611714788,-6.517217133799,
    2.362106084523));
#1157 = CARTESIAN_POINT('',(-6.055099208325,-6.664665416181,
    2.367601240761));
#1158 = CARTESIAN_POINT('',(-5.895757621655,-6.807998443721,
    2.373093246702));
#1159 = CARTESIAN_POINT('',(-5.732710366087,-6.947125535005,
    2.378582975483));
#1160 = CARTESIAN_POINT('',(-5.566079813135,-7.081955465897,
    2.384071327366));
#1161 = CARTESIAN_POINT('',(-5.395987453397,-7.212396348715,
    2.38955921884));
#1162 = CARTESIAN_POINT('',(-5.222554055462,-7.338355511345,
    2.395047571717));
#1163 = CARTESIAN_POINT('',(-5.045899824795,-7.459739376424,
    2.400537302235));
#1164 = CARTESIAN_POINT('',(-4.866144562631,-7.576453340463,
    2.406029310163));
#1165 = CARTESIAN_POINT('',(-4.683407824871,-7.688401653013,
    2.411524467891));
#1166 = CARTESIAN_POINT('',(-4.312210337071,-7.902572938594,
    2.42252275119));
#1167 = CARTESIAN_POINT('',(-4.12383436712,-8.004747444163,
    2.428017907428));
#1168 = CARTESIAN_POINT('',(-3.932824896033,-8.101955879921,
    2.433509913369));
#1169 = CARTESIAN_POINT('',(-3.739324600063,-8.194142595529,
    2.438999642149));
#1170 = CARTESIAN_POINT('',(-3.54347529155,-8.281251147344,
    2.444487994034));
#1171 = CARTESIAN_POINT('',(-3.345418103693,-8.363224222725,
    2.449975885506));
#1172 = CARTESIAN_POINT('',(-3.145293675292,-8.440003564534,
    2.455464238384));
#1173 = CARTESIAN_POINT('',(-2.943242335517,-8.511529895407,
    2.460953968902));
#1174 = CARTESIAN_POINT('',(-2.739404288659,-8.577742842259,
    2.466445976829));
#1175 = CARTESIAN_POINT('',(-2.533919798889,-8.638580860588,
    2.471941134557));
#1176 = CARTESIAN_POINT('',(-1.912948527277,-8.804781755571,
    2.488438559506));
#1177 = CARTESIAN_POINT('',(-1.493321685445,-8.893731979138,
    2.49942090116));
#1178 = CARTESIAN_POINT('',(-1.069585448404,-8.960821912518,
    2.510368529161));
#1179 = CARTESIAN_POINT('',(-0.640406245146,-9.005126838083,
    2.521496122475));
#1180 = CARTESIAN_POINT('',(-0.216416097802,-9.028641348021,
    2.532043002134));
#1181 = CARTESIAN_POINT('',(0.221485938001,-9.028487002989,
    2.543670903742));
#1182 = CARTESIAN_POINT('',(0.645461882867,-9.004777223996,
    2.554217737966));
#1183 = CARTESIAN_POINT('',(1.074616794273,-8.960217375359,
    2.565345351416));
#1184 = CARTESIAN_POINT('',(1.498315438324,-8.892893133137,
    2.576292978628));
#1185 = CARTESIAN_POINT('',(1.917892398727,-8.803707523566,
    2.587275326241));
#1186 = CARTESIAN_POINT('',(2.745728857031,-8.58163893874,2.609271892839
    ));
#1187 = CARTESIAN_POINT('',(3.153611473951,-8.448858671105,
    2.620254234494));
#1188 = CARTESIAN_POINT('',(3.554122786422,-8.295092139233,
    2.631201862494));
#1189 = CARTESIAN_POINT('',(3.947955342003,-8.118871728649,
    2.642329455808));
#1190 = CARTESIAN_POINT('',(4.326898835527,-7.927240817951,
    2.652876335467));
#1191 = CARTESIAN_POINT('',(4.706055950383,-7.70815613332,2.664504237076
    ));
#1192 = CARTESIAN_POINT('',(5.061374999736,-7.475634889971,
    2.675051071299));
#1193 = CARTESIAN_POINT('',(5.410754130853,-7.222467473354,
    2.686178684749));
#1194 = CARTESIAN_POINT('',(5.74402579904,-6.952313647275,2.697126311961
    ));
#1195 = CARTESIAN_POINT('',(6.062797300806,-6.665288163533,
    2.708108659575));
#1196 = CARTESIAN_POINT('',(6.668690411463,-6.059052898539,
    2.730105226172));
#1197 = CARTESIAN_POINT('',(6.955536985661,-5.740120505187,
    2.741087567827));
#1198 = CARTESIAN_POINT('',(7.225506690826,-5.406699126094,
    2.752035195828));
#1199 = CARTESIAN_POINT('',(7.478465483509,-5.057171496081,
    2.763162789141));
#1200 = CARTESIAN_POINT('',(7.710824720143,-4.701742512493,
    2.773709668802));
#1201 = CARTESIAN_POINT('',(7.929642071327,-4.322431052608,
    2.785337570407));
#1202 = CARTESIAN_POINT('',(8.121096772833,-3.943402224258,
    2.795884404634));
#1203 = CARTESIAN_POINT('',(8.297084267629,-3.549463244508,
    2.807012018082));
#1204 = CARTESIAN_POINT('',(8.450629085599,-3.148867334096,
    2.817959645295));
#1205 = CARTESIAN_POINT('',(8.58318056226,-2.74091022276,2.828941992908)
  );
#1206 = CARTESIAN_POINT('',(8.80478175557,-1.912948527277,2.850938559506
    ));
#1207 = CARTESIAN_POINT('',(8.893731979138,-1.493321685446,2.86192090116
    ));
#1208 = CARTESIAN_POINT('',(8.960821912516,-1.069585448404,
    2.872868529161));
#1209 = CARTESIAN_POINT('',(9.005126838085,-0.640406245146,
    2.883996122474));
#1210 = CARTESIAN_POINT('',(9.028641348018,-0.216416097801,
    2.894543002134));
#1211 = CARTESIAN_POINT('',(9.028487002992,0.221485938,2.906170903741));
#1212 = CARTESIAN_POINT('',(9.004777223994,0.645461882867,2.916717737966
    ));
#1213 = CARTESIAN_POINT('',(8.960217375361,1.074616794273,2.927845351416
    ));
#1214 = CARTESIAN_POINT('',(8.892893133136,1.498315438324,2.938792978628
    ));
#1215 = CARTESIAN_POINT('',(8.803707523566,1.917892398727,2.949775326241
    ));
#1216 = CARTESIAN_POINT('',(8.58163893874,2.745728857031,2.971771892839)
  );
#1217 = CARTESIAN_POINT('',(8.448858671106,3.153611473952,2.982754234493
    ));
#1218 = CARTESIAN_POINT('',(8.295092139231,3.554122786421,2.993701862495
    ));
#1219 = CARTESIAN_POINT('',(8.118871728652,3.947955342005,3.004829455807
    ));
#1220 = CARTESIAN_POINT('',(7.927240817947,4.326898835524,3.015376335468
    ));
#1221 = CARTESIAN_POINT('',(7.708156133324,4.706055950387,3.027004237074
    ));
#1222 = CARTESIAN_POINT('',(7.475634889968,5.061374999734,3.0375510713)
  );
#1223 = CARTESIAN_POINT('',(7.222467473355,5.410754130854,3.048678684749
    ));
#1224 = CARTESIAN_POINT('',(6.952313647274,5.74402579904,3.059626311961)
  );
#1225 = CARTESIAN_POINT('',(6.665288163533,6.062797300806,3.070608659575
    ));
#1226 = CARTESIAN_POINT('',(6.059052898539,6.668690411463,3.092605226172
    ));
#1227 = CARTESIAN_POINT('',(5.740120505187,6.955536985661,3.103587567827
    ));
#1228 = CARTESIAN_POINT('',(5.406699126096,7.225506690827,3.114535195828
    ));
#1229 = CARTESIAN_POINT('',(5.057171496078,7.478465483506,3.125662789141
    ));
#1230 = CARTESIAN_POINT('',(4.701742512497,7.710824720146,3.136209668801
    ));
#1231 = CARTESIAN_POINT('',(4.322431052603,7.929642071324,3.147837570408
    ));
#1232 = CARTESIAN_POINT('',(3.943402224262,8.121096772836,3.158384404633
    ));
#1233 = CARTESIAN_POINT('',(3.549463244505,8.297084267627,3.169512018082
    ));
#1234 = CARTESIAN_POINT('',(3.148867334097,8.450629085599,3.180459645294
    ));
#1235 = CARTESIAN_POINT('',(2.74091022276,8.58318056226,3.191441992908)
  );
#1236 = CARTESIAN_POINT('',(2.119938951148,8.749381457243,3.207939417856
    ));
#1237 = CARTESIAN_POINT('',(1.911537028754,8.799319162299,3.213434574095
    ));
#1238 = CARTESIAN_POINT('',(1.701876653048,8.843778412014,3.218926580035
    ));
#1239 = CARTESIAN_POINT('',(1.491110042069,8.882742379638,3.224416308816
    ));
#1240 = CARTESIAN_POINT('',(1.279388784717,8.916193248504,3.229904660699
    ));
#1241 = CARTESIAN_POINT('',(1.066864038787,8.944112186848,3.235392552173
    ));
#1242 = CARTESIAN_POINT('',(0.853686728995,8.966479322557,3.24088090505)
  );
#1243 = CARTESIAN_POINT('',(0.640007745012,8.983273717992,3.246370635569
    ));
#1244 = CARTESIAN_POINT('',(0.425978139494,8.994473344744,3.251862643496
    ));
#1245 = CARTESIAN_POINT('',(0.211749326114,9.000055058443,3.257357801224
    ));
#1246 = CARTESIAN_POINT('',(-0.431078819454,8.999873603704,
    3.273855226172));
#1247 = CARTESIAN_POINT('',(-0.859429235309,8.9771855034,3.284837567827)
  );
#1248 = CARTESIAN_POINT('',(-1.286091162696,8.93231839449,3.295785195828
    ));
#1249 = CARTESIAN_POINT('',(-1.712113397755,8.864033914758,
    3.306912789141));
#1250 = CARTESIAN_POINT('',(-2.127742434179,8.777010462135,
    3.317459668801));
#1251 = CARTESIAN_POINT('',(-2.550683372506,8.663523989524,
    3.329087570408));
#1252 = CARTESIAN_POINT('',(-2.954076145025,8.530889052464,
    3.339634404633));
#1253 = CARTESIAN_POINT('',(-3.357075019952,8.376774079479,
    3.350762018082));
#1254 = CARTESIAN_POINT('',(-3.748911686723,8.202082576716,
    3.361709645294));
#1255 = CARTESIAN_POINT('',(-4.131108974585,8.00734138486,3.372691992908
    ));
#1256 = CARTESIAN_POINT('',(-4.687723751546,7.685770167662,
    3.389189417856));
#1257 = CARTESIAN_POINT('',(-4.870397453965,7.573719045008,
    3.394684574095));
#1258 = CARTESIAN_POINT('',(-5.050087164333,7.456904208559,
    3.400176580035));
#1259 = CARTESIAN_POINT('',(-5.226673349933,7.335421394418,
    3.405666308816));
#1260 = CARTESIAN_POINT('',(-5.400036222939,7.209365193834,
    3.411154660699));
#1261 = CARTESIAN_POINT('',(-5.570055582585,7.078829175445,
    3.416642552173));
#1262 = CARTESIAN_POINT('',(-5.736610657266,6.94390600743,3.42213090505)
  );
#1263 = CARTESIAN_POINT('',(-5.899579946738,6.804687579758,
    3.427620635569));
#1264 = CARTESIAN_POINT('',(-6.058841064196,6.661265126344,
    3.433112643496));
#1265 = CARTESIAN_POINT('',(-6.21427057847,6.513729347284,3.438607801224
    ));
#1266 = CARTESIAN_POINT('',(-6.517217133799,6.210611714788,
    3.449606084523));
#1267 = CARTESIAN_POINT('',(-6.66466541618,6.055099208325,3.455101240761
    ));
#1268 = CARTESIAN_POINT('',(-6.807998443722,5.895757621655,
    3.460593246702));
#1269 = CARTESIAN_POINT('',(-6.947125535003,5.732710366088,
    3.466082975483));
#1270 = CARTESIAN_POINT('',(-7.081955465899,5.566079813134,
    3.471571327367));
#1271 = CARTESIAN_POINT('',(-7.212396348714,5.395987453398,3.47705921884
    ));
#1272 = CARTESIAN_POINT('',(-7.338355511345,5.222554055461,
    3.482547571717));
#1273 = CARTESIAN_POINT('',(-7.459739376424,5.045899824796,
    3.488037302235));
#1274 = CARTESIAN_POINT('',(-7.576453340463,4.866144562631,
    3.493529310163));
#1275 = CARTESIAN_POINT('',(-7.688401653013,4.683407824871,
    3.499024467891));
#1276 = CARTESIAN_POINT('',(-7.902572938594,4.312210337071,3.51002275119
    ));
#1277 = CARTESIAN_POINT('',(-8.004747444165,4.12383436712,3.515517907428
    ));
#1278 = CARTESIAN_POINT('',(-8.101955879917,3.932824896033,
    3.521009913369));
#1279 = CARTESIAN_POINT('',(-8.194142595536,3.739324600063,3.52649964215
    ));
#1280 = CARTESIAN_POINT('',(-8.281251147336,3.543475291549,
    3.531987994033));
#1281 = CARTESIAN_POINT('',(-8.363224222733,3.345418103694,
    3.537475885507));
#1282 = CARTESIAN_POINT('',(-8.440003564527,3.145293675292,
    3.542964238383));
#1283 = CARTESIAN_POINT('',(-8.511529895411,2.943242335518,
    3.548453968902));
#1284 = CARTESIAN_POINT('',(-8.577742842258,2.739404288659,
    3.553945976829));
#1285 = CARTESIAN_POINT('',(-8.638580860588,2.533919798889,
    3.559441134557));
#1286 = CARTESIAN_POINT('',(-8.80478175557,1.912948527277,3.575938559506
    ));
#1287 = CARTESIAN_POINT('',(-8.893731979138,1.493321685445,3.58692090116
    ));
#1288 = CARTESIAN_POINT('',(-8.960821912518,1.069585448404,
    3.597868529161));
#1289 = CARTESIAN_POINT('',(-9.005126838082,0.640406245146,
    3.608996122474));
#1290 = CARTESIAN_POINT('',(-9.028641348023,0.216416097802,
    3.619543002134));
#1291 = CARTESIAN_POINT('',(-9.028487002988,-0.221485938001,
    3.631170903741));
#1292 = CARTESIAN_POINT('',(-9.004777223997,-0.645461882867,
    3.641717737966));
#1293 = CARTESIAN_POINT('',(-8.960217375359,-1.074616794273,
    3.652845351416));
#1294 = CARTESIAN_POINT('',(-8.892893133137,-1.498315438324,
    3.663792978628));
#1295 = CARTESIAN_POINT('',(-8.803707523566,-1.917892398727,
    3.674775326241));
#1296 = CARTESIAN_POINT('',(-8.58163893874,-2.745728857031,
    3.696771892839));
#1297 = CARTESIAN_POINT('',(-8.448858671106,-3.153611473951,
    3.707754234493));
#1298 = CARTESIAN_POINT('',(-8.29509213923,-3.554122786422,
    3.718701862495));
#1299 = CARTESIAN_POINT('',(-8.118871728655,-3.947955342003,
    3.729829455808));
#1300 = CARTESIAN_POINT('',(-7.927240817943,-4.326898835528,
    3.740376335468));
#1301 = CARTESIAN_POINT('',(-7.708156133329,-4.706055950382,
    3.752004237074));
#1302 = CARTESIAN_POINT('',(-7.475634889963,-5.061374999737,3.7625510713
    ));
#1303 = CARTESIAN_POINT('',(-7.222467473358,-5.410754130852,
    3.773678684749));
#1304 = CARTESIAN_POINT('',(-6.952313647274,-5.74402579904,
    3.784626311961));
#1305 = CARTESIAN_POINT('',(-6.665288163533,-6.062797300806,
    3.795608659575));
#1306 = CARTESIAN_POINT('',(-6.059052898539,-6.668690411463,
    3.817605226172));
#1307 = CARTESIAN_POINT('',(-5.740120505187,-6.95553698566,
    3.828587567827));
#1308 = CARTESIAN_POINT('',(-5.406699126096,-7.225506690828,
    3.839535195828));
#1309 = CARTESIAN_POINT('',(-5.057171496078,-7.478465483504,
    3.850662789141));
#1310 = CARTESIAN_POINT('',(-4.701742512497,-7.71082472015,
    3.861209668801));
#1311 = CARTESIAN_POINT('',(-4.322431052602,-7.92964207132,
    3.872837570408));
#1312 = CARTESIAN_POINT('',(-3.943402224263,-8.121096772839,
    3.883384404633));
#1313 = CARTESIAN_POINT('',(-3.549463244505,-8.297084267626,
    3.894512018082));
#1314 = CARTESIAN_POINT('',(-3.148867334098,-8.4506290856,3.905459645294
    ));
#1315 = CARTESIAN_POINT('',(-2.74091022276,-8.58318056226,3.916441992908
    ));
#1316 = CARTESIAN_POINT('',(-1.912948527277,-8.804781755571,
    3.938438559506));
#1317 = CARTESIAN_POINT('',(-1.493321685445,-8.893731979137,
    3.94942090116));
#1318 = CARTESIAN_POINT('',(-1.069585448405,-8.960821912519,
    3.960368529161));
#1319 = CARTESIAN_POINT('',(-0.640406245146,-9.005126838079,
    3.971496122474));
#1320 = CARTESIAN_POINT('',(-0.216416097801,-9.028641348026,
    3.982043002134));
#1321 = CARTESIAN_POINT('',(0.221485937999,-9.028487002984,
    3.993670903741));
#1322 = CARTESIAN_POINT('',(0.645461882868,-9.004777224,4.004217737966)
  );
#1323 = CARTESIAN_POINT('',(1.074616794272,-8.960217375357,
    4.015345351416));
#1324 = CARTESIAN_POINT('',(1.498315438325,-8.892893133138,
    4.026292978628));
#1325 = CARTESIAN_POINT('',(1.917892398727,-8.803707523566,
    4.037275326241));
#1326 = CARTESIAN_POINT('',(2.745728857031,-8.581638938741,
    4.059271892839));
#1327 = CARTESIAN_POINT('',(3.153611473951,-8.448858671105,
    4.070254234493));
#1328 = CARTESIAN_POINT('',(3.554122786424,-8.295092139234,
    4.081201862495));
#1329 = CARTESIAN_POINT('',(3.947955342,-8.118871728647,4.092329455808)
  );
#1330 = CARTESIAN_POINT('',(4.326898835532,-7.927240817953,
    4.102876335467));
#1331 = CARTESIAN_POINT('',(4.706055950377,-7.708156133319,
    4.114504237075));
#1332 = CARTESIAN_POINT('',(5.061374999742,-7.475634889971,4.1250510713)
  );
#1333 = CARTESIAN_POINT('',(5.41075413085,-7.222467473353,4.136178684749
    ));
#1334 = CARTESIAN_POINT('',(5.744025799041,-6.952313647275,
    4.147126311961));
#1335 = CARTESIAN_POINT('',(6.062797300806,-6.665288163533,
    4.158108659575));
#1336 = CARTESIAN_POINT('',(6.517217133799,-6.210611714788,
    4.174606084523));
#1337 = CARTESIAN_POINT('',(6.66466541618,-6.055099208325,4.180101240761
    ));
#1338 = CARTESIAN_POINT('',(6.807998443722,-5.895757621654,
    4.185593246702));
#1339 = CARTESIAN_POINT('',(6.947125535003,-5.732710366089,
    4.191082975483));
#1340 = CARTESIAN_POINT('',(7.0819554659,-5.566079813133,4.196571327366)
  );
#1341 = CARTESIAN_POINT('',(7.212396348712,-5.395987453398,4.20205921884
    ));
#1342 = CARTESIAN_POINT('',(7.338355511347,-5.222554055461,
    4.207547571717));
#1343 = CARTESIAN_POINT('',(7.459739376422,-5.045899824795,
    4.213037302235));
#1344 = CARTESIAN_POINT('',(7.576453340464,-4.866144562631,
    4.218529310163));
#1345 = CARTESIAN_POINT('',(7.688401653013,-4.683407824871,
    4.224024467891));
#1346 = CARTESIAN_POINT('',(8.009658581384,-4.126611593171,
    4.240521892839));
#1347 = CARTESIAN_POINT('',(8.204185318083,-3.744305201167,
    4.251504234493));
#1348 = CARTESIAN_POINT('',(8.378660225669,-3.352371578768,
    4.262451862495));
#1349 = CARTESIAN_POINT('',(8.532535249062,-2.949283260763,
    4.273579455808));
#1350 = CARTESIAN_POINT('',(8.664985246584,-2.545826230359,
    4.284126335468));
#1351 = CARTESIAN_POINT('',(8.778173547473,-2.122805397159,
    4.295754237074));
#1352 = CARTESIAN_POINT('',(8.865004708816,-1.707139539929,4.3063010713)
  );
#1353 = CARTESIAN_POINT('',(8.933036664566,-1.28107479005,4.317428684749
    ));
#1354 = CARTESIAN_POINT('',(8.977667718736,-0.854388531112,
    4.328376311961));
#1355 = CARTESIAN_POINT('',(9.000115543356,-0.426025374637,
    4.339358659575));
#1356 = CARTESIAN_POINT('',(8.999873603704,0.431078819454,4.361355226172
    ));
#1357 = CARTESIAN_POINT('',(8.9771855034,0.859429235308,4.372337567827)
  );
#1358 = CARTESIAN_POINT('',(8.932318394488,1.286091162696,4.383285195828
    ));
#1359 = CARTESIAN_POINT('',(8.86403391476,1.712113397755,4.394412789141)
  );
#1360 = CARTESIAN_POINT('',(8.777010462131,2.127742434179,4.404959668801
    ));
#1361 = CARTESIAN_POINT('',(8.663523989527,2.550683372507,4.416587570408
    ));
#1362 = CARTESIAN_POINT('',(8.530889052463,2.954076145024,4.427134404633
    ));
#1363 = CARTESIAN_POINT('',(8.37677407948,3.357075019953,4.438262018082)
  );
#1364 = CARTESIAN_POINT('',(8.202082576716,3.748911686722,4.449209645294
    ));
#1365 = CARTESIAN_POINT('',(8.00734138486,4.131108974585,4.460191992908)
  );
#1366 = CARTESIAN_POINT('',(7.685770167662,4.687723751546,4.476689417856
    ));
#1367 = CARTESIAN_POINT('',(7.573719045007,4.870397453964,4.482184574094
    ));
#1368 = CARTESIAN_POINT('',(7.456904208561,5.050087164334,4.487676580035
    ));
#1369 = CARTESIAN_POINT('',(7.335421394415,5.226673349931,4.493166308816
    ));
#1370 = CARTESIAN_POINT('',(7.209365193837,5.400036222942,4.4986546607)
  );
#1371 = CARTESIAN_POINT('',(7.078829175441,5.570055582581,4.504142552173
    ));
#1372 = CARTESIAN_POINT('',(6.943906007432,5.73661065727,4.50963090505)
  );
#1373 = CARTESIAN_POINT('',(6.804687579756,5.899579946736,4.515120635569
    ));
#1374 = CARTESIAN_POINT('',(6.661265126344,6.058841064197,4.520612643496
    ));
#1375 = CARTESIAN_POINT('',(6.513729347284,6.21427057847,4.526107801224)
  );
#1376 = CARTESIAN_POINT('',(6.210611714788,6.517217133799,4.537106084523
    ));
#1377 = CARTESIAN_POINT('',(6.055099208326,6.66466541618,4.542601240761)
  );
#1378 = CARTESIAN_POINT('',(5.895757621654,6.807998443721,4.548093246702
    ));
#1379 = CARTESIAN_POINT('',(5.73271036609,6.947125535004,4.553582975483)
  );
#1380 = CARTESIAN_POINT('',(5.566079813132,7.081955465898,4.559071327366
    ));
#1381 = CARTESIAN_POINT('',(5.395987453399,7.212396348714,4.56455921884)
  );
#1382 = CARTESIAN_POINT('',(5.222554055461,7.338355511345,4.570047571716
    ));
#1383 = CARTESIAN_POINT('',(5.045899824796,7.459739376424,4.575537302236
    ));
#1384 = CARTESIAN_POINT('',(4.866144562631,7.576453340463,4.581029310163
    ));
#1385 = CARTESIAN_POINT('',(4.683407824871,7.688401653013,4.586524467891
    ));
#1386 = CARTESIAN_POINT('',(4.126611593171,8.009658581384,4.603021892839
    ));
#1387 = CARTESIAN_POINT('',(3.744305201167,8.204185318084,4.614004234493
    ));
#1388 = CARTESIAN_POINT('',(3.352371578769,8.378660225666,4.624951862495
    ));
#1389 = CARTESIAN_POINT('',(2.949283260762,8.532535249067,4.636079455808
    ));
#1390 = CARTESIAN_POINT('',(2.545826230361,8.664985246576,4.646626335467
    ));
#1391 = CARTESIAN_POINT('',(2.122805397158,8.778173547481,4.658254237075
    ));
#1392 = CARTESIAN_POINT('',(1.70713953993,8.86500470881,4.6688010713));
#1393 = CARTESIAN_POINT('',(1.281074790049,8.93303666457,4.679928684749)
  );
#1394 = CARTESIAN_POINT('',(0.854388531112,8.977667718735,4.690876311961
    ));
#1395 = CARTESIAN_POINT('',(0.426025374637,9.000115543356,4.701858659575
    ));
#1396 = CARTESIAN_POINT('',(-0.216802770931,8.999934088617,
    4.718356084523));
#1397 = CARTESIAN_POINT('',(-0.431028399157,8.994231821085,
    4.723851240761));
#1398 = CARTESIAN_POINT('',(-0.645051671358,8.982912060368,
    4.729343246702));
#1399 = CARTESIAN_POINT('',(-0.858721201117,8.965997949993,
    4.734832975483));
#1400 = CARTESIAN_POINT('',(-1.071885953504,8.943511514492,
    4.740321327366));
#1401 = CARTESIAN_POINT('',(-1.284395047287,8.915473686274,4.74580921884
    ));
#1402 = CARTESIAN_POINT('',(-1.496097557099,8.881904332562,
    4.751297571716));
#1403 = CARTESIAN_POINT('',(-1.706842315653,8.842822282254,
    4.756787302235));
#1404 = CARTESIAN_POINT('',(-1.916477715915,8.798245352856,
    4.762279310163));
#1405 = CARTESIAN_POINT('',(-2.124851513303,8.74819037736,4.767774467891
    ));
#1406 = CARTESIAN_POINT('',(-2.745728857031,8.58163893874,4.784271892839
    ));
#1407 = CARTESIAN_POINT('',(-3.153611473951,8.448858671106,
    4.795254234494));
#1408 = CARTESIAN_POINT('',(-3.554122786424,8.295092139229,
    4.806201862494));
#1409 = CARTESIAN_POINT('',(-3.947955342,8.118871728656,4.817329455808)
  );
#1410 = CARTESIAN_POINT('',(-4.32689883553,7.927240817943,4.827876335467
    ));
#1411 = CARTESIAN_POINT('',(-4.706055950381,7.708156133329,
    4.839504237075));
#1412 = CARTESIAN_POINT('',(-5.061374999737,7.475634889964,
    4.850051071299));
#1413 = CARTESIAN_POINT('',(-5.410754130853,7.222467473358,
    4.861178684749));
#1414 = CARTESIAN_POINT('',(-5.74402579904,6.952313647274,4.872126311961
    ));
#1415 = CARTESIAN_POINT('',(-6.062797300806,6.665288163533,
    4.883108659575));
#1416 = CARTESIAN_POINT('',(-6.668690411463,6.059052898539,
    4.905105226172));
#1417 = CARTESIAN_POINT('',(-6.95553698566,5.740120505186,4.916087567827
    ));
#1418 = CARTESIAN_POINT('',(-7.225506690828,5.406699126097,
    4.927035195828));
#1419 = CARTESIAN_POINT('',(-7.478465483505,5.057171496077,
    4.938162789141));
#1420 = CARTESIAN_POINT('',(-7.710824720148,4.701742512498,
    4.948709668801));
#1421 = CARTESIAN_POINT('',(-7.929642071322,4.322431052602,
    4.960337570408));
#1422 = CARTESIAN_POINT('',(-8.121096772837,3.943402224262,
    4.970884404633));
#1423 = CARTESIAN_POINT('',(-8.297084267627,3.549463244506,
    4.982012018082));
#1424 = CARTESIAN_POINT('',(-8.4506290856,3.148867334097,4.992959645294)
  );
#1425 = CARTESIAN_POINT('',(-8.58318056226,2.74091022276,5.003941992908)
  );
#1426 = CARTESIAN_POINT('',(-8.804781755571,1.912948527277,
    5.025938559506));
#1427 = CARTESIAN_POINT('',(-8.893731979137,1.493321685445,5.03692090116
    ));
#1428 = CARTESIAN_POINT('',(-8.960821912518,1.069585448404,
    5.047868529161));
#1429 = CARTESIAN_POINT('',(-9.005126838081,0.640406245146,
    5.058996122474));
#1430 = CARTESIAN_POINT('',(-9.028641348023,0.216416097803,
    5.069543002134));
#1431 = CARTESIAN_POINT('',(-9.028487002987,-0.221485938002,
    5.081170903741));
#1432 = CARTESIAN_POINT('',(-9.004777223997,-0.645461882866,
    5.091717737966));
#1433 = CARTESIAN_POINT('',(-8.960217375359,-1.074616794273,
    5.102845351416));
#1434 = CARTESIAN_POINT('',(-8.892893133137,-1.498315438324,
    5.113792978628));
#1435 = CARTESIAN_POINT('',(-8.803707523566,-1.917892398727,
    5.124775326241));
#1436 = CARTESIAN_POINT('',(-8.58163893874,-2.745728857031,
    5.146771892839));
#1437 = CARTESIAN_POINT('',(-8.448858671106,-3.153611473951,
    5.157754234494));
#1438 = CARTESIAN_POINT('',(-8.295092139231,-3.554122786423,
    5.168701862494));
#1439 = CARTESIAN_POINT('',(-8.118871728653,-3.947955342001,
    5.179829455808));
#1440 = CARTESIAN_POINT('',(-7.927240817946,-4.32689883553,
    5.190376335467));
#1441 = CARTESIAN_POINT('',(-7.708156133326,-4.706055950381,
    5.202004237075));
#1442 = CARTESIAN_POINT('',(-7.475634889966,-5.061374999739,
    5.212551071299));
#1443 = CARTESIAN_POINT('',(-7.222467473356,-5.410754130852,
    5.223678684749));
#1444 = CARTESIAN_POINT('',(-6.952313647274,-5.74402579904,
    5.234626311961));
#1445 = CARTESIAN_POINT('',(-6.665288163533,-6.062797300806,
    5.245608659575));
#1446 = CARTESIAN_POINT('',(-6.210611714787,-6.517217133799,
    5.262106084523));
#1447 = CARTESIAN_POINT('',(-6.055099208326,-6.664665416181,
    5.267601240761));
#1448 = CARTESIAN_POINT('',(-5.895757621653,-6.80799844372,
    5.273093246702));
#1449 = CARTESIAN_POINT('',(-5.732710366091,-6.947125535006,
    5.278582975483));
#1450 = CARTESIAN_POINT('',(-5.56607981313,-7.081955465896,
    5.284071327366));
#1451 = CARTESIAN_POINT('',(-5.395987453401,-7.212396348717,
    5.28955921884));
#1452 = CARTESIAN_POINT('',(-5.222554055459,-7.338355511343,
    5.295047571716));
#1453 = CARTESIAN_POINT('',(-5.045899824797,-7.459739376425,
    5.300537302236));
#1454 = CARTESIAN_POINT('',(-4.86614456263,-7.576453340463,
    5.306029310163));
#1455 = CARTESIAN_POINT('',(-4.683407824871,-7.688401653013,
    5.311524467891));
#1456 = CARTESIAN_POINT('',(-4.126611593171,-8.009658581384,
    5.328021892839));
#1457 = CARTESIAN_POINT('',(-3.744305201167,-8.204185318084,
    5.339004234494));
#1458 = CARTESIAN_POINT('',(-3.352371578768,-8.378660225667,
    5.349951862494));
#1459 = CARTESIAN_POINT('',(-2.949283260763,-8.532535249064,
    5.361079455808));
#1460 = CARTESIAN_POINT('',(-2.545826230358,-8.66498524658,
    5.371626335467));
#1461 = CARTESIAN_POINT('',(-2.12280539716,-8.778173547477,
    5.383254237075));
#1462 = CARTESIAN_POINT('',(-1.707139539928,-8.865004708813,
    5.393801071299));
#1463 = CARTESIAN_POINT('',(-1.28107479005,-8.933036664568,
    5.404928684749));
#1464 = CARTESIAN_POINT('',(-0.854388531112,-8.977667718735,
    5.415876311961));
#1465 = CARTESIAN_POINT('',(-0.426025374637,-9.000115543356,
    5.426858659575));
#1466 = CARTESIAN_POINT('',(0.431078819454,-8.999873603704,
    5.448855226172));
#1467 = CARTESIAN_POINT('',(0.859429235309,-8.9771855034,5.459837567827)
  );
#1468 = CARTESIAN_POINT('',(1.286091162695,-8.932318394488,
    5.470785195828));
#1469 = CARTESIAN_POINT('',(1.712113397756,-8.86403391476,5.481912789141
    ));
#1470 = CARTESIAN_POINT('',(2.127742434178,-8.777010462132,
    5.492459668801));
#1471 = CARTESIAN_POINT('',(2.550683372508,-8.663523989527,
    5.504087570408));
#1472 = CARTESIAN_POINT('',(2.954076145023,-8.530889052463,
    5.514634404633));
#1473 = CARTESIAN_POINT('',(3.357075019953,-8.37677407948,5.525762018082
    ));
#1474 = CARTESIAN_POINT('',(3.748911686723,-8.202082576716,
    5.536709645294));
#1475 = CARTESIAN_POINT('',(4.131108974585,-8.00734138486,5.547691992908
    ));
#1476 = CARTESIAN_POINT('',(4.687723751546,-7.685770167662,
    5.564189417856));
#1477 = CARTESIAN_POINT('',(4.870397453964,-7.573719045008,
    5.569684574095));
#1478 = CARTESIAN_POINT('',(5.050087164334,-7.456904208559,
    5.575176580035));
#1479 = CARTESIAN_POINT('',(5.226673349932,-7.335421394417,
    5.580666308816));
#1480 = CARTESIAN_POINT('',(5.400036222941,-7.209365193834,5.5861546607)
  );
#1481 = CARTESIAN_POINT('',(5.570055582582,-7.078829175444,
    5.591642552173));
#1482 = CARTESIAN_POINT('',(5.736610657269,-6.943906007431,5.59713090505
    ));
#1483 = CARTESIAN_POINT('',(5.899579946737,-6.804687579757,
    5.602620635569));
#1484 = CARTESIAN_POINT('',(6.058841064197,-6.661265126344,
    5.608112643496));
#1485 = CARTESIAN_POINT('',(6.21427057847,-6.513729347284,5.613607801224
    ));
#1486 = CARTESIAN_POINT('',(6.517217133799,-6.210611714788,
    5.624606084523));
#1487 = CARTESIAN_POINT('',(6.664665416181,-6.055099208325,
    5.630101240761));
#1488 = CARTESIAN_POINT('',(6.80799844372,-5.895757621655,5.635593246702
    ));
#1489 = CARTESIAN_POINT('',(6.947125535006,-5.732710366087,
    5.641082975483));
#1490 = CARTESIAN_POINT('',(7.081955465895,-5.566079813135,
    5.646571327366));
#1491 = CARTESIAN_POINT('',(7.212396348718,-5.395987453396,
    5.652059218841));
#1492 = CARTESIAN_POINT('',(7.338355511342,-5.222554055463,
    5.657547571716));
#1493 = CARTESIAN_POINT('',(7.459739376425,-5.045899824795,
    5.663037302236));
#1494 = CARTESIAN_POINT('',(7.576453340463,-4.866144562631,
    5.668529310163));
#1495 = CARTESIAN_POINT('',(7.688401653013,-4.683407824871,
    5.674024467891));
#1496 = CARTESIAN_POINT('',(8.009658581384,-4.126611593171,
    5.690521892839));
#1497 = CARTESIAN_POINT('',(8.204185318084,-3.744305201167,
    5.701504234493));
#1498 = CARTESIAN_POINT('',(8.378660225667,-3.352371578768,
    5.712451862495));
#1499 = CARTESIAN_POINT('',(8.532535249065,-2.949283260763,
    5.723579455807));
#1500 = CARTESIAN_POINT('',(8.66498524658,-2.545826230359,5.734126335469
    ));
#1501 = CARTESIAN_POINT('',(8.778173547477,-2.12280539716,5.745754237073
    ));
#1502 = CARTESIAN_POINT('',(8.865004708813,-1.707139539928,
    5.756301071301));
#1503 = CARTESIAN_POINT('',(8.933036664568,-1.28107479005,5.767428684748
    ));
#1504 = CARTESIAN_POINT('',(8.977667718735,-0.854388531112,
    5.778376311961));
#1505 = CARTESIAN_POINT('',(9.000115543356,-0.426025374637,
    5.789358659575));
#1506 = CARTESIAN_POINT('',(8.999873603705,0.431078819454,5.811355226172
    ));
#1507 = CARTESIAN_POINT('',(8.9771855034,0.859429235308,5.822337567827)
  );
#1508 = CARTESIAN_POINT('',(8.932318394491,1.286091162696,5.833285195828
    ));
#1509 = CARTESIAN_POINT('',(8.864033914756,1.712113397753,5.844412789141
    ));
#1510 = CARTESIAN_POINT('',(8.777010462136,2.127742434181,5.854959668801
    ));
#1511 = CARTESIAN_POINT('',(8.663523989522,2.550683372503,5.866587570407
    ));
#1512 = CARTESIAN_POINT('',(8.530889052466,2.954076145027,5.877134404634
    ));
#1513 = CARTESIAN_POINT('',(8.376774079478,3.35707501995,5.888262018082)
  );
#1514 = CARTESIAN_POINT('',(8.202082576716,3.748911686724,5.899209645294
    ));
#1515 = CARTESIAN_POINT('',(8.00734138486,4.131108974585,5.910191992908)
  );
#1516 = CARTESIAN_POINT('',(7.685770167662,4.687723751546,5.926689417856
    ));
#1517 = CARTESIAN_POINT('',(7.573719045008,4.870397453964,5.932184574094
    ));
#1518 = CARTESIAN_POINT('',(7.456904208558,5.050087164336,5.937676580035
    ));
#1519 = CARTESIAN_POINT('',(7.33542139442,5.226673349928,5.943166308816)
  );
#1520 = CARTESIAN_POINT('',(7.209365193831,5.400036222946,5.9486546607)
  );
#1521 = CARTESIAN_POINT('',(7.078829175447,5.570055582577,5.954142552173
    ));
#1522 = CARTESIAN_POINT('',(6.943906007428,5.736610657272,5.95963090505)
  );
#1523 = CARTESIAN_POINT('',(6.804687579758,5.899579946735,5.965120635569
    ));
#1524 = CARTESIAN_POINT('',(6.661265126343,6.058841064197,5.970612643496
    ));
#1525 = CARTESIAN_POINT('',(6.513729347285,6.21427057847,5.976107801224)
  );
#1526 = CARTESIAN_POINT('',(6.059052898539,6.668690411464,5.992605226172
    ));
#1527 = CARTESIAN_POINT('',(5.740120505187,6.95553698566,6.003587567827)
  );
#1528 = CARTESIAN_POINT('',(5.406699126095,7.225506690828,6.014535195828
    ));
#1529 = CARTESIAN_POINT('',(5.057171496078,7.478465483504,6.025662789141
    ));
#1530 = CARTESIAN_POINT('',(4.701742512497,7.710824720148,6.036209668801
    ));
#1531 = CARTESIAN_POINT('',(4.322431052603,7.929642071322,6.047837570408
    ));
#1532 = CARTESIAN_POINT('',(3.943402224262,8.121096772837,6.058384404633
    ));
#1533 = CARTESIAN_POINT('',(3.549463244506,8.297084267626,6.069512018082
    ));
#1534 = CARTESIAN_POINT('',(3.148867334097,8.4506290856,6.080459645294)
  );
#1535 = CARTESIAN_POINT('',(2.74091022276,8.58318056226,6.091441992908)
  );
#1536 = CARTESIAN_POINT('',(1.912948527277,8.804781755571,6.113438559506
    ));
#1537 = CARTESIAN_POINT('',(1.493321685445,8.893731979138,6.12442090116)
  );
#1538 = CARTESIAN_POINT('',(1.069585448405,8.960821912518,6.135368529161
    ));
#1539 = CARTESIAN_POINT('',(0.640406245145,9.005126838081,6.146496122474
    ));
#1540 = CARTESIAN_POINT('',(0.216416097801,9.028641348023,6.157043002135
    ));
#1541 = CARTESIAN_POINT('',(-0.221485937999,9.028487002987,6.16867090374
    ));
#1542 = CARTESIAN_POINT('',(-0.64546188287,9.004777223998,6.179217737967
    ));
#1543 = CARTESIAN_POINT('',(-1.074616794271,8.960217375359,
    6.190345351415));
#1544 = CARTESIAN_POINT('',(-1.498315438325,8.892893133137,
    6.201292978628));
#1545 = CARTESIAN_POINT('',(-1.917892398727,8.803707523566,
    6.212275326241));
#1546 = CARTESIAN_POINT('',(-2.745728857031,8.58163893874,6.234271892839
    ));
#1547 = CARTESIAN_POINT('',(-3.153611473951,8.448858671106,
    6.245254234493));
#1548 = CARTESIAN_POINT('',(-3.554122786423,8.29509213923,6.256201862495
    ));
#1549 = CARTESIAN_POINT('',(-3.947955342002,8.118871728653,
    6.267329455808));
#1550 = CARTESIAN_POINT('',(-4.326898835527,7.927240817946,
    6.277876335468));
#1551 = CARTESIAN_POINT('',(-4.706055950384,7.708156133326,
    6.289504237075));
#1552 = CARTESIAN_POINT('',(-5.061374999736,7.475634889967,6.3000510713)
  );
#1553 = CARTESIAN_POINT('',(-5.410754130853,7.222467473356,
    6.311178684749));
#1554 = CARTESIAN_POINT('',(-5.74402579904,6.952313647274,6.322126311961
    ));
#1555 = CARTESIAN_POINT('',(-6.062797300806,6.665288163533,
    6.333108659575));
#1556 = CARTESIAN_POINT('',(-6.668690411463,6.059052898539,
    6.355105226172));
#1557 = CARTESIAN_POINT('',(-6.955536985661,5.740120505187,
    6.366087567827));
#1558 = CARTESIAN_POINT('',(-7.225506690826,5.406699126095,
    6.377035195828));
#1559 = CARTESIAN_POINT('',(-7.478465483507,5.057171496081,
    6.388162789141));
#1560 = CARTESIAN_POINT('',(-7.710824720146,4.701742512493,
    6.398709668801));
#1561 = CARTESIAN_POINT('',(-7.929642071324,4.322431052607,
    6.410337570407));
#1562 = CARTESIAN_POINT('',(-8.121096772836,3.943402224258,
    6.420884404633));
#1563 = CARTESIAN_POINT('',(-8.297084267627,3.549463244508,
    6.432012018082));
#1564 = CARTESIAN_POINT('',(-8.450629085599,3.148867334096,
    6.442959645294));
#1565 = CARTESIAN_POINT('',(-8.58318056226,2.74091022276,6.453941992908)
  );
#1566 = CARTESIAN_POINT('',(-8.749381457243,2.119938951148,
    6.470439417856));
#1567 = CARTESIAN_POINT('',(-8.799319162298,1.911537028755,
    6.475934574095));
#1568 = CARTESIAN_POINT('',(-8.843778412017,1.701876653047,
    6.481426580035));
#1569 = CARTESIAN_POINT('',(-8.882742379634,1.49111004207,6.486916308817
    ));
#1570 = CARTESIAN_POINT('',(-8.916193248509,1.279388784716,
    6.492404660698));
#1571 = CARTESIAN_POINT('',(-8.944112186843,1.066864038787,
    6.497892552175));
#1572 = CARTESIAN_POINT('',(-8.96647932256,0.853686728995,6.503380905049
    ));
#1573 = CARTESIAN_POINT('',(-8.98327371799,0.640007745012,6.508870635569
    ));
#1574 = CARTESIAN_POINT('',(-8.994473344745,0.425978139494,
    6.514362643496));
#1575 = CARTESIAN_POINT('',(-9.000055058443,0.211749326114,
    6.519857801224));
#1576 = CARTESIAN_POINT('',(-8.999873603704,-0.431078819454,
    6.536355226172));
#1577 = CARTESIAN_POINT('',(-8.9771855034,-0.859429235309,6.547337567827
    ));
#1578 = CARTESIAN_POINT('',(-8.932318394489,-1.286091162696,
    6.558285195828));
#1579 = CARTESIAN_POINT('',(-8.86403391476,-1.712113397755,
    6.569412789141));
#1580 = CARTESIAN_POINT('',(-8.777010462131,-2.127742434178,
    6.579959668801));
#1581 = CARTESIAN_POINT('',(-8.663523989527,-2.550683372508,
    6.591587570408));
#1582 = CARTESIAN_POINT('',(-8.530889052462,-2.954076145022,
    6.602134404633));
#1583 = CARTESIAN_POINT('',(-8.37677407948,-3.357075019954,
    6.613262018082));
#1584 = CARTESIAN_POINT('',(-8.202082576716,-3.748911686722,
    6.624209645294));
#1585 = CARTESIAN_POINT('',(-8.00734138486,-4.131108974585,
    6.635191992908));
#1586 = CARTESIAN_POINT('',(-7.685770167662,-4.687723751546,
    6.651689417856));
#1587 = CARTESIAN_POINT('',(-7.573719045007,-4.870397453964,
    6.657184574094));
#1588 = CARTESIAN_POINT('',(-7.456904208562,-5.050087164336,
    6.662676580035));
#1589 = CARTESIAN_POINT('',(-7.335421394413,-5.226673349929,
    6.668166308816));
#1590 = CARTESIAN_POINT('',(-7.209365193839,-5.400036222944,6.6736546607
    ));
#1591 = CARTESIAN_POINT('',(-7.078829175439,-5.570055582579,
    6.679142552173));
#1592 = CARTESIAN_POINT('',(-6.943906007434,-5.736610657271,
    6.68463090505));
#1593 = CARTESIAN_POINT('',(-6.804687579755,-5.899579946735,
    6.690120635569));
#1594 = CARTESIAN_POINT('',(-6.661265126345,-6.058841064197,
    6.695612643496));
#1595 = CARTESIAN_POINT('',(-6.513729347284,-6.21427057847,
    6.701107801224));
#1596 = CARTESIAN_POINT('',(-6.210611714788,-6.517217133799,
    6.712106084523));
#1597 = CARTESIAN_POINT('',(-6.055099208324,-6.664665416179,
    6.717601240761));
#1598 = CARTESIAN_POINT('',(-5.895757621658,-6.807998443725,
    6.723093246703));
#1599 = CARTESIAN_POINT('',(-5.732710366082,-6.947125534998,
    6.728582975482));
#1600 = CARTESIAN_POINT('',(-5.566079813142,-7.081955465906,
    6.734071327368));
#1601 = CARTESIAN_POINT('',(-5.395987453389,-7.212396348707,
    6.739559218838));
#1602 = CARTESIAN_POINT('',(-5.222554055468,-7.338355511351,
    6.745047571718));
#1603 = CARTESIAN_POINT('',(-5.045899824792,-7.459739376421,
    6.750537302235));
#1604 = CARTESIAN_POINT('',(-4.866144562632,-7.576453340464,
    6.756029310163));
#1605 = CARTESIAN_POINT('',(-4.68340782487,-7.688401653013,
    6.761524467891));
#1606 = CARTESIAN_POINT('',(-4.126611593171,-8.009658581384,
    6.778021892839));
#1607 = CARTESIAN_POINT('',(-3.744305201167,-8.204185318084,
    6.789004234493));
#1608 = CARTESIAN_POINT('',(-3.352371578769,-8.378660225667,
    6.799951862495));
#1609 = CARTESIAN_POINT('',(-2.949283260761,-8.532535249065,
    6.811079455807));
#1610 = CARTESIAN_POINT('',(-2.545826230362,-8.664985246579,
    6.821626335468));
#1611 = CARTESIAN_POINT('',(-2.122805397157,-8.778173547477,
    6.833254237074));
#1612 = CARTESIAN_POINT('',(-1.707139539931,-8.865004708813,6.8438010713
    ));
#1613 = CARTESIAN_POINT('',(-1.281074790049,-8.933036664568,
    6.854928684749));
#1614 = CARTESIAN_POINT('',(-0.854388531112,-8.977667718735,
    6.865876311961));
#1615 = CARTESIAN_POINT('',(-0.426025374637,-9.000115543356,
    6.876858659575));
#1616 = CARTESIAN_POINT('',(0.216802770931,-8.999934088617,
    6.893356084523));
#1617 = CARTESIAN_POINT('',(0.431028399157,-8.994231821084,
    6.898851240761));
#1618 = CARTESIAN_POINT('',(0.645051671358,-8.982912060369,
    6.904343246703));
#1619 = CARTESIAN_POINT('',(0.858721201116,-8.965997949991,
    6.909832975482));
#1620 = CARTESIAN_POINT('',(1.071885953505,-8.943511514495,
    6.915321327368));
#1621 = CARTESIAN_POINT('',(1.284395047285,-8.915473686272,
    6.920809218838));
#1622 = CARTESIAN_POINT('',(1.4960975571,-8.881904332563,6.926297571718)
  );
#1623 = CARTESIAN_POINT('',(1.706842315652,-8.842822282253,
    6.931787302235));
#1624 = CARTESIAN_POINT('',(1.916477715915,-8.798245352856,
    6.937279310163));
#1625 = CARTESIAN_POINT('',(2.124851513303,-8.74819037736,6.942774467891
    ));
#1626 = CARTESIAN_POINT('',(2.745728857032,-8.58163893874,6.959271892839
    ));
#1627 = CARTESIAN_POINT('',(3.15361147395,-8.448858671106,6.970254234493
    ));
#1628 = CARTESIAN_POINT('',(3.554122786424,-8.295092139231,
    6.981201862495));
#1629 = CARTESIAN_POINT('',(3.947955342001,-8.118871728651,
    6.992329455807));
#1630 = CARTESIAN_POINT('',(4.326898835529,-7.927240817949,
    7.002876335468));
#1631 = CARTESIAN_POINT('',(4.706055950382,-7.708156133323,
    7.014504237074));
#1632 = CARTESIAN_POINT('',(5.061374999737,-7.475634889969,7.0250510713)
  );
#1633 = CARTESIAN_POINT('',(5.410754130853,-7.222467473354,
    7.036178684749));
#1634 = CARTESIAN_POINT('',(5.74402579904,-6.952313647275,7.047126311961
    ));
#1635 = CARTESIAN_POINT('',(6.062797300806,-6.665288163533,
    7.058108659575));
#1636 = CARTESIAN_POINT('',(6.517217133799,-6.210611714788,
    7.074606084523));
#1637 = CARTESIAN_POINT('',(6.66466541618,-6.055099208325,7.080101240761
    ));
#1638 = CARTESIAN_POINT('',(6.807998443723,-5.895757621656,
    7.085593246702));
#1639 = CARTESIAN_POINT('',(6.947125535,-5.732710366086,7.091082975483)
  );
#1640 = CARTESIAN_POINT('',(7.081955465903,-5.566079813137,
    7.096571327366));
#1641 = CARTESIAN_POINT('',(7.212396348709,-5.395987453394,7.10205921884
    ));
#1642 = CARTESIAN_POINT('',(7.338355511349,-5.222554055465,
    7.107547571716));
#1643 = CARTESIAN_POINT('',(7.459739376422,-5.045899824794,
    7.113037302236));
#1644 = CARTESIAN_POINT('',(7.576453340464,-4.866144562632,
    7.118529310163));
#1645 = CARTESIAN_POINT('',(7.688401653013,-4.683407824871,
    7.124024467891));
#1646 = CARTESIAN_POINT('',(8.009658581384,-4.126611593171,
    7.140521892839));
#1647 = CARTESIAN_POINT('',(8.204185318085,-3.744305201167,
    7.151504234494));
#1648 = CARTESIAN_POINT('',(8.378660225665,-3.352371578769,
    7.162451862494));
#1649 = CARTESIAN_POINT('',(8.532535249068,-2.949283260762,
    7.173579455809));
#1650 = CARTESIAN_POINT('',(8.664985246575,-2.545826230361,
    7.184126335466));
#1651 = CARTESIAN_POINT('',(8.778173547481,-2.122805397158,
    7.195754237076));
#1652 = CARTESIAN_POINT('',(8.86500470881,-1.707139539929,7.206301071298
    ));
#1653 = CARTESIAN_POINT('',(8.93303666457,-1.28107479005,7.21742868475)
  );
#1654 = CARTESIAN_POINT('',(8.977667718735,-0.854388531112,
    7.228376311961));
#1655 = CARTESIAN_POINT('',(9.000115543356,-0.426025374637,
    7.239358659575));
#1656 = CARTESIAN_POINT('',(8.999873603704,0.431078819454,7.261355226172
    ));
#1657 = CARTESIAN_POINT('',(8.9771855034,0.859429235309,7.272337567827)
  );
#1658 = CARTESIAN_POINT('',(8.932318394489,1.286091162695,7.283285195828
    ));
#1659 = CARTESIAN_POINT('',(8.86403391476,1.712113397756,7.294412789141)
  );
#1660 = CARTESIAN_POINT('',(8.777010462133,2.127742434177,7.304959668801
    ));
#1661 = CARTESIAN_POINT('',(8.663523989526,2.550683372508,7.316587570407
    ));
#1662 = CARTESIAN_POINT('',(8.530889052464,2.954076145024,7.327134404634
    ));
#1663 = CARTESIAN_POINT('',(8.376774079479,3.357075019952,7.338262018082
    ));
#1664 = CARTESIAN_POINT('',(8.202082576716,3.748911686723,7.349209645295
    ));
#1665 = CARTESIAN_POINT('',(8.00734138486,4.131108974585,7.360191992908)
  );
#1666 = CARTESIAN_POINT('',(7.685770167662,4.687723751546,7.376689417856
    ));
#1667 = CARTESIAN_POINT('',(7.573719045007,4.870397453964,7.382184574094
    ));
#1668 = CARTESIAN_POINT('',(7.456904208562,5.050087164336,7.387676580035
    ));
#1669 = CARTESIAN_POINT('',(7.335421394414,5.226673349928,7.393166308816
    ));
#1670 = CARTESIAN_POINT('',(7.209365193839,5.400036222946,7.398654660699
    ));
#1671 = CARTESIAN_POINT('',(7.07882917544,5.570055582577,7.404142552174)
  );
#1672 = CARTESIAN_POINT('',(6.943906007433,5.736610657272,7.409630905049
    ));
#1673 = CARTESIAN_POINT('',(6.804687579755,5.899579946734,7.415120635569
    ));
#1674 = CARTESIAN_POINT('',(6.661265126344,6.058841064198,7.420612643496
    ));
#1675 = CARTESIAN_POINT('',(6.513729347284,6.21427057847,7.426107801224)
  );
#1676 = CARTESIAN_POINT('',(6.210611714788,6.517217133799,7.437106084523
    ));
#1677 = CARTESIAN_POINT('',(6.055099208325,6.66466541618,7.442601240761)
  );
#1678 = CARTESIAN_POINT('',(5.895757621655,6.807998443723,7.448093246702
    ));
#1679 = CARTESIAN_POINT('',(5.732710366088,6.947125535001,7.453582975482
    ));
#1680 = CARTESIAN_POINT('',(5.566079813135,7.081955465902,7.459071327367
    ));
#1681 = CARTESIAN_POINT('',(5.395987453397,7.21239634871,7.464559218839)
  );
#1682 = CARTESIAN_POINT('',(5.222554055462,7.338355511349,7.470047571717
    ));
#1683 = CARTESIAN_POINT('',(5.045899824795,7.459739376421,7.475537302235
    ));
#1684 = CARTESIAN_POINT('',(4.866144562631,7.576453340464,7.481029310163
    ));
#1685 = CARTESIAN_POINT('',(4.683407824871,7.688401653013,7.486524467891
    ));
#1686 = CARTESIAN_POINT('',(4.126611593171,8.009658581384,7.503021892839
    ));
#1687 = CARTESIAN_POINT('',(3.744305201167,8.204185318083,7.514004234493
    ));
#1688 = CARTESIAN_POINT('',(3.352371578768,8.378660225668,7.524951862495
    ));
#1689 = CARTESIAN_POINT('',(2.949283260762,8.532535249062,7.536079455808
    ));
#1690 = CARTESIAN_POINT('',(2.54582623036,8.664985246584,7.546626335468)
  );
#1691 = CARTESIAN_POINT('',(2.122805397159,8.778173547473,7.558254237074
    ));
#1692 = CARTESIAN_POINT('',(1.707139539929,8.865004708817,7.5688010713)
  );
#1693 = CARTESIAN_POINT('',(1.28107479005,8.933036664565,7.579928684749)
  );
#1694 = CARTESIAN_POINT('',(0.854388531112,8.977667718736,7.590876311961
    ));
#1695 = CARTESIAN_POINT('',(0.426025374637,9.000115543356,7.601858659575
    ));
#1696 = CARTESIAN_POINT('',(-0.216802770931,8.999934088617,
    7.618356084523));
#1697 = CARTESIAN_POINT('',(-0.431028399157,8.994231821085,
    7.623851240761));
#1698 = CARTESIAN_POINT('',(-0.645051671358,8.982912060367,
    7.629343246702));
#1699 = CARTESIAN_POINT('',(-0.858721201117,8.965997949995,
    7.634832975484));
#1700 = CARTESIAN_POINT('',(-1.071885953504,8.943511514489,
    7.640321327365));
#1701 = CARTESIAN_POINT('',(-1.284395047287,8.915473686278,
    7.645809218841));
#1702 = CARTESIAN_POINT('',(-1.496097557099,8.881904332558,
    7.651297571715));
#1703 = CARTESIAN_POINT('',(-1.706842315653,8.842822282256,
    7.656787302236));
#1704 = CARTESIAN_POINT('',(-1.916477715915,8.798245352855,
    7.662279310162));
#1705 = CARTESIAN_POINT('',(-2.124851513304,8.74819037736,7.667774467891
    ));
#1706 = CARTESIAN_POINT('',(-2.745728857032,8.58163893874,7.684271892839
    ));
#1707 = CARTESIAN_POINT('',(-3.15361147395,8.448858671106,7.695254234494
    ));
#1708 = CARTESIAN_POINT('',(-3.554122786423,8.295092139229,
    7.706201862496));
#1709 = CARTESIAN_POINT('',(-3.947955341995,8.118871728657,
    7.717329455805));
#1710 = CARTESIAN_POINT('',(-4.326898835538,7.927240817937,
    7.727876335471));
#1711 = CARTESIAN_POINT('',(-4.706055950364,7.708156133335,
    7.739504237074));
#1712 = CARTESIAN_POINT('',(-5.061374999746,7.475634889966,
    7.750051071299));
#1713 = CARTESIAN_POINT('',(-5.410754130853,7.22246747336,7.761178684748
    ));
#1714 = CARTESIAN_POINT('',(-5.744025799046,6.952313647277,
    7.772126311961));
#1715 = CARTESIAN_POINT('',(-6.062797300812,6.665288163533,
    7.783108659573));
#1716 = CARTESIAN_POINT('',(-6.668690411466,6.05905289853,7.805105226172
    ));
#1717 = CARTESIAN_POINT('',(-6.955536985655,5.740120505174,
    7.816087567829));
#1718 = CARTESIAN_POINT('',(-7.225506690815,5.406699126066,7.82703519583
    ));
#1719 = CARTESIAN_POINT('',(-7.478465483459,5.05717149615,7.838162789134
    ));
#1720 = CARTESIAN_POINT('',(-7.71082472019,4.701742512327,7.848709668818
    ));
#1721 = CARTESIAN_POINT('',(-7.929642071181,4.322431052804,
    7.860337570406));
#1722 = CARTESIAN_POINT('',(-8.121096772914,3.943402224261,
    7.870884404621));
#1723 = CARTESIAN_POINT('',(-8.29708426767,3.549463244579,7.882012018087
    ));
#1724 = CARTESIAN_POINT('',(-8.450629085681,3.148867334134,
    7.892959645288));
#1725 = CARTESIAN_POINT('',(-8.583180562336,2.740910222747,
    7.903941992912));
#1726 = CARTESIAN_POINT('',(-8.804781755544,1.912948527101,
    7.925938559509));
#1727 = CARTESIAN_POINT('',(-8.893731978996,1.49332168523,7.936920901185
    ));
#1728 = CARTESIAN_POINT('',(-8.960821912173,1.069585447979,7.94786852906
    ));
#1729 = CARTESIAN_POINT('',(-9.00512683803,0.640406246192,7.958996122666
    ));
#1730 = CARTESIAN_POINT('',(-9.028641347353,0.216416095341,
    7.969543001934));
#1731 = CARTESIAN_POINT('',(-9.028487002707,-0.221485934873,
    7.981170903618));
#1732 = CARTESIAN_POINT('',(-9.004777224887,-0.645461883006,
    7.991717737886));
#1733 = CARTESIAN_POINT('',(-8.960217376352,-1.074616793268,
    8.002845351672));
#1734 = CARTESIAN_POINT('',(-8.892893134328,-1.498315437868,
    8.013792978531));
#1735 = CARTESIAN_POINT('',(-8.803707524366,-1.917892398889,
    8.024775326576));
#1736 = CARTESIAN_POINT('',(-8.581638937342,-2.745728859062,
    8.046771892979));
#1737 = CARTESIAN_POINT('',(-8.44885866814,-3.153611476387,
    8.057754234579));
#1738 = CARTESIAN_POINT('',(-8.295092132925,-3.554122790536,
    8.068701859648));
#1739 = CARTESIAN_POINT('',(-8.118871732933,-3.947955333695,
    8.079829461592));
#1740 = CARTESIAN_POINT('',(-7.927240798234,-4.326898856215,
    8.090376327843));
#1741 = CARTESIAN_POINT('',(-7.708156145663,-4.706055924086,
    8.102004233698));
#1742 = CARTESIAN_POINT('',(-7.475634899288,-5.061375000793,
    8.112551072509));
#1743 = CARTESIAN_POINT('',(-7.22246748974,-5.410754121683,
    8.123678689225));
#1744 = CARTESIAN_POINT('',(-6.952313663532,-5.74402579378,
    8.134626311494));
#1745 = CARTESIAN_POINT('',(-6.665288173172,-6.062797299768,
    8.145608666521));
#1746 = CARTESIAN_POINT('',(-6.059052876952,-6.66869042434,8.16760522979
    ));
#1747 = CARTESIAN_POINT('',(-5.740120463555,-6.95553700369,
    8.178587560098));
#1748 = CARTESIAN_POINT('',(-5.406699050158,-7.225506717487,
    8.189535161336));
#1749 = CARTESIAN_POINT('',(-5.057171513821,-7.478465471631,
    8.20066286184));
#1750 = CARTESIAN_POINT('',(-4.701742331191,-7.710824788271,
    8.21120957153));
#1751 = CARTESIAN_POINT('',(-4.322431127221,-7.929642021492,
    8.222837450536));
#1752 = CARTESIAN_POINT('',(-3.943402345251,-8.121096744035,
    8.233384516809));
#1753 = CARTESIAN_POINT('',(-3.549463430684,-8.297084204808,
    8.244512015664));
#1754 = CARTESIAN_POINT('',(-3.148867546074,-8.450629015606,
    8.255459698373));
#1755 = CARTESIAN_POINT('',(-2.740910385598,-8.583180507083,
    8.266442067466));
#1756 = CARTESIAN_POINT('',(-2.326929392376,-8.693981154284,
    8.277440371428));
#1757 = CARTESIAN_POINT('',(-1.912948396426,-8.804781802269,
    8.288438572105));
#1758 = CARTESIAN_POINT('',(-1.49332129857,-8.893732115619,8.29942082983
    ));
#1759 = CARTESIAN_POINT('',(-1.069584835133,-8.960822213097,
    8.31036795553));
#1760 = CARTESIAN_POINT('',(-0.64040496282,-9.005126892796,
    8.321497288555));
#1761 = CARTESIAN_POINT('',(-0.216416853514,-9.028641885584,
    8.332041330891));
#1762 = CARTESIAN_POINT('',(0.221489365036,-9.02848734547,8.343669677415
    ));
#1763 = CARTESIAN_POINT('',(0.645459763321,-9.004776406835,
    8.354219141711));
#1764 = CARTESIAN_POINT('',(1.074615251251,-8.960216451428,
    8.365345373208));
#1765 = CARTESIAN_POINT('',(1.498312644897,-8.892892002046,
    8.376293645317));
#1766 = CARTESIAN_POINT('',(1.917889429035,-8.803706819046,
    8.387276209307));
#1767 = CARTESIAN_POINT('',(2.331808641158,-8.692673771813,
    8.398274668918));
#1768 = CARTESIAN_POINT('',(2.538768263259,-8.637157244198,
    8.403773297174));
#1769 = CARTESIAN_POINT('',(2.744219641598,-8.576204325522,8.40926795851
    ));
#1770 = CARTESIAN_POINT('',(2.948022127361,-8.509877697917,
    8.414759491774));
#1771 = CARTESIAN_POINT('',(3.150035300904,-8.438238790294,
    8.420248773662));
#1772 = CARTESIAN_POINT('',(3.35011878737,-8.361347855979,8.425736707771
    ));
#1773 = CARTESIAN_POINT('',(3.548132072308,-8.27926405056,8.431224213702
    ));
#1774 = CARTESIAN_POINT('',(3.743934317283,-8.192045509424,
    8.436712216087));
#1775 = CARTESIAN_POINT('',(3.937384175503,-8.099749425661,
    8.442201633706));
#1776 = CARTESIAN_POINT('',(4.128339607428,-8.002432127612,
    8.447693368517));
#1777 = CARTESIAN_POINT('',(4.31665769639,-7.900149156702,8.453188294754
    ));
#1778 = CARTESIAN_POINT('',(4.502194464209,-7.792955345084,
    8.458687247984));
#1779 = CARTESIAN_POINT('',(4.687731189119,-7.685761557264,
    8.464187986879));
#1780 = CARTESIAN_POINT('',(4.870400551671,-7.573707099428,
    8.469684634398));
#1781 = CARTESIAN_POINT('',(5.050083855751,-7.456889412131,
    8.475178013518));
#1782 = CARTESIAN_POINT('',(5.226662331487,-7.335404673448,
    8.480668986275));
#1783 = CARTESIAN_POINT('',(5.400016977279,-7.209347918919,
    8.486158442951));
#1784 = CARTESIAN_POINT('',(5.570028401864,-7.078813161534,
    8.491647291256));
#1785 = CARTESIAN_POINT('',(5.736576666323,-6.943893511666,
    8.497136445514));
#1786 = CARTESIAN_POINT('',(5.899541126162,-6.804681297065,
    8.502626815846));
#1787 = CARTESIAN_POINT('',(6.058800273317,-6.661268182788,
    8.508119297356));
#1788 = CARTESIAN_POINT('',(6.214231578223,-6.513745291187,
    8.513614759314));
#1789 = CARTESIAN_POINT('',(6.365711331837,-6.362203321852,
    8.519114034337));
#1790 = CARTESIAN_POINT('',(6.517191174655,-6.21066126646,8.524608798402
    ));
#1791 = CARTESIAN_POINT('',(6.664656805897,-6.055163311007,
    8.530100090057));
#1792 = CARTESIAN_POINT('',(6.808014853497,-5.895832418339,
    8.535588779459));
#1793 = CARTESIAN_POINT('',(6.947171439598,-5.732790380667,
    8.541075769686));
#1794 = CARTESIAN_POINT('',(7.082032063926,-5.566157985732,
    8.546561985695));
#1795 = CARTESIAN_POINT('',(7.21250148711,-5.396055182931,8.55204836321)
  );
#1796 = CARTESIAN_POINT('',(7.338483614091,-5.222601249517,
    8.557535837721));
#1797 = CARTESIAN_POINT('',(7.459881377413,-5.045914956693,
    8.563025333346));
#1798 = CARTESIAN_POINT('',(7.576596620641,-4.866114735826,
    8.568517751831));
#1799 = CARTESIAN_POINT('',(7.68852998167,-4.68331884455,8.574013961434)
  );
#1800 = CARTESIAN_POINT('',(7.79558077611,-4.497645532954,8.57951478589)
  );
#1801 = CARTESIAN_POINT('',(8.009682152572,-4.126299263974,
    8.590531464922));
#1802 = CARTESIAN_POINT('',(8.203989136482,-3.743905748016,
    8.601523581422));
#1803 = CARTESIAN_POINT('',(8.378178167782,-3.351742341387,
    8.612499631759));
#1804 = CARTESIAN_POINT('',(8.531874464772,-2.950590614764,
    8.623467290704));
#1805 = CARTESIAN_POINT('',(8.664674046578,-2.542197246334,
    8.634403310711));
#1806 = CARTESIAN_POINT('',(8.776343328803,-2.127711272892,
    8.645347675396));
#1807 = CARTESIAN_POINT('',(8.866579591798,-1.707647094107,
    8.656358173682));
#1808 = CARTESIAN_POINT('',(8.934721515281,-1.282992664861,
    8.667417286655));
#1809 = CARTESIAN_POINT('',(8.979961048785,-0.855364842725,
    8.678468223681));
#1810 = CARTESIAN_POINT('',(9.001926141889,-0.425608881108,8.6895711075)
  );
#1811 = CARTESIAN_POINT('',(8.999978294219,5.053425815286E-03,
    8.700713690247));
#1812 = CARTESIAN_POINT('',(9.,3.365363543395E-16,0.996925845343));
#1813 = CARTESIAN_POINT('',(9.001430342316,0.430634568813,1.008068579854
    ));
#1814 = CARTESIAN_POINT('',(8.979021502878,0.860334290985,1.019171462063
    ));
#1815 = CARTESIAN_POINT('',(8.93343250435,1.287893233353,1.030222347833)
  );
#1816 = CARTESIAN_POINT('',(8.864935035969,1.712449995327,1.041281363672
    ));
#1817 = CARTESIAN_POINT('',(8.774432683873,2.132418914841,1.052291803259
    ));
#1818 = CARTESIAN_POINT('',(8.662612054752,2.546828719611,1.063236184682
    ));
#1819 = CARTESIAN_POINT('',(8.529675220057,2.95514667608,1.074172250579)
  );
#1820 = CARTESIAN_POINT('',(8.375791521764,3.356203273692,1.085139936276
    ));
#1821 = CARTESIAN_POINT('',(8.20140994775,3.748252866645,1.096116002191)
  );
#1822 = CARTESIAN_POINT('',(8.006891004168,4.130509481281,1.107108124969
    ));
#1823 = CARTESIAN_POINT('',(7.792549284831,4.501684182063,1.118124768223
    ));
#1824 = CARTESIAN_POINT('',(7.578228997313,4.872871723833,1.129126396577
    ));
#1825 = CARTESIAN_POINT('',(7.344414948345,5.232554486287,1.140109575964
    ));
#1826 = CARTESIAN_POINT('',(7.092213195414,5.579701183329,1.151047638258
    ));
#1827 = CARTESIAN_POINT('',(6.819979518145,5.914176855709,1.162200240305
    ));
#1828 = CARTESIAN_POINT('',(6.536881534031,6.231406983893,1.172714728208
    ));
#1829 = CARTESIAN_POINT('',(6.226929476061,6.539713621927,1.184282986425
    ));
#1830 = CARTESIAN_POINT('',(5.910556386429,6.823461472419,1.194930781411
    ));
#1831 = CARTESIAN_POINT('',(5.575594400328,7.095153686138,1.206003619734
    ));
#1832 = CARTESIAN_POINT('',(5.228447583504,7.347188279673,1.216965726154
    ));
#1833 = CARTESIAN_POINT('',(4.86873559921,7.580803331813,1.227950845135)
  );
#1834 = CARTESIAN_POINT('',(4.497552850481,7.7949448223,1.23895230514));
#1835 = CARTESIAN_POINT('',(4.126372984803,8.009091502219,1.249950197376
    ));
#1836 = CARTESIAN_POINT('',(3.744094570407,8.20361393404,1.260931991433)
  );
#1837 = CARTESIAN_POINT('',(3.352200452085,8.378141130506,1.271877704109
    ));
#1838 = CARTESIAN_POINT('',(2.949092736361,8.531766364547,1.283009460664
    ));
#1839 = CARTESIAN_POINT('',(2.545806596893,8.664930973651,1.29354896779)
  );
#1840 = CARTESIAN_POINT('',(2.12257163012,8.777074385575,1.305173528543)
  );
#1841 = CARTESIAN_POINT('',(1.707114854312,8.864593471153,1.315730902209
    ));
#1842 = CARTESIAN_POINT('',(1.281015486006,8.932402399738,1.326852360591
    ));
#1843 = CARTESIAN_POINT('',(0.854370618082,8.977090603945,1.337801725704
    ));
#1844 = CARTESIAN_POINT('',(0.426035501276,8.999542831295,1.34878437033)
  );
#1845 = CARTESIAN_POINT('',(-2.487817061505E-03,8.999401105794,
    1.359782941923));
#1846 = CARTESIAN_POINT('',(-0.43101114545,8.999259988918,1.370781147687
    ));
#1847 = CARTESIAN_POINT('',(-0.85933223649,8.976579550421,1.381763418735
    ));
#1848 = CARTESIAN_POINT('',(-1.285980456026,8.931777310114,
    1.392710891854));
#1849 = CARTESIAN_POINT('',(-1.711900996642,8.863272433512,
    1.403838747665));
#1850 = CARTESIAN_POINT('',(-2.127712959488,8.776955893661,
    1.414385260565));
#1851 = CARTESIAN_POINT('',(-2.550342803239,8.66244742527,1.426012492964
    ));
#1852 = CARTESIAN_POINT('',(-2.953886881913,8.530528756963,
    1.436560498796));
#1853 = CARTESIAN_POINT('',(-3.356807964183,8.376194393321,
    1.447687506343));
#1854 = CARTESIAN_POINT('',(-3.748638044859,8.201574437439,
    1.458635306049));
#1855 = CARTESIAN_POINT('',(-4.13081401318,8.006850685592,1.469617678936
    ));
#1856 = CARTESIAN_POINT('',(-4.501855642192,7.792466319724,
    1.480615970011));
#1857 = CARTESIAN_POINT('',(-4.68737646821,7.685274156046,1.486115102067
    ));
#1858 = CARTESIAN_POINT('',(-4.870036049621,7.573227439074,
    1.491610252058));
#1859 = CARTESIAN_POINT('',(-5.049714597126,7.456421765165,
    1.497102256264));
#1860 = CARTESIAN_POINT('',(-5.226292060534,7.334951485239,
    1.502591982089));
#1861 = CARTESIAN_POINT('',(-5.399647961424,7.208909823073,
    1.508080339013));
#1862 = CARTESIAN_POINT('',(-5.569661301649,7.07838906697,1.513568226121
    ));
#1863 = CARTESIAN_POINT('',(-5.736210343405,6.943480637179,
    1.519056587036));
#1864 = CARTESIAN_POINT('',(-5.899172573577,6.804275331576,
    1.524546310753));
#1865 = CARTESIAN_POINT('',(-6.058424441292,6.660863351969,
    1.530038322119));
#1866 = CARTESIAN_POINT('',(-6.213841336502,6.513334563528,
    1.535533470772));
#1867 = CARTESIAN_POINT('',(-6.668209367386,6.058666492182,
    1.552030874974));
#1868 = CARTESIAN_POINT('',(-6.955040539101,5.739760079889,
    1.563013224069));
#1869 = CARTESIAN_POINT('',(-7.225046061881,5.406394278855,
    1.573960888448));
#1870 = CARTESIAN_POINT('',(-7.477777644133,5.056783144008,
    1.585088338178));
#1871 = CARTESIAN_POINT('',(-7.710764651819,4.701724618123,
    1.595635660189));
#1872 = CARTESIAN_POINT('',(-7.928639188736,4.321910607224,
    1.607262927673));
#1873 = CARTESIAN_POINT('',(-8.120708586823,3.943281641824,
    1.617810181832));
#1874 = CARTESIAN_POINT('',(-8.29648518184,3.549242281054,1.628937664083
    ));
#1875 = CARTESIAN_POINT('',(-8.450076190234,3.14870163569,1.639885323915
    ));
#1876 = CARTESIAN_POINT('',(-8.58262499631,2.740771877613,1.650867674301
    ));
#1877 = CARTESIAN_POINT('',(-8.804171939331,1.912854415664,
    1.672864214185));
#1878 = CARTESIAN_POINT('',(-8.893121819493,1.493257783758,
    1.683846558212));
#1879 = CARTESIAN_POINT('',(-8.960270559751,1.069551771034,
    1.694794224422));
#1880 = CARTESIAN_POINT('',(-9.004336962716,0.640413846836,
    1.705921674545));
#1881 = CARTESIAN_POINT('',(-9.028580390818,0.216430660518,
    1.716468988654));
#1882 = CARTESIAN_POINT('',(-9.02735827455,-0.221435241299,
    1.728096254827));
#1883 = CARTESIAN_POINT('',(-9.004380746338,-0.645372209352,
    1.738643519985));
#1884 = CARTESIAN_POINT('',(-8.959588077065,-1.074508617455,
    1.749770995046));
#1885 = CARTESIAN_POINT('',(-8.892331463815,-1.498182493229,
    1.760718657181));
#1886 = CARTESIAN_POINT('',(-8.803157216674,-1.917734428304,
    1.771701007793));
#1887 = CARTESIAN_POINT('',(-8.581063765374,-2.745505451532,
    1.793697547838));
#1888 = CARTESIAN_POINT('',(-8.448298305916,-3.153361733639,
    1.804679891472));
#1889 = CARTESIAN_POINT('',(-8.294597814357,-3.553876274161,
    1.815627557984));
#1890 = CARTESIAN_POINT('',(-8.118191476707,-3.947553820633,
    1.826755007834));
#1891 = CARTESIAN_POINT('',(-7.927195310679,-4.326855743115,
    1.837302321844));
#1892 = CARTESIAN_POINT('',(-7.707203973852,-4.70544768393,
    1.848929587958));
#1893 = CARTESIAN_POINT('',(-7.47533636724,-5.061099100451,
    1.859476853508));
#1894 = CARTESIAN_POINT('',(-7.221976573681,-5.410345798401,
    1.870604328279));
#1895 = CARTESIAN_POINT('',(-6.951893699896,-5.743629830786,
    1.881551990536));
#1896 = CARTESIAN_POINT('',(-6.66489056893,-6.062385341108,1.89253434113
    ));
#1897 = CARTESIAN_POINT('',(-6.058666486469,-6.668209349912,
    1.914530881176));
#1898 = CARTESIAN_POINT('',(-5.739760084814,-6.955040521545,1.9255132248
    ));
#1899 = CARTESIAN_POINT('',(-5.406394284322,-7.225046042425,
    1.936460891322));
#1900 = CARTESIAN_POINT('',(-5.056783141251,-7.477777629801,
    1.947588341158));
#1901 = CARTESIAN_POINT('',(-4.701724648458,-7.710764647301,
    1.958135655174));
#1902 = CARTESIAN_POINT('',(-4.321910591416,-7.928639217483,
    1.969762921307));
#1903 = CARTESIAN_POINT('',(-3.943281645713,-8.120708575653,
    1.980310186835));
#1904 = CARTESIAN_POINT('',(-3.549242279137,-8.296485191542,
    1.991437661614));
#1905 = CARTESIAN_POINT('',(-3.148701633122,-8.450076193352,
    2.002385323871));
#1906 = CARTESIAN_POINT('',(-2.740771875576,-8.582624997402,
    2.013367674464));
#1907 = CARTESIAN_POINT('',(-2.119833780428,-8.748785202858,
    2.029865079497));
#1908 = CARTESIAN_POINT('',(-1.911444940135,-8.798716040535,
    2.035360232909));
#1909 = CARTESIAN_POINT('',(-1.701798924425,-8.843173877314,
    2.040852239094));
#1910 = CARTESIAN_POINT('',(-1.491047337143,-8.8821405333,2.04634197039)
  );
#1911 = CARTESIAN_POINT('',(-1.279341287507,-8.915596753751,
    2.051830326215));
#1912 = CARTESIAN_POINT('',(-1.066831591498,-8.943522210782,
    2.057318222166));
#1913 = CARTESIAN_POINT('',(-0.853668973205,-8.96589550496,
    2.062806579152));
#1914 = CARTESIAN_POINT('',(-0.64000426622,-8.982694167023,2.06829631248
    ));
#1915 = CARTESIAN_POINT('',(-0.425988614983,-8.993894659485,
    2.073788320988));
#1916 = CARTESIAN_POINT('',(-0.211773676172,-8.999472378324,
    2.079283476141));
#1917 = CARTESIAN_POINT('',(0.431011892169,-8.999260207222,
    2.095780881175));
#1918 = CARTESIAN_POINT('',(0.859333037857,-8.976579594562,2.1067632248)
  );
#1919 = CARTESIAN_POINT('',(1.285980990772,-8.931777111194,2.11771089132
    ));
#1920 = CARTESIAN_POINT('',(1.711901620068,-8.8632729204,2.128838341159)
  );
#1921 = CARTESIAN_POINT('',(2.127712588035,-8.776955352444,
    2.139385655171));
#1922 = CARTESIAN_POINT('',(2.550342269393,-8.662446843128,
    2.151012921314));
#1923 = CARTESIAN_POINT('',(2.953886910072,-8.530529293703,2.16156018683
    ));
#1924 = CARTESIAN_POINT('',(3.356807655299,-8.376194222603,
    2.172687661617));
#1925 = CARTESIAN_POINT('',(3.748637901149,-8.201574454577,
    2.183635323871));
#1926 = CARTESIAN_POINT('',(4.130813957139,-8.006850714949,
    2.194617674464));
#1927 = CARTESIAN_POINT('',(4.687376502956,-7.685274185215,
    2.211115079497));
#1928 = CARTESIAN_POINT('',(4.870036098963,-7.57322745703,2.216610232909
    ));
#1929 = CARTESIAN_POINT('',(5.049714656185,-7.456421775538,
    2.222102239094));
#1930 = CARTESIAN_POINT('',(5.226292119383,-7.33495148571,2.22759197039)
  );
#1931 = CARTESIAN_POINT('',(5.399648023056,-7.208909822752,
    2.233080326214));
#1932 = CARTESIAN_POINT('',(5.569661350202,-7.078389055667,
    2.238568222166));
#1933 = CARTESIAN_POINT('',(5.736210391126,-6.94348063081,2.244056579151
    ));
#1934 = CARTESIAN_POINT('',(5.899172602194,-6.804275315459,2.24954631248
    ));
#1935 = CARTESIAN_POINT('',(6.058424464637,-6.660863341362,
    2.255038320988));
#1936 = CARTESIAN_POINT('',(6.213841343316,-6.513334548312,
    2.260533476141));
#1937 = CARTESIAN_POINT('',(6.516753347715,-6.21022250708,2.271531746164
    ));
#1938 = CARTESIAN_POINT('',(6.664189141721,-6.054717896357,
    2.277026899576));
#1939 = CARTESIAN_POINT('',(6.807513765626,-5.895388039346,2.28251890576
    ));
#1940 = CARTESIAN_POINT('',(6.946635673246,-5.732355138852,
    2.288008637058));
#1941 = CARTESIAN_POINT('',(7.081462634898,-5.565740431977,2.29349699288
    ));
#1942 = CARTESIAN_POINT('',(7.211901638094,-5.395664365177,
    2.298984888834));
#1943 = CARTESIAN_POINT('',(7.337858788373,-5.222246769707,
    2.304473245817));
#1944 = CARTESIAN_POINT('',(7.459239209957,-5.045607036584,
    2.309962979147));
#1945 = CARTESIAN_POINT('',(7.575946946584,-4.865864292043,
    2.315454987654));
#1946 = CARTESIAN_POINT('',(7.687884862199,-4.683137572579,
    2.320950142808));
#1947 = CARTESIAN_POINT('',(7.90202422127,-4.311954427966,2.33194841283)
  );
#1948 = CARTESIAN_POINT('',(8.004188707564,-4.123589316945,
    2.337443566242));
#1949 = CARTESIAN_POINT('',(8.101392061886,-3.932593350855,
    2.342935572427));
#1950 = CARTESIAN_POINT('',(8.193577485841,-3.73910826246,2.348425303724
    ));
#1951 = CARTESIAN_POINT('',(8.280687270834,-3.543275028566,
    2.353913659547));
#1952 = CARTESIAN_POINT('',(8.362662747589,-3.345234064977,2.3594015555)
  );
#1953 = CARTESIAN_POINT('',(8.439444235569,-3.145125421403,
    2.364889912485));
#1954 = CARTESIAN_POINT('',(8.510970992541,-2.943088976434,
    2.370379645813));
#1955 = CARTESIAN_POINT('',(8.577181163965,-2.739264632437,
    2.375871654321));
#1956 = CARTESIAN_POINT('',(8.638011732554,-2.533792510527,
    2.381366809475));
#1957 = CARTESIAN_POINT('',(8.80417193801,-1.912854415379,2.397864214508
    ));
#1958 = CARTESIAN_POINT('',(8.893121818411,-1.493257784303,
    2.408846558132));
#1959 = CARTESIAN_POINT('',(8.960270558409,-1.069551771883,
    2.419794224655));
#1960 = CARTESIAN_POINT('',(9.004336961883,-0.640413846852,
    2.430921674489));
#1961 = CARTESIAN_POINT('',(9.028580391394,-0.216430663522,
    2.441468988509));
#1962 = CARTESIAN_POINT('',(9.027358275487,0.221435243694,2.453096254643
    ));
#1963 = CARTESIAN_POINT('',(9.004380746106,0.64537220836,2.463643520167)
  );
#1964 = CARTESIAN_POINT('',(8.959588077565,1.074508617851,2.474770994948
    ));
#1965 = CARTESIAN_POINT('',(8.892331463919,1.498182493455,2.485718657205
    ));
#1966 = CARTESIAN_POINT('',(8.803157216693,1.917734428474,2.496701007797
    ));
#1967 = CARTESIAN_POINT('',(8.581063765292,2.745505451546,2.518697547842
    ));
#1968 = CARTESIAN_POINT('',(8.448298305844,3.153361733601,2.529679891466
    ));
#1969 = CARTESIAN_POINT('',(8.294597814307,3.553876274091,2.540627557988
    ));
#1970 = CARTESIAN_POINT('',(8.118191476652,3.947553820632,2.551755007824
    ));
#1971 = CARTESIAN_POINT('',(7.927195310817,4.32685574293,2.56230232184)
  );
#1972 = CARTESIAN_POINT('',(7.707203973791,4.705447684074,2.573929587978
    ));
#1973 = CARTESIAN_POINT('',(7.475336367292,5.061099100391,2.584476853498
    ));
#1974 = CARTESIAN_POINT('',(7.221976573691,5.410345798426,2.595604328283
    ));
#1975 = CARTESIAN_POINT('',(6.951893699897,5.743629830797,2.606551990538
    ));
#1976 = CARTESIAN_POINT('',(6.664890568928,6.062385341117,2.61753434113)
  );
#1977 = CARTESIAN_POINT('',(6.058666486464,6.668209349914,2.639530881175
    ));
#1978 = CARTESIAN_POINT('',(5.739760084809,6.955040521541,2.6505132248)
  );
#1979 = CARTESIAN_POINT('',(5.406394284321,7.225046042426,2.661460891321
    ));
#1980 = CARTESIAN_POINT('',(5.056783141247,7.477777629795,2.672588341158
    ));
#1981 = CARTESIAN_POINT('',(4.701724648469,7.710764647303,2.683135655173
    ));
#1982 = CARTESIAN_POINT('',(4.32191059141,7.928639217476,2.694762921311)
  );
#1983 = CARTESIAN_POINT('',(3.943281645717,8.12070857566,2.705310186832)
  );
#1984 = CARTESIAN_POINT('',(3.549242279138,8.296485191539,2.716437661616
    ));
#1985 = CARTESIAN_POINT('',(3.148701633122,8.450076193353,2.727385323871
    ));
#1986 = CARTESIAN_POINT('',(2.740771875576,8.582624997402,2.738367674464
    ));
#1987 = CARTESIAN_POINT('',(1.912854415379,8.80417193801,2.760364214508)
  );
#1988 = CARTESIAN_POINT('',(1.493257784303,8.893121818411,2.771346558133
    ));
#1989 = CARTESIAN_POINT('',(1.069551771884,8.960270558409,2.782294224655
    ));
#1990 = CARTESIAN_POINT('',(0.640413846852,9.004336961885,2.79342167449)
  );
#1991 = CARTESIAN_POINT('',(0.216430663522,9.028580391391,2.803968988507
    ));
#1992 = CARTESIAN_POINT('',(-0.221435243693,9.027358275491,
    2.815596254644));
#1993 = CARTESIAN_POINT('',(-0.645372208361,9.004380746102,
    2.826143520166));
#1994 = CARTESIAN_POINT('',(-1.074508617851,8.959588077567,
    2.837270994949));
#1995 = CARTESIAN_POINT('',(-1.498182493455,8.892331463918,
    2.848218657205));
#1996 = CARTESIAN_POINT('',(-1.917734428474,8.803157216693,
    2.859201007797));
#1997 = CARTESIAN_POINT('',(-2.745505451546,8.581063765292,
    2.881197547842));
#1998 = CARTESIAN_POINT('',(-3.1533617336,8.448298305844,2.892179891466)
  );
#1999 = CARTESIAN_POINT('',(-3.553876274092,8.294597814307,
    2.903127557988));
#2000 = CARTESIAN_POINT('',(-3.94755382063,8.118191476651,2.914255007824
    ));
#2001 = CARTESIAN_POINT('',(-4.326855742933,7.927195310819,2.92480232184
    ));
#2002 = CARTESIAN_POINT('',(-4.705447684072,7.707203973789,
    2.936429587977));
#2003 = CARTESIAN_POINT('',(-5.061099100392,7.475336367294,
    2.946976853499));
#2004 = CARTESIAN_POINT('',(-5.410345798426,7.22197657369,2.958104328282
    ));
#2005 = CARTESIAN_POINT('',(-5.743629830797,6.951893699898,
    2.969051990538));
#2006 = CARTESIAN_POINT('',(-6.062385341117,6.664890568928,2.98003434113
    ));
#2007 = CARTESIAN_POINT('',(-6.516753347714,6.21022250708,2.996531746164
    ));
#2008 = CARTESIAN_POINT('',(-6.664189141721,6.054717896358,
    3.002026899576));
#2009 = CARTESIAN_POINT('',(-6.807513765626,5.895388039344,3.00751890576
    ));
#2010 = CARTESIAN_POINT('',(-6.946635673247,5.732355138857,
    3.013008637058));
#2011 = CARTESIAN_POINT('',(-7.081462634896,5.565740431971,3.01849699288
    ));
#2012 = CARTESIAN_POINT('',(-7.211901638095,5.395664365184,
    3.023984888834));
#2013 = CARTESIAN_POINT('',(-7.337858788372,5.222246769701,
    3.029473245817));
#2014 = CARTESIAN_POINT('',(-7.459239209957,5.045607036587,
    3.034962979147));
#2015 = CARTESIAN_POINT('',(-7.575946946584,4.865864292041,
    3.040454987654));
#2016 = CARTESIAN_POINT('',(-7.687884862199,4.683137572579,
    3.045950142808));
#2017 = CARTESIAN_POINT('',(-8.009093900805,4.12636285566,3.062447547842
    ));
#2018 = CARTESIAN_POINT('',(-8.203612486911,3.744085556186,
    3.073429891466));
#2019 = CARTESIAN_POINT('',(-8.378136374622,3.352196348804,
    3.084377557988));
#2020 = CARTESIAN_POINT('',(-8.531770319773,2.949086168443,
    3.095505007824));
#2021 = CARTESIAN_POINT('',(-8.664922597119,2.545824523029,3.10605232184
    ));
#2022 = CARTESIAN_POINT('',(-8.777070159774,2.122562227927,
    3.117679587978));
#2023 = CARTESIAN_POINT('',(-8.864598531113,1.707123542821,
    3.128226853498));
#2024 = CARTESIAN_POINT('',(-8.932400811455,1.281016406195,
    3.139354328283));
#2025 = CARTESIAN_POINT('',(-8.977090779268,0.854371575304,
    3.150301990538));
#2026 = CARTESIAN_POINT('',(-8.999543102025,0.426035532285,3.16128434113
    ));
#2027 = CARTESIAN_POINT('',(-8.999260207222,-0.431011892169,
    3.183280881175));
#2028 = CARTESIAN_POINT('',(-8.976579594564,-0.859333037856,
    3.194263224799));
#2029 = CARTESIAN_POINT('',(-8.931777111189,-1.285980990773,
    3.205210891321));
#2030 = CARTESIAN_POINT('',(-8.863272920411,-1.711901620067,
    3.216338341156));
#2031 = CARTESIAN_POINT('',(-8.776955352429,-2.127712588038,
    3.226885655175));
#2032 = CARTESIAN_POINT('',(-8.662446843144,-2.550342269392,
    3.23851292131));
#2033 = CARTESIAN_POINT('',(-8.530529293691,-2.953886910073,
    3.249060186833));
#2034 = CARTESIAN_POINT('',(-8.376194222611,-3.356807655299,
    3.260187661615));
#2035 = CARTESIAN_POINT('',(-8.201574454574,-3.748637901149,
    3.271135323871));
#2036 = CARTESIAN_POINT('',(-8.00685071495,-4.130813957139,
    3.282117674464));
#2037 = CARTESIAN_POINT('',(-7.685274185214,-4.687376502956,
    3.298615079497));
#2038 = CARTESIAN_POINT('',(-7.573227457031,-4.870036098963,
    3.304110232909));
#2039 = CARTESIAN_POINT('',(-7.456421775537,-5.049714656182,
    3.309602239094));
#2040 = CARTESIAN_POINT('',(-7.334951485712,-5.226292119387,
    3.31509197039));
#2041 = CARTESIAN_POINT('',(-7.208909822749,-5.39964802305,
    3.320580326214));
#2042 = CARTESIAN_POINT('',(-7.078389055669,-5.569661350208,
    3.326068222166));
#2043 = CARTESIAN_POINT('',(-6.943480630808,-5.736210391122,
    3.331556579152));
#2044 = CARTESIAN_POINT('',(-6.80427531546,-5.899172602197,3.33704631248
    ));
#2045 = CARTESIAN_POINT('',(-6.660863341362,-6.058424464636,
    3.342538320988));
#2046 = CARTESIAN_POINT('',(-6.513334548312,-6.213841343317,
    3.348033476141));
#2047 = CARTESIAN_POINT('',(-6.21022250708,-6.516753347714,
    3.359031746164));
#2048 = CARTESIAN_POINT('',(-6.054717896359,-6.664189141722,
    3.364526899575));
#2049 = CARTESIAN_POINT('',(-5.895388039341,-6.807513765623,
    3.370018905761));
#2050 = CARTESIAN_POINT('',(-5.732355138861,-6.946635673252,
    3.375508637057));
#2051 = CARTESIAN_POINT('',(-5.565740431966,-7.08146263489,
    3.380996992881));
#2052 = CARTESIAN_POINT('',(-5.395664365189,-7.211901638102,
    3.386484888833));
#2053 = CARTESIAN_POINT('',(-5.222246769698,-7.337858788367,
    3.391973245818));
#2054 = CARTESIAN_POINT('',(-5.045607036589,-7.45923920996,
    3.397462979147));
#2055 = CARTESIAN_POINT('',(-4.865864292041,-7.575946946583,
    3.402954987654));
#2056 = CARTESIAN_POINT('',(-4.68313757258,-7.687884862199,
    3.408450142808));
#2057 = CARTESIAN_POINT('',(-4.311954427966,-7.90202422127,3.41944841283
    ));
#2058 = CARTESIAN_POINT('',(-4.123589316945,-8.004188707563,
    3.424943566242));
#2059 = CARTESIAN_POINT('',(-3.932593350855,-8.101392061889,
    3.430435572427));
#2060 = CARTESIAN_POINT('',(-3.739108262461,-8.193577485836,
    3.435925303724));
#2061 = CARTESIAN_POINT('',(-3.543275028565,-8.280687270841,
    3.441413659548));
#2062 = CARTESIAN_POINT('',(-3.345234064977,-8.362662747581,
    3.446901555499));
#2063 = CARTESIAN_POINT('',(-3.145125421403,-8.439444235576,
    3.452389912485));
#2064 = CARTESIAN_POINT('',(-2.943088976434,-8.510970992537,
    3.457879645813));
#2065 = CARTESIAN_POINT('',(-2.739264632438,-8.577181163966,
    3.463371654321));
#2066 = CARTESIAN_POINT('',(-2.533792510527,-8.638011732554,
    3.468866809475));
#2067 = CARTESIAN_POINT('',(-1.912854415379,-8.80417193801,
    3.485364214508));
#2068 = CARTESIAN_POINT('',(-1.493257784303,-8.89312181841,
    3.496346558133));
#2069 = CARTESIAN_POINT('',(-1.069551771883,-8.960270558412,
    3.507294224655));
#2070 = CARTESIAN_POINT('',(-0.640413846852,-9.004336961878,
    3.51842167449));
#2071 = CARTESIAN_POINT('',(-0.216430663522,-9.028580391402,
    3.528968988508));
#2072 = CARTESIAN_POINT('',(0.221435243693,-9.02735827548,3.540596254644
    ));
#2073 = CARTESIAN_POINT('',(0.645372208361,-9.004380746111,
    3.551143520166));
#2074 = CARTESIAN_POINT('',(1.074508617851,-8.959588077562,
    3.562270994949));
#2075 = CARTESIAN_POINT('',(1.498182493455,-8.89233146392,3.573218657205
    ));
#2076 = CARTESIAN_POINT('',(1.917734428474,-8.803157216693,
    3.584201007797));
#2077 = CARTESIAN_POINT('',(2.745505451546,-8.581063765293,
    3.606197547842));
#2078 = CARTESIAN_POINT('',(3.1533617336,-8.448298305844,3.617179891466)
  );
#2079 = CARTESIAN_POINT('',(3.553876274092,-8.294597814309,
    3.628127557988));
#2080 = CARTESIAN_POINT('',(3.947553820631,-8.118191476648,
    3.639255007823));
#2081 = CARTESIAN_POINT('',(4.326855742931,-7.927195310822,
    3.649802321841));
#2082 = CARTESIAN_POINT('',(4.705447684074,-7.707203973787,
    3.661429587977));
#2083 = CARTESIAN_POINT('',(5.061099100391,-7.475336367296,
    3.671976853499));
#2084 = CARTESIAN_POINT('',(5.410345798426,-7.221976573689,
    3.683104328282));
#2085 = CARTESIAN_POINT('',(5.743629830796,-6.951893699898,
    3.694051990538));
#2086 = CARTESIAN_POINT('',(6.062385341117,-6.664890568928,3.70503434113
    ));
#2087 = CARTESIAN_POINT('',(6.668209349913,-6.058666486464,
    3.727030881175));
#2088 = CARTESIAN_POINT('',(6.955040521542,-5.73976008481,3.738013224799
    ));
#2089 = CARTESIAN_POINT('',(7.225046042423,-5.406394284319,
    3.748960891321));
#2090 = CARTESIAN_POINT('',(7.477777629799,-5.056783141251,
    3.760088341157));
#2091 = CARTESIAN_POINT('',(7.710764647298,-4.701724648465,
    3.770635655174));
#2092 = CARTESIAN_POINT('',(7.92863921748,-4.321910591413,3.782262921311
    ));
#2093 = CARTESIAN_POINT('',(8.120708575657,-3.943281645715,
    3.792810186832));
#2094 = CARTESIAN_POINT('',(8.29648519154,-3.549242279139,3.803937661616
    ));
#2095 = CARTESIAN_POINT('',(8.450076193353,-3.148701633122,
    3.814885323871));
#2096 = CARTESIAN_POINT('',(8.582624997402,-2.740771875576,
    3.825867674464));
#2097 = CARTESIAN_POINT('',(8.80417193801,-1.912854415379,3.847864214508
    ));
#2098 = CARTESIAN_POINT('',(8.89312181841,-1.493257784303,3.858846558133
    ));
#2099 = CARTESIAN_POINT('',(8.960270558412,-1.069551771883,
    3.869794224654));
#2100 = CARTESIAN_POINT('',(9.004336961879,-0.640413846853,3.88092167449
    ));
#2101 = CARTESIAN_POINT('',(9.0285803914,-0.216430663521,3.891468988507)
  );
#2102 = CARTESIAN_POINT('',(9.027358275482,0.221435243692,3.903096254644
    ));
#2103 = CARTESIAN_POINT('',(9.00438074611,0.645372208361,3.913643520166)
  );
#2104 = CARTESIAN_POINT('',(8.959588077563,1.074508617851,3.924770994949
    ));
#2105 = CARTESIAN_POINT('',(8.89233146392,1.498182493455,3.935718657204)
  );
#2106 = CARTESIAN_POINT('',(8.803157216693,1.917734428474,3.946701007797
    ));
#2107 = CARTESIAN_POINT('',(8.581063765293,2.745505451546,3.968697547842
    ));
#2108 = CARTESIAN_POINT('',(8.448298305844,3.1533617336,3.979679891466)
  );
#2109 = CARTESIAN_POINT('',(8.294597814309,3.553876274092,3.990627557988
    ));
#2110 = CARTESIAN_POINT('',(8.118191476647,3.947553820629,4.001755007824
    ));
#2111 = CARTESIAN_POINT('',(7.927195310824,4.326855742934,4.01230232184)
  );
#2112 = CARTESIAN_POINT('',(7.707203973784,4.70544768407,4.023929587978)
  );
#2113 = CARTESIAN_POINT('',(7.475336367298,5.061099100395,4.034476853498
    ));
#2114 = CARTESIAN_POINT('',(7.221976573688,5.410345798424,4.045604328283
    ));
#2115 = CARTESIAN_POINT('',(6.951893699898,5.743629830798,4.056551990538
    ));
#2116 = CARTESIAN_POINT('',(6.664890568928,6.062385341117,4.06753434113)
  );
#2117 = CARTESIAN_POINT('',(6.058666486464,6.668209349914,4.089530881175
    ));
#2118 = CARTESIAN_POINT('',(5.73976008481,6.955040521541,4.100513224799)
  );
#2119 = CARTESIAN_POINT('',(5.40639428432,7.225046042425,4.111460891321)
  );
#2120 = CARTESIAN_POINT('',(5.056783141248,7.477777629796,4.122588341157
    ));
#2121 = CARTESIAN_POINT('',(4.701724648468,7.710764647301,4.133135655174
    ));
#2122 = CARTESIAN_POINT('',(4.321910591409,7.928639217479,4.144762921311
    ));
#2123 = CARTESIAN_POINT('',(3.943281645718,8.120708575658,4.155310186832
    ));
#2124 = CARTESIAN_POINT('',(3.549242279137,8.29648519154,4.166437661616)
  );
#2125 = CARTESIAN_POINT('',(3.148701633123,8.450076193353,4.177385323871
    ));
#2126 = CARTESIAN_POINT('',(2.740771875576,8.582624997402,4.188367674464
    ));
#2127 = CARTESIAN_POINT('',(2.119833780428,8.748785202858,4.204865079497
    ));
#2128 = CARTESIAN_POINT('',(1.911444940134,8.798716040535,4.210360232909
    ));
#2129 = CARTESIAN_POINT('',(1.701798924425,8.843173877314,4.215852239094
    ));
#2130 = CARTESIAN_POINT('',(1.491047337142,8.8821405333,4.221341970391)
  );
#2131 = CARTESIAN_POINT('',(1.279341287508,8.915596753751,4.226830326214
    ));
#2132 = CARTESIAN_POINT('',(1.066831591497,8.943522210782,4.232318222167
    ));
#2133 = CARTESIAN_POINT('',(0.853668973206,8.965895504959,4.237806579151
    ));
#2134 = CARTESIAN_POINT('',(0.640004266219,8.982694167024,4.24329631248)
  );
#2135 = CARTESIAN_POINT('',(0.425988614983,8.993894659485,4.248788320988
    ));
#2136 = CARTESIAN_POINT('',(0.211773676172,8.999472378324,4.254283476141
    ));
#2137 = CARTESIAN_POINT('',(-0.431011892169,8.999260207222,
    4.270780881175));
#2138 = CARTESIAN_POINT('',(-0.859333037856,8.976579594563,4.2817632248)
  );
#2139 = CARTESIAN_POINT('',(-1.285980990773,8.931777111191,
    4.292710891321));
#2140 = CARTESIAN_POINT('',(-1.711901620067,8.863272920407,
    4.303838341157));
#2141 = CARTESIAN_POINT('',(-2.127712588037,8.776955352434,
    4.314385655174));
#2142 = CARTESIAN_POINT('',(-2.550342269392,8.662446843138,
    4.326012921311));
#2143 = CARTESIAN_POINT('',(-2.953886910074,8.530529293696,
    4.336560186832));
#2144 = CARTESIAN_POINT('',(-3.356807655298,8.376194222607,
    4.347687661616));
#2145 = CARTESIAN_POINT('',(-3.748637901149,8.201574454575,
    4.358635323871));
#2146 = CARTESIAN_POINT('',(-4.130813957139,8.006850714949,
    4.369617674464));
#2147 = CARTESIAN_POINT('',(-4.687376502956,7.685274185214,
    4.386115079497));
#2148 = CARTESIAN_POINT('',(-4.870036098964,7.57322745703,4.391610232909
    ));
#2149 = CARTESIAN_POINT('',(-5.049714656182,7.456421775538,
    4.397102239094));
#2150 = CARTESIAN_POINT('',(-5.226292119389,7.33495148571,4.402591970391
    ));
#2151 = CARTESIAN_POINT('',(-5.399648023048,7.208909822752,
    4.408080326214));
#2152 = CARTESIAN_POINT('',(-5.569661350211,7.078389055667,
    4.413568222167));
#2153 = CARTESIAN_POINT('',(-5.73621039112,6.94348063081,4.419056579151)
  );
#2154 = CARTESIAN_POINT('',(-5.899172602198,6.804275315459,4.42454631248
    ));
#2155 = CARTESIAN_POINT('',(-6.058424464635,6.660863341362,
    4.430038320988));
#2156 = CARTESIAN_POINT('',(-6.213841343317,6.513334548312,
    4.435533476141));
#2157 = CARTESIAN_POINT('',(-6.516753347714,6.21022250708,4.446531746164
    ));
#2158 = CARTESIAN_POINT('',(-6.664189141721,6.054717896359,
    4.452026899576));
#2159 = CARTESIAN_POINT('',(-6.807513765625,5.895388039343,
    4.457518905761));
#2160 = CARTESIAN_POINT('',(-6.946635673249,5.732355138858,
    4.463008637057));
#2161 = CARTESIAN_POINT('',(-7.081462634894,5.56574043197,4.46849699288)
  );
#2162 = CARTESIAN_POINT('',(-7.211901638098,5.395664365184,
    4.473984888833));
#2163 = CARTESIAN_POINT('',(-7.33785878837,5.222246769702,4.479473245818
    ));
#2164 = CARTESIAN_POINT('',(-7.459239209958,5.045607036586,
    4.484962979147));
#2165 = CARTESIAN_POINT('',(-7.575946946584,4.865864292042,
    4.490454987654));
#2166 = CARTESIAN_POINT('',(-7.687884862199,4.683137572579,
    4.495950142808));
#2167 = CARTESIAN_POINT('',(-7.90202422127,4.311954427966,4.50694841283)
  );
#2168 = CARTESIAN_POINT('',(-8.004188707564,4.123589316945,
    4.512443566242));
#2169 = CARTESIAN_POINT('',(-8.101392061888,3.932593350855,
    4.517935572427));
#2170 = CARTESIAN_POINT('',(-8.193577485839,3.73910826246,4.523425303724
    ));
#2171 = CARTESIAN_POINT('',(-8.280687270837,3.543275028566,
    4.528913659547));
#2172 = CARTESIAN_POINT('',(-8.362662747585,3.345234064977,4.5344015555)
  );
#2173 = CARTESIAN_POINT('',(-8.439444235573,3.145125421403,
    4.539889912484));
#2174 = CARTESIAN_POINT('',(-8.510970992539,2.943088976434,
    4.545379645813));
#2175 = CARTESIAN_POINT('',(-8.577181163965,2.739264632438,
    4.550871654321));
#2176 = CARTESIAN_POINT('',(-8.638011732554,2.533792510527,
    4.556366809475));
#2177 = CARTESIAN_POINT('',(-8.80417193801,1.912854415379,4.572864214508
    ));
#2178 = CARTESIAN_POINT('',(-8.893121818411,1.493257784303,
    4.583846558133));
#2179 = CARTESIAN_POINT('',(-8.960270558409,1.069551771883,
    4.594794224654));
#2180 = CARTESIAN_POINT('',(-9.004336961884,0.640413846852,4.60592167449
    ));
#2181 = CARTESIAN_POINT('',(-9.028580391393,0.216430663522,
    4.616468988507));
#2182 = CARTESIAN_POINT('',(-9.027358275489,-0.221435243693,
    4.628096254644));
#2183 = CARTESIAN_POINT('',(-9.004380746104,-0.645372208361,
    4.638643520165));
#2184 = CARTESIAN_POINT('',(-8.959588077566,-1.074508617851,
    4.649770994949));
#2185 = CARTESIAN_POINT('',(-8.892331463918,-1.498182493455,
    4.660718657204));
#2186 = CARTESIAN_POINT('',(-8.803157216693,-1.917734428474,
    4.671701007797));
#2187 = CARTESIAN_POINT('',(-8.581063765292,-2.745505451546,
    4.693697547842));
#2188 = CARTESIAN_POINT('',(-8.448298305844,-3.1533617336,4.704679891466
    ));
#2189 = CARTESIAN_POINT('',(-8.294597814308,-3.553876274092,
    4.715627557988));
#2190 = CARTESIAN_POINT('',(-8.118191476649,-3.94755382063,
    4.726755007824));
#2191 = CARTESIAN_POINT('',(-7.927195310822,-4.326855742934,
    4.73730232184));
#2192 = CARTESIAN_POINT('',(-7.707203973786,-4.70544768407,
    4.748929587978));
#2193 = CARTESIAN_POINT('',(-7.475336367297,-5.061099100394,
    4.759476853499));
#2194 = CARTESIAN_POINT('',(-7.221976573688,-5.410345798424,
    4.770604328282));
#2195 = CARTESIAN_POINT('',(-6.951893699898,-5.743629830797,
    4.781551990538));
#2196 = CARTESIAN_POINT('',(-6.664890568928,-6.062385341117,
    4.79253434113));
#2197 = CARTESIAN_POINT('',(-6.058666486464,-6.668209349913,
    4.814530881175));
#2198 = CARTESIAN_POINT('',(-5.739760084811,-6.955040521542,
    4.825513224799));
#2199 = CARTESIAN_POINT('',(-5.406394284318,-7.225046042422,
    4.836460891321));
#2200 = CARTESIAN_POINT('',(-5.056783141252,-7.477777629802,
    4.847588341157));
#2201 = CARTESIAN_POINT('',(-4.701724648462,-7.710764647293,
    4.858135655174));
#2202 = CARTESIAN_POINT('',(-4.321910591415,-7.928639217487,
    4.869762921311));
#2203 = CARTESIAN_POINT('',(-3.943281645714,-8.120708575651,
    4.880310186832));
#2204 = CARTESIAN_POINT('',(-3.549242279139,-8.296485191543,
    4.891437661616));
#2205 = CARTESIAN_POINT('',(-3.148701633122,-8.450076193351,
    4.902385323871));
#2206 = CARTESIAN_POINT('',(-2.740771875576,-8.582624997402,
    4.913367674464));
#2207 = CARTESIAN_POINT('',(-1.912854415379,-8.80417193801,
    4.935364214508));
#2208 = CARTESIAN_POINT('',(-1.493257784302,-8.893121818411,
    4.946346558133));
#2209 = CARTESIAN_POINT('',(-1.069551771883,-8.960270558409,
    4.957294224654));
#2210 = CARTESIAN_POINT('',(-0.640413846853,-9.004336961883,
    4.968421674491));
#2211 = CARTESIAN_POINT('',(-0.21643066352,-9.028580391394,
    4.978968988507));
#2212 = CARTESIAN_POINT('',(0.221435243691,-9.027358275488,
    4.990596254644));
#2213 = CARTESIAN_POINT('',(0.645372208363,-9.004380746105,
    5.001143520165));
#2214 = CARTESIAN_POINT('',(1.07450861785,-8.959588077565,5.012270994949
    ));
#2215 = CARTESIAN_POINT('',(1.498182493455,-8.892331463919,
    5.023218657204));
#2216 = CARTESIAN_POINT('',(1.917734428474,-8.803157216693,
    5.034201007797));
#2217 = CARTESIAN_POINT('',(2.745505451546,-8.581063765292,
    5.056197547842));
#2218 = CARTESIAN_POINT('',(3.1533617336,-8.448298305844,5.067179891466)
  );
#2219 = CARTESIAN_POINT('',(3.553876274091,-8.294597814307,
    5.078127557988));
#2220 = CARTESIAN_POINT('',(3.947553820631,-8.118191476652,
    5.089255007824));
#2221 = CARTESIAN_POINT('',(4.326855742931,-7.927195310817,5.09980232184
    ));
#2222 = CARTESIAN_POINT('',(4.705447684072,-7.707203973792,
    5.111429587978));
#2223 = CARTESIAN_POINT('',(5.061099100392,-7.475336367292,
    5.121976853499));
#2224 = CARTESIAN_POINT('',(5.410345798425,-7.221976573691,
    5.133104328282));
#2225 = CARTESIAN_POINT('',(5.743629830797,-6.951893699897,
    5.144051990538));
#2226 = CARTESIAN_POINT('',(6.062385341117,-6.664890568928,5.15503434113
    ));
#2227 = CARTESIAN_POINT('',(6.516753347715,-6.21022250708,5.171531746164
    ));
#2228 = CARTESIAN_POINT('',(6.664189141721,-6.054717896359,
    5.177026899575));
#2229 = CARTESIAN_POINT('',(6.807513765626,-5.895388039343,
    5.182518905761));
#2230 = CARTESIAN_POINT('',(6.946635673247,-5.732355138858,
    5.188008637057));
#2231 = CARTESIAN_POINT('',(7.081462634896,-5.56574043197,5.193496992881
    ));
#2232 = CARTESIAN_POINT('',(7.211901638095,-5.395664365185,
    5.198984888833));
#2233 = CARTESIAN_POINT('',(7.337858788372,-5.222246769701,
    5.204473245818));
#2234 = CARTESIAN_POINT('',(7.459239209958,-5.045607036587,
    5.209962979147));
#2235 = CARTESIAN_POINT('',(7.575946946584,-4.865864292041,
    5.215454987654));
#2236 = CARTESIAN_POINT('',(7.687884862199,-4.683137572579,
    5.220950142808));
#2237 = CARTESIAN_POINT('',(8.009093900805,-4.12636285566,5.237447547842
    ));
#2238 = CARTESIAN_POINT('',(8.203612486912,-3.744085556186,
    5.248429891466));
#2239 = CARTESIAN_POINT('',(8.37813637462,-3.352196348803,5.259377557988
    ));
#2240 = CARTESIAN_POINT('',(8.531770319777,-2.949086168445,
    5.270505007824));
#2241 = CARTESIAN_POINT('',(8.664922597114,-2.545824523027,5.28105232184
    ));
#2242 = CARTESIAN_POINT('',(8.77707015978,-2.122562227927,5.292679587978
    ));
#2243 = CARTESIAN_POINT('',(8.864598531108,-1.707123542821,
    5.303226853499));
#2244 = CARTESIAN_POINT('',(8.932400811458,-1.281016406195,
    5.314354328283));
#2245 = CARTESIAN_POINT('',(8.977090779267,-0.854371575304,
    5.325301990538));
#2246 = CARTESIAN_POINT('',(8.999543102025,-0.426035532285,5.33628434113
    ));
#2247 = CARTESIAN_POINT('',(8.999260207222,0.431011892169,5.358280881175
    ));
#2248 = CARTESIAN_POINT('',(8.976579594563,0.859333037856,5.3692632248)
  );
#2249 = CARTESIAN_POINT('',(8.931777111192,1.285980990773,5.380210891321
    ));
#2250 = CARTESIAN_POINT('',(8.863272920404,1.711901620067,5.391338341157
    ));
#2251 = CARTESIAN_POINT('',(8.776955352439,2.127712588036,5.401885655173
    ));
#2252 = CARTESIAN_POINT('',(8.662446843133,2.550342269393,5.413512921311
    ));
#2253 = CARTESIAN_POINT('',(8.5305292937,2.953886910071,5.424060186832)
  );
#2254 = CARTESIAN_POINT('',(8.376194222605,3.3568076553,5.435187661616)
  );
#2255 = CARTESIAN_POINT('',(8.201574454576,3.748637901148,5.446135323871
    ));
#2256 = CARTESIAN_POINT('',(8.006850714949,4.130813957139,5.457117674464
    ));
#2257 = CARTESIAN_POINT('',(7.685274185214,4.687376502956,5.473615079497
    ));
#2258 = CARTESIAN_POINT('',(7.573227457031,4.870036098963,5.479110232909
    ));
#2259 = CARTESIAN_POINT('',(7.456421775535,5.049714656183,5.484602239094
    ));
#2260 = CARTESIAN_POINT('',(7.334951485715,5.226292119386,5.490091970391
    ));
#2261 = CARTESIAN_POINT('',(7.208909822746,5.399648023051,5.495580326213
    ));
#2262 = CARTESIAN_POINT('',(7.078389055672,5.569661350208,5.501068222167
    ));
#2263 = CARTESIAN_POINT('',(6.943480630807,5.736210391122,5.50655657915)
  );
#2264 = CARTESIAN_POINT('',(6.804275315461,5.899172602197,5.51204631248)
  );
#2265 = CARTESIAN_POINT('',(6.660863341362,6.058424464636,5.517538320988
    ));
#2266 = CARTESIAN_POINT('',(6.513334548312,6.213841343316,5.523033476141
    ));
#2267 = CARTESIAN_POINT('',(6.21022250708,6.516753347714,5.534031746164)
  );
#2268 = CARTESIAN_POINT('',(6.054717896359,6.664189141721,5.539526899575
    ));
#2269 = CARTESIAN_POINT('',(5.895388039342,6.807513765625,5.545018905761
    ));
#2270 = CARTESIAN_POINT('',(5.732355138859,6.946635673248,5.550508637057
    ));
#2271 = CARTESIAN_POINT('',(5.565740431969,7.081462634896,5.555996992881
    ));
#2272 = CARTESIAN_POINT('',(5.395664365185,7.211901638095,5.561484888832
    ));
#2273 = CARTESIAN_POINT('',(5.222246769701,7.337858788372,5.566973245818
    ));
#2274 = CARTESIAN_POINT('',(5.045607036587,7.459239209957,5.572462979146
    ));
#2275 = CARTESIAN_POINT('',(4.865864292041,7.575946946584,5.577954987655
    ));
#2276 = CARTESIAN_POINT('',(4.683137572579,7.687884862199,5.583450142808
    ));
#2277 = CARTESIAN_POINT('',(4.12636285566,8.009093900805,5.599947547842)
  );
#2278 = CARTESIAN_POINT('',(3.744085556186,8.203612486912,5.610929891466
    ));
#2279 = CARTESIAN_POINT('',(3.352196348804,8.37813637462,5.621877557988)
  );
#2280 = CARTESIAN_POINT('',(2.949086168442,8.531770319777,5.633005007824
    ));
#2281 = CARTESIAN_POINT('',(2.545824523031,8.664922597114,5.64355232184)
  );
#2282 = CARTESIAN_POINT('',(2.122562227925,8.77707015978,5.655179587978)
  );
#2283 = CARTESIAN_POINT('',(1.707123542823,8.864598531109,5.665726853498
    ));
#2284 = CARTESIAN_POINT('',(1.281016406194,8.932400811458,5.676854328283
    ));
#2285 = CARTESIAN_POINT('',(0.854371575305,8.977090779267,5.687801990538
    ));
#2286 = CARTESIAN_POINT('',(0.426035532285,8.999543102025,5.69878434113)
  );
#2287 = CARTESIAN_POINT('',(-0.216750036055,8.999330930923,
    5.715281746164));
#2288 = CARTESIAN_POINT('',(-0.430961250534,8.993625415909,
    5.720776899576));
#2289 = CARTESIAN_POINT('',(-0.644970286349,8.982308007036,5.72626890576
    ));
#2290 = CARTESIAN_POINT('',(-0.858626000129,8.965400381848,
    5.731758637058));
#2291 = CARTESIAN_POINT('',(-1.071777448085,8.942923051616,
    5.737246992879));
#2292 = CARTESIAN_POINT('',(-1.284273691918,8.914895415185,
    5.742734888834));
#2293 = CARTESIAN_POINT('',(-1.495963604762,8.881335812526,
    5.748223245817));
#2294 = CARTESIAN_POINT('',(-1.70669567708,8.84226157863,5.753712979147)
  );
#2295 = CARTESIAN_POINT('',(-1.916317822603,8.797689097074,
    5.759204987654));
#2296 = CARTESIAN_POINT('',(-2.124677184242,8.747633853843,
    5.764700142808));
#2297 = CARTESIAN_POINT('',(-2.745505451546,8.581063765292,
    5.781197547842));
#2298 = CARTESIAN_POINT('',(-3.1533617336,8.448298305844,5.792179891466)
  );
#2299 = CARTESIAN_POINT('',(-3.553876274093,8.294597814309,
    5.803127557988));
#2300 = CARTESIAN_POINT('',(-3.947553820628,8.118191476647,
    5.814255007824));
#2301 = CARTESIAN_POINT('',(-4.326855742935,7.927195310824,5.82480232184
    ));
#2302 = CARTESIAN_POINT('',(-4.70544768407,7.707203973784,5.836429587978
    ));
#2303 = CARTESIAN_POINT('',(-5.061099100393,7.475336367298,
    5.846976853499));
#2304 = CARTESIAN_POINT('',(-5.410345798425,7.221976573688,
    5.858104328282));
#2305 = CARTESIAN_POINT('',(-5.743629830797,6.951893699898,
    5.869051990538));
#2306 = CARTESIAN_POINT('',(-6.062385341117,6.664890568928,5.88003434113
    ));
#2307 = CARTESIAN_POINT('',(-6.668209349913,6.058666486464,
    5.902030881175));
#2308 = CARTESIAN_POINT('',(-6.955040521542,5.73976008481,5.9130132248)
  );
#2309 = CARTESIAN_POINT('',(-7.225046042422,5.406394284319,
    5.923960891321));
#2310 = CARTESIAN_POINT('',(-7.477777629801,5.056783141251,
    5.935088341158));
#2311 = CARTESIAN_POINT('',(-7.710764647296,4.701724648464,
    5.945635655173));
#2312 = CARTESIAN_POINT('',(-7.928639217483,4.321910591414,
    5.957262921312));
#2313 = CARTESIAN_POINT('',(-8.120708575655,3.943281645714,
    5.967810186831));
#2314 = CARTESIAN_POINT('',(-8.296485191541,3.549242279139,
    5.978937661616));
#2315 = CARTESIAN_POINT('',(-8.450076193353,3.148701633122,
    5.989885323871));
#2316 = CARTESIAN_POINT('',(-8.582624997402,2.740771875576,
    6.000867674464));
#2317 = CARTESIAN_POINT('',(-8.80417193801,1.912854415379,6.022864214508
    ));
#2318 = CARTESIAN_POINT('',(-8.893121818409,1.493257784303,
    6.033846558133));
#2319 = CARTESIAN_POINT('',(-8.960270558414,1.069551771883,
    6.044794224655));
#2320 = CARTESIAN_POINT('',(-9.004336961876,0.640413846852,6.05592167449
    ));
#2321 = CARTESIAN_POINT('',(-9.028580391403,0.216430663522,
    6.066468988507));
#2322 = CARTESIAN_POINT('',(-9.027358275479,-0.221435243693,
    6.078096254644));
#2323 = CARTESIAN_POINT('',(-9.004380746112,-0.645372208361,
    6.088643520165));
#2324 = CARTESIAN_POINT('',(-8.959588077562,-1.074508617851,
    6.099770994949));
#2325 = CARTESIAN_POINT('',(-8.89233146392,-1.498182493455,
    6.110718657204));
#2326 = CARTESIAN_POINT('',(-8.803157216693,-1.917734428474,
    6.121701007797));
#2327 = CARTESIAN_POINT('',(-8.581063765293,-2.745505451546,
    6.143697547842));
#2328 = CARTESIAN_POINT('',(-8.448298305842,-3.1533617336,6.154679891466
    ));
#2329 = CARTESIAN_POINT('',(-8.294597814313,-3.553876274094,
    6.165627557988));
#2330 = CARTESIAN_POINT('',(-8.11819147664,-3.947553820626,
    6.176755007823));
#2331 = CARTESIAN_POINT('',(-7.927195310833,-4.326855742938,
    6.187302321842));
#2332 = CARTESIAN_POINT('',(-7.707203973776,-4.705447684065,
    6.198929587976));
#2333 = CARTESIAN_POINT('',(-7.475336367304,-5.061099100398,6.2094768535
    ));
#2334 = CARTESIAN_POINT('',(-7.221976573685,-5.410345798422,
    6.220604328282));
#2335 = CARTESIAN_POINT('',(-6.9518936999,-5.743629830798,6.231551990538
    ));
#2336 = CARTESIAN_POINT('',(-6.664890568927,-6.062385341117,
    6.24253434113));
#2337 = CARTESIAN_POINT('',(-6.21022250708,-6.516753347715,
    6.259031746164));
#2338 = CARTESIAN_POINT('',(-6.054717896359,-6.664189141721,
    6.264526899576));
#2339 = CARTESIAN_POINT('',(-5.895388039342,-6.807513765625,
    6.27001890576));
#2340 = CARTESIAN_POINT('',(-5.732355138859,-6.94663567325,
    6.275508637058));
#2341 = CARTESIAN_POINT('',(-5.565740431968,-7.081462634893,
    6.280996992879));
#2342 = CARTESIAN_POINT('',(-5.395664365186,-7.211901638099,
    6.286484888835));
#2343 = CARTESIAN_POINT('',(-5.222246769701,-7.337858788369,
    6.291973245817));
#2344 = CARTESIAN_POINT('',(-5.045607036587,-7.459239209959,
    6.297462979147));
#2345 = CARTESIAN_POINT('',(-4.865864292041,-7.575946946584,
    6.302954987654));
#2346 = CARTESIAN_POINT('',(-4.683137572579,-7.687884862199,
    6.308450142808));
#2347 = CARTESIAN_POINT('',(-4.12636285566,-8.009093900805,
    6.324947547842));
#2348 = CARTESIAN_POINT('',(-3.744085556186,-8.20361248691,
    6.335929891466));
#2349 = CARTESIAN_POINT('',(-3.352196348805,-8.378136374625,
    6.346877557988));
#2350 = CARTESIAN_POINT('',(-2.949086168442,-8.531770319768,
    6.358005007823));
#2351 = CARTESIAN_POINT('',(-2.54582452303,-8.664922597126,
    6.368552321841));
#2352 = CARTESIAN_POINT('',(-2.122562227926,-8.777070159768,
    6.380179587976));
#2353 = CARTESIAN_POINT('',(-1.707123542822,-8.864598531118,6.3907268535
    ));
#2354 = CARTESIAN_POINT('',(-1.281016406195,-8.932400811453,
    6.401854328282));
#2355 = CARTESIAN_POINT('',(-0.854371575304,-8.977090779269,
    6.412801990538));
#2356 = CARTESIAN_POINT('',(-0.426035532285,-8.999543102025,
    6.42378434113));
#2357 = CARTESIAN_POINT('',(0.431011892169,-8.999260207222,
    6.445780881175));
#2358 = CARTESIAN_POINT('',(0.859333037856,-8.976579594563,6.4567632248)
  );
#2359 = CARTESIAN_POINT('',(1.285980990773,-8.931777111192,
    6.467710891321));
#2360 = CARTESIAN_POINT('',(1.711901620067,-8.863272920406,
    6.478838341158));
#2361 = CARTESIAN_POINT('',(2.127712588037,-8.776955352436,
    6.489385655173));
#2362 = CARTESIAN_POINT('',(2.550342269392,-8.662446843136,
    6.501012921311));
#2363 = CARTESIAN_POINT('',(2.953886910073,-8.530529293697,
    6.511560186832));
#2364 = CARTESIAN_POINT('',(3.356807655299,-8.376194222606,
    6.522687661616));
#2365 = CARTESIAN_POINT('',(3.748637901149,-8.201574454576,
    6.533635323871));
#2366 = CARTESIAN_POINT('',(4.130813957139,-8.006850714949,
    6.544617674464));
#2367 = CARTESIAN_POINT('',(4.687376502957,-7.685274185215,
    6.561115079497));
#2368 = CARTESIAN_POINT('',(4.870036098962,-7.57322745703,6.566610232909
    ));
#2369 = CARTESIAN_POINT('',(5.049714656187,-7.456421775539,
    6.572102239094));
#2370 = CARTESIAN_POINT('',(5.226292119379,-7.334951485708,6.57759197039
    ));
#2371 = CARTESIAN_POINT('',(5.399648023061,-7.208909822754,
    6.583080326215));
#2372 = CARTESIAN_POINT('',(5.569661350198,-7.078389055664,
    6.588568222165));
#2373 = CARTESIAN_POINT('',(5.73621039113,-6.943480630812,6.594056579152
    ));
#2374 = CARTESIAN_POINT('',(5.899172602192,-6.804275315458,6.59954631248
    ));
#2375 = CARTESIAN_POINT('',(6.058424464637,-6.660863341363,
    6.605038320988));
#2376 = CARTESIAN_POINT('',(6.213841343316,-6.513334548312,
    6.610533476141));
#2377 = CARTESIAN_POINT('',(6.516753347714,-6.21022250708,6.621531746164
    ));
#2378 = CARTESIAN_POINT('',(6.664189141722,-6.054717896359,
    6.627026899576));
#2379 = CARTESIAN_POINT('',(6.807513765623,-5.895388039341,6.63251890576
    ));
#2380 = CARTESIAN_POINT('',(6.946635673252,-5.732355138861,
    6.638008637057));
#2381 = CARTESIAN_POINT('',(7.08146263489,-5.565740431966,6.64349699288)
  );
#2382 = CARTESIAN_POINT('',(7.211901638102,-5.395664365189,
    6.648984888834));
#2383 = CARTESIAN_POINT('',(7.337858788367,-5.222246769698,
    6.654473245817));
#2384 = CARTESIAN_POINT('',(7.45923920996,-5.045607036589,6.659962979147
    ));
#2385 = CARTESIAN_POINT('',(7.575946946583,-4.865864292041,
    6.665454987654));
#2386 = CARTESIAN_POINT('',(7.687884862199,-4.68313757258,6.670950142808
    ));
#2387 = CARTESIAN_POINT('',(8.009093900805,-4.12636285566,6.687447547842
    ));
#2388 = CARTESIAN_POINT('',(8.203612486912,-3.744085556186,
    6.698429891466));
#2389 = CARTESIAN_POINT('',(8.378136374622,-3.352196348805,
    6.709377557989));
#2390 = CARTESIAN_POINT('',(8.531770319774,-2.949086168442,
    6.720505007822));
#2391 = CARTESIAN_POINT('',(8.664922597119,-2.54582452303,6.731052321843
    ));
#2392 = CARTESIAN_POINT('',(8.777070159774,-2.122562227925,
    6.742679587975));
#2393 = CARTESIAN_POINT('',(8.864598531113,-1.707123542822,
    6.753226853501));
#2394 = CARTESIAN_POINT('',(8.932400811454,-1.281016406195,
    6.764354328281));
#2395 = CARTESIAN_POINT('',(8.977090779269,-0.854371575304,
    6.775301990538));
#2396 = CARTESIAN_POINT('',(8.999543102025,-0.426035532285,6.78628434113
    ));
#2397 = CARTESIAN_POINT('',(8.999260207222,0.431011892169,6.808280881175
    ));
#2398 = CARTESIAN_POINT('',(8.976579594562,0.859333037856,6.819263224799
    ));
#2399 = CARTESIAN_POINT('',(8.931777111194,1.285980990773,6.830210891322
    ));
#2400 = CARTESIAN_POINT('',(8.863272920402,1.711901620066,6.841338341156
    ));
#2401 = CARTESIAN_POINT('',(8.776955352442,2.12771258804,6.851885655175)
  );
#2402 = CARTESIAN_POINT('',(8.66244684313,2.550342269388,6.863512921309)
  );
#2403 = CARTESIAN_POINT('',(8.530529293702,2.953886910076,6.874060186834
    ));
#2404 = CARTESIAN_POINT('',(8.376194222603,3.356807655297,6.885187661615
    ));
#2405 = CARTESIAN_POINT('',(8.201574454577,3.74863790115,6.896135323872)
  );
#2406 = CARTESIAN_POINT('',(8.006850714949,4.130813957139,6.907117674463
    ));
#2407 = CARTESIAN_POINT('',(7.685274185215,4.687376502956,6.923615079497
    ));
#2408 = CARTESIAN_POINT('',(7.57322745703,4.870036098963,6.929110232909)
  );
#2409 = CARTESIAN_POINT('',(7.456421775539,5.049714656183,6.934602239093
    ));
#2410 = CARTESIAN_POINT('',(7.334951485709,5.226292119386,6.940091970391
    ));
#2411 = CARTESIAN_POINT('',(7.208909822753,5.399648023051,6.945580326212
    ));
#2412 = CARTESIAN_POINT('',(7.078389055666,5.569661350208,6.951068222168
    ));
#2413 = CARTESIAN_POINT('',(6.943480630811,5.736210391122,6.95655657915)
  );
#2414 = CARTESIAN_POINT('',(6.804275315459,5.899172602197,6.962046312481
    ));
#2415 = CARTESIAN_POINT('',(6.660863341362,6.058424464636,6.967538320987
    ));
#2416 = CARTESIAN_POINT('',(6.513334548312,6.213841343316,6.973033476141
    ));
#2417 = CARTESIAN_POINT('',(6.058666486464,6.668209349913,6.989530881175
    ));
#2418 = CARTESIAN_POINT('',(5.73976008481,6.955040521541,7.000513224799)
  );
#2419 = CARTESIAN_POINT('',(5.40639428432,7.225046042425,7.011460891321)
  );
#2420 = CARTESIAN_POINT('',(5.056783141249,7.477777629795,7.022588341157
    ));
#2421 = CARTESIAN_POINT('',(4.701724648468,7.710764647303,7.033135655175
    ));
#2422 = CARTESIAN_POINT('',(4.321910591409,7.928639217475,7.04476292131)
  );
#2423 = CARTESIAN_POINT('',(3.943281645718,8.120708575662,7.055310186833
    ));
#2424 = CARTESIAN_POINT('',(3.549242279137,8.296485191537,7.066437661615
    ));
#2425 = CARTESIAN_POINT('',(3.148701633123,8.450076193354,7.077385323871
    ));
#2426 = CARTESIAN_POINT('',(2.740771875576,8.582624997401,7.088367674464
    ));
#2427 = CARTESIAN_POINT('',(1.912854415379,8.80417193801,7.110364214508)
  );
#2428 = CARTESIAN_POINT('',(1.493257784302,8.893121818409,7.121346558133
    ));
#2429 = CARTESIAN_POINT('',(1.069551771885,8.960270558413,7.132294224655
    ));
#2430 = CARTESIAN_POINT('',(0.640413846851,9.004336961878,7.14342167449)
  );
#2431 = CARTESIAN_POINT('',(0.216430663522,9.0285803914,7.153968988508)
  );
#2432 = CARTESIAN_POINT('',(-0.221435243692,9.027358275483,
    7.165596254644));
#2433 = CARTESIAN_POINT('',(-0.645372208362,9.004380746108,
    7.176143520166));
#2434 = CARTESIAN_POINT('',(-1.07450861785,8.959588077564,7.187270994949
    ));
#2435 = CARTESIAN_POINT('',(-1.498182493455,8.892331463919,
    7.198218657205));
#2436 = CARTESIAN_POINT('',(-1.917734428474,8.803157216693,
    7.209201007797));
#2437 = CARTESIAN_POINT('',(-2.745505451546,8.581063765292,
    7.231197547842));
#2438 = CARTESIAN_POINT('',(-3.1533617336,8.448298305843,7.242179891466)
  );
#2439 = CARTESIAN_POINT('',(-3.553876274092,8.29459781431,7.253127557988
    ));
#2440 = CARTESIAN_POINT('',(-3.947553820632,8.118191476646,
    7.264255007823));
#2441 = CARTESIAN_POINT('',(-4.32685574293,7.927195310827,7.274802321841
    ));
#2442 = CARTESIAN_POINT('',(-4.705447684075,7.707203973781,
    7.286429587976));
#2443 = CARTESIAN_POINT('',(-5.06109910039,7.475336367301,7.2969768535)
  );
#2444 = CARTESIAN_POINT('',(-5.410345798427,7.221976573687,
    7.308104328282));
#2445 = CARTESIAN_POINT('',(-5.743629830796,6.951893699899,
    7.319051990538));
#2446 = CARTESIAN_POINT('',(-6.062385341117,6.664890568927,7.33003434113
    ));
#2447 = CARTESIAN_POINT('',(-6.668209349913,6.058666486465,
    7.352030881175));
#2448 = CARTESIAN_POINT('',(-6.955040521542,5.73976008481,7.363013224799
    ));
#2449 = CARTESIAN_POINT('',(-7.225046042424,5.40639428432,7.373960891321
    ));
#2450 = CARTESIAN_POINT('',(-7.477777629797,5.056783141249,
    7.385088341156));
#2451 = CARTESIAN_POINT('',(-7.7107646473,4.701724648466,7.395635655175)
  );
#2452 = CARTESIAN_POINT('',(-7.928639217478,4.321910591412,7.40726292131
    ));
#2453 = CARTESIAN_POINT('',(-8.120708575659,3.943281645716,
    7.417810186833));
#2454 = CARTESIAN_POINT('',(-8.296485191539,3.549242279138,
    7.428937661615));
#2455 = CARTESIAN_POINT('',(-8.450076193354,3.148701633122,
    7.439885323871));
#2456 = CARTESIAN_POINT('',(-8.582624997402,2.740771875576,
    7.450867674464));
#2457 = CARTESIAN_POINT('',(-8.748785202858,2.119833780428,
    7.467365079497));
#2458 = CARTESIAN_POINT('',(-8.798716040534,1.911444940135,
    7.472860232909));
#2459 = CARTESIAN_POINT('',(-8.843173877316,1.701798924424,
    7.478352239094));
#2460 = CARTESIAN_POINT('',(-8.882140533296,1.491047337143,
    7.483841970391));
#2461 = CARTESIAN_POINT('',(-8.915596753756,1.279341287507,
    7.489330326213));
#2462 = CARTESIAN_POINT('',(-8.943522210778,1.066831591498,
    7.494818222167));
#2463 = CARTESIAN_POINT('',(-8.965895504963,0.853668973206,
    7.500306579151));
#2464 = CARTESIAN_POINT('',(-8.982694167022,0.640004266219,7.50579631248
    ));
#2465 = CARTESIAN_POINT('',(-8.993894659486,0.425988614983,
    7.511288320988));
#2466 = CARTESIAN_POINT('',(-8.999472378324,0.211773676172,
    7.516783476141));
#2467 = CARTESIAN_POINT('',(-8.999260207222,-0.431011892169,
    7.533280881175));
#2468 = CARTESIAN_POINT('',(-8.976579594561,-0.859333037856,
    7.544263224799));
#2469 = CARTESIAN_POINT('',(-8.931777111196,-1.285980990774,
    7.555210891322));
#2470 = CARTESIAN_POINT('',(-8.863272920397,-1.711901620064,
    7.566338341156));
#2471 = CARTESIAN_POINT('',(-8.776955352449,-2.12771258804,
    7.576885655174));
#2472 = CARTESIAN_POINT('',(-8.662446843123,-2.550342269389,
    7.58851292131));
#2473 = CARTESIAN_POINT('',(-8.530529293707,-2.953886910075,
    7.599060186832));
#2474 = CARTESIAN_POINT('',(-8.376194222601,-3.356807655298,
    7.610187661616));
#2475 = CARTESIAN_POINT('',(-8.201574454578,-3.748637901149,
    7.621135323871));
#2476 = CARTESIAN_POINT('',(-8.006850714949,-4.130813957139,
    7.632117674464));
#2477 = CARTESIAN_POINT('',(-7.685274185214,-4.687376502956,
    7.648615079497));
#2478 = CARTESIAN_POINT('',(-7.573227457032,-4.870036098963,
    7.654110232909));
#2479 = CARTESIAN_POINT('',(-7.456421775534,-5.049714656182,
    7.659602239092));
#2480 = CARTESIAN_POINT('',(-7.334951485717,-5.226292119387,
    7.665091970393));
#2481 = CARTESIAN_POINT('',(-7.208909822744,-5.39964802305,7.67058032621
    ));
#2482 = CARTESIAN_POINT('',(-7.078389055674,-5.569661350209,
    7.67606822217));
#2483 = CARTESIAN_POINT('',(-6.943480630805,-5.736210391122,
    7.681556579148));
#2484 = CARTESIAN_POINT('',(-6.804275315462,-5.899172602197,
    7.687046312482));
#2485 = CARTESIAN_POINT('',(-6.660863341361,-6.058424464636,
    7.692538320987));
#2486 = CARTESIAN_POINT('',(-6.513334548312,-6.213841343316,
    7.698033476141));
#2487 = CARTESIAN_POINT('',(-6.21022250708,-6.516753347714,
    7.709031746164));
#2488 = CARTESIAN_POINT('',(-6.054717896359,-6.664189141721,
    7.714526899575));
#2489 = CARTESIAN_POINT('',(-5.895388039343,-6.807513765626,
    7.720018905762));
#2490 = CARTESIAN_POINT('',(-5.732355138858,-6.946635673247,
    7.725508637055));
#2491 = CARTESIAN_POINT('',(-5.56574043197,-7.081462634896,
    7.730996992884));
#2492 = CARTESIAN_POINT('',(-5.395664365185,-7.211901638096,
    7.73648488883));
#2493 = CARTESIAN_POINT('',(-5.2222467697,-7.337858788371,7.74197324582)
  );
#2494 = CARTESIAN_POINT('',(-5.045607036588,-7.459239209958,
    7.747462979145));
#2495 = CARTESIAN_POINT('',(-4.865864292041,-7.575946946584,
    7.752954987655));
#2496 = CARTESIAN_POINT('',(-4.683137572579,-7.687884862199,
    7.758450142808));
#2497 = CARTESIAN_POINT('',(-4.12636285566,-8.009093900805,
    7.774947547842));
#2498 = CARTESIAN_POINT('',(-3.744085556186,-8.203612486912,
    7.785929891466));
#2499 = CARTESIAN_POINT('',(-3.352196348804,-8.37813637462,
    7.796877557988));
#2500 = CARTESIAN_POINT('',(-2.949086168442,-8.531770319777,
    7.808005007824));
#2501 = CARTESIAN_POINT('',(-2.545824523031,-8.664922597114,
    7.81855232184));
#2502 = CARTESIAN_POINT('',(-2.122562227924,-8.77707015978,
    7.830179587978));
#2503 = CARTESIAN_POINT('',(-1.707123542823,-8.864598531108,
    7.840726853498));
#2504 = CARTESIAN_POINT('',(-1.281016406194,-8.932400811458,
    7.851854328283));
#2505 = CARTESIAN_POINT('',(-0.854371575305,-8.977090779267,
    7.862801990538));
#2506 = CARTESIAN_POINT('',(-0.426035532285,-8.999543102025,
    7.87378434113));
#2507 = CARTESIAN_POINT('',(0.216750036055,-8.999330930923,
    7.890281746164));
#2508 = CARTESIAN_POINT('',(0.430961250534,-8.993625415908,
    7.895776899575));
#2509 = CARTESIAN_POINT('',(0.644970286349,-8.982308007039,
    7.901268905761));
#2510 = CARTESIAN_POINT('',(0.85862600013,-8.965400381845,7.906758637057
    ));
#2511 = CARTESIAN_POINT('',(1.071777448084,-8.94292305162,7.912246992881
    ));
#2512 = CARTESIAN_POINT('',(1.284273691919,-8.914895415181,
    7.917734888833));
#2513 = CARTESIAN_POINT('',(1.495963604762,-8.881335812528,
    7.923223245818));
#2514 = CARTESIAN_POINT('',(1.70669567708,-8.842261578629,7.928712979146
    ));
#2515 = CARTESIAN_POINT('',(1.916317822604,-8.797689097074,
    7.934204987654));
#2516 = CARTESIAN_POINT('',(2.124677184242,-8.747633853843,
    7.939700142808));
#2517 = CARTESIAN_POINT('',(2.745505451546,-8.581063765292,
    7.956197547842));
#2518 = CARTESIAN_POINT('',(3.1533617336,-8.448298305845,7.967179891466)
  );
#2519 = CARTESIAN_POINT('',(3.553876274093,-8.294597814306,
    7.978127557988));
#2520 = CARTESIAN_POINT('',(3.947553820629,-8.118191476652,
    7.989255007824));
#2521 = CARTESIAN_POINT('',(4.326855742933,-7.927195310818,7.99980232184
    ));
#2522 = CARTESIAN_POINT('',(4.705447684072,-7.707203973789,
    8.011429587978));
#2523 = CARTESIAN_POINT('',(5.061099100392,-7.475336367295,
    8.021976853498));
#2524 = CARTESIAN_POINT('',(5.410345798425,-7.221976573689,
    8.033104328283));
#2525 = CARTESIAN_POINT('',(5.743629830797,-6.951893699898,
    8.044051990538));
#2526 = CARTESIAN_POINT('',(6.062385341117,-6.664890568928,8.05503434113
    ));
#2527 = CARTESIAN_POINT('',(6.516753347714,-6.21022250708,8.071531746164
    ));
#2528 = CARTESIAN_POINT('',(6.664189141721,-6.054717896359,
    8.077026899576));
#2529 = CARTESIAN_POINT('',(6.807513765625,-5.895388039342,8.08251890576
    ));
#2530 = CARTESIAN_POINT('',(6.946635673248,-5.73235513886,8.088008637057
    ));
#2531 = CARTESIAN_POINT('',(7.081462634895,-5.565740431968,8.09349699288
    ));
#2532 = CARTESIAN_POINT('',(7.211901638097,-5.395664365187,
    8.098984888834));
#2533 = CARTESIAN_POINT('',(7.337858788371,-5.222246769699,
    8.104473245818));
#2534 = CARTESIAN_POINT('',(7.459239209958,-5.045607036588,
    8.109962979147));
#2535 = CARTESIAN_POINT('',(7.575946946584,-4.865864292041,
    8.115454987654));
#2536 = CARTESIAN_POINT('',(7.687884862199,-4.68313757258,8.120950142808
    ));
#2537 = CARTESIAN_POINT('',(8.009093900805,-4.12636285566,8.137447547842
    ));
#2538 = CARTESIAN_POINT('',(8.203612486911,-3.744085556186,
    8.148429891467));
#2539 = CARTESIAN_POINT('',(8.378136374622,-3.352196348803,
    8.159377557987));
#2540 = CARTESIAN_POINT('',(8.531770319773,-2.949086168443,
    8.170505007826));
#2541 = CARTESIAN_POINT('',(8.664922597119,-2.545824523029,
    8.181052321837));
#2542 = CARTESIAN_POINT('',(8.777070159775,-2.122562227926,
    8.192679587981));
#2543 = CARTESIAN_POINT('',(8.864598531112,-1.707123542821,
    8.203226853496));
#2544 = CARTESIAN_POINT('',(8.932400811455,-1.281016406195,
    8.214354328284));
#2545 = CARTESIAN_POINT('',(8.977090779268,-0.854371575304,
    8.225301990537));
#2546 = CARTESIAN_POINT('',(8.999543102025,-0.426035532285,8.23628434113
    ));
#2547 = CARTESIAN_POINT('',(8.999260207222,0.431011892169,8.258280881175
    ));
#2548 = CARTESIAN_POINT('',(8.976579594562,0.859333037856,8.269263224799
    ));
#2549 = CARTESIAN_POINT('',(8.931777111194,1.285980990772,8.280210891321
    ));
#2550 = CARTESIAN_POINT('',(8.863272920401,1.711901620068,8.291338341157
    ));
#2551 = CARTESIAN_POINT('',(8.776955352442,2.127712588035,8.301885655173
    ));
#2552 = CARTESIAN_POINT('',(8.66244684313,2.550342269394,8.313512921311)
  );
#2553 = CARTESIAN_POINT('',(8.530529293701,2.953886910072,8.324060186832
    ));
#2554 = CARTESIAN_POINT('',(8.376194222605,3.3568076553,8.335187661616)
  );
#2555 = CARTESIAN_POINT('',(8.201574454576,3.748637901149,8.346135323871
    ));
#2556 = CARTESIAN_POINT('',(8.006850714949,4.130813957139,8.357117674464
    ));
#2557 = CARTESIAN_POINT('',(7.685274185214,4.687376502956,8.373615079497
    ));
#2558 = CARTESIAN_POINT('',(7.573227457031,4.870036098963,8.379110232909
    ));
#2559 = CARTESIAN_POINT('',(7.456421775537,5.049714656183,8.384602239093
    ));
#2560 = CARTESIAN_POINT('',(7.334951485711,5.226292119385,8.390091970392
    ));
#2561 = CARTESIAN_POINT('',(7.208909822751,5.399648023053,8.395580326211
    ));
#2562 = CARTESIAN_POINT('',(7.078389055668,5.569661350205,8.401068222169
    ));
#2563 = CARTESIAN_POINT('',(6.94348063081,5.736210391124,8.406556579149)
  );
#2564 = CARTESIAN_POINT('',(6.804275315459,5.899172602195,8.412046312481
    ));
#2565 = CARTESIAN_POINT('',(6.660863341362,6.058424464636,8.417538320987
    ));
#2566 = CARTESIAN_POINT('',(6.513334548312,6.213841343316,8.423033476142
    ));
#2567 = CARTESIAN_POINT('',(6.21022250708,6.516753347714,8.434031746164)
  );
#2568 = CARTESIAN_POINT('',(6.054717896359,6.664189141721,8.439526899576
    ));
#2569 = CARTESIAN_POINT('',(5.895388039342,6.807513765625,8.445018905759
    ));
#2570 = CARTESIAN_POINT('',(5.73235513886,6.946635673249,8.45050863706)
  );
#2571 = CARTESIAN_POINT('',(5.565740431967,7.081462634893,8.455996992877
    ));
#2572 = CARTESIAN_POINT('',(5.395664365187,7.211901638099,8.461484888836
    ));
#2573 = CARTESIAN_POINT('',(5.222246769699,7.337858788369,8.466973245815
    ));
#2574 = CARTESIAN_POINT('',(5.045607036588,7.459239209959,8.472462979148
    ));
#2575 = CARTESIAN_POINT('',(4.865864292041,7.575946946583,8.477954987654
    ));
#2576 = CARTESIAN_POINT('',(4.683137572579,7.687884862199,8.483450142808
    ));
#2577 = CARTESIAN_POINT('',(4.12636285566,8.009093900805,8.499947547842)
  );
#2578 = CARTESIAN_POINT('',(3.744085556186,8.203612486912,8.510929891467
    ));
#2579 = CARTESIAN_POINT('',(3.352196348804,8.378136374621,8.521877557987
    ));
#2580 = CARTESIAN_POINT('',(2.949086168442,8.531770319776,8.533005007826
    ));
#2581 = CARTESIAN_POINT('',(2.54582452303,8.664922597115,8.543552321838)
  );
#2582 = CARTESIAN_POINT('',(2.122562227925,8.777070159779,8.55517958798)
  );
#2583 = CARTESIAN_POINT('',(1.707123542822,8.864598531109,8.565726853497
    ));
#2584 = CARTESIAN_POINT('',(1.281016406195,8.932400811457,8.576854328283
    ));
#2585 = CARTESIAN_POINT('',(0.854371575304,8.977090779267,8.587801990538
    ));
#2586 = CARTESIAN_POINT('',(0.426035532285,8.999543102025,8.59878434113)
  );
#2587 = CARTESIAN_POINT('',(-0.216750036055,8.999330930923,
    8.615281746164));
#2588 = CARTESIAN_POINT('',(-0.430961250534,8.993625415906,
    8.620776899575));
#2589 = CARTESIAN_POINT('',(-0.644970286349,8.982308007042,
    8.626268905762));
#2590 = CARTESIAN_POINT('',(-0.85862600013,8.965400381838,8.631758637055
    ));
#2591 = CARTESIAN_POINT('',(-1.071777448084,8.942923051629,
    8.637246992883));
#2592 = CARTESIAN_POINT('',(-1.284273691919,8.914895415173,
    8.642734888831));
#2593 = CARTESIAN_POINT('',(-1.495963604763,8.881335812535,
    8.648223245819));
#2594 = CARTESIAN_POINT('',(-1.70669567708,8.842261578625,8.653712979146
    ));
#2595 = CARTESIAN_POINT('',(-1.916317822604,8.797689097076,
    8.659204987655));
#2596 = CARTESIAN_POINT('',(-2.124677184242,8.747633853843,
    8.664700142808));
#2597 = CARTESIAN_POINT('',(-2.745505451546,8.581063765292,
    8.681197547842));
#2598 = CARTESIAN_POINT('',(-3.1533617336,8.448298305843,8.692179891466)
  );
#2599 = CARTESIAN_POINT('',(-3.55387627409,8.294597814305,8.703127557989
    ));
#2600 = CARTESIAN_POINT('',(-3.947553820628,8.118191476655,
    8.714255007821));
#2601 = CARTESIAN_POINT('',(-4.326855742936,7.927195310809,
    8.724802321845));
#2602 = CARTESIAN_POINT('',(-4.705447684058,7.707203973794,
    8.736429587976));
#2603 = CARTESIAN_POINT('',(-5.061099100399,7.475336367298,
    8.746976853499));
#2604 = CARTESIAN_POINT('',(-5.410345798429,7.221976573693,
    8.758104328281));
#2605 = CARTESIAN_POINT('',(-5.743629830802,6.951893699901,
    8.769051990538));
#2606 = CARTESIAN_POINT('',(-6.062385341125,6.664890568929,
    8.780034341129));
#2607 = CARTESIAN_POINT('',(-6.668209349916,6.058666486456,
    8.802030881175));
#2608 = CARTESIAN_POINT('',(-6.955040521533,5.739760084796,
    8.813013224801));
#2609 = CARTESIAN_POINT('',(-7.225046042409,5.406394284285,
    8.823960891325));
#2610 = CARTESIAN_POINT('',(-7.47777762976,5.056783141334,8.835088341148
    ));
#2611 = CARTESIAN_POINT('',(-7.710764647321,4.701724648273,
    8.845635655193));
#2612 = CARTESIAN_POINT('',(-7.928639217336,4.321910591625,
    8.857262921306));
#2613 = CARTESIAN_POINT('',(-8.120708575755,3.943281645715,
    8.867810186823));
#2614 = CARTESIAN_POINT('',(-8.296485191574,3.549242279215,
    8.878937661619));
#2615 = CARTESIAN_POINT('',(-8.450076193445,3.148701633159,
    8.889885323865));
#2616 = CARTESIAN_POINT('',(-8.582624997472,2.740771875563,
    8.900867674467));
#2617 = CARTESIAN_POINT('',(-8.804171937979,1.912854415198,
    8.922864214512));
#2618 = CARTESIAN_POINT('',(-8.89312181823,1.4932577841,8.933846558157)
  );
#2619 = CARTESIAN_POINT('',(-8.960270558227,1.069551771423,
    8.944794224555));
#2620 = CARTESIAN_POINT('',(-9.004336961528,0.640413847966,
    8.955921674678));
#2621 = CARTESIAN_POINT('',(-9.028580391032,0.216430660976,
    8.966468988311));
#2622 = CARTESIAN_POINT('',(-9.027358275449,-0.22143524042,
    8.978096254517));
#2623 = CARTESIAN_POINT('',(-9.004380747085,-0.645372208682,
    8.988643520089));
#2624 = CARTESIAN_POINT('',(-8.959588078175,-1.074508616666,
    8.999770995203));
#2625 = CARTESIAN_POINT('',(-8.892331465239,-1.498182493106,
    9.010718657108));
#2626 = CARTESIAN_POINT('',(-8.803157216962,-1.9177344285,9.021701008131
    ));
#2627 = CARTESIAN_POINT('',(-8.581063763631,-2.745505453596,
    9.043697547982));
#2628 = CARTESIAN_POINT('',(-8.448298302891,-3.153361735756,
    9.054679891551));
#2629 = CARTESIAN_POINT('',(-8.29459781187,-3.553876280846,
    9.065627555144));
#2630 = CARTESIAN_POINT('',(-8.118191473036,-3.947553806986,
    9.076755013602));
#2631 = CARTESIAN_POINT('',(-7.927195301806,-4.326855769994,
    9.087302314223));
#2632 = CARTESIAN_POINT('',(-7.707203991717,-4.705447659855,
    9.098929584605));
#2633 = CARTESIAN_POINT('',(-7.475336373767,-5.061099101794,
    9.109476854708));
#2634 = CARTESIAN_POINT('',(-7.221976585043,-5.410345783686,
    9.120604332753));
#2635 = CARTESIAN_POINT('',(-6.951893716285,-5.743629826578,
    9.131551990072));
#2636 = CARTESIAN_POINT('',(-6.664890569886,-6.062385332488,
    9.142534348069));
#2637 = CARTESIAN_POINT('',(-6.058666460057,-6.668209359051,
    9.164530884789));
#2638 = CARTESIAN_POINT('',(-5.739760051338,-6.955040549422,
    9.175513217079));
#2639 = CARTESIAN_POINT('',(-5.406394238885,-7.225046117733,
    9.186460856861));
#2640 = CARTESIAN_POINT('',(-5.056783094436,-7.477777515125,
    9.197588413799));
#2641 = CARTESIAN_POINT('',(-4.701724569242,-7.710764843064,
    9.208135557963));
#2642 = CARTESIAN_POINT('',(-4.32191074816,-7.928639350085,
    9.219762801598));
#2643 = CARTESIAN_POINT('',(-3.943281683279,-8.120708380142,
    9.230310298874));
#2644 = CARTESIAN_POINT('',(-3.54924247204,-8.296485130069,
    9.241437659201));
#2645 = CARTESIAN_POINT('',(-3.148701812244,-8.450076041748,
    9.252385376898));
#2646 = CARTESIAN_POINT('',(-2.740771994904,-8.582624826188,
    9.263367748951));
#2647 = CARTESIAN_POINT('',(-2.326813110183,-8.693398313332,
    9.274366039614));
#2648 = CARTESIAN_POINT('',(-1.912854267229,-8.804171966983,
    9.285364227093));
#2649 = CARTESIAN_POINT('',(-1.493257408989,-8.89312207279,
    9.296346486878));
#2650 = CARTESIAN_POINT('',(-1.069551216041,-8.960271809151,
    9.307293651566));
#2651 = CARTESIAN_POINT('',(-0.640412482373,-9.004335076204,
    9.318422839588));
#2652 = CARTESIAN_POINT('',(-0.216431767514,-9.028583701939,
    9.328967318471));
#2653 = CARTESIAN_POINT('',(0.221438966103,-9.027360656404,9.34059503005
    ));
#2654 = CARTESIAN_POINT('',(0.645369912295,-9.004377599144,
    9.351144922226));
#2655 = CARTESIAN_POINT('',(1.074507007359,-8.959587125762,
    9.362271016749));
#2656 = CARTESIAN_POINT('',(1.49817953622,-8.892329239335,9.373219323251
    ));
#2657 = CARTESIAN_POINT('',(1.917731217331,-8.80315506464,9.38420189003)
  );
#2658 = CARTESIAN_POINT('',(2.331617635565,-8.692109293724,
    9.395200336154));
#2659 = CARTESIAN_POINT('',(2.538561119394,-8.636587369727,
    9.400698958262));
#2660 = CARTESIAN_POINT('',(2.743997968284,-8.575635828646,
    9.406193617275));
#2661 = CARTESIAN_POINT('',(2.947787554746,-8.509315899433,
    9.411685151271));
#2662 = CARTESIAN_POINT('',(3.149789310536,-8.437687527045,
    9.417174436122));
#2663 = CARTESIAN_POINT('',(3.349862552876,-8.360809475237,9.42266237458
    ));
#2664 = CARTESIAN_POINT('',(3.547866310723,-8.278739429123,
    9.428149885344));
#2665 = CARTESIAN_POINT('',(3.743659150968,-8.191534098071,
    9.433637892152));
#2666 = CARTESIAN_POINT('',(3.937099004718,-8.099249318211,
    9.439127312856));
#2667 = CARTESIAN_POINT('',(4.128042993495,-8.001940155308,
    9.444619048499));
#2668 = CARTESIAN_POINT('',(4.316347255505,-7.899661007355,
    9.450113972399));
#2669 = CARTESIAN_POINT('',(4.501866771857,-7.792465707337,
    9.455612919228));
#2670 = CARTESIAN_POINT('',(4.687384761803,-7.685267861632,
    9.461113649971));
#2671 = CARTESIAN_POINT('',(4.870038723815,-7.573215700338,
    9.466610293151));
#2672 = CARTESIAN_POINT('',(5.049709630571,-7.456405271113,
    9.472103671099));
#2673 = CARTESIAN_POINT('',(5.226278209547,-7.334931370139,9.47759464511
    ));
#2674 = CARTESIAN_POINT('',(5.399624801405,-7.208887683418,
    9.483084104648));
#2675 = CARTESIAN_POINT('',(5.569629218282,-7.078366928067,
    9.488572956541));
#2676 = CARTESIAN_POINT('',(5.736170602246,-6.943460993627,9.49406211419
    ));
#2677 = CARTESIAN_POINT('',(5.899127283524,-6.804261083352,
    9.499552486763));
#2678 = CARTESIAN_POINT('',(6.058376638981,-6.66085785551,9.50504496841)
  );
#2679 = CARTESIAN_POINT('',(6.213794950378,-6.513341564689,
    9.510540427447));
#2680 = CARTESIAN_POINT('',(6.365257262784,-6.361802203084,
    9.516039695576));
#2681 = CARTESIAN_POINT('',(6.516724963824,-6.21026805584,9.521534457293
    ));
#2682 = CARTESIAN_POINT('',(6.664182762885,-6.054782370944,
    9.527025750086));
#2683 = CARTESIAN_POINT('',(6.807536508174,-5.895466840515,
    9.532514443123));
#2684 = CARTESIAN_POINT('',(6.946691383946,-5.732442054338,
    9.538001438558));
#2685 = CARTESIAN_POINT('',(7.081551816443,-5.565827681781,
    9.543487660472));
#2686 = CARTESIAN_POINT('',(7.212021379832,-5.3957426537,9.548974043737)
  );
#2687 = CARTESIAN_POINT('',(7.338002702142,-5.222305344359,
    9.554461523009));
#2688 = CARTESIAN_POINT('',(7.459397371202,-5.04563375333,9.559951021548
    ));
#2689 = CARTESIAN_POINT('',(7.576105840583,-4.865845687415,
    9.565443440226));
#2690 = CARTESIAN_POINT('',(7.68802733553,-4.683058942552,9.570939646368
    ));
#2691 = CARTESIAN_POINT('',(7.795059758906,-4.497391485726,
    9.576440462715));
#2692 = CARTESIAN_POINT('',(8.009102761892,-4.126044446004,
    9.587457111043));
#2693 = CARTESIAN_POINT('',(8.203386837258,-3.743673382332,
    9.598449217532));
#2694 = CARTESIAN_POINT('',(8.377578512449,-3.351544111487,
    9.609425277187));
#2695 = CARTESIAN_POINT('',(8.531291285869,-2.950435314302,
    9.620392961217));
#2696 = CARTESIAN_POINT('',(8.664161736701,-2.542092731928,
    9.631329024366));
#2697 = CARTESIAN_POINT('',(8.775892500419,-2.127645432749,
    9.642273415895));
#2698 = CARTESIAN_POINT('',(8.866085189767,-1.707591840263,
    9.653283892518));
#2699 = CARTESIAN_POINT('',(8.934104418409,-1.282936115738,
    9.664342954051));
#2700 = CARTESIAN_POINT('',(8.979233424759,-0.855323151712,
    9.675393832158));
#2701 = CARTESIAN_POINT('',(9.001002397072,-0.425582853779,
    9.686496559467));
#2702 = CARTESIAN_POINT('',(8.99879246713,5.048431983939E-03,
    9.697638830316));
#2703 = CARTESIAN_POINT('',(7.767271085671,3.608224830032E-16,
    1.140067429947));
#2704 = CARTESIAN_POINT('',(7.768663761227,0.368430040833,1.150885780009
    ));
#2705 = CARTESIAN_POINT('',(7.749679619646,0.737016825096,1.161745987314
    ));
#2706 = CARTESIAN_POINT('',(7.710726514801,1.104828510445,1.172661038651
    ));
#2707 = CARTESIAN_POINT('',(7.65210975569,1.470373943414,1.183567464525)
  );
#2708 = CARTESIAN_POINT('',(7.574241938424,1.83320666772,1.194525262213)
  );
#2709 = CARTESIAN_POINT('',(7.477670336909,2.192228330903,1.205552902109
    ));
#2710 = CARTESIAN_POINT('',(7.362864602473,2.545641906462,1.216589311507
    ));
#2711 = CARTESIAN_POINT('',(7.230076423641,2.892152441137,1.227592278472
    ));
#2712 = CARTESIAN_POINT('',(7.079540063294,3.231141708411,1.238586406327
    ));
#2713 = CARTESIAN_POINT('',(6.911828323066,3.561153199951,1.249563574127
    ));
#2714 = CARTESIAN_POINT('',(6.72731248278,3.881115316099,1.260514822709)
  );
#2715 = CARTESIAN_POINT('',(6.542821591049,4.201091322552,1.271481938683
    ));
#2716 = CARTESIAN_POINT('',(6.341313633589,4.511545878804,1.282468549319
    ));
#2717 = CARTESIAN_POINT('',(6.123377894188,4.811807292788,1.29350284047)
  );
#2718 = CARTESIAN_POINT('',(5.890861004657,5.098484393089,1.304310431561
    ));
#2719 = CARTESIAN_POINT('',(5.640026523388,5.379077578873,1.315792291881
    ));
#2720 = CARTESIAN_POINT('',(5.382256301761,5.635450469004,1.326160667837
    ));
#2721 = CARTESIAN_POINT('',(5.10293589525,5.88740040577,1.337501671411)
  );
#2722 = CARTESIAN_POINT('',(4.815998062523,6.119806415718,1.348393545919
    ));
#2723 = CARTESIAN_POINT('',(4.515937378646,6.338061842415,1.359402422741
    ));
#2724 = CARTESIAN_POINT('',(4.205570687304,6.539881058687,1.370386987136
    ));
#2725 = CARTESIAN_POINT('',(3.885633138108,6.724717728555,1.381354281566
    ));
#2726 = CARTESIAN_POINT('',(3.565699070803,6.909560221834,1.392325346204
    ));
#2727 = CARTESIAN_POINT('',(3.235859555482,7.077682512001,1.403313421395
    ));
#2728 = CARTESIAN_POINT('',(2.896924885245,7.228783387566,1.414339629301
    ));
#2729 = CARTESIAN_POINT('',(2.552385066623,7.360812958269,1.425169233762
    ));
#2730 = CARTESIAN_POINT('',(2.194470081818,7.478557559555,1.436624682239
    ));
#2731 = CARTESIAN_POINT('',(1.843772246307,7.571434188643,1.446933538822
    ));
#2732 = CARTESIAN_POINT('',(1.475455283272,7.650219073864,1.458370102213
    ));
#2733 = CARTESIAN_POINT('',(1.110937373717,7.707902360975,1.46921059841)
  );
#2734 = CARTESIAN_POINT('',(0.741918450242,7.746902495044,1.480232938994
    ));
#2735 = CARTESIAN_POINT('',(0.372213179797,7.766494354256,1.491220117522
    ));
#2736 = CARTESIAN_POINT('',(2.708337941257E-03,7.76659812601,
    1.502190464462));
#2737 = CARTESIAN_POINT('',(-0.366796493293,7.766702593393,
    1.513161197985));
#2738 = CARTESIAN_POINT('',(-0.736513551943,7.747377791554,
    1.524148769008));
#2739 = CARTESIAN_POINT('',(-1.10559191835,7.708765114352,1.535173116706
    ));
#2740 = CARTESIAN_POINT('',(-1.469981460481,7.650846265359,
    1.546006841006));
#2741 = CARTESIAN_POINT('',(-1.838828247079,7.573846503076,
    1.557454891496));
#2742 = CARTESIAN_POINT('',(-2.188941727376,7.47893823566,1.567760919019
    ));
#2743 = CARTESIAN_POINT('',(-2.547335931627,7.363017605641,
    1.579207385183));
#2744 = CARTESIAN_POINT('',(-2.891846099641,7.230707730969,
    1.590042016418));
#2745 = CARTESIAN_POINT('',(-3.230929147968,7.079974741175,
    1.601066011339));
#2746 = CARTESIAN_POINT('',(-3.560900246607,6.912088786714,
    1.612053476965));
#2747 = CARTESIAN_POINT('',(-3.880953598357,6.727426104455,1.62302412036
    ));
#2748 = CARTESIAN_POINT('',(-4.040980286683,6.63509478574,1.628509456303
    ));
#2749 = CARTESIAN_POINT('',(-4.198624166104,6.538530467855,
    1.633998999906));
#2750 = CARTESIAN_POINT('',(-4.353761913008,6.437820211638,
    1.639491867639));
#2751 = CARTESIAN_POINT('',(-4.506270118926,6.333052439113,
    1.644987143034));
#2752 = CARTESIAN_POINT('',(-4.656025447109,6.224316799275,1.65048386512
    ));
#2753 = CARTESIAN_POINT('',(-4.802904873089,6.111704120336,
    1.655981083853));
#2754 = CARTESIAN_POINT('',(-4.946785783023,5.995306215542,
    1.661477802092));
#2755 = CARTESIAN_POINT('',(-5.087546276071,5.875215899105,
    1.666973080365));
#2756 = CARTESIAN_POINT('',(-5.225065215687,5.751526743517,
    1.672465941276));
#2757 = CARTESIAN_POINT('',(-5.359222547743,5.62433311174,1.677955486851
    ));
#2758 = CARTESIAN_POINT('',(-5.751253023959,5.232523585924,
    1.694411486196));
#2759 = CARTESIAN_POINT('',(-5.999017836872,4.957429061591,
    1.705398974726));
#2760 = CARTESIAN_POINT('',(-6.232692004087,4.669147866876,1.71642312032
    ));
#2761 = CARTESIAN_POINT('',(-6.449400102266,4.370531262221,
    1.727257273536));
#2762 = CARTESIAN_POINT('',(-6.655765464197,4.055269923361,
    1.738704469534));
#2763 = CARTESIAN_POINT('',(-6.836222448194,3.74059260906,1.74901045937)
  );
#2764 = CARTESIAN_POINT('',(-7.00767872242,3.405201456162,1.760457720234
    ));
#2765 = CARTESIAN_POINT('',(-7.157726064142,3.068038591045,
    1.771291849716));
#2766 = CARTESIAN_POINT('',(-7.290909975741,2.721686326154,
    1.782315992462));
#2767 = CARTESIAN_POINT('',(-7.405521558837,2.369648161004,
    1.793303481861));
#2768 = CARTESIAN_POINT('',(-7.59699299619,1.655871850004,1.815244813318
    ));
#2769 = CARTESIAN_POINT('',(-7.67401636416,1.293750598392,1.826232307204
    ));
#2770 = CARTESIAN_POINT('',(-7.732243530906,0.927254666785,
    1.837256450861));
#2771 = CARTESIAN_POINT('',(-7.770609947171,0.560291063661,
    1.848090603667));
#2772 = CARTESIAN_POINT('',(-7.791696946653,0.184084007825,
    1.859537808007));
#2773 = CARTESIAN_POINT('',(-7.790638626067,-0.178662985444,
    1.869843799237));
#2774 = CARTESIAN_POINT('',(-7.771428515289,-0.554848406243,
    1.881291048472));
#2775 = CARTESIAN_POINT('',(-7.732791907688,-0.921863672918,
    1.892125185555));
#2776 = CARTESIAN_POINT('',(-7.674956420654,-1.288405488583,
    1.903149325866));
#2777 = CARTESIAN_POINT('',(-7.598193879399,-1.650585272754,
    1.914136815026));
#2778 = CARTESIAN_POINT('',(-7.407124851121,-2.364469409338,
    1.936078146313));
#2779 = CARTESIAN_POINT('',(-7.292768419059,-2.716587296921,
    1.947065640614));
#2780 = CARTESIAN_POINT('',(-7.159946658139,-3.063095668136,
    1.958089783954));
#2781 = CARTESIAN_POINT('',(-7.009691148907,-3.400078677948,
    1.968923937046));
#2782 = CARTESIAN_POINT('',(-6.839849497052,-3.736427049274,
    1.980371141493));
#2783 = CARTESIAN_POINT('',(-6.65755947088,-4.050045995714,
    1.990677132782));
#2784 = CARTESIAN_POINT('',(-6.452830314046,-4.366227073582,
    2.002124381606));
#2785 = CARTESIAN_POINT('',(-6.235862398306,-4.664753313462,
    2.012958518993));
#2786 = CARTESIAN_POINT('',(-6.002504489103,-4.953270093814,
    2.023982659178));
#2787 = CARTESIAN_POINT('',(-5.754936286206,-5.228545716941,
    2.034970148355));
#2788 = CARTESIAN_POINT('',(-5.232523585388,-5.751253000444,
    2.056911479641));
#2789 = CARTESIAN_POINT('',(-4.957429066315,-5.999017820213,
    2.067898973954));
#2790 = CARTESIAN_POINT('',(-4.669147861529,-6.23269199188,
    2.078923117283));
#2791 = CARTESIAN_POINT('',(-4.370531268667,-6.449400084384,
    2.08975727039));
#2792 = CARTESIAN_POINT('',(-4.055269897678,-6.655765492723,
    2.10120447483));
#2793 = CARTESIAN_POINT('',(-3.740592631287,-6.836222454135,2.1115104661
    ));
#2794 = CARTESIAN_POINT('',(-3.405201441427,-7.007678721496,
    2.122957714946));
#2795 = CARTESIAN_POINT('',(-3.068038594738,-7.157726071001,
    2.133791852324));
#2796 = CARTESIAN_POINT('',(-2.721686327003,-7.290909977602,
    2.144815992509));
#2797 = CARTESIAN_POINT('',(-2.369648162558,-7.405521558824,
    2.155803481689));
#2798 = CARTESIAN_POINT('',(-1.834315928608,-7.549125135707,
    2.172259480154));
#2799 = CARTESIAN_POINT('',(-1.654563576655,-7.592314907324,
    2.177749020143));
#2800 = CARTESIAN_POINT('',(-1.473651713774,-7.63080095421,
    2.183241885784));
#2801 = CARTESIAN_POINT('',(-1.291730125318,-7.664558528445,
    2.188737155397));
#2802 = CARTESIAN_POINT('',(-1.108949413929,-7.693563828884,
    2.194233878645));
#2803 = CARTESIAN_POINT('',(-0.925460794529,-7.717794058492,
    2.199731088031));
#2804 = CARTESIAN_POINT('',(-0.7414158893,-7.737227481626,2.205227810425
    ));
#2805 = CARTESIAN_POINT('',(-0.556966522673,-7.751843481405,
    2.21072307854));
#2806 = CARTESIAN_POINT('',(-0.372264516305,-7.761622616963,
    2.216215942472));
#2807 = CARTESIAN_POINT('',(-0.187461484073,-7.766546680823,
    2.221705481177));
#2808 = CARTESIAN_POINT('',(0.366797086987,-7.766702906878,
    2.238161479643));
#2809 = CARTESIAN_POINT('',(0.736514471093,-7.74737789117,2.249148973953
    ));
#2810 = CARTESIAN_POINT('',(1.105592657262,-7.708764887749,
    2.260173117284));
#2811 = CARTESIAN_POINT('',(1.469982236792,-7.650846831718,
    2.271007270389));
#2812 = CARTESIAN_POINT('',(1.838828069714,-7.573845758073,
    2.282454474831));
#2813 = CARTESIAN_POINT('',(2.188940839767,-7.478937670263,
    2.292760466095));
#2814 = CARTESIAN_POINT('',(2.547336113811,-7.363018174885,2.30420771495
    ));
#2815 = CARTESIAN_POINT('',(2.891845747397,-7.230707537964,
    2.315041852322));
#2816 = CARTESIAN_POINT('',(3.230929028095,-7.079974744269,
    2.326065992509));
#2817 = CARTESIAN_POINT('',(3.560900227696,-6.912088797239,
    2.337053481689));
#2818 = CARTESIAN_POINT('',(4.040980343527,-6.635094807442,
    2.353509480154));
#2819 = CARTESIAN_POINT('',(4.198624230916,-6.53853048083,2.358999020143
    ));
#2820 = CARTESIAN_POINT('',(4.35376198069,-6.437820220522,2.364491885784
    ));
#2821 = CARTESIAN_POINT('',(4.50627017919,-6.333052441341,2.369987155397
    ));
#2822 = CARTESIAN_POINT('',(4.656025504314,-6.224316805475,
    2.375483878644));
#2823 = CARTESIAN_POINT('',(4.802904911026,-6.111704118096,
    2.380981088032));
#2824 = CARTESIAN_POINT('',(4.946785816838,-5.995306222843,
    2.386477810423));
#2825 = CARTESIAN_POINT('',(5.087546287322,-5.875215897474,
    2.391973078541));
#2826 = CARTESIAN_POINT('',(5.225065221591,-5.751526749339,
    2.397465942471));
#2827 = CARTESIAN_POINT('',(5.359222537812,-5.624333111011,
    2.402955481177));
#2828 = CARTESIAN_POINT('',(5.620576179566,-5.363126760595,
    2.413926146821));
#2829 = CARTESIAN_POINT('',(5.747855794946,-5.229051543221,2.41941568681
    ));
#2830 = CARTESIAN_POINT('',(5.871641620682,-5.091620297565,2.42490855245
    ));
#2831 = CARTESIAN_POINT('',(5.991837331767,-4.950950367579,
    2.430403822064));
#2832 = CARTESIAN_POINT('',(6.108347014488,-4.807160278419,2.43590054531
    ));
#2833 = CARTESIAN_POINT('',(6.221075318564,-4.660369587511,
    2.441397754699));
#2834 = CARTESIAN_POINT('',(6.329927609299,-4.510698735719,2.44689447709
    ));
#2835 = CARTESIAN_POINT('',(6.43481011972,-4.358268898392,2.452389745207
    ));
#2836 = CARTESIAN_POINT('',(6.535630102726,-4.20320183653,2.457882609138
    ));
#2837 = CARTESIAN_POINT('',(6.632295983233,-4.045619747849,
    2.463372147844));
#2838 = CARTESIAN_POINT('',(6.817139037409,-3.725670488,2.474342813488)
  );
#2839 = CARTESIAN_POINT('',(6.905380485332,-3.563221384358,
    2.479832353476));
#2840 = CARTESIAN_POINT('',(6.989378587571,-3.398434865627,
    2.485325219117));
#2841 = CARTESIAN_POINT('',(7.069070672162,-3.231449208101,
    2.490820488732));
#2842 = CARTESIAN_POINT('',(7.144394770146,-3.062403722593,
    2.496317211976));
#2843 = CARTESIAN_POINT('',(7.215289723953,-2.891438571166,
    2.501814421367));
#2844 = CARTESIAN_POINT('',(7.281695295888,-2.718694584035,
    2.507311143756));
#2845 = CARTESIAN_POINT('',(7.343552276485,-2.544313076267,
    2.512806411875));
#2846 = CARTESIAN_POINT('',(7.400802592999,-2.368435664679,
    2.518299275805));
#2847 = CARTESIAN_POINT('',(7.453389417785,-2.191204084575,
    2.523788814511));
#2848 = CARTESIAN_POINT('',(7.596992994668,-1.655871850625,
    2.540244812976));
#2849 = CARTESIAN_POINT('',(7.674016363214,-1.293750598777,
    2.551232307287));
#2850 = CARTESIAN_POINT('',(7.732243529693,-0.927254666164,
    2.562256450617));
#2851 = CARTESIAN_POINT('',(7.77060994658,-0.560291064506,2.573090603724
    ));
#2852 = CARTESIAN_POINT('',(7.791696947167,-0.184084004217,
    2.584537808163));
#2853 = CARTESIAN_POINT('',(7.790638626845,0.178662983152,2.59484379943)
  );
#2854 = CARTESIAN_POINT('',(7.771428515091,0.554848407473,2.606291048282
    ));
#2855 = CARTESIAN_POINT('',(7.732791908187,0.921863672664,2.617125185656
    ));
#2856 = CARTESIAN_POINT('',(7.67495642081,1.288405488483,2.628149325842)
  );
#2857 = CARTESIAN_POINT('',(7.598193879494,1.650585272605,2.639136815022
    ));
#2858 = CARTESIAN_POINT('',(7.407124851068,2.364469409281,2.661078146309
    ));
#2859 = CARTESIAN_POINT('',(7.292768418989,2.716587296905,2.67206564062)
  );
#2860 = CARTESIAN_POINT('',(7.159946658045,3.063095668172,2.683089783951
    ));
#2861 = CARTESIAN_POINT('',(7.00969114889,3.400078677914,2.693923937056)
  );
#2862 = CARTESIAN_POINT('',(6.839849496947,3.736427049503,2.705371141497
    ));
#2863 = CARTESIAN_POINT('',(6.657559470973,4.050045995546,2.715677132762
    ));
#2864 = CARTESIAN_POINT('',(6.452830314029,4.366227073668,2.727124381616
    ));
#2865 = CARTESIAN_POINT('',(6.235862398336,4.664753313445,2.737958518989
    ));
#2866 = CARTESIAN_POINT('',(6.002504489119,4.953270093807,2.748982659175
    ));
#2867 = CARTESIAN_POINT('',(5.754936286219,5.228545716935,2.759970148356
    ));
#2868 = CARTESIAN_POINT('',(5.232523585387,5.751253000443,2.781911479643
    ));
#2869 = CARTESIAN_POINT('',(4.957429066308,5.999017820212,2.792898973954
    ));
#2870 = CARTESIAN_POINT('',(4.669147861523,6.232691991881,2.803923117283
    ));
#2871 = CARTESIAN_POINT('',(4.370531268665,6.449400084384,2.814757270391
    ));
#2872 = CARTESIAN_POINT('',(4.055269897666,6.65576549273,2.826204474829)
  );
#2873 = CARTESIAN_POINT('',(3.740592631296,6.836222454125,2.836510466097
    ));
#2874 = CARTESIAN_POINT('',(3.405201441425,7.007678721503,2.847957714948
    ));
#2875 = CARTESIAN_POINT('',(3.068038594741,7.157726070999,2.858791852323
    ));
#2876 = CARTESIAN_POINT('',(2.721686327004,7.290909977602,2.869815992508
    ));
#2877 = CARTESIAN_POINT('',(2.369648162559,7.405521558824,2.880803481689
    ));
#2878 = CARTESIAN_POINT('',(1.655871850625,7.596992994668,2.902744812976
    ));
#2879 = CARTESIAN_POINT('',(1.293750598777,7.674016363214,2.913732307287
    ));
#2880 = CARTESIAN_POINT('',(0.927254666163,7.732243529694,2.924756450617
    ));
#2881 = CARTESIAN_POINT('',(0.560291064507,7.770609946579,2.935590603724
    ));
#2882 = CARTESIAN_POINT('',(0.184084004216,7.791696947168,2.947037808163
    ));
#2883 = CARTESIAN_POINT('',(-0.178662983151,7.790638626843,
    2.957343799429));
#2884 = CARTESIAN_POINT('',(-0.554848407473,7.771428515092,
    2.968791048282));
#2885 = CARTESIAN_POINT('',(-0.921863672663,7.732791908186,
    2.979625185656));
#2886 = CARTESIAN_POINT('',(-1.288405488483,7.674956420811,
    2.990649325842));
#2887 = CARTESIAN_POINT('',(-1.650585272605,7.598193879494,
    3.001636815022));
#2888 = CARTESIAN_POINT('',(-2.364469409281,7.407124851068,
    3.023578146309));
#2889 = CARTESIAN_POINT('',(-2.716587296905,7.292768418989,3.03456564062
    ));
#2890 = CARTESIAN_POINT('',(-3.063095668173,7.159946658044,3.04558978395
    ));
#2891 = CARTESIAN_POINT('',(-3.400078677912,7.009691148891,
    3.056423937057));
#2892 = CARTESIAN_POINT('',(-3.736427049505,6.839849496946,
    3.067871141497));
#2893 = CARTESIAN_POINT('',(-4.050045995543,6.657559470974,
    3.078177132763));
#2894 = CARTESIAN_POINT('',(-4.36622707367,6.452830314029,3.089624381615
    ));
#2895 = CARTESIAN_POINT('',(-4.664753313444,6.235862398335,3.10045851899
    ));
#2896 = CARTESIAN_POINT('',(-4.953270093807,6.00250448912,3.111482659175
    ));
#2897 = CARTESIAN_POINT('',(-5.228545716935,5.754936286219,
    3.122470148356));
#2898 = CARTESIAN_POINT('',(-5.620576179566,5.363126760595,
    3.138926146821));
#2899 = CARTESIAN_POINT('',(-5.747855794946,5.229051543221,3.14441568681
    ));
#2900 = CARTESIAN_POINT('',(-5.871641620683,5.091620297564,3.14990855245
    ));
#2901 = CARTESIAN_POINT('',(-5.991837331766,4.95095036758,3.155403822065
    ));
#2902 = CARTESIAN_POINT('',(-6.108347014489,4.807160278417,3.16090054531
    ));
#2903 = CARTESIAN_POINT('',(-6.221075318564,4.660369587513,3.1663977547)
  );
#2904 = CARTESIAN_POINT('',(-6.329927609299,4.510698735718,3.17189447709
    ));
#2905 = CARTESIAN_POINT('',(-6.43481011972,4.358268898393,3.177389745208
    ));
#2906 = CARTESIAN_POINT('',(-6.535630102726,4.203201836529,
    3.182882609138));
#2907 = CARTESIAN_POINT('',(-6.632295983233,4.04561974785,3.188372147844
    ));
#2908 = CARTESIAN_POINT('',(-6.909560564496,3.565695858074,
    3.204828146309));
#2909 = CARTESIAN_POINT('',(-7.077683302016,3.235848703363,3.21581564062
    ));
#2910 = CARTESIAN_POINT('',(-7.228782553226,2.89691111645,3.226839783951
    ));
#2911 = CARTESIAN_POINT('',(-7.360818835122,2.552381455684,
    3.237673937056));
#2912 = CARTESIAN_POINT('',(-7.4785568657,2.194451057473,3.249121141497)
  );
#2913 = CARTESIAN_POINT('',(-7.571420435645,1.843790460511,
    3.259427132762));
#2914 = CARTESIAN_POINT('',(-7.650228844888,1.475451300905,
    3.270874381616));
#2915 = CARTESIAN_POINT('',(-7.707899288908,1.11094188791,3.281708518989
    ));
#2916 = CARTESIAN_POINT('',(-7.746902500739,0.74192075598,3.292732659175
    ));
#2917 = CARTESIAN_POINT('',(-7.76649460547,0.372214341093,3.303720148356
    ));
#2918 = CARTESIAN_POINT('',(-7.766702906878,-0.366797086987,
    3.325661479643));
#2919 = CARTESIAN_POINT('',(-7.747377891168,-0.736514471093,
    3.336648973954));
#2920 = CARTESIAN_POINT('',(-7.708764887755,-1.105592657262,
    3.347673117284));
#2921 = CARTESIAN_POINT('',(-7.650846831709,-1.469982236791,
    3.35850727039));
#2922 = CARTESIAN_POINT('',(-7.573845758085,-1.838828069717,
    3.36995447483));
#2923 = CARTESIAN_POINT('',(-7.47893767025,-2.188940839764,
    3.380260466096));
#2924 = CARTESIAN_POINT('',(-7.363018174895,-2.547336113814,
    3.391707714949));
#2925 = CARTESIAN_POINT('',(-7.230707537959,-2.891845747396,
    3.402541852323));
#2926 = CARTESIAN_POINT('',(-7.079974744272,-3.230929028096,
    3.413565992509));
#2927 = CARTESIAN_POINT('',(-6.912088797238,-3.560900227696,
    3.424553481689));
#2928 = CARTESIAN_POINT('',(-6.635094807442,-4.040980343527,
    3.441009480154));
#2929 = CARTESIAN_POINT('',(-6.53853048083,-4.198624230916,
    3.446499020143));
#2930 = CARTESIAN_POINT('',(-6.437820220523,-4.35376198069,
    3.451991885784));
#2931 = CARTESIAN_POINT('',(-6.333052441341,-4.506270179191,
    3.457487155397));
#2932 = CARTESIAN_POINT('',(-6.224316805476,-4.656025504313,
    3.462983878644));
#2933 = CARTESIAN_POINT('',(-6.111704118095,-4.802904911028,
    3.468481088032));
#2934 = CARTESIAN_POINT('',(-5.995306222845,-4.946785816837,
    3.473977810423));
#2935 = CARTESIAN_POINT('',(-5.875215897473,-5.087546287323,
    3.479473078541));
#2936 = CARTESIAN_POINT('',(-5.75152674934,-5.225065221591,
    3.484965942471));
#2937 = CARTESIAN_POINT('',(-5.624333111011,-5.359222537812,
    3.490455481177));
#2938 = CARTESIAN_POINT('',(-5.363126760595,-5.620576179566,
    3.501426146821));
#2939 = CARTESIAN_POINT('',(-5.229051543222,-5.747855794947,
    3.50691568681));
#2940 = CARTESIAN_POINT('',(-5.091620297562,-5.871641620681,
    3.512408552451));
#2941 = CARTESIAN_POINT('',(-4.950950367584,-5.991837331768,
    3.517903822064));
#2942 = CARTESIAN_POINT('',(-4.807160278413,-6.108347014487,
    3.523400545311));
#2943 = CARTESIAN_POINT('',(-4.660369587517,-6.221075318564,
    3.528897754699));
#2944 = CARTESIAN_POINT('',(-4.510698735715,-6.329927609299,
    3.53439447709));
#2945 = CARTESIAN_POINT('',(-4.358268898395,-6.434810119719,
    3.539889745207));
#2946 = CARTESIAN_POINT('',(-4.203201836528,-6.535630102726,
    3.545382609138));
#2947 = CARTESIAN_POINT('',(-4.04561974785,-6.632295983233,
    3.550872147844));
#2948 = CARTESIAN_POINT('',(-3.725670487999,-6.817139037409,
    3.561842813488));
#2949 = CARTESIAN_POINT('',(-3.563221384359,-6.905380485333,
    3.567332353476));
#2950 = CARTESIAN_POINT('',(-3.398434865625,-6.98937858757,
    3.572825219117));
#2951 = CARTESIAN_POINT('',(-3.231449208104,-7.069070672165,
    3.578320488731));
#2952 = CARTESIAN_POINT('',(-3.062403722589,-7.144394770142,
    3.583817211977));
#2953 = CARTESIAN_POINT('',(-2.891438571169,-7.215289723957,
    3.589314421366));
#2954 = CARTESIAN_POINT('',(-2.718694584032,-7.281695295885,
    3.594811143757));
#2955 = CARTESIAN_POINT('',(-2.544313076268,-7.343552276486,
    3.600306411874));
#2956 = CARTESIAN_POINT('',(-2.368435664678,-7.400802592999,
    3.605799275805));
#2957 = CARTESIAN_POINT('',(-2.191204084575,-7.453389417785,
    3.611288814511));
#2958 = CARTESIAN_POINT('',(-1.655871850625,-7.596992994668,
    3.627744812976));
#2959 = CARTESIAN_POINT('',(-1.293750598777,-7.674016363214,
    3.638732307287));
#2960 = CARTESIAN_POINT('',(-0.927254666163,-7.732243529694,
    3.649756450617));
#2961 = CARTESIAN_POINT('',(-0.560291064508,-7.770609946579,
    3.660590603723));
#2962 = CARTESIAN_POINT('',(-0.184084004216,-7.791696947168,
    3.672037808163));
#2963 = CARTESIAN_POINT('',(0.178662983151,-7.790638626843,
    3.682343799429));
#2964 = CARTESIAN_POINT('',(0.554848407473,-7.771428515093,
    3.693791048282));
#2965 = CARTESIAN_POINT('',(0.921863672664,-7.732791908185,
    3.704625185656));
#2966 = CARTESIAN_POINT('',(1.288405488482,-7.674956420811,
    3.715649325842));
#2967 = CARTESIAN_POINT('',(1.650585272605,-7.598193879494,
    3.726636815022));
#2968 = CARTESIAN_POINT('',(2.364469409281,-7.407124851068,
    3.748578146309));
#2969 = CARTESIAN_POINT('',(2.716587296905,-7.292768418988,3.75956564062
    ));
#2970 = CARTESIAN_POINT('',(3.063095668173,-7.159946658046,3.77058978395
    ));
#2971 = CARTESIAN_POINT('',(3.400078677912,-7.009691148889,
    3.781423937057));
#2972 = CARTESIAN_POINT('',(3.736427049505,-6.839849496947,
    3.792871141496));
#2973 = CARTESIAN_POINT('',(4.050045995544,-6.657559470973,
    3.803177132763));
#2974 = CARTESIAN_POINT('',(4.366227073669,-6.45283031403,3.814624381615
    ));
#2975 = CARTESIAN_POINT('',(4.664753313445,-6.235862398335,3.82545851899
    ));
#2976 = CARTESIAN_POINT('',(4.953270093807,-6.002504489119,
    3.836482659175));
#2977 = CARTESIAN_POINT('',(5.228545716935,-5.754936286219,
    3.847470148356));
#2978 = CARTESIAN_POINT('',(5.751253000442,-5.232523585387,
    3.869411479643));
#2979 = CARTESIAN_POINT('',(5.999017820213,-4.957429066309,
    3.880398973954));
#2980 = CARTESIAN_POINT('',(6.23269199188,-4.669147861522,3.891423117284
    ));
#2981 = CARTESIAN_POINT('',(6.449400084387,-4.370531268667,3.90225727039
    ));
#2982 = CARTESIAN_POINT('',(6.655765492725,-4.055269897664,3.91370447483
    ));
#2983 = CARTESIAN_POINT('',(6.836222454129,-3.740592631298,
    3.924010466096));
#2984 = CARTESIAN_POINT('',(7.007678721499,-3.405201441423,
    3.935457714949));
#2985 = CARTESIAN_POINT('',(7.157726071001,-3.068038594741,
    3.946291852323));
#2986 = CARTESIAN_POINT('',(7.290909977601,-2.721686327004,
    3.957315992509));
#2987 = CARTESIAN_POINT('',(7.405521558824,-2.369648162559,
    3.968303481689));
#2988 = CARTESIAN_POINT('',(7.596992994668,-1.655871850625,
    3.990244812976));
#2989 = CARTESIAN_POINT('',(7.674016363213,-1.293750598777,
    4.001232307287));
#2990 = CARTESIAN_POINT('',(7.732243529695,-0.927254666163,
    4.012256450617));
#2991 = CARTESIAN_POINT('',(7.770609946578,-0.560291064508,
    4.023090603724));
#2992 = CARTESIAN_POINT('',(7.79169694717,-0.184084004215,4.034537808163
    ));
#2993 = CARTESIAN_POINT('',(7.790638626841,0.17866298315,4.04484379943)
  );
#2994 = CARTESIAN_POINT('',(7.771428515094,0.554848407474,4.056291048282
    ));
#2995 = CARTESIAN_POINT('',(7.732791908185,0.921863672663,4.067125185656
    ));
#2996 = CARTESIAN_POINT('',(7.674956420811,1.288405488483,4.078149325842
    ));
#2997 = CARTESIAN_POINT('',(7.598193879494,1.650585272605,4.089136815022
    ));
#2998 = CARTESIAN_POINT('',(7.407124851068,2.364469409281,4.111078146309
    ));
#2999 = CARTESIAN_POINT('',(7.292768418989,2.716587296904,4.12206564062)
  );
#3000 = CARTESIAN_POINT('',(7.159946658045,3.063095668174,4.13308978395)
  );
#3001 = CARTESIAN_POINT('',(7.00969114889,3.40007867791,4.143923937057)
  );
#3002 = CARTESIAN_POINT('',(6.839849496946,3.736427049507,4.155371141497
    ));
#3003 = CARTESIAN_POINT('',(6.657559470974,4.050045995541,4.165677132763
    ));
#3004 = CARTESIAN_POINT('',(6.452830314029,4.366227073672,4.177124381615
    ));
#3005 = CARTESIAN_POINT('',(6.235862398336,4.664753313443,4.18795851899)
  );
#3006 = CARTESIAN_POINT('',(6.002504489119,4.953270093808,4.198982659175
    ));
#3007 = CARTESIAN_POINT('',(5.754936286219,5.228545716935,4.209970148356
    ));
#3008 = CARTESIAN_POINT('',(5.232523585387,5.751253000443,4.231911479643
    ));
#3009 = CARTESIAN_POINT('',(4.957429066309,5.999017820211,4.242898973954
    ));
#3010 = CARTESIAN_POINT('',(4.669147861522,6.232691991884,4.253923117284
    ));
#3011 = CARTESIAN_POINT('',(4.370531268665,6.44940008438,4.26475727039)
  );
#3012 = CARTESIAN_POINT('',(4.055269897667,6.655765492734,4.27620447483)
  );
#3013 = CARTESIAN_POINT('',(3.740592631295,6.836222454121,4.286510466096
    ));
#3014 = CARTESIAN_POINT('',(3.405201441426,7.007678721505,4.297957714949
    ));
#3015 = CARTESIAN_POINT('',(3.068038594739,7.157726070998,4.308791852323
    ));
#3016 = CARTESIAN_POINT('',(2.721686327004,7.290909977602,4.319815992509
    ));
#3017 = CARTESIAN_POINT('',(2.369648162559,7.405521558823,4.330803481689
    ));
#3018 = CARTESIAN_POINT('',(1.834315928608,7.549125135707,4.347259480154
    ));
#3019 = CARTESIAN_POINT('',(1.654563576655,7.592314907324,4.352749020143
    ));
#3020 = CARTESIAN_POINT('',(1.473651713774,7.630800954209,4.358241885784
    ));
#3021 = CARTESIAN_POINT('',(1.291730125317,7.664558528447,4.363737155397
    ));
#3022 = CARTESIAN_POINT('',(1.108949413928,7.693563828883,4.369233878644
    ));
#3023 = CARTESIAN_POINT('',(0.925460794529,7.717794058492,4.374731088032
    ));
#3024 = CARTESIAN_POINT('',(0.7414158893,7.737227481627,4.380227810424)
  );
#3025 = CARTESIAN_POINT('',(0.556966522672,7.751843481403,4.385723078541
    ));
#3026 = CARTESIAN_POINT('',(0.372264516305,7.761622616963,4.391215942471
    ));
#3027 = CARTESIAN_POINT('',(0.187461484073,7.766546680822,4.396705481177
    ));
#3028 = CARTESIAN_POINT('',(-0.366797086987,7.766702906878,
    4.413161479643));
#3029 = CARTESIAN_POINT('',(-0.736514471092,7.747377891167,
    4.424148973954));
#3030 = CARTESIAN_POINT('',(-1.105592657263,7.708764887756,
    4.435173117284));
#3031 = CARTESIAN_POINT('',(-1.46998223679,7.650846831707,4.44600727039)
  );
#3032 = CARTESIAN_POINT('',(-1.838828069718,7.573845758088,4.45745447483
    ));
#3033 = CARTESIAN_POINT('',(-2.188940839763,7.478937670248,
    4.467760466096));
#3034 = CARTESIAN_POINT('',(-2.547336113816,7.363018174896,
    4.479207714949));
#3035 = CARTESIAN_POINT('',(-2.891845747394,7.230707537958,
    4.490041852323));
#3036 = CARTESIAN_POINT('',(-3.230929028097,7.079974744272,
    4.501065992509));
#3037 = CARTESIAN_POINT('',(-3.560900227696,6.912088797239,
    4.512053481689));
#3038 = CARTESIAN_POINT('',(-4.040980343527,6.635094807442,
    4.528509480154));
#3039 = CARTESIAN_POINT('',(-4.198624230915,6.538530480829,
    4.533999020143));
#3040 = CARTESIAN_POINT('',(-4.353761980692,6.437820220523,
    4.539491885784));
#3041 = CARTESIAN_POINT('',(-4.506270179188,6.33305244134,4.544987155397
    ));
#3042 = CARTESIAN_POINT('',(-4.656025504317,6.224316805477,
    4.550483878644));
#3043 = CARTESIAN_POINT('',(-4.802904911024,6.111704118094,
    4.555981088032));
#3044 = CARTESIAN_POINT('',(-4.94678581684,5.995306222845,4.561477810424
    ));
#3045 = CARTESIAN_POINT('',(-5.087546287321,5.875215897473,
    4.566973078541));
#3046 = CARTESIAN_POINT('',(-5.225065221592,5.75152674934,4.572465942471
    ));
#3047 = CARTESIAN_POINT('',(-5.359222537812,5.624333111011,
    4.577955481177));
#3048 = CARTESIAN_POINT('',(-5.620576179566,5.363126760595,
    4.588926146821));
#3049 = CARTESIAN_POINT('',(-5.747855794946,5.229051543222,4.59441568681
    ));
#3050 = CARTESIAN_POINT('',(-5.871641620682,5.091620297563,
    4.599908552451));
#3051 = CARTESIAN_POINT('',(-5.991837331766,4.950950367582,
    4.605403822064));
#3052 = CARTESIAN_POINT('',(-6.108347014488,4.807160278415,
    4.610900545311));
#3053 = CARTESIAN_POINT('',(-6.221075318563,4.660369587514,
    4.616397754699));
#3054 = CARTESIAN_POINT('',(-6.3299276093,4.510698735717,4.62189447709)
  );
#3055 = CARTESIAN_POINT('',(-6.434810119719,4.358268898394,
    4.627389745207));
#3056 = CARTESIAN_POINT('',(-6.535630102726,4.203201836529,
    4.632882609138));
#3057 = CARTESIAN_POINT('',(-6.632295983233,4.04561974785,4.638372147844
    ));
#3058 = CARTESIAN_POINT('',(-6.817139037409,3.725670487999,
    4.649342813488));
#3059 = CARTESIAN_POINT('',(-6.905380485332,3.563221384359,
    4.654832353476));
#3060 = CARTESIAN_POINT('',(-6.989378587571,3.398434865626,
    4.660325219117));
#3061 = CARTESIAN_POINT('',(-7.069070672162,3.231449208103,
    4.665820488731));
#3062 = CARTESIAN_POINT('',(-7.144394770147,3.06240372259,4.671317211977
    ));
#3063 = CARTESIAN_POINT('',(-7.215289723952,2.891438571168,
    4.676814421365));
#3064 = CARTESIAN_POINT('',(-7.281695295889,2.718694584033,
    4.682311143757));
#3065 = CARTESIAN_POINT('',(-7.343552276484,2.544313076268,
    4.687806411874));
#3066 = CARTESIAN_POINT('',(-7.400802593,2.368435664678,4.693299275805)
  );
#3067 = CARTESIAN_POINT('',(-7.453389417785,2.191204084575,
    4.698788814511));
#3068 = CARTESIAN_POINT('',(-7.596992994668,1.655871850625,
    4.715244812976));
#3069 = CARTESIAN_POINT('',(-7.674016363215,1.293750598777,
    4.726232307287));
#3070 = CARTESIAN_POINT('',(-7.732243529691,0.927254666163,
    4.737256450617));
#3071 = CARTESIAN_POINT('',(-7.770609946586,0.560291064507,
    4.748090603724));
#3072 = CARTESIAN_POINT('',(-7.79169694716,0.184084004216,4.759537808163
    ));
#3073 = CARTESIAN_POINT('',(-7.790638626851,-0.178662983152,
    4.76984379943));
#3074 = CARTESIAN_POINT('',(-7.771428515087,-0.554848407473,
    4.781291048282));
#3075 = CARTESIAN_POINT('',(-7.732791908189,-0.921863672664,
    4.792125185656));
#3076 = CARTESIAN_POINT('',(-7.67495642081,-1.288405488482,
    4.803149325842));
#3077 = CARTESIAN_POINT('',(-7.598193879494,-1.650585272605,
    4.814136815022));
#3078 = CARTESIAN_POINT('',(-7.407124851067,-2.364469409281,
    4.836078146309));
#3079 = CARTESIAN_POINT('',(-7.29276841899,-2.716587296905,4.84706564062
    ));
#3080 = CARTESIAN_POINT('',(-7.159946658043,-3.063095668171,
    4.85808978395));
#3081 = CARTESIAN_POINT('',(-7.009691148894,-3.400078677914,
    4.868923937057));
#3082 = CARTESIAN_POINT('',(-6.839849496942,-3.736427049503,
    4.880371141496));
#3083 = CARTESIAN_POINT('',(-6.657559470978,-4.050045995545,
    4.890677132763));
#3084 = CARTESIAN_POINT('',(-6.452830314026,-4.366227073669,
    4.902124381615));
#3085 = CARTESIAN_POINT('',(-6.235862398337,-4.664753313445,
    4.91295851899));
#3086 = CARTESIAN_POINT('',(-6.002504489118,-4.953270093807,
    4.923982659175));
#3087 = CARTESIAN_POINT('',(-5.754936286219,-5.228545716935,
    4.934970148356));
#3088 = CARTESIAN_POINT('',(-5.232523585387,-5.751253000443,
    4.956911479643));
#3089 = CARTESIAN_POINT('',(-4.957429066309,-5.999017820213,
    4.967898973954));
#3090 = CARTESIAN_POINT('',(-4.669147861521,-6.232691991879,
    4.978923117284));
#3091 = CARTESIAN_POINT('',(-4.370531268668,-6.449400084388,
    4.989757270391));
#3092 = CARTESIAN_POINT('',(-4.055269897663,-6.655765492723,
    5.001204474829));
#3093 = CARTESIAN_POINT('',(-3.740592631299,-6.836222454132,
    5.011510466097));
#3094 = CARTESIAN_POINT('',(-3.405201441423,-7.007678721497,
    5.022957714948));
#3095 = CARTESIAN_POINT('',(-3.068038594741,-7.157726071002,
    5.033791852323));
#3096 = CARTESIAN_POINT('',(-2.721686327004,-7.290909977601,
    5.044815992509));
#3097 = CARTESIAN_POINT('',(-2.369648162559,-7.405521558824,
    5.055803481689));
#3098 = CARTESIAN_POINT('',(-1.655871850625,-7.596992994668,
    5.077744812976));
#3099 = CARTESIAN_POINT('',(-1.293750598776,-7.674016363213,
    5.088732307287));
#3100 = CARTESIAN_POINT('',(-0.927254666163,-7.732243529697,
    5.099756450617));
#3101 = CARTESIAN_POINT('',(-0.560291064507,-7.770609946573,
    5.110590603723));
#3102 = CARTESIAN_POINT('',(-0.184084004215,-7.791696947176,
    5.122037808164));
#3103 = CARTESIAN_POINT('',(0.17866298315,-7.790638626834,5.132343799429
    ));
#3104 = CARTESIAN_POINT('',(0.554848407474,-7.771428515099,
    5.143791048282));
#3105 = CARTESIAN_POINT('',(0.921863672663,-7.732791908182,
    5.154625185656));
#3106 = CARTESIAN_POINT('',(1.288405488483,-7.674956420812,
    5.165649325842));
#3107 = CARTESIAN_POINT('',(1.650585272605,-7.598193879494,
    5.176636815022));
#3108 = CARTESIAN_POINT('',(2.364469409281,-7.407124851068,
    5.198578146309));
#3109 = CARTESIAN_POINT('',(2.716587296905,-7.292768418989,5.20956564062
    ));
#3110 = CARTESIAN_POINT('',(3.063095668171,-7.159946658044,5.22058978395
    ));
#3111 = CARTESIAN_POINT('',(3.400078677914,-7.009691148892,
    5.231423937057));
#3112 = CARTESIAN_POINT('',(3.736427049502,-6.839849496944,
    5.242871141497));
#3113 = CARTESIAN_POINT('',(4.050045995546,-6.657559470976,
    5.253177132762));
#3114 = CARTESIAN_POINT('',(4.366227073668,-6.452830314028,
    5.264624381616));
#3115 = CARTESIAN_POINT('',(4.664753313445,-6.235862398336,
    5.275458518989));
#3116 = CARTESIAN_POINT('',(4.953270093807,-6.002504489119,
    5.286482659175));
#3117 = CARTESIAN_POINT('',(5.228545716935,-5.754936286219,
    5.297470148356));
#3118 = CARTESIAN_POINT('',(5.620576179566,-5.363126760595,
    5.313926146821));
#3119 = CARTESIAN_POINT('',(5.747855794947,-5.229051543221,5.31941568681
    ));
#3120 = CARTESIAN_POINT('',(5.871641620681,-5.091620297564,5.32490855245
    ));
#3121 = CARTESIAN_POINT('',(5.991837331769,-4.95095036758,5.330403822065
    ));
#3122 = CARTESIAN_POINT('',(6.108347014485,-4.807160278417,5.33590054531
    ));
#3123 = CARTESIAN_POINT('',(6.221075318567,-4.660369587513,5.3413977547)
  );
#3124 = CARTESIAN_POINT('',(6.329927609297,-4.510698735718,5.34689447709
    ));
#3125 = CARTESIAN_POINT('',(6.434810119721,-4.358268898393,
    5.352389745208));
#3126 = CARTESIAN_POINT('',(6.535630102725,-4.203201836529,
    5.357882609138));
#3127 = CARTESIAN_POINT('',(6.632295983233,-4.04561974785,5.363372147844
    ));
#3128 = CARTESIAN_POINT('',(6.909560564496,-3.565695858074,
    5.379828146309));
#3129 = CARTESIAN_POINT('',(7.077683302017,-3.235848703364,5.39081564062
    ));
#3130 = CARTESIAN_POINT('',(7.228782553223,-2.896911116448,5.40183978395
    ));
#3131 = CARTESIAN_POINT('',(7.360818835127,-2.552381455686,
    5.412673937057));
#3132 = CARTESIAN_POINT('',(7.478556865693,-2.194451057471,
    5.424121141497));
#3133 = CARTESIAN_POINT('',(7.571420435651,-1.843790460512,
    5.434427132763));
#3134 = CARTESIAN_POINT('',(7.650228844883,-1.475451300904,
    5.445874381615));
#3135 = CARTESIAN_POINT('',(7.707899288911,-1.11094188791,5.45670851899)
  );
#3136 = CARTESIAN_POINT('',(7.746902500737,-0.74192075598,5.467732659175
    ));
#3137 = CARTESIAN_POINT('',(7.766494605471,-0.372214341093,
    5.478720148356));
#3138 = CARTESIAN_POINT('',(7.766702906878,0.366797086987,5.500661479643
    ));
#3139 = CARTESIAN_POINT('',(7.747377891169,0.736514471092,5.511648973954
    ));
#3140 = CARTESIAN_POINT('',(7.708764887752,1.105592657263,5.522673117284
    ));
#3141 = CARTESIAN_POINT('',(7.650846831712,1.46998223679,5.53350727039)
  );
#3142 = CARTESIAN_POINT('',(7.573845758081,1.838828069718,5.544954474831
    ));
#3143 = CARTESIAN_POINT('',(7.478937670254,2.188940839763,5.555260466095
    ));
#3144 = CARTESIAN_POINT('',(7.363018174892,2.547336113815,5.566707714949
    ));
#3145 = CARTESIAN_POINT('',(7.23070753796,2.891845747395,5.577541852323)
  );
#3146 = CARTESIAN_POINT('',(7.079974744271,3.230929028096,5.588565992509
    ));
#3147 = CARTESIAN_POINT('',(6.912088797239,3.560900227696,5.599553481689
    ));
#3148 = CARTESIAN_POINT('',(6.635094807442,4.040980343527,5.616009480154
    ));
#3149 = CARTESIAN_POINT('',(6.53853048083,4.198624230916,5.621499020143)
  );
#3150 = CARTESIAN_POINT('',(6.437820220523,4.353761980691,5.626991885784
    ));
#3151 = CARTESIAN_POINT('',(6.33305244134,4.506270179189,5.632487155396)
  );
#3152 = CARTESIAN_POINT('',(6.224316805477,4.656025504315,5.637983878645
    ));
#3153 = CARTESIAN_POINT('',(6.111704118093,4.802904911025,5.643481088031
    ));
#3154 = CARTESIAN_POINT('',(5.995306222846,4.946785816839,5.648977810425
    ));
#3155 = CARTESIAN_POINT('',(5.875215897472,5.087546287321,5.65447307854)
  );
#3156 = CARTESIAN_POINT('',(5.75152674934,5.225065221592,5.659965942472)
  );
#3157 = CARTESIAN_POINT('',(5.624333111011,5.359222537812,5.665455481177
    ));
#3158 = CARTESIAN_POINT('',(5.363126760595,5.620576179566,5.676426146821
    ));
#3159 = CARTESIAN_POINT('',(5.229051543221,5.747855794947,5.68191568681)
  );
#3160 = CARTESIAN_POINT('',(5.091620297564,5.871641620682,5.687408552451
    ));
#3161 = CARTESIAN_POINT('',(4.95095036758,5.991837331767,5.692903822064)
  );
#3162 = CARTESIAN_POINT('',(4.807160278418,6.108347014488,5.698400545311
    ));
#3163 = CARTESIAN_POINT('',(4.660369587512,6.221075318564,5.703897754698
    ));
#3164 = CARTESIAN_POINT('',(4.510698735719,6.3299276093,5.709394477091)
  );
#3165 = CARTESIAN_POINT('',(4.358268898392,6.434810119719,5.714889745207
    ));
#3166 = CARTESIAN_POINT('',(4.203201836529,6.535630102726,5.720382609138
    ));
#3167 = CARTESIAN_POINT('',(4.04561974785,6.632295983233,5.725872147844)
  );
#3168 = CARTESIAN_POINT('',(3.565695858074,6.909560564496,5.742328146309
    ));
#3169 = CARTESIAN_POINT('',(3.235848703364,7.077683302016,5.75331564062)
  );
#3170 = CARTESIAN_POINT('',(2.896911116449,7.228782553226,5.764339783951
    ));
#3171 = CARTESIAN_POINT('',(2.552381455684,7.360818835122,5.775173937056
    ));
#3172 = CARTESIAN_POINT('',(2.194451057473,7.478556865701,5.786621141497
    ));
#3173 = CARTESIAN_POINT('',(1.843790460511,7.571420435643,5.796927132762
    ));
#3174 = CARTESIAN_POINT('',(1.475451300905,7.65022884489,5.808374381616)
  );
#3175 = CARTESIAN_POINT('',(1.11094188791,7.707899288907,5.819208518989)
  );
#3176 = CARTESIAN_POINT('',(0.74192075598,7.746902500739,5.830232659175)
  );
#3177 = CARTESIAN_POINT('',(0.372214341093,7.76649460547,5.841220148356)
  );
#3178 = CARTESIAN_POINT('',(-0.182044229967,7.766650831526,
    5.857676146821));
#3179 = CARTESIAN_POINT('',(-0.366850004503,7.761845615274,5.86316568681
    ));
#3180 = CARTESIAN_POINT('',(-0.551558367047,7.752196846319,5.86865855245
    ));
#3181 = CARTESIAN_POINT('',(-0.736018230824,7.737719387288,
    5.874153822064));
#3182 = CARTESIAN_POINT('',(-0.920077964667,7.718429226911,5.87965054531
    ));
#3183 = CARTESIAN_POINT('',(-1.103585605862,7.694343482188,
    5.885147754699));
#3184 = CARTESIAN_POINT('',(-1.286389073041,7.665480400876,5.89064447709
    ));
#3185 = CARTESIAN_POINT('',(-1.468336379013,7.631859363587,
    5.896139745208));
#3186 = CARTESIAN_POINT('',(-1.649275843659,7.593500886271,
    5.901632609138));
#3187 = CARTESIAN_POINT('',(-1.829056306774,7.550426622387,
    5.907122147844));
#3188 = CARTESIAN_POINT('',(-2.364469409281,7.407124851068,
    5.923578146309));
#3189 = CARTESIAN_POINT('',(-2.716587296905,7.292768418989,5.93456564062
    ));
#3190 = CARTESIAN_POINT('',(-3.063095668172,7.159946658045,5.94558978395
    ));
#3191 = CARTESIAN_POINT('',(-3.400078677914,7.00969114889,5.956423937057
    ));
#3192 = CARTESIAN_POINT('',(-3.736427049501,6.839849496946,
    5.967871141497));
#3193 = CARTESIAN_POINT('',(-4.050045995548,6.657559470973,
    5.978177132763));
#3194 = CARTESIAN_POINT('',(-4.366227073666,6.452830314029,
    5.989624381615));
#3195 = CARTESIAN_POINT('',(-4.664753313447,6.235862398335,6.00045851899
    ));
#3196 = CARTESIAN_POINT('',(-4.953270093806,6.002504489119,
    6.011482659175));
#3197 = CARTESIAN_POINT('',(-5.228545716935,5.754936286219,
    6.022470148356));
#3198 = CARTESIAN_POINT('',(-5.751253000443,5.232523585387,
    6.044411479643));
#3199 = CARTESIAN_POINT('',(-5.999017820212,4.957429066309,
    6.055398973954));
#3200 = CARTESIAN_POINT('',(-6.232691991881,4.669147861523,
    6.066423117284));
#3201 = CARTESIAN_POINT('',(-6.449400084384,4.370531268665,6.07725727039
    ));
#3202 = CARTESIAN_POINT('',(-6.655765492729,4.055269897666,
    6.088704474831));
#3203 = CARTESIAN_POINT('',(-6.836222454126,3.740592631296,
    6.099010466095));
#3204 = CARTESIAN_POINT('',(-7.007678721502,3.405201441425,
    6.110457714949));
#3205 = CARTESIAN_POINT('',(-7.157726071,3.06803859474,6.121291852323));
#3206 = CARTESIAN_POINT('',(-7.290909977602,2.721686327004,
    6.132315992509));
#3207 = CARTESIAN_POINT('',(-7.405521558824,2.369648162559,
    6.143303481689));
#3208 = CARTESIAN_POINT('',(-7.596992994668,1.655871850625,
    6.165244812976));
#3209 = CARTESIAN_POINT('',(-7.674016363214,1.293750598777,
    6.176232307287));
#3210 = CARTESIAN_POINT('',(-7.732243529693,0.927254666162,
    6.187256450616));
#3211 = CARTESIAN_POINT('',(-7.770609946582,0.560291064507,
    6.198090603725));
#3212 = CARTESIAN_POINT('',(-7.791696947165,0.184084004216,
    6.209537808161));
#3213 = CARTESIAN_POINT('',(-7.790638626846,-0.178662983152,
    6.219843799431));
#3214 = CARTESIAN_POINT('',(-7.77142851509,-0.554848407472,
    6.231291048281));
#3215 = CARTESIAN_POINT('',(-7.732791908187,-0.921863672664,
    6.242125185657));
#3216 = CARTESIAN_POINT('',(-7.67495642081,-1.288405488482,
    6.253149325842));
#3217 = CARTESIAN_POINT('',(-7.598193879494,-1.650585272605,
    6.264136815022));
#3218 = CARTESIAN_POINT('',(-7.407124851068,-2.364469409281,
    6.286078146309));
#3219 = CARTESIAN_POINT('',(-7.292768418988,-2.716587296905,
    6.29706564062));
#3220 = CARTESIAN_POINT('',(-7.159946658046,-3.063095668172,
    6.30808978395));
#3221 = CARTESIAN_POINT('',(-7.009691148889,-3.400078677912,
    6.318923937057));
#3222 = CARTESIAN_POINT('',(-6.839849496948,-3.736427049504,
    6.330371141496));
#3223 = CARTESIAN_POINT('',(-6.657559470972,-4.050045995544,
    6.340677132763));
#3224 = CARTESIAN_POINT('',(-6.45283031403,-4.36622707367,6.352124381615
    ));
#3225 = CARTESIAN_POINT('',(-6.235862398335,-4.664753313444,
    6.36295851899));
#3226 = CARTESIAN_POINT('',(-6.002504489119,-4.953270093807,
    6.373982659175));
#3227 = CARTESIAN_POINT('',(-5.754936286219,-5.228545716935,
    6.384970148356));
#3228 = CARTESIAN_POINT('',(-5.363126760595,-5.620576179566,
    6.401426146821));
#3229 = CARTESIAN_POINT('',(-5.229051543222,-5.747855794947,
    6.40691568681));
#3230 = CARTESIAN_POINT('',(-5.091620297563,-5.871641620681,
    6.412408552451));
#3231 = CARTESIAN_POINT('',(-4.950950367583,-5.991837331769,
    6.417903822064));
#3232 = CARTESIAN_POINT('',(-4.807160278414,-6.108347014485,
    6.423400545311));
#3233 = CARTESIAN_POINT('',(-4.660369587516,-6.221075318567,
    6.428897754698));
#3234 = CARTESIAN_POINT('',(-4.510698735716,-6.329927609296,
    6.434394477091));
#3235 = CARTESIAN_POINT('',(-4.358268898394,-6.434810119722,
    6.439889745207));
#3236 = CARTESIAN_POINT('',(-4.203201836529,-6.535630102725,
    6.445382609138));
#3237 = CARTESIAN_POINT('',(-4.04561974785,-6.632295983234,
    6.450872147844));
#3238 = CARTESIAN_POINT('',(-3.565695858074,-6.909560564496,
    6.467328146309));
#3239 = CARTESIAN_POINT('',(-3.235848703364,-7.077683302018,
    6.478315640621));
#3240 = CARTESIAN_POINT('',(-2.896911116448,-7.228782553222,
    6.48933978395));
#3241 = CARTESIAN_POINT('',(-2.552381455686,-7.360818835128,
    6.500173937058));
#3242 = CARTESIAN_POINT('',(-2.194451057471,-7.478556865692,
    6.511621141495));
#3243 = CARTESIAN_POINT('',(-1.843790460513,-7.571420435653,
    6.521927132764));
#3244 = CARTESIAN_POINT('',(-1.475451300904,-7.650228844882,
    6.533374381614));
#3245 = CARTESIAN_POINT('',(-1.11094188791,-7.707899288912,6.54420851899
    ));
#3246 = CARTESIAN_POINT('',(-0.741920755979,-7.746902500737,
    6.555232659175));
#3247 = CARTESIAN_POINT('',(-0.372214341093,-7.766494605471,
    6.566220148356));
#3248 = CARTESIAN_POINT('',(0.366797086987,-7.766702906878,
    6.588161479643));
#3249 = CARTESIAN_POINT('',(0.736514471092,-7.74737789117,6.599148973953
    ));
#3250 = CARTESIAN_POINT('',(1.105592657262,-7.708764887748,
    6.610173117284));
#3251 = CARTESIAN_POINT('',(1.469982236791,-7.65084683172,6.621007270389
    ));
#3252 = CARTESIAN_POINT('',(1.838828069716,-7.573845758071,
    6.632454474832));
#3253 = CARTESIAN_POINT('',(2.188940839766,-7.478937670265,
    6.642760466094));
#3254 = CARTESIAN_POINT('',(2.547336113813,-7.363018174883,6.65420771495
    ));
#3255 = CARTESIAN_POINT('',(2.891845747397,-7.230707537965,
    6.665041852322));
#3256 = CARTESIAN_POINT('',(3.230929028096,-7.079974744269,
    6.676065992509));
#3257 = CARTESIAN_POINT('',(3.560900227696,-6.912088797239,
    6.687053481689));
#3258 = CARTESIAN_POINT('',(4.040980343527,-6.635094807442,
    6.703509480154));
#3259 = CARTESIAN_POINT('',(4.198624230916,-6.53853048083,6.708999020143
    ));
#3260 = CARTESIAN_POINT('',(4.35376198069,-6.437820220521,6.714491885784
    ));
#3261 = CARTESIAN_POINT('',(4.50627017919,-6.333052441344,6.719987155397
    ));
#3262 = CARTESIAN_POINT('',(4.656025504314,-6.224316805472,
    6.725483878645));
#3263 = CARTESIAN_POINT('',(4.802904911027,-6.111704118099,
    6.730981088031));
#3264 = CARTESIAN_POINT('',(4.946785816838,-5.995306222841,
    6.736477810424));
#3265 = CARTESIAN_POINT('',(5.087546287322,-5.875215897475,6.74197307854
    ));
#3266 = CARTESIAN_POINT('',(5.225065221591,-5.751526749339,
    6.747465942472));
#3267 = CARTESIAN_POINT('',(5.359222537812,-5.624333111011,
    6.752955481177));
#3268 = CARTESIAN_POINT('',(5.620576179566,-5.363126760595,
    6.763926146821));
#3269 = CARTESIAN_POINT('',(5.747855794947,-5.229051543222,6.76941568681
    ));
#3270 = CARTESIAN_POINT('',(5.871641620681,-5.091620297563,6.77490855245
    ));
#3271 = CARTESIAN_POINT('',(5.991837331769,-4.950950367582,
    6.780403822064));
#3272 = CARTESIAN_POINT('',(6.108347014486,-4.807160278415,6.78590054531
    ));
#3273 = CARTESIAN_POINT('',(6.221075318566,-4.660369587515,
    6.791397754699));
#3274 = CARTESIAN_POINT('',(6.329927609298,-4.510698735717,6.79689447709
    ));
#3275 = CARTESIAN_POINT('',(6.43481011972,-4.358268898394,6.802389745207
    ));
#3276 = CARTESIAN_POINT('',(6.535630102726,-4.203201836529,
    6.807882609138));
#3277 = CARTESIAN_POINT('',(6.632295983233,-4.04561974785,6.813372147844
    ));
#3278 = CARTESIAN_POINT('',(6.909560564496,-3.565695858074,
    6.829828146309));
#3279 = CARTESIAN_POINT('',(7.077683302017,-3.235848703363,6.84081564062
    ));
#3280 = CARTESIAN_POINT('',(7.228782553225,-2.896911116449,
    6.851839783951));
#3281 = CARTESIAN_POINT('',(7.360818835124,-2.552381455685,
    6.862673937056));
#3282 = CARTESIAN_POINT('',(7.478556865699,-2.194451057472,
    6.874121141498));
#3283 = CARTESIAN_POINT('',(7.571420435646,-1.843790460512,
    6.884427132762));
#3284 = CARTESIAN_POINT('',(7.650228844888,-1.475451300904,
    6.895874381616));
#3285 = CARTESIAN_POINT('',(7.707899288908,-1.11094188791,6.906708518989
    ));
#3286 = CARTESIAN_POINT('',(7.746902500738,-0.741920755979,
    6.917732659176));
#3287 = CARTESIAN_POINT('',(7.76649460547,-0.372214341093,6.928720148356
    ));
#3288 = CARTESIAN_POINT('',(7.766702906878,0.366797086987,6.950661479643
    ));
#3289 = CARTESIAN_POINT('',(7.74737789117,0.736514471092,6.961648973954)
  );
#3290 = CARTESIAN_POINT('',(7.708764887749,1.105592657262,6.972673117284
    ));
#3291 = CARTESIAN_POINT('',(7.650846831719,1.469982236791,6.98350727039)
  );
#3292 = CARTESIAN_POINT('',(7.573845758072,1.838828069717,6.99495447483)
  );
#3293 = CARTESIAN_POINT('',(7.478937670264,2.188940839764,7.005260466096
    ));
#3294 = CARTESIAN_POINT('',(7.363018174885,2.547336113814,7.016707714949
    ));
#3295 = CARTESIAN_POINT('',(7.230707537964,2.891845747396,7.027541852323
    ));
#3296 = CARTESIAN_POINT('',(7.07997474427,3.230929028096,7.038565992509)
  );
#3297 = CARTESIAN_POINT('',(6.912088797239,3.560900227696,7.049553481689
    ));
#3298 = CARTESIAN_POINT('',(6.635094807442,4.040980343527,7.066009480154
    ));
#3299 = CARTESIAN_POINT('',(6.538530480829,4.198624230915,7.071499020143
    ));
#3300 = CARTESIAN_POINT('',(6.437820220525,4.353761980691,7.076991885785
    ));
#3301 = CARTESIAN_POINT('',(6.333052441337,4.506270179188,7.082487155396
    ));
#3302 = CARTESIAN_POINT('',(6.224316805481,4.656025504317,7.087983878646
    ));
#3303 = CARTESIAN_POINT('',(6.11170411809,4.802904911024,7.09348108803)
  );
#3304 = CARTESIAN_POINT('',(5.995306222848,4.94678581684,7.098977810426)
  );
#3305 = CARTESIAN_POINT('',(5.875215897471,5.08754628732,7.10447307854)
  );
#3306 = CARTESIAN_POINT('',(5.75152674934,5.225065221592,7.109965942472)
  );
#3307 = CARTESIAN_POINT('',(5.624333111011,5.359222537812,7.115455481177
    ));
#3308 = CARTESIAN_POINT('',(5.232523585387,5.751253000443,7.131911479643
    ));
#3309 = CARTESIAN_POINT('',(4.957429066309,5.999017820212,7.142898973954
    ));
#3310 = CARTESIAN_POINT('',(4.669147861521,6.23269199188,7.153923117284)
  );
#3311 = CARTESIAN_POINT('',(4.370531268667,6.449400084387,7.164757270391
    ));
#3312 = CARTESIAN_POINT('',(4.055269897664,6.655765492726,7.176204474829
    ));
#3313 = CARTESIAN_POINT('',(3.740592631298,6.83622245413,7.186510466097)
  );
#3314 = CARTESIAN_POINT('',(3.405201441424,7.007678721499,7.197957714948
    ));
#3315 = CARTESIAN_POINT('',(3.068038594741,7.157726071001,7.208791852323
    ));
#3316 = CARTESIAN_POINT('',(2.721686327004,7.290909977601,7.219815992508
    ));
#3317 = CARTESIAN_POINT('',(2.369648162559,7.405521558824,7.230803481689
    ));
#3318 = CARTESIAN_POINT('',(1.655871850625,7.596992994668,7.252744812976
    ));
#3319 = CARTESIAN_POINT('',(1.293750598776,7.674016363214,7.263732307287
    ));
#3320 = CARTESIAN_POINT('',(0.927254666164,7.732243529694,7.274756450617
    ));
#3321 = CARTESIAN_POINT('',(0.560291064506,7.770609946578,7.285590603723
    ));
#3322 = CARTESIAN_POINT('',(0.184084004216,7.79169694717,7.297037808163)
  );
#3323 = CARTESIAN_POINT('',(-0.178662983151,7.79063862684,7.307343799429
    ));
#3324 = CARTESIAN_POINT('',(-0.554848407475,7.771428515095,
    7.318791048282));
#3325 = CARTESIAN_POINT('',(-0.921863672662,7.732791908184,
    7.329625185656));
#3326 = CARTESIAN_POINT('',(-1.288405488483,7.674956420811,
    7.340649325842));
#3327 = CARTESIAN_POINT('',(-1.650585272605,7.598193879494,
    7.351636815022));
#3328 = CARTESIAN_POINT('',(-2.364469409281,7.407124851068,
    7.373578146309));
#3329 = CARTESIAN_POINT('',(-2.716587296905,7.292768418989,7.38456564062
    ));
#3330 = CARTESIAN_POINT('',(-3.063095668172,7.159946658045,7.39558978395
    ));
#3331 = CARTESIAN_POINT('',(-3.400078677914,7.009691148891,
    7.406423937057));
#3332 = CARTESIAN_POINT('',(-3.736427049501,6.839849496946,
    7.417871141496));
#3333 = CARTESIAN_POINT('',(-4.050045995548,6.657559470974,
    7.428177132763));
#3334 = CARTESIAN_POINT('',(-4.366227073666,6.452830314028,
    7.439624381615));
#3335 = CARTESIAN_POINT('',(-4.664753313446,6.235862398336,7.45045851899
    ));
#3336 = CARTESIAN_POINT('',(-4.953270093806,6.002504489119,
    7.461482659175));
#3337 = CARTESIAN_POINT('',(-5.228545716935,5.754936286219,
    7.472470148356));
#3338 = CARTESIAN_POINT('',(-5.751253000442,5.232523585387,
    7.494411479643));
#3339 = CARTESIAN_POINT('',(-5.999017820213,4.957429066309,
    7.505398973954));
#3340 = CARTESIAN_POINT('',(-6.23269199188,4.669147861522,7.516423117283
    ));
#3341 = CARTESIAN_POINT('',(-6.449400084386,4.370531268666,
    7.527257270391));
#3342 = CARTESIAN_POINT('',(-6.655765492727,4.055269897665,
    7.538704474829));
#3343 = CARTESIAN_POINT('',(-6.836222454128,3.740592631298,
    7.549010466096));
#3344 = CARTESIAN_POINT('',(-7.0076787215,3.405201441424,7.560457714949)
  );
#3345 = CARTESIAN_POINT('',(-7.157726071,3.068038594741,7.571291852323)
  );
#3346 = CARTESIAN_POINT('',(-7.290909977602,2.721686327004,
    7.582315992509));
#3347 = CARTESIAN_POINT('',(-7.405521558824,2.369648162559,
    7.593303481689));
#3348 = CARTESIAN_POINT('',(-7.549125135707,1.834315928608,
    7.609759480154));
#3349 = CARTESIAN_POINT('',(-7.592314907323,1.654563576655,
    7.615249020143));
#3350 = CARTESIAN_POINT('',(-7.630800954212,1.473651713773,
    7.620741885783));
#3351 = CARTESIAN_POINT('',(-7.664558528442,1.291730125318,
    7.626237155399));
#3352 = CARTESIAN_POINT('',(-7.693563828888,1.108949413928,
    7.631733878642));
#3353 = CARTESIAN_POINT('',(-7.717794058487,0.925460794529,
    7.637231088034));
#3354 = CARTESIAN_POINT('',(-7.73722748163,0.7414158893,7.642727810422)
  );
#3355 = CARTESIAN_POINT('',(-7.751843481402,0.556966522672,
    7.648223078542));
#3356 = CARTESIAN_POINT('',(-7.761622616964,0.372264516305,
    7.653715942471));
#3357 = CARTESIAN_POINT('',(-7.766546680822,0.187461484073,
    7.659205481177));
#3358 = CARTESIAN_POINT('',(-7.766702906878,-0.366797086987,
    7.675661479643));
#3359 = CARTESIAN_POINT('',(-7.747377891169,-0.736514471092,
    7.686648973953));
#3360 = CARTESIAN_POINT('',(-7.708764887751,-1.105592657263,
    7.697673117285));
#3361 = CARTESIAN_POINT('',(-7.650846831715,-1.46998223679,
    7.708507270389));
#3362 = CARTESIAN_POINT('',(-7.573845758078,-1.838828069718,
    7.719954474832));
#3363 = CARTESIAN_POINT('',(-7.478937670257,-2.188940839764,
    7.730260466094));
#3364 = CARTESIAN_POINT('',(-7.36301817489,-2.547336113814,
    7.741707714951));
#3365 = CARTESIAN_POINT('',(-7.230707537961,-2.891845747396,
    7.752541852322));
#3366 = CARTESIAN_POINT('',(-7.079974744271,-3.230929028096,
    7.763565992509));
#3367 = CARTESIAN_POINT('',(-6.912088797239,-3.560900227696,
    7.774553481689));
#3368 = CARTESIAN_POINT('',(-6.635094807442,-4.040980343527,
    7.791009480154));
#3369 = CARTESIAN_POINT('',(-6.538530480829,-4.198624230916,
    7.796499020143));
#3370 = CARTESIAN_POINT('',(-6.437820220524,-4.353761980689,
    7.801991885784));
#3371 = CARTESIAN_POINT('',(-6.333052441339,-4.506270179192,
    7.807487155398));
#3372 = CARTESIAN_POINT('',(-6.224316805478,-4.656025504311,
    7.812983878643));
#3373 = CARTESIAN_POINT('',(-6.111704118092,-4.80290491103,
    7.818481088033));
#3374 = CARTESIAN_POINT('',(-5.995306222846,-4.946785816835,
    7.823977810423));
#3375 = CARTESIAN_POINT('',(-5.875215897472,-5.087546287323,
    7.829473078541));
#3376 = CARTESIAN_POINT('',(-5.75152674934,-5.225065221591,
    7.834965942471));
#3377 = CARTESIAN_POINT('',(-5.624333111011,-5.359222537812,
    7.840455481177));
#3378 = CARTESIAN_POINT('',(-5.363126760595,-5.620576179566,
    7.851426146821));
#3379 = CARTESIAN_POINT('',(-5.229051543221,-5.747855794946,
    7.85691568681));
#3380 = CARTESIAN_POINT('',(-5.091620297565,-5.871641620683,
    7.862408552451));
#3381 = CARTESIAN_POINT('',(-4.950950367579,-5.991837331765,
    7.867903822064));
#3382 = CARTESIAN_POINT('',(-4.80716027842,-6.108347014491,
    7.873400545311));
#3383 = CARTESIAN_POINT('',(-4.66036958751,-6.221075318561,
    7.878897754699));
#3384 = CARTESIAN_POINT('',(-4.51069873572,-6.329927609302,7.88439447709
    ));
#3385 = CARTESIAN_POINT('',(-4.358268898392,-6.434810119718,
    7.889889745207));
#3386 = CARTESIAN_POINT('',(-4.203201836529,-6.535630102726,
    7.895382609138));
#3387 = CARTESIAN_POINT('',(-4.04561974785,-6.632295983233,
    7.900872147844));
#3388 = CARTESIAN_POINT('',(-3.565695858074,-6.909560564496,
    7.917328146309));
#3389 = CARTESIAN_POINT('',(-3.235848703363,-7.077683302017,
    7.92831564062));
#3390 = CARTESIAN_POINT('',(-2.89691111645,-7.228782553225,
    7.939339783951));
#3391 = CARTESIAN_POINT('',(-2.552381455683,-7.360818835124,
    7.950173937056));
#3392 = CARTESIAN_POINT('',(-2.194451057475,-7.478556865698,
    7.961621141498));
#3393 = CARTESIAN_POINT('',(-1.843790460509,-7.571420435647,
    7.971927132762));
#3394 = CARTESIAN_POINT('',(-1.475451300906,-7.650228844886,
    7.983374381616));
#3395 = CARTESIAN_POINT('',(-1.110941887909,-7.707899288909,
    7.994208518989));
#3396 = CARTESIAN_POINT('',(-0.74192075598,-7.746902500738,
    8.005232659175));
#3397 = CARTESIAN_POINT('',(-0.372214341093,-7.76649460547,
    8.016220148356));
#3398 = CARTESIAN_POINT('',(0.182044229967,-7.766650831526,
    8.032676146821));
#3399 = CARTESIAN_POINT('',(0.366850004503,-7.761845615275,8.03816568681
    ));
#3400 = CARTESIAN_POINT('',(0.551558367047,-7.752196846316,8.04365855245
    ));
#3401 = CARTESIAN_POINT('',(0.736018230825,-7.737719387293,
    8.049153822065));
#3402 = CARTESIAN_POINT('',(0.920077964666,-7.718429226905,8.05465054531
    ));
#3403 = CARTESIAN_POINT('',(1.103585605863,-7.694343482195,8.0601477547)
  );
#3404 = CARTESIAN_POINT('',(1.28638907304,-7.665480400871,8.06564447709)
  );
#3405 = CARTESIAN_POINT('',(1.468336379013,-7.63185936359,8.071139745208
    ));
#3406 = CARTESIAN_POINT('',(1.649275843659,-7.59350088627,8.076632609138
    ));
#3407 = CARTESIAN_POINT('',(1.829056306774,-7.550426622387,
    8.082122147844));
#3408 = CARTESIAN_POINT('',(2.364469409281,-7.407124851068,
    8.098578146309));
#3409 = CARTESIAN_POINT('',(2.716587296905,-7.292768418989,8.10956564062
    ));
#3410 = CARTESIAN_POINT('',(3.063095668172,-7.159946658045,
    8.120589783951));
#3411 = CARTESIAN_POINT('',(3.400078677914,-7.00969114889,8.131423937056
    ));
#3412 = CARTESIAN_POINT('',(3.736427049501,-6.839849496947,
    8.142871141497));
#3413 = CARTESIAN_POINT('',(4.050045995548,-6.657559470972,
    8.153177132762));
#3414 = CARTESIAN_POINT('',(4.366227073666,-6.45283031403,8.164624381616
    ));
#3415 = CARTESIAN_POINT('',(4.664753313446,-6.235862398335,8.17545851899
    ));
#3416 = CARTESIAN_POINT('',(4.953270093806,-6.00250448912,8.186482659175
    ));
#3417 = CARTESIAN_POINT('',(5.228545716935,-5.754936286219,
    8.197470148356));
#3418 = CARTESIAN_POINT('',(5.620576179566,-5.363126760595,
    8.213926146821));
#3419 = CARTESIAN_POINT('',(5.747855794946,-5.229051543221,8.21941568681
    ));
#3420 = CARTESIAN_POINT('',(5.871641620682,-5.091620297564,
    8.224908552451));
#3421 = CARTESIAN_POINT('',(5.991837331766,-4.95095036758,8.230403822064
    ));
#3422 = CARTESIAN_POINT('',(6.108347014489,-4.807160278418,
    8.235900545311));
#3423 = CARTESIAN_POINT('',(6.221075318563,-4.660369587512,
    8.241397754698));
#3424 = CARTESIAN_POINT('',(6.329927609301,-4.510698735719,
    8.246894477092));
#3425 = CARTESIAN_POINT('',(6.434810119719,-4.358268898392,
    8.252389745207));
#3426 = CARTESIAN_POINT('',(6.535630102726,-4.203201836529,
    8.257882609138));
#3427 = CARTESIAN_POINT('',(6.632295983233,-4.04561974785,8.263372147844
    ));
#3428 = CARTESIAN_POINT('',(6.909560564496,-3.565695858074,
    8.279828146309));
#3429 = CARTESIAN_POINT('',(7.077683302016,-3.235848703363,8.29081564062
    ));
#3430 = CARTESIAN_POINT('',(7.228782553227,-2.89691111645,8.301839783951
    ));
#3431 = CARTESIAN_POINT('',(7.360818835121,-2.552381455684,
    8.312673937057));
#3432 = CARTESIAN_POINT('',(7.478556865701,-2.194451057474,
    8.324121141497));
#3433 = CARTESIAN_POINT('',(7.571420435643,-1.843790460511,
    8.334427132763));
#3434 = CARTESIAN_POINT('',(7.650228844889,-1.475451300905,
    8.345874381615));
#3435 = CARTESIAN_POINT('',(7.707899288908,-1.11094188791,8.35670851899)
  );
#3436 = CARTESIAN_POINT('',(7.746902500739,-0.741920755979,
    8.367732659175));
#3437 = CARTESIAN_POINT('',(7.76649460547,-0.372214341093,8.378720148356
    ));
#3438 = CARTESIAN_POINT('',(7.766702906878,0.366797086987,8.400661479643
    ));
#3439 = CARTESIAN_POINT('',(7.747377891169,0.736514471092,8.411648973954
    ));
#3440 = CARTESIAN_POINT('',(7.708764887751,1.105592657262,8.422673117283
    ));
#3441 = CARTESIAN_POINT('',(7.650846831715,1.469982236791,8.433507270391
    ));
#3442 = CARTESIAN_POINT('',(7.573845758077,1.838828069715,8.444954474828
    ));
#3443 = CARTESIAN_POINT('',(7.478937670259,2.188940839766,8.455260466098
    ));
#3444 = CARTESIAN_POINT('',(7.363018174888,2.547336113813,8.466707714948
    ));
#3445 = CARTESIAN_POINT('',(7.230707537963,2.891845747396,8.477541852323
    ));
#3446 = CARTESIAN_POINT('',(7.07997474427,3.230929028096,8.488565992508)
  );
#3447 = CARTESIAN_POINT('',(6.912088797239,3.560900227696,8.499553481689
    ));
#3448 = CARTESIAN_POINT('',(6.635094807442,4.040980343527,8.516009480154
    ));
#3449 = CARTESIAN_POINT('',(6.538530480829,4.198624230916,8.521499020143
    ));
#3450 = CARTESIAN_POINT('',(6.437820220524,4.353761980689,8.526991885784
    ));
#3451 = CARTESIAN_POINT('',(6.333052441339,4.506270179192,8.532487155397
    ));
#3452 = CARTESIAN_POINT('',(6.224316805478,4.656025504311,8.537983878645
    ));
#3453 = CARTESIAN_POINT('',(6.111704118093,4.80290491103,8.543481088031)
  );
#3454 = CARTESIAN_POINT('',(5.995306222846,4.946785816835,8.548977810424
    ));
#3455 = CARTESIAN_POINT('',(5.875215897472,5.087546287323,8.55447307854)
  );
#3456 = CARTESIAN_POINT('',(5.75152674934,5.225065221591,8.559965942472)
  );
#3457 = CARTESIAN_POINT('',(5.624333111011,5.359222537812,8.565455481177
    ));
#3458 = CARTESIAN_POINT('',(5.363126760595,5.620576179566,8.576426146821
    ));
#3459 = CARTESIAN_POINT('',(5.229051543221,5.747855794947,8.581915686809
    ));
#3460 = CARTESIAN_POINT('',(5.091620297565,5.871641620682,8.587408552451
    ));
#3461 = CARTESIAN_POINT('',(4.95095036758,5.991837331767,8.592903822063)
  );
#3462 = CARTESIAN_POINT('',(4.807160278418,6.108347014488,8.598400545311
    ));
#3463 = CARTESIAN_POINT('',(4.660369587512,6.221075318563,8.603897754698
    ));
#3464 = CARTESIAN_POINT('',(4.510698735719,6.3299276093,8.609394477091)
  );
#3465 = CARTESIAN_POINT('',(4.358268898393,6.434810119719,8.614889745207
    ));
#3466 = CARTESIAN_POINT('',(4.203201836529,6.535630102726,8.620382609138
    ));
#3467 = CARTESIAN_POINT('',(4.04561974785,6.632295983233,8.625872147844)
  );
#3468 = CARTESIAN_POINT('',(3.565695858074,6.909560564496,8.642328146309
    ));
#3469 = CARTESIAN_POINT('',(3.235848703363,7.077683302017,8.653315640621
    ));
#3470 = CARTESIAN_POINT('',(2.89691111645,7.228782553225,8.66433978395)
  );
#3471 = CARTESIAN_POINT('',(2.552381455684,7.360818835123,8.675173937058
    ));
#3472 = CARTESIAN_POINT('',(2.194451057474,7.478556865699,8.686621141495
    ));
#3473 = CARTESIAN_POINT('',(1.84379046051,7.571420435645,8.696927132764)
  );
#3474 = CARTESIAN_POINT('',(1.475451300905,7.650228844888,8.708374381614
    ));
#3475 = CARTESIAN_POINT('',(1.11094188791,7.707899288908,8.71920851899)
  );
#3476 = CARTESIAN_POINT('',(0.74192075598,7.746902500738,8.730232659175)
  );
#3477 = CARTESIAN_POINT('',(0.372214341093,7.76649460547,8.741220148356)
  );
#3478 = CARTESIAN_POINT('',(-0.182044229967,7.766650831526,
    8.757676146821));
#3479 = CARTESIAN_POINT('',(-0.366850004504,7.761845615275,8.76316568681
    ));
#3480 = CARTESIAN_POINT('',(-0.551558367047,7.752196846315,8.76865855245
    ));
#3481 = CARTESIAN_POINT('',(-0.736018230826,7.737719387295,
    8.774153822065));
#3482 = CARTESIAN_POINT('',(-0.920077964665,7.718429226902,8.77965054531
    ));
#3483 = CARTESIAN_POINT('',(-1.103585605864,7.694343482198,8.7851477547)
  );
#3484 = CARTESIAN_POINT('',(-1.28638907304,7.665480400869,8.79064447709)
  );
#3485 = CARTESIAN_POINT('',(-1.468336379014,7.631859363591,
    8.796139745208));
#3486 = CARTESIAN_POINT('',(-1.649275843659,7.59350088627,8.801632609138
    ));
#3487 = CARTESIAN_POINT('',(-1.829056306774,7.550426622388,
    8.807122147844));
#3488 = CARTESIAN_POINT('',(-2.36446940928,7.407124851068,8.823578146309
    ));
#3489 = CARTESIAN_POINT('',(-2.716587296904,7.292768418989,
    8.834565640621));
#3490 = CARTESIAN_POINT('',(-3.063095668167,7.159946658042,
    8.845589783948));
#3491 = CARTESIAN_POINT('',(-3.40007867792,7.009691148894,8.856423937062
    ));
#3492 = CARTESIAN_POINT('',(-3.736427049487,6.839849496941,8.86787114149
    ));
#3493 = CARTESIAN_POINT('',(-4.050045995557,6.657559470971,
    8.878177132766));
#3494 = CARTESIAN_POINT('',(-4.36622707367,6.452830314029,8.889624381614
    ));
#3495 = CARTESIAN_POINT('',(-4.664753313455,6.235862398337,
    8.900458518992));
#3496 = CARTESIAN_POINT('',(-4.953270093812,6.002504489121,
    8.911482659175));
#3497 = CARTESIAN_POINT('',(-5.228545716939,5.754936286223,
    8.922470148357));
#3498 = CARTESIAN_POINT('',(-5.751253000431,5.232523585394,
    8.944411479643));
#3499 = CARTESIAN_POINT('',(-5.999017820189,4.957429066311,8.95539897395
    ));
#3500 = CARTESIAN_POINT('',(-6.232691991843,4.669147861532,
    8.966423117283));
#3501 = CARTESIAN_POINT('',(-6.449400084426,4.370531268599,
    8.977257270394));
#3502 = CARTESIAN_POINT('',(-6.655765492584,4.055269897788,
    8.988704474818));
#3503 = CARTESIAN_POINT('',(-6.836222454232,3.740592631089,
    8.999010466092));
#3504 = CARTESIAN_POINT('',(-7.00767872156,3.405201441462,9.010457714965
    ));
#3505 = CARTESIAN_POINT('',(-7.157726071078,3.068038594709,
    9.021291852316));
#3506 = CARTESIAN_POINT('',(-7.290909977694,2.72168632702,9.032315992516
    ));
#3507 = CARTESIAN_POINT('',(-7.405521558865,2.369648162615,
    9.043303481685));
#3508 = CARTESIAN_POINT('',(-7.596992994562,1.655871850762,
    9.065244812973));
#3509 = CARTESIAN_POINT('',(-7.674016362975,1.293750598905,9.07623230726
    ));
#3510 = CARTESIAN_POINT('',(-7.732243529555,0.927254666343,
    9.087256450726));
#3511 = CARTESIAN_POINT('',(-7.7706099461,0.560291063419,9.098090603519)
  );
#3512 = CARTESIAN_POINT('',(-7.791696947072,0.184084006334,
    9.109537808378));
#3513 = CARTESIAN_POINT('',(-7.790638626904,-0.178662986455,
    9.119843799557));
#3514 = CARTESIAN_POINT('',(-7.771428515845,-0.55484840701,
    9.131291048369));
#3515 = CARTESIAN_POINT('',(-7.732791908556,-0.921863672903,
    9.142125185385));
#3516 = CARTESIAN_POINT('',(-7.674956422026,-1.288405488319,
    9.153149325945));
#3517 = CARTESIAN_POINT('',(-7.598193879822,-1.65058527169,
    9.164136814669));
#3518 = CARTESIAN_POINT('',(-7.407124850462,-2.364469407751,
    9.186078146161));
#3519 = CARTESIAN_POINT('',(-7.292768417343,-2.7165872956,9.19706564053)
  );
#3520 = CARTESIAN_POINT('',(-7.159946659549,-3.063095670024,
    9.208089786955));
#3521 = CARTESIAN_POINT('',(-7.009691132725,-3.400078681433,
    9.218923930953));
#3522 = CARTESIAN_POINT('',(-6.839849513947,-3.736427040291,
    9.230371149542));
#3523 = CARTESIAN_POINT('',(-6.65755945719,-4.050046028019,
    9.240677136331));
#3524 = CARTESIAN_POINT('',(-6.452830323083,-4.366227065625,
    9.252124380336));
#3525 = CARTESIAN_POINT('',(-6.235862401121,-4.664753308198,
    9.262958514265));
#3526 = CARTESIAN_POINT('',(-6.00250450449,-4.953270089831,
    9.273982659668));
#3527 = CARTESIAN_POINT('',(-5.754936290887,-5.228545701152,
    9.284970141023));
#3528 = CARTESIAN_POINT('',(-5.232523577879,-5.751252990784,
    9.306911475823));
#3529 = CARTESIAN_POINT('',(-4.957429052867,-5.999017834539,
    9.317898982113));
#3530 = CARTESIAN_POINT('',(-4.669147843206,-6.232692063516,
    9.328923153694));
#3531 = CARTESIAN_POINT('',(-4.370531139586,-6.449399991457,
    9.339757193658));
#3532 = CARTESIAN_POINT('',(-4.055269982499,-6.655765640698,
    9.351204577478));
#3533 = CARTESIAN_POINT('',(-3.74059254666,-6.836222748384,
    9.361510592687));
#3534 = CARTESIAN_POINT('',(-3.405201526868,-7.007678459103,
    9.372957596503));
#3535 = CARTESIAN_POINT('',(-3.068038765664,-7.157726019762,
    9.383791854878));
#3536 = CARTESIAN_POINT('',(-2.721686516701,-7.290909808844,
    9.394815936476));
#3537 = CARTESIAN_POINT('',(-2.369648285953,-7.405521370146,
    9.405803402984));
#3538 = CARTESIAN_POINT('',(-2.012759928077,-7.501257110386,
    9.41677404681));
#3539 = CARTESIAN_POINT('',(-1.65587162396,-7.596993039318,
    9.427744799672));
#3540 = CARTESIAN_POINT('',(-1.2937500913,-7.674016661548,9.438732382594
    ));
#3541 = CARTESIAN_POINT('',(-0.927253522257,-7.732244913826,
    9.449757056164));
#3542 = CARTESIAN_POINT('',(-0.560291813789,-7.770607838398,
    9.460589372905));
#3543 = CARTESIAN_POINT('',(-0.184080498298,-7.79170058006,
    9.472039571958));
#3544 = CARTESIAN_POINT('',(0.178661098131,-7.790641057338,
    9.482345094623));
#3545 = CARTESIAN_POINT('',(0.55484614472,-7.771425290325,9.493789566045
    ));
#3546 = CARTESIAN_POINT('',(0.921860214579,-7.732791192736,
    9.504625162682));
#3547 = CARTESIAN_POINT('',(1.288401967998,-7.674954284488,
    9.515648622052));
#3548 = CARTESIAN_POINT('',(1.650583324727,-7.598191376919,
    9.526635882836));
#3549 = CARTESIAN_POINT('',(2.007529072692,-7.502656807663,
    9.537606362307));
#3550 = CARTESIAN_POINT('',(2.186002225576,-7.454890631333,
    9.543092237088));
#3551 = CARTESIAN_POINT('',(2.363269485022,-7.402419101002,
    9.548582299551));
#3552 = CARTESIAN_POINT('',(2.539188944682,-7.345294353656,
    9.554075664207));
#3553 = CARTESIAN_POINT('',(2.71361826221,-7.28356981278,9.55957140561)
  );
#3554 = CARTESIAN_POINT('',(2.886414865839,-7.217300134931,
    9.565068569878));
#3555 = CARTESIAN_POINT('',(3.057436160988,-7.146541156449,
    9.570566186253));
#3556 = CARTESIAN_POINT('',(3.226539736823,-7.071349839975,
    9.576063278607));
#3557 = CARTESIAN_POINT('',(3.393583572877,-6.991784221193,
    9.581558877012));
#3558 = CARTESIAN_POINT('',(3.558426245608,-6.907903355357,
    9.587052029243));
#3559 = CARTESIAN_POINT('',(3.720927135007,-6.819767263988,9.59254181234
    ));
#3560 = CARTESIAN_POINT('',(3.880946631177,-6.727436881463,
    9.598027344129));
#3561 = CARTESIAN_POINT('',(4.040964476097,-6.635103535423,
    9.603510990849));
#3562 = CARTESIAN_POINT('',(4.198599391801,-6.538536331611,9.60899895648
    ));
#3563 = CARTESIAN_POINT('',(4.353728933715,-6.437822425828,
    9.614490372416));
#3564 = CARTESIAN_POINT('',(4.506230538995,-6.333050317792,
    9.619984328756));
#3565 = CARTESIAN_POINT('',(4.655981711785,-6.224309749109,
    9.625479885712));
#3566 = CARTESIAN_POINT('',(4.802860208396,-6.111691601039,
    9.630976085058));
#3567 = CARTESIAN_POINT('',(4.94674422261,-5.995287792564,9.636471961532
    ));
#3568 = CARTESIAN_POINT('',(5.087512570822,-5.875191178095,
    9.641966554286));
#3569 = CARTESIAN_POINT('',(5.225044877357,-5.751495445536,
    9.647458918292));
#3570 = CARTESIAN_POINT('',(5.359221759633,-5.624295014056,
    9.652948135779));
#3571 = CARTESIAN_POINT('',(5.489925013432,-5.493684932058,
    9.658433327658));
#3572 = CARTESIAN_POINT('',(5.620634233499,-5.363081002281,
    9.663923281759));
#3573 = CARTESIAN_POINT('',(5.747945918076,-5.229010353246,
    9.669416901672));
#3574 = CARTESIAN_POINT('',(5.871760584038,-5.091588713679,
    9.674913268639));
#3575 = CARTESIAN_POINT('',(5.991979100782,-4.950933124918,
    9.680411429272));
#3576 = CARTESIAN_POINT('',(6.108502838993,-4.807161783668,
    9.685910407142));
#3577 = CARTESIAN_POINT('',(6.221233819588,-4.660393884888,
    9.691409214535));
#3578 = CARTESIAN_POINT('',(6.330074862397,-4.510749464479,
    9.696906863944));
#3579 = CARTESIAN_POINT('',(6.434929735156,-4.358349242217,
    9.702402379893));
#3580 = CARTESIAN_POINT('',(6.535703302201,-4.203314464443,
    9.707894810424));
#3581 = CARTESIAN_POINT('',(6.632301673397,-4.045766746943,
    9.713383238864));
#3582 = CARTESIAN_POINT('',(6.724632352913,-3.885827917713,
    9.718866795403));
#3583 = CARTESIAN_POINT('',(6.909269198704,-3.56593561348,9.72981804193)
  );
#3584 = CARTESIAN_POINT('',(7.077184124608,-3.236032817589,
    9.740795214493));
#3585 = CARTESIAN_POINT('',(7.227982306206,-2.897165241206,
    9.751789351707));
#3586 = CARTESIAN_POINT('',(7.361067277943,-2.550782960096,
    9.762792356072));
#3587 = CARTESIAN_POINT('',(7.476292398902,-2.19750236664,9.773828745884
    ));
#3588 = CARTESIAN_POINT('',(7.573260784464,-1.838573015908,
    9.784856317174));
#3589 = CARTESIAN_POINT('',(7.651289811419,-1.475755209954,
    9.795814091946));
#3590 = CARTESIAN_POINT('',(7.709891900241,-1.110183593425,
    9.806720566114));
#3591 = CARTESIAN_POINT('',(7.748857713792,-0.742367814833,
    9.817635653674));
#3592 = CARTESIAN_POINT('',(7.767661183329,-0.373763440399,
    9.828495849227));
#3593 = CARTESIAN_POINT('',(7.765937883787,-5.334791910143E-03,
    9.839314002649));
#3594 = CARTESIAN_POINT('',(6.750529847395,1.457167719821E-16,
    2.6645352591E-15));
#3595 = CARTESIAN_POINT('',(6.752222524144,0.317160792803,
    1.05508013388E-02));
#3596 = CARTESIAN_POINT('',(6.736306663157,0.63539673176,
    2.121095004178E-02));
#3597 = CARTESIAN_POINT('',(6.702958487991,0.95398334552,
    3.201405714223E-02));
#3598 = CARTESIAN_POINT('',(6.65263435794,1.27093019845,
    4.279474880934E-02));
#3599 = CARTESIAN_POINT('',(6.585227304584,1.586693677755,
    5.370916463662E-02));
#3600 = CARTESIAN_POINT('',(6.501137127113,1.900050320411,
    6.480540806532E-02));
#3601 = CARTESIAN_POINT('',(6.401174572195,2.208182020335,
    7.592451231716E-02));
#3602 = CARTESIAN_POINT('',(6.285739627578,2.509715710128,
    8.695656769368E-02));
#3603 = CARTESIAN_POINT('',(6.15483852809,2.804962859023,
    9.796558265913E-02));
#3604 = CARTESIAN_POINT('',(6.009233708655,3.091918370599,0.108930421266
    ));
#3605 = CARTESIAN_POINT('',(5.849355641111,3.369704198905,0.119827773683
    ));
#3606 = CARTESIAN_POINT('',(5.689478123221,3.647489033651,0.130766445658
    ));
#3607 = CARTESIAN_POINT('',(5.514590441707,3.917369237403,0.141755885198
    ));
#3608 = CARTESIAN_POINT('',(5.324821793079,4.178922081772,0.152869484929
    ));
#3609 = CARTESIAN_POINT('',(5.125279467642,4.426459395035,0.163392717547
    ));
#3610 = CARTESIAN_POINT('',(4.900338204255,4.676154190389,0.175671885348
    ));
#3611 = CARTESIAN_POINT('',(4.686454593787,4.890575380333,0.185051322877
    ));
#3612 = CARTESIAN_POINT('',(4.437147200986,5.115838181213,0.196963666231
    ));
#3613 = CARTESIAN_POINT('',(4.189932100572,5.315981692881,0.207706389673
    ));
#3614 = CARTESIAN_POINT('',(3.928645601134,5.506360476972,0.218753815952
    ));
#3615 = CARTESIAN_POINT('',(3.658949081034,5.681971852482,0.229737922263
    ));
#3616 = CARTESIAN_POINT('',(3.38126323618,5.842684302561,0.240677058205)
  );
#3617 = CARTESIAN_POINT('',(3.10357762255,6.003396613647,0.251626012146)
  );
#3618 = CARTESIAN_POINT('',(2.816951869495,6.149753618802,0.262619264695
    ));
#3619 = CARTESIAN_POINT('',(2.521640092659,6.281467072129,0.273711813183
    ));
#3620 = CARTESIAN_POINT('',(2.225436835298,6.395997642385,0.284292391014
    ));
#3621 = CARTESIAN_POINT('',(1.904690696546,6.500122435052,0.296502743187
    ));
#3622 = CARTESIAN_POINT('',(1.614126572214,6.578415252574,0.305727216327
    ));
#3623 = CARTESIAN_POINT('',(1.284407091067,6.649137351229,0.317888396317
    ));
#3624 = CARTESIAN_POINT('',(0.970731671297,6.698746618715,0.328497324818
    ));
#3625 = CARTESIAN_POINT('',(0.649190451973,6.732984438396,0.339579812757
    ));
#3626 = CARTESIAN_POINT('',(0.327808249053,6.750212033598,0.350570727371
    ));
#3627 = CARTESIAN_POINT('',(6.945374743328E-03,6.750544762229,
    0.361517812075));
#3628 = CARTESIAN_POINT('',(-0.313917471909,6.750877490376,
    0.372465903483));
#3629 = CARTESIAN_POINT('',(-0.635335501927,6.734310778151,
    0.383457843281));
#3630 = CARTESIAN_POINT('',(-0.956948453723,6.700721227295,
    0.394545547434));
#3631 = CARTESIAN_POINT('',(-1.270716317714,6.651811728818,
    0.405136856765));
#3632 = CARTESIAN_POINT('',(-1.600596869792,6.581603844577,
    0.417327936663));
#3633 = CARTESIAN_POINT('',(-1.891292218698,6.504151417256,
    0.426545050528));
#3634 = CARTESIAN_POINT('',(-2.212256199367,6.400521904886,
    0.438732013729));
#3635 = CARTESIAN_POINT('',(-2.50868798504,6.286654417416,0.449325670546
    ));
#3636 = CARTESIAN_POINT('',(-2.804274055706,6.155532878003,
    0.460412466398));
#3637 = CARTESIAN_POINT('',(-3.091213968559,6.00976045992,0.471404128724
    ));
#3638 = CARTESIAN_POINT('',(-3.369256716619,5.849616402877,0.4823519854)
  );
#3639 = CARTESIAN_POINT('',(-3.508278089757,5.769544374849,
    0.487825950835));
#3640 = CARTESIAN_POINT('',(-3.645307092044,5.685744217377,
    0.493310873913));
#3641 = CARTESIAN_POINT('',(-3.780217930222,5.598297727041,
    0.498804453563));
#3642 = CARTESIAN_POINT('',(-3.912885078036,5.507290184088,
    0.504304303002));
#3643 = CARTESIAN_POINT('',(-4.04318371141,5.412810015331,0.509807919608
    ));
#3644 = CARTESIAN_POINT('',(-4.170990140136,5.314948460387,
    0.515312829301));
#3645 = CARTESIAN_POINT('',(-4.296182245462,5.213799232267,
    0.520816435389));
#3646 = CARTESIAN_POINT('',(-4.418639909226,5.109458186067,
    0.526316291441));
#3647 = CARTESIAN_POINT('',(-4.538245453376,5.002022977687,
    0.531809852318));
#3648 = CARTESIAN_POINT('',(-4.654884068474,4.891592733147,
    0.537294779776));
#3649 = CARTESIAN_POINT('',(-4.99556462001,4.551617658181,0.553716653983
    ));
#3650 = CARTESIAN_POINT('',(-5.211127376662,4.312625903009,
    0.564708378983));
#3651 = CARTESIAN_POINT('',(-5.414790639663,4.061459850397,
    0.575795556823));
#3652 = CARTESIAN_POINT('',(-5.602073697522,3.80500836957,0.586387983378
    ));
#3653 = CARTESIAN_POINT('',(-5.785689569992,3.522103757034,
    0.598576837371));
#3654 = CARTESIAN_POINT('',(-5.936474768081,3.261784756268,
    0.607793853932));
#3655 = CARTESIAN_POINT('',(-6.090153842245,2.961551007938,
    0.619982886095));
#3656 = CARTESIAN_POINT('',(-6.21924612319,2.671425947753,0.630575236453
    ));
#3657 = CARTESIAN_POINT('',(-6.335540197491,2.36969791547,0.641662417235
    ));
#3658 = CARTESIAN_POINT('',(-6.435360728814,2.06372400033,0.652654141477
    ));
#3659 = CARTESIAN_POINT('',(-6.602094687266,1.444034228667,
    0.674549971141));
#3660 = CARTESIAN_POINT('',(-6.669281633139,1.129279912043,
    0.685541710087));
#3661 = CARTESIAN_POINT('',(-6.720076169225,0.809932081518,0.69662888289
    ));
#3662 = CARTESIAN_POINT('',(-6.754042316655,0.494197080889,
    0.707221308364));
#3663 = CARTESIAN_POINT('',(-6.771606026048,0.157386462546,
    0.719410184102));
#3664 = CARTESIAN_POINT('',(-6.772030338401,-0.143448876234,
    0.728627204268));
#3665 = CARTESIAN_POINT('',(-6.755003446009,-0.480298540027,
    0.740816206167));
#3666 = CARTESIAN_POINT('',(-6.721738111584,-0.796100322569,
    0.751408576309));
#3667 = CARTESIAN_POINT('',(-6.671587717661,-1.11555150203,
    0.762495750754));
#3668 = CARTESIAN_POINT('',(-6.605047875447,-1.430442949935,
    0.773487474372));
#3669 = CARTESIAN_POINT('',(-6.439598831584,-2.050477015952,
    0.795383303593));
#3670 = CARTESIAN_POINT('',(-6.340407274627,-2.356655724147,
    0.806375043622));
#3671 = CARTESIAN_POINT('',(-6.224722717401,-2.658616327647,
    0.817462215595));
#3672 = CARTESIAN_POINT('',(-6.096270765179,-2.949033930482,
    0.828054641818));
#3673 = CARTESIAN_POINT('',(-5.943076070205,-3.249502345453,
    0.84024351783));
#3674 = CARTESIAN_POINT('',(-5.793025873173,-3.510245535457,
    0.849460538156));
#3675 = CARTESIAN_POINT('',(-5.609855315646,-3.793452462555,
    0.861649538979));
#3676 = CARTESIAN_POINT('',(-5.423145801523,-4.050312158646,
    0.872241909918));
#3677 = CARTESIAN_POINT('',(-5.219988696427,-4.301889798627,
    0.88332908403));
#3678 = CARTESIAN_POINT('',(-5.004917778703,-4.541323870782,
    0.894320807695));
#3679 = CARTESIAN_POINT('',(-4.551617670393,-4.995564601378,
    0.916216636914));
#3680 = CARTESIAN_POINT('',(-4.312625908029,-5.211127362359,
    0.927208376972));
#3681 = CARTESIAN_POINT('',(-4.061459840803,-5.414790637397,
    0.938295548915));
#3682 = CARTESIAN_POINT('',(-3.805008385785,-5.602073682954,
    0.94888797518));
#3683 = CARTESIAN_POINT('',(-3.522103680169,-5.785689616232,
    0.96107685117));
#3684 = CARTESIAN_POINT('',(-3.261784803621,-5.936474743607,
    0.970293871451));
#3685 = CARTESIAN_POINT('',(-2.961550983454,-6.09015385856,
    0.982482872328));
#3686 = CARTESIAN_POINT('',(-2.671425953288,-6.219246123392,
    0.993075243246));
#3687 = CARTESIAN_POINT('',(-2.369697919294,-6.335540198105,
    1.004162417357));
#3688 = CARTESIAN_POINT('',(-2.063724004848,-6.435360728257,
    1.015154141029));
#3689 = CARTESIAN_POINT('',(-1.598956673853,-6.560411196738,
    1.031576012945));
#3690 = CARTESIAN_POINT('',(-1.442806872521,-6.598049677969,
    1.037060926611));
#3691 = CARTESIAN_POINT('',(-1.285576500138,-6.631612041431,
    1.042554500814));
#3692 = CARTESIAN_POINT('',(-1.12741461731,-6.661069829639,
    1.048054335195));
#3693 = CARTESIAN_POINT('',(-0.968472014217,-6.686397306511,
    1.053557954829));
#3694 = CARTESIAN_POINT('',(-0.808900666203,-6.707571526566,
    1.059062840182));
#3695 = CARTESIAN_POINT('',(-0.648853189371,-6.724572404399,
    1.064566457087));
#3696 = CARTESIAN_POINT('',(-0.488482296167,-6.73738278382,
    1.070066286688));
#3697 = CARTESIAN_POINT('',(-0.327940250969,-6.745988507324,
    1.075559855431));
#3698 = CARTESIAN_POINT('',(-0.167378325684,-6.750378485297,
    1.081044765001));
#3699 = CARTESIAN_POINT('',(0.313917885382,-6.75087732559,1.097466636917
    ));
#3700 = CARTESIAN_POINT('',(0.635336471268,-6.734310519834,
    1.108458376972));
#3701 = CARTESIAN_POINT('',(0.956949383471,-6.700720973351,
    1.119545548918));
#3702 = CARTESIAN_POINT('',(1.270717057864,-6.651811521984,
    1.130137975181));
#3703 = CARTESIAN_POINT('',(1.60059696522,-6.581603757755,1.142326851171
    ));
#3704 = CARTESIAN_POINT('',(1.89129139411,-6.504151700971,1.15154387144)
  );
#3705 = CARTESIAN_POINT('',(2.212256308637,-6.400521875082,
    1.163732872335));
#3706 = CARTESIAN_POINT('',(2.508687700708,-6.286654514731,
    1.174325243243));
#3707 = CARTESIAN_POINT('',(2.804273968461,-6.155532904658,
    1.185412417357));
#3708 = CARTESIAN_POINT('',(3.091213972006,-6.009760448659,
    1.196404141029));
#3709 = CARTESIAN_POINT('',(3.50827813768,-5.769544351491,1.212826012945
    ));
#3710 = CARTESIAN_POINT('',(3.645307146396,-5.6857441934,1.218310926611)
  );
#3711 = CARTESIAN_POINT('',(3.780217983711,-5.598297705674,
    1.223804500814));
#3712 = CARTESIAN_POINT('',(3.912885125388,-5.507290167606,
    1.229304335195));
#3713 = CARTESIAN_POINT('',(4.043183748497,-5.412810005779,1.23480795483
    ));
#3714 = CARTESIAN_POINT('',(4.170990165353,-5.314948458111,
    1.240312840182));
#3715 = CARTESIAN_POINT('',(4.29618225753,-5.213799237926,1.245816457087
    ));
#3716 = CARTESIAN_POINT('',(4.418639909781,-5.109458197999,
    1.251316286688));
#3717 = CARTESIAN_POINT('',(4.538245444051,-5.002022994618,
    1.256809855431));
#3718 = CARTESIAN_POINT('',(4.654884053415,-4.891592751644,
    1.262294765001));
#3719 = CARTESIAN_POINT('',(4.88200441872,-4.664942697477,1.273242679612
    ));
#3720 = CARTESIAN_POINT('',(4.992675200293,-4.548532243343,
    1.278727593278));
#3721 = CARTESIAN_POINT('',(5.100356245851,-4.429147928341,1.28422116748
    ));
#3722 = CARTESIAN_POINT('',(5.204948380198,-4.30690461401,1.289721001863
    ));
#3723 = CARTESIAN_POINT('',(5.306353920121,-4.181920020417,
    1.295224621494));
#3724 = CARTESIAN_POINT('',(5.404477006611,-4.054314289357,
    1.300729506851));
#3725 = CARTESIAN_POINT('',(5.499223937108,-3.924209547518,
    1.306233123751));
#3726 = CARTESIAN_POINT('',(5.590503497727,-3.79172946969,1.311732953356
    ));
#3727 = CARTESIAN_POINT('',(5.678227295495,-3.656998841924,
    1.317226522097));
#3728 = CARTESIAN_POINT('',(5.762310090586,-3.520143124734,
    1.322711431668));
#3729 = CARTESIAN_POINT('',(5.923030166518,-3.242432907812,
    1.333659346279));
#3730 = CARTESIAN_POINT('',(5.999800690075,-3.101345337706,
    1.339144259945));
#3731 = CARTESIAN_POINT('',(6.072913658574,-2.958159039206,
    1.344637834148));
#3732 = CARTESIAN_POINT('',(6.142303004479,-2.813010628465,
    1.350137668528));
#3733 = CARTESIAN_POINT('',(6.207904841256,-2.666039096614,
    1.355641288163));
#3734 = CARTESIAN_POINT('',(6.269657671186,-2.517385301852,
    1.361146173515));
#3735 = CARTESIAN_POINT('',(6.327502593272,-2.367191461511,1.36664979042
    ));
#3736 = CARTESIAN_POINT('',(6.381383511045,-2.215600644151,
    1.372149620022));
#3737 = CARTESIAN_POINT('',(6.431247340466,-2.062756261628,
    1.377643188764));
#3738 = CARTESIAN_POINT('',(6.477044217751,-1.908801561184,
    1.383128098335));
#3739 = CARTESIAN_POINT('',(6.602094686232,-1.444034230189,
    1.399549970251));
#3740 = CARTESIAN_POINT('',(6.66928163217,-1.129279912187,1.410541710305
    ));
#3741 = CARTESIAN_POINT('',(6.720076168558,-0.809932079875,
    1.421628882251));
#3742 = CARTESIAN_POINT('',(6.754042316203,-0.494197082225,
    1.432221308515));
#3743 = CARTESIAN_POINT('',(6.77160602615,-0.157386453639,1.444410184505
    ));
#3744 = CARTESIAN_POINT('',(6.772030338703,0.143448870162,1.453627204774
    ));
#3745 = CARTESIAN_POINT('',(6.755003446194,0.480298543017,1.465816205668
    ));
#3746 = CARTESIAN_POINT('',(6.721738111893,0.796100321815,1.476408576576
    ));
#3747 = CARTESIAN_POINT('',(6.671587717904,1.115551501646,1.48749575069)
  );
#3748 = CARTESIAN_POINT('',(6.605047875612,1.43044294953,1.498487474363)
  );
#3749 = CARTESIAN_POINT('',(6.439598831561,2.050477015838,1.520383303584
    ));
#3750 = CARTESIAN_POINT('',(6.340407274546,2.356655724148,1.531375043638
    ));
#3751 = CARTESIAN_POINT('',(6.224722717275,2.658616327766,1.542462215585
    ));
#3752 = CARTESIAN_POINT('',(6.09627076518,2.949033930418,1.553054641847)
  );
#3753 = CARTESIAN_POINT('',(5.943076069885,3.249502346013,1.565243517839
    ));
#3754 = CARTESIAN_POINT('',(5.793025873435,3.510245535055,1.574460538106
    ));
#3755 = CARTESIAN_POINT('',(5.609855315547,3.793452462751,1.586649539002
    ));
#3756 = CARTESIAN_POINT('',(5.423145801578,4.050312158599,1.597241909909
    ));
#3757 = CARTESIAN_POINT('',(5.219988696458,4.301889798608,1.608329084024
    ));
#3758 = CARTESIAN_POINT('',(5.004917778728,4.541323870763,1.619320807696
    ));
#3759 = CARTESIAN_POINT('',(4.551617670393,4.995564601372,1.641216636917
    ));
#3760 = CARTESIAN_POINT('',(4.312625908023,5.211127362359,1.652208376972
    ));
#3761 = CARTESIAN_POINT('',(4.06145984079,5.4147906374,1.663295548918));
#3762 = CARTESIAN_POINT('',(3.805008385786,5.602073682953,1.673887975181
    ));
#3763 = CARTESIAN_POINT('',(3.522103680136,5.785689616248,1.686076851172
    ));
#3764 = CARTESIAN_POINT('',(3.261784803649,5.936474743595,1.695293871439
    ));
#3765 = CARTESIAN_POINT('',(2.961550983442,6.090153858566,1.707482872336
    ));
#3766 = CARTESIAN_POINT('',(2.671425953294,6.219246123392,1.718075243242
    ));
#3767 = CARTESIAN_POINT('',(2.369697919296,6.335540198105,1.729162417357
    ));
#3768 = CARTESIAN_POINT('',(2.063724004849,6.435360728257,1.740154141029
    ));
#3769 = CARTESIAN_POINT('',(1.444034230189,6.602094686232,1.762049970251
    ));
#3770 = CARTESIAN_POINT('',(1.129279912187,6.66928163217,1.773041710305)
  );
#3771 = CARTESIAN_POINT('',(0.809932079875,6.720076168559,1.784128882251
    ));
#3772 = CARTESIAN_POINT('',(0.494197082226,6.754042316201,1.794721308514
    ));
#3773 = CARTESIAN_POINT('',(0.157386453638,6.771606026152,1.806910184506
    ));
#3774 = CARTESIAN_POINT('',(-0.143448870161,6.772030338701,
    1.816127204772));
#3775 = CARTESIAN_POINT('',(-0.480298543017,6.755003446196,1.82831620567
    ));
#3776 = CARTESIAN_POINT('',(-0.796100321815,6.721738111892,
    1.838908576575));
#3777 = CARTESIAN_POINT('',(-1.115551501646,6.671587717905,
    1.849995750691));
#3778 = CARTESIAN_POINT('',(-1.430442949529,6.605047875612,
    1.860987474363));
#3779 = CARTESIAN_POINT('',(-2.050477015838,6.439598831561,
    1.882883303584));
#3780 = CARTESIAN_POINT('',(-2.356655724148,6.340407274545,
    1.893875043638));
#3781 = CARTESIAN_POINT('',(-2.658616327768,6.224722717276,
    1.904962215585));
#3782 = CARTESIAN_POINT('',(-2.949033930416,6.096270765178,
    1.915554641847));
#3783 = CARTESIAN_POINT('',(-3.249502346015,5.943076069887,
    1.927743517839));
#3784 = CARTESIAN_POINT('',(-3.510245535053,5.793025873433,
    1.936960538105));
#3785 = CARTESIAN_POINT('',(-3.793452462753,5.609855315549,
    1.949149539003));
#3786 = CARTESIAN_POINT('',(-4.050312158598,5.423145801577,
    1.959741909908));
#3787 = CARTESIAN_POINT('',(-4.301889798608,5.219988696459,
    1.970829084024));
#3788 = CARTESIAN_POINT('',(-4.541323870763,5.004917778728,
    1.981820807696));
#3789 = CARTESIAN_POINT('',(-4.88200441872,4.664942697477,1.998242679612
    ));
#3790 = CARTESIAN_POINT('',(-4.992675200292,4.548532243342,
    2.003727593278));
#3791 = CARTESIAN_POINT('',(-5.100356245851,4.429147928342,
    2.009221167481));
#3792 = CARTESIAN_POINT('',(-5.204948380196,4.306904614009,
    2.014721001862));
#3793 = CARTESIAN_POINT('',(-5.306353920123,4.181920020418,
    2.020224621496));
#3794 = CARTESIAN_POINT('',(-5.404477006609,4.054314289355,
    2.025729506849));
#3795 = CARTESIAN_POINT('',(-5.49922393711,3.92420954752,2.031233123753)
  );
#3796 = CARTESIAN_POINT('',(-5.590503497726,3.791729469689,
    2.036732953355));
#3797 = CARTESIAN_POINT('',(-5.678227295495,3.656998841924,
    2.042226522098));
#3798 = CARTESIAN_POINT('',(-5.762310090586,3.520143124734,
    2.047711431668));
#3799 = CARTESIAN_POINT('',(-6.003390204484,3.103577799352,
    2.064133303584));
#3800 = CARTESIAN_POINT('',(-6.149752222783,2.816937735849,
    2.075125043638));
#3801 = CARTESIAN_POINT('',(-6.281469278329,2.521618010453,
    2.086212215585));
#3802 = CARTESIAN_POINT('',(-6.395996288155,2.225432507862,
    2.096804641847));
#3803 = CARTESIAN_POINT('',(-6.50013453447,1.904644245774,2.10899351784)
  );
#3804 = CARTESIAN_POINT('',(-6.578406300163,1.614169457229,
    2.118210538105));
#3805 = CARTESIAN_POINT('',(-6.649142695618,1.284390774578,
    2.130399539004));
#3806 = CARTESIAN_POINT('',(-6.698746364927,0.970739978392,
    2.140991909908));
#3807 = CARTESIAN_POINT('',(-6.732984853495,0.64919395647,2.152079084024
    ));
#3808 = CARTESIAN_POINT('',(-6.7502122052,0.327810396039,2.163070807696)
  );
#3809 = CARTESIAN_POINT('',(-6.75087732559,-0.313917885382,
    2.184966636917));
#3810 = CARTESIAN_POINT('',(-6.734310519835,-0.635336471267,
    2.195958376972));
#3811 = CARTESIAN_POINT('',(-6.700720973349,-0.956949383471,
    2.207045548919));
#3812 = CARTESIAN_POINT('',(-6.651811521987,-1.270717057862,
    2.21763797518));
#3813 = CARTESIAN_POINT('',(-6.581603757751,-1.600596965223,
    2.229826851174));
#3814 = CARTESIAN_POINT('',(-6.504151700975,-1.891291394108,
    2.239043871438));
#3815 = CARTESIAN_POINT('',(-6.400521875079,-2.212256308638,
    2.251232872337));
#3816 = CARTESIAN_POINT('',(-6.286654514733,-2.508687700707,
    2.261825243241));
#3817 = CARTESIAN_POINT('',(-6.155532904657,-2.804273968461,
    2.272912417358));
#3818 = CARTESIAN_POINT('',(-6.009760448659,-3.091213972006,
    2.283904141029));
#3819 = CARTESIAN_POINT('',(-5.769544351491,-3.50827813768,
    2.300326012945));
#3820 = CARTESIAN_POINT('',(-5.6857441934,-3.645307146396,2.305810926612
    ));
#3821 = CARTESIAN_POINT('',(-5.598297705674,-3.78021798371,
    2.311304500814));
#3822 = CARTESIAN_POINT('',(-5.507290167606,-3.91288512539,
    2.316804335195));
#3823 = CARTESIAN_POINT('',(-5.412810005779,-4.043183748494,
    2.322307954829));
#3824 = CARTESIAN_POINT('',(-5.314948458111,-4.170990165356,
    2.327812840183));
#3825 = CARTESIAN_POINT('',(-5.213799237926,-4.296182257528,
    2.333316457086));
#3826 = CARTESIAN_POINT('',(-5.109458197998,-4.418639909782,
    2.338816286689));
#3827 = CARTESIAN_POINT('',(-5.002022994619,-4.53824544405,
    2.344309855431));
#3828 = CARTESIAN_POINT('',(-4.891592751644,-4.654884053415,
    2.349794765001));
#3829 = CARTESIAN_POINT('',(-4.664942697477,-4.88200441872,
    2.360742679612));
#3830 = CARTESIAN_POINT('',(-4.548532243342,-4.992675200293,
    2.366227593278));
#3831 = CARTESIAN_POINT('',(-4.429147928343,-5.100356245851,
    2.37172116748));
#3832 = CARTESIAN_POINT('',(-4.306904614007,-5.204948380197,
    2.377221001862));
#3833 = CARTESIAN_POINT('',(-4.18192002042,-5.306353920122,
    2.382724621495));
#3834 = CARTESIAN_POINT('',(-4.054314289353,-5.40447700661,2.38822950685
    ));
#3835 = CARTESIAN_POINT('',(-3.924209547521,-5.499223937109,
    2.393733123752));
#3836 = CARTESIAN_POINT('',(-3.791729469689,-5.590503497726,
    2.399232953356));
#3837 = CARTESIAN_POINT('',(-3.656998841924,-5.678227295495,
    2.404726522097));
#3838 = CARTESIAN_POINT('',(-3.520143124734,-5.762310090586,
    2.410211431668));
#3839 = CARTESIAN_POINT('',(-3.242432907812,-5.923030166518,
    2.421159346279));
#3840 = CARTESIAN_POINT('',(-3.101345337706,-5.999800690076,
    2.426644259945));
#3841 = CARTESIAN_POINT('',(-2.958159039206,-6.072913658572,
    2.432137834147));
#3842 = CARTESIAN_POINT('',(-2.813010628465,-6.142303004482,
    2.437637668529));
#3843 = CARTESIAN_POINT('',(-2.666039096615,-6.207904841252,
    2.443141288162));
#3844 = CARTESIAN_POINT('',(-2.517385301852,-6.26965767119,
    2.448646173516));
#3845 = CARTESIAN_POINT('',(-2.367191461511,-6.327502593269,
    2.454149790419));
#3846 = CARTESIAN_POINT('',(-2.215600644151,-6.381383511047,
    2.459649620022));
#3847 = CARTESIAN_POINT('',(-2.062756261628,-6.431247340465,
    2.465143188764));
#3848 = CARTESIAN_POINT('',(-1.908801561184,-6.477044217751,
    2.470628098335));
#3849 = CARTESIAN_POINT('',(-1.444034230189,-6.602094686232,
    2.487049970251));
#3850 = CARTESIAN_POINT('',(-1.129279912187,-6.669281632171,
    2.498041710305));
#3851 = CARTESIAN_POINT('',(-0.809932079875,-6.720076168557,
    2.509128882252));
#3852 = CARTESIAN_POINT('',(-0.494197082227,-6.754042316204,
    2.519721308513));
#3853 = CARTESIAN_POINT('',(-0.157386453638,-6.771606026149,
    2.531910184507));
#3854 = CARTESIAN_POINT('',(0.143448870161,-6.772030338704,
    2.541127204771));
#3855 = CARTESIAN_POINT('',(0.480298543017,-6.755003446193,2.55331620567
    ));
#3856 = CARTESIAN_POINT('',(0.796100321815,-6.721738111893,
    2.563908576575));
#3857 = CARTESIAN_POINT('',(1.115551501646,-6.671587717904,
    2.574995750691));
#3858 = CARTESIAN_POINT('',(1.43044294953,-6.605047875612,2.585987474363
    ));
#3859 = CARTESIAN_POINT('',(2.050477015838,-6.439598831561,
    2.607883303584));
#3860 = CARTESIAN_POINT('',(2.356655724148,-6.340407274547,
    2.618875043638));
#3861 = CARTESIAN_POINT('',(2.658616327767,-6.224722717272,
    2.629962215585));
#3862 = CARTESIAN_POINT('',(2.949033930418,-6.096270765185,
    2.640554641847));
#3863 = CARTESIAN_POINT('',(3.249502346013,-5.943076069879,2.65274351784
    ));
#3864 = CARTESIAN_POINT('',(3.510245535055,-5.793025873441,
    2.661960538105));
#3865 = CARTESIAN_POINT('',(3.793452462751,-5.609855315543,
    2.674149539003));
#3866 = CARTESIAN_POINT('',(4.050312158599,-5.42314580158,2.684741909908
    ));
#3867 = CARTESIAN_POINT('',(4.301889798608,-5.219988696457,
    2.695829084024));
#3868 = CARTESIAN_POINT('',(4.541323870763,-5.004917778728,
    2.706820807696));
#3869 = CARTESIAN_POINT('',(4.995564601372,-4.551617670393,
    2.728716636917));
#3870 = CARTESIAN_POINT('',(5.21112736236,-4.312625908023,2.739708376971
    ));
#3871 = CARTESIAN_POINT('',(5.414790637398,-4.06145984079,2.750795548919
    ));
#3872 = CARTESIAN_POINT('',(5.602073682956,-3.805008385787,
    2.761387975179));
#3873 = CARTESIAN_POINT('',(5.785689616244,-3.522103680135,
    2.773576851174));
#3874 = CARTESIAN_POINT('',(5.936474743599,-3.261784803649,
    2.782793871437));
#3875 = CARTESIAN_POINT('',(6.090153858562,-2.961550983442,
    2.794982872338));
#3876 = CARTESIAN_POINT('',(6.219246123394,-2.671425953294,
    2.805575243241));
#3877 = CARTESIAN_POINT('',(6.335540198104,-2.369697919296,
    2.816662417358));
#3878 = CARTESIAN_POINT('',(6.435360728257,-2.063724004849,
    2.827654141029));
#3879 = CARTESIAN_POINT('',(6.602094686232,-1.444034230189,
    2.849549970251));
#3880 = CARTESIAN_POINT('',(6.66928163217,-1.129279912187,2.860541710305
    ));
#3881 = CARTESIAN_POINT('',(6.720076168558,-0.809932079875,
    2.871628882252));
#3882 = CARTESIAN_POINT('',(6.754042316202,-0.494197082227,
    2.882221308513));
#3883 = CARTESIAN_POINT('',(6.771606026152,-0.157386453638,
    2.894410184506));
#3884 = CARTESIAN_POINT('',(6.772030338701,0.143448870161,2.903627204772
    ));
#3885 = CARTESIAN_POINT('',(6.755003446195,0.480298543017,2.91581620567)
  );
#3886 = CARTESIAN_POINT('',(6.721738111892,0.796100321815,2.926408576575
    ));
#3887 = CARTESIAN_POINT('',(6.671587717905,1.115551501646,2.937495750691
    ));
#3888 = CARTESIAN_POINT('',(6.605047875612,1.43044294953,2.948487474363)
  );
#3889 = CARTESIAN_POINT('',(6.439598831561,2.050477015838,2.970383303584
    ));
#3890 = CARTESIAN_POINT('',(6.340407274546,2.356655724148,2.981375043638
    ));
#3891 = CARTESIAN_POINT('',(6.224722717276,2.658616327767,2.992462215585
    ));
#3892 = CARTESIAN_POINT('',(6.096270765177,2.949033930417,3.003054641847
    ));
#3893 = CARTESIAN_POINT('',(5.943076069888,3.249502346014,3.01524351784)
  );
#3894 = CARTESIAN_POINT('',(5.793025873431,3.510245535054,3.024460538105
    ));
#3895 = CARTESIAN_POINT('',(5.609855315549,3.793452462752,3.036649539003
    ));
#3896 = CARTESIAN_POINT('',(5.423145801576,4.050312158598,3.047241909908
    ));
#3897 = CARTESIAN_POINT('',(5.219988696459,4.301889798608,3.058329084024
    ));
#3898 = CARTESIAN_POINT('',(5.004917778728,4.541323870763,3.069320807696
    ));
#3899 = CARTESIAN_POINT('',(4.551617670393,4.995564601373,3.091216636917
    ));
#3900 = CARTESIAN_POINT('',(4.312625908023,5.211127362359,3.102208376972
    ));
#3901 = CARTESIAN_POINT('',(4.06145984079,5.414790637401,3.113295548918)
  );
#3902 = CARTESIAN_POINT('',(3.805008385787,5.602073682952,3.123887975181
    ));
#3903 = CARTESIAN_POINT('',(3.522103680136,5.785689616248,3.136076851172
    ));
#3904 = CARTESIAN_POINT('',(3.261784803649,5.936474743595,3.145293871439
    ));
#3905 = CARTESIAN_POINT('',(2.961550983443,6.090153858565,3.157482872336
    ));
#3906 = CARTESIAN_POINT('',(2.671425953294,6.219246123392,3.168075243242
    ));
#3907 = CARTESIAN_POINT('',(2.369697919297,6.335540198105,3.179162417357
    ));
#3908 = CARTESIAN_POINT('',(2.063724004849,6.435360728257,3.190154141029
    ));
#3909 = CARTESIAN_POINT('',(1.598956673854,6.560411196738,3.206576012945
    ));
#3910 = CARTESIAN_POINT('',(1.442806872521,6.598049677969,3.212060926612
    ));
#3911 = CARTESIAN_POINT('',(1.285576500138,6.631612041429,3.217554500814
    ));
#3912 = CARTESIAN_POINT('',(1.12741461731,6.661069829641,3.223054335196)
  );
#3913 = CARTESIAN_POINT('',(0.968472014216,6.686397306508,3.228557954828
    ));
#3914 = CARTESIAN_POINT('',(0.808900666202,6.707571526569,3.234062840183
    ));
#3915 = CARTESIAN_POINT('',(0.648853189371,6.724572404397,3.239566457086
    ));
#3916 = CARTESIAN_POINT('',(0.488482296166,6.737382783821,3.245066286689
    ));
#3917 = CARTESIAN_POINT('',(0.327940250969,6.745988507323,3.250559855431
    ));
#3918 = CARTESIAN_POINT('',(0.167378325683,6.750378485297,3.256044765001
    ));
#3919 = CARTESIAN_POINT('',(-0.313917885382,6.75087732559,3.272466636917
    ));
#3920 = CARTESIAN_POINT('',(-0.635336471268,6.734310519834,
    3.283458376972));
#3921 = CARTESIAN_POINT('',(-0.95694938347,6.700720973352,3.294545548918
    ));
#3922 = CARTESIAN_POINT('',(-1.270717057864,6.651811521981,
    3.305137975181));
#3923 = CARTESIAN_POINT('',(-1.60059696522,6.581603757759,3.317326851172
    ));
#3924 = CARTESIAN_POINT('',(-1.89129139411,6.504151700967,3.326543871439
    ));
#3925 = CARTESIAN_POINT('',(-2.212256308637,6.400521875085,
    3.338732872336));
#3926 = CARTESIAN_POINT('',(-2.508687700708,6.28665451473,3.349325243242
    ));
#3927 = CARTESIAN_POINT('',(-2.804273968462,6.155532904658,
    3.360412417357));
#3928 = CARTESIAN_POINT('',(-3.091213972006,6.009760448658,
    3.371404141029));
#3929 = CARTESIAN_POINT('',(-3.50827813768,5.769544351491,3.387826012945
    ));
#3930 = CARTESIAN_POINT('',(-3.645307146396,5.6857441934,3.393310926612)
  );
#3931 = CARTESIAN_POINT('',(-3.78021798371,5.598297705673,3.398804500814
    ));
#3932 = CARTESIAN_POINT('',(-3.912885125389,5.507290167607,
    3.404304335195));
#3933 = CARTESIAN_POINT('',(-4.043183748496,5.412810005778,
    3.409807954829));
#3934 = CARTESIAN_POINT('',(-4.170990165354,5.314948458111,
    3.415312840183));
#3935 = CARTESIAN_POINT('',(-4.296182257529,5.213799237926,
    3.420816457086));
#3936 = CARTESIAN_POINT('',(-4.418639909781,5.109458197999,
    3.426316286689));
#3937 = CARTESIAN_POINT('',(-4.53824544405,5.002022994618,3.431809855431
    ));
#3938 = CARTESIAN_POINT('',(-4.654884053415,4.891592751644,
    3.437294765001));
#3939 = CARTESIAN_POINT('',(-4.88200441872,4.664942697477,3.448242679612
    ));
#3940 = CARTESIAN_POINT('',(-4.992675200293,4.548532243343,
    3.453727593278));
#3941 = CARTESIAN_POINT('',(-5.10035624585,4.429147928341,3.459221167481
    ));
#3942 = CARTESIAN_POINT('',(-5.204948380199,4.306904614011,
    3.464721001862));
#3943 = CARTESIAN_POINT('',(-5.30635392012,4.181920020416,3.470224621495
    ));
#3944 = CARTESIAN_POINT('',(-5.404477006611,4.054314289357,3.47572950685
    ));
#3945 = CARTESIAN_POINT('',(-5.499223937108,3.924209547518,
    3.481233123753));
#3946 = CARTESIAN_POINT('',(-5.590503497726,3.79172946969,3.486732953356
    ));
#3947 = CARTESIAN_POINT('',(-5.678227295495,3.656998841924,
    3.492226522097));
#3948 = CARTESIAN_POINT('',(-5.762310090586,3.520143124734,
    3.497711431668));
#3949 = CARTESIAN_POINT('',(-5.923030166518,3.242432907812,
    3.508659346279));
#3950 = CARTESIAN_POINT('',(-5.999800690076,3.101345337706,
    3.514144259945));
#3951 = CARTESIAN_POINT('',(-6.072913658573,2.958159039207,
    3.519637834147));
#3952 = CARTESIAN_POINT('',(-6.142303004479,2.813010628463,
    3.525137668529));
#3953 = CARTESIAN_POINT('',(-6.207904841257,2.666039096617,
    3.530641288162));
#3954 = CARTESIAN_POINT('',(-6.269657671186,2.51738530185,3.536146173517
    ));
#3955 = CARTESIAN_POINT('',(-6.327502593273,2.367191461513,
    3.541649790419));
#3956 = CARTESIAN_POINT('',(-6.381383511045,2.21560064415,3.547149620023
    ));
#3957 = CARTESIAN_POINT('',(-6.431247340466,2.062756261629,
    3.552643188764));
#3958 = CARTESIAN_POINT('',(-6.477044217751,1.908801561184,
    3.558128098335));
#3959 = CARTESIAN_POINT('',(-6.602094686231,1.444034230189,
    3.574549970251));
#3960 = CARTESIAN_POINT('',(-6.669281632171,1.129279912187,
    3.585541710305));
#3961 = CARTESIAN_POINT('',(-6.720076168556,0.809932079875,
    3.596628882252));
#3962 = CARTESIAN_POINT('',(-6.754042316206,0.494197082226,
    3.607221308514));
#3963 = CARTESIAN_POINT('',(-6.771606026146,0.157386453638,
    3.619410184506));
#3964 = CARTESIAN_POINT('',(-6.772030338707,-0.143448870162,
    3.628627204772));
#3965 = CARTESIAN_POINT('',(-6.755003446192,-0.480298543017,
    3.64081620567));
#3966 = CARTESIAN_POINT('',(-6.721738111894,-0.796100321816,
    3.651408576575));
#3967 = CARTESIAN_POINT('',(-6.671587717904,-1.115551501646,
    3.662495750691));
#3968 = CARTESIAN_POINT('',(-6.605047875612,-1.43044294953,
    3.673487474363));
#3969 = CARTESIAN_POINT('',(-6.439598831561,-2.050477015838,
    3.695383303584));
#3970 = CARTESIAN_POINT('',(-6.340407274546,-2.356655724148,
    3.706375043638));
#3971 = CARTESIAN_POINT('',(-6.224722717275,-2.658616327766,
    3.717462215585));
#3972 = CARTESIAN_POINT('',(-6.096270765181,-2.949033930418,
    3.728054641846));
#3973 = CARTESIAN_POINT('',(-5.943076069883,-3.249502346013,
    3.74024351784));
#3974 = CARTESIAN_POINT('',(-5.793025873437,-3.510245535055,
    3.749460538104));
#3975 = CARTESIAN_POINT('',(-5.609855315545,-3.793452462751,
    3.761649539004));
#3976 = CARTESIAN_POINT('',(-5.423145801579,-4.050312158599,
    3.772241909908));
#3977 = CARTESIAN_POINT('',(-5.219988696458,-4.301889798608,
    3.783329084024));
#3978 = CARTESIAN_POINT('',(-5.004917778728,-4.541323870763,
    3.794320807696));
#3979 = CARTESIAN_POINT('',(-4.551617670393,-4.995564601372,
    3.816216636917));
#3980 = CARTESIAN_POINT('',(-4.312625908023,-5.211127362359,
    3.827208376972));
#3981 = CARTESIAN_POINT('',(-4.061459840789,-5.414790637399,
    3.838295548918));
#3982 = CARTESIAN_POINT('',(-3.805008385788,-5.602073682956,
    3.84888797518));
#3983 = CARTESIAN_POINT('',(-3.522103680134,-5.785689616244,
    3.861076851173));
#3984 = CARTESIAN_POINT('',(-3.26178480365,-5.936474743598,
    3.870293871438));
#3985 = CARTESIAN_POINT('',(-2.961550983442,-6.090153858563,
    3.882482872336));
#3986 = CARTESIAN_POINT('',(-2.671425953294,-6.219246123393,
    3.893075243242));
#3987 = CARTESIAN_POINT('',(-2.369697919297,-6.335540198104,
    3.904162417357));
#3988 = CARTESIAN_POINT('',(-2.063724004849,-6.435360728257,
    3.915154141029));
#3989 = CARTESIAN_POINT('',(-1.444034230189,-6.602094686232,
    3.937049970251));
#3990 = CARTESIAN_POINT('',(-1.129279912187,-6.66928163217,
    3.948041710305));
#3991 = CARTESIAN_POINT('',(-0.809932079875,-6.720076168559,
    3.959128882252));
#3992 = CARTESIAN_POINT('',(-0.494197082226,-6.754042316199,
    3.969721308514));
#3993 = CARTESIAN_POINT('',(-0.157386453637,-6.771606026155,
    3.981910184506));
#3994 = CARTESIAN_POINT('',(0.143448870161,-6.772030338697,
    3.991127204772));
#3995 = CARTESIAN_POINT('',(0.480298543018,-6.755003446199,4.00331620567
    ));
#3996 = CARTESIAN_POINT('',(0.796100321815,-6.72173811189,4.013908576575
    ));
#3997 = CARTESIAN_POINT('',(1.115551501647,-6.671587717905,
    4.024995750691));
#3998 = CARTESIAN_POINT('',(1.430442949529,-6.605047875612,
    4.035987474363));
#3999 = CARTESIAN_POINT('',(2.050477015838,-6.439598831561,
    4.057883303584));
#4000 = CARTESIAN_POINT('',(2.356655724148,-6.340407274546,
    4.068875043638));
#4001 = CARTESIAN_POINT('',(2.658616327766,-6.224722717274,
    4.079962215585));
#4002 = CARTESIAN_POINT('',(2.949033930418,-6.096270765182,
    4.090554641847));
#4003 = CARTESIAN_POINT('',(3.249502346012,-5.943076069881,4.10274351784
    ));
#4004 = CARTESIAN_POINT('',(3.510245535055,-5.793025873439,
    4.111960538105));
#4005 = CARTESIAN_POINT('',(3.793452462751,-5.609855315544,
    4.124149539003));
#4006 = CARTESIAN_POINT('',(4.050312158599,-5.423145801579,
    4.134741909908));
#4007 = CARTESIAN_POINT('',(4.301889798608,-5.219988696458,
    4.145829084024));
#4008 = CARTESIAN_POINT('',(4.541323870763,-5.004917778728,
    4.156820807696));
#4009 = CARTESIAN_POINT('',(4.88200441872,-4.664942697477,4.173242679612
    ));
#4010 = CARTESIAN_POINT('',(4.992675200293,-4.548532243343,
    4.178727593278));
#4011 = CARTESIAN_POINT('',(5.100356245851,-4.429147928342,
    4.184221167481));
#4012 = CARTESIAN_POINT('',(5.204948380197,-4.306904614009,
    4.189721001862));
#4013 = CARTESIAN_POINT('',(5.306353920122,-4.181920020418,
    4.195224621495));
#4014 = CARTESIAN_POINT('',(5.40447700661,-4.054314289356,4.20072950685)
  );
#4015 = CARTESIAN_POINT('',(5.499223937109,-3.924209547519,
    4.206233123753));
#4016 = CARTESIAN_POINT('',(5.590503497726,-3.79172946969,4.211732953356
    ));
#4017 = CARTESIAN_POINT('',(5.678227295495,-3.656998841924,
    4.217226522097));
#4018 = CARTESIAN_POINT('',(5.762310090586,-3.520143124734,
    4.222711431668));
#4019 = CARTESIAN_POINT('',(6.003390204484,-3.103577799352,
    4.239133303584));
#4020 = CARTESIAN_POINT('',(6.149752222783,-2.816937735849,
    4.250125043638));
#4021 = CARTESIAN_POINT('',(6.281469278328,-2.521618010454,
    4.261212215585));
#4022 = CARTESIAN_POINT('',(6.395996288156,-2.225432507861,
    4.271804641847));
#4023 = CARTESIAN_POINT('',(6.50013453447,-1.904644245775,4.28399351784)
  );
#4024 = CARTESIAN_POINT('',(6.578406300163,-1.614169457228,
    4.293210538105));
#4025 = CARTESIAN_POINT('',(6.649142695618,-1.284390774579,
    4.305399539003));
#4026 = CARTESIAN_POINT('',(6.698746364927,-0.970739978391,
    4.315991909908));
#4027 = CARTESIAN_POINT('',(6.732984853495,-0.64919395647,4.327079084024
    ));
#4028 = CARTESIAN_POINT('',(6.7502122052,-0.327810396039,4.338070807696)
  );
#4029 = CARTESIAN_POINT('',(6.75087732559,0.313917885382,4.359966636917)
  );
#4030 = CARTESIAN_POINT('',(6.734310519835,0.635336471267,4.370958376972
    ));
#4031 = CARTESIAN_POINT('',(6.70072097335,0.956949383472,4.382045548918)
  );
#4032 = CARTESIAN_POINT('',(6.651811521986,1.270717057861,4.39263797518)
  );
#4033 = CARTESIAN_POINT('',(6.581603757753,1.600596965223,4.404826851173
    ));
#4034 = CARTESIAN_POINT('',(6.504151700973,1.891291394108,4.414043871438
    ));
#4035 = CARTESIAN_POINT('',(6.400521875081,2.212256308639,4.426232872336
    ));
#4036 = CARTESIAN_POINT('',(6.286654514732,2.508687700707,4.436825243242
    ));
#4037 = CARTESIAN_POINT('',(6.155532904658,2.804273968462,4.447912417357
    ));
#4038 = CARTESIAN_POINT('',(6.009760448659,3.091213972006,4.458904141029
    ));
#4039 = CARTESIAN_POINT('',(5.769544351491,3.50827813768,4.475326012945)
  );
#4040 = CARTESIAN_POINT('',(5.685744193401,3.645307146396,4.480810926612
    ));
#4041 = CARTESIAN_POINT('',(5.598297705672,3.78021798371,4.486304500814)
  );
#4042 = CARTESIAN_POINT('',(5.507290167609,3.91288512539,4.491804335195)
  );
#4043 = CARTESIAN_POINT('',(5.412810005775,4.043183748495,4.497307954829
    ));
#4044 = CARTESIAN_POINT('',(5.314948458114,4.170990165356,4.502812840183
    ));
#4045 = CARTESIAN_POINT('',(5.213799237924,4.296182257528,4.508316457086
    ));
#4046 = CARTESIAN_POINT('',(5.109458198,4.418639909782,4.513816286689));
#4047 = CARTESIAN_POINT('',(5.002022994618,4.53824544405,4.519309855431)
  );
#4048 = CARTESIAN_POINT('',(4.891592751644,4.654884053415,4.524794765001
    ));
#4049 = CARTESIAN_POINT('',(4.664942697477,4.88200441872,4.535742679612)
  );
#4050 = CARTESIAN_POINT('',(4.548532243342,4.992675200293,4.541227593278
    ));
#4051 = CARTESIAN_POINT('',(4.429147928342,5.100356245851,4.546721167481
    ));
#4052 = CARTESIAN_POINT('',(4.306904614008,5.204948380198,4.552221001862
    ));
#4053 = CARTESIAN_POINT('',(4.181920020419,5.306353920122,4.557724621495
    ));
#4054 = CARTESIAN_POINT('',(4.054314289354,5.40447700661,4.56322950685)
  );
#4055 = CARTESIAN_POINT('',(3.92420954752,5.499223937109,4.568733123753)
  );
#4056 = CARTESIAN_POINT('',(3.791729469689,5.590503497726,4.574232953356
    ));
#4057 = CARTESIAN_POINT('',(3.656998841924,5.678227295495,4.579726522097
    ));
#4058 = CARTESIAN_POINT('',(3.520143124734,5.762310090586,4.585211431668
    ));
#4059 = CARTESIAN_POINT('',(3.103577799352,6.003390204484,4.601633303584
    ));
#4060 = CARTESIAN_POINT('',(2.816937735849,6.149752222783,4.612625043638
    ));
#4061 = CARTESIAN_POINT('',(2.521618010453,6.281469278327,4.623712215585
    ));
#4062 = CARTESIAN_POINT('',(2.225432507861,6.395996288157,4.634304641847
    ));
#4063 = CARTESIAN_POINT('',(1.904644245776,6.500134534468,4.646493517839
    ));
#4064 = CARTESIAN_POINT('',(1.614169457227,6.578406300165,4.655710538105
    ));
#4065 = CARTESIAN_POINT('',(1.284390774579,6.649142695616,4.667899539003
    ));
#4066 = CARTESIAN_POINT('',(0.970739978391,6.698746364928,4.678491909909
    ));
#4067 = CARTESIAN_POINT('',(0.64919395647,6.732984853495,4.689579084024)
  );
#4068 = CARTESIAN_POINT('',(0.327810396039,6.7502122052,4.700570807696)
  );
#4069 = CARTESIAN_POINT('',(-0.153485815027,6.750711045492,
    4.716992679612));
#4070 = CARTESIAN_POINT('',(-0.314056496676,6.746652484102,
    4.722477593278));
#4071 = CARTESIAN_POINT('',(-0.474615952899,6.738377022918,
    4.727971167481));
#4072 = CARTESIAN_POINT('',(-0.635012836874,6.725895753851,
    4.733471001862));
#4073 = CARTESIAN_POINT('',(-0.795094835476,6.709222845114,
    4.738974621495));
#4074 = CARTESIAN_POINT('',(-0.954709213076,6.688375467203,4.74447950685
    ));
#4075 = CARTESIAN_POINT('',(-1.113703355345,6.663373719043,
    4.749983123753));
#4076 = CARTESIAN_POINT('',(-1.271925313047,6.634240553931,
    4.755482953356));
#4077 = CARTESIAN_POINT('',(-1.429224345847,6.601001705679,
    4.760976522097));
#4078 = CARTESIAN_POINT('',(-1.585451466107,6.563685614599,
    4.766461431668));
#4079 = CARTESIAN_POINT('',(-2.050477015838,6.439598831561,
    4.782883303584));
#4080 = CARTESIAN_POINT('',(-2.356655724148,6.340407274546,
    4.793875043638));
#4081 = CARTESIAN_POINT('',(-2.658616327766,6.224722717276,
    4.804962215585));
#4082 = CARTESIAN_POINT('',(-2.949033930419,6.096270765178,
    4.815554641847));
#4083 = CARTESIAN_POINT('',(-3.249502346011,5.943076069887,
    4.827743517839));
#4084 = CARTESIAN_POINT('',(-3.510245535058,5.793025873432,
    4.836960538105));
#4085 = CARTESIAN_POINT('',(-3.793452462748,5.609855315549,
    4.849149539003));
#4086 = CARTESIAN_POINT('',(-4.050312158601,5.423145801576,
    4.859741909909));
#4087 = CARTESIAN_POINT('',(-4.301889798607,5.219988696459,
    4.870829084024));
#4088 = CARTESIAN_POINT('',(-4.541323870763,5.004917778728,
    4.881820807696));
#4089 = CARTESIAN_POINT('',(-4.995564601372,4.551617670394,
    4.903716636917));
#4090 = CARTESIAN_POINT('',(-5.211127362359,4.312625908022,
    4.914708376972));
#4091 = CARTESIAN_POINT('',(-5.4147906374,4.061459840791,4.925795548918)
  );
#4092 = CARTESIAN_POINT('',(-5.602073682954,3.805008385785,4.93638797518
    ));
#4093 = CARTESIAN_POINT('',(-5.785689616246,3.522103680137,
    4.948576851173));
#4094 = CARTESIAN_POINT('',(-5.936474743597,3.261784803648,
    4.957793871438));
#4095 = CARTESIAN_POINT('',(-6.090153858564,2.961550983443,
    4.969982872337));
#4096 = CARTESIAN_POINT('',(-6.219246123393,2.671425953294,
    4.980575243242));
#4097 = CARTESIAN_POINT('',(-6.335540198104,2.369697919296,
    4.991662417357));
#4098 = CARTESIAN_POINT('',(-6.435360728257,2.063724004849,
    5.002654141029));
#4099 = CARTESIAN_POINT('',(-6.602094686231,1.444034230189,
    5.024549970251));
#4100 = CARTESIAN_POINT('',(-6.669281632171,1.129279912187,
    5.035541710305));
#4101 = CARTESIAN_POINT('',(-6.720076168556,0.809932079875,
    5.046628882252));
#4102 = CARTESIAN_POINT('',(-6.754042316206,0.494197082226,
    5.057221308514));
#4103 = CARTESIAN_POINT('',(-6.771606026146,0.157386453639,
    5.069410184506));
#4104 = CARTESIAN_POINT('',(-6.772030338706,-0.143448870162,
    5.078627204772));
#4105 = CARTESIAN_POINT('',(-6.755003446192,-0.480298543016,
    5.09081620567));
#4106 = CARTESIAN_POINT('',(-6.721738111893,-0.796100321816,
    5.101408576575));
#4107 = CARTESIAN_POINT('',(-6.671587717904,-1.115551501646,
    5.112495750691));
#4108 = CARTESIAN_POINT('',(-6.605047875612,-1.43044294953,
    5.123487474363));
#4109 = CARTESIAN_POINT('',(-6.439598831561,-2.050477015838,
    5.145383303584));
#4110 = CARTESIAN_POINT('',(-6.340407274545,-2.356655724148,
    5.156375043638));
#4111 = CARTESIAN_POINT('',(-6.224722717278,-2.658616327768,
    5.167462215585));
#4112 = CARTESIAN_POINT('',(-6.096270765175,-2.949033930416,
    5.178054641846));
#4113 = CARTESIAN_POINT('',(-5.943076069891,-3.249502346016,
    5.19024351784));
#4114 = CARTESIAN_POINT('',(-5.793025873429,-3.510245535052,
    5.199460538104));
#4115 = CARTESIAN_POINT('',(-5.609855315551,-3.793452462754,
    5.211649539004));
#4116 = CARTESIAN_POINT('',(-5.423145801575,-4.050312158597,
    5.222241909908));
#4117 = CARTESIAN_POINT('',(-5.219988696459,-4.301889798609,
    5.233329084024));
#4118 = CARTESIAN_POINT('',(-5.004917778727,-4.541323870763,
    5.244320807696));
#4119 = CARTESIAN_POINT('',(-4.664942697477,-4.88200441872,
    5.260742679612));
#4120 = CARTESIAN_POINT('',(-4.548532243342,-4.992675200293,
    5.266227593278));
#4121 = CARTESIAN_POINT('',(-4.429147928343,-5.10035624585,
    5.271721167481));
#4122 = CARTESIAN_POINT('',(-4.306904614007,-5.204948380198,
    5.277221001862));
#4123 = CARTESIAN_POINT('',(-4.181920020421,-5.306353920121,
    5.282724621495));
#4124 = CARTESIAN_POINT('',(-4.054314289353,-5.404477006611,
    5.28822950685));
#4125 = CARTESIAN_POINT('',(-3.924209547522,-5.499223937108,
    5.293733123753));
#4126 = CARTESIAN_POINT('',(-3.791729469688,-5.590503497727,
    5.299232953356));
#4127 = CARTESIAN_POINT('',(-3.656998841924,-5.678227295495,
    5.304726522097));
#4128 = CARTESIAN_POINT('',(-3.520143124734,-5.762310090586,
    5.310211431668));
#4129 = CARTESIAN_POINT('',(-3.103577799352,-6.003390204484,
    5.326633303584));
#4130 = CARTESIAN_POINT('',(-2.816937735849,-6.149752222783,
    5.337625043638));
#4131 = CARTESIAN_POINT('',(-2.521618010453,-6.281469278328,
    5.348712215585));
#4132 = CARTESIAN_POINT('',(-2.225432507863,-6.395996288156,
    5.359304641847));
#4133 = CARTESIAN_POINT('',(-1.904644245773,-6.50013453447,
    5.371493517839));
#4134 = CARTESIAN_POINT('',(-1.61416945723,-6.578406300163,
    5.380710538106));
#4135 = CARTESIAN_POINT('',(-1.284390774577,-6.649142695618,
    5.392899539003));
#4136 = CARTESIAN_POINT('',(-0.970739978392,-6.698746364927,
    5.403491909909));
#4137 = CARTESIAN_POINT('',(-0.64919395647,-6.732984853495,
    5.414579084024));
#4138 = CARTESIAN_POINT('',(-0.327810396039,-6.7502122052,5.425570807696
    ));
#4139 = CARTESIAN_POINT('',(0.313917885382,-6.75087732559,5.447466636917
    ));
#4140 = CARTESIAN_POINT('',(0.635336471267,-6.734310519834,
    5.458458376972));
#4141 = CARTESIAN_POINT('',(0.956949383471,-6.700720973352,
    5.469545548918));
#4142 = CARTESIAN_POINT('',(1.270717057863,-6.651811521982,5.48013797518
    ));
#4143 = CARTESIAN_POINT('',(1.600596965221,-6.581603757759,
    5.492326851173));
#4144 = CARTESIAN_POINT('',(1.89129139411,-6.504151700967,5.501543871439
    ));
#4145 = CARTESIAN_POINT('',(2.212256308637,-6.400521875085,
    5.513732872336));
#4146 = CARTESIAN_POINT('',(2.508687700708,-6.286654514729,
    5.524325243242));
#4147 = CARTESIAN_POINT('',(2.804273968461,-6.155532904658,
    5.535412417357));
#4148 = CARTESIAN_POINT('',(3.091213972006,-6.009760448658,
    5.546404141029));
#4149 = CARTESIAN_POINT('',(3.50827813768,-5.769544351491,5.562826012945
    ));
#4150 = CARTESIAN_POINT('',(3.645307146396,-5.6857441934,5.568310926612)
  );
#4151 = CARTESIAN_POINT('',(3.78021798371,-5.598297705673,5.573804500814
    ));
#4152 = CARTESIAN_POINT('',(3.91288512539,-5.507290167607,5.579304335196
    ));
#4153 = CARTESIAN_POINT('',(4.043183748494,-5.412810005777,
    5.584807954828));
#4154 = CARTESIAN_POINT('',(4.170990165356,-5.314948458113,
    5.590312840184));
#4155 = CARTESIAN_POINT('',(4.296182257527,-5.213799237925,
    5.595816457085));
#4156 = CARTESIAN_POINT('',(4.418639909782,-5.109458198,5.601316286689)
  );
#4157 = CARTESIAN_POINT('',(4.53824544405,-5.002022994618,5.606809855431
    ));
#4158 = CARTESIAN_POINT('',(4.654884053415,-4.891592751644,
    5.612294765001));
#4159 = CARTESIAN_POINT('',(4.88200441872,-4.664942697477,5.623242679612
    ));
#4160 = CARTESIAN_POINT('',(4.992675200293,-4.548532243343,
    5.628727593278));
#4161 = CARTESIAN_POINT('',(5.10035624585,-4.429147928341,5.634221167481
    ));
#4162 = CARTESIAN_POINT('',(5.204948380199,-4.306904614011,
    5.639721001862));
#4163 = CARTESIAN_POINT('',(5.30635392012,-4.181920020416,5.645224621495
    ));
#4164 = CARTESIAN_POINT('',(5.404477006612,-4.054314289358,5.65072950685
    ));
#4165 = CARTESIAN_POINT('',(5.499223937107,-3.924209547518,
    5.656233123753));
#4166 = CARTESIAN_POINT('',(5.590503497727,-3.79172946969,5.661732953356
    ));
#4167 = CARTESIAN_POINT('',(5.678227295495,-3.656998841924,
    5.667226522097));
#4168 = CARTESIAN_POINT('',(5.762310090586,-3.520143124734,
    5.672711431668));
#4169 = CARTESIAN_POINT('',(6.003390204484,-3.103577799352,
    5.689133303584));
#4170 = CARTESIAN_POINT('',(6.149752222784,-2.816937735849,
    5.700125043638));
#4171 = CARTESIAN_POINT('',(6.281469278327,-2.521618010454,
    5.711212215585));
#4172 = CARTESIAN_POINT('',(6.395996288157,-2.225432507861,
    5.721804641847));
#4173 = CARTESIAN_POINT('',(6.500134534468,-1.904644245775,
    5.733993517839));
#4174 = CARTESIAN_POINT('',(6.578406300165,-1.614169457229,
    5.743210538105));
#4175 = CARTESIAN_POINT('',(6.649142695616,-1.284390774578,
    5.755399539003));
#4176 = CARTESIAN_POINT('',(6.698746364928,-0.970739978391,
    5.765991909909));
#4177 = CARTESIAN_POINT('',(6.732984853495,-0.64919395647,5.777079084024
    ));
#4178 = CARTESIAN_POINT('',(6.7502122052,-0.327810396039,5.788070807696)
  );
#4179 = CARTESIAN_POINT('',(6.75087732559,0.313917885382,5.809966636917)
  );
#4180 = CARTESIAN_POINT('',(6.734310519835,0.635336471267,5.820958376972
    ));
#4181 = CARTESIAN_POINT('',(6.70072097335,0.956949383471,5.832045548918)
  );
#4182 = CARTESIAN_POINT('',(6.651811521986,1.270717057863,5.84263797518)
  );
#4183 = CARTESIAN_POINT('',(6.581603757754,1.600596965222,5.854826851173
    ));
#4184 = CARTESIAN_POINT('',(6.504151700972,1.891291394109,5.864043871438
    ));
#4185 = CARTESIAN_POINT('',(6.400521875082,2.212256308638,5.876232872337
    ));
#4186 = CARTESIAN_POINT('',(6.286654514731,2.508687700707,5.886825243242
    ));
#4187 = CARTESIAN_POINT('',(6.155532904658,2.804273968462,5.897912417358
    ));
#4188 = CARTESIAN_POINT('',(6.009760448658,3.091213972006,5.908904141029
    ));
#4189 = CARTESIAN_POINT('',(5.769544351491,3.50827813768,5.925326012945)
  );
#4190 = CARTESIAN_POINT('',(5.685744193399,3.645307146396,5.930810926611
    ));
#4191 = CARTESIAN_POINT('',(5.598297705676,3.780217983711,5.936304500815
    ));
#4192 = CARTESIAN_POINT('',(5.507290167602,3.912885125387,5.941804335194
    ));
#4193 = CARTESIAN_POINT('',(5.412810005783,4.043183748498,5.94730795483)
  );
#4194 = CARTESIAN_POINT('',(5.314948458106,4.170990165352,5.952812840181
    ));
#4195 = CARTESIAN_POINT('',(5.21379923793,4.296182257531,5.958316457087)
  );
#4196 = CARTESIAN_POINT('',(5.109458197997,4.41863990978,5.963816286688)
  );
#4197 = CARTESIAN_POINT('',(5.002022994619,4.538245444051,5.969309855431
    ));
#4198 = CARTESIAN_POINT('',(4.891592751644,4.654884053415,5.974794765001
    ));
#4199 = CARTESIAN_POINT('',(4.551617670394,4.995564601373,5.991216636917
    ));
#4200 = CARTESIAN_POINT('',(4.312625908022,5.211127362359,6.002208376972
    ));
#4201 = CARTESIAN_POINT('',(4.061459840791,5.414790637401,6.013295548918
    ));
#4202 = CARTESIAN_POINT('',(3.805008385784,5.602073682953,6.023887975181
    ));
#4203 = CARTESIAN_POINT('',(3.522103680139,5.785689616247,6.036076851172
    ));
#4204 = CARTESIAN_POINT('',(3.261784803646,5.936474743596,6.045293871439
    ));
#4205 = CARTESIAN_POINT('',(2.961550983445,6.090153858564,6.057482872336
    ));
#4206 = CARTESIAN_POINT('',(2.671425953293,6.219246123393,6.068075243242
    ));
#4207 = CARTESIAN_POINT('',(2.369697919297,6.335540198104,6.079162417357
    ));
#4208 = CARTESIAN_POINT('',(2.063724004849,6.435360728257,6.090154141029
    ));
#4209 = CARTESIAN_POINT('',(1.444034230189,6.602094686231,6.112049970251
    ));
#4210 = CARTESIAN_POINT('',(1.129279912187,6.669281632171,6.123041710305
    ));
#4211 = CARTESIAN_POINT('',(0.809932079876,6.720076168556,6.134128882252
    ));
#4212 = CARTESIAN_POINT('',(0.494197082225,6.754042316206,6.144721308514
    ));
#4213 = CARTESIAN_POINT('',(0.157386453639,6.771606026147,6.156910184506
    ));
#4214 = CARTESIAN_POINT('',(-0.143448870161,6.772030338706,
    6.166127204772));
#4215 = CARTESIAN_POINT('',(-0.480298543018,6.755003446192,6.17831620567
    ));
#4216 = CARTESIAN_POINT('',(-0.796100321814,6.721738111894,
    6.188908576575));
#4217 = CARTESIAN_POINT('',(-1.115551501647,6.671587717904,
    6.199995750691));
#4218 = CARTESIAN_POINT('',(-1.430442949529,6.605047875612,
    6.210987474363));
#4219 = CARTESIAN_POINT('',(-2.050477015838,6.439598831561,
    6.232883303584));
#4220 = CARTESIAN_POINT('',(-2.356655724148,6.340407274546,
    6.243875043638));
#4221 = CARTESIAN_POINT('',(-2.658616327767,6.224722717276,
    6.254962215585));
#4222 = CARTESIAN_POINT('',(-2.949033930418,6.096270765177,
    6.265554641847));
#4223 = CARTESIAN_POINT('',(-3.249502346012,5.943076069888,6.27774351784
    ));
#4224 = CARTESIAN_POINT('',(-3.510245535056,5.793025873431,
    6.286960538105));
#4225 = CARTESIAN_POINT('',(-3.79345246275,5.60985531555,6.299149539003)
  );
#4226 = CARTESIAN_POINT('',(-4.050312158599,5.423145801576,
    6.309741909909));
#4227 = CARTESIAN_POINT('',(-4.301889798608,5.219988696459,
    6.320829084024));
#4228 = CARTESIAN_POINT('',(-4.541323870763,5.004917778728,
    6.331820807696));
#4229 = CARTESIAN_POINT('',(-4.995564601372,4.551617670394,
    6.353716636917));
#4230 = CARTESIAN_POINT('',(-5.211127362359,4.312625908022,
    6.364708376972));
#4231 = CARTESIAN_POINT('',(-5.4147906374,4.061459840791,6.375795548918)
  );
#4232 = CARTESIAN_POINT('',(-5.602073682953,3.805008385785,6.38638797518
    ));
#4233 = CARTESIAN_POINT('',(-5.785689616249,3.522103680138,
    6.398576851173));
#4234 = CARTESIAN_POINT('',(-5.936474743593,3.261784803647,
    6.407793871438));
#4235 = CARTESIAN_POINT('',(-6.090153858567,2.961550983444,
    6.419982872337));
#4236 = CARTESIAN_POINT('',(-6.219246123391,2.671425953293,
    6.430575243242));
#4237 = CARTESIAN_POINT('',(-6.335540198106,2.369697919297,
    6.441662417357));
#4238 = CARTESIAN_POINT('',(-6.435360728257,2.063724004849,
    6.452654141029));
#4239 = CARTESIAN_POINT('',(-6.560411196738,1.598956673854,
    6.469076012945));
#4240 = CARTESIAN_POINT('',(-6.598049677969,1.442806872521,
    6.474560926612));
#4241 = CARTESIAN_POINT('',(-6.631612041429,1.285576500137,
    6.480054500814));
#4242 = CARTESIAN_POINT('',(-6.661069829641,1.12741461731,6.485554335196
    ));
#4243 = CARTESIAN_POINT('',(-6.686397306507,0.968472014216,
    6.491057954828));
#4244 = CARTESIAN_POINT('',(-6.707571526571,0.808900666203,
    6.496562840183));
#4245 = CARTESIAN_POINT('',(-6.724572404395,0.648853189371,
    6.502066457086));
#4246 = CARTESIAN_POINT('',(-6.737382783822,0.488482296166,
    6.507566286689));
#4247 = CARTESIAN_POINT('',(-6.745988507323,0.327940250969,
    6.513059855431));
#4248 = CARTESIAN_POINT('',(-6.750378485298,0.167378325683,
    6.518544765001));
#4249 = CARTESIAN_POINT('',(-6.750877325589,-0.313917885382,
    6.534966636917));
#4250 = CARTESIAN_POINT('',(-6.734310519835,-0.635336471267,
    6.545958376972));
#4251 = CARTESIAN_POINT('',(-6.700720973348,-0.956949383472,
    6.557045548918));
#4252 = CARTESIAN_POINT('',(-6.651811521989,-1.270717057861,
    6.56763797518));
#4253 = CARTESIAN_POINT('',(-6.581603757749,-1.600596965223,
    6.579826851173));
#4254 = CARTESIAN_POINT('',(-6.504151700976,-1.891291394108,
    6.589043871438));
#4255 = CARTESIAN_POINT('',(-6.400521875078,-2.212256308638,
    6.601232872337));
#4256 = CARTESIAN_POINT('',(-6.286654514733,-2.508687700708,
    6.611825243242));
#4257 = CARTESIAN_POINT('',(-6.155532904657,-2.804273968461,
    6.622912417357));
#4258 = CARTESIAN_POINT('',(-6.009760448659,-3.091213972006,
    6.633904141029));
#4259 = CARTESIAN_POINT('',(-5.769544351491,-3.50827813768,
    6.650326012945));
#4260 = CARTESIAN_POINT('',(-5.6857441934,-3.645307146396,6.655810926611
    ));
#4261 = CARTESIAN_POINT('',(-5.598297705674,-3.780217983711,
    6.661304500814));
#4262 = CARTESIAN_POINT('',(-5.507290167605,-3.912885125388,
    6.666804335195));
#4263 = CARTESIAN_POINT('',(-5.41281000578,-4.043183748496,
    6.672307954829));
#4264 = CARTESIAN_POINT('',(-5.314948458109,-4.170990165354,
    6.677812840182));
#4265 = CARTESIAN_POINT('',(-5.213799237928,-4.296182257529,
    6.683316457087));
#4266 = CARTESIAN_POINT('',(-5.109458197998,-4.418639909781,
    6.688816286689));
#4267 = CARTESIAN_POINT('',(-5.002022994619,-4.53824544405,
    6.694309855431));
#4268 = CARTESIAN_POINT('',(-4.891592751644,-4.654884053415,
    6.699794765001));
#4269 = CARTESIAN_POINT('',(-4.664942697477,-4.88200441872,
    6.710742679612));
#4270 = CARTESIAN_POINT('',(-4.548532243342,-4.992675200292,
    6.716227593278));
#4271 = CARTESIAN_POINT('',(-4.429147928343,-5.100356245851,
    6.721721167481));
#4272 = CARTESIAN_POINT('',(-4.306904614008,-5.204948380196,
    6.727221001861));
#4273 = CARTESIAN_POINT('',(-4.18192002042,-5.306353920123,
    6.732724621497));
#4274 = CARTESIAN_POINT('',(-4.054314289354,-5.404477006609,
    6.738229506848));
#4275 = CARTESIAN_POINT('',(-3.92420954752,-5.49922393711,6.743733123754
    ));
#4276 = CARTESIAN_POINT('',(-3.791729469689,-5.590503497726,
    6.749232953355));
#4277 = CARTESIAN_POINT('',(-3.656998841924,-5.678227295495,
    6.754726522098));
#4278 = CARTESIAN_POINT('',(-3.520143124734,-5.762310090586,
    6.760211431668));
#4279 = CARTESIAN_POINT('',(-3.103577799351,-6.003390204484,
    6.776633303584));
#4280 = CARTESIAN_POINT('',(-2.816937735849,-6.149752222784,
    6.787625043638));
#4281 = CARTESIAN_POINT('',(-2.521618010453,-6.281469278327,
    6.798712215585));
#4282 = CARTESIAN_POINT('',(-2.225432507861,-6.395996288158,
    6.809304641847));
#4283 = CARTESIAN_POINT('',(-1.904644245775,-6.500134534468,
    6.821493517839));
#4284 = CARTESIAN_POINT('',(-1.614169457228,-6.578406300164,
    6.830710538105));
#4285 = CARTESIAN_POINT('',(-1.284390774579,-6.649142695617,
    6.842899539003));
#4286 = CARTESIAN_POINT('',(-0.970739978391,-6.698746364927,
    6.853491909909));
#4287 = CARTESIAN_POINT('',(-0.64919395647,-6.732984853495,
    6.864579084024));
#4288 = CARTESIAN_POINT('',(-0.327810396039,-6.7502122052,6.875570807696
    ));
#4289 = CARTESIAN_POINT('',(0.153485815027,-6.750711045492,
    6.891992679612));
#4290 = CARTESIAN_POINT('',(0.314056496676,-6.746652484102,
    6.897477593278));
#4291 = CARTESIAN_POINT('',(0.474615952899,-6.738377022917,
    6.902971167481));
#4292 = CARTESIAN_POINT('',(0.635012836874,-6.725895753854,
    6.908471001862));
#4293 = CARTESIAN_POINT('',(0.795094835476,-6.70922284511,6.913974621495
    ));
#4294 = CARTESIAN_POINT('',(0.954709213076,-6.688375467207,6.91947950685
    ));
#4295 = CARTESIAN_POINT('',(1.113703355345,-6.66337371904,6.924983123752
    ));
#4296 = CARTESIAN_POINT('',(1.271925313047,-6.634240553932,
    6.930482953356));
#4297 = CARTESIAN_POINT('',(1.429224345847,-6.601001705679,
    6.935976522097));
#4298 = CARTESIAN_POINT('',(1.585451466107,-6.563685614599,
    6.941461431668));
#4299 = CARTESIAN_POINT('',(2.050477015838,-6.439598831561,
    6.957883303584));
#4300 = CARTESIAN_POINT('',(2.356655724147,-6.340407274545,
    6.968875043638));
#4301 = CARTESIAN_POINT('',(2.658616327768,-6.224722717277,
    6.979962215585));
#4302 = CARTESIAN_POINT('',(2.949033930416,-6.096270765177,
    6.990554641846));
#4303 = CARTESIAN_POINT('',(3.249502346015,-5.943076069889,
    7.002743517841));
#4304 = CARTESIAN_POINT('',(3.510245535054,-5.793025873431,
    7.011960538104));
#4305 = CARTESIAN_POINT('',(3.793452462751,-5.60985531555,7.024149539004
    ));
#4306 = CARTESIAN_POINT('',(4.050312158599,-5.423145801576,
    7.034741909908));
#4307 = CARTESIAN_POINT('',(4.301889798608,-5.219988696459,
    7.045829084024));
#4308 = CARTESIAN_POINT('',(4.541323870763,-5.004917778728,
    7.056820807696));
#4309 = CARTESIAN_POINT('',(4.88200441872,-4.664942697477,7.073242679612
    ));
#4310 = CARTESIAN_POINT('',(4.992675200293,-4.548532243343,
    7.078727593278));
#4311 = CARTESIAN_POINT('',(5.100356245849,-4.429147928341,
    7.084221167481));
#4312 = CARTESIAN_POINT('',(5.2049483802,-4.306904614011,7.089721001862)
  );
#4313 = CARTESIAN_POINT('',(5.306353920119,-4.181920020416,
    7.095224621496));
#4314 = CARTESIAN_POINT('',(5.404477006614,-4.054314289357,
    7.100729506849));
#4315 = CARTESIAN_POINT('',(5.499223937106,-3.924209547519,
    7.106233123753));
#4316 = CARTESIAN_POINT('',(5.590503497728,-3.79172946969,7.111732953355
    ));
#4317 = CARTESIAN_POINT('',(5.678227295495,-3.656998841924,
    7.117226522098));
#4318 = CARTESIAN_POINT('',(5.762310090586,-3.520143124734,
    7.122711431668));
#4319 = CARTESIAN_POINT('',(6.003390204484,-3.103577799352,
    7.139133303584));
#4320 = CARTESIAN_POINT('',(6.149752222784,-2.816937735849,
    7.150125043638));
#4321 = CARTESIAN_POINT('',(6.281469278326,-2.521618010454,
    7.161212215585));
#4322 = CARTESIAN_POINT('',(6.39599628816,-2.22543250786,7.171804641846)
  );
#4323 = CARTESIAN_POINT('',(6.500134534464,-1.904644245777,7.18399351784
    ));
#4324 = CARTESIAN_POINT('',(6.578406300169,-1.614169457226,
    7.193210538105));
#4325 = CARTESIAN_POINT('',(6.649142695613,-1.28439077458,7.205399539003
    ));
#4326 = CARTESIAN_POINT('',(6.69874636493,-0.970739978391,7.215991909908
    ));
#4327 = CARTESIAN_POINT('',(6.732984853494,-0.64919395647,7.227079084024
    ));
#4328 = CARTESIAN_POINT('',(6.7502122052,-0.327810396039,7.238070807696)
  );
#4329 = CARTESIAN_POINT('',(6.75087732559,0.313917885382,7.259966636917)
  );
#4330 = CARTESIAN_POINT('',(6.734310519835,0.635336471267,7.270958376972
    ));
#4331 = CARTESIAN_POINT('',(6.700720973351,0.956949383471,7.282045548918
    ));
#4332 = CARTESIAN_POINT('',(6.651811521983,1.270717057863,7.292637975181
    ));
#4333 = CARTESIAN_POINT('',(6.581603757757,1.600596965221,7.304826851172
    ));
#4334 = CARTESIAN_POINT('',(6.504151700968,1.89129139411,7.31404387144)
  );
#4335 = CARTESIAN_POINT('',(6.400521875084,2.212256308637,7.326232872336
    ));
#4336 = CARTESIAN_POINT('',(6.28665451473,2.508687700708,7.336825243242)
  );
#4337 = CARTESIAN_POINT('',(6.155532904658,2.804273968462,7.347912417357
    ));
#4338 = CARTESIAN_POINT('',(6.009760448658,3.091213972006,7.358904141029
    ));
#4339 = CARTESIAN_POINT('',(5.769544351491,3.50827813768,7.375326012945)
  );
#4340 = CARTESIAN_POINT('',(5.6857441934,3.645307146396,7.380810926612)
  );
#4341 = CARTESIAN_POINT('',(5.598297705673,3.780217983711,7.386304500814
    ));
#4342 = CARTESIAN_POINT('',(5.507290167608,3.912885125389,7.391804335196
    ));
#4343 = CARTESIAN_POINT('',(5.412810005776,4.043183748495,7.397307954827
    ));
#4344 = CARTESIAN_POINT('',(5.314948458113,4.170990165355,7.402812840185
    ));
#4345 = CARTESIAN_POINT('',(5.213799237924,4.296182257528,7.408316457084
    ));
#4346 = CARTESIAN_POINT('',(5.109458198,4.418639909782,7.41381628669));
#4347 = CARTESIAN_POINT('',(5.002022994618,4.53824544405,7.41930985543)
  );
#4348 = CARTESIAN_POINT('',(4.891592751644,4.654884053415,7.424794765001
    ));
#4349 = CARTESIAN_POINT('',(4.664942697477,4.88200441872,7.435742679612)
  );
#4350 = CARTESIAN_POINT('',(4.548532243343,4.992675200293,7.441227593278
    ));
#4351 = CARTESIAN_POINT('',(4.429147928341,5.100356245851,7.446721167481
    ));
#4352 = CARTESIAN_POINT('',(4.306904614011,5.204948380197,7.452221001861
    ));
#4353 = CARTESIAN_POINT('',(4.181920020416,5.306353920122,7.457724621497
    ));
#4354 = CARTESIAN_POINT('',(4.054314289357,5.404477006609,7.463229506848
    ));
#4355 = CARTESIAN_POINT('',(3.924209547518,5.49922393711,7.468733123754)
  );
#4356 = CARTESIAN_POINT('',(3.79172946969,5.590503497726,7.474232953355)
  );
#4357 = CARTESIAN_POINT('',(3.656998841924,5.678227295495,7.479726522098
    ));
#4358 = CARTESIAN_POINT('',(3.520143124734,5.762310090586,7.485211431668
    ));
#4359 = CARTESIAN_POINT('',(3.103577799352,6.003390204484,7.501633303584
    ));
#4360 = CARTESIAN_POINT('',(2.816937735849,6.149752222783,7.512625043639
    ));
#4361 = CARTESIAN_POINT('',(2.521618010454,6.281469278327,7.523712215584
    ));
#4362 = CARTESIAN_POINT('',(2.225432507861,6.395996288158,7.534304641848
    ));
#4363 = CARTESIAN_POINT('',(1.904644245776,6.500134534468,7.546493517839
    ));
#4364 = CARTESIAN_POINT('',(1.614169457227,6.578406300165,7.555710538106
    ));
#4365 = CARTESIAN_POINT('',(1.284390774579,6.649142695616,7.567899539002
    ));
#4366 = CARTESIAN_POINT('',(0.970739978391,6.698746364928,7.578491909909
    ));
#4367 = CARTESIAN_POINT('',(0.64919395647,6.732984853495,7.589579084024)
  );
#4368 = CARTESIAN_POINT('',(0.327810396039,6.7502122052,7.600570807696)
  );
#4369 = CARTESIAN_POINT('',(-0.153485815027,6.750711045492,
    7.616992679612));
#4370 = CARTESIAN_POINT('',(-0.314056496676,6.746652484102,
    7.622477593278));
#4371 = CARTESIAN_POINT('',(-0.474615952899,6.738377022917,
    7.627971167482));
#4372 = CARTESIAN_POINT('',(-0.635012836875,6.725895753853,
    7.633471001861));
#4373 = CARTESIAN_POINT('',(-0.795094835477,6.709222845112,
    7.638974621498));
#4374 = CARTESIAN_POINT('',(-0.954709213076,6.688375467205,
    7.644479506848));
#4375 = CARTESIAN_POINT('',(-1.113703355346,6.663373719042,
    7.649983123754));
#4376 = CARTESIAN_POINT('',(-1.271925313047,6.634240553931,
    7.655482953355));
#4377 = CARTESIAN_POINT('',(-1.429224345848,6.601001705679,
    7.660976522098));
#4378 = CARTESIAN_POINT('',(-1.585451466106,6.563685614599,
    7.666461431668));
#4379 = CARTESIAN_POINT('',(-2.050477015837,6.439598831561,
    7.682883303584));
#4380 = CARTESIAN_POINT('',(-2.356655724146,6.340407274547,
    7.693875043638));
#4381 = CARTESIAN_POINT('',(-2.658616327762,6.224722717275,
    7.704962215583));
#4382 = CARTESIAN_POINT('',(-2.949033930428,6.096270765177,
    7.715554641852));
#4383 = CARTESIAN_POINT('',(-3.249502345987,5.943076069892,
    7.727743517831));
#4384 = CARTESIAN_POINT('',(-3.510245535085,5.793025873423,
    7.736960538104));
#4385 = CARTESIAN_POINT('',(-3.793452462751,5.609855315544,
    7.749149539006));
#4386 = CARTESIAN_POINT('',(-4.050312158612,5.423145801575,
    7.759741909911));
#4387 = CARTESIAN_POINT('',(-4.301889798614,5.219988696458,
    7.770829084025));
#4388 = CARTESIAN_POINT('',(-4.541323870763,5.004917778733,7.7818208077)
  );
#4389 = CARTESIAN_POINT('',(-4.995564601348,4.551617670413,
    7.803716636918));
#4390 = CARTESIAN_POINT('',(-5.211127362328,4.312625908042,
    7.814708376965));
#4391 = CARTESIAN_POINT('',(-5.414790637347,4.061459840838,7.82579554891
    ));
#4392 = CARTESIAN_POINT('',(-5.602073683047,3.80500838559,7.836387975202
    ));
#4393 = CARTESIAN_POINT('',(-5.785689615994,3.522103680538,
    7.848576851124));
#4394 = CARTESIAN_POINT('',(-5.936474743905,3.261784803088,
    7.857793871445));
#4395 = CARTESIAN_POINT('',(-6.090153858569,2.961550983507,
    7.869982872367));
#4396 = CARTESIAN_POINT('',(-6.219246123515,2.671425953173,7.88057524323
    ));
#4397 = CARTESIAN_POINT('',(-6.335540198186,2.369697919295,
    7.891662417374));
#4398 = CARTESIAN_POINT('',(-6.435360728281,2.063724004963,
    7.902654141019));
#4399 = CARTESIAN_POINT('',(-6.602094686071,1.444034230595,
    7.924549970242));
#4400 = CARTESIAN_POINT('',(-6.669281631931,1.12927991257,7.935541710236
    ));
#4401 = CARTESIAN_POINT('',(-6.720076168258,0.809932080629,
    7.946628882533));
#4402 = CARTESIAN_POINT('',(-6.75404231599,0.494197079235,7.957221307984
    ));
#4403 = CARTESIAN_POINT('',(-6.771606025906,0.15738645971,7.969410185062
    ));
#4404 = CARTESIAN_POINT('',(-6.772030338519,-0.143448879073,
    7.978627205107));
#4405 = CARTESIAN_POINT('',(-6.755003446661,-0.480298541676,
    7.990816205893));
#4406 = CARTESIAN_POINT('',(-6.72173811254,-0.796100323456,8.00140857587
    ));
#4407 = CARTESIAN_POINT('',(-6.671587718872,-1.1155515015,8.012495750958
    ));
#4408 = CARTESIAN_POINT('',(-6.605047876657,-1.43044294801,
    8.023487473442));
#4409 = CARTESIAN_POINT('',(-6.43959883216,-2.05047701133,8.045383303198
    ));
#4410 = CARTESIAN_POINT('',(-6.340407273962,-2.356655720343,
    8.056375043404));
#4411 = CARTESIAN_POINT('',(-6.22472271715,-2.65861632224,8.06746222341)
  );
#4412 = CARTESIAN_POINT('',(-6.096270748623,-2.949033954832,
    8.078054625949));
#4413 = CARTESIAN_POINT('',(-5.943076094846,-3.249502298834,
    8.090243538795));
#4414 = CARTESIAN_POINT('',(-5.793025826433,-3.510245611666,
    8.099460547392));
#4415 = CARTESIAN_POINT('',(-5.609855330331,-3.793452446478,
    8.111649535673));
#4416 = CARTESIAN_POINT('',(-5.423145803644,-4.050312168211,
    8.122241897606));
#4417 = CARTESIAN_POINT('',(-5.219988710826,-4.301889793518,
    8.133329085307));
#4418 = CARTESIAN_POINT('',(-5.004917797411,-4.54132385866,
    8.144320788601));
#4419 = CARTESIAN_POINT('',(-4.551617684556,-4.99556458093,
    8.166216626971));
#4420 = CARTESIAN_POINT('',(-4.312625900807,-5.211127353077,
    8.177208398219));
#4421 = CARTESIAN_POINT('',(-4.061459806343,-5.414790644607,
    8.188295643738));
#4422 = CARTESIAN_POINT('',(-3.805008270334,-5.602073737696,
    8.198887775324));
#4423 = CARTESIAN_POINT('',(-3.522103771443,-5.785689563708,
    8.211077118579));
#4424 = CARTESIAN_POINT('',(-3.261784416282,-5.936474940949,
    8.220294200985));
#4425 = CARTESIAN_POINT('',(-2.961551213653,-6.090153751395,
    8.232482563949));
#4426 = CARTESIAN_POINT('',(-2.67142609761,-6.219246078893,
    8.243075249893));
#4427 = CARTESIAN_POINT('',(-2.369698159177,-6.335540118193,
    8.254162271437));
#4428 = CARTESIAN_POINT('',(-2.063724186508,-6.435360671615,
    8.265153936062));
#4429 = CARTESIAN_POINT('',(-1.753879069803,-6.518727719976,
    8.276101793865));
#4430 = CARTESIAN_POINT('',(-1.444033960595,-6.602094766184,
    8.287049935613));
#4431 = CARTESIAN_POINT('',(-1.129279281112,-6.669281817966,
    8.298041906399));
#4432 = CARTESIAN_POINT('',(-0.809930378468,-6.720076463603,
    8.309130459235));
#4433 = CARTESIAN_POINT('',(-0.494199678595,-6.75404247328,
    8.319718102815));
#4434 = CARTESIAN_POINT('',(-0.157378705984,-6.771606425405,
    8.331914778956));
#4435 = CARTESIAN_POINT('',(0.143441987428,-6.772030237545,8.34113057608
    ));
#4436 = CARTESIAN_POINT('',(0.480296530509,-6.755003097498,
    8.353312346615));
#4437 = CARTESIAN_POINT('',(0.796095425005,-6.721737626549,
    8.363908516663));
#4438 = CARTESIAN_POINT('',(1.115547723324,-6.671587034379,
    8.374993917885));
#4439 = CARTESIAN_POINT('',(1.430442348291,-6.60504691073,8.385985046713
    ));
#4440 = CARTESIAN_POINT('',(1.740465444412,-6.522321867249,
    8.396932476619));
#4441 = CARTESIAN_POINT('',(1.895476948381,-6.4809593565,8.402407845303)
  );
#4442 = CARTESIAN_POINT('',(2.049528576843,-6.43548030714,8.407894119513
    ));
#4443 = CARTESIAN_POINT('',(2.202477341748,-6.385931191167,
    8.413388993159));
#4444 = CARTESIAN_POINT('',(2.354179625029,-6.332361925898,
    8.418890056104));
#4445 = CARTESIAN_POINT('',(2.504491685492,-6.274825660334,
    8.424394824244));
#4446 = CARTESIAN_POINT('',(2.653270165711,-6.213378561495,
    8.429900769503));
#4447 = CARTESIAN_POINT('',(2.800372598913,-6.148079600802,
    8.435405349945));
#4448 = CARTESIAN_POINT('',(2.945657915877,-6.078990340405,
    8.440906039749));
#4449 = CARTESIAN_POINT('',(3.088986951814,-6.006174719557,8.44640035932
    ));
#4450 = CARTESIAN_POINT('',(3.23022295327,-5.929698840959,8.451885905287
    ));
#4451 = CARTESIAN_POINT('',(3.369232085007,-5.849630757118,
    8.457360380578));
#4452 = CARTESIAN_POINT('',(3.508241334708,-5.769562607854,
    8.462829946869));
#4453 = CARTESIAN_POINT('',(3.645260252049,-5.685764328258,8.46831076083
    ));
#4454 = CARTESIAN_POINT('',(3.780163991932,-5.598317498055,
    8.473800560002));
#4455 = CARTESIAN_POINT('',(3.912827912038,-5.507307167712,
    8.479296974548));
#4456 = CARTESIAN_POINT('',(4.043128007068,-5.412821528597,
    8.484797556977));
#4457 = CARTESIAN_POINT('',(4.170941342999,-5.314951583276,
    8.490299811892));
#4458 = CARTESIAN_POINT('',(4.296146491316,-5.213790815604,
    8.495801225702));
#4459 = CARTESIAN_POINT('',(4.418623963275,-5.109434861074,
    8.501299296384));
#4460 = CARTESIAN_POINT('',(4.538256644139,-5.0019811769,8.50679156319)
  );
#4461 = CARTESIAN_POINT('',(4.654930227427,-4.891528712325,8.5122756364)
  );
#4462 = CARTESIAN_POINT('',(4.768533649165,-4.778177578774,
    8.517749227045));
#4463 = CARTESIAN_POINT('',(4.88213682567,-4.664826681805,8.52323521884)
  );
#4464 = CARTESIAN_POINT('',(4.992842101073,-4.548403433053,
    8.528730756698));
#4465 = CARTESIAN_POINT('',(5.100546579058,-4.429020246382,
    8.534233448457));
#4466 = CARTESIAN_POINT('',(5.205148753772,-4.306792753859,
    8.539740811435));
#4467 = CARTESIAN_POINT('',(5.3065488305,-4.181839348983,8.545250302849)
  );
#4468 = CARTESIAN_POINT('',(5.404649046323,-4.054280729903,
    8.550759350239));
#4469 = CARTESIAN_POINT('',(5.499353990799,-3.924239442653,
    8.556265381883));
#4470 = CARTESIAN_POINT('',(5.590570926622,-3.791839424366,
    8.561765857229));
#4471 = CARTESIAN_POINT('',(5.678210110294,-3.657205546504,
    8.567258297304));
#4472 = CARTESIAN_POINT('',(5.762185112798,-3.520463158082,
    8.572740315146));
#4473 = CARTESIAN_POINT('',(5.842413140261,-3.381737628894,8.57820964622
    ));
#4474 = CARTESIAN_POINT('',(6.002869779142,-3.104285596747,
    8.589106988809));
#4475 = CARTESIAN_POINT('',(6.149064631631,-2.817629715556,8.60007185667
    ));
#4476 = CARTESIAN_POINT('',(6.280564780615,-2.522648718788,
    8.611080892292));
#4477 = CARTESIAN_POINT('',(6.396615375221,-2.221350088375,8.62211299683
    ));
#4478 = CARTESIAN_POINT('',(6.497197384999,-1.913419924785,
    8.633232080514));
#4479 = CARTESIAN_POINT('',(6.581912333421,-1.60023235953,8.64432822369)
  );
#4480 = CARTESIAN_POINT('',(6.649963895827,-1.284608640231,
    8.655242557882));
#4481 = CARTESIAN_POINT('',(6.700953673361,-0.967770580217,
    8.666023244599));
#4482 = CARTESIAN_POINT('',(6.734975639549,-0.649256110841,8.67682640796
    ));
#4483 = CARTESIAN_POINT('',(6.75158070118,-0.331056205401,8.68748676351)
  );
#4484 = CARTESIAN_POINT('',(6.750589519125,-1.389245841791E-02,
    8.698037982065));
#4485 = CARTESIAN_POINT('',(7.767271085671,-7.632783294298E-17,
    -1.140067429947));
#4486 = CARTESIAN_POINT('',(7.769263763614,0.368495940267,
    -1.129249079886));
#4487 = CARTESIAN_POINT('',(7.750721153505,0.73718137489,-1.11838869681)
  );
#4488 = CARTESIAN_POINT('',(7.712006763385,1.105090578175,
    -1.107473481438));
#4489 = CARTESIAN_POINT('',(7.653649399794,1.470768880633,
    -1.096566837516));
#4490 = CARTESIAN_POINT('',(7.575853964234,1.833703203416,
    -1.085608973495));
#4491 = CARTESIAN_POINT('',(7.47910873131,2.192758410716,-1.074581455284
    ));
#4492 = CARTESIAN_POINT('',(7.36410155296,2.546176794985,-1.06354516796)
  );
#4493 = CARTESIAN_POINT('',(7.231229793452,2.892709344592,
    -1.052542221279));
#4494 = CARTESIAN_POINT('',(7.080635422711,3.231737493673,
    -1.041548111869));
#4495 = CARTESIAN_POINT('',(6.912917583241,3.561812819603,
    -1.030570934087));
#4496 = CARTESIAN_POINT('',(6.728470096547,3.881889634347,
    -1.019619611852));
#4497 = CARTESIAN_POINT('',(6.543998082989,4.201951796534,
    -1.008652457035));
#4498 = CARTESIAN_POINT('',(6.342444033299,4.512458058432,
    -0.997665848489));
#4499 = CARTESIAN_POINT('',(6.124335869632,4.812650415206,
    -0.986631665936));
#4500 = CARTESIAN_POINT('',(5.89221151958,5.099842122557,-0.975823707366
    ));
#4501 = CARTESIAN_POINT('',(5.640076943609,5.379201762937,
    -0.964342881233));
#4502 = CARTESIAN_POINT('',(5.383842858717,5.637174359507,
    -0.953973216254));
#4503 = CARTESIAN_POINT('',(5.103529967718,5.88828960118,-0.942632957603
    ));
#4504 = CARTESIAN_POINT('',(4.816796817325,6.120949934463,
    -0.931740891177));
#4505 = CARTESIAN_POINT('',(4.516623878807,6.339176440767,
    -0.920732061938));
#4506 = CARTESIAN_POINT('',(4.206204116921,6.541026493048,
    -0.909747498753));
#4507 = CARTESIAN_POINT('',(3.886239795906,6.725946663224,
    -0.898780166442));
#4508 = CARTESIAN_POINT('',(3.566272170394,6.910860903356,
    -0.887809072063));
#4509 = CARTESIAN_POINT('',(3.236365119933,7.078999977802,
    -0.876821002767));
#4510 = CARTESIAN_POINT('',(2.897326283981,7.229981873271,
    -0.865794887282));
#4511 = CARTESIAN_POINT('',(2.552841568038,7.362578455964,
    -0.854964947381));
#4512 = CARTESIAN_POINT('',(2.194468459318,7.47868914769,-0.843510504099
    ));
#4513 = CARTESIAN_POINT('',(1.844324983782,7.573934878116,
    -0.833200206955));
#4514 = CARTESIAN_POINT('',(1.475495284494,7.651163134196,
    -0.821764603019));
#4515 = CARTESIAN_POINT('',(1.111069405583,7.709349336999,
    -0.810923804488));
#4516 = CARTESIAN_POINT('',(0.741957074188,7.748221055827,
    -0.799901540039));
#4517 = CARTESIAN_POINT('',(0.372189850718,7.767803737697,
    -0.788914367721));
#4518 = CARTESIAN_POINT('',(2.62008757043E-03,7.76795548785,
    -0.777943989706));
#4519 = CARTESIAN_POINT('',(-0.36694966498,7.768106542007,
    -0.766973225939));
#4520 = CARTESIAN_POINT('',(-0.73673365658,7.74876433723,-0.755985659604
    ));
#4521 = CARTESIAN_POINT('',(-1.105843859147,7.710003127264,
    -0.744961400442));
#4522 = CARTESIAN_POINT('',(-1.470466125267,7.652588305795,
    -0.734127347271));
#4523 = CARTESIAN_POINT('',(-1.83889630589,7.573971050658,
    -0.722680291513));
#4524 = CARTESIAN_POINT('',(-2.189721243794,7.481400334373,
    -0.71237281127));
#4525 = CARTESIAN_POINT('',(-2.547769105749,7.363841567906,
    -0.700927329476));
#4526 = CARTESIAN_POINT('',(-2.892457419081,7.232033400399,
    -0.690092382271));
#4527 = CARTESIAN_POINT('',(-3.231555317514,7.081136837149,
    -0.679068467172));
#4528 = CARTESIAN_POINT('',(-3.561575015451,6.913211041566,
    -0.668081008313));
#4529 = CARTESIAN_POINT('',(-3.88170804793,6.728556528822,
    -0.657110334503));
#4530 = CARTESIAN_POINT('',(-4.041774551034,6.636229250414,
    -0.651624983383));
#4531 = CARTESIAN_POINT('',(-4.199450687045,6.539654870663,
    -0.646135433323));
#4532 = CARTESIAN_POINT('',(-4.354613939583,6.438923668636,
    -0.640642566153));
#4533 = CARTESIAN_POINT('',(-4.507142081973,6.334127234832,
    -0.635147296525));
#4534 = CARTESIAN_POINT('',(-4.656913354521,6.225358346831,
    -0.629650583449));
#4535 = CARTESIAN_POINT('',(-4.803806555146,6.112710760899,
    -0.62415337498));
#4536 = CARTESIAN_POINT('',(-4.947701276752,5.996279145895,
    -0.618656666128));
#4537 = CARTESIAN_POINT('',(-5.088477934063,5.876158813039,
    -0.613161394303));
#4538 = CARTESIAN_POINT('',(-5.226018049553,5.752445696878,
    -0.607668534713));
#4539 = CARTESIAN_POINT('',(-5.360204264039,5.625236069322,
    -0.602178983265));
#4540 = CARTESIAN_POINT('',(-5.752353273684,5.233407359107,
    -0.585722938374));
#4541 = CARTESIAN_POINT('',(-6.000153329782,4.958253401969,
    -0.574735454337));
#4542 = CARTESIAN_POINT('',(-6.233745576246,4.669845082141,
    -0.563711396851));
#4543 = CARTESIAN_POINT('',(-6.450973326564,4.371419490222,
    -0.552876915476));
#4544 = CARTESIAN_POINT('',(-6.655902878032,4.055310790385,
    -0.541430712914));
#4545 = CARTESIAN_POINT('',(-6.83851616242,3.741783001494,-0.53112326964
    ));
#4546 = CARTESIAN_POINT('',(-7.008566577852,3.405477229141,
    -0.519676995255));
#4547 = CARTESIAN_POINT('',(-7.159096258402,3.068543980556,
    -0.508842548602));
#4548 = CARTESIAN_POINT('',(-7.292174532444,2.722065311498,
    -0.497818486012));
#4549 = CARTESIAN_POINT('',(-7.406792227205,2.369964583969,
    -0.486831003426));
#4550 = CARTESIAN_POINT('',(-7.598387748974,1.656087099256,
    -0.464889611239));
#4551 = CARTESIAN_POINT('',(-7.675411903251,1.293896751108,
    -0.453902121857));
#4552 = CARTESIAN_POINT('',(-7.733504568453,0.927331690226,
    -0.442878066305));
#4553 = CARTESIAN_POINT('',(-7.772416525247,0.560273677645,
    -0.432043585338));
#4554 = CARTESIAN_POINT('',(-7.791836365217,0.184050693326,
    -0.42059737445));
#4555 = CARTESIAN_POINT('',(-7.79322021382,-0.178778931584,
    -0.410289929789));
#4556 = CARTESIAN_POINT('',(-7.772335325377,-0.555053506851,
    -0.398843667005));
#4557 = CARTESIAN_POINT('',(-7.734231216531,-0.922111090279,
    -0.388009212768));
#4558 = CARTESIAN_POINT('',(-7.676241051292,-1.288709555589,
    -0.376985152608));
#4559 = CARTESIAN_POINT('',(-7.599452522534,-1.650946576927,
    -0.36599767026));
#4560 = CARTESIAN_POINT('',(-7.408440368241,-2.36498037476,
    -0.344056278243));
#4561 = CARTESIAN_POINT('',(-7.294050067433,-2.71715849455,
    -0.333068788448));
#4562 = CARTESIAN_POINT('',(-7.161077261265,-3.063659482755,
    -0.322044733209));
#4563 = CARTESIAN_POINT('',(-7.01124699817,-3.400997023964,
    -0.311210251965));
#4564 = CARTESIAN_POINT('',(-6.83995357941,-3.736525609216,
    -0.299764040958));
#4565 = CARTESIAN_POINT('',(-6.659737217705,-4.051437201667,
    -0.289456596251));
#4566 = CARTESIAN_POINT('',(-6.453513084968,-4.366858101195,
    -0.278010333866));
#4567 = CARTESIAN_POINT('',(-6.236985167303,-4.665687237481,
    -0.267175879332));
#4568 = CARTESIAN_POINT('',(-6.003464978441,-4.954175738898,
    -0.256151819295));
#4569 = CARTESIAN_POINT('',(-5.755845651055,-5.22948793712,
    -0.245164336931));
#4570 = CARTESIAN_POINT('',(-5.233407373936,-5.75235326805,
    -0.223222944915));
#4571 = CARTESIAN_POINT('',(-4.958253407533,-6.000153316047,
    -0.212235455108));
#4572 = CARTESIAN_POINT('',(-4.669845085265,-6.23374557123,
    -0.201211399882));
#4573 = CARTESIAN_POINT('',(-4.371419500616,-6.450973319975,
    -0.190376918617));
#4574 = CARTESIAN_POINT('',(-4.055310755677,-6.655902889294,
    -0.178930707627));
#4575 = CARTESIAN_POINT('',(-3.741783012406,-6.8385161473,
    -0.168623262927));
#4576 = CARTESIAN_POINT('',(-3.405477224574,-7.008566592877,
    -0.157177000531));
#4577 = CARTESIAN_POINT('',(-3.068543979205,-7.159096257433,
    -0.146342545998));
#4578 = CARTESIAN_POINT('',(-2.722065312632,-7.292174533928,
    -0.135318485965));
#4579 = CARTESIAN_POINT('',(-2.369964585528,-7.406792227857,
    -0.124331003597));
#4580 = CARTESIAN_POINT('',(-1.834556471499,-7.550488868441,
    -0.107874959584));
#4581 = CARTESIAN_POINT('',(-1.654774198612,-7.593694346895,
    -0.102385413132));
#4582 = CARTESIAN_POINT('',(-1.473829492034,-7.632183625397,
    -9.6892548046E-02));
#4583 = CARTESIAN_POINT('',(-1.291873541893,-7.665935050911,
    -9.139728419345E-02));
#4584 = CARTESIAN_POINT('',(-1.109058047929,-7.694928111371,
    -8.59005699467E-02));
#4585 = CARTESIAN_POINT('',(-0.925535006867,-7.719143431677,
    -8.040337081649E-02));
#4586 = CARTESIAN_POINT('',(-0.741456499736,-7.738562769357,
    -7.490665780845E-02));
#4587 = CARTESIAN_POINT('',(-0.556974479249,-7.753169010656,
    -6.941139612645E-02));
#4588 = CARTESIAN_POINT('',(-0.372240557123,-7.762946166189,
    -6.391853351927E-02));
#4589 = CARTESIAN_POINT('',(-0.187405791451,-7.767879366957,
    -5.842898892646E-02));
#4590 = CARTESIAN_POINT('',(0.366950160797,-7.768105846433,
    -4.197294491283E-02));
#4591 = CARTESIAN_POINT('',(0.736734490632,-7.748763705239,
    -3.098545510843E-02));
#4592 = CARTESIAN_POINT('',(1.105844638733,-7.71000289248,
    -1.99613998788E-02));
#4593 = CARTESIAN_POINT('',(1.470466607513,-7.652587352106,
    -9.126918620767E-03));
#4594 = CARTESIAN_POINT('',(1.838896332791,-7.573971803086,
    2.31929237936E-03));
#4595 = CARTESIAN_POINT('',(2.189720999203,-7.48140128283,
    1.262673706305E-02));
#4596 = CARTESIAN_POINT('',(2.547768925549,-7.363841002882,
    2.407299947632E-02));
#4597 = CARTESIAN_POINT('',(2.892457254733,-7.232033766871,
    3.490745399789E-02));
#4598 = CARTESIAN_POINT('',(3.231555221141,-7.081136903931,
    4.59315140356E-02));
#4599 = CARTESIAN_POINT('',(3.561574981558,-6.913211040758,
    5.691899640254E-02));
#4600 = CARTESIAN_POINT('',(4.041774558681,-6.636229201614,
    7.337504041585E-02));
#4601 = CARTESIAN_POINT('',(4.199450709776,-6.539654824118,
    7.886458686937E-02));
#4602 = CARTESIAN_POINT('',(4.35461396865,-6.43892362491,
    8.435745195169E-02));
#4603 = CARTESIAN_POINT('',(4.507142116723,-6.33412720054,
    8.985271581124E-02));
#4604 = CARTESIAN_POINT('',(4.656913381878,-6.225358314717,
    9.53494300471E-02));
#4605 = CARTESIAN_POINT('',(4.803806585905,-6.112710745067,0.10084662919
    ));
#4606 = CARTESIAN_POINT('',(4.947701291935,-5.996279129771,
    0.106343342187));
#4607 = CARTESIAN_POINT('',(5.088477951894,-5.876158814343,
    0.111838603876));
#4608 = CARTESIAN_POINT('',(5.226018053925,-5.752445698274,0.11733146648
    ));
#4609 = CARTESIAN_POINT('',(5.360204269846,-5.625236081783,
    0.122821011074));
#4610 = CARTESIAN_POINT('',(5.621636935312,-5.364016943215,
    0.133791707083));
#4611 = CARTESIAN_POINT('',(5.748945113679,-5.229923666971,
    0.139281253536));
#4612 = CARTESIAN_POINT('',(5.872750159926,-5.09246559365,0.144774118619
    ));
#4613 = CARTESIAN_POINT('',(5.9929577269,-4.951762831204,0.150269382477)
  );
#4614 = CARTESIAN_POINT('',(6.109474200784,-4.807936499473,
    0.155766096715));
#4615 = CARTESIAN_POINT('',(6.222206803848,-4.661108543866,
    0.161263295855));
#4616 = CARTESIAN_POINT('',(6.33106369718,-4.511401549259,0.166760008854
    ));
#4617 = CARTESIAN_POINT('',(6.435954083435,-4.358938553612,
    0.172255270542));
#4618 = CARTESIAN_POINT('',(6.53678830957,-4.203842861884,0.177748133147
    ));
#4619 = CARTESIAN_POINT('',(6.633477969592,-4.046237859691,0.18323767774
    ));
#4620 = CARTESIAN_POINT('',(6.818394044995,-3.726255794593,
    0.194208373749));
#4621 = CARTESIAN_POINT('',(6.906658408665,-3.563781854779,
    0.199697920203));
#4622 = CARTESIAN_POINT('',(6.990668132982,-3.398964447876,
    0.205190785284));
#4623 = CARTESIAN_POINT('',(7.070363171817,-3.231944008104,
    0.210686049146));
#4624 = CARTESIAN_POINT('',(7.145684449291,-3.06286175727,0.216182763378
    ));
#4625 = CARTESIAN_POINT('',(7.216573910792,-2.891859498258,
    0.221679962526));
#4626 = CARTESIAN_POINT('',(7.28297457404,-2.719079408599,0.227176675518
    ));
#4627 = CARTESIAN_POINT('',(7.344830580107,-2.544663833945,
    0.232671937211));
#4628 = CARTESIAN_POINT('',(7.402087244472,-2.368755081634,
    0.238164799812));
#4629 = CARTESIAN_POINT('',(7.454691108052,-2.191495214186,
    0.243654344407));
#4630 = CARTESIAN_POINT('',(7.598387748635,-1.656087100155,0.26011038842
    ));
#4631 = CARTESIAN_POINT('',(7.675411902061,-1.293896751296,
    0.271097878226));
#4632 = CARTESIAN_POINT('',(7.73350456804,-0.927331689955,0.282121933452
    ));
#4633 = CARTESIAN_POINT('',(7.772416524541,-0.560273678142,
    0.292956414717));
#4634 = CARTESIAN_POINT('',(7.791836365087,-0.184050689998,
    0.304402625706));
#4635 = CARTESIAN_POINT('',(7.793220213967,0.178778929448,0.314710070403
    ));
#4636 = CARTESIAN_POINT('',(7.772335325828,0.555053507951,0.326156332805
    ));
#4637 = CARTESIAN_POINT('',(7.734231216682,0.922111090093,0.336990787334
    ));
#4638 = CARTESIAN_POINT('',(7.676241051528,1.288709555463,0.348014847368
    ));
#4639 = CARTESIAN_POINT('',(7.599452522642,1.650946576791,0.359002329736
    ));
#4640 = CARTESIAN_POINT('',(7.4084403682,2.364980374703,0.380943721754)
  );
#4641 = CARTESIAN_POINT('',(7.294050067342,2.717158494535,0.391931211559
    ));
#4642 = CARTESIAN_POINT('',(7.161077261183,3.063659482783,0.402955266787
    ));
#4643 = CARTESIAN_POINT('',(7.011246998118,3.40099702393,0.413789748048)
  );
#4644 = CARTESIAN_POINT('',(6.839953579294,3.736525609418,0.425235959044
    ));
#4645 = CARTESIAN_POINT('',(6.65973721786,4.05143720155,0.435543403732)
  );
#4646 = CARTESIAN_POINT('',(6.45351308492,4.366858101257,0.446989666141)
  );
#4647 = CARTESIAN_POINT('',(6.236985167344,4.665687237475,0.457824120665
    ));
#4648 = CARTESIAN_POINT('',(6.003464978464,4.954175738894,0.468848180702
    ));
#4649 = CARTESIAN_POINT('',(5.755845651067,5.229487937113,0.479835663069
    ));
#4650 = CARTESIAN_POINT('',(5.233407373931,5.752353268045,0.501777055087
    ));
#4651 = CARTESIAN_POINT('',(4.958253407527,6.000153316046,0.512764544892
    ));
#4652 = CARTESIAN_POINT('',(4.669845085254,6.233745571229,0.523788600121
    ));
#4653 = CARTESIAN_POINT('',(4.371419500616,6.450973319973,0.534623081379
    ));
#4654 = CARTESIAN_POINT('',(4.055310755661,6.6559028893,0.546069292379)
  );
#4655 = CARTESIAN_POINT('',(3.741783012425,6.838516147303,0.556376737063
    ));
#4656 = CARTESIAN_POINT('',(3.405477224564,7.008566592875,0.567822999476
    ));
#4657 = CARTESIAN_POINT('',(3.068543979211,7.159096257435,0.578657453998
    ));
#4658 = CARTESIAN_POINT('',(2.722065312632,7.292174533928,0.589681514036
    ));
#4659 = CARTESIAN_POINT('',(2.369964585529,7.406792227857,0.600668996403
    ));
#4660 = CARTESIAN_POINT('',(1.656087100155,7.598387748635,0.62261038842)
  );
#4661 = CARTESIAN_POINT('',(1.293896751296,7.675411902061,0.633597878225
    ));
#4662 = CARTESIAN_POINT('',(0.927331689954,7.73350456804,0.644621933453)
  );
#4663 = CARTESIAN_POINT('',(0.560273678143,7.772416524541,0.655456414715
    ));
#4664 = CARTESIAN_POINT('',(0.184050689996,7.791836365085,0.666902625709
    ));
#4665 = CARTESIAN_POINT('',(-0.178778929446,7.793220213969,0.6772100704)
  );
#4666 = CARTESIAN_POINT('',(-0.555053507952,7.772335325825,
    0.688656332807));
#4667 = CARTESIAN_POINT('',(-0.922111090093,7.734231216683,
    0.699490787333));
#4668 = CARTESIAN_POINT('',(-1.288709555463,7.676241051528,
    0.710514847368));
#4669 = CARTESIAN_POINT('',(-1.650946576791,7.599452522642,
    0.721502329736));
#4670 = CARTESIAN_POINT('',(-2.364980374704,7.4084403682,0.743443721753)
  );
#4671 = CARTESIAN_POINT('',(-2.717158494534,7.294050067342,0.75443121156
    ));
#4672 = CARTESIAN_POINT('',(-3.063659482787,7.161077261183,
    0.765455266784));
#4673 = CARTESIAN_POINT('',(-3.400997023922,7.011246998117,
    0.776289748053));
#4674 = CARTESIAN_POINT('',(-3.736525609428,6.839953579295,
    0.787735959037));
#4675 = CARTESIAN_POINT('',(-4.051437201539,6.659737217859,
    0.798043403739));
#4676 = CARTESIAN_POINT('',(-4.366858101265,6.453513084921,
    0.809489666136));
#4677 = CARTESIAN_POINT('',(-4.66568723747,6.236985167343,0.820324120669
    ));
#4678 = CARTESIAN_POINT('',(-4.954175738896,6.003464978465,
    0.831348180701));
#4679 = CARTESIAN_POINT('',(-5.229487937112,5.755845651066,0.84233566307
    ));
#4680 = CARTESIAN_POINT('',(-5.621636935312,5.364016943215,
    0.858791707082));
#4681 = CARTESIAN_POINT('',(-5.748945113677,5.229923666971,
    0.864281253537));
#4682 = CARTESIAN_POINT('',(-5.87275015993,5.09246559365,0.869774118617)
  );
#4683 = CARTESIAN_POINT('',(-5.992957726893,4.951762831204,0.87526938248
    ));
#4684 = CARTESIAN_POINT('',(-6.109474200792,4.807936499472,
    0.880766096711));
#4685 = CARTESIAN_POINT('',(-6.222206803841,4.661108543868,
    0.886263295859));
#4686 = CARTESIAN_POINT('',(-6.331063697185,4.511401549257,
    0.891760008852));
#4687 = CARTESIAN_POINT('',(-6.435954083432,4.358938553614,
    0.897255270544));
#4688 = CARTESIAN_POINT('',(-6.536788309571,4.203842861883,
    0.902748133146));
#4689 = CARTESIAN_POINT('',(-6.633477969592,4.046237859691,0.90823767774
    ));
#4690 = CARTESIAN_POINT('',(-6.910852082696,3.566264762044,
    0.924693721754));
#4691 = CARTESIAN_POINT('',(-7.078993461975,3.236351067888,
    0.935681211559));
#4692 = CARTESIAN_POINT('',(-7.229980687506,2.897311896458,
    0.946705266787));
#4693 = CARTESIAN_POINT('',(-7.362568355358,2.552832238531,
    0.957539748047));
#4694 = CARTESIAN_POINT('',(-7.478700155417,2.194454962419,
    0.968985959045));
#4695 = CARTESIAN_POINT('',(-7.573944066437,1.844346628906,
    0.979293403731));
#4696 = CARTESIAN_POINT('',(-7.651157840701,1.475487888943,
    0.990739666142));
#4697 = CARTESIAN_POINT('',(-7.709353590503,1.111075421476,
    1.001574120665));
#4698 = CARTESIAN_POINT('',(-7.74822205705,0.741959536726,1.012598180702
    ));
#4699 = CARTESIAN_POINT('',(-7.767803873798,0.372191108866,
    1.023585663069));
#4700 = CARTESIAN_POINT('',(-7.768105846434,-0.366950160796,
    1.045527055087));
#4701 = CARTESIAN_POINT('',(-7.748763705237,-0.736734490632,
    1.056514544893));
#4702 = CARTESIAN_POINT('',(-7.710002892485,-1.105844638733,
    1.067538600118));
#4703 = CARTESIAN_POINT('',(-7.652587352097,-1.470466607511,
    1.078373081384));
#4704 = CARTESIAN_POINT('',(-7.573971803099,-1.838896332795,
    1.089819292373));
#4705 = CARTESIAN_POINT('',(-7.481401282816,-2.189720999199,
    1.100126737069));
#4706 = CARTESIAN_POINT('',(-7.363841002893,-2.547768925552,
    1.111572999471));
#4707 = CARTESIAN_POINT('',(-7.232033766864,-2.892457254731,
    1.122407454001));
#4708 = CARTESIAN_POINT('',(-7.081136903933,-3.231555221141,
    1.133431514035));
#4709 = CARTESIAN_POINT('',(-6.913211040757,-3.561574981558,
    1.144418996403));
#4710 = CARTESIAN_POINT('',(-6.636229201614,-4.041774558682,
    1.160875040416));
#4711 = CARTESIAN_POINT('',(-6.539654824118,-4.199450709776,
    1.16636458687));
#4712 = CARTESIAN_POINT('',(-6.438923624911,-4.35461396865,
    1.171857451951));
#4713 = CARTESIAN_POINT('',(-6.334127200538,-4.507142116724,
    1.177352715812));
#4714 = CARTESIAN_POINT('',(-6.225358314718,-4.656913381878,
    1.182849430046));
#4715 = CARTESIAN_POINT('',(-6.112710745065,-4.803806585905,
    1.188346629191));
#4716 = CARTESIAN_POINT('',(-5.996279129772,-4.947701291935,
    1.193843342186));
#4717 = CARTESIAN_POINT('',(-5.876158814342,-5.088477951893,
    1.199338603877));
#4718 = CARTESIAN_POINT('',(-5.752445698274,-5.226018053925,
    1.204831466479));
#4719 = CARTESIAN_POINT('',(-5.625236081783,-5.360204269846,
    1.210321011074));
#4720 = CARTESIAN_POINT('',(-5.364016943215,-5.621636935312,
    1.221291707083));
#4721 = CARTESIAN_POINT('',(-5.229923666972,-5.748945113679,
    1.226781253536));
#4722 = CARTESIAN_POINT('',(-5.092465593647,-5.872750159925,
    1.232274118619));
#4723 = CARTESIAN_POINT('',(-4.951762831209,-5.992957726902,
    1.237769382476));
#4724 = CARTESIAN_POINT('',(-4.807936499466,-6.109474200782,
    1.243266096716));
#4725 = CARTESIAN_POINT('',(-4.661108543874,-6.22220680385,
    1.248763295855));
#4726 = CARTESIAN_POINT('',(-4.511401549253,-6.331063697179,
    1.254260008854));
#4727 = CARTESIAN_POINT('',(-4.358938553616,-6.435954083435,
    1.259755270543));
#4728 = CARTESIAN_POINT('',(-4.203842861883,-6.53678830957,
    1.265248133146));
#4729 = CARTESIAN_POINT('',(-4.046237859691,-6.633477969592,
    1.27073767774));
#4730 = CARTESIAN_POINT('',(-3.726255794593,-6.818394044995,
    1.281708373749));
#4731 = CARTESIAN_POINT('',(-3.563781854779,-6.906658408665,
    1.287197920203));
#4732 = CARTESIAN_POINT('',(-3.398964447876,-6.990668132982,
    1.292690785284));
#4733 = CARTESIAN_POINT('',(-3.231944008104,-7.070363171816,
    1.298186049146));
#4734 = CARTESIAN_POINT('',(-3.06286175727,-7.145684449292,
    1.303682763378));
#4735 = CARTESIAN_POINT('',(-2.891859498258,-7.216573910791,
    1.309179962526));
#4736 = CARTESIAN_POINT('',(-2.719079408599,-7.282974574041,
    1.314676675518));
#4737 = CARTESIAN_POINT('',(-2.544663833945,-7.344830580107,
    1.320171937211));
#4738 = CARTESIAN_POINT('',(-2.368755081634,-7.402087244472,
    1.325664799813));
#4739 = CARTESIAN_POINT('',(-2.191495214186,-7.454691108052,
    1.331154344407));
#4740 = CARTESIAN_POINT('',(-1.656087100155,-7.598387748635,
    1.34761038842));
#4741 = CARTESIAN_POINT('',(-1.293896751296,-7.67541190206,
    1.358597878226));
#4742 = CARTESIAN_POINT('',(-0.927331689955,-7.733504568041,
    1.369621933452));
#4743 = CARTESIAN_POINT('',(-0.560273678143,-7.772416524539,
    1.380456414717));
#4744 = CARTESIAN_POINT('',(-0.184050689997,-7.791836365089,
    1.391902625707));
#4745 = CARTESIAN_POINT('',(0.178778929447,-7.793220213965,
    1.402210070403));
#4746 = CARTESIAN_POINT('',(0.555053507951,-7.772335325829,
    1.413656332805));
#4747 = CARTESIAN_POINT('',(0.922111090093,-7.734231216681,
    1.424490787334));
#4748 = CARTESIAN_POINT('',(1.288709555463,-7.676241051528,
    1.435514847368));
#4749 = CARTESIAN_POINT('',(1.650946576791,-7.599452522642,
    1.446502329736));
#4750 = CARTESIAN_POINT('',(2.364980374704,-7.4084403682,1.468443721753)
  );
#4751 = CARTESIAN_POINT('',(2.717158494534,-7.294050067341,1.47943121156
    ));
#4752 = CARTESIAN_POINT('',(3.063659482786,-7.161077261185,
    1.490455266784));
#4753 = CARTESIAN_POINT('',(3.400997023924,-7.011246998115,
    1.501289748052));
#4754 = CARTESIAN_POINT('',(3.736525609426,-6.839953579298,
    1.512735959038));
#4755 = CARTESIAN_POINT('',(4.051437201542,-6.659737217856,
    1.523043403737));
#4756 = CARTESIAN_POINT('',(4.366858101263,-6.453513084924,
    1.534489666137));
#4757 = CARTESIAN_POINT('',(4.665687237471,-6.236985167342,
    1.545324120668));
#4758 = CARTESIAN_POINT('',(4.954175738896,-6.003464978465,
    1.556348180701));
#4759 = CARTESIAN_POINT('',(5.229487937113,-5.755845651066,
    1.567335663069));
#4760 = CARTESIAN_POINT('',(5.752353268045,-5.233407373932,
    1.589277055087));
#4761 = CARTESIAN_POINT('',(6.000153316047,-4.958253407527,
    1.600264544892));
#4762 = CARTESIAN_POINT('',(6.233745571227,-4.669845085255,1.61128860012
    ));
#4763 = CARTESIAN_POINT('',(6.450973319977,-4.371419500614,
    1.622123081382));
#4764 = CARTESIAN_POINT('',(6.655902889295,-4.055310755665,
    1.633569292376));
#4765 = CARTESIAN_POINT('',(6.838516147308,-3.741783012422,
    1.643876737066));
#4766 = CARTESIAN_POINT('',(7.008566592871,-3.405477224567,
    1.655322999474));
#4767 = CARTESIAN_POINT('',(7.159096257437,-3.06854397921,1.666157453999
    ));
#4768 = CARTESIAN_POINT('',(7.292174533927,-2.722065312633,
    1.677181514035));
#4769 = CARTESIAN_POINT('',(7.406792227857,-2.369964585529,
    1.688168996403));
#4770 = CARTESIAN_POINT('',(7.598387748635,-1.656087100155,1.71011038842
    ));
#4771 = CARTESIAN_POINT('',(7.67541190206,-1.293896751296,1.721097878226
    ));
#4772 = CARTESIAN_POINT('',(7.733504568041,-0.927331689954,
    1.732121933452));
#4773 = CARTESIAN_POINT('',(7.772416524539,-0.560273678143,
    1.742956414717));
#4774 = CARTESIAN_POINT('',(7.791836365089,-0.184050689997,
    1.754402625706));
#4775 = CARTESIAN_POINT('',(7.793220213965,0.178778929446,1.764710070403
    ));
#4776 = CARTESIAN_POINT('',(7.772335325829,0.555053507952,1.776156332804
    ));
#4777 = CARTESIAN_POINT('',(7.734231216681,0.922111090093,1.786990787334
    ));
#4778 = CARTESIAN_POINT('',(7.676241051528,1.288709555463,1.798014847368
    ));
#4779 = CARTESIAN_POINT('',(7.599452522642,1.650946576791,1.809002329736
    ));
#4780 = CARTESIAN_POINT('',(7.4084403682,2.364980374703,1.830943721753)
  );
#4781 = CARTESIAN_POINT('',(7.294050067342,2.717158494534,1.841931211559
    ));
#4782 = CARTESIAN_POINT('',(7.161077261182,3.063659482785,1.852955266786
    ));
#4783 = CARTESIAN_POINT('',(7.011246998119,3.400997023927,1.863789748049
    ));
#4784 = CARTESIAN_POINT('',(6.839953579293,3.736525609422,1.875235959043
    ));
#4785 = CARTESIAN_POINT('',(6.659737217861,4.051437201546,1.885543403733
    ));
#4786 = CARTESIAN_POINT('',(6.453513084919,4.366858101259,1.896989666141
    ));
#4787 = CARTESIAN_POINT('',(6.236985167344,4.665687237473,1.907824120666
    ));
#4788 = CARTESIAN_POINT('',(6.003464978464,4.954175738895,1.918848180702
    ));
#4789 = CARTESIAN_POINT('',(5.755845651067,5.229487937113,1.929835663069
    ));
#4790 = CARTESIAN_POINT('',(5.233407373931,5.752353268045,1.951777055087
    ));
#4791 = CARTESIAN_POINT('',(4.958253407526,6.000153316046,1.962764544892
    ));
#4792 = CARTESIAN_POINT('',(4.669845085256,6.233745571229,1.973788600119
    ));
#4793 = CARTESIAN_POINT('',(4.371419500611,6.450973319974,1.984623081382
    ));
#4794 = CARTESIAN_POINT('',(4.055310755668,6.655902889299,1.996069292376
    ));
#4795 = CARTESIAN_POINT('',(3.741783012418,6.838516147304,2.006376737067
    ));
#4796 = CARTESIAN_POINT('',(3.40547722457,7.008566592874,2.017822999473)
  );
#4797 = CARTESIAN_POINT('',(3.068543979208,7.159096257435,2.028657454));
#4798 = CARTESIAN_POINT('',(2.722065312634,7.292174533928,2.039681514035
    ));
#4799 = CARTESIAN_POINT('',(2.369964585529,7.406792227857,2.050668996403
    ));
#4800 = CARTESIAN_POINT('',(1.834556471499,7.550488868441,2.067125040416
    ));
#4801 = CARTESIAN_POINT('',(1.654774198612,7.593694346894,2.072614586869
    ));
#4802 = CARTESIAN_POINT('',(1.473829492035,7.632183625401,2.078107451952
    ));
#4803 = CARTESIAN_POINT('',(1.291873541891,7.665935050902,2.083602715811
    ));
#4804 = CARTESIAN_POINT('',(1.10905804793,7.694928111382,2.089099430048)
  );
#4805 = CARTESIAN_POINT('',(0.925535006865,7.719143431665,2.09459662919)
  );
#4806 = CARTESIAN_POINT('',(0.741456499737,7.738562769366,2.100093342187
    ));
#4807 = CARTESIAN_POINT('',(0.556974479248,7.753169010651,2.105588603876
    ));
#4808 = CARTESIAN_POINT('',(0.372240557123,7.762946166191,2.11108146648)
  );
#4809 = CARTESIAN_POINT('',(0.187405791451,7.767879366957,2.116571011074
    ));
#4810 = CARTESIAN_POINT('',(-0.366950160796,7.768105846434,
    2.133027055087));
#4811 = CARTESIAN_POINT('',(-0.736734490632,7.748763705239,
    2.144014544892));
#4812 = CARTESIAN_POINT('',(-1.105844638733,7.71000289248,2.15503860012)
  );
#4813 = CARTESIAN_POINT('',(-1.470466607513,7.652587352106,
    2.165873081382));
#4814 = CARTESIAN_POINT('',(-1.838896332792,7.573971803086,
    2.177319292376));
#4815 = CARTESIAN_POINT('',(-2.189720999202,7.48140128283,2.187626737066
    ));
#4816 = CARTESIAN_POINT('',(-2.54776892555,7.363841002882,2.199072999474
    ));
#4817 = CARTESIAN_POINT('',(-2.892457254732,7.232033766871,
    2.209907453999));
#4818 = CARTESIAN_POINT('',(-3.231555221141,7.081136903931,
    2.220931514035));
#4819 = CARTESIAN_POINT('',(-3.561574981558,6.913211040758,
    2.231918996403));
#4820 = CARTESIAN_POINT('',(-4.041774558681,6.636229201614,
    2.248375040416));
#4821 = CARTESIAN_POINT('',(-4.199450709776,6.539654824119,
    2.253864586869));
#4822 = CARTESIAN_POINT('',(-4.35461396865,6.438923624909,2.259357451952
    ));
#4823 = CARTESIAN_POINT('',(-4.507142116724,6.334127200541,2.26485271581
    ));
#4824 = CARTESIAN_POINT('',(-4.656913381877,6.225358314715,
    2.270349430049));
#4825 = CARTESIAN_POINT('',(-4.803806585906,6.112710745069,
    2.275846629188));
#4826 = CARTESIAN_POINT('',(-4.947701291934,5.99627912977,2.281343342188
    ));
#4827 = CARTESIAN_POINT('',(-5.088477951894,5.876158814344,
    2.286838603876));
#4828 = CARTESIAN_POINT('',(-5.226018053924,5.752445698273,2.29233146648
    ));
#4829 = CARTESIAN_POINT('',(-5.360204269846,5.625236081783,
    2.297821011074));
#4830 = CARTESIAN_POINT('',(-5.621636935312,5.364016943215,
    2.308791707082));
#4831 = CARTESIAN_POINT('',(-5.748945113679,5.229923666972,
    2.314281253536));
#4832 = CARTESIAN_POINT('',(-5.872750159927,5.092465593649,
    2.319774118617));
#4833 = CARTESIAN_POINT('',(-5.992957726898,4.951762831205,2.32526938248
    ));
#4834 = CARTESIAN_POINT('',(-6.109474200787,4.807936499471,
    2.330766096711));
#4835 = CARTESIAN_POINT('',(-6.222206803845,4.661108543868,2.33626329586
    ));
#4836 = CARTESIAN_POINT('',(-6.331063697183,4.511401549257,
    2.341760008851));
#4837 = CARTESIAN_POINT('',(-6.435954083433,4.358938553613,
    2.347255270544));
#4838 = CARTESIAN_POINT('',(-6.536788309571,4.203842861884,
    2.352748133146));
#4839 = CARTESIAN_POINT('',(-6.633477969592,4.046237859691,2.35823767774
    ));
#4840 = CARTESIAN_POINT('',(-6.818394044995,3.726255794593,
    2.369208373749));
#4841 = CARTESIAN_POINT('',(-6.906658408666,3.56378185478,2.374697920203
    ));
#4842 = CARTESIAN_POINT('',(-6.99066813298,3.398964447876,2.380190785285
    ));
#4843 = CARTESIAN_POINT('',(-7.070363171821,3.231944008105,
    2.385686049145));
#4844 = CARTESIAN_POINT('',(-7.145684449287,3.062861757269,2.39118276338
    ));
#4845 = CARTESIAN_POINT('',(-7.216573910796,2.891859498259,
    2.396679962524));
#4846 = CARTESIAN_POINT('',(-7.282974574038,2.719079408598,
    2.402176675519));
#4847 = CARTESIAN_POINT('',(-7.344830580108,2.544663833945,2.40767193721
    ));
#4848 = CARTESIAN_POINT('',(-7.402087244472,2.368755081633,
    2.413164799813));
#4849 = CARTESIAN_POINT('',(-7.454691108052,2.191495214186,
    2.418654344407));
#4850 = CARTESIAN_POINT('',(-7.598387748635,1.656087100155,2.43511038842
    ));
#4851 = CARTESIAN_POINT('',(-7.675411902061,1.293896751296,
    2.446097878226));
#4852 = CARTESIAN_POINT('',(-7.73350456804,0.927331689955,2.457121933453
    ));
#4853 = CARTESIAN_POINT('',(-7.772416524541,0.560273678143,
    2.467956414716));
#4854 = CARTESIAN_POINT('',(-7.791836365086,0.184050689997,
    2.479402625709));
#4855 = CARTESIAN_POINT('',(-7.793220213968,-0.178778929447,
    2.489710070401));
#4856 = CARTESIAN_POINT('',(-7.772335325827,-0.555053507952,
    2.501156332807));
#4857 = CARTESIAN_POINT('',(-7.734231216682,-0.922111090093,
    2.511990787333));
#4858 = CARTESIAN_POINT('',(-7.676241051528,-1.288709555463,
    2.523014847368));
#4859 = CARTESIAN_POINT('',(-7.599452522642,-1.650946576791,
    2.534002329736));
#4860 = CARTESIAN_POINT('',(-7.4084403682,-2.364980374703,2.555943721754
    ));
#4861 = CARTESIAN_POINT('',(-7.294050067342,-2.717158494535,
    2.566931211559));
#4862 = CARTESIAN_POINT('',(-7.161077261184,-3.063659482784,
    2.577955266786));
#4863 = CARTESIAN_POINT('',(-7.011246998117,-3.400997023928,
    2.588789748049));
#4864 = CARTESIAN_POINT('',(-6.839953579296,-3.736525609421,
    2.600235959042));
#4865 = CARTESIAN_POINT('',(-6.659737217858,-4.051437201546,
    2.610543403734));
#4866 = CARTESIAN_POINT('',(-6.453513084922,-4.36685810126,2.62198966614
    ));
#4867 = CARTESIAN_POINT('',(-6.236985167343,-4.665687237473,
    2.632824120666));
#4868 = CARTESIAN_POINT('',(-6.003464978465,-4.954175738895,
    2.643848180702));
#4869 = CARTESIAN_POINT('',(-5.755845651066,-5.229487937113,
    2.654835663069));
#4870 = CARTESIAN_POINT('',(-5.233407373931,-5.752353268045,
    2.676777055087));
#4871 = CARTESIAN_POINT('',(-4.958253407527,-6.000153316046,
    2.687764544892));
#4872 = CARTESIAN_POINT('',(-4.669845085254,-6.233745571228,
    2.69878860012));
#4873 = CARTESIAN_POINT('',(-4.371419500615,-6.450973319976,
    2.709623081381));
#4874 = CARTESIAN_POINT('',(-4.055310755663,-6.655902889296,
    2.721069292377));
#4875 = CARTESIAN_POINT('',(-3.741783012424,-6.838516147308,
    2.731376737066));
#4876 = CARTESIAN_POINT('',(-3.405477224566,-7.008566592871,
    2.742822999474));
#4877 = CARTESIAN_POINT('',(-3.06854397921,-7.159096257437,
    2.753657453999));
#4878 = CARTESIAN_POINT('',(-2.722065312633,-7.292174533927,
    2.764681514035));
#4879 = CARTESIAN_POINT('',(-2.369964585529,-7.406792227857,
    2.775668996403));
#4880 = CARTESIAN_POINT('',(-1.656087100155,-7.598387748635,
    2.79761038842));
#4881 = CARTESIAN_POINT('',(-1.293896751296,-7.67541190206,
    2.808597878225));
#4882 = CARTESIAN_POINT('',(-0.927331689954,-7.733504568041,
    2.819621933453));
#4883 = CARTESIAN_POINT('',(-0.560273678144,-7.772416524539,
    2.830456414715));
#4884 = CARTESIAN_POINT('',(-0.184050689995,-7.79183636509,2.84190262571
    ));
#4885 = CARTESIAN_POINT('',(0.178778929445,-7.793220213964,
    2.852210070399));
#4886 = CARTESIAN_POINT('',(0.555053507953,-7.772335325829,
    2.863656332808));
#4887 = CARTESIAN_POINT('',(0.922111090093,-7.734231216681,
    2.874490787332));
#4888 = CARTESIAN_POINT('',(1.288709555463,-7.676241051528,
    2.885514847368));
#4889 = CARTESIAN_POINT('',(1.650946576791,-7.599452522642,
    2.896502329736));
#4890 = CARTESIAN_POINT('',(2.364980374703,-7.4084403682,2.918443721754)
  );
#4891 = CARTESIAN_POINT('',(2.717158494535,-7.294050067342,
    2.929431211559));
#4892 = CARTESIAN_POINT('',(3.063659482784,-7.161077261182,
    2.940455266786));
#4893 = CARTESIAN_POINT('',(3.400997023928,-7.011246998119,
    2.951289748049));
#4894 = CARTESIAN_POINT('',(3.73652560942,-6.839953579292,2.962735959042
    ));
#4895 = CARTESIAN_POINT('',(4.051437201547,-6.659737217862,
    2.973043403734));
#4896 = CARTESIAN_POINT('',(4.366858101259,-6.453513084919,2.98448966614
    ));
#4897 = CARTESIAN_POINT('',(4.665687237473,-6.236985167344,
    2.995324120666));
#4898 = CARTESIAN_POINT('',(4.954175738895,-6.003464978464,
    3.006348180702));
#4899 = CARTESIAN_POINT('',(5.229487937113,-5.755845651067,
    3.017335663069));
#4900 = CARTESIAN_POINT('',(5.621636935312,-5.364016943215,
    3.033791707082));
#4901 = CARTESIAN_POINT('',(5.748945113678,-5.229923666972,
    3.039281253536));
#4902 = CARTESIAN_POINT('',(5.872750159927,-5.092465593649,
    3.044774118618));
#4903 = CARTESIAN_POINT('',(5.992957726898,-4.951762831206,
    3.050269382478));
#4904 = CARTESIAN_POINT('',(6.109474200786,-4.80793649947,3.055766096713
    ));
#4905 = CARTESIAN_POINT('',(6.222206803847,-4.66110854387,3.061263295857
    ));
#4906 = CARTESIAN_POINT('',(6.331063697181,-4.511401549256,
    3.066760008853));
#4907 = CARTESIAN_POINT('',(6.435954083435,-4.358938553614,
    3.072255270543));
#4908 = CARTESIAN_POINT('',(6.53678830957,-4.203842861883,3.077748133146
    ));
#4909 = CARTESIAN_POINT('',(6.633477969592,-4.046237859691,3.08323767774
    ));
#4910 = CARTESIAN_POINT('',(6.910852082696,-3.566264762044,
    3.099693721754));
#4911 = CARTESIAN_POINT('',(7.078993461976,-3.236351067888,
    3.110681211559));
#4912 = CARTESIAN_POINT('',(7.229980687504,-2.897311896458,
    3.121705266786));
#4913 = CARTESIAN_POINT('',(7.362568355362,-2.552832238531,
    3.132539748048));
#4914 = CARTESIAN_POINT('',(7.478700155412,-2.194454962418,
    3.143985959043));
#4915 = CARTESIAN_POINT('',(7.573944066442,-1.844346628906,
    3.154293403733));
#4916 = CARTESIAN_POINT('',(7.651157840697,-1.475487888943,
    3.165739666141));
#4917 = CARTESIAN_POINT('',(7.709353590505,-1.111075421476,
    3.176574120666));
#4918 = CARTESIAN_POINT('',(7.748222057049,-0.741959536725,
    3.187598180702));
#4919 = CARTESIAN_POINT('',(7.767803873798,-0.372191108866,
    3.198585663069));
#4920 = CARTESIAN_POINT('',(7.768105846434,0.366950160796,3.220527055087
    ));
#4921 = CARTESIAN_POINT('',(7.748763705238,0.736734490632,3.231514544892
    ));
#4922 = CARTESIAN_POINT('',(7.710002892484,1.105844638733,3.24253860012)
  );
#4923 = CARTESIAN_POINT('',(7.652587352099,1.470466607511,3.253373081382
    ));
#4924 = CARTESIAN_POINT('',(7.573971803097,1.838896332794,3.264819292376
    ));
#4925 = CARTESIAN_POINT('',(7.481401282819,2.189720999199,3.275126737067
    ));
#4926 = CARTESIAN_POINT('',(7.363841002891,2.547768925552,3.286572999474
    ));
#4927 = CARTESIAN_POINT('',(7.232033766865,2.892457254731,3.297407453999
    ));
#4928 = CARTESIAN_POINT('',(7.081136903933,3.231555221141,3.308431514035
    ));
#4929 = CARTESIAN_POINT('',(6.913211040757,3.561574981558,3.319418996403
    ));
#4930 = CARTESIAN_POINT('',(6.636229201614,4.041774558681,3.335875040416
    ));
#4931 = CARTESIAN_POINT('',(6.539654824118,4.199450709776,3.341364586869
    ));
#4932 = CARTESIAN_POINT('',(6.438923624911,4.35461396865,3.346857451952)
  );
#4933 = CARTESIAN_POINT('',(6.334127200538,4.507142116724,3.352352715811
    ));
#4934 = CARTESIAN_POINT('',(6.225358314719,4.656913381878,3.357849430048
    ));
#4935 = CARTESIAN_POINT('',(6.112710745065,4.803806585905,3.36334662919)
  );
#4936 = CARTESIAN_POINT('',(5.996279129773,4.947701291935,3.368843342187
    ));
#4937 = CARTESIAN_POINT('',(5.876158814342,5.088477951894,3.374338603876
    ));
#4938 = CARTESIAN_POINT('',(5.752445698274,5.226018053925,3.37983146648)
  );
#4939 = CARTESIAN_POINT('',(5.625236081783,5.360204269846,3.385321011074
    ));
#4940 = CARTESIAN_POINT('',(5.364016943215,5.621636935312,3.396291707083
    ));
#4941 = CARTESIAN_POINT('',(5.229923666973,5.74894511368,3.401781253536)
  );
#4942 = CARTESIAN_POINT('',(5.092465593647,5.872750159924,3.407274118618
    ));
#4943 = CARTESIAN_POINT('',(4.951762831209,5.992957726904,3.412769382478
    ));
#4944 = CARTESIAN_POINT('',(4.807936499466,6.109474200779,3.418266096714
    ));
#4945 = CARTESIAN_POINT('',(4.661108543873,6.222206803853,3.423763295857
    ));
#4946 = CARTESIAN_POINT('',(4.511401549254,6.331063697177,3.429260008853
    ));
#4947 = CARTESIAN_POINT('',(4.358938553615,6.435954083437,3.434755270543
    ));
#4948 = CARTESIAN_POINT('',(4.203842861883,6.53678830957,3.440248133146)
  );
#4949 = CARTESIAN_POINT('',(4.046237859691,6.633477969592,3.44573767774)
  );
#4950 = CARTESIAN_POINT('',(3.566264762044,6.910852082696,3.462193721754
    ));
#4951 = CARTESIAN_POINT('',(3.236351067888,7.078993461975,3.473181211559
    ));
#4952 = CARTESIAN_POINT('',(2.897311896459,7.229980687507,3.484205266786
    ));
#4953 = CARTESIAN_POINT('',(2.552832238529,7.362568355356,3.495039748049
    ));
#4954 = CARTESIAN_POINT('',(2.194454962422,7.478700155421,3.506485959042
    ));
#4955 = CARTESIAN_POINT('',(1.844346628904,7.573944066431,3.516793403734
    ));
#4956 = CARTESIAN_POINT('',(1.475487888945,7.651157840706,3.52823966614)
  );
#4957 = CARTESIAN_POINT('',(1.111075421475,7.7093535905,3.539074120666)
  );
#4958 = CARTESIAN_POINT('',(0.741959536726,7.748222057051,3.550098180702
    ));
#4959 = CARTESIAN_POINT('',(0.372191108866,7.767803873798,3.561085663069
    ));
#4960 = CARTESIAN_POINT('',(-0.182164843381,7.768030353275,
    3.577541707082));
#4961 = CARTESIAN_POINT('',(-0.367003584547,7.763232564555,
    3.583031253536));
#4962 = CARTESIAN_POINT('',(-0.551744508071,7.753578416527,
    3.588524118618));
#4963 = CARTESIAN_POINT('',(-0.73623597128,7.739086124828,3.594019382478
    ));
#4964 = CARTESIAN_POINT('',(-0.920326134572,7.719775139149,
    3.599516096713));
#4965 = CARTESIAN_POINT('',(-1.103863165726,7.695666084162,
    3.605013295857));
#4966 = CARTESIAN_POINT('',(-1.286695444268,7.666780700535,
    3.610510008853));
#4967 = CARTESIAN_POINT('',(-1.468671765765,7.633141785838,
    3.616005270543));
#4968 = CARTESIAN_POINT('',(-1.649641546198,7.594773135559,
    3.621498133146));
#4969 = CARTESIAN_POINT('',(-1.829455026269,7.551699484032,3.62698767774
    ));
#4970 = CARTESIAN_POINT('',(-2.364980374704,7.4084403682,3.643443721754)
  );
#4971 = CARTESIAN_POINT('',(-2.717158494533,7.294050067341,
    3.654431211559));
#4972 = CARTESIAN_POINT('',(-3.063659482787,7.161077261184,
    3.665455266786));
#4973 = CARTESIAN_POINT('',(-3.400997023923,7.011246998115,
    3.676289748049));
#4974 = CARTESIAN_POINT('',(-3.736525609427,6.839953579298,
    3.687735959042));
#4975 = CARTESIAN_POINT('',(-4.051437201541,6.659737217855,
    3.698043403734));
#4976 = CARTESIAN_POINT('',(-4.366858101263,6.453513084924,3.70948966614
    ));
#4977 = CARTESIAN_POINT('',(-4.665687237471,6.236985167342,
    3.720324120666));
#4978 = CARTESIAN_POINT('',(-4.954175738896,6.003464978465,
    3.731348180702));
#4979 = CARTESIAN_POINT('',(-5.229487937113,5.755845651066,
    3.742335663069));
#4980 = CARTESIAN_POINT('',(-5.752353268045,5.233407373932,
    3.764277055087));
#4981 = CARTESIAN_POINT('',(-6.000153316047,4.958253407526,
    3.775264544892));
#4982 = CARTESIAN_POINT('',(-6.233745571227,4.669845085256,
    3.786288600119));
#4983 = CARTESIAN_POINT('',(-6.450973319977,4.371419500613,
    3.797123081382));
#4984 = CARTESIAN_POINT('',(-6.655902889295,4.055310755666,
    3.808569292376));
#4985 = CARTESIAN_POINT('',(-6.838516147309,3.741783012421,
    3.818876737067));
#4986 = CARTESIAN_POINT('',(-7.00856659287,3.405477224568,3.830322999474
    ));
#4987 = CARTESIAN_POINT('',(-7.159096257438,3.068543979209,
    3.841157453999));
#4988 = CARTESIAN_POINT('',(-7.292174533927,2.722065312633,
    3.852181514035));
#4989 = CARTESIAN_POINT('',(-7.406792227857,2.369964585529,
    3.863168996403));
#4990 = CARTESIAN_POINT('',(-7.598387748635,1.656087100155,3.88511038842
    ));
#4991 = CARTESIAN_POINT('',(-7.675411902062,1.293896751296,
    3.896097878226));
#4992 = CARTESIAN_POINT('',(-7.733504568038,0.927331689954,
    3.907121933453));
#4993 = CARTESIAN_POINT('',(-7.772416524545,0.560273678143,
    3.917956414715));
#4994 = CARTESIAN_POINT('',(-7.79183636508,0.184050689997,3.92940262571)
  );
#4995 = CARTESIAN_POINT('',(-7.793220213974,-0.178778929448,3.9397100704
    ));
#4996 = CARTESIAN_POINT('',(-7.772335325822,-0.555053507951,
    3.951156332807));
#4997 = CARTESIAN_POINT('',(-7.734231216686,-0.922111090094,
    3.961990787333));
#4998 = CARTESIAN_POINT('',(-7.676241051527,-1.288709555463,
    3.973014847368));
#4999 = CARTESIAN_POINT('',(-7.599452522642,-1.650946576791,
    3.984002329736));
#5000 = CARTESIAN_POINT('',(-7.4084403682,-2.364980374703,4.005943721754
    ));
#5001 = CARTESIAN_POINT('',(-7.294050067341,-2.717158494534,
    4.016931211559));
#5002 = CARTESIAN_POINT('',(-7.161077261184,-3.063659482786,
    4.027955266786));
#5003 = CARTESIAN_POINT('',(-7.011246998115,-3.400997023925,
    4.038789748049));
#5004 = CARTESIAN_POINT('',(-6.839953579298,-3.736525609425,
    4.050235959042));
#5005 = CARTESIAN_POINT('',(-6.659737217857,-4.051437201542,
    4.060543403733));
#5006 = CARTESIAN_POINT('',(-6.453513084923,-4.366858101263,
    4.07198966614));
#5007 = CARTESIAN_POINT('',(-6.236985167342,-4.665687237471,
    4.082824120666));
#5008 = CARTESIAN_POINT('',(-6.003464978465,-4.954175738896,
    4.093848180702));
#5009 = CARTESIAN_POINT('',(-5.755845651066,-5.229487937113,
    4.104835663069));
#5010 = CARTESIAN_POINT('',(-5.364016943215,-5.621636935312,
    4.121291707083));
#5011 = CARTESIAN_POINT('',(-5.229923666973,-5.748945113679,
    4.126781253536));
#5012 = CARTESIAN_POINT('',(-5.092465593646,-5.872750159925,
    4.132274118618));
#5013 = CARTESIAN_POINT('',(-4.951762831212,-5.992957726901,
    4.137769382478));
#5014 = CARTESIAN_POINT('',(-4.807936499462,-6.109474200782,
    4.143266096714));
#5015 = CARTESIAN_POINT('',(-4.661108543878,-6.222206803851,
    4.148763295857));
#5016 = CARTESIAN_POINT('',(-4.511401549249,-6.331063697178,
    4.154260008853));
#5017 = CARTESIAN_POINT('',(-4.358938553618,-6.435954083436,
    4.159755270543));
#5018 = CARTESIAN_POINT('',(-4.203842861882,-6.53678830957,
    4.165248133146));
#5019 = CARTESIAN_POINT('',(-4.046237859691,-6.633477969592,
    4.17073767774));
#5020 = CARTESIAN_POINT('',(-3.566264762044,-6.910852082696,
    4.187193721754));
#5021 = CARTESIAN_POINT('',(-3.236351067888,-7.078993461976,
    4.198181211559));
#5022 = CARTESIAN_POINT('',(-2.897311896459,-7.229980687506,
    4.209205266786));
#5023 = CARTESIAN_POINT('',(-2.552832238531,-7.362568355359,
    4.220039748049));
#5024 = CARTESIAN_POINT('',(-2.194454962419,-7.478700155417,
    4.231485959043));
#5025 = CARTESIAN_POINT('',(-1.844346628906,-7.573944066436,
    4.241793403733));
#5026 = CARTESIAN_POINT('',(-1.475487888943,-7.651157840702,
    4.25323966614));
#5027 = CARTESIAN_POINT('',(-1.111075421476,-7.709353590503,
    4.264074120666));
#5028 = CARTESIAN_POINT('',(-0.741959536726,-7.74822205705,
    4.275098180702));
#5029 = CARTESIAN_POINT('',(-0.372191108866,-7.767803873798,
    4.286085663069));
#5030 = CARTESIAN_POINT('',(0.366950160796,-7.768105846433,
    4.308027055087));
#5031 = CARTESIAN_POINT('',(0.736734490632,-7.74876370524,4.319014544892
    ));
#5032 = CARTESIAN_POINT('',(1.105844638733,-7.710002892479,4.33003860012
    ));
#5033 = CARTESIAN_POINT('',(1.470466607513,-7.652587352107,
    4.340873081382));
#5034 = CARTESIAN_POINT('',(1.838896332792,-7.573971803085,
    4.352319292376));
#5035 = CARTESIAN_POINT('',(2.189720999202,-7.481401282832,
    4.362626737067));
#5036 = CARTESIAN_POINT('',(2.547768925549,-7.363841002881,
    4.374072999474));
#5037 = CARTESIAN_POINT('',(2.892457254733,-7.232033766871,
    4.384907453999));
#5038 = CARTESIAN_POINT('',(3.23155522114,-7.08113690393,4.395931514035)
  );
#5039 = CARTESIAN_POINT('',(3.561574981558,-6.913211040758,
    4.406918996403));
#5040 = CARTESIAN_POINT('',(4.041774558681,-6.636229201614,
    4.423375040416));
#5041 = CARTESIAN_POINT('',(4.199450709776,-6.539654824119,
    4.428864586869));
#5042 = CARTESIAN_POINT('',(4.35461396865,-6.438923624908,4.434357451952
    ));
#5043 = CARTESIAN_POINT('',(4.507142116724,-6.334127200543,
    4.439852715811));
#5044 = CARTESIAN_POINT('',(4.656913381877,-6.225358314713,
    4.445349430047));
#5045 = CARTESIAN_POINT('',(4.803806585905,-6.112710745071,4.45084662919
    ));
#5046 = CARTESIAN_POINT('',(4.947701291935,-5.996279129768,
    4.456343342186));
#5047 = CARTESIAN_POINT('',(5.088477951893,-5.876158814345,
    4.461838603877));
#5048 = CARTESIAN_POINT('',(5.226018053925,-5.752445698273,4.46733146648
    ));
#5049 = CARTESIAN_POINT('',(5.360204269846,-5.625236081783,
    4.472821011074));
#5050 = CARTESIAN_POINT('',(5.621636935312,-5.364016943215,
    4.483791707082));
#5051 = CARTESIAN_POINT('',(5.748945113679,-5.229923666973,
    4.489281253536));
#5052 = CARTESIAN_POINT('',(5.872750159924,-5.092465593647,
    4.494774118618));
#5053 = CARTESIAN_POINT('',(5.992957726903,-4.95176283121,4.500269382478
    ));
#5054 = CARTESIAN_POINT('',(6.109474200781,-4.807936499465,
    4.505766096714));
#5055 = CARTESIAN_POINT('',(6.222206803851,-4.661108543874,
    4.511263295857));
#5056 = CARTESIAN_POINT('',(6.331063697178,-4.511401549254,
    4.516760008853));
#5057 = CARTESIAN_POINT('',(6.435954083436,-4.358938553615,
    4.522255270543));
#5058 = CARTESIAN_POINT('',(6.53678830957,-4.203842861883,4.527748133146
    ));
#5059 = CARTESIAN_POINT('',(6.633477969592,-4.046237859691,4.53323767774
    ));
#5060 = CARTESIAN_POINT('',(6.910852082696,-3.566264762044,
    4.549693721754));
#5061 = CARTESIAN_POINT('',(7.078993461976,-3.236351067888,
    4.560681211559));
#5062 = CARTESIAN_POINT('',(7.229980687505,-2.897311896459,
    4.571705266786));
#5063 = CARTESIAN_POINT('',(7.36256835536,-2.55283223853,4.582539748049)
  );
#5064 = CARTESIAN_POINT('',(7.478700155415,-2.19445496242,4.593985959042
    ));
#5065 = CARTESIAN_POINT('',(7.573944066438,-1.844346628905,
    4.604293403733));
#5066 = CARTESIAN_POINT('',(7.6511578407,-1.475487888943,4.61573966614)
  );
#5067 = CARTESIAN_POINT('',(7.709353590503,-1.111075421476,
    4.626574120666));
#5068 = CARTESIAN_POINT('',(7.74822205705,-0.741959536726,4.637598180702
    ));
#5069 = CARTESIAN_POINT('',(7.767803873798,-0.372191108866,
    4.648585663069));
#5070 = CARTESIAN_POINT('',(7.768105846434,0.366950160796,4.670527055087
    ));
#5071 = CARTESIAN_POINT('',(7.748763705238,0.736734490632,4.681514544892
    ));
#5072 = CARTESIAN_POINT('',(7.710002892483,1.105844638733,4.69253860012)
  );
#5073 = CARTESIAN_POINT('',(7.652587352101,1.470466607512,4.703373081382
    ));
#5074 = CARTESIAN_POINT('',(7.573971803094,1.838896332793,4.714819292376
    ));
#5075 = CARTESIAN_POINT('',(7.481401282822,2.1897209992,4.725126737066)
  );
#5076 = CARTESIAN_POINT('',(7.363841002889,2.547768925552,4.736572999474
    ));
#5077 = CARTESIAN_POINT('',(7.232033766867,2.892457254731,4.747407453999
    ));
#5078 = CARTESIAN_POINT('',(7.081136903933,3.231555221141,4.758431514035
    ));
#5079 = CARTESIAN_POINT('',(6.913211040757,3.561574981558,4.769418996403
    ));
#5080 = CARTESIAN_POINT('',(6.636229201614,4.041774558682,4.785875040416
    ));
#5081 = CARTESIAN_POINT('',(6.539654824117,4.199450709775,4.791364586869
    ));
#5082 = CARTESIAN_POINT('',(6.438923624913,4.354613968652,4.796857451952
    ));
#5083 = CARTESIAN_POINT('',(6.334127200534,4.50714211672,4.802352715811)
  );
#5084 = CARTESIAN_POINT('',(6.225358314724,4.656913381884,4.807849430047
    ));
#5085 = CARTESIAN_POINT('',(6.112710745059,4.803806585899,4.81334662919)
  );
#5086 = CARTESIAN_POINT('',(5.996279129777,4.94770129194,4.818843342187)
  );
#5087 = CARTESIAN_POINT('',(5.876158814339,5.08847795189,4.824338603876)
  );
#5088 = CARTESIAN_POINT('',(5.752445698275,5.226018053926,4.82983146648)
  );
#5089 = CARTESIAN_POINT('',(5.625236081783,5.360204269846,4.835321011074
    ));
#5090 = CARTESIAN_POINT('',(5.233407373931,5.752353268045,4.851777055087
    ));
#5091 = CARTESIAN_POINT('',(4.958253407527,6.000153316047,4.862764544892
    ));
#5092 = CARTESIAN_POINT('',(4.669845085254,6.233745571226,4.873788600119
    ));
#5093 = CARTESIAN_POINT('',(4.371419500615,6.450973319979,4.884623081382
    ));
#5094 = CARTESIAN_POINT('',(4.055310755664,6.655902889291,4.896069292375
    ));
#5095 = CARTESIAN_POINT('',(3.741783012423,6.838516147313,4.906376737067
    ));
#5096 = CARTESIAN_POINT('',(3.405477224567,7.008566592868,4.917822999473
    ));
#5097 = CARTESIAN_POINT('',(3.06854397921,7.159096257439,4.928657454));
#5098 = CARTESIAN_POINT('',(2.722065312633,7.292174533927,4.939681514035
    ));
#5099 = CARTESIAN_POINT('',(2.369964585529,7.406792227858,4.950668996403
    ));
#5100 = CARTESIAN_POINT('',(1.656087100155,7.598387748635,4.97261038842)
  );
#5101 = CARTESIAN_POINT('',(1.293896751295,7.675411902061,4.983597878226
    ));
#5102 = CARTESIAN_POINT('',(0.927331689955,7.733504568039,4.994621933453
    ));
#5103 = CARTESIAN_POINT('',(0.560273678142,7.772416524542,5.005456414715
    ));
#5104 = CARTESIAN_POINT('',(0.184050689998,7.791836365085,5.016902625709
    ));
#5105 = CARTESIAN_POINT('',(-0.178778929446,7.793220213969,5.0272100704)
  );
#5106 = CARTESIAN_POINT('',(-0.555053507953,7.772335325826,
    5.038656332807));
#5107 = CARTESIAN_POINT('',(-0.922111090092,7.734231216683,
    5.049490787333));
#5108 = CARTESIAN_POINT('',(-1.288709555464,7.676241051528,
    5.060514847368));
#5109 = CARTESIAN_POINT('',(-1.650946576791,7.599452522642,
    5.071502329736));
#5110 = CARTESIAN_POINT('',(-2.364980374704,7.4084403682,5.093443721754)
  );
#5111 = CARTESIAN_POINT('',(-2.717158494534,7.294050067343,
    5.104431211559));
#5112 = CARTESIAN_POINT('',(-3.063659482784,7.16107726118,5.115455266786
    ));
#5113 = CARTESIAN_POINT('',(-3.40099702393,7.011246998122,5.126289748049
    ));
#5114 = CARTESIAN_POINT('',(-3.736525609417,6.839953579289,
    5.137735959042));
#5115 = CARTESIAN_POINT('',(-4.051437201551,6.659737217864,
    5.148043403734));
#5116 = CARTESIAN_POINT('',(-4.366858101255,6.453513084918,5.15948966614
    ));
#5117 = CARTESIAN_POINT('',(-4.665687237476,6.236985167345,
    5.170324120666));
#5118 = CARTESIAN_POINT('',(-4.954175738894,6.003464978464,
    5.181348180702));
#5119 = CARTESIAN_POINT('',(-5.229487937113,5.755845651067,
    5.192335663069));
#5120 = CARTESIAN_POINT('',(-5.752353268045,5.233407373931,
    5.214277055087));
#5121 = CARTESIAN_POINT('',(-6.000153316046,4.958253407527,
    5.225264544892));
#5122 = CARTESIAN_POINT('',(-6.233745571228,4.669845085255,
    5.236288600119));
#5123 = CARTESIAN_POINT('',(-6.450973319975,4.371419500615,
    5.247123081382));
#5124 = CARTESIAN_POINT('',(-6.655902889298,4.055310755663,
    5.258569292376));
#5125 = CARTESIAN_POINT('',(-6.838516147305,3.741783012424,
    5.268876737067));
#5126 = CARTESIAN_POINT('',(-7.008566592874,3.405477224566,
    5.280322999474));
#5127 = CARTESIAN_POINT('',(-7.159096257436,3.06854397921,5.291157453999
    ));
#5128 = CARTESIAN_POINT('',(-7.292174533928,2.722065312633,
    5.302181514035));
#5129 = CARTESIAN_POINT('',(-7.406792227857,2.369964585529,
    5.313168996403));
#5130 = CARTESIAN_POINT('',(-7.55048886844,1.834556471499,5.329625040416
    ));
#5131 = CARTESIAN_POINT('',(-7.593694346896,1.654774198612,
    5.335114586869));
#5132 = CARTESIAN_POINT('',(-7.632183625394,1.473829492034,
    5.340607451952));
#5133 = CARTESIAN_POINT('',(-7.665935050914,1.291873541892,
    5.346102715811));
#5134 = CARTESIAN_POINT('',(-7.694928111367,1.109058047929,
    5.351599430047));
#5135 = CARTESIAN_POINT('',(-7.719143431681,0.925535006865,5.35709662919
    ));
#5136 = CARTESIAN_POINT('',(-7.738562769354,0.741456499737,
    5.362593342186));
#5137 = CARTESIAN_POINT('',(-7.753169010657,0.556974479248,
    5.368088603877));
#5138 = CARTESIAN_POINT('',(-7.762946166189,0.372240557124,5.37358146648
    ));
#5139 = CARTESIAN_POINT('',(-7.767879366957,0.187405791451,
    5.379071011074));
#5140 = CARTESIAN_POINT('',(-7.768105846433,-0.366950160796,
    5.395527055087));
#5141 = CARTESIAN_POINT('',(-7.748763705239,-0.736734490632,
    5.406514544892));
#5142 = CARTESIAN_POINT('',(-7.710002892482,-1.105844638733,
    5.417538600119));
#5143 = CARTESIAN_POINT('',(-7.652587352102,-1.470466607512,
    5.428373081382));
#5144 = CARTESIAN_POINT('',(-7.573971803092,-1.838896332793,
    5.439819292375));
#5145 = CARTESIAN_POINT('',(-7.481401282824,-2.189720999201,
    5.450126737067));
#5146 = CARTESIAN_POINT('',(-7.363841002888,-2.54776892555,
    5.461572999473));
#5147 = CARTESIAN_POINT('',(-7.232033766867,-2.892457254733,5.472407454)
  );
#5148 = CARTESIAN_POINT('',(-7.081136903932,-3.231555221141,
    5.483431514035));
#5149 = CARTESIAN_POINT('',(-6.913211040757,-3.561574981558,
    5.494418996403));
#5150 = CARTESIAN_POINT('',(-6.636229201614,-4.041774558681,
    5.510875040416));
#5151 = CARTESIAN_POINT('',(-6.539654824118,-4.199450709776,
    5.516364586869));
#5152 = CARTESIAN_POINT('',(-6.43892362491,-4.35461396865,5.521857451952
    ));
#5153 = CARTESIAN_POINT('',(-6.334127200539,-4.507142116725,
    5.527352715811));
#5154 = CARTESIAN_POINT('',(-6.225358314718,-4.656913381877,
    5.532849430047));
#5155 = CARTESIAN_POINT('',(-6.112710745066,-4.803806585906,
    5.53834662919));
#5156 = CARTESIAN_POINT('',(-5.996279129772,-4.947701291934,
    5.543843342187));
#5157 = CARTESIAN_POINT('',(-5.876158814342,-5.088477951894,
    5.549338603876));
#5158 = CARTESIAN_POINT('',(-5.752445698274,-5.226018053925,
    5.55483146648));
#5159 = CARTESIAN_POINT('',(-5.625236081783,-5.360204269846,
    5.560321011074));
#5160 = CARTESIAN_POINT('',(-5.364016943215,-5.621636935312,
    5.571291707083));
#5161 = CARTESIAN_POINT('',(-5.229923666972,-5.748945113679,
    5.576781253536));
#5162 = CARTESIAN_POINT('',(-5.092465593648,-5.872750159926,
    5.582274118619));
#5163 = CARTESIAN_POINT('',(-4.951762831207,-5.992957726899,
    5.587769382477));
#5164 = CARTESIAN_POINT('',(-4.807936499469,-6.109474200785,
    5.593266096714));
#5165 = CARTESIAN_POINT('',(-4.661108543871,-6.222206803847,
    5.598763295856));
#5166 = CARTESIAN_POINT('',(-4.511401549255,-6.331063697181,
    5.604260008854));
#5167 = CARTESIAN_POINT('',(-4.358938553615,-6.435954083434,
    5.609755270543));
#5168 = CARTESIAN_POINT('',(-4.203842861883,-6.536788309571,
    5.615248133146));
#5169 = CARTESIAN_POINT('',(-4.046237859691,-6.633477969592,
    5.62073767774));
#5170 = CARTESIAN_POINT('',(-3.566264762044,-6.910852082696,
    5.637193721754));
#5171 = CARTESIAN_POINT('',(-3.236351067888,-7.078993461975,
    5.648181211559));
#5172 = CARTESIAN_POINT('',(-2.897311896459,-7.229980687507,
    5.659205266786));
#5173 = CARTESIAN_POINT('',(-2.552832238529,-7.362568355358,
    5.670039748048));
#5174 = CARTESIAN_POINT('',(-2.194454962422,-7.478700155419,
    5.681485959043));
#5175 = CARTESIAN_POINT('',(-1.844346628903,-7.573944066434,
    5.691793403733));
#5176 = CARTESIAN_POINT('',(-1.475487888945,-7.651157840703,
    5.703239666141));
#5177 = CARTESIAN_POINT('',(-1.111075421475,-7.709353590501,
    5.714074120666));
#5178 = CARTESIAN_POINT('',(-0.741959536726,-7.748222057051,
    5.725098180702));
#5179 = CARTESIAN_POINT('',(-0.372191108866,-7.767803873798,
    5.736085663069));
#5180 = CARTESIAN_POINT('',(0.182164843381,-7.768030353275,
    5.752541707083));
#5181 = CARTESIAN_POINT('',(0.367003584548,-7.763232564555,
    5.758031253536));
#5182 = CARTESIAN_POINT('',(0.55174450807,-7.753578416526,5.763524118619
    ));
#5183 = CARTESIAN_POINT('',(0.736235971281,-7.739086124828,
    5.769019382478));
#5184 = CARTESIAN_POINT('',(0.920326134571,-7.719775139148,
    5.774516096714));
#5185 = CARTESIAN_POINT('',(1.103863165727,-7.695666084163,
    5.780013295856));
#5186 = CARTESIAN_POINT('',(1.286695444267,-7.666780700535,
    5.785510008854));
#5187 = CARTESIAN_POINT('',(1.468671765765,-7.633141785838,
    5.791005270543));
#5188 = CARTESIAN_POINT('',(1.649641546198,-7.594773135559,
    5.796498133146));
#5189 = CARTESIAN_POINT('',(1.829455026269,-7.551699484032,5.80198767774
    ));
#5190 = CARTESIAN_POINT('',(2.364980374704,-7.4084403682,5.818443721754)
  );
#5191 = CARTESIAN_POINT('',(2.717158494534,-7.294050067342,
    5.829431211559));
#5192 = CARTESIAN_POINT('',(3.063659482785,-7.161077261181,
    5.840455266786));
#5193 = CARTESIAN_POINT('',(3.400997023928,-7.01124699812,5.851289748049
    ));
#5194 = CARTESIAN_POINT('',(3.73652560942,-6.839953579292,5.862735959042
    ));
#5195 = CARTESIAN_POINT('',(4.051437201549,-6.659737217861,
    5.873043403734));
#5196 = CARTESIAN_POINT('',(4.366858101257,-6.45351308492,5.88448966614)
  );
#5197 = CARTESIAN_POINT('',(4.665687237475,-6.236985167344,
    5.895324120666));
#5198 = CARTESIAN_POINT('',(4.954175738894,-6.003464978464,
    5.906348180702));
#5199 = CARTESIAN_POINT('',(5.229487937113,-5.755845651066,
    5.917335663069));
#5200 = CARTESIAN_POINT('',(5.621636935312,-5.364016943215,
    5.933791707083));
#5201 = CARTESIAN_POINT('',(5.748945113679,-5.229923666972,
    5.939281253536));
#5202 = CARTESIAN_POINT('',(5.872750159926,-5.092465593648,
    5.944774118619));
#5203 = CARTESIAN_POINT('',(5.992957726899,-4.951762831208,
    5.950269382478));
#5204 = CARTESIAN_POINT('',(6.109474200784,-4.807936499468,
    5.955766096714));
#5205 = CARTESIAN_POINT('',(6.222206803849,-4.661108543871,
    5.961263295857));
#5206 = CARTESIAN_POINT('',(6.33106369718,-4.511401549256,5.966760008853
    ));
#5207 = CARTESIAN_POINT('',(6.435954083435,-4.358938553614,
    5.972255270543));
#5208 = CARTESIAN_POINT('',(6.53678830957,-4.203842861883,5.977748133146
    ));
#5209 = CARTESIAN_POINT('',(6.633477969592,-4.046237859691,5.98323767774
    ));
#5210 = CARTESIAN_POINT('',(6.910852082696,-3.566264762044,
    5.999693721754));
#5211 = CARTESIAN_POINT('',(7.078993461975,-3.236351067888,
    6.010681211559));
#5212 = CARTESIAN_POINT('',(7.229980687507,-2.897311896459,
    6.021705266786));
#5213 = CARTESIAN_POINT('',(7.362568355356,-2.552832238529,
    6.032539748048));
#5214 = CARTESIAN_POINT('',(7.478700155421,-2.194454962422,
    6.043985959043));
#5215 = CARTESIAN_POINT('',(7.573944066432,-1.844346628903,
    6.054293403733));
#5216 = CARTESIAN_POINT('',(7.651157840705,-1.475487888944,
    6.065739666141));
#5217 = CARTESIAN_POINT('',(7.7093535905,-1.111075421475,6.076574120666)
  );
#5218 = CARTESIAN_POINT('',(7.748222057051,-0.741959536726,
    6.087598180702));
#5219 = CARTESIAN_POINT('',(7.767803873798,-0.372191108866,
    6.098585663069));
#5220 = CARTESIAN_POINT('',(7.768105846434,0.366950160796,6.120527055087
    ));
#5221 = CARTESIAN_POINT('',(7.748763705238,0.736734490632,6.131514544892
    ));
#5222 = CARTESIAN_POINT('',(7.710002892482,1.105844638733,6.14253860012)
  );
#5223 = CARTESIAN_POINT('',(7.652587352101,1.470466607512,6.153373081382
    ));
#5224 = CARTESIAN_POINT('',(7.573971803093,1.838896332793,6.164819292376
    ));
#5225 = CARTESIAN_POINT('',(7.481401282824,2.189720999201,6.175126737067
    ));
#5226 = CARTESIAN_POINT('',(7.363841002887,2.54776892555,6.186572999473)
  );
#5227 = CARTESIAN_POINT('',(7.232033766868,2.892457254732,6.197407454));
#5228 = CARTESIAN_POINT('',(7.081136903932,3.231555221141,6.208431514035
    ));
#5229 = CARTESIAN_POINT('',(6.913211040757,3.561574981558,6.219418996403
    ));
#5230 = CARTESIAN_POINT('',(6.636229201614,4.041774558681,6.235875040416
    ));
#5231 = CARTESIAN_POINT('',(6.539654824118,4.199450709776,6.241364586869
    ));
#5232 = CARTESIAN_POINT('',(6.438923624912,4.354613968649,6.246857451952
    ));
#5233 = CARTESIAN_POINT('',(6.334127200536,4.507142116727,6.252352715811
    ));
#5234 = CARTESIAN_POINT('',(6.225358314721,4.656913381874,6.257849430047
    ));
#5235 = CARTESIAN_POINT('',(6.112710745064,4.803806585909,6.26334662919)
  );
#5236 = CARTESIAN_POINT('',(5.996279129774,4.947701291932,6.268843342186
    ));
#5237 = CARTESIAN_POINT('',(5.876158814341,5.088477951895,6.274338603876
    ));
#5238 = CARTESIAN_POINT('',(5.752445698274,5.226018053924,6.27983146648)
  );
#5239 = CARTESIAN_POINT('',(5.625236081783,5.360204269846,6.285321011074
    ));
#5240 = CARTESIAN_POINT('',(5.364016943215,5.621636935312,6.296291707082
    ));
#5241 = CARTESIAN_POINT('',(5.229923666972,5.748945113678,6.301781253536
    ));
#5242 = CARTESIAN_POINT('',(5.092465593649,5.872750159927,6.307274118618
    ));
#5243 = CARTESIAN_POINT('',(4.951762831206,5.992957726898,6.312769382478
    ));
#5244 = CARTESIAN_POINT('',(4.80793649947,6.109474200786,6.318266096714)
  );
#5245 = CARTESIAN_POINT('',(4.661108543869,6.222206803847,6.323763295857
    ));
#5246 = CARTESIAN_POINT('',(4.511401549257,6.331063697181,6.329260008853
    ));
#5247 = CARTESIAN_POINT('',(4.358938553614,6.435954083434,6.334755270543
    ));
#5248 = CARTESIAN_POINT('',(4.203842861884,6.536788309571,6.340248133146
    ));
#5249 = CARTESIAN_POINT('',(4.046237859691,6.633477969592,6.34573767774)
  );
#5250 = CARTESIAN_POINT('',(3.566264762044,6.910852082696,6.362193721754
    ));
#5251 = CARTESIAN_POINT('',(3.236351067888,7.078993461975,6.373181211559
    ));
#5252 = CARTESIAN_POINT('',(2.89731189646,7.229980687508,6.384205266786)
  );
#5253 = CARTESIAN_POINT('',(2.552832238528,7.362568355355,6.395039748049
    ));
#5254 = CARTESIAN_POINT('',(2.194454962422,7.478700155422,6.406485959043
    ));
#5255 = CARTESIAN_POINT('',(1.844346628903,7.57394406643,6.416793403733)
  );
#5256 = CARTESIAN_POINT('',(1.475487888944,7.651157840706,6.42823966614)
  );
#5257 = CARTESIAN_POINT('',(1.111075421476,7.7093535905,6.439074120666)
  );
#5258 = CARTESIAN_POINT('',(0.741959536726,7.748222057051,6.450098180702
    ));
#5259 = CARTESIAN_POINT('',(0.372191108866,7.767803873798,6.461085663069
    ));
#5260 = CARTESIAN_POINT('',(-0.182164843381,7.768030353275,
    6.477541707082));
#5261 = CARTESIAN_POINT('',(-0.367003584548,7.763232564556,
    6.483031253536));
#5262 = CARTESIAN_POINT('',(-0.55174450807,7.753578416525,6.488524118619
    ));
#5263 = CARTESIAN_POINT('',(-0.736235971282,7.739086124832,
    6.494019382478));
#5264 = CARTESIAN_POINT('',(-0.920326134571,7.719775139143,
    6.499516096714));
#5265 = CARTESIAN_POINT('',(-1.103863165728,7.695666084168,
    6.505013295857));
#5266 = CARTESIAN_POINT('',(-1.286695444267,7.66678070053,6.510510008853
    ));
#5267 = CARTESIAN_POINT('',(-1.468671765766,7.63314178584,6.516005270543
    ));
#5268 = CARTESIAN_POINT('',(-1.649641546198,7.594773135557,
    6.521498133146));
#5269 = CARTESIAN_POINT('',(-1.829455026269,7.551699484032,
    6.526987677741));
#5270 = CARTESIAN_POINT('',(-2.364980374703,7.408440368199,
    6.543443721754));
#5271 = CARTESIAN_POINT('',(-2.717158494533,7.294050067344,
    6.554431211559));
#5272 = CARTESIAN_POINT('',(-3.063659482783,7.161077261181,
    6.565455266784));
#5273 = CARTESIAN_POINT('',(-3.400997023928,7.011246998119,
    6.576289748052));
#5274 = CARTESIAN_POINT('',(-3.736525609414,6.839953579295,
    6.587735959038));
#5275 = CARTESIAN_POINT('',(-4.051437201555,6.659737217863,
    6.598043403734));
#5276 = CARTESIAN_POINT('',(-4.366858101262,6.453513084914,6.60948966614
    ));
#5277 = CARTESIAN_POINT('',(-4.66568723748,6.236985167345,6.620324120668
    ));
#5278 = CARTESIAN_POINT('',(-4.954175738901,6.003464978464,
    6.631348180702));
#5279 = CARTESIAN_POINT('',(-5.229487937114,5.755845651068,
    6.642335663071));
#5280 = CARTESIAN_POINT('',(-5.752353268032,5.233407373937,
    6.664277055087));
#5281 = CARTESIAN_POINT('',(-6.000153316031,4.958253407534,6.67526454489
    ));
#5282 = CARTESIAN_POINT('',(-6.233745571196,4.669845085271,
    6.686288600116));
#5283 = CARTESIAN_POINT('',(-6.450973319997,4.371419500531,
    6.697123081391));
#5284 = CARTESIAN_POINT('',(-6.6559028892,4.055310755829,6.708569292357)
  );
#5285 = CARTESIAN_POINT('',(-6.838516147416,3.741783012197,6.71887673707
    ));
#5286 = CARTESIAN_POINT('',(-7.008566592884,3.405477224599,
    6.730322999485));
#5287 = CARTESIAN_POINT('',(-7.159096257534,3.068543979175,
    6.741157453995));
#5288 = CARTESIAN_POINT('',(-7.292174533997,2.722065312649,
    6.752181514041));
#5289 = CARTESIAN_POINT('',(-7.406792227912,2.369964585586,
    6.763168996399));
#5290 = CARTESIAN_POINT('',(-7.598387748541,1.656087100305,
    6.785110388417));
#5291 = CARTESIAN_POINT('',(-7.675411901911,1.293896751393,
    6.796097878199));
#5292 = CARTESIAN_POINT('',(-7.733504567533,0.927331690217,6.80712193356
    ));
#5293 = CARTESIAN_POINT('',(-7.77241652475,0.560273676899,6.817956414513
    ));
#5294 = CARTESIAN_POINT('',(-7.791836364298,0.18405069231,6.829402625921
    ));
#5295 = CARTESIAN_POINT('',(-7.793220213464,-0.178778933083,
    6.83971007053));
#5296 = CARTESIAN_POINT('',(-7.772335326382,-0.55505350707,
    6.851156332892));
#5297 = CARTESIAN_POINT('',(-7.734231217923,-0.922111090745,
    6.861990787063));
#5298 = CARTESIAN_POINT('',(-7.676241052449,-1.288709555054,
    6.873014847471));
#5299 = CARTESIAN_POINT('',(-7.599452524183,-1.650946576187,
    6.884002329383));
#5300 = CARTESIAN_POINT('',(-7.408440368198,-2.364980373128,
    6.905943721606));
#5301 = CARTESIAN_POINT('',(-7.294050065667,-2.717158493871,
    6.916931211469));
#5302 = CARTESIAN_POINT('',(-7.161077253841,-3.063659478596,
    6.927955269785));
#5303 = CARTESIAN_POINT('',(-7.011247000007,-3.400997039653,
    6.938789741954));
#5304 = CARTESIAN_POINT('',(-6.839953571832,-3.73652558563,
    6.950235967077));
#5305 = CARTESIAN_POINT('',(-6.659737191281,-4.051437229261,
    6.960543407287));
#5306 = CARTESIAN_POINT('',(-6.453513100498,-4.366858092427,
    6.971989664868));
#5307 = CARTESIAN_POINT('',(-6.236985181632,-4.665687244963,
    6.98282411595));
#5308 = CARTESIAN_POINT('',(-6.003464993539,-4.954175732538,
    6.993848181194));
#5309 = CARTESIAN_POINT('',(-5.755845675589,-5.229487938692,
    7.004835655752));
#5310 = CARTESIAN_POINT('',(-5.233407377448,-5.752353266939,
    7.026777051276));
#5311 = CARTESIAN_POINT('',(-4.958253375422,-6.00015330784,
    7.037764553033));
#5312 = CARTESIAN_POINT('',(-4.669844997175,-6.233745531602,
    7.048788636457));
#5313 = CARTESIAN_POINT('',(-4.371419519185,-6.45097346215,
    7.059623004782));
#5314 = CARTESIAN_POINT('',(-4.055310607021,-6.65590274535,
    7.071069394885));
#5315 = CARTESIAN_POINT('',(-3.741782739938,-6.838516024281,
    7.081376863294));
#5316 = CARTESIAN_POINT('',(-3.40547750082,-7.008566711794,
    7.092822881333));
#5317 = CARTESIAN_POINT('',(-3.068544134754,-7.159096203105,
    7.103657456544));
#5318 = CARTESIAN_POINT('',(-2.722065577475,-7.292174551832,
    7.11468145812));
#5319 = CARTESIAN_POINT('',(-2.369964808437,-7.406792304574,
    7.125668917858));
#5320 = CARTESIAN_POINT('',(-2.01302588475,-7.502590164374,
    7.136639592103));
#5321 = CARTESIAN_POINT('',(-1.656086913054,-7.598387833828,
    7.147610375151));
#5322 = CARTESIAN_POINT('',(-1.293896217375,-7.67541193074,7.15859795336
    ));
#5323 = CARTESIAN_POINT('',(-0.927330414701,-7.733503778997,
    7.169622537753));
#5324 = CARTESIAN_POINT('',(-0.560274615325,-7.77241885435,
    7.180455186151));
#5325 = CARTESIAN_POINT('',(-0.184046387504,-7.79183365572,
    7.191904386735));
#5326 = CARTESIAN_POINT('',(0.178776368854,-7.79321798221,7.20221136164)
  );
#5327 = CARTESIAN_POINT('',(0.555051648929,-7.77233742971,7.213654854416
    ));
#5328 = CARTESIAN_POINT('',(0.922107786325,-7.734230564973,
    7.224490764343));
#5329 = CARTESIAN_POINT('',(1.288706409631,-7.676241416206,
    7.235514145047));
#5330 = CARTESIAN_POINT('',(1.650945181151,-7.599453330815,
    7.246501399453));
#5331 = CARTESIAN_POINT('',(2.007965934184,-7.503947862735,
    7.257471909773));
#5332 = CARTESIAN_POINT('',(2.186475997973,-7.456194028828,
    7.262957798614));
#5333 = CARTESIAN_POINT('',(2.36377648868,-7.403719347699,7.26844786639)
  );
#5334 = CARTESIAN_POINT('',(2.539725451181,-7.346579280045,
    7.273941229377));
#5335 = CARTESIAN_POINT('',(2.714180883009,-7.284830643286,
    7.279436963991));
#5336 = CARTESIAN_POINT('',(2.887000916652,-7.218531501079,
    7.284934118327));
#5337 = CARTESIAN_POINT('',(3.05804400184,-7.147741052704,7.290431723635
    ));
#5338 = CARTESIAN_POINT('',(3.227169087851,-7.072519522641,
    7.295928805884));
#5339 = CARTESIAN_POINT('',(3.39423580579,-6.992928049916,7.301424397226
    ));
#5340 = CARTESIAN_POINT('',(3.559104650898,-6.90902857767,7.306917547557
    ));
#5341 = CARTESIAN_POINT('',(3.721637164833,-6.820883742558,
    7.312407335997));
#5342 = CARTESIAN_POINT('',(3.881696117971,-6.728556764251,
    7.317892882428));
#5343 = CARTESIAN_POINT('',(4.041756812862,-6.636232699267,7.32337654779
    ));
#5344 = CARTESIAN_POINT('',(4.199426952156,-6.539660242884,
    7.328864523347));
#5345 = CARTESIAN_POINT('',(4.354584848811,-6.438929736683,
    7.334355941965));
#5346 = CARTESIAN_POINT('',(4.507109089615,-6.334132841014,
    7.339849895434));
#5347 = CARTESIAN_POINT('',(4.656878683106,-6.225362384079,
    7.345345445846));
#5348 = CARTESIAN_POINT('',(4.803773207485,-6.112712211041,
    7.350841636983));
#5349 = CARTESIAN_POINT('',(4.947672958555,-5.996277033098,
    7.356337505705));
#5350 = CARTESIAN_POINT('',(5.088459097611,-5.876152276599,
    7.361832093331));
#5351 = CARTESIAN_POINT('',(5.226013799393,-5.752433932118,
    7.367324457026));
#5352 = CARTESIAN_POINT('',(5.360220399977,-5.625218403561,7.37281368119
    ));
#5353 = CARTESIAN_POINT('',(5.490963544714,-5.494602357252,
    7.378298888839));
#5354 = CARTESIAN_POINT('',(5.621700535042,-5.363980340227,
    7.383788848311));
#5355 = CARTESIAN_POINT('',(5.749030133116,-5.22988162639,7.38928246562)
  );
#5356 = CARTESIAN_POINT('',(5.872854639179,-5.092424850837,
    7.394778824276));
#5357 = CARTESIAN_POINT('',(5.993077067728,-4.951729805041,7.40027697299
    ));
#5358 = CARTESIAN_POINT('',(6.109601244689,-4.807917243625,
    7.405775937367));
#5359 = CARTESIAN_POINT('',(6.222331904614,-4.661108691106,
    7.411274731592));
#5360 = CARTESIAN_POINT('',(6.331174787837,-4.511426248685,
    7.416772370127));
#5361 = CARTESIAN_POINT('',(6.436036737687,-4.358992400978,7.4222678794)
  );
#5362 = CARTESIAN_POINT('',(6.536825797645,-4.203929822808,
    7.427760309496));
#5363 = CARTESIAN_POINT('',(6.63345130854,-4.046361185946,7.43324874585)
  );
#5364 = CARTESIAN_POINT('',(6.725824005726,-3.886408965885,
    7.438732320936));
#5365 = CARTESIAN_POINT('',(6.910594361347,-3.566518424468,
    7.449683637687));
#5366 = CARTESIAN_POINT('',(7.078561682894,-3.236564276473,
    7.460660833149));
#5367 = CARTESIAN_POINT('',(7.229353817467,-2.897618625885,
    7.471654949047));
#5368 = CARTESIAN_POINT('',(7.36240110489,-2.551138158032,7.482657896046
    ));
#5369 = CARTESIAN_POINT('',(7.477464136602,-2.197741408425,
    7.493694187174));
#5370 = CARTESIAN_POINT('',(7.574291903816,-1.838723603247,
    7.504721697082));
#5371 = CARTESIAN_POINT('',(7.652420590904,-1.475881584662,
    7.515679521386));
#5372 = CARTESIAN_POINT('',(7.711303303209,-1.110312930655,
    7.526586113218));
#5373 = CARTESIAN_POINT('',(7.750521910693,-0.742463169099,
    7.537501335528));
#5374 = CARTESIAN_POINT('',(7.769773941032,-0.37382296922,7.548361889048
    ));
#5375 = CARTESIAN_POINT('',(7.76865006714,-5.323370189066E-03,
    7.559180755833));
#5376 = CARTESIAN_POINT('',(9.,7.806255641896E-16,-0.996925845343));
#5377 = CARTESIAN_POINT('',(9.001955011183,0.430692194219,
    -0.985783110832));
#5378 = CARTESIAN_POINT('',(8.979932266571,0.860478180669,
    -0.974680074921));
#5379 = CARTESIAN_POINT('',(8.934552010853,1.288122397074,-0.96362904571
    ));
#5380 = CARTESIAN_POINT('',(8.866281369493,1.712795346058,
    -0.952569839202));
#5381 = CARTESIAN_POINT('',(8.77584231119,2.132853107818,-0.941559341609
    ));
#5382 = CARTESIAN_POINT('',(8.663869851017,2.547292245057,
    -0.930615066595));
#5383 = CARTESIAN_POINT('',(8.530756864771,2.95561440648,-0.919679107441
    ));
#5384 = CARTESIAN_POINT('',(8.376800079805,3.356690254929,
    -0.908711439485));
#5385 = CARTESIAN_POINT('',(8.202367778913,3.748773847871,
    -0.897735389696));
#5386 = CARTESIAN_POINT('',(8.007843501883,4.131086282145,
    -0.886743258191));
#5387 = CARTESIAN_POINT('',(7.793561553977,4.502361280499,
    -0.875726550531));
#5388 = CARTESIAN_POINT('',(7.579257774376,4.873624160688,
    -0.864724888212));
#5389 = CARTESIAN_POINT('',(7.345403420305,5.233352136866,
    -0.853741710651));
#5390 = CARTESIAN_POINT('',(7.093050891899,5.580438447204,
    -0.842803743322));
#5391 = CARTESIAN_POINT('',(6.821160468671,5.915364114953,
    -0.831650819931));
#5392 = CARTESIAN_POINT('',(6.536925623722,6.231515575987,
    -0.821137236374));
#5393 = CARTESIAN_POINT('',(6.228316832278,6.541221068721,-0.80956785097
    ));
#5394 = CARTESIAN_POINT('',(5.911075869908,6.824239024576,
    -0.798920707385));
#5395 = CARTESIAN_POINT('',(5.576292867179,7.096153629966,
    -0.787847701235));
#5396 = CARTESIAN_POINT('',(5.229047889885,7.34816293422,-0.776885636427
    ));
#5397 = CARTESIAN_POINT('',(4.869289498339,7.581804950742,
    -0.765900518503));
#5398 = CARTESIAN_POINT('',(4.498083339136,7.796019457626,
    -0.754899025373));
#5399 = CARTESIAN_POINT('',(4.126874128665,8.010228876195,-0.74390110713
    ));
#5400 = CARTESIAN_POINT('',(3.744536658528,8.204765984938,
    -0.732919318228));
#5401 = CARTESIAN_POINT('',(3.352551453056,8.379189139899,
    -0.721973686369));
#5402 = CARTESIAN_POINT('',(2.949491921573,8.533310194529,
    -0.710841636492));
#5403 = CARTESIAN_POINT('',(2.545805178107,8.665046040191,
    -0.700303008351));
#5404 = CARTESIAN_POINT('',(2.123054968439,8.779261100063,
    -0.688677187909));
#5405 = CARTESIAN_POINT('',(1.707149833166,8.865418999644,
    -0.678120653232));
#5406 = CARTESIAN_POINT('',(1.281130940563,8.933667700156,
    -0.666998930476));
#5407 = CARTESIAN_POINT('',(0.854404392584,8.978243612345,
    -0.656049631939));
#5408 = CARTESIAN_POINT('',(0.426015101288,9.000687814618,
    -0.645066992743));
#5409 = CARTESIAN_POINT('',(-2.564987124633E-03,9.00058804357,
    -0.634068393977));
#5410 = CARTESIAN_POINT('',(-0.431145085609,9.000487664248,
    -0.623070161765));
#5411 = CARTESIAN_POINT('',(-0.859524705809,8.977792007845,
    -0.612087894817));
#5412 = CARTESIAN_POINT('',(-1.286200764302,8.932859883862,
    -0.601140499118));
#5413 = CARTESIAN_POINT('',(-1.712324809165,8.864795751421,
    -0.590012355728));
#5414 = CARTESIAN_POINT('',(-2.127772473147,8.777064803627,
    -0.579466712666));
#5415 = CARTESIAN_POINT('',(-2.55102444719,8.664600394275,
    -0.567838209943));
#5416 = CARTESIAN_POINT('',(-2.954265668697,8.531249266343,
    -0.557291064889));
#5417 = CARTESIAN_POINT('',(-3.357342529187,8.377353617839,
    -0.546163781044));
#5418 = CARTESIAN_POINT('',(-3.749185595458,8.202590626027,
    -0.535216051138));
#5419 = CARTESIAN_POINT('',(-4.131404061174,8.007832035324,
    -0.524233684168));
#5420 = CARTESIAN_POINT('',(-4.502515366572,7.793454813245,
    -0.513235366497));
#5421 = CARTESIAN_POINT('',(-4.688071008409,7.686266182591,
    -0.507736221169));
#5422 = CARTESIAN_POINT('',(-4.870758796421,7.574210667075,
    -0.502241065532));
#5423 = CARTESIAN_POINT('',(-5.050459647193,7.457386677214,
    -0.496749061817));
#5424 = CARTESIAN_POINT('',(-5.227054543939,7.335891334588,
    -0.491259341039));
#5425 = CARTESIAN_POINT('',(-5.400424387297,7.209820598741,
    -0.485770991986));
#5426 = CARTESIAN_POINT('',(-5.570449772681,7.079269318408,
    -0.480283113862));
#5427 = CARTESIAN_POINT('',(-5.737010891986,6.944331410904,
    -0.474794761149));
#5428 = CARTESIAN_POINT('',(-5.899987256906,6.805099857606,
    -0.469305043074));
#5429 = CARTESIAN_POINT('',(-6.059257641753,6.661666925803,
    -0.463813032862));
#5430 = CARTESIAN_POINT('',(-6.214699793048,6.514124149939,
    -0.458317879073));
#5431 = CARTESIAN_POINT('',(-6.669171474853,6.059439302899,
    -0.441820435044));
#5432 = CARTESIAN_POINT('',(-6.956033464783,5.740480919908,
    -0.430838089879));
#5433 = CARTESIAN_POINT('',(-7.225967352397,5.407003955001,
    -0.419890502543));
#5434 = CARTESIAN_POINT('',(-7.479153341683,5.057559850216,
    -0.40876276586));
#5435 = CARTESIAN_POINT('',(-7.710884812601,4.701760354074,
    -0.398216312547));
#5436 = CARTESIAN_POINT('',(-7.930644914839,4.322951539496,
    -0.38658777412));
#5437 = CARTESIAN_POINT('',(-8.121484967235,3.943522790028,
    -0.376041382576));
#5438 = CARTESIAN_POINT('',(-8.29768334086,3.549684216197,-0.36491362298
    ));
#5439 = CARTESIAN_POINT('',(-8.451181975055,3.149033037391,
    -0.353966033238));
#5440 = CARTESIAN_POINT('',(-8.583736125445,2.741048571976,
    -0.342983688811));
#5441 = CARTESIAN_POINT('',(-8.805391573417,1.913042639216,
    -0.320987095821));
#5442 = CARTESIAN_POINT('',(-8.894342141164,1.493385586216,
    -0.310004755733));
#5443 = CARTESIAN_POINT('',(-8.961373267259,1.069619123768,
    -0.299057166565));
#5444 = CARTESIAN_POINT('',(-9.005916715231,0.640398643728,
    -0.287929429486));
#5445 = CARTESIAN_POINT('',(-9.028702304617,0.216401528832,
    -0.277382984093));
#5446 = CARTESIAN_POINT('',(-9.029615730119,-0.221536629779,
    -0.265754446978));
#5447 = CARTESIAN_POINT('',(-9.005173701541,-0.645551558477,
    -0.255208044415));
#5448 = CARTESIAN_POINT('',(-8.960846672965,-1.074724970239,
    -0.24408029202));
#5449 = CARTESIAN_POINT('',(-8.893454802179,-1.49844838299,
    -0.233132699972));
#5450 = CARTESIAN_POINT('',(-8.804257830409,-1.918050368799,
    -0.222150355318));
#5451 = CARTESIAN_POINT('',(-8.582214112259,-2.745952262503,
    -0.200153762167));
#5452 = CARTESIAN_POINT('',(-8.449419036457,-3.153861214339,
    -0.189171422473));
#5453 = CARTESIAN_POINT('',(-8.295586464194,-3.55436929883,
    -0.178223833003));
#5454 = CARTESIAN_POINT('',(-8.119551980744,-3.948356863374,
    -0.167096096197));
#5455 = CARTESIAN_POINT('',(-7.92728632494,-4.326941928334,
    -0.156549650903));
#5456 = CARTESIAN_POINT('',(-7.709108292873,-4.706664216502,
    -0.144921113846));
#5457 = CARTESIAN_POINT('',(-7.47593341261,-5.061650899165,
    -0.134374710892));
#5458 = CARTESIAN_POINT('',(-7.222958373003,-5.411162463244,
    -0.123246958787));
#5459 = CARTESIAN_POINT('',(-6.952733594644,-5.744421767271,
    -0.112299366618));
#5460 = CARTESIAN_POINT('',(-6.665685758141,-6.063209260486,
    -0.10131702198));
#5461 = CARTESIAN_POINT('',(-6.059439310622,-6.669171473015,
    -7.932042882925E-02));
#5462 = CARTESIAN_POINT('',(-5.740480925569,-6.956033449783,
    -6.833808914551E-02));
#5463 = CARTESIAN_POINT('',(-5.407003967875,-7.225967339232,
    -5.73904996648E-02));
#5464 = CARTESIAN_POINT('',(-5.057559850914,-7.479153337223,
    -4.626276287355E-02));
#5465 = CARTESIAN_POINT('',(-4.701760376513,-7.710884792991,
    -3.571631757284E-02));
#5466 = CARTESIAN_POINT('',(-4.3229515138,-7.930644925165,
    -2.408778049809E-02));
#5467 = CARTESIAN_POINT('',(-3.943522802802,-8.121484970013,
    -1.354137756431E-02));
#5468 = CARTESIAN_POINT('',(-3.549684209873,-8.297683343716,
    -2.413625452069E-03));
#5469 = CARTESIAN_POINT('',(-3.149033035071,-8.451181977844,
    8.533966717432E-03));
#5470 = CARTESIAN_POINT('',(-2.741048569945,-8.583736127119,
    1.951631135256E-02));
#5471 = CARTESIAN_POINT('',(-2.120044121868,-8.749977711628,
    3.601375621547E-02));
#5472 = CARTESIAN_POINT('',(-1.911629117375,-8.799922284064,
    4.150891528E-02));
#5473 = CARTESIAN_POINT('',(-1.701954381671,-8.844382946713,
    4.700092097753E-02));
#5474 = CARTESIAN_POINT('',(-1.491172746997,-8.88334422598,
    5.249064724093E-02));
#5475 = CARTESIAN_POINT('',(-1.279436281925,-8.916789743251,
    5.797899518699E-02));
#5476 = CARTESIAN_POINT('',(-1.066896486079,-8.944702162921,
    6.346688217865E-02));
#5477 = CARTESIAN_POINT('',(-0.853704484783,-8.967063140149,
    6.895523094933E-02));
#5478 = CARTESIAN_POINT('',(-0.640011223806,-8.983853268964,
    7.444495865727E-02));
#5479 = CARTESIAN_POINT('',(-0.425967664005,-8.995052030002,
    7.993696600434E-02));
#5480 = CARTESIAN_POINT('',(-0.211724976057,-9.000637738562,
    8.543212630674E-02));
#5481 = CARTESIAN_POINT('',(0.43114574674,-9.000487000187,0.101929571169
    ));
#5482 = CARTESIAN_POINT('',(0.859525432761,-8.977791412238,
    0.112911910854));
#5483 = CARTESIAN_POINT('',(1.286201334618,-8.932859677786,
    0.123859500335));
#5484 = CARTESIAN_POINT('',(1.712325175444,-8.864794909113,
    0.134987237125));
#5485 = CARTESIAN_POINT('',(2.127772280319,-8.777065571829,
    0.145533682428));
#5486 = CARTESIAN_POINT('',(2.551024475623,-8.664601135916,
    0.157162219505));
#5487 = CARTESIAN_POINT('',(2.954265379975,-8.531248811229,
    0.167708622434));
#5488 = CARTESIAN_POINT('',(3.357342384606,-8.377353936352,
    0.178836374549));
#5489 = CARTESIAN_POINT('',(3.749185472297,-8.202590698856,
    0.189783966718));
#5490 = CARTESIAN_POINT('',(4.131403992032,-8.007832054771,
    0.200766311353));
#5491 = CARTESIAN_POINT('',(4.688071000136,-7.68626615011,0.217263756215
    ));
#5492 = CARTESIAN_POINT('',(4.870758808966,-7.574210632985,0.22275891528
    ));
#5493 = CARTESIAN_POINT('',(5.050459672483,-7.457386641582,
    0.228250920977));
#5494 = CARTESIAN_POINT('',(5.227054580481,-7.335891303124,
    0.233740647241));
#5495 = CARTESIAN_POINT('',(5.400424422825,-7.209820564917,
    0.239228995187));
#5496 = CARTESIAN_POINT('',(5.570449814962,-7.079269295221,
    0.244716882178));
#5497 = CARTESIAN_POINT('',(5.737010923411,-6.944331384051,
    0.250205230949));
#5498 = CARTESIAN_POINT('',(5.899987291279,-6.805099844055,
    0.255694958657));
#5499 = CARTESIAN_POINT('',(6.059257663757,-6.661666911326,
    0.261186966004));
#5500 = CARTESIAN_POINT('',(6.214699813624,-6.514124146257,
    0.266682126307));
#5501 = CARTESIAN_POINT('',(6.517680919884,-6.211000922495,
    0.277680422882));
#5502 = CARTESIAN_POINT('',(6.665141690639,-6.055480520292,
    0.283175581948));
#5503 = CARTESIAN_POINT('',(6.80848312182,-5.896127203968,0.288667587641
    ));
#5504 = CARTESIAN_POINT('',(6.947615396754,-5.733065593315,
    0.294157313913));
#5505 = CARTESIAN_POINT('',(7.082448296909,-5.566419194303,
    0.299645661846));
#5506 = CARTESIAN_POINT('',(7.212891059324,-5.396310541605,
    0.305133548853));
#5507 = CARTESIAN_POINT('',(7.338852234326,-5.222861341228,0.31062189761
    ));
#5508 = CARTESIAN_POINT('',(7.460239542886,-5.046192613001,
    0.316111625328));
#5509 = CARTESIAN_POINT('',(7.576959734344,-4.866424833222,0.32160363267
    ));
#5510 = CARTESIAN_POINT('',(7.688918443827,-4.683678077162,
    0.327098792974));
#5511 = CARTESIAN_POINT('',(7.903121655918,-4.312466246176,
    0.338097089548));
#5512 = CARTESIAN_POINT('',(8.005306180763,-4.124079417295,
    0.343592248614));
#5513 = CARTESIAN_POINT('',(8.102519697953,-3.933056441213,0.34908425431
    ));
#5514 = CARTESIAN_POINT('',(8.194707705221,-3.739540937663,
    0.354573980576));
#5515 = CARTESIAN_POINT('',(8.28181502385,-3.543675554537,0.360062328518
    ));
#5516 = CARTESIAN_POINT('',(8.363785697867,-3.345602142408,
    0.365550215514));
#5517 = CARTESIAN_POINT('',(8.440562893492,-3.145461929182,
    0.371038564282));
#5518 = CARTESIAN_POINT('',(8.512088798278,-2.9433956946,0.376528291991)
  );
#5519 = CARTESIAN_POINT('',(8.578304520553,-2.73954394488,0.382020299338
    ));
#5520 = CARTESIAN_POINT('',(8.639149988621,-2.534047087252,0.38751545964
    ));
#5521 = CARTESIAN_POINT('',(8.805391573131,-1.913042639175,
    0.404012904503));
#5522 = CARTESIAN_POINT('',(8.894342139864,-1.493385586588,
    0.414995244188));
#5523 = CARTESIAN_POINT('',(8.961373266626,-1.069619124925,
    0.425942833667));
#5524 = CARTESIAN_POINT('',(9.00591671428,-0.640398643439,0.437070570461
    ));
#5525 = CARTESIAN_POINT('',(9.028702304651,-0.216401532083,
    0.447617015758));
#5526 = CARTESIAN_POINT('',(9.029615730488,0.221536632309,0.459245552841
    ));
#5527 = CARTESIAN_POINT('',(9.005173701889,0.645551557373,0.469791955765
    ));
#5528 = CARTESIAN_POINT('',(8.960846673153,1.074724970694,0.480919707883
    ));
#5529 = CARTESIAN_POINT('',(8.893454802355,1.498448383194,0.49186730005)
  );
#5530 = CARTESIAN_POINT('',(8.804257830439,1.91805036898,0.502849644686)
  );
#5531 = CARTESIAN_POINT('',(8.582214112188,2.745952262517,0.524846237836
    ));
#5532 = CARTESIAN_POINT('',(8.449419036368,3.153861214302,0.535828577521
    ));
#5533 = CARTESIAN_POINT('',(8.295586464154,3.554369298754,0.546776167001
    ));
#5534 = CARTESIAN_POINT('',(8.119551980656,3.948356863372,0.557903903792
    ));
#5535 = CARTESIAN_POINT('',(7.927286325072,4.326941928126,0.568450349095
    ));
#5536 = CARTESIAN_POINT('',(7.709108292863,4.70666421669,0.580078886171)
  );
#5537 = CARTESIAN_POINT('',(7.475933412638,5.061650899085,0.590625289101
    ));
#5538 = CARTESIAN_POINT('',(7.222958373022,5.411162463278,0.601753041215
    ));
#5539 = CARTESIAN_POINT('',(6.952733594651,5.744421767284,0.612700633384
    ));
#5540 = CARTESIAN_POINT('',(6.665685758138,6.063209260495,0.623682978019
    ));
#5541 = CARTESIAN_POINT('',(6.059439310614,6.669171473013,0.64567957117)
  );
#5542 = CARTESIAN_POINT('',(5.740480925563,6.95603344978,0.656661910854)
  );
#5543 = CARTESIAN_POINT('',(5.407003967872,7.225967339229,0.667609500335
    ));
#5544 = CARTESIAN_POINT('',(5.057559850907,7.479153337217,0.678737237124
    ));
#5545 = CARTESIAN_POINT('',(4.701760376526,7.710884792991,0.689283682429
    ));
#5546 = CARTESIAN_POINT('',(4.322951513796,7.930644925171,0.700912219503
    ));
#5547 = CARTESIAN_POINT('',(3.943522802806,8.121484970012,0.711458622435
    ));
#5548 = CARTESIAN_POINT('',(3.549684209875,8.297683343716,0.722586374548
    ));
#5549 = CARTESIAN_POINT('',(3.149033035071,8.451181977845,0.733533966718
    ));
#5550 = CARTESIAN_POINT('',(2.741048569944,8.583736127119,0.744516311352
    ));
#5551 = CARTESIAN_POINT('',(1.913042639175,8.805391573131,0.766512904503
    ));
#5552 = CARTESIAN_POINT('',(1.493385586588,8.894342139866,0.777495244187
    ));
#5553 = CARTESIAN_POINT('',(1.069619124925,8.961373266623,0.788442833669
    ));
#5554 = CARTESIAN_POINT('',(0.640398643439,9.005916714286,0.799570570456
    ));
#5555 = CARTESIAN_POINT('',(0.216401532082,9.028702304644,0.810117015765
    ));
#5556 = CARTESIAN_POINT('',(-0.22153663231,9.029615730495,0.821745552835
    ));
#5557 = CARTESIAN_POINT('',(-0.645551557373,9.005173701883,0.83229195577
    ));
#5558 = CARTESIAN_POINT('',(-1.074724970695,8.960846673157,
    0.843419707881));
#5559 = CARTESIAN_POINT('',(-1.498448383194,8.893454802354,
    0.854367300051));
#5560 = CARTESIAN_POINT('',(-1.918050368981,8.804257830439,
    0.865349644686));
#5561 = CARTESIAN_POINT('',(-2.745952262517,8.582214112188,
    0.887346237836));
#5562 = CARTESIAN_POINT('',(-3.153861214302,8.449419036368,0.89832857752
    ));
#5563 = CARTESIAN_POINT('',(-3.554369298754,8.295586464154,
    0.909276167003));
#5564 = CARTESIAN_POINT('',(-3.948356863374,8.119551980656,
    0.920403903789));
#5565 = CARTESIAN_POINT('',(-4.326941928124,7.927286325073,
    0.930950349098));
#5566 = CARTESIAN_POINT('',(-4.706664216693,7.709108292862,
    0.942578886169));
#5567 = CARTESIAN_POINT('',(-5.061650899082,7.475933412639,
    0.953125289102));
#5568 = CARTESIAN_POINT('',(-5.41116246328,7.222958373022,0.964253041214
    ));
#5569 = CARTESIAN_POINT('',(-5.744421767283,6.952733594651,
    0.975200633385));
#5570 = CARTESIAN_POINT('',(-6.063209260495,6.665685758138,
    0.986182978019));
#5571 = CARTESIAN_POINT('',(-6.517680919884,6.211000922495,
    1.002680422882));
#5572 = CARTESIAN_POINT('',(-6.66514169064,6.055480520292,1.008175581947
    ));
#5573 = CARTESIAN_POINT('',(-6.808483121818,5.896127203968,
    1.013667587643));
#5574 = CARTESIAN_POINT('',(-6.947615396757,5.733065593315,1.01915731391
    ));
#5575 = CARTESIAN_POINT('',(-7.082448296904,5.566419194303,1.02464566185
    ));
#5576 = CARTESIAN_POINT('',(-7.212891059329,5.396310541606,
    1.030133548849));
#5577 = CARTESIAN_POINT('',(-7.338852234323,5.222861341227,
    1.035621897613));
#5578 = CARTESIAN_POINT('',(-7.460239542888,5.046192613001,
    1.041111625326));
#5579 = CARTESIAN_POINT('',(-7.576959734344,4.866424833222,1.04660363267
    ));
#5580 = CARTESIAN_POINT('',(-7.688918443827,4.683678077162,
    1.052098792974));
#5581 = CARTESIAN_POINT('',(-8.010223261964,4.126860330683,
    1.068596237836));
#5582 = CARTESIAN_POINT('',(-8.204758149256,3.744524846149,
    1.079578577521));
#5583 = CARTESIAN_POINT('',(-8.379184076714,3.352546808732,
    1.090526167001));
#5584 = CARTESIAN_POINT('',(-8.533300178351,2.949480353084,
    1.101653903792));
#5585 = CARTESIAN_POINT('',(-8.665047896047,2.545827937688,
    1.112200349094));
#5586 = CARTESIAN_POINT('',(-8.779276935172,2.123048566395,
    1.123828886172));
#5587 = CARTESIAN_POINT('',(-8.865410886519,1.707155537034,1.1343752891)
  );
#5588 = CARTESIAN_POINT('',(-8.933672517677,1.281133173906,
    1.145503041216));
#5589 = CARTESIAN_POINT('',(-8.978244658204,0.854405486919,
    1.156450633384));
#5590 = CARTESIAN_POINT('',(-9.000687984687,0.426015216989,
    1.167432978019));
#5591 = CARTESIAN_POINT('',(-9.000487000187,-0.43114574674,1.18942957117
    ));
#5592 = CARTESIAN_POINT('',(-8.977791412239,-0.859525432762,
    1.200411910854));
#5593 = CARTESIAN_POINT('',(-8.932859677781,-1.286201334617,
    1.211359500336));
#5594 = CARTESIAN_POINT('',(-8.864794909122,-1.712325175446,
    1.222487237123));
#5595 = CARTESIAN_POINT('',(-8.777065571816,-2.127772280315,
    1.233033682431));
#5596 = CARTESIAN_POINT('',(-8.664601135929,-2.551024475627,
    1.244662219502));
#5597 = CARTESIAN_POINT('',(-8.531248811219,-2.954265379971,
    1.255208622436));
#5598 = CARTESIAN_POINT('',(-8.377353936358,-3.357342384609,
    1.266336374547));
#5599 = CARTESIAN_POINT('',(-8.202590698853,-3.749185472296,
    1.277283966718));
#5600 = CARTESIAN_POINT('',(-8.007832054771,-4.131403992032,
    1.288266311352));
#5601 = CARTESIAN_POINT('',(-7.68626615011,-4.688071000136,
    1.304763756215));
#5602 = CARTESIAN_POINT('',(-7.574210632986,-4.870758808966,
    1.31025891528));
#5603 = CARTESIAN_POINT('',(-7.45738664158,-5.050459672483,
    1.315750920976));
#5604 = CARTESIAN_POINT('',(-7.335891303127,-5.227054580481,
    1.321240647243));
#5605 = CARTESIAN_POINT('',(-7.209820564913,-5.400424422824,
    1.326728995184));
#5606 = CARTESIAN_POINT('',(-7.079269295225,-5.570449814963,
    1.332216882181));
#5607 = CARTESIAN_POINT('',(-6.944331384047,-5.737010923409,
    1.337705230948));
#5608 = CARTESIAN_POINT('',(-6.805099844057,-5.89998729128,
    1.343194958658));
#5609 = CARTESIAN_POINT('',(-6.661666911325,-6.059257663756,
    1.348686966004));
#5610 = CARTESIAN_POINT('',(-6.514124146257,-6.214699813624,
    1.354182126307));
#5611 = CARTESIAN_POINT('',(-6.211000922495,-6.517680919884,
    1.365180422882));
#5612 = CARTESIAN_POINT('',(-6.055480520291,-6.665141690639,
    1.370675581947));
#5613 = CARTESIAN_POINT('',(-5.896127203969,-6.80848312182,
    1.376167587642));
#5614 = CARTESIAN_POINT('',(-5.733065593313,-6.947615396754,
    1.381657313911));
#5615 = CARTESIAN_POINT('',(-5.566419194305,-7.082448296908,
    1.387145661849));
#5616 = CARTESIAN_POINT('',(-5.396310541604,-7.212891059325,
    1.39263354885));
#5617 = CARTESIAN_POINT('',(-5.222861341227,-7.338852234325,
    1.398121897613));
#5618 = CARTESIAN_POINT('',(-5.046192613001,-7.460239542887,
    1.403611625326));
#5619 = CARTESIAN_POINT('',(-4.866424833222,-7.576959734344,
    1.40910363267));
#5620 = CARTESIAN_POINT('',(-4.683678077162,-7.688918443827,
    1.414598792974));
#5621 = CARTESIAN_POINT('',(-4.312466246176,-7.903121655918,
    1.425597089549));
#5622 = CARTESIAN_POINT('',(-4.124079417296,-8.005306180765,
    1.431092248613));
#5623 = CARTESIAN_POINT('',(-3.933056441211,-8.102519697948,
    1.436584254311));
#5624 = CARTESIAN_POINT('',(-3.739540937667,-8.194707705229,
    1.442073980574));
#5625 = CARTESIAN_POINT('',(-3.543675554532,-8.281815023839,
    1.447562328521));
#5626 = CARTESIAN_POINT('',(-3.345602142413,-8.363785697878,
    1.453050215511));
#5627 = CARTESIAN_POINT('',(-3.145461929179,-8.440562893484,
    1.458538564284));
#5628 = CARTESIAN_POINT('',(-2.943395694602,-8.512088798282,
    1.46402829199));
#5629 = CARTESIAN_POINT('',(-2.73954394488,-8.578304520551,
    1.469520299338));
#5630 = CARTESIAN_POINT('',(-2.534047087252,-8.639149988622,
    1.47501545964));
#5631 = CARTESIAN_POINT('',(-1.913042639175,-8.805391573131,
    1.491512904503));
#5632 = CARTESIAN_POINT('',(-1.493385586588,-8.894342139865,
    1.502495244187));
#5633 = CARTESIAN_POINT('',(-1.069619124924,-8.961373266626,
    1.513442833668));
#5634 = CARTESIAN_POINT('',(-0.64039864344,-9.005916714281,
    1.524570570458));
#5635 = CARTESIAN_POINT('',(-0.216401532081,-9.028702304651,
    1.535117015762));
#5636 = CARTESIAN_POINT('',(0.221536632308,-9.029615730488,
    1.546745552838));
#5637 = CARTESIAN_POINT('',(0.645551557374,-9.005173701889,
    1.557291955767));
#5638 = CARTESIAN_POINT('',(1.074724970694,-8.960846673153,
    1.568419707882));
#5639 = CARTESIAN_POINT('',(1.498448383194,-8.893454802355,
    1.579367300051));
#5640 = CARTESIAN_POINT('',(1.918050368981,-8.804257830439,
    1.590349644686));
#5641 = CARTESIAN_POINT('',(2.745952262517,-8.582214112188,
    1.612346237836));
#5642 = CARTESIAN_POINT('',(3.153861214302,-8.449419036368,1.62332857752
    ));
#5643 = CARTESIAN_POINT('',(3.554369298753,-8.295586464153,
    1.634276167002));
#5644 = CARTESIAN_POINT('',(3.948356863375,-8.119551980657,1.64540390379
    ));
#5645 = CARTESIAN_POINT('',(4.326941928121,-7.92728632507,1.655950349097
    ));
#5646 = CARTESIAN_POINT('',(4.706664216696,-7.709108292865,
    1.667578886169));
#5647 = CARTESIAN_POINT('',(5.06165089908,-7.475933412637,1.678125289103
    ));
#5648 = CARTESIAN_POINT('',(5.411162463281,-7.222958373023,
    1.689253041214));
#5649 = CARTESIAN_POINT('',(5.744421767283,-6.952733594651,
    1.700200633385));
#5650 = CARTESIAN_POINT('',(6.063209260495,-6.665685758138,
    1.711182978019));
#5651 = CARTESIAN_POINT('',(6.669171473013,-6.059439310614,1.73317957117
    ));
#5652 = CARTESIAN_POINT('',(6.95603344978,-5.740480925564,1.744161910854
    ));
#5653 = CARTESIAN_POINT('',(7.225967339227,-5.40700396787,1.755109500335
    ));
#5654 = CARTESIAN_POINT('',(7.47915333722,-5.05755985091,1.766237237125)
  );
#5655 = CARTESIAN_POINT('',(7.710884792986,-4.701760376523,
    1.776783682428));
#5656 = CARTESIAN_POINT('',(7.930644925176,-4.322951513799,
    1.788412219505));
#5657 = CARTESIAN_POINT('',(8.121484970009,-3.943522802804,
    1.798958622434));
#5658 = CARTESIAN_POINT('',(8.297683343718,-3.549684209875,
    1.810086374549));
#5659 = CARTESIAN_POINT('',(8.451181977844,-3.149033035071,
    1.821033966718));
#5660 = CARTESIAN_POINT('',(8.583736127119,-2.741048569944,
    1.832016311353));
#5661 = CARTESIAN_POINT('',(8.805391573131,-1.913042639175,
    1.854012904503));
#5662 = CARTESIAN_POINT('',(8.894342139866,-1.493385586588,
    1.864995244187));
#5663 = CARTESIAN_POINT('',(8.961373266623,-1.069619124924,
    1.875942833669));
#5664 = CARTESIAN_POINT('',(9.005916714286,-0.64039864344,1.887070570457
    ));
#5665 = CARTESIAN_POINT('',(9.028702304643,-0.216401532081,
    1.897617015763));
#5666 = CARTESIAN_POINT('',(9.029615730496,0.221536632308,1.909245552837
    ));
#5667 = CARTESIAN_POINT('',(9.005173701883,0.645551557374,1.919791955768
    ));
#5668 = CARTESIAN_POINT('',(8.960846673156,1.074724970694,1.930919707882
    ));
#5669 = CARTESIAN_POINT('',(8.893454802354,1.498448383194,1.941867300051
    ));
#5670 = CARTESIAN_POINT('',(8.804257830439,1.91805036898,1.952849644686)
  );
#5671 = CARTESIAN_POINT('',(8.582214112188,2.745952262517,1.974846237836
    ));
#5672 = CARTESIAN_POINT('',(8.449419036368,3.153861214301,1.985828577521
    ));
#5673 = CARTESIAN_POINT('',(8.295586464154,3.554369298755,1.996776167001
    ));
#5674 = CARTESIAN_POINT('',(8.119551980656,3.948356863372,2.007903903792
    ));
#5675 = CARTESIAN_POINT('',(7.927286325073,4.326941928127,2.018450349094
    ));
#5676 = CARTESIAN_POINT('',(7.709108292862,4.706664216689,2.030078886172
    ));
#5677 = CARTESIAN_POINT('',(7.475933412639,5.061650899085,2.0406252891)
  );
#5678 = CARTESIAN_POINT('',(7.222958373022,5.411162463278,2.051753041216
    ));
#5679 = CARTESIAN_POINT('',(6.952733594651,5.744421767284,2.062700633384
    ));
#5680 = CARTESIAN_POINT('',(6.665685758138,6.063209260494,2.073682978019
    ));
#5681 = CARTESIAN_POINT('',(6.059439310614,6.669171473013,2.09567957117)
  );
#5682 = CARTESIAN_POINT('',(5.740480925564,6.956033449778,2.106661910854
    ));
#5683 = CARTESIAN_POINT('',(5.407003967871,7.225967339233,2.117609500335
    ));
#5684 = CARTESIAN_POINT('',(5.057559850909,7.47915333721,2.128737237124)
  );
#5685 = CARTESIAN_POINT('',(4.701760376525,7.710884793,2.139283682429));
#5686 = CARTESIAN_POINT('',(4.322951513797,7.930644925162,2.150912219504
    ));
#5687 = CARTESIAN_POINT('',(3.943522802806,8.121484970019,2.161458622435
    ));
#5688 = CARTESIAN_POINT('',(3.549684209874,8.297683343712,2.172586374548
    ));
#5689 = CARTESIAN_POINT('',(3.149033035072,8.451181977847,2.183533966718
    ));
#5690 = CARTESIAN_POINT('',(2.741048569944,8.583736127118,2.194516311353
    ));
#5691 = CARTESIAN_POINT('',(2.120044121868,8.749977711628,2.211013756215
    ));
#5692 = CARTESIAN_POINT('',(1.911629117375,8.799922284063,2.21650891528)
  );
#5693 = CARTESIAN_POINT('',(1.701954381671,8.844382946715,2.222000920976
    ));
#5694 = CARTESIAN_POINT('',(1.491172746995,8.883344225976,2.227490647243
    ));
#5695 = CARTESIAN_POINT('',(1.279436281927,8.916789743257,2.232978995185
    ));
#5696 = CARTESIAN_POINT('',(1.066896486076,8.944702162914,2.238466882181
    ));
#5697 = CARTESIAN_POINT('',(0.853704484785,8.967063140155,2.243955230948
    ));
#5698 = CARTESIAN_POINT('',(0.640011223804,8.98385326896,2.249444958658)
  );
#5699 = CARTESIAN_POINT('',(0.425967664006,8.995052030004,2.254936966004
    ));
#5700 = CARTESIAN_POINT('',(0.211724976057,9.000637738562,2.260432126307
    ));
#5701 = CARTESIAN_POINT('',(-0.43114574674,9.000487000187,2.276929571169
    ));
#5702 = CARTESIAN_POINT('',(-0.859525432762,8.977791412238,
    2.287911910854));
#5703 = CARTESIAN_POINT('',(-1.286201334618,8.932859677786,
    2.298859500334));
#5704 = CARTESIAN_POINT('',(-1.712325175444,8.864794909113,
    2.309987237126));
#5705 = CARTESIAN_POINT('',(-2.127772280319,8.777065571829,
    2.320533682427));
#5706 = CARTESIAN_POINT('',(-2.551024475622,8.664601135915,
    2.332162219506));
#5707 = CARTESIAN_POINT('',(-2.954265379975,8.53124881123,2.342708622432
    ));
#5708 = CARTESIAN_POINT('',(-3.357342384605,8.377353936352,2.35383637455
    ));
#5709 = CARTESIAN_POINT('',(-3.749185472297,8.202590698856,
    2.364783966717));
#5710 = CARTESIAN_POINT('',(-4.131403992032,8.007832054771,
    2.375766311353));
#5711 = CARTESIAN_POINT('',(-4.688071000136,7.68626615011,2.392263756215
    ));
#5712 = CARTESIAN_POINT('',(-4.870758808966,7.574210632984,2.39775891528
    ));
#5713 = CARTESIAN_POINT('',(-5.050459672484,7.457386641584,
    2.403250920976));
#5714 = CARTESIAN_POINT('',(-5.22705458048,7.335891303121,2.408740647242
    ));
#5715 = CARTESIAN_POINT('',(-5.400424422826,7.209820564921,
    2.414228995185));
#5716 = CARTESIAN_POINT('',(-5.570449814961,7.079269295217,2.41971688218
    ));
#5717 = CARTESIAN_POINT('',(-5.737010923411,6.944331384053,
    2.425205230948));
#5718 = CARTESIAN_POINT('',(-5.899987291279,6.805099844054,
    2.430694958658));
#5719 = CARTESIAN_POINT('',(-6.059257663757,6.661666911326,
    2.436186966004));
#5720 = CARTESIAN_POINT('',(-6.214699813624,6.514124146257,
    2.441682126307));
#5721 = CARTESIAN_POINT('',(-6.517680919883,6.211000922495,
    2.452680422882));
#5722 = CARTESIAN_POINT('',(-6.66514169064,6.055480520292,2.458175581947
    ));
#5723 = CARTESIAN_POINT('',(-6.808483121817,5.896127203966,
    2.463667587643));
#5724 = CARTESIAN_POINT('',(-6.947615396759,5.733065593318,
    2.469157313909));
#5725 = CARTESIAN_POINT('',(-7.082448296902,5.566419194299,
    2.474645661852));
#5726 = CARTESIAN_POINT('',(-7.212891059331,5.39631054161,2.480133548847
    ));
#5727 = CARTESIAN_POINT('',(-7.338852234321,5.222861341224,
    2.485621897615));
#5728 = CARTESIAN_POINT('',(-7.460239542889,5.046192613003,
    2.491111625325));
#5729 = CARTESIAN_POINT('',(-7.576959734343,4.866424833221,
    2.496603632671));
#5730 = CARTESIAN_POINT('',(-7.688918443827,4.683678077162,
    2.502098792973));
#5731 = CARTESIAN_POINT('',(-7.903121655918,4.312466246176,
    2.513097089549));
#5732 = CARTESIAN_POINT('',(-8.005306180764,4.124079417296,
    2.518592248614));
#5733 = CARTESIAN_POINT('',(-8.10251969795,3.933056441212,2.52408425431)
  );
#5734 = CARTESIAN_POINT('',(-8.194707705227,3.739540937664,
    2.529573980576));
#5735 = CARTESIAN_POINT('',(-8.281815023842,3.543675554535,
    2.535062328518));
#5736 = CARTESIAN_POINT('',(-8.363785697875,3.34560214241,2.540550215514
    ));
#5737 = CARTESIAN_POINT('',(-8.440562893486,3.145461929181,
    2.546038564281));
#5738 = CARTESIAN_POINT('',(-8.512088798282,2.943395694601,
    2.551528291991));
#5739 = CARTESIAN_POINT('',(-8.578304520551,2.73954394488,2.557020299337
    ));
#5740 = CARTESIAN_POINT('',(-8.639149988622,2.534047087252,2.56251545964
    ));
#5741 = CARTESIAN_POINT('',(-8.805391573131,1.913042639175,
    2.579012904503));
#5742 = CARTESIAN_POINT('',(-8.894342139866,1.493385586588,
    2.589995244187));
#5743 = CARTESIAN_POINT('',(-8.961373266623,1.069619124925,
    2.600942833668));
#5744 = CARTESIAN_POINT('',(-9.005916714287,0.640398643439,
    2.612070570458));
#5745 = CARTESIAN_POINT('',(-9.028702304643,0.216401532082,
    2.622617015762));
#5746 = CARTESIAN_POINT('',(-9.029615730496,-0.221536632309,
    2.634245552838));
#5747 = CARTESIAN_POINT('',(-9.005173701883,-0.645551557373,
    2.644791955767));
#5748 = CARTESIAN_POINT('',(-8.960846673157,-1.074724970694,
    2.655919707882));
#5749 = CARTESIAN_POINT('',(-8.893454802354,-1.498448383194,
    2.666867300051));
#5750 = CARTESIAN_POINT('',(-8.804257830439,-1.918050368981,
    2.677849644686));
#5751 = CARTESIAN_POINT('',(-8.582214112188,-2.745952262517,
    2.699846237836));
#5752 = CARTESIAN_POINT('',(-8.449419036368,-3.153861214302,
    2.710828577521));
#5753 = CARTESIAN_POINT('',(-8.295586464154,-3.554369298752,
    2.721776167001));
#5754 = CARTESIAN_POINT('',(-8.119551980657,-3.948356863376,
    2.732903903792));
#5755 = CARTESIAN_POINT('',(-7.927286325071,-4.326941928122,
    2.743450349095));
#5756 = CARTESIAN_POINT('',(-7.709108292864,-4.706664216694,
    2.755078886172));
#5757 = CARTESIAN_POINT('',(-7.475933412637,-5.061650899082,2.7656252891
    ));
#5758 = CARTESIAN_POINT('',(-7.222958373023,-5.411162463279,
    2.776753041216));
#5759 = CARTESIAN_POINT('',(-6.952733594651,-5.744421767284,
    2.787700633384));
#5760 = CARTESIAN_POINT('',(-6.665685758138,-6.063209260495,
    2.798682978019));
#5761 = CARTESIAN_POINT('',(-6.059439310614,-6.669171473013,
    2.820679571169));
#5762 = CARTESIAN_POINT('',(-5.740480925564,-6.956033449779,
    2.831661910854));
#5763 = CARTESIAN_POINT('',(-5.40700396787,-7.225967339231,
    2.842609500334));
#5764 = CARTESIAN_POINT('',(-5.05755985091,-7.479153337214,
    2.853737237125));
#5765 = CARTESIAN_POINT('',(-4.701760376523,-7.710884792994,
    2.864283682428));
#5766 = CARTESIAN_POINT('',(-4.322951513799,-7.930644925168,
    2.875912219505));
#5767 = CARTESIAN_POINT('',(-3.943522802804,-8.121484970015,
    2.886458622434));
#5768 = CARTESIAN_POINT('',(-3.549684209875,-8.297683343715,
    2.897586374549));
#5769 = CARTESIAN_POINT('',(-3.149033035072,-8.451181977846,
    2.908533966717));
#5770 = CARTESIAN_POINT('',(-2.741048569944,-8.583736127118,
    2.919516311353));
#5771 = CARTESIAN_POINT('',(-1.913042639175,-8.805391573131,
    2.941512904503));
#5772 = CARTESIAN_POINT('',(-1.493385586588,-8.894342139865,
    2.952495244187));
#5773 = CARTESIAN_POINT('',(-1.069619124925,-8.961373266626,
    2.963442833668));
#5774 = CARTESIAN_POINT('',(-0.64039864344,-9.00591671428,2.974570570458
    ));
#5775 = CARTESIAN_POINT('',(-0.21640153208,-9.028702304651,
    2.985117015761));
#5776 = CARTESIAN_POINT('',(0.221536632307,-9.029615730489,
    2.996745552838));
#5777 = CARTESIAN_POINT('',(0.645551557375,-9.005173701888,
    3.007291955767));
#5778 = CARTESIAN_POINT('',(1.074724970694,-8.960846673154,
    3.018419707882));
#5779 = CARTESIAN_POINT('',(1.498448383194,-8.893454802355,
    3.029367300051));
#5780 = CARTESIAN_POINT('',(1.91805036898,-8.804257830439,3.040349644686
    ));
#5781 = CARTESIAN_POINT('',(2.745952262517,-8.582214112188,
    3.062346237836));
#5782 = CARTESIAN_POINT('',(3.153861214302,-8.449419036368,
    3.073328577521));
#5783 = CARTESIAN_POINT('',(3.554369298753,-8.295586464152,
    3.084276167001));
#5784 = CARTESIAN_POINT('',(3.948356863375,-8.119551980659,
    3.095403903791));
#5785 = CARTESIAN_POINT('',(4.326941928122,-7.927286325068,
    3.105950349095));
#5786 = CARTESIAN_POINT('',(4.706664216694,-7.709108292868,
    3.117578886171));
#5787 = CARTESIAN_POINT('',(5.061650899082,-7.475933412634,
    3.128125289101));
#5788 = CARTESIAN_POINT('',(5.41116246328,-7.222958373024,3.139253041215
    ));
#5789 = CARTESIAN_POINT('',(5.744421767283,-6.95273359465,3.150200633384
    ));
#5790 = CARTESIAN_POINT('',(6.063209260495,-6.665685758138,
    3.161182978019));
#5791 = CARTESIAN_POINT('',(6.517680919884,-6.211000922495,
    3.177680422882));
#5792 = CARTESIAN_POINT('',(6.66514169064,-6.055480520292,3.183175581947
    ));
#5793 = CARTESIAN_POINT('',(6.808483121819,-5.896127203967,
    3.188667587643));
#5794 = CARTESIAN_POINT('',(6.947615396756,-5.733065593316,
    3.194157313909));
#5795 = CARTESIAN_POINT('',(7.082448296906,-5.566419194301,
    3.199645661852));
#5796 = CARTESIAN_POINT('',(7.212891059327,-5.396310541607,
    3.205133548847));
#5797 = CARTESIAN_POINT('',(7.338852234323,-5.222861341225,
    3.210621897615));
#5798 = CARTESIAN_POINT('',(7.460239542888,-5.046192613002,
    3.216111625325));
#5799 = CARTESIAN_POINT('',(7.576959734344,-4.866424833221,
    3.221603632671));
#5800 = CARTESIAN_POINT('',(7.688918443827,-4.683678077162,
    3.227098792973));
#5801 = CARTESIAN_POINT('',(8.010223261963,-4.126860330683,
    3.243596237836));
#5802 = CARTESIAN_POINT('',(8.204758149257,-3.744524846148,
    3.254578577521));
#5803 = CARTESIAN_POINT('',(8.379184076711,-3.352546808732,
    3.265526167001));
#5804 = CARTESIAN_POINT('',(8.533300178357,-2.949480353083,
    3.276653903791));
#5805 = CARTESIAN_POINT('',(8.66504789604,-2.545827937689,3.287200349095
    ));
#5806 = CARTESIAN_POINT('',(8.779276935179,-2.123048566393,
    3.298828886171));
#5807 = CARTESIAN_POINT('',(8.865410886513,-1.707155537037,
    3.309375289101));
#5808 = CARTESIAN_POINT('',(8.93367251768,-1.281133173904,3.320503041215
    ));
#5809 = CARTESIAN_POINT('',(8.978244658202,-0.85440548692,3.331450633384
    ));
#5810 = CARTESIAN_POINT('',(9.000687984687,-0.426015216989,
    3.342432978019));
#5811 = CARTESIAN_POINT('',(9.000487000187,0.43114574674,3.36442957117)
  );
#5812 = CARTESIAN_POINT('',(8.977791412237,0.859525432761,3.375411910854
    ));
#5813 = CARTESIAN_POINT('',(8.932859677786,1.286201334618,3.386359500335
    ));
#5814 = CARTESIAN_POINT('',(8.864794909113,1.712325175445,3.397487237124
    ));
#5815 = CARTESIAN_POINT('',(8.777065571828,2.127772280318,3.408033682429
    ));
#5816 = CARTESIAN_POINT('',(8.664601135917,2.551024475624,3.419662219504
    ));
#5817 = CARTESIAN_POINT('',(8.531248811228,2.954265379972,3.430208622435
    ));
#5818 = CARTESIAN_POINT('',(8.377353936353,3.357342384608,3.441336374548
    ));
#5819 = CARTESIAN_POINT('',(8.202590698856,3.749185472296,3.452283966718
    ));
#5820 = CARTESIAN_POINT('',(8.007832054771,4.131403992032,3.463266311353
    ));
#5821 = CARTESIAN_POINT('',(7.68626615011,4.688071000136,3.479763756215)
  );
#5822 = CARTESIAN_POINT('',(7.574210632985,4.870758808966,3.48525891528)
  );
#5823 = CARTESIAN_POINT('',(7.457386641582,5.050459672484,3.490750920977
    ));
#5824 = CARTESIAN_POINT('',(7.335891303123,5.227054580479,3.496240647242
    ));
#5825 = CARTESIAN_POINT('',(7.209820564918,5.400424422827,3.501728995186
    ));
#5826 = CARTESIAN_POINT('',(7.07926929522,5.570449814961,3.507216882179)
  );
#5827 = CARTESIAN_POINT('',(6.944331384051,5.737010923411,3.512705230949
    ));
#5828 = CARTESIAN_POINT('',(6.805099844055,5.899987291279,3.518194958657
    ));
#5829 = CARTESIAN_POINT('',(6.661666911326,6.059257663757,3.523686966004
    ));
#5830 = CARTESIAN_POINT('',(6.514124146257,6.214699813624,3.529182126307
    ));
#5831 = CARTESIAN_POINT('',(6.211000922495,6.517680919884,3.540180422882
    ));
#5832 = CARTESIAN_POINT('',(6.055480520292,6.665141690639,3.545675581947
    ));
#5833 = CARTESIAN_POINT('',(5.896127203967,6.808483121819,3.551167587643
    ));
#5834 = CARTESIAN_POINT('',(5.733065593316,6.947615396757,3.556657313909
    ));
#5835 = CARTESIAN_POINT('',(5.566419194302,7.082448296905,3.562145661852
    ));
#5836 = CARTESIAN_POINT('',(5.396310541606,7.212891059327,3.567633548847
    ));
#5837 = CARTESIAN_POINT('',(5.222861341227,7.338852234324,3.573121897615
    ));
#5838 = CARTESIAN_POINT('',(5.046192613001,7.460239542887,3.578611625324
    ));
#5839 = CARTESIAN_POINT('',(4.866424833222,7.576959734344,3.584103632671
    ));
#5840 = CARTESIAN_POINT('',(4.683678077162,7.688918443827,3.589598792973
    ));
#5841 = CARTESIAN_POINT('',(4.126860330683,8.010223261964,3.606096237836
    ));
#5842 = CARTESIAN_POINT('',(3.744524846148,8.204758149256,3.617078577521
    ));
#5843 = CARTESIAN_POINT('',(3.352546808733,8.379184076713,3.628026167002
    ));
#5844 = CARTESIAN_POINT('',(2.949480353082,8.533300178354,3.639153903791
    ));
#5845 = CARTESIAN_POINT('',(2.54582793769,8.665047896043,3.649700349095)
  );
#5846 = CARTESIAN_POINT('',(2.123048566392,8.779276935177,3.661328886171
    ));
#5847 = CARTESIAN_POINT('',(1.707155537037,8.865410886515,3.671875289101
    ));
#5848 = CARTESIAN_POINT('',(1.281133173904,8.93367251768,3.683003041215)
  );
#5849 = CARTESIAN_POINT('',(0.85440548692,8.978244658203,3.693950633384)
  );
#5850 = CARTESIAN_POINT('',(0.426015216989,9.000687984687,3.704932978019
    ));
#5851 = CARTESIAN_POINT('',(-0.216855505808,9.000537246312,
    3.721430422882));
#5852 = CARTESIAN_POINT('',(-0.43109554778,8.994838226262,3.726925581947
    ));
#5853 = CARTESIAN_POINT('',(-0.645133056367,8.983516113694,
    3.732417587644));
#5854 = CARTESIAN_POINT('',(-0.858816402104,8.966595518147,
    3.737907313908));
#5855 = CARTESIAN_POINT('',(-1.071994458924,8.944099977359,
    3.743395661853));
#5856 = CARTESIAN_POINT('',(-1.284516402655,8.916051957372,
    3.748883548846));
#5857 = CARTESIAN_POINT('',(-1.496231509436,8.882472852592,
    3.754371897616));
#5858 = CARTESIAN_POINT('',(-1.706988954226,8.84338298588,3.759861625324
    ));
#5859 = CARTESIAN_POINT('',(-1.916637609226,8.798801608637,
    3.765353632671));
#5860 = CARTESIAN_POINT('',(-2.125025842365,8.748746900876,
    3.770848792973));
#5861 = CARTESIAN_POINT('',(-2.745952262517,8.582214112188,
    3.787346237836));
#5862 = CARTESIAN_POINT('',(-3.153861214302,8.449419036368,
    3.798328577521));
#5863 = CARTESIAN_POINT('',(-3.554369298753,8.295586464154,
    3.809276167002));
#5864 = CARTESIAN_POINT('',(-3.948356863374,8.119551980656,
    3.820403903791));
#5865 = CARTESIAN_POINT('',(-4.326941928123,7.927286325073,
    3.830950349095));
#5866 = CARTESIAN_POINT('',(-4.706664216694,7.709108292862,
    3.842578886171));
#5867 = CARTESIAN_POINT('',(-5.06165089908,7.475933412639,3.853125289101
    ));
#5868 = CARTESIAN_POINT('',(-5.411162463281,7.222958373021,
    3.864253041215));
#5869 = CARTESIAN_POINT('',(-5.744421767283,6.952733594651,
    3.875200633384));
#5870 = CARTESIAN_POINT('',(-6.063209260495,6.665685758138,
    3.886182978019));
#5871 = CARTESIAN_POINT('',(-6.669171473013,6.059439310614,3.90817957117
    ));
#5872 = CARTESIAN_POINT('',(-6.956033449781,5.740480925563,
    3.919161910854));
#5873 = CARTESIAN_POINT('',(-7.225967339225,5.407003967873,
    3.930109500335));
#5874 = CARTESIAN_POINT('',(-7.479153337224,5.057559850906,
    3.941237237125));
#5875 = CARTESIAN_POINT('',(-7.71088479298,4.701760376528,3.951783682428
    ));
#5876 = CARTESIAN_POINT('',(-7.930644925182,4.322951513794,
    3.963412219505));
#5877 = CARTESIAN_POINT('',(-8.121484970004,3.943522802807,
    3.973958622434));
#5878 = CARTESIAN_POINT('',(-8.297683343721,3.549684209873,
    3.985086374549));
#5879 = CARTESIAN_POINT('',(-8.451181977843,3.149033035072,
    3.996033966718));
#5880 = CARTESIAN_POINT('',(-8.583736127119,2.741048569944,
    4.007016311353));
#5881 = CARTESIAN_POINT('',(-8.80539157313,1.913042639175,4.029012904503
    ));
#5882 = CARTESIAN_POINT('',(-8.894342139866,1.493385586588,
    4.039995244187));
#5883 = CARTESIAN_POINT('',(-8.961373266622,1.069619124925,
    4.050942833668));
#5884 = CARTESIAN_POINT('',(-9.005916714286,0.640398643439,
    4.062070570458));
#5885 = CARTESIAN_POINT('',(-9.028702304644,0.216401532083,
    4.072617015761));
#5886 = CARTESIAN_POINT('',(-9.029615730494,-0.22153663231,
    4.084245552838));
#5887 = CARTESIAN_POINT('',(-9.005173701885,-0.645551557373,
    4.094791955767));
#5888 = CARTESIAN_POINT('',(-8.960846673155,-1.074724970695,
    4.105919707882));
#5889 = CARTESIAN_POINT('',(-8.893454802355,-1.498448383194,
    4.116867300051));
#5890 = CARTESIAN_POINT('',(-8.804257830439,-1.91805036898,
    4.127849644686));
#5891 = CARTESIAN_POINT('',(-8.582214112188,-2.745952262517,
    4.149846237836));
#5892 = CARTESIAN_POINT('',(-8.449419036367,-3.153861214302,
    4.160828577521));
#5893 = CARTESIAN_POINT('',(-8.295586464157,-3.554369298755,
    4.171776167001));
#5894 = CARTESIAN_POINT('',(-8.119551980651,-3.948356863372,
    4.182903903792));
#5895 = CARTESIAN_POINT('',(-7.927286325078,-4.326941928127,
    4.193450349095));
#5896 = CARTESIAN_POINT('',(-7.709108292858,-4.706664216689,
    4.205078886171));
#5897 = CARTESIAN_POINT('',(-7.475933412642,-5.061650899085,
    4.215625289101));
#5898 = CARTESIAN_POINT('',(-7.22295837302,-5.411162463278,
    4.226753041216));
#5899 = CARTESIAN_POINT('',(-6.952733594651,-5.744421767284,
    4.237700633384));
#5900 = CARTESIAN_POINT('',(-6.665685758138,-6.063209260495,
    4.248682978019));
#5901 = CARTESIAN_POINT('',(-6.211000922495,-6.517680919884,
    4.265180422882));
#5902 = CARTESIAN_POINT('',(-6.055480520292,-6.66514169064,
    4.270675581947));
#5903 = CARTESIAN_POINT('',(-5.896127203967,-6.808483121818,
    4.276167587643));
#5904 = CARTESIAN_POINT('',(-5.733065593317,-6.947615396758,
    4.281657313909));
#5905 = CARTESIAN_POINT('',(-5.5664191943,-7.082448296903,4.287145661852
    ));
#5906 = CARTESIAN_POINT('',(-5.396310541609,-7.21289105933,
    4.292633548846));
#5907 = CARTESIAN_POINT('',(-5.222861341225,-7.338852234322,
    4.298121897615));
#5908 = CARTESIAN_POINT('',(-5.046192613002,-7.460239542888,
    4.303611625324));
#5909 = CARTESIAN_POINT('',(-4.866424833221,-7.576959734344,
    4.309103632671));
#5910 = CARTESIAN_POINT('',(-4.683678077162,-7.688918443827,
    4.314598792973));
#5911 = CARTESIAN_POINT('',(-4.126860330683,-8.010223261964,
    4.331096237836));
#5912 = CARTESIAN_POINT('',(-3.744524846148,-8.204758149255,
    4.342078577521));
#5913 = CARTESIAN_POINT('',(-3.352546808733,-8.379184076716,
    4.353026167001));
#5914 = CARTESIAN_POINT('',(-2.949480353081,-8.533300178349,
    4.364153903792));
#5915 = CARTESIAN_POINT('',(-2.545827937691,-8.66504789605,
    4.374700349095));
#5916 = CARTESIAN_POINT('',(-2.123048566392,-8.779276935168,
    4.386328886171));
#5917 = CARTESIAN_POINT('',(-1.707155537037,-8.865410886521,
    4.396875289101));
#5918 = CARTESIAN_POINT('',(-1.281133173905,-8.933672517676,
    4.408003041216));
#5919 = CARTESIAN_POINT('',(-0.854405486919,-8.978244658204,
    4.418950633384));
#5920 = CARTESIAN_POINT('',(-0.426015216989,-9.000687984687,
    4.429932978019));
#5921 = CARTESIAN_POINT('',(0.43114574674,-9.000487000187,4.451929571169
    ));
#5922 = CARTESIAN_POINT('',(0.859525432761,-8.977791412239,
    4.462911910854));
#5923 = CARTESIAN_POINT('',(1.286201334618,-8.932859677782,
    4.473859500335));
#5924 = CARTESIAN_POINT('',(1.712325175445,-8.864794909121,
    4.484987237125));
#5925 = CARTESIAN_POINT('',(2.127772280317,-8.777065571818,
    4.495533682428));
#5926 = CARTESIAN_POINT('',(2.551024475625,-8.664601135927,
    4.507162219505));
#5927 = CARTESIAN_POINT('',(2.954265379971,-8.531248811221,
    4.517708622434));
#5928 = CARTESIAN_POINT('',(3.357342384608,-8.377353936357,
    4.528836374549));
#5929 = CARTESIAN_POINT('',(3.749185472296,-8.202590698854,
    4.539783966717));
#5930 = CARTESIAN_POINT('',(4.131403992032,-8.007832054771,
    4.550766311353));
#5931 = CARTESIAN_POINT('',(4.688071000136,-7.68626615011,4.567263756215
    ));
#5932 = CARTESIAN_POINT('',(4.870758808967,-7.574210632985,4.57275891528
    ));
#5933 = CARTESIAN_POINT('',(5.050459672482,-7.457386641582,
    4.578250920977));
#5934 = CARTESIAN_POINT('',(5.227054580483,-7.335891303124,
    4.583740647242));
#5935 = CARTESIAN_POINT('',(5.400424422823,-7.209820564917,
    4.589228995186));
#5936 = CARTESIAN_POINT('',(5.570449814964,-7.079269295221,4.59471688218
    ));
#5937 = CARTESIAN_POINT('',(5.737010923409,-6.94433138405,4.600205230949
    ));
#5938 = CARTESIAN_POINT('',(5.89998729128,-6.805099844055,4.605694958658
    ));
#5939 = CARTESIAN_POINT('',(6.059257663756,-6.661666911326,
    4.611186966004));
#5940 = CARTESIAN_POINT('',(6.214699813624,-6.514124146257,
    4.616682126307));
#5941 = CARTESIAN_POINT('',(6.517680919884,-6.211000922495,
    4.627680422882));
#5942 = CARTESIAN_POINT('',(6.665141690639,-6.055480520293,
    4.633175581947));
#5943 = CARTESIAN_POINT('',(6.808483121819,-5.896127203965,
    4.638667587643));
#5944 = CARTESIAN_POINT('',(6.947615396756,-5.73306559332,4.644157313909
    ));
#5945 = CARTESIAN_POINT('',(7.082448296905,-5.566419194296,
    4.649645661852));
#5946 = CARTESIAN_POINT('',(7.212891059328,-5.396310541613,
    4.655133548847));
#5947 = CARTESIAN_POINT('',(7.338852234323,-5.222861341221,
    4.660621897615));
#5948 = CARTESIAN_POINT('',(7.460239542888,-5.046192613004,
    4.666111625324));
#5949 = CARTESIAN_POINT('',(7.576959734343,-4.866424833221,
    4.671603632671));
#5950 = CARTESIAN_POINT('',(7.688918443827,-4.683678077162,
    4.677098792973));
#5951 = CARTESIAN_POINT('',(8.010223261963,-4.126860330683,
    4.693596237836));
#5952 = CARTESIAN_POINT('',(8.204758149256,-3.744524846148,
    4.704578577521));
#5953 = CARTESIAN_POINT('',(8.379184076713,-3.352546808733,
    4.715526167001));
#5954 = CARTESIAN_POINT('',(8.533300178353,-2.949480353081,
    4.726653903792));
#5955 = CARTESIAN_POINT('',(8.665047896045,-2.545827937691,
    4.737200349095));
#5956 = CARTESIAN_POINT('',(8.779276935174,-2.123048566392,
    4.748828886171));
#5957 = CARTESIAN_POINT('',(8.865410886517,-1.707155537037,
    4.759375289101));
#5958 = CARTESIAN_POINT('',(8.933672517678,-1.281133173905,
    4.770503041215));
#5959 = CARTESIAN_POINT('',(8.978244658203,-0.854405486919,
    4.781450633384));
#5960 = CARTESIAN_POINT('',(9.000687984687,-0.426015216989,
    4.792432978019));
#5961 = CARTESIAN_POINT('',(9.000487000187,0.43114574674,4.81442957117)
  );
#5962 = CARTESIAN_POINT('',(8.977791412237,0.859525432761,4.825411910854
    ));
#5963 = CARTESIAN_POINT('',(8.932859677787,1.286201334618,4.836359500335
    ));
#5964 = CARTESIAN_POINT('',(8.864794909112,1.712325175443,4.847487237125
    ));
#5965 = CARTESIAN_POINT('',(8.77706557183,2.12777228032,4.858033682428)
  );
#5966 = CARTESIAN_POINT('',(8.664601135914,2.551024475621,4.869662219505
    ));
#5967 = CARTESIAN_POINT('',(8.531248811231,2.954265379976,4.880208622434
    ));
#5968 = CARTESIAN_POINT('',(8.377353936351,3.357342384605,4.891336374549
    ));
#5969 = CARTESIAN_POINT('',(8.202590698856,3.749185472297,4.902283966718
    ));
#5970 = CARTESIAN_POINT('',(8.007832054771,4.131403992032,4.913266311353
    ));
#5971 = CARTESIAN_POINT('',(7.68626615011,4.688071000136,4.929763756215)
  );
#5972 = CARTESIAN_POINT('',(7.574210632984,4.870758808966,4.93525891528)
  );
#5973 = CARTESIAN_POINT('',(7.457386641583,5.050459672484,4.940750920977
    ));
#5974 = CARTESIAN_POINT('',(7.335891303122,5.22705458048,4.946240647242)
  );
#5975 = CARTESIAN_POINT('',(7.209820564919,5.400424422826,4.951728995186
    ));
#5976 = CARTESIAN_POINT('',(7.079269295219,5.570449814962,4.957216882179
    ));
#5977 = CARTESIAN_POINT('',(6.944331384052,5.73701092341,4.962705230949)
  );
#5978 = CARTESIAN_POINT('',(6.805099844055,5.899987291279,4.968194958657
    ));
#5979 = CARTESIAN_POINT('',(6.661666911326,6.059257663757,4.973686966004
    ));
#5980 = CARTESIAN_POINT('',(6.514124146257,6.214699813624,4.979182126307
    ));
#5981 = CARTESIAN_POINT('',(6.059439310614,6.669171473013,4.995679571169
    ));
#5982 = CARTESIAN_POINT('',(5.740480925564,6.95603344978,5.006661910854)
  );
#5983 = CARTESIAN_POINT('',(5.407003967871,7.225967339229,5.017609500335
    ));
#5984 = CARTESIAN_POINT('',(5.057559850909,7.479153337217,5.028737237125
    ));
#5985 = CARTESIAN_POINT('',(4.701760376525,7.710884792989,5.039283682428
    ));
#5986 = CARTESIAN_POINT('',(4.322951513796,7.930644925172,5.050912219505
    ));
#5987 = CARTESIAN_POINT('',(3.943522802806,8.121484970012,5.061458622434
    ));
#5988 = CARTESIAN_POINT('',(3.549684209874,8.297683343716,5.072586374549
    ));
#5989 = CARTESIAN_POINT('',(3.149033035072,8.451181977845,5.083533966718
    ));
#5990 = CARTESIAN_POINT('',(2.741048569944,8.583736127118,5.094516311353
    ));
#5991 = CARTESIAN_POINT('',(1.913042639175,8.805391573131,5.116512904503
    ));
#5992 = CARTESIAN_POINT('',(1.493385586588,8.894342139865,5.127495244187
    ));
#5993 = CARTESIAN_POINT('',(1.069619124926,8.961373266626,5.138442833668
    ));
#5994 = CARTESIAN_POINT('',(0.640398643438,9.005916714281,5.149570570459
    ));
#5995 = CARTESIAN_POINT('',(0.216401532083,9.02870230465,5.160117015761)
  );
#5996 = CARTESIAN_POINT('',(-0.221536632308,9.029615730489,
    5.171745552838));
#5997 = CARTESIAN_POINT('',(-0.645551557375,9.005173701888,
    5.182291955767));
#5998 = CARTESIAN_POINT('',(-1.074724970693,8.960846673154,
    5.193419707882));
#5999 = CARTESIAN_POINT('',(-1.498448383195,8.893454802355,
    5.204367300051));
#6000 = CARTESIAN_POINT('',(-1.91805036898,8.804257830439,5.215349644686
    ));
#6001 = CARTESIAN_POINT('',(-2.745952262517,8.582214112188,
    5.237346237836));
#6002 = CARTESIAN_POINT('',(-3.153861214301,8.449419036368,
    5.248328577521));
#6003 = CARTESIAN_POINT('',(-3.554369298754,8.295586464154,
    5.259276167001));
#6004 = CARTESIAN_POINT('',(-3.948356863374,8.119551980655,
    5.270403903792));
#6005 = CARTESIAN_POINT('',(-4.326941928123,7.927286325074,
    5.280950349095));
#6006 = CARTESIAN_POINT('',(-4.706664216694,7.70910829286,5.292578886171
    ));
#6007 = CARTESIAN_POINT('',(-5.061650899081,7.475933412641,
    5.303125289101));
#6008 = CARTESIAN_POINT('',(-5.41116246328,7.222958373021,5.314253041215
    ));
#6009 = CARTESIAN_POINT('',(-5.744421767283,6.952733594652,
    5.325200633384));
#6010 = CARTESIAN_POINT('',(-6.063209260495,6.665685758138,
    5.336182978019));
#6011 = CARTESIAN_POINT('',(-6.669171473013,6.059439310614,
    5.358179571169));
#6012 = CARTESIAN_POINT('',(-6.956033449781,5.740480925563,
    5.369161910854));
#6013 = CARTESIAN_POINT('',(-7.225967339226,5.407003967871,
    5.380109500335));
#6014 = CARTESIAN_POINT('',(-7.479153337222,5.05755985091,5.391237237125
    ));
#6015 = CARTESIAN_POINT('',(-7.710884792984,4.701760376523,
    5.401783682428));
#6016 = CARTESIAN_POINT('',(-7.930644925176,4.322951513799,
    5.413412219505));
#6017 = CARTESIAN_POINT('',(-8.121484970009,3.943522802804,
    5.423958622434));
#6018 = CARTESIAN_POINT('',(-8.297683343717,3.549684209875,
    5.435086374549));
#6019 = CARTESIAN_POINT('',(-8.451181977845,3.149033035071,
    5.446033966718));
#6020 = CARTESIAN_POINT('',(-8.583736127119,2.741048569944,
    5.457016311353));
#6021 = CARTESIAN_POINT('',(-8.749977711628,2.120044121867,
    5.473513756215));
#6022 = CARTESIAN_POINT('',(-8.799922284062,1.911629117375,5.47900891528
    ));
#6023 = CARTESIAN_POINT('',(-8.844382946716,1.701954381671,
    5.484500920977));
#6024 = CARTESIAN_POINT('',(-8.883344225973,1.491172746996,
    5.489990647242));
#6025 = CARTESIAN_POINT('',(-8.916789743261,1.279436281927,
    5.495478995185));
#6026 = CARTESIAN_POINT('',(-8.94470216291,1.066896486077,5.50096688218)
  );
#6027 = CARTESIAN_POINT('',(-8.967063140158,0.853704484785,
    5.506455230948));
#6028 = CARTESIAN_POINT('',(-8.983853268958,0.640011223804,
    5.511944958658));
#6029 = CARTESIAN_POINT('',(-8.995052030004,0.425967664006,
    5.517436966004));
#6030 = CARTESIAN_POINT('',(-9.000637738562,0.211724976057,
    5.522932126307));
#6031 = CARTESIAN_POINT('',(-9.000487000187,-0.43114574674,5.53942957117
    ));
#6032 = CARTESIAN_POINT('',(-8.977791412237,-0.859525432761,
    5.550411910854));
#6033 = CARTESIAN_POINT('',(-8.932859677787,-1.286201334619,
    5.561359500335));
#6034 = CARTESIAN_POINT('',(-8.864794909111,-1.712325175442,
    5.572487237125));
#6035 = CARTESIAN_POINT('',(-8.777065571832,-2.127772280321,
    5.583033682428));
#6036 = CARTESIAN_POINT('',(-8.664601135912,-2.551024475621,
    5.594662219504));
#6037 = CARTESIAN_POINT('',(-8.531248811233,-2.954265379975,
    5.605208622434));
#6038 = CARTESIAN_POINT('',(-8.37735393635,-3.357342384606,
    5.616336374549));
#6039 = CARTESIAN_POINT('',(-8.202590698857,-3.749185472297,
    5.627283966718));
#6040 = CARTESIAN_POINT('',(-8.007832054771,-4.131403992032,
    5.638266311353));
#6041 = CARTESIAN_POINT('',(-7.68626615011,-4.688071000136,
    5.654763756215));
#6042 = CARTESIAN_POINT('',(-7.574210632984,-4.870758808966,
    5.66025891528));
#6043 = CARTESIAN_POINT('',(-7.457386641583,-5.050459672484,
    5.665750920977));
#6044 = CARTESIAN_POINT('',(-7.335891303121,-5.22705458048,
    5.671240647242));
#6045 = CARTESIAN_POINT('',(-7.20982056492,-5.400424422826,
    5.676728995185));
#6046 = CARTESIAN_POINT('',(-7.079269295217,-5.570449814962,
    5.68221688218));
#6047 = CARTESIAN_POINT('',(-6.944331384053,-5.73701092341,
    5.687705230948));
#6048 = CARTESIAN_POINT('',(-6.805099844054,-5.89998729128,
    5.693194958658));
#6049 = CARTESIAN_POINT('',(-6.661666911326,-6.059257663756,
    5.698686966004));
#6050 = CARTESIAN_POINT('',(-6.514124146257,-6.214699813624,
    5.704182126307));
#6051 = CARTESIAN_POINT('',(-6.211000922495,-6.517680919883,
    5.715180422882));
#6052 = CARTESIAN_POINT('',(-6.055480520292,-6.665141690641,
    5.720675581947));
#6053 = CARTESIAN_POINT('',(-5.896127203966,-6.808483121815,
    5.726167587643));
#6054 = CARTESIAN_POINT('',(-5.733065593318,-6.947615396764,
    5.731657313909));
#6055 = CARTESIAN_POINT('',(-5.566419194299,-7.082448296895,
    5.737145661852));
#6056 = CARTESIAN_POINT('',(-5.39631054161,-7.212891059338,
    5.742633548847));
#6057 = CARTESIAN_POINT('',(-5.222861341224,-7.338852234315,
    5.748121897615));
#6058 = CARTESIAN_POINT('',(-5.046192613003,-7.460239542892,
    5.753611625325));
#6059 = CARTESIAN_POINT('',(-4.866424833221,-7.576959734342,
    5.759103632671));
#6060 = CARTESIAN_POINT('',(-4.683678077162,-7.688918443827,
    5.764598792973));
#6061 = CARTESIAN_POINT('',(-4.126860330683,-8.010223261963,
    5.781096237836));
#6062 = CARTESIAN_POINT('',(-3.744524846149,-8.204758149256,
    5.792078577521));
#6063 = CARTESIAN_POINT('',(-3.352546808731,-8.379184076713,
    5.803026167001));
#6064 = CARTESIAN_POINT('',(-2.949480353084,-8.533300178353,
    5.814153903792));
#6065 = CARTESIAN_POINT('',(-2.545827937688,-8.665047896044,
    5.824700349094));
#6066 = CARTESIAN_POINT('',(-2.123048566394,-8.779276935174,
    5.836328886172));
#6067 = CARTESIAN_POINT('',(-1.707155537035,-8.865410886517,5.8468752891
    ));
#6068 = CARTESIAN_POINT('',(-1.281133173905,-8.933672517678,
    5.858003041216));
#6069 = CARTESIAN_POINT('',(-0.854405486919,-8.978244658203,
    5.868950633384));
#6070 = CARTESIAN_POINT('',(-0.426015216989,-9.000687984687,
    5.879932978019));
#6071 = CARTESIAN_POINT('',(0.216855505808,-9.000537246312,
    5.896430422882));
#6072 = CARTESIAN_POINT('',(0.431095547779,-8.994838226262,
    5.901925581947));
#6073 = CARTESIAN_POINT('',(0.645133056368,-8.983516113695,
    5.907417587643));
#6074 = CARTESIAN_POINT('',(0.858816402103,-8.966595518146,
    5.912907313909));
#6075 = CARTESIAN_POINT('',(1.071994458926,-8.94409997736,5.918395661852
    ));
#6076 = CARTESIAN_POINT('',(1.284516402653,-8.916051957371,
    5.923883548847));
#6077 = CARTESIAN_POINT('',(1.496231509437,-8.882472852593,
    5.929371897615));
#6078 = CARTESIAN_POINT('',(1.706988954225,-8.843382985879,
    5.934861625325));
#6079 = CARTESIAN_POINT('',(1.916637609226,-8.798801608637,
    5.940353632671));
#6080 = CARTESIAN_POINT('',(2.125025842364,-8.748746900876,
    5.945848792973));
#6081 = CARTESIAN_POINT('',(2.745952262517,-8.582214112188,
    5.962346237836));
#6082 = CARTESIAN_POINT('',(3.153861214302,-8.449419036368,
    5.973328577521));
#6083 = CARTESIAN_POINT('',(3.554369298753,-8.295586464152,
    5.984276167001));
#6084 = CARTESIAN_POINT('',(3.948356863376,-8.119551980659,
    5.995403903792));
#6085 = CARTESIAN_POINT('',(4.32694192812,-7.92728632507,6.005950349094)
  );
#6086 = CARTESIAN_POINT('',(4.706664216698,-7.709108292865,
    6.017578886172));
#6087 = CARTESIAN_POINT('',(5.061650899078,-7.475933412637,6.0281252891)
  );
#6088 = CARTESIAN_POINT('',(5.411162463282,-7.222958373022,
    6.039253041216));
#6089 = CARTESIAN_POINT('',(5.744421767282,-6.952733594651,
    6.050200633384));
#6090 = CARTESIAN_POINT('',(6.063209260495,-6.665685758138,
    6.061182978019));
#6091 = CARTESIAN_POINT('',(6.517680919883,-6.211000922495,
    6.077680422882));
#6092 = CARTESIAN_POINT('',(6.665141690639,-6.055480520291,
    6.083175581947));
#6093 = CARTESIAN_POINT('',(6.808483121819,-5.89612720397,6.088667587644
    ));
#6094 = CARTESIAN_POINT('',(6.947615396756,-5.733065593312,
    6.094157313908));
#6095 = CARTESIAN_POINT('',(7.082448296906,-5.566419194307,
    6.099645661853));
#6096 = CARTESIAN_POINT('',(7.212891059327,-5.396310541602,
    6.105133548845));
#6097 = CARTESIAN_POINT('',(7.338852234323,-5.222861341229,
    6.110621897616));
#6098 = CARTESIAN_POINT('',(7.460239542888,-5.046192613,6.116111625324)
  );
#6099 = CARTESIAN_POINT('',(7.576959734344,-4.866424833222,
    6.121603632671));
#6100 = CARTESIAN_POINT('',(7.688918443827,-4.683678077162,
    6.127098792973));
#6101 = CARTESIAN_POINT('',(8.010223261964,-4.126860330683,
    6.143596237836));
#6102 = CARTESIAN_POINT('',(8.204758149256,-3.744524846148,
    6.154578577521));
#6103 = CARTESIAN_POINT('',(8.379184076715,-3.352546808733,
    6.165526167002));
#6104 = CARTESIAN_POINT('',(8.533300178351,-2.949480353081,
    6.176653903791));
#6105 = CARTESIAN_POINT('',(8.665047896048,-2.545827937692,
    6.187200349096));
#6106 = CARTESIAN_POINT('',(8.779276935171,-2.12304856639,6.19882888617)
  );
#6107 = CARTESIAN_POINT('',(8.86541088652,-1.707155537038,6.209375289102
    ));
#6108 = CARTESIAN_POINT('',(8.933672517676,-1.281133173904,
    6.220503041215));
#6109 = CARTESIAN_POINT('',(8.978244658204,-0.85440548692,6.231450633384
    ));
#6110 = CARTESIAN_POINT('',(9.000687984687,-0.426015216989,
    6.242432978019));
#6111 = CARTESIAN_POINT('',(9.000487000187,0.43114574674,6.26442957117)
  );
#6112 = CARTESIAN_POINT('',(8.977791412238,0.859525432762,6.275411910854
    ));
#6113 = CARTESIAN_POINT('',(8.932859677784,1.286201334617,6.286359500334
    ));
#6114 = CARTESIAN_POINT('',(8.864794909117,1.712325175446,6.297487237126
    ));
#6115 = CARTESIAN_POINT('',(8.777065571823,2.127772280316,6.308033682427
    ));
#6116 = CARTESIAN_POINT('',(8.664601135922,2.551024475626,6.319662219506
    ));
#6117 = CARTESIAN_POINT('',(8.531248811224,2.954265379972,6.330208622433
    ));
#6118 = CARTESIAN_POINT('',(8.377353936356,3.357342384608,6.34133637455)
  );
#6119 = CARTESIAN_POINT('',(8.202590698854,3.749185472296,6.352283966717
    ));
#6120 = CARTESIAN_POINT('',(8.007832054771,4.131403992032,6.363266311353
    ));
#6121 = CARTESIAN_POINT('',(7.68626615011,4.688071000136,6.379763756215)
  );
#6122 = CARTESIAN_POINT('',(7.574210632985,4.870758808966,6.38525891528)
  );
#6123 = CARTESIAN_POINT('',(7.457386641581,5.050459672483,6.390750920977
    ));
#6124 = CARTESIAN_POINT('',(7.335891303126,5.227054580481,6.396240647242
    ));
#6125 = CARTESIAN_POINT('',(7.209820564914,5.400424422824,6.401728995185
    ));
#6126 = CARTESIAN_POINT('',(7.079269295224,5.570449814963,6.40721688218)
  );
#6127 = CARTESIAN_POINT('',(6.944331384048,5.737010923409,6.412705230948
    ));
#6128 = CARTESIAN_POINT('',(6.805099844056,5.89998729128,6.418194958658)
  );
#6129 = CARTESIAN_POINT('',(6.661666911325,6.059257663756,6.423686966004
    ));
#6130 = CARTESIAN_POINT('',(6.514124146257,6.214699813624,6.429182126307
    ));
#6131 = CARTESIAN_POINT('',(6.211000922495,6.517680919883,6.440180422882
    ));
#6132 = CARTESIAN_POINT('',(6.055480520292,6.665141690641,6.445675581947
    ));
#6133 = CARTESIAN_POINT('',(5.896127203966,6.808483121815,6.451167587643
    ));
#6134 = CARTESIAN_POINT('',(5.733065593318,6.947615396763,6.456657313909
    ));
#6135 = CARTESIAN_POINT('',(5.566419194299,7.082448296897,6.462145661852
    ));
#6136 = CARTESIAN_POINT('',(5.396310541609,7.212891059336,6.467633548846
    ));
#6137 = CARTESIAN_POINT('',(5.222861341224,7.338852234316,6.473121897615
    ));
#6138 = CARTESIAN_POINT('',(5.046192613003,7.460239542892,6.478611625324
    ));
#6139 = CARTESIAN_POINT('',(4.866424833221,7.576959734342,6.484103632671
    ));
#6140 = CARTESIAN_POINT('',(4.683678077162,7.688918443827,6.489598792973
    ));
#6141 = CARTESIAN_POINT('',(4.126860330683,8.010223261963,6.506096237836
    ));
#6142 = CARTESIAN_POINT('',(3.744524846148,8.204758149256,6.517078577521
    ));
#6143 = CARTESIAN_POINT('',(3.352546808733,8.379184076713,6.528026167));
#6144 = CARTESIAN_POINT('',(2.949480353082,8.533300178354,6.539153903793
    ));
#6145 = CARTESIAN_POINT('',(2.54582793769,8.665047896043,6.549700349092)
  );
#6146 = CARTESIAN_POINT('',(2.123048566392,8.779276935176,6.561328886174
    ));
#6147 = CARTESIAN_POINT('',(1.707155537036,8.865410886516,6.571875289099
    ));
#6148 = CARTESIAN_POINT('',(1.281133173905,8.933672517679,6.583003041216
    ));
#6149 = CARTESIAN_POINT('',(0.85440548692,8.978244658203,6.593950633384)
  );
#6150 = CARTESIAN_POINT('',(0.426015216989,9.000687984687,6.604932978019
    ));
#6151 = CARTESIAN_POINT('',(-0.216855505808,9.000537246312,
    6.621430422882));
#6152 = CARTESIAN_POINT('',(-0.43109554778,8.994838226263,6.626925581947
    ));
#6153 = CARTESIAN_POINT('',(-0.645133056367,8.983516113693,
    6.632417587643));
#6154 = CARTESIAN_POINT('',(-0.858816402104,8.96659551815,6.637907313909
    ));
#6155 = CARTESIAN_POINT('',(-1.071994458925,8.944099977354,
    6.643395661851));
#6156 = CARTESIAN_POINT('',(-1.284516402654,8.916051957378,
    6.648883548847));
#6157 = CARTESIAN_POINT('',(-1.496231509437,8.882472852587,
    6.654371897614));
#6158 = CARTESIAN_POINT('',(-1.706988954226,8.843382985883,
    6.659861625324));
#6159 = CARTESIAN_POINT('',(-1.916637609226,8.798801608636,
    6.665353632671));
#6160 = CARTESIAN_POINT('',(-2.125025842365,8.748746900876,
    6.670848792973));
#6161 = CARTESIAN_POINT('',(-2.745952262517,8.582214112188,
    6.687346237836));
#6162 = CARTESIAN_POINT('',(-3.153861214301,8.449419036368,
    6.698328577521));
#6163 = CARTESIAN_POINT('',(-3.554369298755,8.295586464154,
    6.709276167002));
#6164 = CARTESIAN_POINT('',(-3.948356863365,8.119551980656,6.72040390379
    ));
#6165 = CARTESIAN_POINT('',(-4.326941928136,7.927286325069,
    6.730950349098));
#6166 = CARTESIAN_POINT('',(-4.706664216676,7.709108292872,
    6.742578886172));
#6167 = CARTESIAN_POINT('',(-5.061650899089,7.475933412637,
    6.753125289099));
#6168 = CARTESIAN_POINT('',(-5.41116246328,7.222958373025,6.764253041215
    ));
#6169 = CARTESIAN_POINT('',(-5.744421767289,6.952733594653,
    6.775200633384));
#6170 = CARTESIAN_POINT('',(-6.0632092605,6.665685758137,6.786182978018)
  );
#6171 = CARTESIAN_POINT('',(-6.669171473015,6.059439310605,
    6.808179571169));
#6172 = CARTESIAN_POINT('',(-6.956033449778,5.740480925553,
    6.819161910857));
#6173 = CARTESIAN_POINT('',(-7.22596733922,5.407003967846,6.830109500337
    ));
#6174 = CARTESIAN_POINT('',(-7.47915333716,5.057559850971,6.841237237117
    ));
#6175 = CARTESIAN_POINT('',(-7.710884793056,4.701760376376,
    6.851783682445));
#6176 = CARTESIAN_POINT('',(-7.930644925028,4.322951513987,
    6.863412219503));
#6177 = CARTESIAN_POINT('',(-8.121484970071,3.943522802805,
    6.873958622422));
#6178 = CARTESIAN_POINT('',(-8.297683343765,3.549684209945,
    6.885086374553));
#6179 = CARTESIAN_POINT('',(-8.451181977917,3.14903303511,6.896033966711
    ));
#6180 = CARTESIAN_POINT('',(-8.5837361272,2.741048569931,6.907016311356)
  );
#6181 = CARTESIAN_POINT('',(-8.80539157311,1.913042639005,6.929012904506
    ));
#6182 = CARTESIAN_POINT('',(-8.894342139759,1.493385586359,
    6.939995244212));
#6183 = CARTESIAN_POINT('',(-8.961373266125,1.069619124536,
    6.950942833567));
#6184 = CARTESIAN_POINT('',(-9.005916714521,0.640398644416,
    6.962070570649));
#6185 = CARTESIAN_POINT('',(-9.028702303692,0.216401529708,
    6.972617015562));
#6186 = CARTESIAN_POINT('',(-9.029615729947,-0.221536629327,
    6.984245552713));
#6187 = CARTESIAN_POINT('',(-9.005173702703,-0.645551557329,
    6.994791955688));
#6188 = CARTESIAN_POINT('',(-8.96084667452,-1.07472496987,7.005919708138
    ));
#6189 = CARTESIAN_POINT('',(-8.89345480342,-1.49844838263,7.016867299954
    ));
#6190 = CARTESIAN_POINT('',(-8.804257831768,-1.918050369278,
    7.027849645021));
#6191 = CARTESIAN_POINT('',(-8.582214111055,-2.745952264527,
    7.049846237977));
#6192 = CARTESIAN_POINT('',(-8.449419033387,-3.153861217018,
    7.060828577606));
#6193 = CARTESIAN_POINT('',(-8.295586453986,-3.554369300227,
    7.071776164153));
#6194 = CARTESIAN_POINT('',(-8.119551992822,-3.948356860402,
    7.082903909578));
#6195 = CARTESIAN_POINT('',(-7.927286294674,-4.326941942438,
    7.093450341469));
#6196 = CARTESIAN_POINT('',(-7.709108299598,-4.706664188313,
    7.105078882786));
#6197 = CARTESIAN_POINT('',(-7.475933424818,-5.061650899795,
    7.115625290315));
#6198 = CARTESIAN_POINT('',(-7.222958394432,-5.411162459677,
    7.126753045694));
#6199 = CARTESIAN_POINT('',(-6.95273361078,-5.744421760983,
    7.137700632917));
#6200 = CARTESIAN_POINT('',(-6.665685776458,-6.063209267047,
    7.148682984972));
#6201 = CARTESIAN_POINT('',(-6.059439293847,-6.66917148963,
    7.170679574791));
#6202 = CARTESIAN_POINT('',(-5.740480875771,-6.956033457954,
    7.181661903117));
#6203 = CARTESIAN_POINT('',(-5.407003861433,-7.22596731725,
    7.192609465812));
#6204 = CARTESIAN_POINT('',(-5.057559933204,-7.479153428122,
    7.203737309881));
#6205 = CARTESIAN_POINT('',(-4.701760093144,-7.710884733498,
    7.214283585097));
#6206 = CARTESIAN_POINT('',(-4.322951506278,-7.930644692878,
    7.225912099473));
#6207 = CARTESIAN_POINT('',(-3.943523007225,-8.121485107945,
    7.236458734744));
#6208 = CARTESIAN_POINT('',(-3.549684389326,-8.297683279537,
    7.247586372125));
#6209 = CARTESIAN_POINT('',(-3.149033279905,-8.451181989467,
    7.258534019848));
#6210 = CARTESIAN_POINT('',(-2.741048776291,-8.583736187977,
    7.26951638598));
#6211 = CARTESIAN_POINT('',(-2.327045674568,-8.694563995237,
    7.280514703243));
#6212 = CARTESIAN_POINT('',(-1.913042525623,-8.805391637556,
    7.291512917118));
#6213 = CARTESIAN_POINT('',(-1.493385188151,-8.894342158447,
    7.302495172783));
#6214 = CARTESIAN_POINT('',(-1.069618454225,-8.961372617044,
    7.31344225949));
#6215 = CARTESIAN_POINT('',(-0.640397443268,-9.005918709386,
    7.324571737528));
#6216 = CARTESIAN_POINT('',(-0.216401939513,-9.028700069232,
    7.335115343304));
#6217 = CARTESIAN_POINT('',(0.221539763968,-9.029614034533,
    7.346744324787));
#6218 = CARTESIAN_POINT('',(0.645549614348,-9.005175214529,
    7.357293361191));
#6219 = CARTESIAN_POINT('',(1.074723495144,-8.960845777093,
    7.368419729669));
#6220 = CARTESIAN_POINT('',(1.498445753573,-8.893454764757,
    7.379367967382));
#6221 = CARTESIAN_POINT('',(1.918047640739,-8.804258573452,
    7.390350528584));
#6222 = CARTESIAN_POINT('',(2.331999646752,-8.693238249902,
    7.401349001683));
#6223 = CARTESIAN_POINT('',(2.538975407123,-8.637727118671,
    7.406847636086));
#6224 = CARTESIAN_POINT('',(2.744441314911,-8.576772822395,
    7.412342299745));
#6225 = CARTESIAN_POINT('',(2.948256699975,-8.510439496411,7.41783383228
    ));
#6226 = CARTESIAN_POINT('',(3.150281291273,-8.438790053525,
    7.423323111197));
#6227 = CARTESIAN_POINT('',(3.350375021865,-8.361886236742,
    7.428811040968));
#6228 = CARTESIAN_POINT('',(3.548397833892,-8.279788671977,
    7.434298542056));
#6229 = CARTESIAN_POINT('',(3.744209483598,-8.192556920791,
    7.439786540026));
#6230 = CARTESIAN_POINT('',(3.937669346288,-8.100249533104,
    7.445275954555));
#6231 = CARTESIAN_POINT('',(4.128636221361,-8.002924099919,
    7.450767688535));
#6232 = CARTESIAN_POINT('',(4.316968137276,-7.900637306049,
    7.456262617108));
#6233 = CARTESIAN_POINT('',(4.502522156562,-7.793444982831,
    7.461761576741));
#6234 = CARTESIAN_POINT('',(4.688077616434,-7.686255252896,
    7.467262323786));
#6235 = CARTESIAN_POINT('',(4.870762379526,-7.574198498516,
    7.472758975645));
#6236 = CARTESIAN_POINT('',(5.050458080934,-7.457373553153,
    7.478252355938));
#6237 = CARTESIAN_POINT('',(5.227046453422,-7.335877976751,
    7.483743327439));
#6238 = CARTESIAN_POINT('',(5.400409153161,-7.20980815443,7.489232781255
    ));
#6239 = CARTESIAN_POINT('',(5.570427585437,-7.079259394993,
    7.494721625968));
#6240 = CARTESIAN_POINT('',(5.736982730407,-6.944326029713,
    7.500210776839));
#6241 = CARTESIAN_POINT('',(5.899954968796,-6.805101510775,
    7.505701144928));
#6242 = CARTESIAN_POINT('',(6.059223907655,-6.661678510068,
    7.511193626304));
#6243 = CARTESIAN_POINT('',(6.214668206067,-6.514149017684,7.51668909118
    ));
#6244 = CARTESIAN_POINT('',(6.36616540089,-6.36260444062,7.522188373098)
  );
#6245 = CARTESIAN_POINT('',(6.517657385486,-6.211054477079,
    7.527683139511));
#6246 = CARTESIAN_POINT('',(6.665130848909,-6.055544251069,
    7.533174430028));
#6247 = CARTESIAN_POINT('',(6.808493198817,-5.896197996163,
    7.538663115794));
#6248 = CARTESIAN_POINT('',(6.947651495255,-5.733138706998,
    7.544150100816));
#6249 = CARTESIAN_POINT('',(7.082512311402,-5.566488289682,
    7.549636310916));
#6250 = CARTESIAN_POINT('',(7.212981594397,-5.396367712165,
    7.555122682684));
#6251 = CARTESIAN_POINT('',(7.338964526034,-5.222897154673,
    7.560610152432));
#6252 = CARTESIAN_POINT('',(7.460365383627,-5.046196160058,
    7.566099645144));
#6253 = CARTESIAN_POINT('',(7.577087400698,-4.866383784235,
    7.571592063436));
#6254 = CARTESIAN_POINT('',(7.689032627811,-4.683578746548,7.5770882765)
  );
#6255 = CARTESIAN_POINT('',(7.796101793313,-4.497899580181,
    7.582589109065));
#6256 = CARTESIAN_POINT('',(8.010261543252,-4.126554081944,7.5936058188)
  );
#6257 = CARTESIAN_POINT('',(8.204591435708,-3.744138113701,
    7.604597945312));
#6258 = CARTESIAN_POINT('',(8.378777823111,-3.351940571285,
    7.615573986331));
#6259 = CARTESIAN_POINT('',(8.532457643683,-2.950745915231,
    7.626541620192));
#6260 = CARTESIAN_POINT('',(8.665186356445,-2.542301760734,
    7.637477597054));
#6261 = CARTESIAN_POINT('',(8.776794157199,-2.12777711304,7.6484219349)
  );
#6262 = CARTESIAN_POINT('',(8.86707399382,-1.707702347948,7.659432454843
    ));
#6263 = CARTESIAN_POINT('',(8.935338612158,-1.283049213985,
    7.670491619261));
#6264 = CARTESIAN_POINT('',(8.980688672808,-0.855406533738,
    7.681542615203));
#6265 = CARTESIAN_POINT('',(9.002849886706,-0.425634908437,
    7.692645655533));
#6266 = CARTESIAN_POINT('',(9.001164121307,5.058419646634E-03,
    7.703788550178));
#6267 = CARTESIAN_POINT('',(9.,1.249000902703E-16,0.));
#6268 = CARTESIAN_POINT('',(9.00169267675,0.430663381516,
    1.114273451108E-02));
#6269 = CARTESIAN_POINT('',(8.979476884725,0.860406235827,
    2.224569357105E-02));
#6270 = CARTESIAN_POINT('',(8.933992257601,1.288007815214,
    3.32966510622E-02));
#6271 = CARTESIAN_POINT('',(8.865608202732,1.712622670691,
    4.435576223466E-02));
#6272 = CARTESIAN_POINT('',(8.775137497531,2.132636011332,
    5.536623082556E-02));
#6273 = CARTESIAN_POINT('',(8.663240952885,2.547060482332,
    6.631055904239E-02));
#6274 = CARTESIAN_POINT('',(8.530216042413,2.955380541282,
    7.724657156954E-02));
#6275 = CARTESIAN_POINT('',(8.376295800785,3.356446764309,
    8.821424839548E-02));
#6276 = CARTESIAN_POINT('',(8.201888863331,3.748513357259,
    9.919030624756E-02));
#6277 = CARTESIAN_POINT('',(8.007367253026,4.130797881713,0.110182433389
    ));
#6278 = CARTESIAN_POINT('',(7.793055419404,4.502022731281,0.121199108846
    ));
#6279 = CARTESIAN_POINT('',(7.578743385845,4.87324794226,0.132200754182)
  );
#6280 = CARTESIAN_POINT('',(7.344909184324,5.232953311577,0.143183932657
    ));
#6281 = CARTESIAN_POINT('',(7.092632043657,5.580069815264,0.154121947467
    ));
#6282 = CARTESIAN_POINT('',(6.820569993407,5.914770485335,0.165274710188
    ));
#6283 = CARTESIAN_POINT('',(6.536903578877,6.231461279935,0.175788745915
    ));
#6284 = CARTESIAN_POINT('',(6.227623154169,6.540467345329,0.187357567729
    ));
#6285 = CARTESIAN_POINT('',(5.910816128169,6.823850248494,0.198005037012
    ));
#6286 = CARTESIAN_POINT('',(5.575943633754,7.095653658055,0.20907795925)
  );
#6287 = CARTESIAN_POINT('',(5.228747736694,7.347675606945,0.220040044863
    ));
#6288 = CARTESIAN_POINT('',(4.869012548774,7.581304141278,0.231025163316
    ));
#6289 = CARTESIAN_POINT('',(4.497818094808,7.795482139963,0.242026639883
    ));
#6290 = CARTESIAN_POINT('',(4.126623556734,8.009660189207,0.253024545123
    ));
#6291 = CARTESIAN_POINT('',(3.744315614467,8.204189959489,0.264006336602
    ));
#6292 = CARTESIAN_POINT('',(3.352375952571,8.378665135202,0.27495200887)
  );
#6293 = CARTESIAN_POINT('',(2.949292328966,8.53253827954,0.286083912086)
  );
#6294 = CARTESIAN_POINT('',(2.545805887501,8.664988506919,0.296622979719
    ));
#6295 = CARTESIAN_POINT('',(2.122813299279,8.778167742821,0.308248170317
    ));
#6296 = CARTESIAN_POINT('',(1.70713234374,8.865006235397,0.318805124488)
  );
#6297 = CARTESIAN_POINT('',(1.281073213284,8.933035049948,0.329926715058
    ));
#6298 = CARTESIAN_POINT('',(0.854387505333,8.977667108145,0.340876046882
    ));
#6299 = CARTESIAN_POINT('',(0.426025301282,9.000115322957,0.351858688793
    ));
#6300 = CARTESIAN_POINT('',(-2.526402093068E-03,8.999994574682,
    0.362857273973));
#6301 = CARTESIAN_POINT('',(-0.431078115529,8.999873826583,
    0.373855492961));
#6302 = CARTESIAN_POINT('',(-0.85942847115,8.977185779133,0.384837761958
    ));
#6303 = CARTESIAN_POINT('',(-1.286090610163,8.932318596989,
    0.395785196368));
#6304 = CARTESIAN_POINT('',(-1.712112902904,8.864034092465,
    0.406913195968));
#6305 = CARTESIAN_POINT('',(-2.127742716317,8.777010348647,
    0.417459273951));
#6306 = CARTESIAN_POINT('',(-2.550683625216,8.66352390977,0.42908714151)
  );
#6307 = CARTESIAN_POINT('',(-2.954076275304,8.530889011655,
    0.439634716954));
#6308 = CARTESIAN_POINT('',(-3.357075246686,8.376774005579,
    0.450761862649));
#6309 = CARTESIAN_POINT('',(-3.748911820158,8.202082531733,
    0.461709627456));
#6310 = CARTESIAN_POINT('',(-4.131109037177,8.007341360458,
    0.472691997384));
#6311 = CARTESIAN_POINT('',(-4.502185504382,7.792960566485,
    0.483690301757));
#6312 = CARTESIAN_POINT('',(-4.68772373831,7.685770169319,0.489189440449
    ));
#6313 = CARTESIAN_POINT('',(-4.87039742302,7.573719053074,0.494684593263
    ));
#6314 = CARTESIAN_POINT('',(-5.050087122161,7.456904221191,
    0.500176597223));
#6315 = CARTESIAN_POINT('',(-5.226673302234,7.335421409911,
    0.505666320526));
#6316 = CARTESIAN_POINT('',(-5.400036174363,7.20936521091,0.511154673513
    ));
#6317 = CARTESIAN_POINT('',(-5.570055537162,7.078829192686,0.51664255613
    ));
#6318 = CARTESIAN_POINT('',(-5.736610617697,6.943906024044,
    0.522130912944));
#6319 = CARTESIAN_POINT('',(-5.89957991524,6.80468759459,0.527620633839)
  );
#6320 = CARTESIAN_POINT('',(-6.058841041523,6.661265138886,
    0.533112644629));
#6321 = CARTESIAN_POINT('',(-6.214270564775,6.513729356733,0.53860779585
    ));
#6322 = CARTESIAN_POINT('',(-6.668690421119,6.059052897541,
    0.555105219965));
#6323 = CARTESIAN_POINT('',(-6.955537001941,5.740120499898,
    0.566087567095));
#6324 = CARTESIAN_POINT('',(-7.225506707141,5.406699116929,
    0.577035192953));
#6325 = CARTESIAN_POINT('',(-7.478465492904,5.057171497111,
    0.588162786159));
#6326 = CARTESIAN_POINT('',(-7.710824732215,4.701742486101,
    0.598709673822));
#6327 = CARTESIAN_POINT('',(-7.929642051783,4.322431073358,
    0.610337576776));
#6328 = CARTESIAN_POINT('',(-8.121096777033,3.943402215928,
    0.620884399628));
#6329 = CARTESIAN_POINT('',(-8.297084261348,3.549463248624,
    0.632012020551));
#6330 = CARTESIAN_POINT('',(-8.450629082646,3.148867336541,
    0.642959645339));
#6331 = CARTESIAN_POINT('',(-8.583180560878,2.740910224795,
    0.653941992745));
#6332 = CARTESIAN_POINT('',(-8.804781756374,1.91294852744,0.675938559182
    ));
#6333 = CARTESIAN_POINT('',(-8.893731980329,1.493321684987,
    0.686920901239));
#6334 = CARTESIAN_POINT('',(-8.960821913504,1.069585447401,
    0.697868528929));
#6335 = CARTESIAN_POINT('',(-9.005126838976,0.640406245281,
    0.708996122528));
#6336 = CARTESIAN_POINT('',(-9.028641347714,0.216416094676,
    0.719543002282));
#6337 = CARTESIAN_POINT('',(-9.028487002337,-0.221485935539,
    0.731170903923));
#6338 = CARTESIAN_POINT('',(-9.004777223938,-0.645461883914,
    0.741717737786));
#6339 = CARTESIAN_POINT('',(-8.960217375016,-1.074616793847,
    0.752845351512));
#6340 = CARTESIAN_POINT('',(-8.892893132997,-1.49831543811,
    0.763792978605));
#6341 = CARTESIAN_POINT('',(-8.803707523541,-1.917892398552,
    0.774775326238));
#6342 = CARTESIAN_POINT('',(-8.581638938817,-2.745728857018,
    0.796771892835));
#6343 = CARTESIAN_POINT('',(-8.448858671187,-3.153611473988,0.8077542345
    ));
#6344 = CARTESIAN_POINT('',(-8.295092139274,-3.554122786496,
    0.81870186249));
#6345 = CARTESIAN_POINT('',(-8.118871728728,-3.947955342002,
    0.829829455821));
#6346 = CARTESIAN_POINT('',(-7.927240817807,-4.326898835727,
    0.840376335468));
#6347 = CARTESIAN_POINT('',(-7.708156133366,-4.706055950213,
    0.852004237059));
#6348 = CARTESIAN_POINT('',(-7.475634889922,-5.06137499981,
    0.862551071306));
#6349 = CARTESIAN_POINT('',(-7.222467473343,-5.410754130821,
    0.873678684747));
#6350 = CARTESIAN_POINT('',(-6.952313647269,-5.744025799029,
    0.884626311958));
#6351 = CARTESIAN_POINT('',(-6.665288163536,-6.062797300797,
    0.895608659575));
#6352 = CARTESIAN_POINT('',(-6.059052898545,-6.668690411464,
    0.917605226173));
#6353 = CARTESIAN_POINT('',(-5.740120505192,-6.955536985663,
    0.928587567827));
#6354 = CARTESIAN_POINT('',(-5.406699126097,-7.22550669083,
    0.939535195828));
#6355 = CARTESIAN_POINT('',(-5.057171496085,-7.478465483508,
    0.950662789142));
#6356 = CARTESIAN_POINT('',(-4.701742512483,-7.710824720151,0.9612096688
    ));
#6357 = CARTESIAN_POINT('',(-4.32243105261,-7.929642071319,
    0.972837570405));
#6358 = CARTESIAN_POINT('',(-3.943402224255,-8.121096772837,
    0.983384404635));
#6359 = CARTESIAN_POINT('',(-3.549463244507,-8.297084267627,
    0.994512018081));
#6360 = CARTESIAN_POINT('',(-3.148867334096,-8.450629085599,
    1.005459645294));
#6361 = CARTESIAN_POINT('',(-2.74091022276,-8.58318056226,1.016441992908
    ));
#6362 = CARTESIAN_POINT('',(-2.119938951148,-8.749381457243,
    1.032939417856));
#6363 = CARTESIAN_POINT('',(-1.911537028755,-8.799319162299,
    1.038434574095));
#6364 = CARTESIAN_POINT('',(-1.701876653048,-8.843778412014,
    1.043926580036));
#6365 = CARTESIAN_POINT('',(-1.491110042069,-8.882742379638,
    1.049416308816));
#6366 = CARTESIAN_POINT('',(-1.279388784717,-8.916193248504,1.0549046607
    ));
#6367 = CARTESIAN_POINT('',(-1.066864038788,-8.944112186848,
    1.060392552173));
#6368 = CARTESIAN_POINT('',(-0.853686728995,-8.966479322557,
    1.06588090505));
#6369 = CARTESIAN_POINT('',(-0.640007745013,-8.983273717992,
    1.071370635569));
#6370 = CARTESIAN_POINT('',(-0.425978139494,-8.994473344744,
    1.076862643496));
#6371 = CARTESIAN_POINT('',(-0.211749326114,-9.000055058443,
    1.082357801224));
#6372 = CARTESIAN_POINT('',(0.431078819455,-8.999873603704,
    1.098855226172));
#6373 = CARTESIAN_POINT('',(0.859429235309,-8.9771855034,1.109837567827)
  );
#6374 = CARTESIAN_POINT('',(1.286091162695,-8.93231839449,1.120785195828
    ));
#6375 = CARTESIAN_POINT('',(1.712113397756,-8.864033914758,
    1.131912789141));
#6376 = CARTESIAN_POINT('',(2.127742434177,-8.777010462135,
    1.142459668801));
#6377 = CARTESIAN_POINT('',(2.550683372509,-8.663523989524,
    1.154087570408));
#6378 = CARTESIAN_POINT('',(2.954076145023,-8.530889052465,
    1.164634404633));
#6379 = CARTESIAN_POINT('',(3.357075019953,-8.376774079479,
    1.175762018082));
#6380 = CARTESIAN_POINT('',(3.748911686723,-8.202082576716,
    1.186709645294));
#6381 = CARTESIAN_POINT('',(4.131108974585,-8.00734138486,1.197691992908
    ));
#6382 = CARTESIAN_POINT('',(4.687723751546,-7.685770167662,
    1.214189417856));
#6383 = CARTESIAN_POINT('',(4.870397453964,-7.573719045008,
    1.219684574095));
#6384 = CARTESIAN_POINT('',(5.050087164335,-7.456904208559,
    1.225176580035));
#6385 = CARTESIAN_POINT('',(5.22667334993,-7.335421394418,1.230666308817
    ));
#6386 = CARTESIAN_POINT('',(5.400036222943,-7.209365193833,
    1.236154660698));
#6387 = CARTESIAN_POINT('',(5.57005558258,-7.078829175446,1.241642552175
    ));
#6388 = CARTESIAN_POINT('',(5.736610657271,-6.943906007429,
    1.247130905049));
#6389 = CARTESIAN_POINT('',(5.899579946735,-6.804687579758,
    1.252620635569));
#6390 = CARTESIAN_POINT('',(6.058841064197,-6.661265126344,
    1.258112643496));
#6391 = CARTESIAN_POINT('',(6.21427057847,-6.513729347284,1.263607801224
    ));
#6392 = CARTESIAN_POINT('',(6.517217133799,-6.210611714788,
    1.274606084523));
#6393 = CARTESIAN_POINT('',(6.66466541618,-6.055099208325,1.280101240761
    ));
#6394 = CARTESIAN_POINT('',(6.807998443723,-5.895757621655,
    1.285593246702));
#6395 = CARTESIAN_POINT('',(6.947125535001,-5.732710366087,
    1.291082975483));
#6396 = CARTESIAN_POINT('',(7.081955465902,-5.566079813136,
    1.296571327367));
#6397 = CARTESIAN_POINT('',(7.212396348711,-5.395987453395,
    1.302059218839));
#6398 = CARTESIAN_POINT('',(7.338355511348,-5.222554055464,
    1.307547571717));
#6399 = CARTESIAN_POINT('',(7.459739376422,-5.045899824794,
    1.313037302235));
#6400 = CARTESIAN_POINT('',(7.576453340464,-4.866144562632,
    1.318529310163));
#6401 = CARTESIAN_POINT('',(7.688401653013,-4.683407824871,
    1.324024467891));
#6402 = CARTESIAN_POINT('',(7.902572938594,-4.312210337071,
    1.335022751189));
#6403 = CARTESIAN_POINT('',(8.004747444164,-4.12383436712,1.340517907428
    ));
#6404 = CARTESIAN_POINT('',(8.10195587992,-3.932824896035,1.346009913368
    ));
#6405 = CARTESIAN_POINT('',(8.194142595531,-3.739324600061,
    1.351499642152));
#6406 = CARTESIAN_POINT('',(8.281251147342,-3.543475291553,1.35698799403
    ));
#6407 = CARTESIAN_POINT('',(8.363224222727,-3.345418103691,
    1.362475885509));
#6408 = CARTESIAN_POINT('',(8.440003564532,-3.145293675294,
    1.367964238381));
#6409 = CARTESIAN_POINT('',(8.511529895409,-2.943242335516,
    1.373453968903));
#6410 = CARTESIAN_POINT('',(8.577742842259,-2.739404288659,
    1.378945976829));
#6411 = CARTESIAN_POINT('',(8.638580860588,-2.533919798889,
    1.384441134557));
#6412 = CARTESIAN_POINT('',(8.804781755571,-1.912948527277,
    1.400938559506));
#6413 = CARTESIAN_POINT('',(8.893731979137,-1.493321685445,1.41192090116
    ));
#6414 = CARTESIAN_POINT('',(8.960821912519,-1.069585448404,
    1.422868529162));
#6415 = CARTESIAN_POINT('',(9.005126838079,-0.640406245145,
    1.433996122473));
#6416 = CARTESIAN_POINT('',(9.028641348026,-0.216416097803,
    1.444543002136));
#6417 = CARTESIAN_POINT('',(9.028487002985,0.221485938001,1.456170903739
    ));
#6418 = CARTESIAN_POINT('',(9.004777223999,0.645461882867,1.466717737967
    ));
#6419 = CARTESIAN_POINT('',(8.960217375358,1.074616794273,1.477845351415
    ));
#6420 = CARTESIAN_POINT('',(8.892893133137,1.498315438325,1.488792978628
    ));
#6421 = CARTESIAN_POINT('',(8.803707523566,1.917892398727,1.499775326241
    ));
#6422 = CARTESIAN_POINT('',(8.58163893874,2.745728857031,1.521771892839)
  );
#6423 = CARTESIAN_POINT('',(8.448858671105,3.153611473951,1.532754234493
    ));
#6424 = CARTESIAN_POINT('',(8.295092139232,3.554122786423,1.543701862495
    ));
#6425 = CARTESIAN_POINT('',(8.118871728651,3.947955342001,1.554829455808
    ));
#6426 = CARTESIAN_POINT('',(7.927240817948,4.32689883553,1.565376335468)
  );
#6427 = CARTESIAN_POINT('',(7.708156133324,4.706055950379,1.577004237074
    ));
#6428 = CARTESIAN_POINT('',(7.475634889968,5.06137499974,1.5875510713));
#6429 = CARTESIAN_POINT('',(7.222467473355,5.41075413085,1.598678684749)
  );
#6430 = CARTESIAN_POINT('',(6.952313647274,5.744025799041,1.609626311961
    ));
#6431 = CARTESIAN_POINT('',(6.665288163533,6.062797300806,1.620608659575
    ));
#6432 = CARTESIAN_POINT('',(6.059052898539,6.668690411463,1.642605226172
    ));
#6433 = CARTESIAN_POINT('',(5.740120505186,6.95553698566,1.653587567827)
  );
#6434 = CARTESIAN_POINT('',(5.406699126097,7.225506690828,1.664535195828
    ));
#6435 = CARTESIAN_POINT('',(5.057171496077,7.478465483504,1.675662789141
    ));
#6436 = CARTESIAN_POINT('',(4.701742512498,7.710824720149,1.686209668801
    ));
#6437 = CARTESIAN_POINT('',(4.322431052603,7.929642071321,1.697837570407
    ));
#6438 = CARTESIAN_POINT('',(3.943402224261,8.121096772839,1.708384404633
    ));
#6439 = CARTESIAN_POINT('',(3.549463244506,8.297084267625,1.719512018082
    ));
#6440 = CARTESIAN_POINT('',(3.148867334097,8.4506290856,1.730459645294)
  );
#6441 = CARTESIAN_POINT('',(2.74091022276,8.58318056226,1.741441992908)
  );
#6442 = CARTESIAN_POINT('',(1.912948527277,8.80478175557,1.763438559506)
  );
#6443 = CARTESIAN_POINT('',(1.493321685445,8.893731979138,1.77442090116)
  );
#6444 = CARTESIAN_POINT('',(1.069585448404,8.960821912516,1.785368529162
    ));
#6445 = CARTESIAN_POINT('',(0.640406245146,9.005126838085,1.796496122474
    ));
#6446 = CARTESIAN_POINT('',(0.216416097802,9.028641348019,1.807043002135
    ));
#6447 = CARTESIAN_POINT('',(-0.221485938001,9.028487002991,
    1.818670903741));
#6448 = CARTESIAN_POINT('',(-0.645461882867,9.004777223994,
    1.829217737967));
#6449 = CARTESIAN_POINT('',(-1.074616794273,8.960217375361,
    1.840345351415));
#6450 = CARTESIAN_POINT('',(-1.498315438325,8.892893133136,
    1.851292978628));
#6451 = CARTESIAN_POINT('',(-1.917892398727,8.803707523566,
    1.862275326241));
#6452 = CARTESIAN_POINT('',(-2.745728857031,8.58163893874,1.884271892839
    ));
#6453 = CARTESIAN_POINT('',(-3.153611473951,8.448858671106,
    1.895254234493));
#6454 = CARTESIAN_POINT('',(-3.554122786423,8.295092139231,
    1.906201862495));
#6455 = CARTESIAN_POINT('',(-3.947955342002,8.118871728652,
    1.917329455807));
#6456 = CARTESIAN_POINT('',(-4.326898835529,7.927240817948,
    1.927876335468));
#6457 = CARTESIAN_POINT('',(-4.706055950381,7.708156133324,
    1.939504237074));
#6458 = CARTESIAN_POINT('',(-5.061374999738,7.475634889968,1.9500510713)
  );
#6459 = CARTESIAN_POINT('',(-5.410754130852,7.222467473355,
    1.961178684749));
#6460 = CARTESIAN_POINT('',(-5.74402579904,6.952313647275,1.972126311961
    ));
#6461 = CARTESIAN_POINT('',(-6.062797300806,6.665288163533,
    1.983108659575));
#6462 = CARTESIAN_POINT('',(-6.517217133799,6.210611714788,
    1.999606084523));
#6463 = CARTESIAN_POINT('',(-6.664665416181,6.055099208325,
    2.005101240761));
#6464 = CARTESIAN_POINT('',(-6.807998443721,5.895757621655,
    2.010593246702));
#6465 = CARTESIAN_POINT('',(-6.947125535005,5.732710366088,
    2.016082975482));
#6466 = CARTESIAN_POINT('',(-7.081955465896,5.566079813135,
    2.021571327367));
#6467 = CARTESIAN_POINT('',(-7.212396348716,5.395987453397,
    2.027059218839));
#6468 = CARTESIAN_POINT('',(-7.338355511344,5.222554055463,
    2.032547571717));
#6469 = CARTESIAN_POINT('',(-7.459739376425,5.045899824795,
    2.038037302235));
#6470 = CARTESIAN_POINT('',(-7.576453340463,4.866144562631,
    2.043529310163));
#6471 = CARTESIAN_POINT('',(-7.688401653013,4.683407824871,
    2.049024467891));
#6472 = CARTESIAN_POINT('',(-8.009658581384,4.126611593171,
    2.065521892839));
#6473 = CARTESIAN_POINT('',(-8.204185318085,3.744305201168,
    2.076504234493));
#6474 = CARTESIAN_POINT('',(-8.378660225665,3.352371578767,
    2.087451862495));
#6475 = CARTESIAN_POINT('',(-8.532535249068,2.949283260764,
    2.098579455807));
#6476 = CARTESIAN_POINT('',(-8.664985246576,2.545826230357,
    2.109126335469));
#6477 = CARTESIAN_POINT('',(-8.77817354748,2.122805397162,2.120754237073
    ));
#6478 = CARTESIAN_POINT('',(-8.865004708811,1.707139539927,
    2.131301071301));
#6479 = CARTESIAN_POINT('',(-8.933036664569,1.28107479005,2.142428684748
    ));
#6480 = CARTESIAN_POINT('',(-8.977667718735,0.854388531112,
    2.153376311961));
#6481 = CARTESIAN_POINT('',(-9.000115543356,0.426025374637,
    2.164358659575));
#6482 = CARTESIAN_POINT('',(-8.999873603704,-0.431078819454,
    2.186355226172));
#6483 = CARTESIAN_POINT('',(-8.977185503401,-0.859429235309,
    2.197337567827));
#6484 = CARTESIAN_POINT('',(-8.932318394488,-1.286091162695,
    2.208285195828));
#6485 = CARTESIAN_POINT('',(-8.864033914761,-1.712113397756,
    2.21941278914));
#6486 = CARTESIAN_POINT('',(-8.777010462131,-2.127742434177,
    2.229959668802));
#6487 = CARTESIAN_POINT('',(-8.663523989527,-2.550683372508,
    2.241587570407));
#6488 = CARTESIAN_POINT('',(-8.530889052463,-2.954076145023,
    2.252134404634));
#6489 = CARTESIAN_POINT('',(-8.376774079479,-3.357075019953,
    2.263262018082));
#6490 = CARTESIAN_POINT('',(-8.202082576716,-3.748911686723,
    2.274209645295));
#6491 = CARTESIAN_POINT('',(-8.00734138486,-4.131108974585,
    2.285191992908));
#6492 = CARTESIAN_POINT('',(-7.685770167662,-4.687723751546,
    2.301689417856));
#6493 = CARTESIAN_POINT('',(-7.573719045007,-4.870397453965,
    2.307184574095));
#6494 = CARTESIAN_POINT('',(-7.456904208562,-5.050087164333,
    2.312676580035));
#6495 = CARTESIAN_POINT('',(-7.335421394414,-5.226673349932,
    2.318166308817));
#6496 = CARTESIAN_POINT('',(-7.209365193839,-5.40003622294,
    2.323654660699));
#6497 = CARTESIAN_POINT('',(-7.07882917544,-5.570055582583,
    2.329142552174));
#6498 = CARTESIAN_POINT('',(-6.943906007433,-5.736610657268,
    2.334630905049));
#6499 = CARTESIAN_POINT('',(-6.804687579755,-5.899579946737,
    2.340120635569));
#6500 = CARTESIAN_POINT('',(-6.661265126344,-6.058841064197,
    2.345612643496));
#6501 = CARTESIAN_POINT('',(-6.513729347284,-6.21427057847,
    2.351107801224));
#6502 = CARTESIAN_POINT('',(-6.210611714788,-6.517217133799,
    2.362106084523));
#6503 = CARTESIAN_POINT('',(-6.055099208325,-6.664665416181,
    2.367601240761));
#6504 = CARTESIAN_POINT('',(-5.895757621655,-6.807998443721,
    2.373093246702));
#6505 = CARTESIAN_POINT('',(-5.732710366087,-6.947125535005,
    2.378582975483));
#6506 = CARTESIAN_POINT('',(-5.566079813135,-7.081955465897,
    2.384071327366));
#6507 = CARTESIAN_POINT('',(-5.395987453397,-7.212396348715,
    2.38955921884));
#6508 = CARTESIAN_POINT('',(-5.222554055462,-7.338355511345,
    2.395047571717));
#6509 = CARTESIAN_POINT('',(-5.045899824795,-7.459739376424,
    2.400537302235));
#6510 = CARTESIAN_POINT('',(-4.866144562631,-7.576453340463,
    2.406029310163));
#6511 = CARTESIAN_POINT('',(-4.683407824871,-7.688401653013,
    2.411524467891));
#6512 = CARTESIAN_POINT('',(-4.312210337071,-7.902572938594,
    2.42252275119));
#6513 = CARTESIAN_POINT('',(-4.12383436712,-8.004747444163,
    2.428017907428));
#6514 = CARTESIAN_POINT('',(-3.932824896033,-8.101955879921,
    2.433509913369));
#6515 = CARTESIAN_POINT('',(-3.739324600063,-8.194142595529,
    2.438999642149));
#6516 = CARTESIAN_POINT('',(-3.54347529155,-8.281251147344,
    2.444487994034));
#6517 = CARTESIAN_POINT('',(-3.345418103693,-8.363224222725,
    2.449975885506));
#6518 = CARTESIAN_POINT('',(-3.145293675292,-8.440003564534,
    2.455464238384));
#6519 = CARTESIAN_POINT('',(-2.943242335517,-8.511529895407,
    2.460953968902));
#6520 = CARTESIAN_POINT('',(-2.739404288659,-8.577742842259,
    2.466445976829));
#6521 = CARTESIAN_POINT('',(-2.533919798889,-8.638580860588,
    2.471941134557));
#6522 = CARTESIAN_POINT('',(-1.912948527277,-8.804781755571,
    2.488438559506));
#6523 = CARTESIAN_POINT('',(-1.493321685445,-8.893731979138,
    2.49942090116));
#6524 = CARTESIAN_POINT('',(-1.069585448404,-8.960821912518,
    2.510368529161));
#6525 = CARTESIAN_POINT('',(-0.640406245146,-9.005126838083,
    2.521496122475));
#6526 = CARTESIAN_POINT('',(-0.216416097802,-9.028641348021,
    2.532043002134));
#6527 = CARTESIAN_POINT('',(0.221485938001,-9.028487002989,
    2.543670903742));
#6528 = CARTESIAN_POINT('',(0.645461882867,-9.004777223996,
    2.554217737966));
#6529 = CARTESIAN_POINT('',(1.074616794273,-8.960217375359,
    2.565345351416));
#6530 = CARTESIAN_POINT('',(1.498315438324,-8.892893133137,
    2.576292978628));
#6531 = CARTESIAN_POINT('',(1.917892398727,-8.803707523566,
    2.587275326241));
#6532 = CARTESIAN_POINT('',(2.745728857031,-8.58163893874,2.609271892839
    ));
#6533 = CARTESIAN_POINT('',(3.153611473951,-8.448858671105,
    2.620254234494));
#6534 = CARTESIAN_POINT('',(3.554122786422,-8.295092139233,
    2.631201862494));
#6535 = CARTESIAN_POINT('',(3.947955342003,-8.118871728649,
    2.642329455808));
#6536 = CARTESIAN_POINT('',(4.326898835527,-7.927240817951,
    2.652876335467));
#6537 = CARTESIAN_POINT('',(4.706055950383,-7.70815613332,2.664504237076
    ));
#6538 = CARTESIAN_POINT('',(5.061374999736,-7.475634889971,
    2.675051071299));
#6539 = CARTESIAN_POINT('',(5.410754130853,-7.222467473354,
    2.686178684749));
#6540 = CARTESIAN_POINT('',(5.74402579904,-6.952313647275,2.697126311961
    ));
#6541 = CARTESIAN_POINT('',(6.062797300806,-6.665288163533,
    2.708108659575));
#6542 = CARTESIAN_POINT('',(6.668690411463,-6.059052898539,
    2.730105226172));
#6543 = CARTESIAN_POINT('',(6.955536985661,-5.740120505187,
    2.741087567827));
#6544 = CARTESIAN_POINT('',(7.225506690826,-5.406699126094,
    2.752035195828));
#6545 = CARTESIAN_POINT('',(7.478465483509,-5.057171496081,
    2.763162789141));
#6546 = CARTESIAN_POINT('',(7.710824720143,-4.701742512493,
    2.773709668802));
#6547 = CARTESIAN_POINT('',(7.929642071327,-4.322431052608,
    2.785337570407));
#6548 = CARTESIAN_POINT('',(8.121096772833,-3.943402224258,
    2.795884404634));
#6549 = CARTESIAN_POINT('',(8.297084267629,-3.549463244508,
    2.807012018082));
#6550 = CARTESIAN_POINT('',(8.450629085599,-3.148867334096,
    2.817959645295));
#6551 = CARTESIAN_POINT('',(8.58318056226,-2.74091022276,2.828941992908)
  );
#6552 = CARTESIAN_POINT('',(8.80478175557,-1.912948527277,2.850938559506
    ));
#6553 = CARTESIAN_POINT('',(8.893731979138,-1.493321685446,2.86192090116
    ));
#6554 = CARTESIAN_POINT('',(8.960821912516,-1.069585448404,
    2.872868529161));
#6555 = CARTESIAN_POINT('',(9.005126838085,-0.640406245146,
    2.883996122474));
#6556 = CARTESIAN_POINT('',(9.028641348018,-0.216416097801,
    2.894543002134));
#6557 = CARTESIAN_POINT('',(9.028487002992,0.221485938,2.906170903741));
#6558 = CARTESIAN_POINT('',(9.004777223994,0.645461882867,2.916717737966
    ));
#6559 = CARTESIAN_POINT('',(8.960217375361,1.074616794273,2.927845351416
    ));
#6560 = CARTESIAN_POINT('',(8.892893133136,1.498315438324,2.938792978628
    ));
#6561 = CARTESIAN_POINT('',(8.803707523566,1.917892398727,2.949775326241
    ));
#6562 = CARTESIAN_POINT('',(8.58163893874,2.745728857031,2.971771892839)
  );
#6563 = CARTESIAN_POINT('',(8.448858671106,3.153611473952,2.982754234493
    ));
#6564 = CARTESIAN_POINT('',(8.295092139231,3.554122786421,2.993701862495
    ));
#6565 = CARTESIAN_POINT('',(8.118871728652,3.947955342005,3.004829455807
    ));
#6566 = CARTESIAN_POINT('',(7.927240817947,4.326898835524,3.015376335468
    ));
#6567 = CARTESIAN_POINT('',(7.708156133324,4.706055950387,3.027004237074
    ));
#6568 = CARTESIAN_POINT('',(7.475634889968,5.061374999734,3.0375510713)
  );
#6569 = CARTESIAN_POINT('',(7.222467473355,5.410754130854,3.048678684749
    ));
#6570 = CARTESIAN_POINT('',(6.952313647274,5.74402579904,3.059626311961)
  );
#6571 = CARTESIAN_POINT('',(6.665288163533,6.062797300806,3.070608659575
    ));
#6572 = CARTESIAN_POINT('',(6.059052898539,6.668690411463,3.092605226172
    ));
#6573 = CARTESIAN_POINT('',(5.740120505187,6.955536985661,3.103587567827
    ));
#6574 = CARTESIAN_POINT('',(5.406699126096,7.225506690827,3.114535195828
    ));
#6575 = CARTESIAN_POINT('',(5.057171496078,7.478465483506,3.125662789141
    ));
#6576 = CARTESIAN_POINT('',(4.701742512497,7.710824720146,3.136209668801
    ));
#6577 = CARTESIAN_POINT('',(4.322431052603,7.929642071324,3.147837570408
    ));
#6578 = CARTESIAN_POINT('',(3.943402224262,8.121096772836,3.158384404633
    ));
#6579 = CARTESIAN_POINT('',(3.549463244505,8.297084267627,3.169512018082
    ));
#6580 = CARTESIAN_POINT('',(3.148867334097,8.450629085599,3.180459645294
    ));
#6581 = CARTESIAN_POINT('',(2.74091022276,8.58318056226,3.191441992908)
  );
#6582 = CARTESIAN_POINT('',(2.119938951148,8.749381457243,3.207939417856
    ));
#6583 = CARTESIAN_POINT('',(1.911537028754,8.799319162299,3.213434574095
    ));
#6584 = CARTESIAN_POINT('',(1.701876653048,8.843778412014,3.218926580035
    ));
#6585 = CARTESIAN_POINT('',(1.491110042069,8.882742379638,3.224416308816
    ));
#6586 = CARTESIAN_POINT('',(1.279388784717,8.916193248504,3.229904660699
    ));
#6587 = CARTESIAN_POINT('',(1.066864038787,8.944112186848,3.235392552173
    ));
#6588 = CARTESIAN_POINT('',(0.853686728995,8.966479322557,3.24088090505)
  );
#6589 = CARTESIAN_POINT('',(0.640007745012,8.983273717992,3.246370635569
    ));
#6590 = CARTESIAN_POINT('',(0.425978139494,8.994473344744,3.251862643496
    ));
#6591 = CARTESIAN_POINT('',(0.211749326114,9.000055058443,3.257357801224
    ));
#6592 = CARTESIAN_POINT('',(-0.431078819454,8.999873603704,
    3.273855226172));
#6593 = CARTESIAN_POINT('',(-0.859429235309,8.9771855034,3.284837567827)
  );
#6594 = CARTESIAN_POINT('',(-1.286091162696,8.93231839449,3.295785195828
    ));
#6595 = CARTESIAN_POINT('',(-1.712113397755,8.864033914758,
    3.306912789141));
#6596 = CARTESIAN_POINT('',(-2.127742434179,8.777010462135,
    3.317459668801));
#6597 = CARTESIAN_POINT('',(-2.550683372506,8.663523989524,
    3.329087570408));
#6598 = CARTESIAN_POINT('',(-2.954076145025,8.530889052464,
    3.339634404633));
#6599 = CARTESIAN_POINT('',(-3.357075019952,8.376774079479,
    3.350762018082));
#6600 = CARTESIAN_POINT('',(-3.748911686723,8.202082576716,
    3.361709645294));
#6601 = CARTESIAN_POINT('',(-4.131108974585,8.00734138486,3.372691992908
    ));
#6602 = CARTESIAN_POINT('',(-4.687723751546,7.685770167662,
    3.389189417856));
#6603 = CARTESIAN_POINT('',(-4.870397453965,7.573719045008,
    3.394684574095));
#6604 = CARTESIAN_POINT('',(-5.050087164333,7.456904208559,
    3.400176580035));
#6605 = CARTESIAN_POINT('',(-5.226673349933,7.335421394418,
    3.405666308816));
#6606 = CARTESIAN_POINT('',(-5.400036222939,7.209365193834,
    3.411154660699));
#6607 = CARTESIAN_POINT('',(-5.570055582585,7.078829175445,
    3.416642552173));
#6608 = CARTESIAN_POINT('',(-5.736610657266,6.94390600743,3.42213090505)
  );
#6609 = CARTESIAN_POINT('',(-5.899579946738,6.804687579758,
    3.427620635569));
#6610 = CARTESIAN_POINT('',(-6.058841064196,6.661265126344,
    3.433112643496));
#6611 = CARTESIAN_POINT('',(-6.21427057847,6.513729347284,3.438607801224
    ));
#6612 = CARTESIAN_POINT('',(-6.517217133799,6.210611714788,
    3.449606084523));
#6613 = CARTESIAN_POINT('',(-6.66466541618,6.055099208325,3.455101240761
    ));
#6614 = CARTESIAN_POINT('',(-6.807998443722,5.895757621655,
    3.460593246702));
#6615 = CARTESIAN_POINT('',(-6.947125535003,5.732710366088,
    3.466082975483));
#6616 = CARTESIAN_POINT('',(-7.081955465899,5.566079813134,
    3.471571327367));
#6617 = CARTESIAN_POINT('',(-7.212396348714,5.395987453398,3.47705921884
    ));
#6618 = CARTESIAN_POINT('',(-7.338355511345,5.222554055461,
    3.482547571717));
#6619 = CARTESIAN_POINT('',(-7.459739376424,5.045899824796,
    3.488037302235));
#6620 = CARTESIAN_POINT('',(-7.576453340463,4.866144562631,
    3.493529310163));
#6621 = CARTESIAN_POINT('',(-7.688401653013,4.683407824871,
    3.499024467891));
#6622 = CARTESIAN_POINT('',(-7.902572938594,4.312210337071,3.51002275119
    ));
#6623 = CARTESIAN_POINT('',(-8.004747444165,4.12383436712,3.515517907428
    ));
#6624 = CARTESIAN_POINT('',(-8.101955879917,3.932824896033,
    3.521009913369));
#6625 = CARTESIAN_POINT('',(-8.194142595536,3.739324600063,3.52649964215
    ));
#6626 = CARTESIAN_POINT('',(-8.281251147336,3.543475291549,
    3.531987994033));
#6627 = CARTESIAN_POINT('',(-8.363224222733,3.345418103694,
    3.537475885507));
#6628 = CARTESIAN_POINT('',(-8.440003564527,3.145293675292,
    3.542964238383));
#6629 = CARTESIAN_POINT('',(-8.511529895411,2.943242335518,
    3.548453968902));
#6630 = CARTESIAN_POINT('',(-8.577742842258,2.739404288659,
    3.553945976829));
#6631 = CARTESIAN_POINT('',(-8.638580860588,2.533919798889,
    3.559441134557));
#6632 = CARTESIAN_POINT('',(-8.80478175557,1.912948527277,3.575938559506
    ));
#6633 = CARTESIAN_POINT('',(-8.893731979138,1.493321685445,3.58692090116
    ));
#6634 = CARTESIAN_POINT('',(-8.960821912518,1.069585448404,
    3.597868529161));
#6635 = CARTESIAN_POINT('',(-9.005126838082,0.640406245146,
    3.608996122474));
#6636 = CARTESIAN_POINT('',(-9.028641348023,0.216416097802,
    3.619543002134));
#6637 = CARTESIAN_POINT('',(-9.028487002988,-0.221485938001,
    3.631170903741));
#6638 = CARTESIAN_POINT('',(-9.004777223997,-0.645461882867,
    3.641717737966));
#6639 = CARTESIAN_POINT('',(-8.960217375359,-1.074616794273,
    3.652845351416));
#6640 = CARTESIAN_POINT('',(-8.892893133137,-1.498315438324,
    3.663792978628));
#6641 = CARTESIAN_POINT('',(-8.803707523566,-1.917892398727,
    3.674775326241));
#6642 = CARTESIAN_POINT('',(-8.58163893874,-2.745728857031,
    3.696771892839));
#6643 = CARTESIAN_POINT('',(-8.448858671106,-3.153611473951,
    3.707754234493));
#6644 = CARTESIAN_POINT('',(-8.29509213923,-3.554122786422,
    3.718701862495));
#6645 = CARTESIAN_POINT('',(-8.118871728655,-3.947955342003,
    3.729829455808));
#6646 = CARTESIAN_POINT('',(-7.927240817943,-4.326898835528,
    3.740376335468));
#6647 = CARTESIAN_POINT('',(-7.708156133329,-4.706055950382,
    3.752004237074));
#6648 = CARTESIAN_POINT('',(-7.475634889963,-5.061374999737,3.7625510713
    ));
#6649 = CARTESIAN_POINT('',(-7.222467473358,-5.410754130852,
    3.773678684749));
#6650 = CARTESIAN_POINT('',(-6.952313647274,-5.74402579904,
    3.784626311961));
#6651 = CARTESIAN_POINT('',(-6.665288163533,-6.062797300806,
    3.795608659575));
#6652 = CARTESIAN_POINT('',(-6.059052898539,-6.668690411463,
    3.817605226172));
#6653 = CARTESIAN_POINT('',(-5.740120505187,-6.95553698566,
    3.828587567827));
#6654 = CARTESIAN_POINT('',(-5.406699126096,-7.225506690828,
    3.839535195828));
#6655 = CARTESIAN_POINT('',(-5.057171496078,-7.478465483504,
    3.850662789141));
#6656 = CARTESIAN_POINT('',(-4.701742512497,-7.71082472015,
    3.861209668801));
#6657 = CARTESIAN_POINT('',(-4.322431052602,-7.92964207132,
    3.872837570408));
#6658 = CARTESIAN_POINT('',(-3.943402224263,-8.121096772839,
    3.883384404633));
#6659 = CARTESIAN_POINT('',(-3.549463244505,-8.297084267626,
    3.894512018082));
#6660 = CARTESIAN_POINT('',(-3.148867334098,-8.4506290856,3.905459645294
    ));
#6661 = CARTESIAN_POINT('',(-2.74091022276,-8.58318056226,3.916441992908
    ));
#6662 = CARTESIAN_POINT('',(-1.912948527277,-8.804781755571,
    3.938438559506));
#6663 = CARTESIAN_POINT('',(-1.493321685445,-8.893731979137,
    3.94942090116));
#6664 = CARTESIAN_POINT('',(-1.069585448405,-8.960821912519,
    3.960368529161));
#6665 = CARTESIAN_POINT('',(-0.640406245146,-9.005126838079,
    3.971496122474));
#6666 = CARTESIAN_POINT('',(-0.216416097801,-9.028641348026,
    3.982043002134));
#6667 = CARTESIAN_POINT('',(0.221485937999,-9.028487002984,
    3.993670903741));
#6668 = CARTESIAN_POINT('',(0.645461882868,-9.004777224,4.004217737966)
  );
#6669 = CARTESIAN_POINT('',(1.074616794272,-8.960217375357,
    4.015345351416));
#6670 = CARTESIAN_POINT('',(1.498315438325,-8.892893133138,
    4.026292978628));
#6671 = CARTESIAN_POINT('',(1.917892398727,-8.803707523566,
    4.037275326241));
#6672 = CARTESIAN_POINT('',(2.745728857031,-8.581638938741,
    4.059271892839));
#6673 = CARTESIAN_POINT('',(3.153611473951,-8.448858671105,
    4.070254234493));
#6674 = CARTESIAN_POINT('',(3.554122786424,-8.295092139234,
    4.081201862495));
#6675 = CARTESIAN_POINT('',(3.947955342,-8.118871728647,4.092329455808)
  );
#6676 = CARTESIAN_POINT('',(4.326898835532,-7.927240817953,
    4.102876335467));
#6677 = CARTESIAN_POINT('',(4.706055950377,-7.708156133319,
    4.114504237075));
#6678 = CARTESIAN_POINT('',(5.061374999742,-7.475634889971,4.1250510713)
  );
#6679 = CARTESIAN_POINT('',(5.41075413085,-7.222467473353,4.136178684749
    ));
#6680 = CARTESIAN_POINT('',(5.744025799041,-6.952313647275,
    4.147126311961));
#6681 = CARTESIAN_POINT('',(6.062797300806,-6.665288163533,
    4.158108659575));
#6682 = CARTESIAN_POINT('',(6.517217133799,-6.210611714788,
    4.174606084523));
#6683 = CARTESIAN_POINT('',(6.66466541618,-6.055099208325,4.180101240761
    ));
#6684 = CARTESIAN_POINT('',(6.807998443722,-5.895757621654,
    4.185593246702));
#6685 = CARTESIAN_POINT('',(6.947125535003,-5.732710366089,
    4.191082975483));
#6686 = CARTESIAN_POINT('',(7.0819554659,-5.566079813133,4.196571327366)
  );
#6687 = CARTESIAN_POINT('',(7.212396348712,-5.395987453398,4.20205921884
    ));
#6688 = CARTESIAN_POINT('',(7.338355511347,-5.222554055461,
    4.207547571717));
#6689 = CARTESIAN_POINT('',(7.459739376422,-5.045899824795,
    4.213037302235));
#6690 = CARTESIAN_POINT('',(7.576453340464,-4.866144562631,
    4.218529310163));
#6691 = CARTESIAN_POINT('',(7.688401653013,-4.683407824871,
    4.224024467891));
#6692 = CARTESIAN_POINT('',(8.009658581384,-4.126611593171,
    4.240521892839));
#6693 = CARTESIAN_POINT('',(8.204185318083,-3.744305201167,
    4.251504234493));
#6694 = CARTESIAN_POINT('',(8.378660225669,-3.352371578768,
    4.262451862495));
#6695 = CARTESIAN_POINT('',(8.532535249062,-2.949283260763,
    4.273579455808));
#6696 = CARTESIAN_POINT('',(8.664985246584,-2.545826230359,
    4.284126335468));
#6697 = CARTESIAN_POINT('',(8.778173547473,-2.122805397159,
    4.295754237074));
#6698 = CARTESIAN_POINT('',(8.865004708816,-1.707139539929,4.3063010713)
  );
#6699 = CARTESIAN_POINT('',(8.933036664566,-1.28107479005,4.317428684749
    ));
#6700 = CARTESIAN_POINT('',(8.977667718736,-0.854388531112,
    4.328376311961));
#6701 = CARTESIAN_POINT('',(9.000115543356,-0.426025374637,
    4.339358659575));
#6702 = CARTESIAN_POINT('',(8.999873603704,0.431078819454,4.361355226172
    ));
#6703 = CARTESIAN_POINT('',(8.9771855034,0.859429235308,4.372337567827)
  );
#6704 = CARTESIAN_POINT('',(8.932318394488,1.286091162696,4.383285195828
    ));
#6705 = CARTESIAN_POINT('',(8.86403391476,1.712113397755,4.394412789141)
  );
#6706 = CARTESIAN_POINT('',(8.777010462131,2.127742434179,4.404959668801
    ));
#6707 = CARTESIAN_POINT('',(8.663523989527,2.550683372507,4.416587570408
    ));
#6708 = CARTESIAN_POINT('',(8.530889052463,2.954076145024,4.427134404633
    ));
#6709 = CARTESIAN_POINT('',(8.37677407948,3.357075019953,4.438262018082)
  );
#6710 = CARTESIAN_POINT('',(8.202082576716,3.748911686722,4.449209645294
    ));
#6711 = CARTESIAN_POINT('',(8.00734138486,4.131108974585,4.460191992908)
  );
#6712 = CARTESIAN_POINT('',(7.685770167662,4.687723751546,4.476689417856
    ));
#6713 = CARTESIAN_POINT('',(7.573719045007,4.870397453964,4.482184574094
    ));
#6714 = CARTESIAN_POINT('',(7.456904208561,5.050087164334,4.487676580035
    ));
#6715 = CARTESIAN_POINT('',(7.335421394415,5.226673349931,4.493166308816
    ));
#6716 = CARTESIAN_POINT('',(7.209365193837,5.400036222942,4.4986546607)
  );
#6717 = CARTESIAN_POINT('',(7.078829175441,5.570055582581,4.504142552173
    ));
#6718 = CARTESIAN_POINT('',(6.943906007432,5.73661065727,4.50963090505)
  );
#6719 = CARTESIAN_POINT('',(6.804687579756,5.899579946736,4.515120635569
    ));
#6720 = CARTESIAN_POINT('',(6.661265126344,6.058841064197,4.520612643496
    ));
#6721 = CARTESIAN_POINT('',(6.513729347284,6.21427057847,4.526107801224)
  );
#6722 = CARTESIAN_POINT('',(6.210611714788,6.517217133799,4.537106084523
    ));
#6723 = CARTESIAN_POINT('',(6.055099208326,6.66466541618,4.542601240761)
  );
#6724 = CARTESIAN_POINT('',(5.895757621654,6.807998443721,4.548093246702
    ));
#6725 = CARTESIAN_POINT('',(5.73271036609,6.947125535004,4.553582975483)
  );
#6726 = CARTESIAN_POINT('',(5.566079813132,7.081955465898,4.559071327366
    ));
#6727 = CARTESIAN_POINT('',(5.395987453399,7.212396348714,4.56455921884)
  );
#6728 = CARTESIAN_POINT('',(5.222554055461,7.338355511345,4.570047571716
    ));
#6729 = CARTESIAN_POINT('',(5.045899824796,7.459739376424,4.575537302236
    ));
#6730 = CARTESIAN_POINT('',(4.866144562631,7.576453340463,4.581029310163
    ));
#6731 = CARTESIAN_POINT('',(4.683407824871,7.688401653013,4.586524467891
    ));
#6732 = CARTESIAN_POINT('',(4.126611593171,8.009658581384,4.603021892839
    ));
#6733 = CARTESIAN_POINT('',(3.744305201167,8.204185318084,4.614004234493
    ));
#6734 = CARTESIAN_POINT('',(3.352371578769,8.378660225666,4.624951862495
    ));
#6735 = CARTESIAN_POINT('',(2.949283260762,8.532535249067,4.636079455808
    ));
#6736 = CARTESIAN_POINT('',(2.545826230361,8.664985246576,4.646626335467
    ));
#6737 = CARTESIAN_POINT('',(2.122805397158,8.778173547481,4.658254237075
    ));
#6738 = CARTESIAN_POINT('',(1.70713953993,8.86500470881,4.6688010713));
#6739 = CARTESIAN_POINT('',(1.281074790049,8.93303666457,4.679928684749)
  );
#6740 = CARTESIAN_POINT('',(0.854388531112,8.977667718735,4.690876311961
    ));
#6741 = CARTESIAN_POINT('',(0.426025374637,9.000115543356,4.701858659575
    ));
#6742 = CARTESIAN_POINT('',(-0.216802770931,8.999934088617,
    4.718356084523));
#6743 = CARTESIAN_POINT('',(-0.431028399157,8.994231821085,
    4.723851240761));
#6744 = CARTESIAN_POINT('',(-0.645051671358,8.982912060368,
    4.729343246702));
#6745 = CARTESIAN_POINT('',(-0.858721201117,8.965997949993,
    4.734832975483));
#6746 = CARTESIAN_POINT('',(-1.071885953504,8.943511514492,
    4.740321327366));
#6747 = CARTESIAN_POINT('',(-1.284395047287,8.915473686274,4.74580921884
    ));
#6748 = CARTESIAN_POINT('',(-1.496097557099,8.881904332562,
    4.751297571716));
#6749 = CARTESIAN_POINT('',(-1.706842315653,8.842822282254,
    4.756787302235));
#6750 = CARTESIAN_POINT('',(-1.916477715915,8.798245352856,
    4.762279310163));
#6751 = CARTESIAN_POINT('',(-2.124851513303,8.74819037736,4.767774467891
    ));
#6752 = CARTESIAN_POINT('',(-2.745728857031,8.58163893874,4.784271892839
    ));
#6753 = CARTESIAN_POINT('',(-3.153611473951,8.448858671106,
    4.795254234494));
#6754 = CARTESIAN_POINT('',(-3.554122786424,8.295092139229,
    4.806201862494));
#6755 = CARTESIAN_POINT('',(-3.947955342,8.118871728656,4.817329455808)
  );
#6756 = CARTESIAN_POINT('',(-4.32689883553,7.927240817943,4.827876335467
    ));
#6757 = CARTESIAN_POINT('',(-4.706055950381,7.708156133329,
    4.839504237075));
#6758 = CARTESIAN_POINT('',(-5.061374999737,7.475634889964,
    4.850051071299));
#6759 = CARTESIAN_POINT('',(-5.410754130853,7.222467473358,
    4.861178684749));
#6760 = CARTESIAN_POINT('',(-5.74402579904,6.952313647274,4.872126311961
    ));
#6761 = CARTESIAN_POINT('',(-6.062797300806,6.665288163533,
    4.883108659575));
#6762 = CARTESIAN_POINT('',(-6.668690411463,6.059052898539,
    4.905105226172));
#6763 = CARTESIAN_POINT('',(-6.95553698566,5.740120505186,4.916087567827
    ));
#6764 = CARTESIAN_POINT('',(-7.225506690828,5.406699126097,
    4.927035195828));
#6765 = CARTESIAN_POINT('',(-7.478465483505,5.057171496077,
    4.938162789141));
#6766 = CARTESIAN_POINT('',(-7.710824720148,4.701742512498,
    4.948709668801));
#6767 = CARTESIAN_POINT('',(-7.929642071322,4.322431052602,
    4.960337570408));
#6768 = CARTESIAN_POINT('',(-8.121096772837,3.943402224262,
    4.970884404633));
#6769 = CARTESIAN_POINT('',(-8.297084267627,3.549463244506,
    4.982012018082));
#6770 = CARTESIAN_POINT('',(-8.4506290856,3.148867334097,4.992959645294)
  );
#6771 = CARTESIAN_POINT('',(-8.58318056226,2.74091022276,5.003941992908)
  );
#6772 = CARTESIAN_POINT('',(-8.804781755571,1.912948527277,
    5.025938559506));
#6773 = CARTESIAN_POINT('',(-8.893731979137,1.493321685445,5.03692090116
    ));
#6774 = CARTESIAN_POINT('',(-8.960821912518,1.069585448404,
    5.047868529161));
#6775 = CARTESIAN_POINT('',(-9.005126838081,0.640406245146,
    5.058996122474));
#6776 = CARTESIAN_POINT('',(-9.028641348023,0.216416097803,
    5.069543002134));
#6777 = CARTESIAN_POINT('',(-9.028487002987,-0.221485938002,
    5.081170903741));
#6778 = CARTESIAN_POINT('',(-9.004777223997,-0.645461882866,
    5.091717737966));
#6779 = CARTESIAN_POINT('',(-8.960217375359,-1.074616794273,
    5.102845351416));
#6780 = CARTESIAN_POINT('',(-8.892893133137,-1.498315438324,
    5.113792978628));
#6781 = CARTESIAN_POINT('',(-8.803707523566,-1.917892398727,
    5.124775326241));
#6782 = CARTESIAN_POINT('',(-8.58163893874,-2.745728857031,
    5.146771892839));
#6783 = CARTESIAN_POINT('',(-8.448858671106,-3.153611473951,
    5.157754234494));
#6784 = CARTESIAN_POINT('',(-8.295092139231,-3.554122786423,
    5.168701862494));
#6785 = CARTESIAN_POINT('',(-8.118871728653,-3.947955342001,
    5.179829455808));
#6786 = CARTESIAN_POINT('',(-7.927240817946,-4.32689883553,
    5.190376335467));
#6787 = CARTESIAN_POINT('',(-7.708156133326,-4.706055950381,
    5.202004237075));
#6788 = CARTESIAN_POINT('',(-7.475634889966,-5.061374999739,
    5.212551071299));
#6789 = CARTESIAN_POINT('',(-7.222467473356,-5.410754130852,
    5.223678684749));
#6790 = CARTESIAN_POINT('',(-6.952313647274,-5.74402579904,
    5.234626311961));
#6791 = CARTESIAN_POINT('',(-6.665288163533,-6.062797300806,
    5.245608659575));
#6792 = CARTESIAN_POINT('',(-6.210611714787,-6.517217133799,
    5.262106084523));
#6793 = CARTESIAN_POINT('',(-6.055099208326,-6.664665416181,
    5.267601240761));
#6794 = CARTESIAN_POINT('',(-5.895757621653,-6.80799844372,
    5.273093246702));
#6795 = CARTESIAN_POINT('',(-5.732710366091,-6.947125535006,
    5.278582975483));
#6796 = CARTESIAN_POINT('',(-5.56607981313,-7.081955465896,
    5.284071327366));
#6797 = CARTESIAN_POINT('',(-5.395987453401,-7.212396348717,
    5.28955921884));
#6798 = CARTESIAN_POINT('',(-5.222554055459,-7.338355511343,
    5.295047571716));
#6799 = CARTESIAN_POINT('',(-5.045899824797,-7.459739376425,
    5.300537302236));
#6800 = CARTESIAN_POINT('',(-4.86614456263,-7.576453340463,
    5.306029310163));
#6801 = CARTESIAN_POINT('',(-4.683407824871,-7.688401653013,
    5.311524467891));
#6802 = CARTESIAN_POINT('',(-4.126611593171,-8.009658581384,
    5.328021892839));
#6803 = CARTESIAN_POINT('',(-3.744305201167,-8.204185318084,
    5.339004234494));
#6804 = CARTESIAN_POINT('',(-3.352371578768,-8.378660225667,
    5.349951862494));
#6805 = CARTESIAN_POINT('',(-2.949283260763,-8.532535249064,
    5.361079455808));
#6806 = CARTESIAN_POINT('',(-2.545826230358,-8.66498524658,
    5.371626335467));
#6807 = CARTESIAN_POINT('',(-2.12280539716,-8.778173547477,
    5.383254237075));
#6808 = CARTESIAN_POINT('',(-1.707139539928,-8.865004708813,
    5.393801071299));
#6809 = CARTESIAN_POINT('',(-1.28107479005,-8.933036664568,
    5.404928684749));
#6810 = CARTESIAN_POINT('',(-0.854388531112,-8.977667718735,
    5.415876311961));
#6811 = CARTESIAN_POINT('',(-0.426025374637,-9.000115543356,
    5.426858659575));
#6812 = CARTESIAN_POINT('',(0.431078819454,-8.999873603704,
    5.448855226172));
#6813 = CARTESIAN_POINT('',(0.859429235309,-8.9771855034,5.459837567827)
  );
#6814 = CARTESIAN_POINT('',(1.286091162695,-8.932318394488,
    5.470785195828));
#6815 = CARTESIAN_POINT('',(1.712113397756,-8.86403391476,5.481912789141
    ));
#6816 = CARTESIAN_POINT('',(2.127742434178,-8.777010462132,
    5.492459668801));
#6817 = CARTESIAN_POINT('',(2.550683372508,-8.663523989527,
    5.504087570408));
#6818 = CARTESIAN_POINT('',(2.954076145023,-8.530889052463,
    5.514634404633));
#6819 = CARTESIAN_POINT('',(3.357075019953,-8.37677407948,5.525762018082
    ));
#6820 = CARTESIAN_POINT('',(3.748911686723,-8.202082576716,
    5.536709645294));
#6821 = CARTESIAN_POINT('',(4.131108974585,-8.00734138486,5.547691992908
    ));
#6822 = CARTESIAN_POINT('',(4.687723751546,-7.685770167662,
    5.564189417856));
#6823 = CARTESIAN_POINT('',(4.870397453964,-7.573719045008,
    5.569684574095));
#6824 = CARTESIAN_POINT('',(5.050087164334,-7.456904208559,
    5.575176580035));
#6825 = CARTESIAN_POINT('',(5.226673349932,-7.335421394417,
    5.580666308816));
#6826 = CARTESIAN_POINT('',(5.400036222941,-7.209365193834,5.5861546607)
  );
#6827 = CARTESIAN_POINT('',(5.570055582582,-7.078829175444,
    5.591642552173));
#6828 = CARTESIAN_POINT('',(5.736610657269,-6.943906007431,5.59713090505
    ));
#6829 = CARTESIAN_POINT('',(5.899579946737,-6.804687579757,
    5.602620635569));
#6830 = CARTESIAN_POINT('',(6.058841064197,-6.661265126344,
    5.608112643496));
#6831 = CARTESIAN_POINT('',(6.21427057847,-6.513729347284,5.613607801224
    ));
#6832 = CARTESIAN_POINT('',(6.517217133799,-6.210611714788,
    5.624606084523));
#6833 = CARTESIAN_POINT('',(6.664665416181,-6.055099208325,
    5.630101240761));
#6834 = CARTESIAN_POINT('',(6.80799844372,-5.895757621655,5.635593246702
    ));
#6835 = CARTESIAN_POINT('',(6.947125535006,-5.732710366087,
    5.641082975483));
#6836 = CARTESIAN_POINT('',(7.081955465895,-5.566079813135,
    5.646571327366));
#6837 = CARTESIAN_POINT('',(7.212396348718,-5.395987453396,
    5.652059218841));
#6838 = CARTESIAN_POINT('',(7.338355511342,-5.222554055463,
    5.657547571716));
#6839 = CARTESIAN_POINT('',(7.459739376425,-5.045899824795,
    5.663037302236));
#6840 = CARTESIAN_POINT('',(7.576453340463,-4.866144562631,
    5.668529310163));
#6841 = CARTESIAN_POINT('',(7.688401653013,-4.683407824871,
    5.674024467891));
#6842 = CARTESIAN_POINT('',(8.009658581384,-4.126611593171,
    5.690521892839));
#6843 = CARTESIAN_POINT('',(8.204185318084,-3.744305201167,
    5.701504234493));
#6844 = CARTESIAN_POINT('',(8.378660225667,-3.352371578768,
    5.712451862495));
#6845 = CARTESIAN_POINT('',(8.532535249065,-2.949283260763,
    5.723579455807));
#6846 = CARTESIAN_POINT('',(8.66498524658,-2.545826230359,5.734126335469
    ));
#6847 = CARTESIAN_POINT('',(8.778173547477,-2.12280539716,5.745754237073
    ));
#6848 = CARTESIAN_POINT('',(8.865004708813,-1.707139539928,
    5.756301071301));
#6849 = CARTESIAN_POINT('',(8.933036664568,-1.28107479005,5.767428684748
    ));
#6850 = CARTESIAN_POINT('',(8.977667718735,-0.854388531112,
    5.778376311961));
#6851 = CARTESIAN_POINT('',(9.000115543356,-0.426025374637,
    5.789358659575));
#6852 = CARTESIAN_POINT('',(8.999873603705,0.431078819454,5.811355226172
    ));
#6853 = CARTESIAN_POINT('',(8.9771855034,0.859429235308,5.822337567827)
  );
#6854 = CARTESIAN_POINT('',(8.932318394491,1.286091162696,5.833285195828
    ));
#6855 = CARTESIAN_POINT('',(8.864033914756,1.712113397753,5.844412789141
    ));
#6856 = CARTESIAN_POINT('',(8.777010462136,2.127742434181,5.854959668801
    ));
#6857 = CARTESIAN_POINT('',(8.663523989522,2.550683372503,5.866587570407
    ));
#6858 = CARTESIAN_POINT('',(8.530889052466,2.954076145027,5.877134404634
    ));
#6859 = CARTESIAN_POINT('',(8.376774079478,3.35707501995,5.888262018082)
  );
#6860 = CARTESIAN_POINT('',(8.202082576716,3.748911686724,5.899209645294
    ));
#6861 = CARTESIAN_POINT('',(8.00734138486,4.131108974585,5.910191992908)
  );
#6862 = CARTESIAN_POINT('',(7.685770167662,4.687723751546,5.926689417856
    ));
#6863 = CARTESIAN_POINT('',(7.573719045008,4.870397453964,5.932184574094
    ));
#6864 = CARTESIAN_POINT('',(7.456904208558,5.050087164336,5.937676580035
    ));
#6865 = CARTESIAN_POINT('',(7.33542139442,5.226673349928,5.943166308816)
  );
#6866 = CARTESIAN_POINT('',(7.209365193831,5.400036222946,5.9486546607)
  );
#6867 = CARTESIAN_POINT('',(7.078829175447,5.570055582577,5.954142552173
    ));
#6868 = CARTESIAN_POINT('',(6.943906007428,5.736610657272,5.95963090505)
  );
#6869 = CARTESIAN_POINT('',(6.804687579758,5.899579946735,5.965120635569
    ));
#6870 = CARTESIAN_POINT('',(6.661265126343,6.058841064197,5.970612643496
    ));
#6871 = CARTESIAN_POINT('',(6.513729347285,6.21427057847,5.976107801224)
  );
#6872 = CARTESIAN_POINT('',(6.059052898539,6.668690411464,5.992605226172
    ));
#6873 = CARTESIAN_POINT('',(5.740120505187,6.95553698566,6.003587567827)
  );
#6874 = CARTESIAN_POINT('',(5.406699126095,7.225506690828,6.014535195828
    ));
#6875 = CARTESIAN_POINT('',(5.057171496078,7.478465483504,6.025662789141
    ));
#6876 = CARTESIAN_POINT('',(4.701742512497,7.710824720148,6.036209668801
    ));
#6877 = CARTESIAN_POINT('',(4.322431052603,7.929642071322,6.047837570408
    ));
#6878 = CARTESIAN_POINT('',(3.943402224262,8.121096772837,6.058384404633
    ));
#6879 = CARTESIAN_POINT('',(3.549463244506,8.297084267626,6.069512018082
    ));
#6880 = CARTESIAN_POINT('',(3.148867334097,8.4506290856,6.080459645294)
  );
#6881 = CARTESIAN_POINT('',(2.74091022276,8.58318056226,6.091441992908)
  );
#6882 = CARTESIAN_POINT('',(1.912948527277,8.804781755571,6.113438559506
    ));
#6883 = CARTESIAN_POINT('',(1.493321685445,8.893731979138,6.12442090116)
  );
#6884 = CARTESIAN_POINT('',(1.069585448405,8.960821912518,6.135368529161
    ));
#6885 = CARTESIAN_POINT('',(0.640406245145,9.005126838081,6.146496122474
    ));
#6886 = CARTESIAN_POINT('',(0.216416097801,9.028641348023,6.157043002135
    ));
#6887 = CARTESIAN_POINT('',(-0.221485937999,9.028487002987,6.16867090374
    ));
#6888 = CARTESIAN_POINT('',(-0.64546188287,9.004777223998,6.179217737967
    ));
#6889 = CARTESIAN_POINT('',(-1.074616794271,8.960217375359,
    6.190345351415));
#6890 = CARTESIAN_POINT('',(-1.498315438325,8.892893133137,
    6.201292978628));
#6891 = CARTESIAN_POINT('',(-1.917892398727,8.803707523566,
    6.212275326241));
#6892 = CARTESIAN_POINT('',(-2.745728857031,8.58163893874,6.234271892839
    ));
#6893 = CARTESIAN_POINT('',(-3.153611473951,8.448858671106,
    6.245254234493));
#6894 = CARTESIAN_POINT('',(-3.554122786423,8.29509213923,6.256201862495
    ));
#6895 = CARTESIAN_POINT('',(-3.947955342002,8.118871728653,
    6.267329455808));
#6896 = CARTESIAN_POINT('',(-4.326898835527,7.927240817946,
    6.277876335468));
#6897 = CARTESIAN_POINT('',(-4.706055950384,7.708156133326,
    6.289504237075));
#6898 = CARTESIAN_POINT('',(-5.061374999736,7.475634889967,6.3000510713)
  );
#6899 = CARTESIAN_POINT('',(-5.410754130853,7.222467473356,
    6.311178684749));
#6900 = CARTESIAN_POINT('',(-5.74402579904,6.952313647274,6.322126311961
    ));
#6901 = CARTESIAN_POINT('',(-6.062797300806,6.665288163533,
    6.333108659575));
#6902 = CARTESIAN_POINT('',(-6.668690411463,6.059052898539,
    6.355105226172));
#6903 = CARTESIAN_POINT('',(-6.955536985661,5.740120505187,
    6.366087567827));
#6904 = CARTESIAN_POINT('',(-7.225506690826,5.406699126095,
    6.377035195828));
#6905 = CARTESIAN_POINT('',(-7.478465483507,5.057171496081,
    6.388162789141));
#6906 = CARTESIAN_POINT('',(-7.710824720146,4.701742512493,
    6.398709668801));
#6907 = CARTESIAN_POINT('',(-7.929642071324,4.322431052607,
    6.410337570407));
#6908 = CARTESIAN_POINT('',(-8.121096772836,3.943402224258,
    6.420884404633));
#6909 = CARTESIAN_POINT('',(-8.297084267627,3.549463244508,
    6.432012018082));
#6910 = CARTESIAN_POINT('',(-8.450629085599,3.148867334096,
    6.442959645294));
#6911 = CARTESIAN_POINT('',(-8.58318056226,2.74091022276,6.453941992908)
  );
#6912 = CARTESIAN_POINT('',(-8.749381457243,2.119938951148,
    6.470439417856));
#6913 = CARTESIAN_POINT('',(-8.799319162298,1.911537028755,
    6.475934574095));
#6914 = CARTESIAN_POINT('',(-8.843778412017,1.701876653047,
    6.481426580035));
#6915 = CARTESIAN_POINT('',(-8.882742379634,1.49111004207,6.486916308817
    ));
#6916 = CARTESIAN_POINT('',(-8.916193248509,1.279388784716,
    6.492404660698));
#6917 = CARTESIAN_POINT('',(-8.944112186843,1.066864038787,
    6.497892552175));
#6918 = CARTESIAN_POINT('',(-8.96647932256,0.853686728995,6.503380905049
    ));
#6919 = CARTESIAN_POINT('',(-8.98327371799,0.640007745012,6.508870635569
    ));
#6920 = CARTESIAN_POINT('',(-8.994473344745,0.425978139494,
    6.514362643496));
#6921 = CARTESIAN_POINT('',(-9.000055058443,0.211749326114,
    6.519857801224));
#6922 = CARTESIAN_POINT('',(-8.999873603704,-0.431078819454,
    6.536355226172));
#6923 = CARTESIAN_POINT('',(-8.9771855034,-0.859429235309,6.547337567827
    ));
#6924 = CARTESIAN_POINT('',(-8.932318394489,-1.286091162696,
    6.558285195828));
#6925 = CARTESIAN_POINT('',(-8.86403391476,-1.712113397755,
    6.569412789141));
#6926 = CARTESIAN_POINT('',(-8.777010462131,-2.127742434178,
    6.579959668801));
#6927 = CARTESIAN_POINT('',(-8.663523989527,-2.550683372508,
    6.591587570408));
#6928 = CARTESIAN_POINT('',(-8.530889052462,-2.954076145022,
    6.602134404633));
#6929 = CARTESIAN_POINT('',(-8.37677407948,-3.357075019954,
    6.613262018082));
#6930 = CARTESIAN_POINT('',(-8.202082576716,-3.748911686722,
    6.624209645294));
#6931 = CARTESIAN_POINT('',(-8.00734138486,-4.131108974585,
    6.635191992908));
#6932 = CARTESIAN_POINT('',(-7.685770167662,-4.687723751546,
    6.651689417856));
#6933 = CARTESIAN_POINT('',(-7.573719045007,-4.870397453964,
    6.657184574094));
#6934 = CARTESIAN_POINT('',(-7.456904208562,-5.050087164336,
    6.662676580035));
#6935 = CARTESIAN_POINT('',(-7.335421394413,-5.226673349929,
    6.668166308816));
#6936 = CARTESIAN_POINT('',(-7.209365193839,-5.400036222944,6.6736546607
    ));
#6937 = CARTESIAN_POINT('',(-7.078829175439,-5.570055582579,
    6.679142552173));
#6938 = CARTESIAN_POINT('',(-6.943906007434,-5.736610657271,
    6.68463090505));
#6939 = CARTESIAN_POINT('',(-6.804687579755,-5.899579946735,
    6.690120635569));
#6940 = CARTESIAN_POINT('',(-6.661265126345,-6.058841064197,
    6.695612643496));
#6941 = CARTESIAN_POINT('',(-6.513729347284,-6.21427057847,
    6.701107801224));
#6942 = CARTESIAN_POINT('',(-6.210611714788,-6.517217133799,
    6.712106084523));
#6943 = CARTESIAN_POINT('',(-6.055099208324,-6.664665416179,
    6.717601240761));
#6944 = CARTESIAN_POINT('',(-5.895757621658,-6.807998443725,
    6.723093246703));
#6945 = CARTESIAN_POINT('',(-5.732710366082,-6.947125534998,
    6.728582975482));
#6946 = CARTESIAN_POINT('',(-5.566079813142,-7.081955465906,
    6.734071327368));
#6947 = CARTESIAN_POINT('',(-5.395987453389,-7.212396348707,
    6.739559218838));
#6948 = CARTESIAN_POINT('',(-5.222554055468,-7.338355511351,
    6.745047571718));
#6949 = CARTESIAN_POINT('',(-5.045899824792,-7.459739376421,
    6.750537302235));
#6950 = CARTESIAN_POINT('',(-4.866144562632,-7.576453340464,
    6.756029310163));
#6951 = CARTESIAN_POINT('',(-4.68340782487,-7.688401653013,
    6.761524467891));
#6952 = CARTESIAN_POINT('',(-4.126611593171,-8.009658581384,
    6.778021892839));
#6953 = CARTESIAN_POINT('',(-3.744305201167,-8.204185318084,
    6.789004234493));
#6954 = CARTESIAN_POINT('',(-3.352371578769,-8.378660225667,
    6.799951862495));
#6955 = CARTESIAN_POINT('',(-2.949283260761,-8.532535249065,
    6.811079455807));
#6956 = CARTESIAN_POINT('',(-2.545826230362,-8.664985246579,
    6.821626335468));
#6957 = CARTESIAN_POINT('',(-2.122805397157,-8.778173547477,
    6.833254237074));
#6958 = CARTESIAN_POINT('',(-1.707139539931,-8.865004708813,6.8438010713
    ));
#6959 = CARTESIAN_POINT('',(-1.281074790049,-8.933036664568,
    6.854928684749));
#6960 = CARTESIAN_POINT('',(-0.854388531112,-8.977667718735,
    6.865876311961));
#6961 = CARTESIAN_POINT('',(-0.426025374637,-9.000115543356,
    6.876858659575));
#6962 = CARTESIAN_POINT('',(0.216802770931,-8.999934088617,
    6.893356084523));
#6963 = CARTESIAN_POINT('',(0.431028399157,-8.994231821084,
    6.898851240761));
#6964 = CARTESIAN_POINT('',(0.645051671358,-8.982912060369,
    6.904343246703));
#6965 = CARTESIAN_POINT('',(0.858721201116,-8.965997949991,
    6.909832975482));
#6966 = CARTESIAN_POINT('',(1.071885953505,-8.943511514495,
    6.915321327368));
#6967 = CARTESIAN_POINT('',(1.284395047285,-8.915473686272,
    6.920809218838));
#6968 = CARTESIAN_POINT('',(1.4960975571,-8.881904332563,6.926297571718)
  );
#6969 = CARTESIAN_POINT('',(1.706842315652,-8.842822282253,
    6.931787302235));
#6970 = CARTESIAN_POINT('',(1.916477715915,-8.798245352856,
    6.937279310163));
#6971 = CARTESIAN_POINT('',(2.124851513303,-8.74819037736,6.942774467891
    ));
#6972 = CARTESIAN_POINT('',(2.745728857032,-8.58163893874,6.959271892839
    ));
#6973 = CARTESIAN_POINT('',(3.15361147395,-8.448858671106,6.970254234493
    ));
#6974 = CARTESIAN_POINT('',(3.554122786424,-8.295092139231,
    6.981201862495));
#6975 = CARTESIAN_POINT('',(3.947955342001,-8.118871728651,
    6.992329455807));
#6976 = CARTESIAN_POINT('',(4.326898835529,-7.927240817949,
    7.002876335468));
#6977 = CARTESIAN_POINT('',(4.706055950382,-7.708156133323,
    7.014504237074));
#6978 = CARTESIAN_POINT('',(5.061374999737,-7.475634889969,7.0250510713)
  );
#6979 = CARTESIAN_POINT('',(5.410754130853,-7.222467473354,
    7.036178684749));
#6980 = CARTESIAN_POINT('',(5.74402579904,-6.952313647275,7.047126311961
    ));
#6981 = CARTESIAN_POINT('',(6.062797300806,-6.665288163533,
    7.058108659575));
#6982 = CARTESIAN_POINT('',(6.517217133799,-6.210611714788,
    7.074606084523));
#6983 = CARTESIAN_POINT('',(6.66466541618,-6.055099208325,7.080101240761
    ));
#6984 = CARTESIAN_POINT('',(6.807998443723,-5.895757621656,
    7.085593246702));
#6985 = CARTESIAN_POINT('',(6.947125535,-5.732710366086,7.091082975483)
  );
#6986 = CARTESIAN_POINT('',(7.081955465903,-5.566079813137,
    7.096571327366));
#6987 = CARTESIAN_POINT('',(7.212396348709,-5.395987453394,7.10205921884
    ));
#6988 = CARTESIAN_POINT('',(7.338355511349,-5.222554055465,
    7.107547571716));
#6989 = CARTESIAN_POINT('',(7.459739376422,-5.045899824794,
    7.113037302236));
#6990 = CARTESIAN_POINT('',(7.576453340464,-4.866144562632,
    7.118529310163));
#6991 = CARTESIAN_POINT('',(7.688401653013,-4.683407824871,
    7.124024467891));
#6992 = CARTESIAN_POINT('',(8.009658581384,-4.126611593171,
    7.140521892839));
#6993 = CARTESIAN_POINT('',(8.204185318085,-3.744305201167,
    7.151504234494));
#6994 = CARTESIAN_POINT('',(8.378660225665,-3.352371578769,
    7.162451862494));
#6995 = CARTESIAN_POINT('',(8.532535249068,-2.949283260762,
    7.173579455809));
#6996 = CARTESIAN_POINT('',(8.664985246575,-2.545826230361,
    7.184126335466));
#6997 = CARTESIAN_POINT('',(8.778173547481,-2.122805397158,
    7.195754237076));
#6998 = CARTESIAN_POINT('',(8.86500470881,-1.707139539929,7.206301071298
    ));
#6999 = CARTESIAN_POINT('',(8.93303666457,-1.28107479005,7.21742868475)
  );
#7000 = CARTESIAN_POINT('',(8.977667718735,-0.854388531112,
    7.228376311961));
#7001 = CARTESIAN_POINT('',(9.000115543356,-0.426025374637,
    7.239358659575));
#7002 = CARTESIAN_POINT('',(8.999873603704,0.431078819454,7.261355226172
    ));
#7003 = CARTESIAN_POINT('',(8.9771855034,0.859429235309,7.272337567827)
  );
#7004 = CARTESIAN_POINT('',(8.932318394489,1.286091162695,7.283285195828
    ));
#7005 = CARTESIAN_POINT('',(8.86403391476,1.712113397756,7.294412789141)
  );
#7006 = CARTESIAN_POINT('',(8.777010462133,2.127742434177,7.304959668801
    ));
#7007 = CARTESIAN_POINT('',(8.663523989526,2.550683372508,7.316587570407
    ));
#7008 = CARTESIAN_POINT('',(8.530889052464,2.954076145024,7.327134404634
    ));
#7009 = CARTESIAN_POINT('',(8.376774079479,3.357075019952,7.338262018082
    ));
#7010 = CARTESIAN_POINT('',(8.202082576716,3.748911686723,7.349209645295
    ));
#7011 = CARTESIAN_POINT('',(8.00734138486,4.131108974585,7.360191992908)
  );
#7012 = CARTESIAN_POINT('',(7.685770167662,4.687723751546,7.376689417856
    ));
#7013 = CARTESIAN_POINT('',(7.573719045007,4.870397453964,7.382184574094
    ));
#7014 = CARTESIAN_POINT('',(7.456904208562,5.050087164336,7.387676580035
    ));
#7015 = CARTESIAN_POINT('',(7.335421394414,5.226673349928,7.393166308816
    ));
#7016 = CARTESIAN_POINT('',(7.209365193839,5.400036222946,7.398654660699
    ));
#7017 = CARTESIAN_POINT('',(7.07882917544,5.570055582577,7.404142552174)
  );
#7018 = CARTESIAN_POINT('',(6.943906007433,5.736610657272,7.409630905049
    ));
#7019 = CARTESIAN_POINT('',(6.804687579755,5.899579946734,7.415120635569
    ));
#7020 = CARTESIAN_POINT('',(6.661265126344,6.058841064198,7.420612643496
    ));
#7021 = CARTESIAN_POINT('',(6.513729347284,6.21427057847,7.426107801224)
  );
#7022 = CARTESIAN_POINT('',(6.210611714788,6.517217133799,7.437106084523
    ));
#7023 = CARTESIAN_POINT('',(6.055099208325,6.66466541618,7.442601240761)
  );
#7024 = CARTESIAN_POINT('',(5.895757621655,6.807998443723,7.448093246702
    ));
#7025 = CARTESIAN_POINT('',(5.732710366088,6.947125535001,7.453582975482
    ));
#7026 = CARTESIAN_POINT('',(5.566079813135,7.081955465902,7.459071327367
    ));
#7027 = CARTESIAN_POINT('',(5.395987453397,7.21239634871,7.464559218839)
  );
#7028 = CARTESIAN_POINT('',(5.222554055462,7.338355511349,7.470047571717
    ));
#7029 = CARTESIAN_POINT('',(5.045899824795,7.459739376421,7.475537302235
    ));
#7030 = CARTESIAN_POINT('',(4.866144562631,7.576453340464,7.481029310163
    ));
#7031 = CARTESIAN_POINT('',(4.683407824871,7.688401653013,7.486524467891
    ));
#7032 = CARTESIAN_POINT('',(4.126611593171,8.009658581384,7.503021892839
    ));
#7033 = CARTESIAN_POINT('',(3.744305201167,8.204185318083,7.514004234493
    ));
#7034 = CARTESIAN_POINT('',(3.352371578768,8.378660225668,7.524951862495
    ));
#7035 = CARTESIAN_POINT('',(2.949283260762,8.532535249062,7.536079455808
    ));
#7036 = CARTESIAN_POINT('',(2.54582623036,8.664985246584,7.546626335468)
  );
#7037 = CARTESIAN_POINT('',(2.122805397159,8.778173547473,7.558254237074
    ));
#7038 = CARTESIAN_POINT('',(1.707139539929,8.865004708817,7.5688010713)
  );
#7039 = CARTESIAN_POINT('',(1.28107479005,8.933036664565,7.579928684749)
  );
#7040 = CARTESIAN_POINT('',(0.854388531112,8.977667718736,7.590876311961
    ));
#7041 = CARTESIAN_POINT('',(0.426025374637,9.000115543356,7.601858659575
    ));
#7042 = CARTESIAN_POINT('',(-0.216802770931,8.999934088617,
    7.618356084523));
#7043 = CARTESIAN_POINT('',(-0.431028399157,8.994231821085,
    7.623851240761));
#7044 = CARTESIAN_POINT('',(-0.645051671358,8.982912060367,
    7.629343246702));
#7045 = CARTESIAN_POINT('',(-0.858721201117,8.965997949995,
    7.634832975484));
#7046 = CARTESIAN_POINT('',(-1.071885953504,8.943511514489,
    7.640321327365));
#7047 = CARTESIAN_POINT('',(-1.284395047287,8.915473686278,
    7.645809218841));
#7048 = CARTESIAN_POINT('',(-1.496097557099,8.881904332558,
    7.651297571715));
#7049 = CARTESIAN_POINT('',(-1.706842315653,8.842822282256,
    7.656787302236));
#7050 = CARTESIAN_POINT('',(-1.916477715915,8.798245352855,
    7.662279310162));
#7051 = CARTESIAN_POINT('',(-2.124851513304,8.74819037736,7.667774467891
    ));
#7052 = CARTESIAN_POINT('',(-2.745728857032,8.58163893874,7.684271892839
    ));
#7053 = CARTESIAN_POINT('',(-3.15361147395,8.448858671106,7.695254234494
    ));
#7054 = CARTESIAN_POINT('',(-3.554122786423,8.295092139229,
    7.706201862496));
#7055 = CARTESIAN_POINT('',(-3.947955341995,8.118871728657,
    7.717329455805));
#7056 = CARTESIAN_POINT('',(-4.326898835538,7.927240817937,
    7.727876335471));
#7057 = CARTESIAN_POINT('',(-4.706055950364,7.708156133335,
    7.739504237074));
#7058 = CARTESIAN_POINT('',(-5.061374999746,7.475634889966,
    7.750051071299));
#7059 = CARTESIAN_POINT('',(-5.410754130853,7.22246747336,7.761178684748
    ));
#7060 = CARTESIAN_POINT('',(-5.744025799046,6.952313647277,
    7.772126311961));
#7061 = CARTESIAN_POINT('',(-6.062797300812,6.665288163533,
    7.783108659573));
#7062 = CARTESIAN_POINT('',(-6.668690411466,6.05905289853,7.805105226172
    ));
#7063 = CARTESIAN_POINT('',(-6.955536985655,5.740120505174,
    7.816087567829));
#7064 = CARTESIAN_POINT('',(-7.225506690815,5.406699126066,7.82703519583
    ));
#7065 = CARTESIAN_POINT('',(-7.478465483459,5.05717149615,7.838162789134
    ));
#7066 = CARTESIAN_POINT('',(-7.71082472019,4.701742512327,7.848709668818
    ));
#7067 = CARTESIAN_POINT('',(-7.929642071181,4.322431052804,
    7.860337570406));
#7068 = CARTESIAN_POINT('',(-8.121096772914,3.943402224261,
    7.870884404621));
#7069 = CARTESIAN_POINT('',(-8.29708426767,3.549463244579,7.882012018087
    ));
#7070 = CARTESIAN_POINT('',(-8.450629085681,3.148867334134,
    7.892959645288));
#7071 = CARTESIAN_POINT('',(-8.583180562336,2.740910222747,
    7.903941992912));
#7072 = CARTESIAN_POINT('',(-8.804781755544,1.912948527101,
    7.925938559509));
#7073 = CARTESIAN_POINT('',(-8.893731978996,1.49332168523,7.936920901185
    ));
#7074 = CARTESIAN_POINT('',(-8.960821912173,1.069585447979,7.94786852906
    ));
#7075 = CARTESIAN_POINT('',(-9.00512683803,0.640406246192,7.958996122666
    ));
#7076 = CARTESIAN_POINT('',(-9.028641347353,0.216416095341,
    7.969543001934));
#7077 = CARTESIAN_POINT('',(-9.028487002707,-0.221485934873,
    7.981170903618));
#7078 = CARTESIAN_POINT('',(-9.004777224887,-0.645461883006,
    7.991717737886));
#7079 = CARTESIAN_POINT('',(-8.960217376352,-1.074616793268,
    8.002845351672));
#7080 = CARTESIAN_POINT('',(-8.892893134328,-1.498315437868,
    8.013792978531));
#7081 = CARTESIAN_POINT('',(-8.803707524366,-1.917892398889,
    8.024775326576));
#7082 = CARTESIAN_POINT('',(-8.581638937342,-2.745728859062,
    8.046771892979));
#7083 = CARTESIAN_POINT('',(-8.44885866814,-3.153611476387,
    8.057754234579));
#7084 = CARTESIAN_POINT('',(-8.295092132925,-3.554122790536,
    8.068701859648));
#7085 = CARTESIAN_POINT('',(-8.118871732933,-3.947955333695,
    8.079829461592));
#7086 = CARTESIAN_POINT('',(-7.927240798234,-4.326898856215,
    8.090376327843));
#7087 = CARTESIAN_POINT('',(-7.708156145663,-4.706055924086,
    8.102004233698));
#7088 = CARTESIAN_POINT('',(-7.475634899288,-5.061375000793,
    8.112551072509));
#7089 = CARTESIAN_POINT('',(-7.22246748974,-5.410754121683,
    8.123678689225));
#7090 = CARTESIAN_POINT('',(-6.952313663532,-5.74402579378,
    8.134626311494));
#7091 = CARTESIAN_POINT('',(-6.665288173172,-6.062797299768,
    8.145608666521));
#7092 = CARTESIAN_POINT('',(-6.059052876952,-6.66869042434,8.16760522979
    ));
#7093 = CARTESIAN_POINT('',(-5.740120463555,-6.95553700369,
    8.178587560098));
#7094 = CARTESIAN_POINT('',(-5.406699050158,-7.225506717487,
    8.189535161336));
#7095 = CARTESIAN_POINT('',(-5.057171513821,-7.478465471631,
    8.20066286184));
#7096 = CARTESIAN_POINT('',(-4.701742331191,-7.710824788271,
    8.21120957153));
#7097 = CARTESIAN_POINT('',(-4.322431127221,-7.929642021492,
    8.222837450536));
#7098 = CARTESIAN_POINT('',(-3.943402345251,-8.121096744035,
    8.233384516809));
#7099 = CARTESIAN_POINT('',(-3.549463430684,-8.297084204808,
    8.244512015664));
#7100 = CARTESIAN_POINT('',(-3.148867546074,-8.450629015606,
    8.255459698373));
#7101 = CARTESIAN_POINT('',(-2.740910385598,-8.583180507083,
    8.266442067466));
#7102 = CARTESIAN_POINT('',(-2.326929392376,-8.693981154284,
    8.277440371428));
#7103 = CARTESIAN_POINT('',(-1.912948396426,-8.804781802269,
    8.288438572105));
#7104 = CARTESIAN_POINT('',(-1.49332129857,-8.893732115619,8.29942082983
    ));
#7105 = CARTESIAN_POINT('',(-1.069584835133,-8.960822213097,
    8.31036795553));
#7106 = CARTESIAN_POINT('',(-0.64040496282,-9.005126892796,
    8.321497288555));
#7107 = CARTESIAN_POINT('',(-0.216416853514,-9.028641885584,
    8.332041330891));
#7108 = CARTESIAN_POINT('',(0.221489365036,-9.02848734547,8.343669677415
    ));
#7109 = CARTESIAN_POINT('',(0.645459763321,-9.004776406835,
    8.354219141711));
#7110 = CARTESIAN_POINT('',(1.074615251251,-8.960216451428,
    8.365345373208));
#7111 = CARTESIAN_POINT('',(1.498312644897,-8.892892002046,
    8.376293645317));
#7112 = CARTESIAN_POINT('',(1.917889429035,-8.803706819046,
    8.387276209307));
#7113 = CARTESIAN_POINT('',(2.331808641158,-8.692673771813,
    8.398274668918));
#7114 = CARTESIAN_POINT('',(2.538768263259,-8.637157244198,
    8.403773297174));
#7115 = CARTESIAN_POINT('',(2.744219641598,-8.576204325522,8.40926795851
    ));
#7116 = CARTESIAN_POINT('',(2.948022127361,-8.509877697917,
    8.414759491774));
#7117 = CARTESIAN_POINT('',(3.150035300904,-8.438238790294,
    8.420248773662));
#7118 = CARTESIAN_POINT('',(3.35011878737,-8.361347855979,8.425736707771
    ));
#7119 = CARTESIAN_POINT('',(3.548132072308,-8.27926405056,8.431224213702
    ));
#7120 = CARTESIAN_POINT('',(3.743934317283,-8.192045509424,
    8.436712216087));
#7121 = CARTESIAN_POINT('',(3.937384175503,-8.099749425661,
    8.442201633706));
#7122 = CARTESIAN_POINT('',(4.128339607428,-8.002432127612,
    8.447693368517));
#7123 = CARTESIAN_POINT('',(4.31665769639,-7.900149156702,8.453188294754
    ));
#7124 = CARTESIAN_POINT('',(4.502194464209,-7.792955345084,
    8.458687247984));
#7125 = CARTESIAN_POINT('',(4.687731189119,-7.685761557264,
    8.464187986879));
#7126 = CARTESIAN_POINT('',(4.870400551671,-7.573707099428,
    8.469684634398));
#7127 = CARTESIAN_POINT('',(5.050083855751,-7.456889412131,
    8.475178013518));
#7128 = CARTESIAN_POINT('',(5.226662331487,-7.335404673448,
    8.480668986275));
#7129 = CARTESIAN_POINT('',(5.400016977279,-7.209347918919,
    8.486158442951));
#7130 = CARTESIAN_POINT('',(5.570028401864,-7.078813161534,
    8.491647291256));
#7131 = CARTESIAN_POINT('',(5.736576666323,-6.943893511666,
    8.497136445514));
#7132 = CARTESIAN_POINT('',(5.899541126162,-6.804681297065,
    8.502626815846));
#7133 = CARTESIAN_POINT('',(6.058800273317,-6.661268182788,
    8.508119297356));
#7134 = CARTESIAN_POINT('',(6.214231578223,-6.513745291187,
    8.513614759314));
#7135 = CARTESIAN_POINT('',(6.365711331837,-6.362203321852,
    8.519114034337));
#7136 = CARTESIAN_POINT('',(6.517191174655,-6.21066126646,8.524608798402
    ));
#7137 = CARTESIAN_POINT('',(6.664656805897,-6.055163311007,
    8.530100090057));
#7138 = CARTESIAN_POINT('',(6.808014853497,-5.895832418339,
    8.535588779459));
#7139 = CARTESIAN_POINT('',(6.947171439598,-5.732790380667,
    8.541075769686));
#7140 = CARTESIAN_POINT('',(7.082032063926,-5.566157985732,
    8.546561985695));
#7141 = CARTESIAN_POINT('',(7.21250148711,-5.396055182931,8.55204836321)
  );
#7142 = CARTESIAN_POINT('',(7.338483614091,-5.222601249517,
    8.557535837721));
#7143 = CARTESIAN_POINT('',(7.459881377413,-5.045914956693,
    8.563025333346));
#7144 = CARTESIAN_POINT('',(7.576596620641,-4.866114735826,
    8.568517751831));
#7145 = CARTESIAN_POINT('',(7.68852998167,-4.68331884455,8.574013961434)
  );
#7146 = CARTESIAN_POINT('',(7.79558077611,-4.497645532954,8.57951478589)
  );
#7147 = CARTESIAN_POINT('',(8.009682152572,-4.126299263974,
    8.590531464922));
#7148 = CARTESIAN_POINT('',(8.203989136482,-3.743905748016,
    8.601523581422));
#7149 = CARTESIAN_POINT('',(8.378178167782,-3.351742341387,
    8.612499631759));
#7150 = CARTESIAN_POINT('',(8.531874464772,-2.950590614764,
    8.623467290704));
#7151 = CARTESIAN_POINT('',(8.664674046578,-2.542197246334,
    8.634403310711));
#7152 = CARTESIAN_POINT('',(8.776343328803,-2.127711272892,
    8.645347675396));
#7153 = CARTESIAN_POINT('',(8.866579591798,-1.707647094107,
    8.656358173682));
#7154 = CARTESIAN_POINT('',(8.934721515281,-1.282992664861,
    8.667417286655));
#7155 = CARTESIAN_POINT('',(8.979961048785,-0.855364842725,
    8.678468223681));
#7156 = CARTESIAN_POINT('',(9.001926141889,-0.425608881108,8.6895711075)
  );
#7157 = CARTESIAN_POINT('',(8.999978294219,5.053425815286E-03,
    8.700713690247));
#7158 = DEFINITIONAL_REPRESENTATION('',(#7159),#7162);
#7159 = B_SPLINE_CURVE_WITH_KNOTS('',1,(#7160,#7161),.UNSPECIFIED.,.F.,
  .F.,(2,2),(0.,315.88879176663),.PIECEWISE_BEZIER_KNOTS.);
#7160 = CARTESIAN_POINT('',(6.28318530718,0.));
#7161 = CARTESIAN_POINT('',(6.28318530718,315.88879176663));
#7162 = ( GEOMETRIC_REPRESENTATION_CONTEXT(2) 
PARAMETRIC_REPRESENTATION_CONTEXT() REPRESENTATION_CONTEXT('2D SPACE',''
  ) );
#7163 = PCURVE('',#920,#7164);
#7164 = DEFINITIONAL_REPRESENTATION('',(#7165),#7169);
#7165 = LINE('',#7166,#7167);
#7166 = CARTESIAN_POINT('',(0.,0.));
#7167 = VECTOR('',#7168,1.);
#7168 = DIRECTION('',(0.,1.));
#7169 = ( GEOMETRIC_REPRESENTATION_CONTEXT(2) 
PARAMETRIC_REPRESENTATION_CONTEXT() REPRESENTATION_CONTEXT('2D SPACE',''
  ) );
#7170 = ORIENTED_EDGE('',*,*,#7171,.F.);
#7171 = EDGE_CURVE('',#24,#24,#7172,.T.);
#7172 = SURFACE_CURVE('',#7173,(#7181,#7188),.PCURVE_S1.);
#7173 = ( BOUNDED_CURVE() B_SPLINE_CURVE(6,(#7174,#7175,#7176,#7177,
#7178,#7179,#7180),.UNSPECIFIED.,.T.,.F.) B_SPLINE_CURVE_WITH_KNOTS((1,6
    ,6,1),(-6.28318530718,0.,6.28318530718,12.566370614359),
.UNSPECIFIED.) CURVE() GEOMETRIC_REPRESENTATION_ITEM() 
RATIONAL_B_SPLINE_CURVE((1.669078461068,1.03672962321,1.038346699848,
    0.853534330196,1.038346699848,1.03672962321,1.669078461068)) 
REPRESENTATION_ITEM('') );
#7174 = CARTESIAN_POINT('',(8.999978294219,5.053425815286E-03,
    8.700713690247));
#7175 = CARTESIAN_POINT('',(8.99879246713,5.048431983939E-03,
    9.697638830316));
#7176 = CARTESIAN_POINT('',(7.765937883787,-5.334791910143E-03,
    9.839314002649));
#7177 = CARTESIAN_POINT('',(6.750589519125,-1.389245841791E-02,
    8.698037982065));
#7178 = CARTESIAN_POINT('',(7.76865006714,-5.323370189066E-03,
    7.559180755833));
#7179 = CARTESIAN_POINT('',(9.001164121307,5.058419646634E-03,
    7.703788550178));
#7180 = CARTESIAN_POINT('',(8.999978294219,5.053425815286E-03,
    8.700713690247));
#7181 = PCURVE('',#920,#7182);
#7182 = DEFINITIONAL_REPRESENTATION('',(#7183),#7187);
#7183 = LINE('',#7184,#7185);
#7184 = CARTESIAN_POINT('',(0.,315.88879176663));
#7185 = VECTOR('',#7186,1.);
#7186 = DIRECTION('',(1.,0.));
#7187 = ( GEOMETRIC_REPRESENTATION_CONTEXT(2) 
PARAMETRIC_REPRESENTATION_CONTEXT() REPRESENTATION_CONTEXT('2D SPACE',''
  ) );
#7188 = PCURVE('',#7189,#7194);
#7189 = PLANE('',#7190);
#7190 = AXIS2_PLACEMENT_3D('',#7191,#7192,#7193);
#7191 = CARTESIAN_POINT('',(8.400095050502,8.005800526671E-07,
    8.700000113065));
#7192 = DIRECTION('',(8.422376358831E-03,-0.999964531147,
    5.009230496387E-06));
#7193 = DIRECTION('',(-0.999964531159,-8.422376358937E-03,0.));
#7194 = DEFINITIONAL_REPRESENTATION('',(#7195),#7203);
#7195 = ( BOUNDED_CURVE() B_SPLINE_CURVE(6,(#7196,#7197,#7198,#7199,
#7200,#7201,#7202),.UNSPECIFIED.,.T.,.F.) B_SPLINE_CURVE_WITH_KNOTS((1,6
    ,6,1),(-6.28318530718,0.,6.28318530718,12.566370614359),
.UNSPECIFIED.) CURVE() GEOMETRIC_REPRESENTATION_ITEM() 
RATIONAL_B_SPLINE_CURVE((1.669078461068,1.03672962321,1.038346699848,
    0.853534330196,1.038346699848,1.03672962321,1.669078461068)) 
REPRESENTATION_ITEM('') );
#7196 = CARTESIAN_POINT('',(-0.599904521665,-7.135771822249E-04));
#7197 = CARTESIAN_POINT('',(-0.598718694576,-0.997638717264));
#7198 = CARTESIAN_POINT('',(0.634179612264,-1.139313889599));
#7199 = CARTESIAN_POINT('',(1.649564039584,1.962131000431E-03));
#7200 = CARTESIAN_POINT('',(0.631467428911,1.140819357247));
#7201 = CARTESIAN_POINT('',(-0.601090348753,0.996211562899));
#7202 = CARTESIAN_POINT('',(-0.599904521665,-7.135771822249E-04));
#7203 = ( GEOMETRIC_REPRESENTATION_CONTEXT(2) 
PARAMETRIC_REPRESENTATION_CONTEXT() REPRESENTATION_CONTEXT('2D SPACE',''
  ) );
#7204 = ORIENTED_EDGE('',*,*,#21,.F.);
#7205 = ORIENTED_EDGE('',*,*,#7206,.T.);
#7206 = EDGE_CURVE('',#22,#22,#7207,.T.);
#7207 = SURFACE_CURVE('',#7208,(#7216,#7223),.PCURVE_S1.);
#7208 = ( BOUNDED_CURVE() B_SPLINE_CURVE(6,(#7209,#7210,#7211,#7212,
#7213,#7214,#7215),.UNSPECIFIED.,.T.,.F.) B_SPLINE_CURVE_WITH_KNOTS((1,6
    ,6,1),(-6.28318530718,0.,6.28318530718,12.566370614359),
.UNSPECIFIED.) CURVE() GEOMETRIC_REPRESENTATION_ITEM() 
RATIONAL_B_SPLINE_CURVE((1.669078461068,1.03672962321,1.038346699848,
    0.853534330196,1.038346699848,1.03672962321,1.669078461068)) 
REPRESENTATION_ITEM('') );
#7209 = CARTESIAN_POINT('',(9.,1.249000902703E-16,0.));
#7210 = CARTESIAN_POINT('',(9.,3.365363543395E-16,0.996925845343));
#7211 = CARTESIAN_POINT('',(7.767271085671,3.608224830032E-16,
    1.140067429947));
#7212 = CARTESIAN_POINT('',(6.750529847395,1.457167719821E-16,
    2.6645352591E-15));
#7213 = CARTESIAN_POINT('',(7.767271085671,-7.632783294298E-17,
    -1.140067429947));
#7214 = CARTESIAN_POINT('',(9.,7.806255641896E-16,-0.996925845343));
#7215 = CARTESIAN_POINT('',(9.,1.249000902703E-16,0.));
#7216 = PCURVE('',#920,#7217);
#7217 = DEFINITIONAL_REPRESENTATION('',(#7218),#7222);
#7218 = LINE('',#7219,#7220);
#7219 = CARTESIAN_POINT('',(0.,0.));
#7220 = VECTOR('',#7221,1.);
#7221 = DIRECTION('',(1.,0.));
#7222 = ( GEOMETRIC_REPRESENTATION_CONTEXT(2) 
PARAMETRIC_REPRESENTATION_CONTEXT() REPRESENTATION_CONTEXT('2D SPACE',''
  ) );
#7223 = PCURVE('',#7224,#7229);
#7224 = PLANE('',#7225);
#7225 = AXIS2_PLACEMENT_3D('',#7226,#7227,#7228);
#7226 = CARTESIAN_POINT('',(8.400095053941,2.346631506263E-16,
    -5.396919329041E-16));
#7227 = DIRECTION('',(-0.,-1.,-0.));
#7228 = DIRECTION('',(0.,0.,-1.));
#7229 = DEFINITIONAL_REPRESENTATION('',(#7230),#7238);
#7230 = ( BOUNDED_CURVE() B_SPLINE_CURVE(6,(#7231,#7232,#7233,#7234,
#7235,#7236,#7237),.UNSPECIFIED.,.T.,.F.) B_SPLINE_CURVE_WITH_KNOTS((1,6
    ,6,1),(-6.28318530718,0.,6.28318530718,12.566370614359),
.UNSPECIFIED.) CURVE() GEOMETRIC_REPRESENTATION_ITEM() 
RATIONAL_B_SPLINE_CURVE((1.669078461068,1.03672962321,1.038346699848,
    0.853534330196,1.038346699848,1.03672962321,1.669078461068)) 
REPRESENTATION_ITEM('') );
#7231 = CARTESIAN_POINT('',(-5.396919329041E-16,0.599904946059));
#7232 = CARTESIAN_POINT('',(-0.996925845343,0.599904946059));
#7233 = CARTESIAN_POINT('',(-1.140067429947,-0.63282396827));
#7234 = CARTESIAN_POINT('',(-3.204227192004E-15,-1.649565206546));
#7235 = CARTESIAN_POINT('',(1.140067429947,-0.63282396827));
#7236 = CARTESIAN_POINT('',(0.996925845343,0.599904946059));
#7237 = CARTESIAN_POINT('',(-5.396919329041E-16,0.599904946059));
#7238 = ( GEOMETRIC_REPRESENTATION_CONTEXT(2) 
PARAMETRIC_REPRESENTATION_CONTEXT() REPRESENTATION_CONTEXT('2D SPACE',''
  ) );
#7239 = ADVANCED_FACE('',(#7240),#7224,.T.);
#7240 = FACE_BOUND('',#7241,.T.);
#7241 = EDGE_LOOP('',(#7242));
#7242 = ORIENTED_EDGE('',*,*,#7206,.T.);
#7243 = ADVANCED_FACE('',(#7244),#7189,.F.);
#7244 = FACE_BOUND('',#7245,.F.);
#7245 = EDGE_LOOP('',(#7246));
#7246 = ORIENTED_EDGE('',*,*,#7171,.T.);
#7247 = ( GEOMETRIC_REPRESENTATION_CONTEXT(3) 
GLOBAL_UNCERTAINTY_ASSIGNED_CONTEXT((#7251)) 
GLOBAL_UNIT_ASSIGNED_CONTEXT((#7248,#7249,#7250)) REPRESENTATION_CONTEXT
('Context #1','3D Context with UNIT and UNCERTAINTY') );
#7248 = ( LENGTH_UNIT() NAMED_UNIT(*) SI_UNIT(.MILLI.,.METRE.) );
#7249 = ( NAMED_UNIT(*) PLANE_ANGLE_UNIT() SI_UNIT($,.RADIAN.) );
#7250 = ( NAMED_UNIT(*) SI_UNIT($,.STERADIAN.) SOLID_ANGLE_UNIT() );
#7251 = UNCERTAINTY_MEASURE_WITH_UNIT(LENGTH_MEASURE(2.E-05),#7248,
  'distance_accuracy_value','confusion accuracy');
#7252 = PRODUCT_RELATED_PRODUCT_CATEGORY('part',$,(#7));
ENDSEC;
END-ISO-10303-21;
